................................../Users/aditya/robosim/.venv/lib/python3.12/site-packages/newton/_src/solvers/mujoco/solver_mujoco.py:3813: RuntimeWarning: MuJoCo dependency version mismatch with Newton's declared requirements: mujoco==3.14.0 (requires ~=3.12.0); mujoco-warp==3.14.0 (requires ~=3.12.0). Reinstall Newton dependencies, for example `uv pip install -e ".[examples]"`.
  mujoco, _ = self.import_mujoco()
E....................EEEEEEEEEEEEEEEEEE........................EEEEEEEEEEEEEEEEEEEEEEEE................................EEEEEEEE............................................EEEEEEEEEEEEEEEEEEEEEEEE.........................EE..EE.........EE../Users/aditya/robosim/.venv/lib/python3.12/site-packages/newton/tests/test_ik.py:58: UserWarning: Inertia validation corrected 2 bodies. Set validate_inertia_detailed=True for detailed per-body warnings.
  model = builder.finalize(device=device, requires_grad=True)
./Users/aditya/robosim/.venv/lib/python3.12/site-packages/newton/tests/test_ik.py:204: UserWarning: Inertia validation corrected 1 bodies. Set validate_inertia_detailed=True for detailed per-body warnings.
  return builder.finalize(device=device, requires_grad=True)
./Users/aditya/robosim/.venv/lib/python3.12/site-packages/newton/tests/test_ik.py:163: UserWarning: Inertia validation corrected 2 bodies. Set validate_inertia_detailed=True for detailed per-body warnings.
  return builder.finalize(device=device, requires_grad=True), child
../Users/aditya/robosim/.venv/lib/python3.12/site-packages/newton/tests/test_ik.py:100: UserWarning: Inertia validation corrected 2 bodies. Set validate_inertia_detailed=True for detailed per-body warnings.
  model = builder.finalize(device=device, requires_grad=True)
..s....s.......s..........E..E.EEE..E...E..E...E...E.E..E.E/Users/aditya/robosim/.venv/lib/python3.12/site-packages/newton/tests/test_kinematic_links.py:24: UserWarning: Inertia validation corrected 2 bodies. Set validate_inertia_detailed=True for detailed per-body warnings.
  model = builder.finalize()
./Users/aditya/robosim/.venv/lib/python3.12/site-packages/newton/tests/test_kinematic_links.py:60: UserWarning: Inertia validation corrected 1 bodies. Set validate_inertia_detailed=True for detailed per-body warnings.
  model = builder.finalize()
......../Users/aditya/robosim/.venv/lib/python3.12/site-packages/newton/tests/test_kinematic_links.py:77: UserWarning: Inertia validation corrected 1 bodies. Set validate_inertia_detailed=True for detailed per-body warnings.
  model = builder.finalize()
..E....E....E....E...E..Es.Warp 1.18.0.dev20260917 initialized:
   CUDA not enabled in this build
   Devices:
     "cpu"      : "arm"
     "metal:0"  : "Apple M4 Max" (Metal)
   Kernel cache:
     /Users/aditya/Library/Caches/warp/1.18.0.dev20260917
Module validate_and_correct_inertia_kernel_52e71336 56c4819 load on device 'cpu' took 0.86 ms  (cached)
Module newton._src.geometry.bvh df808ba load on device 'cpu' took 0.28 ms  (cached)
Module newton._src.solvers.solver 043a06c load on device 'cpu' took 0.25 ms  (cached)
Module newton._src.sim.articulation 9c790ad load on device 'cpu' took 0.35 ms  (cached)
Module newton._src.sim.collide d7c9eb0 load on device 'cpu' took 0.26 ms  (cached)
Module newton._src.geometry.broad_phase_nxn 551ad5e load on device 'cpu' took 0.25 ms  (cached)
Module narrow_phase_primitive_write_contact_False_False_False 89c00fd load on device 'cpu' took 0.34 ms  (cached)
Module narrow_phase_gjk_mpr_True_False_write_contact_support_map_default 75da93d load on device 'cpu' took 0.53 ms  (cached)
Module newton._src.geometry.narrow_phase 5de13a6 load on device 'cpu' took 0.22 ms  (cached)
Module newton._src.solvers.xpbd.kernels ab5da39 load on device 'cpu' took 0.32 ms  (cached)
Module newton._src.geometry.kernels 000a272 load on device 'cpu' took 2.13 ms  (cached)
Module newton._src.solvers.xpbd.restitution_kernels 773f062 load on device 'cpu' took 0.48 ms  (cached)
Module newton._src.geometry.differentiable_contacts 987a69a load on device 'cpu' took 1.26 ms  (cached)
Module newton.tests.test_solver_xpbd 83f0970 load on device 'cpu' took 1.33 ms  (cached)
Module map_add 56114de load on device 'cpu' took 0.70 ms  (cached)
Module narrow_phase_gjk_mpr_True_False_write_contact_support_map_lean_post_process_minkowski_only 6fac886 load on device 'cpu' took 0.54 ms  (cached)
Module newton._src.solvers.mujoco.kernels 714d981 load on device 'cpu' took 6.17 ms  (error)
Module validate_and_correct_inertia_kernel_52e71336 52e7133 load on device 'metal:0' took 17.61 ms  (cached)
Module newton._src.geometry.bvh f05206a load on device 'metal:0' took 18.51 ms  (cached)
Module newton._src.sim.collide 28eb2d4 load on device 'metal:0' took 19.39 ms  (cached)
Module narrow_phase_primitive_write_contact_False_False_False e2252ea load on device 'metal:0' took 20.37 ms  (cached)
Module newton._src.geometry.narrow_phase 4540fa9 load on device 'metal:0' took 19.17 ms  (cached)
Module newton._src.sim.articulation ba13f77 load on device 'metal:0' took 28.11 ms  (cached)
Module newton._src.solvers.mujoco.kernels 7564a37 load on device 'metal:0' took 6.61 ms  (error)
Module newton._src.solvers.featherstone.kernels 312623f load on device 'cpu' took 1.18 ms  (cached)
Module newton._src.viewer.kernels ff25444 load on device 'cpu' took 0.51 ms  (cached)
Module newton._src.solvers.kamino._src.core.conversions abd76b6 load on device 'cpu' took 0.67 ms  (cached)
Module newton._src.solvers.kamino._src.core.bodies 6cd9228 load on device 'cpu' took 0.52 ms  (cached)
Module newton._src.solvers.kamino._src.kinematics.constraints fb66159 load on device 'cpu' took 0.62 ms  (cached)
Module newton._src.solvers.kamino._src.kinematics.jacobians fb21d3a load on device 'cpu' took 0.42 ms  (cached)
Module newton._src.solvers.kamino._src.kinematics.joints 1eac802 load on device 'cpu' took 0.68 ms  (cached)
Module newton._src.solvers.kamino._src.dynamics.wrenches d05f7a1 load on device 'cpu' took 0.42 ms  (cached)
Module newton._src.solvers.kamino._src.dynamics.delassus 572d7d8 load on device 'cpu' took 0.33 ms  (cached)
Module newton._src.solvers.kamino._src.dynamics.dual c3ed954 load on device 'cpu' took 0.48 ms  (cached)
Module newton._src.solvers.kamino._src.geometry.keying 169dcb7 load on device 'cpu' took 0.46 ms  (cached)
Module newton._src.solvers.kamino._src.solvers.warmstart 4e55118 load on device 'cpu' took 0.39 ms  (cached)
Module newton._src.solvers.kamino._src.solvers.common c17cf63 load on device 'cpu' took 0.31 ms  (cached)
Module newton._src.solvers.kamino._src.solvers.padmm.kernels bf745f4 load on device 'cpu' took 0.45 ms  (cached)
Module newton._src.solvers.kamino._src.linalg.factorize.llt_blocked 4922677 load on device 'cpu' took 0.32 ms  (cached)
Module make_desaxce_correction_and_velocity_bias_kernel__locals___compute_desaxce_correction_and_velocity_bias_199219b9 8828160 load on device 'cpu' took 0.33 ms  (cached)
Module _make_project_dual_convergence_accel_kernel__locals___project_dual_convergence_accel_d8820e2b 49cac09 load on device 'cpu' took 0.28 ms  (cached)
Module newton._src.solvers.kamino._src.integrators.euler bf2c9ec load on device 'cpu' took 0.28 ms  (cached)
Module newton._src.solvers.kamino._src.core.time b5d05d3 load on device 'cpu' took 0.31 ms  (cached)
Module newton._src.solvers.semi_implicit.kernels_body d89dc2c load on device 'cpu' took 1.16 ms  (cached)
Module newton._src.solvers.semi_implicit.kernels_contact b374416 load on device 'cpu' took 0.45 ms  (cached)
Module newton._src.sim.ik.ik_common 6bdb247 load on device 'cpu' took 0.58 ms  (cached)
Module newton._src.sim.ik.ik_solver ce8eee8 load on device 'cpu' took 0.41 ms  (cached)
Module IKOptimizerLM___build_specialized__locals___fk_local_a3ec7539 d379ea5 load on device 'cpu' took 0.41 ms  (cached)
Module newton._src.sim.ik.ik_objectives 5ab0d63 load on device 'cpu' took 0.44 ms  (cached)
Module IKOptimizerLM___build_specialized__locals___compute_motion_subspace_2d_a58972cd 93cef76 load on device 'cpu' took 1.23 ms  (cached)
Module _lm_solve_tiled_2_3_a389dfae 2738353 load on device 'cpu' took 0.46 ms  (cached)
Module newton._src.sim.ik.ik_lm_optimizer 0d85ea2 load on device 'cpu' took 0.37 ms  (cached)
Module _lm_solve_tiled_6_6_114a1c10 de5198f load on device 'cpu' took 0.42 ms  (cached)
Module _lm_solve_tiled_7_6_74f3c4a9 a6de9da load on device 'cpu' took 0.50 ms  (cached)
Module _lm_solve_tiled_7_3_75310642 39259c2 load on device 'cpu' took 0.51 ms  (cached)
Module newton._src.sim.ik.ik_lbfgs_optimizer 6cadba8 load on device 'cpu' took 1.18 ms  (cached)
Module IKOptimizerLBFGS___build_specialized__locals___fk_local_3a9cf6fe f3ca188 load on device 'cpu' took 0.47 ms  (cached)
Module IKOptimizerLBFGS___build_specialized__locals___compute_motion_subspace_2d_28cbf847 a61c64a load on device 'cpu' took 0.42 ms  (cached)
Module _compute_gradient_jtr_tiled_6_3_e1e55cb5 6aa9304 load on device 'cpu' took 0.50 ms  (cached)
Module newton._src.solvers.kamino._src.kinematics.limits fa9e7bb load on device 'cpu' took 1003.31 ms  (compiled)
Module newton.tests.test_physics_verification 1fdc8fc load on device 'cpu' took 108.42 ms  (compiled)
Module _make_project_dual_convergence_accel_kernel__locals___project_dual_convergence_accel_3f102503 3e3c43b load on device 'cpu' took 215.55 ms  (compiled)
Module _make_project_dual_convergence_accel_kernel__locals___project_dual_convergence_accel_dcf40881 8e36ebd load on device 'cpu' took 207.14 ms  (compiled)
Module _make_project_dual_convergence_accel_kernel__locals___project_dual_convergence_accel_4adce326 9d5c8ea load on device 'cpu' took 221.62 ms  (compiled)
Module newton._src.solvers.featherstone.kernels 926efb5 load on device 'metal:0' took 38.81 ms  (cached)
Module newton._src.geometry.broad_phase_nxn 738939e load on device 'metal:0' took 19.53 ms  (cached)
Module newton._src.geometry.broad_phase_sap 4ca0267 load on device 'metal:0' took 517.04 ms  (compiled)
Module newton._src.solvers.vbd.rigid_vbd_kernels d13b7d4 load on device 'cpu' took 2602.67 ms  (compiled)
Module warp._src.coloring 51f8664 load on device 'cpu' took 74.14 ms  (compiled)
Module newton._src.geometry.inertia 27fb40e load on device 'metal:0' took 17.83 ms  (cached)
Module newton._src.geometry.contact_reduction_global dd92af3 load on device 'cpu' took 0.44 ms  (cached)
Module newton._src.geometry.sdf_contact 4202fef load on device 'cpu' took 1.27 ms  (cached)
Module narrow_phase_mesh_plane_write_contact_to_reducer_True 3edc1f5 load on device 'cpu' took 0.55 ms  (cached)
Module mesh_triangle_contacts_to_reducer_kernel_6619a79f 60237a2 load on device 'cpu' took 0.36 ms  (cached)
Module export_reduced_contacts_write_contact 30739a6 load on device 'cpu' took 0.25 ms  (cached)
Module sdf_contact_write_contact_to_reducer_False_True_False_True_False_False_False 63f0ac4 load on device 'cpu' took 931.73 ms  (compiled)..E..
======================================================================
ERROR: test_xpbd_parent_f_consistent_across_solvers_cpu (newton.tests.test_solver_xpbd.TestSolverXPBD.test_xpbd_parent_f_consistent_across_solvers_cpu)
----------------------------------------------------------------------
Traceback (most recent call last):
  File "/Users/aditya/robosim/.venv/lib/python3.12/site-packages/newton/tests/unittest_utils.py", line 601, in test_func
    func(self, device, **kwargs)
  File "/Users/aditya/robosim/.venv/lib/python3.12/site-packages/newton/tests/test_solver_xpbd.py", line 2175, in test_xpbd_parent_f_consistent_across_solvers
    solver = make_solver(model)
             ^^^^^^^^^^^^^^^^^^
  File "/Users/aditya/robosim/.venv/lib/python3.12/site-packages/newton/tests/test_solver_xpbd.py", line 2171, in <lambda>
    ("mujoco", lambda m: newton.solvers.SolverMuJoCo(m, use_mujoco_cpu=False)),
                         ^^^^^^^^^^^^^^^^^^^^^^^^^^^^^^^^^^^^^^^^^^^^^^^^^^^^
  File "/Users/aditya/robosim/.venv/lib/python3.12/site-packages/newton/_src/solvers/mujoco/solver_mujoco.py", line 4123, in __init__
    self._convert_to_mjc(
  File "/Users/aditya/robosim/.venv/lib/python3.12/site-packages/newton/_src/solvers/mujoco/solver_mujoco.py", line 7638, in _convert_to_mjc
    self._update_mjc_data(self.mj_data, model, state)
  File "/Users/aditya/robosim/.venv/lib/python3.12/site-packages/newton/_src/solvers/mujoco/solver_mujoco.py", line 5217, in _update_mjc_data
    wp.launch(
  File "/Users/aditya/robosim/upstream/warp-innate/warp/_src/context.py", line 12209, in launch
    module_exec = kernel.module.load(device, block_dim)
                  ^^^^^^^^^^^^^^^^^^^^^^^^^^^^^^^^^^^^^
  File "/Users/aditya/robosim/upstream/warp-innate/warp/_src/context.py", line 5071, in load
    raise e
  File "/Users/aditya/robosim/upstream/warp-innate/warp/_src/context.py", line 5068, in load
    compiled = self._compile(device, module_dir, output_name, output_arch, options=options)
               ^^^^^^^^^^^^^^^^^^^^^^^^^^^^^^^^^^^^^^^^^^^^^^^^^^^^^^^^^^^^^^^^^^^^^^^^^^^^
  File "/Users/aditya/robosim/upstream/warp-innate/warp/_src/context.py", line 4817, in _compile
    source_str, source_code_ext, meta, ltoir_values, fatbin_values = self._run_codegen(options, target)
                                                                     ^^^^^^^^^^^^^^^^^^^^^^^^^^^^^^^^^^
  File "/Users/aditya/robosim/upstream/warp-innate/warp/_src/codegen.py", line 1836, in locked_call
    return func(*args, **kwargs)
           ^^^^^^^^^^^^^^^^^^^^^
  File "/Users/aditya/robosim/upstream/warp-innate/warp/_src/context.py", line 4686, in _run_codegen
    builder = ModuleBuilder(
              ^^^^^^^^^^^^^^
  File "/Users/aditya/robosim/upstream/warp-innate/warp/_src/context.py", line 3339, in __init__
    self.build_kernel(kernel)
  File "/Users/aditya/robosim/upstream/warp-innate/warp/_src/context.py", line 3458, in build_kernel
    kernel.adj.build(self)
  File "/Users/aditya/robosim/upstream/warp-innate/warp/_src/codegen.py", line 1836, in locked_call
    return func(*args, **kwargs)
           ^^^^^^^^^^^^^^^^^^^^^
  File "/Users/aditya/robosim/upstream/warp-innate/warp/_src/codegen.py", line 2398, in build
    raise type(original_exc)(*new_args).with_traceback(original_exc.__traceback__) from None
  File "/Users/aditya/robosim/upstream/warp-innate/warp/_src/codegen.py", line 2379, in build
    adj.eval(adj.tree.body[0])
  File "/Users/aditya/robosim/upstream/warp-innate/warp/_src/codegen.py", line 6706, in eval
    return emit_node(adj, node)
           ^^^^^^^^^^^^^^^^^^^^
  File "/Users/aditya/robosim/upstream/warp-innate/warp/_src/codegen.py", line 3680, in emit_FunctionDef
    adj.eval(f)
  File "/Users/aditya/robosim/upstream/warp-innate/warp/_src/codegen.py", line 6706, in eval
    return emit_node(adj, node)
           ^^^^^^^^^^^^^^^^^^^^
  File "/Users/aditya/robosim/upstream/warp-innate/warp/_src/codegen.py", line 3728, in emit_If
    adj.eval(stmt)
  File "/Users/aditya/robosim/upstream/warp-innate/warp/_src/codegen.py", line 6706, in eval
    return emit_node(adj, node)
           ^^^^^^^^^^^^^^^^^^^^
  File "/Users/aditya/robosim/upstream/warp-innate/warp/_src/codegen.py", line 5653, in emit_Assign
    rhs = adj.eval(node.value)
          ^^^^^^^^^^^^^^^^^^^^
  File "/Users/aditya/robosim/upstream/warp-innate/warp/_src/codegen.py", line 6706, in eval
    return emit_node(adj, node)
           ^^^^^^^^^^^^^^^^^^^^
  File "/Users/aditya/robosim/upstream/warp-innate/warp/_src/codegen.py", line 4136, in emit_UnaryOp
    arg = adj.eval(node.operand)
          ^^^^^^^^^^^^^^^^^^^^^^
  File "/Users/aditya/robosim/upstream/warp-innate/warp/_src/codegen.py", line 6706, in eval
    return emit_node(adj, node)
           ^^^^^^^^^^^^^^^^^^^^
  File "/Users/aditya/robosim/upstream/warp-innate/warp/_src/codegen.py", line 4839, in emit_Call
    out = adj.add_call(
          ^^^^^^^^^^^^^
  File "/Users/aditya/robosim/upstream/warp-innate/warp/_src/codegen.py", line 2980, in add_call
    func, bound_args, bound_arg_nodes = adj.resolve_call(
                                        ^^^^^^^^^^^^^^^^^
  File "/Users/aditya/robosim/upstream/warp-innate/warp/_src/codegen.py", line 2913, in resolve_call
    func = adj.resolve_func(func, arg_types, kwarg_types, min_outputs)
           ^^^^^^^^^^^^^^^^^^^^^^^^^^^^^^^^^^^^^^^^^^^^^^^^^^^^^^^^^^^
  File "/Users/aditya/robosim/upstream/warp-innate/warp/_src/codegen.py", line 2804, in resolve_func
    raise WarpCodegenError(
warp._src.codegen.WarpCodegenError: Error while parsing function "convert_mjw_contacts_to_newton_kernel" at /Users/aditya/robosim/.venv/lib/python3.12/site-packages/newton/_src/solvers/mujoco/kernels.py:1523:
            True,
;Couldn't find function overload for 'contact_force_fn' that matched inputs with types: [int32, array(ndim=1, dtype=mat33f), array(ndim=1, dtype=vector(length=5, dtype=float32)), array(ndim=1, dtype=int32), array(ndim=2, dtype=int32), array(ndim=2, dtype=float32), int32, array(ndim=1, dtype=int32), int32, int32, warp._src.types.bool]

======================================================================
ERROR: test_joint_drive_prismatic_upX_motionX (newton.tests.test_joint_drive.TestJointDrive.test_joint_drive_prismatic_upX_motionX)
----------------------------------------------------------------------
Traceback (most recent call last):
  File "/Users/aditya/robosim/.venv/lib/python3.12/site-packages/newton/tests/test_joint_drive.py", line 299, in test_joint_drive_prismatic_upX_motionX
    self.run_test_joint_drive_no_limits(True, 0, 0)
  File "/Users/aditya/robosim/.venv/lib/python3.12/site-packages/newton/tests/test_joint_drive.py", line 152, in run_test_joint_drive_no_limits
    solver = SolverMuJoCo(
             ^^^^^^^^^^^^^
  File "/Users/aditya/robosim/.venv/lib/python3.12/site-packages/newton/_src/solvers/mujoco/solver_mujoco.py", line 4123, in __init__
    self._convert_to_mjc(
  File "/Users/aditya/robosim/.venv/lib/python3.12/site-packages/newton/_src/solvers/mujoco/solver_mujoco.py", line 7638, in _convert_to_mjc
    self._update_mjc_data(self.mj_data, model, state)
  File "/Users/aditya/robosim/.venv/lib/python3.12/site-packages/newton/_src/solvers/mujoco/solver_mujoco.py", line 5217, in _update_mjc_data
    wp.launch(
  File "/Users/aditya/robosim/upstream/warp-innate/warp/_src/context.py", line 12209, in launch
    module_exec = kernel.module.load(device, block_dim)
                  ^^^^^^^^^^^^^^^^^^^^^^^^^^^^^^^^^^^^^
  File "/Users/aditya/robosim/upstream/warp-innate/warp/_src/context.py", line 5071, in load
    raise e
  File "/Users/aditya/robosim/upstream/warp-innate/warp/_src/context.py", line 5068, in load
    compiled = self._compile(device, module_dir, output_name, output_arch, options=options)
               ^^^^^^^^^^^^^^^^^^^^^^^^^^^^^^^^^^^^^^^^^^^^^^^^^^^^^^^^^^^^^^^^^^^^^^^^^^^^
  File "/Users/aditya/robosim/upstream/warp-innate/warp/_src/context.py", line 4817, in _compile
    source_str, source_code_ext, meta, ltoir_values, fatbin_values = self._run_codegen(options, target)
                                                                     ^^^^^^^^^^^^^^^^^^^^^^^^^^^^^^^^^^
  File "/Users/aditya/robosim/upstream/warp-innate/warp/_src/codegen.py", line 1836, in locked_call
    return func(*args, **kwargs)
           ^^^^^^^^^^^^^^^^^^^^^
  File "/Users/aditya/robosim/upstream/warp-innate/warp/_src/context.py", line 4686, in _run_codegen
    builder = ModuleBuilder(
              ^^^^^^^^^^^^^^
  File "/Users/aditya/robosim/upstream/warp-innate/warp/_src/context.py", line 3339, in __init__
    self.build_kernel(kernel)
  File "/Users/aditya/robosim/upstream/warp-innate/warp/_src/context.py", line 3458, in build_kernel
    kernel.adj.build(self)
  File "/Users/aditya/robosim/upstream/warp-innate/warp/_src/codegen.py", line 1836, in locked_call
    return func(*args, **kwargs)
           ^^^^^^^^^^^^^^^^^^^^^
  File "/Users/aditya/robosim/upstream/warp-innate/warp/_src/codegen.py", line 2398, in build
    raise type(original_exc)(*new_args).with_traceback(original_exc.__traceback__) from None
  File "/Users/aditya/robosim/upstream/warp-innate/warp/_src/codegen.py", line 2379, in build
    adj.eval(adj.tree.body[0])
  File "/Users/aditya/robosim/upstream/warp-innate/warp/_src/codegen.py", line 6706, in eval
    return emit_node(adj, node)
           ^^^^^^^^^^^^^^^^^^^^
  File "/Users/aditya/robosim/upstream/warp-innate/warp/_src/codegen.py", line 3680, in emit_FunctionDef
    adj.eval(f)
  File "/Users/aditya/robosim/upstream/warp-innate/warp/_src/codegen.py", line 6706, in eval
    return emit_node(adj, node)
           ^^^^^^^^^^^^^^^^^^^^
  File "/Users/aditya/robosim/upstream/warp-innate/warp/_src/codegen.py", line 3728, in emit_If
    adj.eval(stmt)
  File "/Users/aditya/robosim/upstream/warp-innate/warp/_src/codegen.py", line 6706, in eval
    return emit_node(adj, node)
           ^^^^^^^^^^^^^^^^^^^^
  File "/Users/aditya/robosim/upstream/warp-innate/warp/_src/codegen.py", line 5653, in emit_Assign
    rhs = adj.eval(node.value)
          ^^^^^^^^^^^^^^^^^^^^
  File "/Users/aditya/robosim/upstream/warp-innate/warp/_src/codegen.py", line 6706, in eval
    return emit_node(adj, node)
           ^^^^^^^^^^^^^^^^^^^^
  File "/Users/aditya/robosim/upstream/warp-innate/warp/_src/codegen.py", line 4136, in emit_UnaryOp
    arg = adj.eval(node.operand)
          ^^^^^^^^^^^^^^^^^^^^^^
  File "/Users/aditya/robosim/upstream/warp-innate/warp/_src/codegen.py", line 6706, in eval
    return emit_node(adj, node)
           ^^^^^^^^^^^^^^^^^^^^
  File "/Users/aditya/robosim/upstream/warp-innate/warp/_src/codegen.py", line 4839, in emit_Call
    out = adj.add_call(
          ^^^^^^^^^^^^^
  File "/Users/aditya/robosim/upstream/warp-innate/warp/_src/codegen.py", line 2980, in add_call
    func, bound_args, bound_arg_nodes = adj.resolve_call(
                                        ^^^^^^^^^^^^^^^^^
  File "/Users/aditya/robosim/upstream/warp-innate/warp/_src/codegen.py", line 2913, in resolve_call
    func = adj.resolve_func(func, arg_types, kwarg_types, min_outputs)
           ^^^^^^^^^^^^^^^^^^^^^^^^^^^^^^^^^^^^^^^^^^^^^^^^^^^^^^^^^^^
  File "/Users/aditya/robosim/upstream/warp-innate/warp/_src/codegen.py", line 2804, in resolve_func
    raise WarpCodegenError(
warp._src.codegen.WarpCodegenError: Error while parsing function "convert_mjw_contacts_to_newton_kernel" at /Users/aditya/robosim/.venv/lib/python3.12/site-packages/newton/_src/solvers/mujoco/kernels.py:1523:
            True,
;Couldn't find function overload for 'contact_force_fn' that matched inputs with types: [int32, array(ndim=1, dtype=mat33f), array(ndim=1, dtype=vector(length=5, dtype=float32)), array(ndim=1, dtype=int32), array(ndim=2, dtype=int32), array(ndim=2, dtype=float32), int32, array(ndim=1, dtype=int32), int32, int32, warp._src.types.bool]

======================================================================
ERROR: test_joint_drive_prismatic_upX_motionY (newton.tests.test_joint_drive.TestJointDrive.test_joint_drive_prismatic_upX_motionY)
----------------------------------------------------------------------
Traceback (most recent call last):
  File "/Users/aditya/robosim/.venv/lib/python3.12/site-packages/newton/tests/test_joint_drive.py", line 302, in test_joint_drive_prismatic_upX_motionY
    self.run_test_joint_drive_no_limits(True, 0, 1)
  File "/Users/aditya/robosim/.venv/lib/python3.12/site-packages/newton/tests/test_joint_drive.py", line 152, in run_test_joint_drive_no_limits
    solver = SolverMuJoCo(
             ^^^^^^^^^^^^^
  File "/Users/aditya/robosim/.venv/lib/python3.12/site-packages/newton/_src/solvers/mujoco/solver_mujoco.py", line 4123, in __init__
    self._convert_to_mjc(
  File "/Users/aditya/robosim/.venv/lib/python3.12/site-packages/newton/_src/solvers/mujoco/solver_mujoco.py", line 7638, in _convert_to_mjc
    self._update_mjc_data(self.mj_data, model, state)
  File "/Users/aditya/robosim/.venv/lib/python3.12/site-packages/newton/_src/solvers/mujoco/solver_mujoco.py", line 5217, in _update_mjc_data
    wp.launch(
  File "/Users/aditya/robosim/upstream/warp-innate/warp/_src/context.py", line 12209, in launch
    module_exec = kernel.module.load(device, block_dim)
                  ^^^^^^^^^^^^^^^^^^^^^^^^^^^^^^^^^^^^^
  File "/Users/aditya/robosim/upstream/warp-innate/warp/_src/context.py", line 5016, in load
    _raise_recorded_build_error(build_error)
  File "/Users/aditya/robosim/upstream/warp-innate/warp/_src/context.py", line 4079, in _raise_recorded_build_error
    raise replay from None
warp._src.codegen.WarpCodegenError: Error while parsing function "convert_mjw_contacts_to_newton_kernel" at /Users/aditya/robosim/.venv/lib/python3.12/site-packages/newton/_src/solvers/mujoco/kernels.py:1523:
            True,
;Couldn't find function overload for 'contact_force_fn' that matched inputs with types: [int32, array(ndim=1, dtype=mat33f), array(ndim=1, dtype=vector(length=5, dtype=float32)), array(ndim=1, dtype=int32), array(ndim=2, dtype=int32), array(ndim=2, dtype=float32), int32, array(ndim=1, dtype=int32), int32, int32, warp._src.types.bool]

======================================================================
ERROR: test_joint_drive_prismatic_upX_motionZ (newton.tests.test_joint_drive.TestJointDrive.test_joint_drive_prismatic_upX_motionZ)
----------------------------------------------------------------------
Traceback (most recent call last):
  File "/Users/aditya/robosim/.venv/lib/python3.12/site-packages/newton/tests/test_joint_drive.py", line 305, in test_joint_drive_prismatic_upX_motionZ
    self.run_test_joint_drive_no_limits(True, 0, 2)
  File "/Users/aditya/robosim/.venv/lib/python3.12/site-packages/newton/tests/test_joint_drive.py", line 152, in run_test_joint_drive_no_limits
    solver = SolverMuJoCo(
             ^^^^^^^^^^^^^
  File "/Users/aditya/robosim/.venv/lib/python3.12/site-packages/newton/_src/solvers/mujoco/solver_mujoco.py", line 4123, in __init__
    self._convert_to_mjc(
  File "/Users/aditya/robosim/.venv/lib/python3.12/site-packages/newton/_src/solvers/mujoco/solver_mujoco.py", line 7638, in _convert_to_mjc
    self._update_mjc_data(self.mj_data, model, state)
  File "/Users/aditya/robosim/.venv/lib/python3.12/site-packages/newton/_src/solvers/mujoco/solver_mujoco.py", line 5217, in _update_mjc_data
    wp.launch(
  File "/Users/aditya/robosim/upstream/warp-innate/warp/_src/context.py", line 12209, in launch
    module_exec = kernel.module.load(device, block_dim)
                  ^^^^^^^^^^^^^^^^^^^^^^^^^^^^^^^^^^^^^
  File "/Users/aditya/robosim/upstream/warp-innate/warp/_src/context.py", line 5016, in load
    _raise_recorded_build_error(build_error)
  File "/Users/aditya/robosim/upstream/warp-innate/warp/_src/context.py", line 4079, in _raise_recorded_build_error
    raise replay from None
warp._src.codegen.WarpCodegenError: Error while parsing function "convert_mjw_contacts_to_newton_kernel" at /Users/aditya/robosim/.venv/lib/python3.12/site-packages/newton/_src/solvers/mujoco/kernels.py:1523:
            True,
;Couldn't find function overload for 'contact_force_fn' that matched inputs with types: [int32, array(ndim=1, dtype=mat33f), array(ndim=1, dtype=vector(length=5, dtype=float32)), array(ndim=1, dtype=int32), array(ndim=2, dtype=int32), array(ndim=2, dtype=float32), int32, array(ndim=1, dtype=int32), int32, int32, warp._src.types.bool]

======================================================================
ERROR: test_joint_drive_prismatic_upY_motionX (newton.tests.test_joint_drive.TestJointDrive.test_joint_drive_prismatic_upY_motionX)
----------------------------------------------------------------------
Traceback (most recent call last):
  File "/Users/aditya/robosim/.venv/lib/python3.12/site-packages/newton/tests/test_joint_drive.py", line 308, in test_joint_drive_prismatic_upY_motionX
    self.run_test_joint_drive_no_limits(True, 1, 0)
  File "/Users/aditya/robosim/.venv/lib/python3.12/site-packages/newton/tests/test_joint_drive.py", line 152, in run_test_joint_drive_no_limits
    solver = SolverMuJoCo(
             ^^^^^^^^^^^^^
  File "/Users/aditya/robosim/.venv/lib/python3.12/site-packages/newton/_src/solvers/mujoco/solver_mujoco.py", line 4123, in __init__
    self._convert_to_mjc(
  File "/Users/aditya/robosim/.venv/lib/python3.12/site-packages/newton/_src/solvers/mujoco/solver_mujoco.py", line 7638, in _convert_to_mjc
    self._update_mjc_data(self.mj_data, model, state)
  File "/Users/aditya/robosim/.venv/lib/python3.12/site-packages/newton/_src/solvers/mujoco/solver_mujoco.py", line 5217, in _update_mjc_data
    wp.launch(
  File "/Users/aditya/robosim/upstream/warp-innate/warp/_src/context.py", line 12209, in launch
    module_exec = kernel.module.load(device, block_dim)
                  ^^^^^^^^^^^^^^^^^^^^^^^^^^^^^^^^^^^^^
  File "/Users/aditya/robosim/upstream/warp-innate/warp/_src/context.py", line 5016, in load
    _raise_recorded_build_error(build_error)
  File "/Users/aditya/robosim/upstream/warp-innate/warp/_src/context.py", line 4079, in _raise_recorded_build_error
    raise replay from None
warp._src.codegen.WarpCodegenError: Error while parsing function "convert_mjw_contacts_to_newton_kernel" at /Users/aditya/robosim/.venv/lib/python3.12/site-packages/newton/_src/solvers/mujoco/kernels.py:1523:
            True,
;Couldn't find function overload for 'contact_force_fn' that matched inputs with types: [int32, array(ndim=1, dtype=mat33f), array(ndim=1, dtype=vector(length=5, dtype=float32)), array(ndim=1, dtype=int32), array(ndim=2, dtype=int32), array(ndim=2, dtype=float32), int32, array(ndim=1, dtype=int32), int32, int32, warp._src.types.bool]

======================================================================
ERROR: test_joint_drive_prismatic_upY_motionY (newton.tests.test_joint_drive.TestJointDrive.test_joint_drive_prismatic_upY_motionY)
----------------------------------------------------------------------
Traceback (most recent call last):
  File "/Users/aditya/robosim/.venv/lib/python3.12/site-packages/newton/tests/test_joint_drive.py", line 311, in test_joint_drive_prismatic_upY_motionY
    self.run_test_joint_drive_no_limits(True, 1, 1)
  File "/Users/aditya/robosim/.venv/lib/python3.12/site-packages/newton/tests/test_joint_drive.py", line 152, in run_test_joint_drive_no_limits
    solver = SolverMuJoCo(
             ^^^^^^^^^^^^^
  File "/Users/aditya/robosim/.venv/lib/python3.12/site-packages/newton/_src/solvers/mujoco/solver_mujoco.py", line 4123, in __init__
    self._convert_to_mjc(
  File "/Users/aditya/robosim/.venv/lib/python3.12/site-packages/newton/_src/solvers/mujoco/solver_mujoco.py", line 7638, in _convert_to_mjc
    self._update_mjc_data(self.mj_data, model, state)
  File "/Users/aditya/robosim/.venv/lib/python3.12/site-packages/newton/_src/solvers/mujoco/solver_mujoco.py", line 5217, in _update_mjc_data
    wp.launch(
  File "/Users/aditya/robosim/upstream/warp-innate/warp/_src/context.py", line 12209, in launch
    module_exec = kernel.module.load(device, block_dim)
                  ^^^^^^^^^^^^^^^^^^^^^^^^^^^^^^^^^^^^^
  File "/Users/aditya/robosim/upstream/warp-innate/warp/_src/context.py", line 5016, in load
    _raise_recorded_build_error(build_error)
  File "/Users/aditya/robosim/upstream/warp-innate/warp/_src/context.py", line 4079, in _raise_recorded_build_error
    raise replay from None
warp._src.codegen.WarpCodegenError: Error while parsing function "convert_mjw_contacts_to_newton_kernel" at /Users/aditya/robosim/.venv/lib/python3.12/site-packages/newton/_src/solvers/mujoco/kernels.py:1523:
            True,
;Couldn't find function overload for 'contact_force_fn' that matched inputs with types: [int32, array(ndim=1, dtype=mat33f), array(ndim=1, dtype=vector(length=5, dtype=float32)), array(ndim=1, dtype=int32), array(ndim=2, dtype=int32), array(ndim=2, dtype=float32), int32, array(ndim=1, dtype=int32), int32, int32, warp._src.types.bool]

======================================================================
ERROR: test_joint_drive_prismatic_upY_motionZ (newton.tests.test_joint_drive.TestJointDrive.test_joint_drive_prismatic_upY_motionZ)
----------------------------------------------------------------------
Traceback (most recent call last):
  File "/Users/aditya/robosim/.venv/lib/python3.12/site-packages/newton/tests/test_joint_drive.py", line 314, in test_joint_drive_prismatic_upY_motionZ
    self.run_test_joint_drive_no_limits(True, 1, 2)
  File "/Users/aditya/robosim/.venv/lib/python3.12/site-packages/newton/tests/test_joint_drive.py", line 152, in run_test_joint_drive_no_limits
    solver = SolverMuJoCo(
             ^^^^^^^^^^^^^
  File "/Users/aditya/robosim/.venv/lib/python3.12/site-packages/newton/_src/solvers/mujoco/solver_mujoco.py", line 4123, in __init__
    self._convert_to_mjc(
  File "/Users/aditya/robosim/.venv/lib/python3.12/site-packages/newton/_src/solvers/mujoco/solver_mujoco.py", line 7638, in _convert_to_mjc
    self._update_mjc_data(self.mj_data, model, state)
  File "/Users/aditya/robosim/.venv/lib/python3.12/site-packages/newton/_src/solvers/mujoco/solver_mujoco.py", line 5217, in _update_mjc_data
    wp.launch(
  File "/Users/aditya/robosim/upstream/warp-innate/warp/_src/context.py", line 12209, in launch
    module_exec = kernel.module.load(device, block_dim)
                  ^^^^^^^^^^^^^^^^^^^^^^^^^^^^^^^^^^^^^
  File "/Users/aditya/robosim/upstream/warp-innate/warp/_src/context.py", line 5016, in load
    _raise_recorded_build_error(build_error)
  File "/Users/aditya/robosim/upstream/warp-innate/warp/_src/context.py", line 4079, in _raise_recorded_build_error
    raise replay from None
warp._src.codegen.WarpCodegenError: Error while parsing function "convert_mjw_contacts_to_newton_kernel" at /Users/aditya/robosim/.venv/lib/python3.12/site-packages/newton/_src/solvers/mujoco/kernels.py:1523:
            True,
;Couldn't find function overload for 'contact_force_fn' that matched inputs with types: [int32, array(ndim=1, dtype=mat33f), array(ndim=1, dtype=vector(length=5, dtype=float32)), array(ndim=1, dtype=int32), array(ndim=2, dtype=int32), array(ndim=2, dtype=float32), int32, array(ndim=1, dtype=int32), int32, int32, warp._src.types.bool]

======================================================================
ERROR: test_joint_drive_prismatic_upZ_motionX (newton.tests.test_joint_drive.TestJointDrive.test_joint_drive_prismatic_upZ_motionX)
----------------------------------------------------------------------
Traceback (most recent call last):
  File "/Users/aditya/robosim/.venv/lib/python3.12/site-packages/newton/tests/test_joint_drive.py", line 317, in test_joint_drive_prismatic_upZ_motionX
    self.run_test_joint_drive_no_limits(True, 2, 0)
  File "/Users/aditya/robosim/.venv/lib/python3.12/site-packages/newton/tests/test_joint_drive.py", line 152, in run_test_joint_drive_no_limits
    solver = SolverMuJoCo(
             ^^^^^^^^^^^^^
  File "/Users/aditya/robosim/.venv/lib/python3.12/site-packages/newton/_src/solvers/mujoco/solver_mujoco.py", line 4123, in __init__
    self._convert_to_mjc(
  File "/Users/aditya/robosim/.venv/lib/python3.12/site-packages/newton/_src/solvers/mujoco/solver_mujoco.py", line 7638, in _convert_to_mjc
    self._update_mjc_data(self.mj_data, model, state)
  File "/Users/aditya/robosim/.venv/lib/python3.12/site-packages/newton/_src/solvers/mujoco/solver_mujoco.py", line 5217, in _update_mjc_data
    wp.launch(
  File "/Users/aditya/robosim/upstream/warp-innate/warp/_src/context.py", line 12209, in launch
    module_exec = kernel.module.load(device, block_dim)
                  ^^^^^^^^^^^^^^^^^^^^^^^^^^^^^^^^^^^^^
  File "/Users/aditya/robosim/upstream/warp-innate/warp/_src/context.py", line 5016, in load
    _raise_recorded_build_error(build_error)
  File "/Users/aditya/robosim/upstream/warp-innate/warp/_src/context.py", line 4079, in _raise_recorded_build_error
    raise replay from None
warp._src.codegen.WarpCodegenError: Error while parsing function "convert_mjw_contacts_to_newton_kernel" at /Users/aditya/robosim/.venv/lib/python3.12/site-packages/newton/_src/solvers/mujoco/kernels.py:1523:
            True,
;Couldn't find function overload for 'contact_force_fn' that matched inputs with types: [int32, array(ndim=1, dtype=mat33f), array(ndim=1, dtype=vector(length=5, dtype=float32)), array(ndim=1, dtype=int32), array(ndim=2, dtype=int32), array(ndim=2, dtype=float32), int32, array(ndim=1, dtype=int32), int32, int32, warp._src.types.bool]

======================================================================
ERROR: test_joint_drive_prismatic_upZ_motionY (newton.tests.test_joint_drive.TestJointDrive.test_joint_drive_prismatic_upZ_motionY)
----------------------------------------------------------------------
Traceback (most recent call last):
  File "/Users/aditya/robosim/.venv/lib/python3.12/site-packages/newton/tests/test_joint_drive.py", line 320, in test_joint_drive_prismatic_upZ_motionY
    self.run_test_joint_drive_no_limits(True, 2, 1)
  File "/Users/aditya/robosim/.venv/lib/python3.12/site-packages/newton/tests/test_joint_drive.py", line 152, in run_test_joint_drive_no_limits
    solver = SolverMuJoCo(
             ^^^^^^^^^^^^^
  File "/Users/aditya/robosim/.venv/lib/python3.12/site-packages/newton/_src/solvers/mujoco/solver_mujoco.py", line 4123, in __init__
    self._convert_to_mjc(
  File "/Users/aditya/robosim/.venv/lib/python3.12/site-packages/newton/_src/solvers/mujoco/solver_mujoco.py", line 7638, in _convert_to_mjc
    self._update_mjc_data(self.mj_data, model, state)
  File "/Users/aditya/robosim/.venv/lib/python3.12/site-packages/newton/_src/solvers/mujoco/solver_mujoco.py", line 5217, in _update_mjc_data
    wp.launch(
  File "/Users/aditya/robosim/upstream/warp-innate/warp/_src/context.py", line 12209, in launch
    module_exec = kernel.module.load(device, block_dim)
                  ^^^^^^^^^^^^^^^^^^^^^^^^^^^^^^^^^^^^^
  File "/Users/aditya/robosim/upstream/warp-innate/warp/_src/context.py", line 5016, in load
    _raise_recorded_build_error(build_error)
  File "/Users/aditya/robosim/upstream/warp-innate/warp/_src/context.py", line 4079, in _raise_recorded_build_error
    raise replay from None
warp._src.codegen.WarpCodegenError: Error while parsing function "convert_mjw_contacts_to_newton_kernel" at /Users/aditya/robosim/.venv/lib/python3.12/site-packages/newton/_src/solvers/mujoco/kernels.py:1523:
            True,
;Couldn't find function overload for 'contact_force_fn' that matched inputs with types: [int32, array(ndim=1, dtype=mat33f), array(ndim=1, dtype=vector(length=5, dtype=float32)), array(ndim=1, dtype=int32), array(ndim=2, dtype=int32), array(ndim=2, dtype=float32), int32, array(ndim=1, dtype=int32), int32, int32, warp._src.types.bool]

======================================================================
ERROR: test_joint_drive_prismatic_upZ_motionZ (newton.tests.test_joint_drive.TestJointDrive.test_joint_drive_prismatic_upZ_motionZ)
----------------------------------------------------------------------
Traceback (most recent call last):
  File "/Users/aditya/robosim/.venv/lib/python3.12/site-packages/newton/tests/test_joint_drive.py", line 323, in test_joint_drive_prismatic_upZ_motionZ
    self.run_test_joint_drive_no_limits(True, 2, 2)
  File "/Users/aditya/robosim/.venv/lib/python3.12/site-packages/newton/tests/test_joint_drive.py", line 152, in run_test_joint_drive_no_limits
    solver = SolverMuJoCo(
             ^^^^^^^^^^^^^
  File "/Users/aditya/robosim/.venv/lib/python3.12/site-packages/newton/_src/solvers/mujoco/solver_mujoco.py", line 4123, in __init__
    self._convert_to_mjc(
  File "/Users/aditya/robosim/.venv/lib/python3.12/site-packages/newton/_src/solvers/mujoco/solver_mujoco.py", line 7638, in _convert_to_mjc
    self._update_mjc_data(self.mj_data, model, state)
  File "/Users/aditya/robosim/.venv/lib/python3.12/site-packages/newton/_src/solvers/mujoco/solver_mujoco.py", line 5217, in _update_mjc_data
    wp.launch(
  File "/Users/aditya/robosim/upstream/warp-innate/warp/_src/context.py", line 12209, in launch
    module_exec = kernel.module.load(device, block_dim)
                  ^^^^^^^^^^^^^^^^^^^^^^^^^^^^^^^^^^^^^
  File "/Users/aditya/robosim/upstream/warp-innate/warp/_src/context.py", line 5016, in load
    _raise_recorded_build_error(build_error)
  File "/Users/aditya/robosim/upstream/warp-innate/warp/_src/context.py", line 4079, in _raise_recorded_build_error
    raise replay from None
warp._src.codegen.WarpCodegenError: Error while parsing function "convert_mjw_contacts_to_newton_kernel" at /Users/aditya/robosim/.venv/lib/python3.12/site-packages/newton/_src/solvers/mujoco/kernels.py:1523:
            True,
;Couldn't find function overload for 'contact_force_fn' that matched inputs with types: [int32, array(ndim=1, dtype=mat33f), array(ndim=1, dtype=vector(length=5, dtype=float32)), array(ndim=1, dtype=int32), array(ndim=2, dtype=int32), array(ndim=2, dtype=float32), int32, array(ndim=1, dtype=int32), int32, int32, warp._src.types.bool]

======================================================================
ERROR: test_joint_drive_revolute_upX_motionX (newton.tests.test_joint_drive.TestJointDrive.test_joint_drive_revolute_upX_motionX)
----------------------------------------------------------------------
Traceback (most recent call last):
  File "/Users/aditya/robosim/.venv/lib/python3.12/site-packages/newton/tests/test_joint_drive.py", line 326, in test_joint_drive_revolute_upX_motionX
    self.run_test_joint_drive_no_limits(False, 0, 0)
  File "/Users/aditya/robosim/.venv/lib/python3.12/site-packages/newton/tests/test_joint_drive.py", line 152, in run_test_joint_drive_no_limits
    solver = SolverMuJoCo(
             ^^^^^^^^^^^^^
  File "/Users/aditya/robosim/.venv/lib/python3.12/site-packages/newton/_src/solvers/mujoco/solver_mujoco.py", line 4123, in __init__
    self._convert_to_mjc(
  File "/Users/aditya/robosim/.venv/lib/python3.12/site-packages/newton/_src/solvers/mujoco/solver_mujoco.py", line 7638, in _convert_to_mjc
    self._update_mjc_data(self.mj_data, model, state)
  File "/Users/aditya/robosim/.venv/lib/python3.12/site-packages/newton/_src/solvers/mujoco/solver_mujoco.py", line 5217, in _update_mjc_data
    wp.launch(
  File "/Users/aditya/robosim/upstream/warp-innate/warp/_src/context.py", line 12209, in launch
    module_exec = kernel.module.load(device, block_dim)
                  ^^^^^^^^^^^^^^^^^^^^^^^^^^^^^^^^^^^^^
  File "/Users/aditya/robosim/upstream/warp-innate/warp/_src/context.py", line 5016, in load
    _raise_recorded_build_error(build_error)
  File "/Users/aditya/robosim/upstream/warp-innate/warp/_src/context.py", line 4079, in _raise_recorded_build_error
    raise replay from None
warp._src.codegen.WarpCodegenError: Error while parsing function "convert_mjw_contacts_to_newton_kernel" at /Users/aditya/robosim/.venv/lib/python3.12/site-packages/newton/_src/solvers/mujoco/kernels.py:1523:
            True,
;Couldn't find function overload for 'contact_force_fn' that matched inputs with types: [int32, array(ndim=1, dtype=mat33f), array(ndim=1, dtype=vector(length=5, dtype=float32)), array(ndim=1, dtype=int32), array(ndim=2, dtype=int32), array(ndim=2, dtype=float32), int32, array(ndim=1, dtype=int32), int32, int32, warp._src.types.bool]

======================================================================
ERROR: test_joint_drive_revolute_upX_motionY (newton.tests.test_joint_drive.TestJointDrive.test_joint_drive_revolute_upX_motionY)
----------------------------------------------------------------------
Traceback (most recent call last):
  File "/Users/aditya/robosim/.venv/lib/python3.12/site-packages/newton/tests/test_joint_drive.py", line 329, in test_joint_drive_revolute_upX_motionY
    self.run_test_joint_drive_no_limits(False, 0, 1)
  File "/Users/aditya/robosim/.venv/lib/python3.12/site-packages/newton/tests/test_joint_drive.py", line 152, in run_test_joint_drive_no_limits
    solver = SolverMuJoCo(
             ^^^^^^^^^^^^^
  File "/Users/aditya/robosim/.venv/lib/python3.12/site-packages/newton/_src/solvers/mujoco/solver_mujoco.py", line 4123, in __init__
    self._convert_to_mjc(
  File "/Users/aditya/robosim/.venv/lib/python3.12/site-packages/newton/_src/solvers/mujoco/solver_mujoco.py", line 7638, in _convert_to_mjc
    self._update_mjc_data(self.mj_data, model, state)
  File "/Users/aditya/robosim/.venv/lib/python3.12/site-packages/newton/_src/solvers/mujoco/solver_mujoco.py", line 5217, in _update_mjc_data
    wp.launch(
  File "/Users/aditya/robosim/upstream/warp-innate/warp/_src/context.py", line 12209, in launch
    module_exec = kernel.module.load(device, block_dim)
                  ^^^^^^^^^^^^^^^^^^^^^^^^^^^^^^^^^^^^^
  File "/Users/aditya/robosim/upstream/warp-innate/warp/_src/context.py", line 5016, in load
    _raise_recorded_build_error(build_error)
  File "/Users/aditya/robosim/upstream/warp-innate/warp/_src/context.py", line 4079, in _raise_recorded_build_error
    raise replay from None
warp._src.codegen.WarpCodegenError: Error while parsing function "convert_mjw_contacts_to_newton_kernel" at /Users/aditya/robosim/.venv/lib/python3.12/site-packages/newton/_src/solvers/mujoco/kernels.py:1523:
            True,
;Couldn't find function overload for 'contact_force_fn' that matched inputs with types: [int32, array(ndim=1, dtype=mat33f), array(ndim=1, dtype=vector(length=5, dtype=float32)), array(ndim=1, dtype=int32), array(ndim=2, dtype=int32), array(ndim=2, dtype=float32), int32, array(ndim=1, dtype=int32), int32, int32, warp._src.types.bool]

======================================================================
ERROR: test_joint_drive_revolute_upX_motionZ (newton.tests.test_joint_drive.TestJointDrive.test_joint_drive_revolute_upX_motionZ)
----------------------------------------------------------------------
Traceback (most recent call last):
  File "/Users/aditya/robosim/.venv/lib/python3.12/site-packages/newton/tests/test_joint_drive.py", line 332, in test_joint_drive_revolute_upX_motionZ
    self.run_test_joint_drive_no_limits(False, 0, 2)
  File "/Users/aditya/robosim/.venv/lib/python3.12/site-packages/newton/tests/test_joint_drive.py", line 152, in run_test_joint_drive_no_limits
    solver = SolverMuJoCo(
             ^^^^^^^^^^^^^
  File "/Users/aditya/robosim/.venv/lib/python3.12/site-packages/newton/_src/solvers/mujoco/solver_mujoco.py", line 4123, in __init__
    self._convert_to_mjc(
  File "/Users/aditya/robosim/.venv/lib/python3.12/site-packages/newton/_src/solvers/mujoco/solver_mujoco.py", line 7638, in _convert_to_mjc
    self._update_mjc_data(self.mj_data, model, state)
  File "/Users/aditya/robosim/.venv/lib/python3.12/site-packages/newton/_src/solvers/mujoco/solver_mujoco.py", line 5217, in _update_mjc_data
    wp.launch(
  File "/Users/aditya/robosim/upstream/warp-innate/warp/_src/context.py", line 12209, in launch
    module_exec = kernel.module.load(device, block_dim)
                  ^^^^^^^^^^^^^^^^^^^^^^^^^^^^^^^^^^^^^
  File "/Users/aditya/robosim/upstream/warp-innate/warp/_src/context.py", line 5016, in load
    _raise_recorded_build_error(build_error)
  File "/Users/aditya/robosim/upstream/warp-innate/warp/_src/context.py", line 4079, in _raise_recorded_build_error
    raise replay from None
warp._src.codegen.WarpCodegenError: Error while parsing function "convert_mjw_contacts_to_newton_kernel" at /Users/aditya/robosim/.venv/lib/python3.12/site-packages/newton/_src/solvers/mujoco/kernels.py:1523:
            True,
;Couldn't find function overload for 'contact_force_fn' that matched inputs with types: [int32, array(ndim=1, dtype=mat33f), array(ndim=1, dtype=vector(length=5, dtype=float32)), array(ndim=1, dtype=int32), array(ndim=2, dtype=int32), array(ndim=2, dtype=float32), int32, array(ndim=1, dtype=int32), int32, int32, warp._src.types.bool]

======================================================================
ERROR: test_joint_drive_revolute_upY_motionX (newton.tests.test_joint_drive.TestJointDrive.test_joint_drive_revolute_upY_motionX)
----------------------------------------------------------------------
Traceback (most recent call last):
  File "/Users/aditya/robosim/.venv/lib/python3.12/site-packages/newton/tests/test_joint_drive.py", line 335, in test_joint_drive_revolute_upY_motionX
    self.run_test_joint_drive_no_limits(False, 1, 0)
  File "/Users/aditya/robosim/.venv/lib/python3.12/site-packages/newton/tests/test_joint_drive.py", line 152, in run_test_joint_drive_no_limits
    solver = SolverMuJoCo(
             ^^^^^^^^^^^^^
  File "/Users/aditya/robosim/.venv/lib/python3.12/site-packages/newton/_src/solvers/mujoco/solver_mujoco.py", line 4123, in __init__
    self._convert_to_mjc(
  File "/Users/aditya/robosim/.venv/lib/python3.12/site-packages/newton/_src/solvers/mujoco/solver_mujoco.py", line 7638, in _convert_to_mjc
    self._update_mjc_data(self.mj_data, model, state)
  File "/Users/aditya/robosim/.venv/lib/python3.12/site-packages/newton/_src/solvers/mujoco/solver_mujoco.py", line 5217, in _update_mjc_data
    wp.launch(
  File "/Users/aditya/robosim/upstream/warp-innate/warp/_src/context.py", line 12209, in launch
    module_exec = kernel.module.load(device, block_dim)
                  ^^^^^^^^^^^^^^^^^^^^^^^^^^^^^^^^^^^^^
  File "/Users/aditya/robosim/upstream/warp-innate/warp/_src/context.py", line 5016, in load
    _raise_recorded_build_error(build_error)
  File "/Users/aditya/robosim/upstream/warp-innate/warp/_src/context.py", line 4079, in _raise_recorded_build_error
    raise replay from None
warp._src.codegen.WarpCodegenError: Error while parsing function "convert_mjw_contacts_to_newton_kernel" at /Users/aditya/robosim/.venv/lib/python3.12/site-packages/newton/_src/solvers/mujoco/kernels.py:1523:
            True,
;Couldn't find function overload for 'contact_force_fn' that matched inputs with types: [int32, array(ndim=1, dtype=mat33f), array(ndim=1, dtype=vector(length=5, dtype=float32)), array(ndim=1, dtype=int32), array(ndim=2, dtype=int32), array(ndim=2, dtype=float32), int32, array(ndim=1, dtype=int32), int32, int32, warp._src.types.bool]

======================================================================
ERROR: test_joint_drive_revolute_upY_motionY (newton.tests.test_joint_drive.TestJointDrive.test_joint_drive_revolute_upY_motionY)
----------------------------------------------------------------------
Traceback (most recent call last):
  File "/Users/aditya/robosim/.venv/lib/python3.12/site-packages/newton/tests/test_joint_drive.py", line 338, in test_joint_drive_revolute_upY_motionY
    self.run_test_joint_drive_no_limits(False, 1, 1)
  File "/Users/aditya/robosim/.venv/lib/python3.12/site-packages/newton/tests/test_joint_drive.py", line 152, in run_test_joint_drive_no_limits
    solver = SolverMuJoCo(
             ^^^^^^^^^^^^^
  File "/Users/aditya/robosim/.venv/lib/python3.12/site-packages/newton/_src/solvers/mujoco/solver_mujoco.py", line 4123, in __init__
    self._convert_to_mjc(
  File "/Users/aditya/robosim/.venv/lib/python3.12/site-packages/newton/_src/solvers/mujoco/solver_mujoco.py", line 7638, in _convert_to_mjc
    self._update_mjc_data(self.mj_data, model, state)
  File "/Users/aditya/robosim/.venv/lib/python3.12/site-packages/newton/_src/solvers/mujoco/solver_mujoco.py", line 5217, in _update_mjc_data
    wp.launch(
  File "/Users/aditya/robosim/upstream/warp-innate/warp/_src/context.py", line 12209, in launch
    module_exec = kernel.module.load(device, block_dim)
                  ^^^^^^^^^^^^^^^^^^^^^^^^^^^^^^^^^^^^^
  File "/Users/aditya/robosim/upstream/warp-innate/warp/_src/context.py", line 5016, in load
    _raise_recorded_build_error(build_error)
  File "/Users/aditya/robosim/upstream/warp-innate/warp/_src/context.py", line 4079, in _raise_recorded_build_error
    raise replay from None
warp._src.codegen.WarpCodegenError: Error while parsing function "convert_mjw_contacts_to_newton_kernel" at /Users/aditya/robosim/.venv/lib/python3.12/site-packages/newton/_src/solvers/mujoco/kernels.py:1523:
            True,
;Couldn't find function overload for 'contact_force_fn' that matched inputs with types: [int32, array(ndim=1, dtype=mat33f), array(ndim=1, dtype=vector(length=5, dtype=float32)), array(ndim=1, dtype=int32), array(ndim=2, dtype=int32), array(ndim=2, dtype=float32), int32, array(ndim=1, dtype=int32), int32, int32, warp._src.types.bool]

======================================================================
ERROR: test_joint_drive_revolute_upY_motionZ (newton.tests.test_joint_drive.TestJointDrive.test_joint_drive_revolute_upY_motionZ)
----------------------------------------------------------------------
Traceback (most recent call last):
  File "/Users/aditya/robosim/.venv/lib/python3.12/site-packages/newton/tests/test_joint_drive.py", line 341, in test_joint_drive_revolute_upY_motionZ
    self.run_test_joint_drive_no_limits(False, 1, 2)
  File "/Users/aditya/robosim/.venv/lib/python3.12/site-packages/newton/tests/test_joint_drive.py", line 152, in run_test_joint_drive_no_limits
    solver = SolverMuJoCo(
             ^^^^^^^^^^^^^
  File "/Users/aditya/robosim/.venv/lib/python3.12/site-packages/newton/_src/solvers/mujoco/solver_mujoco.py", line 4123, in __init__
    self._convert_to_mjc(
  File "/Users/aditya/robosim/.venv/lib/python3.12/site-packages/newton/_src/solvers/mujoco/solver_mujoco.py", line 7638, in _convert_to_mjc
    self._update_mjc_data(self.mj_data, model, state)
  File "/Users/aditya/robosim/.venv/lib/python3.12/site-packages/newton/_src/solvers/mujoco/solver_mujoco.py", line 5217, in _update_mjc_data
    wp.launch(
  File "/Users/aditya/robosim/upstream/warp-innate/warp/_src/context.py", line 12209, in launch
    module_exec = kernel.module.load(device, block_dim)
                  ^^^^^^^^^^^^^^^^^^^^^^^^^^^^^^^^^^^^^
  File "/Users/aditya/robosim/upstream/warp-innate/warp/_src/context.py", line 5016, in load
    _raise_recorded_build_error(build_error)
  File "/Users/aditya/robosim/upstream/warp-innate/warp/_src/context.py", line 4079, in _raise_recorded_build_error
    raise replay from None
warp._src.codegen.WarpCodegenError: Error while parsing function "convert_mjw_contacts_to_newton_kernel" at /Users/aditya/robosim/.venv/lib/python3.12/site-packages/newton/_src/solvers/mujoco/kernels.py:1523:
            True,
;Couldn't find function overload for 'contact_force_fn' that matched inputs with types: [int32, array(ndim=1, dtype=mat33f), array(ndim=1, dtype=vector(length=5, dtype=float32)), array(ndim=1, dtype=int32), array(ndim=2, dtype=int32), array(ndim=2, dtype=float32), int32, array(ndim=1, dtype=int32), int32, int32, warp._src.types.bool]

======================================================================
ERROR: test_joint_drive_revolute_upZ_motionX (newton.tests.test_joint_drive.TestJointDrive.test_joint_drive_revolute_upZ_motionX)
----------------------------------------------------------------------
Traceback (most recent call last):
  File "/Users/aditya/robosim/.venv/lib/python3.12/site-packages/newton/tests/test_joint_drive.py", line 344, in test_joint_drive_revolute_upZ_motionX
    self.run_test_joint_drive_no_limits(False, 2, 0)
  File "/Users/aditya/robosim/.venv/lib/python3.12/site-packages/newton/tests/test_joint_drive.py", line 152, in run_test_joint_drive_no_limits
    solver = SolverMuJoCo(
             ^^^^^^^^^^^^^
  File "/Users/aditya/robosim/.venv/lib/python3.12/site-packages/newton/_src/solvers/mujoco/solver_mujoco.py", line 4123, in __init__
    self._convert_to_mjc(
  File "/Users/aditya/robosim/.venv/lib/python3.12/site-packages/newton/_src/solvers/mujoco/solver_mujoco.py", line 7638, in _convert_to_mjc
    self._update_mjc_data(self.mj_data, model, state)
  File "/Users/aditya/robosim/.venv/lib/python3.12/site-packages/newton/_src/solvers/mujoco/solver_mujoco.py", line 5217, in _update_mjc_data
    wp.launch(
  File "/Users/aditya/robosim/upstream/warp-innate/warp/_src/context.py", line 12209, in launch
    module_exec = kernel.module.load(device, block_dim)
                  ^^^^^^^^^^^^^^^^^^^^^^^^^^^^^^^^^^^^^
  File "/Users/aditya/robosim/upstream/warp-innate/warp/_src/context.py", line 5016, in load
    _raise_recorded_build_error(build_error)
  File "/Users/aditya/robosim/upstream/warp-innate/warp/_src/context.py", line 4079, in _raise_recorded_build_error
    raise replay from None
warp._src.codegen.WarpCodegenError: Error while parsing function "convert_mjw_contacts_to_newton_kernel" at /Users/aditya/robosim/.venv/lib/python3.12/site-packages/newton/_src/solvers/mujoco/kernels.py:1523:
            True,
;Couldn't find function overload for 'contact_force_fn' that matched inputs with types: [int32, array(ndim=1, dtype=mat33f), array(ndim=1, dtype=vector(length=5, dtype=float32)), array(ndim=1, dtype=int32), array(ndim=2, dtype=int32), array(ndim=2, dtype=float32), int32, array(ndim=1, dtype=int32), int32, int32, warp._src.types.bool]

======================================================================
ERROR: test_joint_drive_revolute_upZ_motionY (newton.tests.test_joint_drive.TestJointDrive.test_joint_drive_revolute_upZ_motionY)
----------------------------------------------------------------------
Traceback (most recent call last):
  File "/Users/aditya/robosim/.venv/lib/python3.12/site-packages/newton/tests/test_joint_drive.py", line 347, in test_joint_drive_revolute_upZ_motionY
    self.run_test_joint_drive_no_limits(False, 2, 1)
  File "/Users/aditya/robosim/.venv/lib/python3.12/site-packages/newton/tests/test_joint_drive.py", line 152, in run_test_joint_drive_no_limits
    solver = SolverMuJoCo(
             ^^^^^^^^^^^^^
  File "/Users/aditya/robosim/.venv/lib/python3.12/site-packages/newton/_src/solvers/mujoco/solver_mujoco.py", line 4123, in __init__
    self._convert_to_mjc(
  File "/Users/aditya/robosim/.venv/lib/python3.12/site-packages/newton/_src/solvers/mujoco/solver_mujoco.py", line 7638, in _convert_to_mjc
    self._update_mjc_data(self.mj_data, model, state)
  File "/Users/aditya/robosim/.venv/lib/python3.12/site-packages/newton/_src/solvers/mujoco/solver_mujoco.py", line 5217, in _update_mjc_data
    wp.launch(
  File "/Users/aditya/robosim/upstream/warp-innate/warp/_src/context.py", line 12209, in launch
    module_exec = kernel.module.load(device, block_dim)
                  ^^^^^^^^^^^^^^^^^^^^^^^^^^^^^^^^^^^^^
  File "/Users/aditya/robosim/upstream/warp-innate/warp/_src/context.py", line 5016, in load
    _raise_recorded_build_error(build_error)
  File "/Users/aditya/robosim/upstream/warp-innate/warp/_src/context.py", line 4079, in _raise_recorded_build_error
    raise replay from None
warp._src.codegen.WarpCodegenError: Error while parsing function "convert_mjw_contacts_to_newton_kernel" at /Users/aditya/robosim/.venv/lib/python3.12/site-packages/newton/_src/solvers/mujoco/kernels.py:1523:
            True,
;Couldn't find function overload for 'contact_force_fn' that matched inputs with types: [int32, array(ndim=1, dtype=mat33f), array(ndim=1, dtype=vector(length=5, dtype=float32)), array(ndim=1, dtype=int32), array(ndim=2, dtype=int32), array(ndim=2, dtype=float32), int32, array(ndim=1, dtype=int32), int32, int32, warp._src.types.bool]

======================================================================
ERROR: test_joint_drive_revolute_upZ_motionZ (newton.tests.test_joint_drive.TestJointDrive.test_joint_drive_revolute_upZ_motionZ)
----------------------------------------------------------------------
Traceback (most recent call last):
  File "/Users/aditya/robosim/.venv/lib/python3.12/site-packages/newton/tests/test_joint_drive.py", line 350, in test_joint_drive_revolute_upZ_motionZ
    self.run_test_joint_drive_no_limits(False, 2, 2)
  File "/Users/aditya/robosim/.venv/lib/python3.12/site-packages/newton/tests/test_joint_drive.py", line 152, in run_test_joint_drive_no_limits
    solver = SolverMuJoCo(
             ^^^^^^^^^^^^^
  File "/Users/aditya/robosim/.venv/lib/python3.12/site-packages/newton/_src/solvers/mujoco/solver_mujoco.py", line 4123, in __init__
    self._convert_to_mjc(
  File "/Users/aditya/robosim/.venv/lib/python3.12/site-packages/newton/_src/solvers/mujoco/solver_mujoco.py", line 7638, in _convert_to_mjc
    self._update_mjc_data(self.mj_data, model, state)
  File "/Users/aditya/robosim/.venv/lib/python3.12/site-packages/newton/_src/solvers/mujoco/solver_mujoco.py", line 5217, in _update_mjc_data
    wp.launch(
  File "/Users/aditya/robosim/upstream/warp-innate/warp/_src/context.py", line 12209, in launch
    module_exec = kernel.module.load(device, block_dim)
                  ^^^^^^^^^^^^^^^^^^^^^^^^^^^^^^^^^^^^^
  File "/Users/aditya/robosim/upstream/warp-innate/warp/_src/context.py", line 5016, in load
    _raise_recorded_build_error(build_error)
  File "/Users/aditya/robosim/upstream/warp-innate/warp/_src/context.py", line 4079, in _raise_recorded_build_error
    raise replay from None
warp._src.codegen.WarpCodegenError: Error while parsing function "convert_mjw_contacts_to_newton_kernel" at /Users/aditya/robosim/.venv/lib/python3.12/site-packages/newton/_src/solvers/mujoco/kernels.py:1523:
            True,
;Couldn't find function overload for 'contact_force_fn' that matched inputs with types: [int32, array(ndim=1, dtype=mat33f), array(ndim=1, dtype=vector(length=5, dtype=float32)), array(ndim=1, dtype=int32), array(ndim=2, dtype=int32), array(ndim=2, dtype=float32), int32, array(ndim=1, dtype=int32), int32, int32, warp._src.types.bool]

======================================================================
ERROR: test_angular_com_stationary_mujoco_cpu_com0_ang0_cpu (newton.tests.test_body_velocity.TestBodyVelocity.test_angular_com_stationary_mujoco_cpu_com0_ang0_cpu)
----------------------------------------------------------------------
Traceback (most recent call last):
  File "/Users/aditya/robosim/.venv/lib/python3.12/site-packages/newton/tests/unittest_utils.py", line 599, in test_func
    func(self, device, **kwargs)
  File "/Users/aditya/robosim/.venv/lib/python3.12/site-packages/newton/tests/test_body_velocity.py", line 157, in test_angular_velocity_com_stationary
    solver = solver_fn(model)
             ^^^^^^^^^^^^^^^^
  File "/Users/aditya/robosim/.venv/lib/python3.12/site-packages/newton/tests/test_body_velocity.py", line 857, in <lambda>
    lambda model: newton.solvers.SolverMuJoCo(model, use_mujoco_cpu=True, disable_contacts=True),
                  ^^^^^^^^^^^^^^^^^^^^^^^^^^^^^^^^^^^^^^^^^^^^^^^^^^^^^^^^^^^^^^^^^^^^^^^^^^^^^^
  File "/Users/aditya/robosim/.venv/lib/python3.12/site-packages/newton/_src/solvers/mujoco/solver_mujoco.py", line 4123, in __init__
    self._convert_to_mjc(
  File "/Users/aditya/robosim/.venv/lib/python3.12/site-packages/newton/_src/solvers/mujoco/solver_mujoco.py", line 7638, in _convert_to_mjc
    self._update_mjc_data(self.mj_data, model, state)
  File "/Users/aditya/robosim/.venv/lib/python3.12/site-packages/newton/_src/solvers/mujoco/solver_mujoco.py", line 5217, in _update_mjc_data
    wp.launch(
  File "/Users/aditya/robosim/upstream/warp-innate/warp/_src/context.py", line 12209, in launch
    module_exec = kernel.module.load(device, block_dim)
                  ^^^^^^^^^^^^^^^^^^^^^^^^^^^^^^^^^^^^^
  File "/Users/aditya/robosim/upstream/warp-innate/warp/_src/context.py", line 5016, in load
    _raise_recorded_build_error(build_error)
  File "/Users/aditya/robosim/upstream/warp-innate/warp/_src/context.py", line 4079, in _raise_recorded_build_error
    raise replay from None
warp._src.codegen.WarpCodegenError: Error while parsing function "convert_mjw_contacts_to_newton_kernel" at /Users/aditya/robosim/.venv/lib/python3.12/site-packages/newton/_src/solvers/mujoco/kernels.py:1523:
            True,
;Couldn't find function overload for 'contact_force_fn' that matched inputs with types: [int32, array(ndim=1, dtype=mat33f), array(ndim=1, dtype=vector(length=5, dtype=float32)), array(ndim=1, dtype=int32), array(ndim=2, dtype=int32), array(ndim=2, dtype=float32), int32, array(ndim=1, dtype=int32), int32, int32, warp._src.types.bool]

======================================================================
ERROR: test_angular_com_stationary_mujoco_cpu_com0_ang1_cpu (newton.tests.test_body_velocity.TestBodyVelocity.test_angular_com_stationary_mujoco_cpu_com0_ang1_cpu)
----------------------------------------------------------------------
Traceback (most recent call last):
  File "/Users/aditya/robosim/.venv/lib/python3.12/site-packages/newton/tests/unittest_utils.py", line 599, in test_func
    func(self, device, **kwargs)
  File "/Users/aditya/robosim/.venv/lib/python3.12/site-packages/newton/tests/test_body_velocity.py", line 157, in test_angular_velocity_com_stationary
    solver = solver_fn(model)
             ^^^^^^^^^^^^^^^^
  File "/Users/aditya/robosim/.venv/lib/python3.12/site-packages/newton/tests/test_body_velocity.py", line 857, in <lambda>
    lambda model: newton.solvers.SolverMuJoCo(model, use_mujoco_cpu=True, disable_contacts=True),
                  ^^^^^^^^^^^^^^^^^^^^^^^^^^^^^^^^^^^^^^^^^^^^^^^^^^^^^^^^^^^^^^^^^^^^^^^^^^^^^^
  File "/Users/aditya/robosim/.venv/lib/python3.12/site-packages/newton/_src/solvers/mujoco/solver_mujoco.py", line 4123, in __init__
    self._convert_to_mjc(
  File "/Users/aditya/robosim/.venv/lib/python3.12/site-packages/newton/_src/solvers/mujoco/solver_mujoco.py", line 7638, in _convert_to_mjc
    self._update_mjc_data(self.mj_data, model, state)
  File "/Users/aditya/robosim/.venv/lib/python3.12/site-packages/newton/_src/solvers/mujoco/solver_mujoco.py", line 5217, in _update_mjc_data
    wp.launch(
  File "/Users/aditya/robosim/upstream/warp-innate/warp/_src/context.py", line 12209, in launch
    module_exec = kernel.module.load(device, block_dim)
                  ^^^^^^^^^^^^^^^^^^^^^^^^^^^^^^^^^^^^^
  File "/Users/aditya/robosim/upstream/warp-innate/warp/_src/context.py", line 5016, in load
    _raise_recorded_build_error(build_error)
  File "/Users/aditya/robosim/upstream/warp-innate/warp/_src/context.py", line 4079, in _raise_recorded_build_error
    raise replay from None
warp._src.codegen.WarpCodegenError: Error while parsing function "convert_mjw_contacts_to_newton_kernel" at /Users/aditya/robosim/.venv/lib/python3.12/site-packages/newton/_src/solvers/mujoco/kernels.py:1523:
            True,
;Couldn't find function overload for 'contact_force_fn' that matched inputs with types: [int32, array(ndim=1, dtype=mat33f), array(ndim=1, dtype=vector(length=5, dtype=float32)), array(ndim=1, dtype=int32), array(ndim=2, dtype=int32), array(ndim=2, dtype=float32), int32, array(ndim=1, dtype=int32), int32, int32, warp._src.types.bool]

======================================================================
ERROR: test_angular_com_stationary_mujoco_cpu_com0_ang2_cpu (newton.tests.test_body_velocity.TestBodyVelocity.test_angular_com_stationary_mujoco_cpu_com0_ang2_cpu)
----------------------------------------------------------------------
Traceback (most recent call last):
  File "/Users/aditya/robosim/.venv/lib/python3.12/site-packages/newton/tests/unittest_utils.py", line 599, in test_func
    func(self, device, **kwargs)
  File "/Users/aditya/robosim/.venv/lib/python3.12/site-packages/newton/tests/test_body_velocity.py", line 157, in test_angular_velocity_com_stationary
    solver = solver_fn(model)
             ^^^^^^^^^^^^^^^^
  File "/Users/aditya/robosim/.venv/lib/python3.12/site-packages/newton/tests/test_body_velocity.py", line 857, in <lambda>
    lambda model: newton.solvers.SolverMuJoCo(model, use_mujoco_cpu=True, disable_contacts=True),
                  ^^^^^^^^^^^^^^^^^^^^^^^^^^^^^^^^^^^^^^^^^^^^^^^^^^^^^^^^^^^^^^^^^^^^^^^^^^^^^^
  File "/Users/aditya/robosim/.venv/lib/python3.12/site-packages/newton/_src/solvers/mujoco/solver_mujoco.py", line 4123, in __init__
    self._convert_to_mjc(
  File "/Users/aditya/robosim/.venv/lib/python3.12/site-packages/newton/_src/solvers/mujoco/solver_mujoco.py", line 7638, in _convert_to_mjc
    self._update_mjc_data(self.mj_data, model, state)
  File "/Users/aditya/robosim/.venv/lib/python3.12/site-packages/newton/_src/solvers/mujoco/solver_mujoco.py", line 5217, in _update_mjc_data
    wp.launch(
  File "/Users/aditya/robosim/upstream/warp-innate/warp/_src/context.py", line 12209, in launch
    module_exec = kernel.module.load(device, block_dim)
                  ^^^^^^^^^^^^^^^^^^^^^^^^^^^^^^^^^^^^^
  File "/Users/aditya/robosim/upstream/warp-innate/warp/_src/context.py", line 5016, in load
    _raise_recorded_build_error(build_error)
  File "/Users/aditya/robosim/upstream/warp-innate/warp/_src/context.py", line 4079, in _raise_recorded_build_error
    raise replay from None
warp._src.codegen.WarpCodegenError: Error while parsing function "convert_mjw_contacts_to_newton_kernel" at /Users/aditya/robosim/.venv/lib/python3.12/site-packages/newton/_src/solvers/mujoco/kernels.py:1523:
            True,
;Couldn't find function overload for 'contact_force_fn' that matched inputs with types: [int32, array(ndim=1, dtype=mat33f), array(ndim=1, dtype=vector(length=5, dtype=float32)), array(ndim=1, dtype=int32), array(ndim=2, dtype=int32), array(ndim=2, dtype=float32), int32, array(ndim=1, dtype=int32), int32, int32, warp._src.types.bool]

======================================================================
ERROR: test_angular_com_stationary_mujoco_cpu_com1_ang0_cpu (newton.tests.test_body_velocity.TestBodyVelocity.test_angular_com_stationary_mujoco_cpu_com1_ang0_cpu)
----------------------------------------------------------------------
Traceback (most recent call last):
  File "/Users/aditya/robosim/.venv/lib/python3.12/site-packages/newton/tests/unittest_utils.py", line 599, in test_func
    func(self, device, **kwargs)
  File "/Users/aditya/robosim/.venv/lib/python3.12/site-packages/newton/tests/test_body_velocity.py", line 157, in test_angular_velocity_com_stationary
    solver = solver_fn(model)
             ^^^^^^^^^^^^^^^^
  File "/Users/aditya/robosim/.venv/lib/python3.12/site-packages/newton/tests/test_body_velocity.py", line 857, in <lambda>
    lambda model: newton.solvers.SolverMuJoCo(model, use_mujoco_cpu=True, disable_contacts=True),
                  ^^^^^^^^^^^^^^^^^^^^^^^^^^^^^^^^^^^^^^^^^^^^^^^^^^^^^^^^^^^^^^^^^^^^^^^^^^^^^^
  File "/Users/aditya/robosim/.venv/lib/python3.12/site-packages/newton/_src/solvers/mujoco/solver_mujoco.py", line 4123, in __init__
    self._convert_to_mjc(
  File "/Users/aditya/robosim/.venv/lib/python3.12/site-packages/newton/_src/solvers/mujoco/solver_mujoco.py", line 7638, in _convert_to_mjc
    self._update_mjc_data(self.mj_data, model, state)
  File "/Users/aditya/robosim/.venv/lib/python3.12/site-packages/newton/_src/solvers/mujoco/solver_mujoco.py", line 5217, in _update_mjc_data
    wp.launch(
  File "/Users/aditya/robosim/upstream/warp-innate/warp/_src/context.py", line 12209, in launch
    module_exec = kernel.module.load(device, block_dim)
                  ^^^^^^^^^^^^^^^^^^^^^^^^^^^^^^^^^^^^^
  File "/Users/aditya/robosim/upstream/warp-innate/warp/_src/context.py", line 5016, in load
    _raise_recorded_build_error(build_error)
  File "/Users/aditya/robosim/upstream/warp-innate/warp/_src/context.py", line 4079, in _raise_recorded_build_error
    raise replay from None
warp._src.codegen.WarpCodegenError: Error while parsing function "convert_mjw_contacts_to_newton_kernel" at /Users/aditya/robosim/.venv/lib/python3.12/site-packages/newton/_src/solvers/mujoco/kernels.py:1523:
            True,
;Couldn't find function overload for 'contact_force_fn' that matched inputs with types: [int32, array(ndim=1, dtype=mat33f), array(ndim=1, dtype=vector(length=5, dtype=float32)), array(ndim=1, dtype=int32), array(ndim=2, dtype=int32), array(ndim=2, dtype=float32), int32, array(ndim=1, dtype=int32), int32, int32, warp._src.types.bool]

======================================================================
ERROR: test_angular_com_stationary_mujoco_cpu_com1_ang1_cpu (newton.tests.test_body_velocity.TestBodyVelocity.test_angular_com_stationary_mujoco_cpu_com1_ang1_cpu)
----------------------------------------------------------------------
Traceback (most recent call last):
  File "/Users/aditya/robosim/.venv/lib/python3.12/site-packages/newton/tests/unittest_utils.py", line 599, in test_func
    func(self, device, **kwargs)
  File "/Users/aditya/robosim/.venv/lib/python3.12/site-packages/newton/tests/test_body_velocity.py", line 157, in test_angular_velocity_com_stationary
    solver = solver_fn(model)
             ^^^^^^^^^^^^^^^^
  File "/Users/aditya/robosim/.venv/lib/python3.12/site-packages/newton/tests/test_body_velocity.py", line 857, in <lambda>
    lambda model: newton.solvers.SolverMuJoCo(model, use_mujoco_cpu=True, disable_contacts=True),
                  ^^^^^^^^^^^^^^^^^^^^^^^^^^^^^^^^^^^^^^^^^^^^^^^^^^^^^^^^^^^^^^^^^^^^^^^^^^^^^^
  File "/Users/aditya/robosim/.venv/lib/python3.12/site-packages/newton/_src/solvers/mujoco/solver_mujoco.py", line 4123, in __init__
    self._convert_to_mjc(
  File "/Users/aditya/robosim/.venv/lib/python3.12/site-packages/newton/_src/solvers/mujoco/solver_mujoco.py", line 7638, in _convert_to_mjc
    self._update_mjc_data(self.mj_data, model, state)
  File "/Users/aditya/robosim/.venv/lib/python3.12/site-packages/newton/_src/solvers/mujoco/solver_mujoco.py", line 5217, in _update_mjc_data
    wp.launch(
  File "/Users/aditya/robosim/upstream/warp-innate/warp/_src/context.py", line 12209, in launch
    module_exec = kernel.module.load(device, block_dim)
                  ^^^^^^^^^^^^^^^^^^^^^^^^^^^^^^^^^^^^^
  File "/Users/aditya/robosim/upstream/warp-innate/warp/_src/context.py", line 5016, in load
    _raise_recorded_build_error(build_error)
  File "/Users/aditya/robosim/upstream/warp-innate/warp/_src/context.py", line 4079, in _raise_recorded_build_error
    raise replay from None
warp._src.codegen.WarpCodegenError: Error while parsing function "convert_mjw_contacts_to_newton_kernel" at /Users/aditya/robosim/.venv/lib/python3.12/site-packages/newton/_src/solvers/mujoco/kernels.py:1523:
            True,
;Couldn't find function overload for 'contact_force_fn' that matched inputs with types: [int32, array(ndim=1, dtype=mat33f), array(ndim=1, dtype=vector(length=5, dtype=float32)), array(ndim=1, dtype=int32), array(ndim=2, dtype=int32), array(ndim=2, dtype=float32), int32, array(ndim=1, dtype=int32), int32, int32, warp._src.types.bool]

======================================================================
ERROR: test_angular_com_stationary_mujoco_cpu_com1_ang2_cpu (newton.tests.test_body_velocity.TestBodyVelocity.test_angular_com_stationary_mujoco_cpu_com1_ang2_cpu)
----------------------------------------------------------------------
Traceback (most recent call last):
  File "/Users/aditya/robosim/.venv/lib/python3.12/site-packages/newton/tests/unittest_utils.py", line 599, in test_func
    func(self, device, **kwargs)
  File "/Users/aditya/robosim/.venv/lib/python3.12/site-packages/newton/tests/test_body_velocity.py", line 157, in test_angular_velocity_com_stationary
    solver = solver_fn(model)
             ^^^^^^^^^^^^^^^^
  File "/Users/aditya/robosim/.venv/lib/python3.12/site-packages/newton/tests/test_body_velocity.py", line 857, in <lambda>
    lambda model: newton.solvers.SolverMuJoCo(model, use_mujoco_cpu=True, disable_contacts=True),
                  ^^^^^^^^^^^^^^^^^^^^^^^^^^^^^^^^^^^^^^^^^^^^^^^^^^^^^^^^^^^^^^^^^^^^^^^^^^^^^^
  File "/Users/aditya/robosim/.venv/lib/python3.12/site-packages/newton/_src/solvers/mujoco/solver_mujoco.py", line 4123, in __init__
    self._convert_to_mjc(
  File "/Users/aditya/robosim/.venv/lib/python3.12/site-packages/newton/_src/solvers/mujoco/solver_mujoco.py", line 7638, in _convert_to_mjc
    self._update_mjc_data(self.mj_data, model, state)
  File "/Users/aditya/robosim/.venv/lib/python3.12/site-packages/newton/_src/solvers/mujoco/solver_mujoco.py", line 5217, in _update_mjc_data
    wp.launch(
  File "/Users/aditya/robosim/upstream/warp-innate/warp/_src/context.py", line 12209, in launch
    module_exec = kernel.module.load(device, block_dim)
                  ^^^^^^^^^^^^^^^^^^^^^^^^^^^^^^^^^^^^^
  File "/Users/aditya/robosim/upstream/warp-innate/warp/_src/context.py", line 5016, in load
    _raise_recorded_build_error(build_error)
  File "/Users/aditya/robosim/upstream/warp-innate/warp/_src/context.py", line 4079, in _raise_recorded_build_error
    raise replay from None
warp._src.codegen.WarpCodegenError: Error while parsing function "convert_mjw_contacts_to_newton_kernel" at /Users/aditya/robosim/.venv/lib/python3.12/site-packages/newton/_src/solvers/mujoco/kernels.py:1523:
            True,
;Couldn't find function overload for 'contact_force_fn' that matched inputs with types: [int32, array(ndim=1, dtype=mat33f), array(ndim=1, dtype=vector(length=5, dtype=float32)), array(ndim=1, dtype=int32), array(ndim=2, dtype=int32), array(ndim=2, dtype=float32), int32, array(ndim=1, dtype=int32), int32, int32, warp._src.types.bool]

======================================================================
ERROR: test_angular_com_stationary_mujoco_cpu_com2_ang0_cpu (newton.tests.test_body_velocity.TestBodyVelocity.test_angular_com_stationary_mujoco_cpu_com2_ang0_cpu)
----------------------------------------------------------------------
Traceback (most recent call last):
  File "/Users/aditya/robosim/.venv/lib/python3.12/site-packages/newton/tests/unittest_utils.py", line 599, in test_func
    func(self, device, **kwargs)
  File "/Users/aditya/robosim/.venv/lib/python3.12/site-packages/newton/tests/test_body_velocity.py", line 157, in test_angular_velocity_com_stationary
    solver = solver_fn(model)
             ^^^^^^^^^^^^^^^^
  File "/Users/aditya/robosim/.venv/lib/python3.12/site-packages/newton/tests/test_body_velocity.py", line 857, in <lambda>
    lambda model: newton.solvers.SolverMuJoCo(model, use_mujoco_cpu=True, disable_contacts=True),
                  ^^^^^^^^^^^^^^^^^^^^^^^^^^^^^^^^^^^^^^^^^^^^^^^^^^^^^^^^^^^^^^^^^^^^^^^^^^^^^^
  File "/Users/aditya/robosim/.venv/lib/python3.12/site-packages/newton/_src/solvers/mujoco/solver_mujoco.py", line 4123, in __init__
    self._convert_to_mjc(
  File "/Users/aditya/robosim/.venv/lib/python3.12/site-packages/newton/_src/solvers/mujoco/solver_mujoco.py", line 7638, in _convert_to_mjc
    self._update_mjc_data(self.mj_data, model, state)
  File "/Users/aditya/robosim/.venv/lib/python3.12/site-packages/newton/_src/solvers/mujoco/solver_mujoco.py", line 5217, in _update_mjc_data
    wp.launch(
  File "/Users/aditya/robosim/upstream/warp-innate/warp/_src/context.py", line 12209, in launch
    module_exec = kernel.module.load(device, block_dim)
                  ^^^^^^^^^^^^^^^^^^^^^^^^^^^^^^^^^^^^^
  File "/Users/aditya/robosim/upstream/warp-innate/warp/_src/context.py", line 5016, in load
    _raise_recorded_build_error(build_error)
  File "/Users/aditya/robosim/upstream/warp-innate/warp/_src/context.py", line 4079, in _raise_recorded_build_error
    raise replay from None
warp._src.codegen.WarpCodegenError: Error while parsing function "convert_mjw_contacts_to_newton_kernel" at /Users/aditya/robosim/.venv/lib/python3.12/site-packages/newton/_src/solvers/mujoco/kernels.py:1523:
            True,
;Couldn't find function overload for 'contact_force_fn' that matched inputs with types: [int32, array(ndim=1, dtype=mat33f), array(ndim=1, dtype=vector(length=5, dtype=float32)), array(ndim=1, dtype=int32), array(ndim=2, dtype=int32), array(ndim=2, dtype=float32), int32, array(ndim=1, dtype=int32), int32, int32, warp._src.types.bool]

======================================================================
ERROR: test_angular_com_stationary_mujoco_cpu_com2_ang1_cpu (newton.tests.test_body_velocity.TestBodyVelocity.test_angular_com_stationary_mujoco_cpu_com2_ang1_cpu)
----------------------------------------------------------------------
Traceback (most recent call last):
  File "/Users/aditya/robosim/.venv/lib/python3.12/site-packages/newton/tests/unittest_utils.py", line 599, in test_func
    func(self, device, **kwargs)
  File "/Users/aditya/robosim/.venv/lib/python3.12/site-packages/newton/tests/test_body_velocity.py", line 157, in test_angular_velocity_com_stationary
    solver = solver_fn(model)
             ^^^^^^^^^^^^^^^^
  File "/Users/aditya/robosim/.venv/lib/python3.12/site-packages/newton/tests/test_body_velocity.py", line 857, in <lambda>
    lambda model: newton.solvers.SolverMuJoCo(model, use_mujoco_cpu=True, disable_contacts=True),
                  ^^^^^^^^^^^^^^^^^^^^^^^^^^^^^^^^^^^^^^^^^^^^^^^^^^^^^^^^^^^^^^^^^^^^^^^^^^^^^^
  File "/Users/aditya/robosim/.venv/lib/python3.12/site-packages/newton/_src/solvers/mujoco/solver_mujoco.py", line 4123, in __init__
    self._convert_to_mjc(
  File "/Users/aditya/robosim/.venv/lib/python3.12/site-packages/newton/_src/solvers/mujoco/solver_mujoco.py", line 7638, in _convert_to_mjc
    self._update_mjc_data(self.mj_data, model, state)
  File "/Users/aditya/robosim/.venv/lib/python3.12/site-packages/newton/_src/solvers/mujoco/solver_mujoco.py", line 5217, in _update_mjc_data
    wp.launch(
  File "/Users/aditya/robosim/upstream/warp-innate/warp/_src/context.py", line 12209, in launch
    module_exec = kernel.module.load(device, block_dim)
                  ^^^^^^^^^^^^^^^^^^^^^^^^^^^^^^^^^^^^^
  File "/Users/aditya/robosim/upstream/warp-innate/warp/_src/context.py", line 5016, in load
    _raise_recorded_build_error(build_error)
  File "/Users/aditya/robosim/upstream/warp-innate/warp/_src/context.py", line 4079, in _raise_recorded_build_error
    raise replay from None
warp._src.codegen.WarpCodegenError: Error while parsing function "convert_mjw_contacts_to_newton_kernel" at /Users/aditya/robosim/.venv/lib/python3.12/site-packages/newton/_src/solvers/mujoco/kernels.py:1523:
            True,
;Couldn't find function overload for 'contact_force_fn' that matched inputs with types: [int32, array(ndim=1, dtype=mat33f), array(ndim=1, dtype=vector(length=5, dtype=float32)), array(ndim=1, dtype=int32), array(ndim=2, dtype=int32), array(ndim=2, dtype=float32), int32, array(ndim=1, dtype=int32), int32, int32, warp._src.types.bool]

======================================================================
ERROR: test_angular_com_stationary_mujoco_cpu_com2_ang2_cpu (newton.tests.test_body_velocity.TestBodyVelocity.test_angular_com_stationary_mujoco_cpu_com2_ang2_cpu)
----------------------------------------------------------------------
Traceback (most recent call last):
  File "/Users/aditya/robosim/.venv/lib/python3.12/site-packages/newton/tests/unittest_utils.py", line 599, in test_func
    func(self, device, **kwargs)
  File "/Users/aditya/robosim/.venv/lib/python3.12/site-packages/newton/tests/test_body_velocity.py", line 157, in test_angular_velocity_com_stationary
    solver = solver_fn(model)
             ^^^^^^^^^^^^^^^^
  File "/Users/aditya/robosim/.venv/lib/python3.12/site-packages/newton/tests/test_body_velocity.py", line 857, in <lambda>
    lambda model: newton.solvers.SolverMuJoCo(model, use_mujoco_cpu=True, disable_contacts=True),
                  ^^^^^^^^^^^^^^^^^^^^^^^^^^^^^^^^^^^^^^^^^^^^^^^^^^^^^^^^^^^^^^^^^^^^^^^^^^^^^^
  File "/Users/aditya/robosim/.venv/lib/python3.12/site-packages/newton/_src/solvers/mujoco/solver_mujoco.py", line 4123, in __init__
    self._convert_to_mjc(
  File "/Users/aditya/robosim/.venv/lib/python3.12/site-packages/newton/_src/solvers/mujoco/solver_mujoco.py", line 7638, in _convert_to_mjc
    self._update_mjc_data(self.mj_data, model, state)
  File "/Users/aditya/robosim/.venv/lib/python3.12/site-packages/newton/_src/solvers/mujoco/solver_mujoco.py", line 5217, in _update_mjc_data
    wp.launch(
  File "/Users/aditya/robosim/upstream/warp-innate/warp/_src/context.py", line 12209, in launch
    module_exec = kernel.module.load(device, block_dim)
                  ^^^^^^^^^^^^^^^^^^^^^^^^^^^^^^^^^^^^^
  File "/Users/aditya/robosim/upstream/warp-innate/warp/_src/context.py", line 5016, in load
    _raise_recorded_build_error(build_error)
  File "/Users/aditya/robosim/upstream/warp-innate/warp/_src/context.py", line 4079, in _raise_recorded_build_error
    raise replay from None
warp._src.codegen.WarpCodegenError: Error while parsing function "convert_mjw_contacts_to_newton_kernel" at /Users/aditya/robosim/.venv/lib/python3.12/site-packages/newton/_src/solvers/mujoco/kernels.py:1523:
            True,
;Couldn't find function overload for 'contact_force_fn' that matched inputs with types: [int32, array(ndim=1, dtype=mat33f), array(ndim=1, dtype=vector(length=5, dtype=float32)), array(ndim=1, dtype=int32), array(ndim=2, dtype=int32), array(ndim=2, dtype=float32), int32, array(ndim=1, dtype=int32), int32, int32, warp._src.types.bool]

======================================================================
ERROR: test_angular_com_stationary_mujoco_cpu_com3_ang0_cpu (newton.tests.test_body_velocity.TestBodyVelocity.test_angular_com_stationary_mujoco_cpu_com3_ang0_cpu)
----------------------------------------------------------------------
Traceback (most recent call last):
  File "/Users/aditya/robosim/.venv/lib/python3.12/site-packages/newton/tests/unittest_utils.py", line 599, in test_func
    func(self, device, **kwargs)
  File "/Users/aditya/robosim/.venv/lib/python3.12/site-packages/newton/tests/test_body_velocity.py", line 157, in test_angular_velocity_com_stationary
    solver = solver_fn(model)
             ^^^^^^^^^^^^^^^^
  File "/Users/aditya/robosim/.venv/lib/python3.12/site-packages/newton/tests/test_body_velocity.py", line 857, in <lambda>
    lambda model: newton.solvers.SolverMuJoCo(model, use_mujoco_cpu=True, disable_contacts=True),
                  ^^^^^^^^^^^^^^^^^^^^^^^^^^^^^^^^^^^^^^^^^^^^^^^^^^^^^^^^^^^^^^^^^^^^^^^^^^^^^^
  File "/Users/aditya/robosim/.venv/lib/python3.12/site-packages/newton/_src/solvers/mujoco/solver_mujoco.py", line 4123, in __init__
    self._convert_to_mjc(
  File "/Users/aditya/robosim/.venv/lib/python3.12/site-packages/newton/_src/solvers/mujoco/solver_mujoco.py", line 7638, in _convert_to_mjc
    self._update_mjc_data(self.mj_data, model, state)
  File "/Users/aditya/robosim/.venv/lib/python3.12/site-packages/newton/_src/solvers/mujoco/solver_mujoco.py", line 5217, in _update_mjc_data
    wp.launch(
  File "/Users/aditya/robosim/upstream/warp-innate/warp/_src/context.py", line 12209, in launch
    module_exec = kernel.module.load(device, block_dim)
                  ^^^^^^^^^^^^^^^^^^^^^^^^^^^^^^^^^^^^^
  File "/Users/aditya/robosim/upstream/warp-innate/warp/_src/context.py", line 5016, in load
    _raise_recorded_build_error(build_error)
  File "/Users/aditya/robosim/upstream/warp-innate/warp/_src/context.py", line 4079, in _raise_recorded_build_error
    raise replay from None
warp._src.codegen.WarpCodegenError: Error while parsing function "convert_mjw_contacts_to_newton_kernel" at /Users/aditya/robosim/.venv/lib/python3.12/site-packages/newton/_src/solvers/mujoco/kernels.py:1523:
            True,
;Couldn't find function overload for 'contact_force_fn' that matched inputs with types: [int32, array(ndim=1, dtype=mat33f), array(ndim=1, dtype=vector(length=5, dtype=float32)), array(ndim=1, dtype=int32), array(ndim=2, dtype=int32), array(ndim=2, dtype=float32), int32, array(ndim=1, dtype=int32), int32, int32, warp._src.types.bool]

======================================================================
ERROR: test_angular_com_stationary_mujoco_cpu_com3_ang1_cpu (newton.tests.test_body_velocity.TestBodyVelocity.test_angular_com_stationary_mujoco_cpu_com3_ang1_cpu)
----------------------------------------------------------------------
Traceback (most recent call last):
  File "/Users/aditya/robosim/.venv/lib/python3.12/site-packages/newton/tests/unittest_utils.py", line 599, in test_func
    func(self, device, **kwargs)
  File "/Users/aditya/robosim/.venv/lib/python3.12/site-packages/newton/tests/test_body_velocity.py", line 157, in test_angular_velocity_com_stationary
    solver = solver_fn(model)
             ^^^^^^^^^^^^^^^^
  File "/Users/aditya/robosim/.venv/lib/python3.12/site-packages/newton/tests/test_body_velocity.py", line 857, in <lambda>
    lambda model: newton.solvers.SolverMuJoCo(model, use_mujoco_cpu=True, disable_contacts=True),
                  ^^^^^^^^^^^^^^^^^^^^^^^^^^^^^^^^^^^^^^^^^^^^^^^^^^^^^^^^^^^^^^^^^^^^^^^^^^^^^^
  File "/Users/aditya/robosim/.venv/lib/python3.12/site-packages/newton/_src/solvers/mujoco/solver_mujoco.py", line 4123, in __init__
    self._convert_to_mjc(
  File "/Users/aditya/robosim/.venv/lib/python3.12/site-packages/newton/_src/solvers/mujoco/solver_mujoco.py", line 7638, in _convert_to_mjc
    self._update_mjc_data(self.mj_data, model, state)
  File "/Users/aditya/robosim/.venv/lib/python3.12/site-packages/newton/_src/solvers/mujoco/solver_mujoco.py", line 5217, in _update_mjc_data
    wp.launch(
  File "/Users/aditya/robosim/upstream/warp-innate/warp/_src/context.py", line 12209, in launch
    module_exec = kernel.module.load(device, block_dim)
                  ^^^^^^^^^^^^^^^^^^^^^^^^^^^^^^^^^^^^^
  File "/Users/aditya/robosim/upstream/warp-innate/warp/_src/context.py", line 5016, in load
    _raise_recorded_build_error(build_error)
  File "/Users/aditya/robosim/upstream/warp-innate/warp/_src/context.py", line 4079, in _raise_recorded_build_error
    raise replay from None
warp._src.codegen.WarpCodegenError: Error while parsing function "convert_mjw_contacts_to_newton_kernel" at /Users/aditya/robosim/.venv/lib/python3.12/site-packages/newton/_src/solvers/mujoco/kernels.py:1523:
            True,
;Couldn't find function overload for 'contact_force_fn' that matched inputs with types: [int32, array(ndim=1, dtype=mat33f), array(ndim=1, dtype=vector(length=5, dtype=float32)), array(ndim=1, dtype=int32), array(ndim=2, dtype=int32), array(ndim=2, dtype=float32), int32, array(ndim=1, dtype=int32), int32, int32, warp._src.types.bool]

======================================================================
ERROR: test_angular_com_stationary_mujoco_cpu_com3_ang2_cpu (newton.tests.test_body_velocity.TestBodyVelocity.test_angular_com_stationary_mujoco_cpu_com3_ang2_cpu)
----------------------------------------------------------------------
Traceback (most recent call last):
  File "/Users/aditya/robosim/.venv/lib/python3.12/site-packages/newton/tests/unittest_utils.py", line 599, in test_func
    func(self, device, **kwargs)
  File "/Users/aditya/robosim/.venv/lib/python3.12/site-packages/newton/tests/test_body_velocity.py", line 157, in test_angular_velocity_com_stationary
    solver = solver_fn(model)
             ^^^^^^^^^^^^^^^^
  File "/Users/aditya/robosim/.venv/lib/python3.12/site-packages/newton/tests/test_body_velocity.py", line 857, in <lambda>
    lambda model: newton.solvers.SolverMuJoCo(model, use_mujoco_cpu=True, disable_contacts=True),
                  ^^^^^^^^^^^^^^^^^^^^^^^^^^^^^^^^^^^^^^^^^^^^^^^^^^^^^^^^^^^^^^^^^^^^^^^^^^^^^^
  File "/Users/aditya/robosim/.venv/lib/python3.12/site-packages/newton/_src/solvers/mujoco/solver_mujoco.py", line 4123, in __init__
    self._convert_to_mjc(
  File "/Users/aditya/robosim/.venv/lib/python3.12/site-packages/newton/_src/solvers/mujoco/solver_mujoco.py", line 7638, in _convert_to_mjc
    self._update_mjc_data(self.mj_data, model, state)
  File "/Users/aditya/robosim/.venv/lib/python3.12/site-packages/newton/_src/solvers/mujoco/solver_mujoco.py", line 5217, in _update_mjc_data
    wp.launch(
  File "/Users/aditya/robosim/upstream/warp-innate/warp/_src/context.py", line 12209, in launch
    module_exec = kernel.module.load(device, block_dim)
                  ^^^^^^^^^^^^^^^^^^^^^^^^^^^^^^^^^^^^^
  File "/Users/aditya/robosim/upstream/warp-innate/warp/_src/context.py", line 5016, in load
    _raise_recorded_build_error(build_error)
  File "/Users/aditya/robosim/upstream/warp-innate/warp/_src/context.py", line 4079, in _raise_recorded_build_error
    raise replay from None
warp._src.codegen.WarpCodegenError: Error while parsing function "convert_mjw_contacts_to_newton_kernel" at /Users/aditya/robosim/.venv/lib/python3.12/site-packages/newton/_src/solvers/mujoco/kernels.py:1523:
            True,
;Couldn't find function overload for 'contact_force_fn' that matched inputs with types: [int32, array(ndim=1, dtype=mat33f), array(ndim=1, dtype=vector(length=5, dtype=float32)), array(ndim=1, dtype=int32), array(ndim=2, dtype=int32), array(ndim=2, dtype=float32), int32, array(ndim=1, dtype=int32), int32, int32, warp._src.types.bool]

======================================================================
ERROR: test_angular_com_stationary_mujoco_warp_com0_ang0_cpu (newton.tests.test_body_velocity.TestBodyVelocity.test_angular_com_stationary_mujoco_warp_com0_ang0_cpu)
----------------------------------------------------------------------
Traceback (most recent call last):
  File "/Users/aditya/robosim/.venv/lib/python3.12/site-packages/newton/tests/unittest_utils.py", line 599, in test_func
    func(self, device, **kwargs)
  File "/Users/aditya/robosim/.venv/lib/python3.12/site-packages/newton/tests/test_body_velocity.py", line 157, in test_angular_velocity_com_stationary
    solver = solver_fn(model)
             ^^^^^^^^^^^^^^^^
  File "/Users/aditya/robosim/.venv/lib/python3.12/site-packages/newton/tests/test_body_velocity.py", line 862, in <lambda>
    lambda model: newton.solvers.SolverMuJoCo(model, use_mujoco_cpu=False, disable_contacts=True),
                  ^^^^^^^^^^^^^^^^^^^^^^^^^^^^^^^^^^^^^^^^^^^^^^^^^^^^^^^^^^^^^^^^^^^^^^^^^^^^^^^
  File "/Users/aditya/robosim/.venv/lib/python3.12/site-packages/newton/_src/solvers/mujoco/solver_mujoco.py", line 4123, in __init__
    self._convert_to_mjc(
  File "/Users/aditya/robosim/.venv/lib/python3.12/site-packages/newton/_src/solvers/mujoco/solver_mujoco.py", line 7638, in _convert_to_mjc
    self._update_mjc_data(self.mj_data, model, state)
  File "/Users/aditya/robosim/.venv/lib/python3.12/site-packages/newton/_src/solvers/mujoco/solver_mujoco.py", line 5217, in _update_mjc_data
    wp.launch(
  File "/Users/aditya/robosim/upstream/warp-innate/warp/_src/context.py", line 12209, in launch
    module_exec = kernel.module.load(device, block_dim)
                  ^^^^^^^^^^^^^^^^^^^^^^^^^^^^^^^^^^^^^
  File "/Users/aditya/robosim/upstream/warp-innate/warp/_src/context.py", line 5016, in load
    _raise_recorded_build_error(build_error)
  File "/Users/aditya/robosim/upstream/warp-innate/warp/_src/context.py", line 4079, in _raise_recorded_build_error
    raise replay from None
warp._src.codegen.WarpCodegenError: Error while parsing function "convert_mjw_contacts_to_newton_kernel" at /Users/aditya/robosim/.venv/lib/python3.12/site-packages/newton/_src/solvers/mujoco/kernels.py:1523:
            True,
;Couldn't find function overload for 'contact_force_fn' that matched inputs with types: [int32, array(ndim=1, dtype=mat33f), array(ndim=1, dtype=vector(length=5, dtype=float32)), array(ndim=1, dtype=int32), array(ndim=2, dtype=int32), array(ndim=2, dtype=float32), int32, array(ndim=1, dtype=int32), int32, int32, warp._src.types.bool]

======================================================================
ERROR: test_angular_com_stationary_mujoco_warp_com0_ang1_cpu (newton.tests.test_body_velocity.TestBodyVelocity.test_angular_com_stationary_mujoco_warp_com0_ang1_cpu)
----------------------------------------------------------------------
Traceback (most recent call last):
  File "/Users/aditya/robosim/.venv/lib/python3.12/site-packages/newton/tests/unittest_utils.py", line 599, in test_func
    func(self, device, **kwargs)
  File "/Users/aditya/robosim/.venv/lib/python3.12/site-packages/newton/tests/test_body_velocity.py", line 157, in test_angular_velocity_com_stationary
    solver = solver_fn(model)
             ^^^^^^^^^^^^^^^^
  File "/Users/aditya/robosim/.venv/lib/python3.12/site-packages/newton/tests/test_body_velocity.py", line 862, in <lambda>
    lambda model: newton.solvers.SolverMuJoCo(model, use_mujoco_cpu=False, disable_contacts=True),
                  ^^^^^^^^^^^^^^^^^^^^^^^^^^^^^^^^^^^^^^^^^^^^^^^^^^^^^^^^^^^^^^^^^^^^^^^^^^^^^^^
  File "/Users/aditya/robosim/.venv/lib/python3.12/site-packages/newton/_src/solvers/mujoco/solver_mujoco.py", line 4123, in __init__
    self._convert_to_mjc(
  File "/Users/aditya/robosim/.venv/lib/python3.12/site-packages/newton/_src/solvers/mujoco/solver_mujoco.py", line 7638, in _convert_to_mjc
    self._update_mjc_data(self.mj_data, model, state)
  File "/Users/aditya/robosim/.venv/lib/python3.12/site-packages/newton/_src/solvers/mujoco/solver_mujoco.py", line 5217, in _update_mjc_data
    wp.launch(
  File "/Users/aditya/robosim/upstream/warp-innate/warp/_src/context.py", line 12209, in launch
    module_exec = kernel.module.load(device, block_dim)
                  ^^^^^^^^^^^^^^^^^^^^^^^^^^^^^^^^^^^^^
  File "/Users/aditya/robosim/upstream/warp-innate/warp/_src/context.py", line 5016, in load
    _raise_recorded_build_error(build_error)
  File "/Users/aditya/robosim/upstream/warp-innate/warp/_src/context.py", line 4079, in _raise_recorded_build_error
    raise replay from None
warp._src.codegen.WarpCodegenError: Error while parsing function "convert_mjw_contacts_to_newton_kernel" at /Users/aditya/robosim/.venv/lib/python3.12/site-packages/newton/_src/solvers/mujoco/kernels.py:1523:
            True,
;Couldn't find function overload for 'contact_force_fn' that matched inputs with types: [int32, array(ndim=1, dtype=mat33f), array(ndim=1, dtype=vector(length=5, dtype=float32)), array(ndim=1, dtype=int32), array(ndim=2, dtype=int32), array(ndim=2, dtype=float32), int32, array(ndim=1, dtype=int32), int32, int32, warp._src.types.bool]

======================================================================
ERROR: test_angular_com_stationary_mujoco_warp_com0_ang2_cpu (newton.tests.test_body_velocity.TestBodyVelocity.test_angular_com_stationary_mujoco_warp_com0_ang2_cpu)
----------------------------------------------------------------------
Traceback (most recent call last):
  File "/Users/aditya/robosim/.venv/lib/python3.12/site-packages/newton/tests/unittest_utils.py", line 599, in test_func
    func(self, device, **kwargs)
  File "/Users/aditya/robosim/.venv/lib/python3.12/site-packages/newton/tests/test_body_velocity.py", line 157, in test_angular_velocity_com_stationary
    solver = solver_fn(model)
             ^^^^^^^^^^^^^^^^
  File "/Users/aditya/robosim/.venv/lib/python3.12/site-packages/newton/tests/test_body_velocity.py", line 862, in <lambda>
    lambda model: newton.solvers.SolverMuJoCo(model, use_mujoco_cpu=False, disable_contacts=True),
                  ^^^^^^^^^^^^^^^^^^^^^^^^^^^^^^^^^^^^^^^^^^^^^^^^^^^^^^^^^^^^^^^^^^^^^^^^^^^^^^^
  File "/Users/aditya/robosim/.venv/lib/python3.12/site-packages/newton/_src/solvers/mujoco/solver_mujoco.py", line 4123, in __init__
    self._convert_to_mjc(
  File "/Users/aditya/robosim/.venv/lib/python3.12/site-packages/newton/_src/solvers/mujoco/solver_mujoco.py", line 7638, in _convert_to_mjc
    self._update_mjc_data(self.mj_data, model, state)
  File "/Users/aditya/robosim/.venv/lib/python3.12/site-packages/newton/_src/solvers/mujoco/solver_mujoco.py", line 5217, in _update_mjc_data
    wp.launch(
  File "/Users/aditya/robosim/upstream/warp-innate/warp/_src/context.py", line 12209, in launch
    module_exec = kernel.module.load(device, block_dim)
                  ^^^^^^^^^^^^^^^^^^^^^^^^^^^^^^^^^^^^^
  File "/Users/aditya/robosim/upstream/warp-innate/warp/_src/context.py", line 5016, in load
    _raise_recorded_build_error(build_error)
  File "/Users/aditya/robosim/upstream/warp-innate/warp/_src/context.py", line 4079, in _raise_recorded_build_error
    raise replay from None
warp._src.codegen.WarpCodegenError: Error while parsing function "convert_mjw_contacts_to_newton_kernel" at /Users/aditya/robosim/.venv/lib/python3.12/site-packages/newton/_src/solvers/mujoco/kernels.py:1523:
            True,
;Couldn't find function overload for 'contact_force_fn' that matched inputs with types: [int32, array(ndim=1, dtype=mat33f), array(ndim=1, dtype=vector(length=5, dtype=float32)), array(ndim=1, dtype=int32), array(ndim=2, dtype=int32), array(ndim=2, dtype=float32), int32, array(ndim=1, dtype=int32), int32, int32, warp._src.types.bool]

======================================================================
ERROR: test_angular_com_stationary_mujoco_warp_com1_ang0_cpu (newton.tests.test_body_velocity.TestBodyVelocity.test_angular_com_stationary_mujoco_warp_com1_ang0_cpu)
----------------------------------------------------------------------
Traceback (most recent call last):
  File "/Users/aditya/robosim/.venv/lib/python3.12/site-packages/newton/tests/unittest_utils.py", line 599, in test_func
    func(self, device, **kwargs)
  File "/Users/aditya/robosim/.venv/lib/python3.12/site-packages/newton/tests/test_body_velocity.py", line 157, in test_angular_velocity_com_stationary
    solver = solver_fn(model)
             ^^^^^^^^^^^^^^^^
  File "/Users/aditya/robosim/.venv/lib/python3.12/site-packages/newton/tests/test_body_velocity.py", line 862, in <lambda>
    lambda model: newton.solvers.SolverMuJoCo(model, use_mujoco_cpu=False, disable_contacts=True),
                  ^^^^^^^^^^^^^^^^^^^^^^^^^^^^^^^^^^^^^^^^^^^^^^^^^^^^^^^^^^^^^^^^^^^^^^^^^^^^^^^
  File "/Users/aditya/robosim/.venv/lib/python3.12/site-packages/newton/_src/solvers/mujoco/solver_mujoco.py", line 4123, in __init__
    self._convert_to_mjc(
  File "/Users/aditya/robosim/.venv/lib/python3.12/site-packages/newton/_src/solvers/mujoco/solver_mujoco.py", line 7638, in _convert_to_mjc
    self._update_mjc_data(self.mj_data, model, state)
  File "/Users/aditya/robosim/.venv/lib/python3.12/site-packages/newton/_src/solvers/mujoco/solver_mujoco.py", line 5217, in _update_mjc_data
    wp.launch(
  File "/Users/aditya/robosim/upstream/warp-innate/warp/_src/context.py", line 12209, in launch
    module_exec = kernel.module.load(device, block_dim)
                  ^^^^^^^^^^^^^^^^^^^^^^^^^^^^^^^^^^^^^
  File "/Users/aditya/robosim/upstream/warp-innate/warp/_src/context.py", line 5016, in load
    _raise_recorded_build_error(build_error)
  File "/Users/aditya/robosim/upstream/warp-innate/warp/_src/context.py", line 4079, in _raise_recorded_build_error
    raise replay from None
warp._src.codegen.WarpCodegenError: Error while parsing function "convert_mjw_contacts_to_newton_kernel" at /Users/aditya/robosim/.venv/lib/python3.12/site-packages/newton/_src/solvers/mujoco/kernels.py:1523:
            True,
;Couldn't find function overload for 'contact_force_fn' that matched inputs with types: [int32, array(ndim=1, dtype=mat33f), array(ndim=1, dtype=vector(length=5, dtype=float32)), array(ndim=1, dtype=int32), array(ndim=2, dtype=int32), array(ndim=2, dtype=float32), int32, array(ndim=1, dtype=int32), int32, int32, warp._src.types.bool]

======================================================================
ERROR: test_angular_com_stationary_mujoco_warp_com1_ang1_cpu (newton.tests.test_body_velocity.TestBodyVelocity.test_angular_com_stationary_mujoco_warp_com1_ang1_cpu)
----------------------------------------------------------------------
Traceback (most recent call last):
  File "/Users/aditya/robosim/.venv/lib/python3.12/site-packages/newton/tests/unittest_utils.py", line 599, in test_func
    func(self, device, **kwargs)
  File "/Users/aditya/robosim/.venv/lib/python3.12/site-packages/newton/tests/test_body_velocity.py", line 157, in test_angular_velocity_com_stationary
    solver = solver_fn(model)
             ^^^^^^^^^^^^^^^^
  File "/Users/aditya/robosim/.venv/lib/python3.12/site-packages/newton/tests/test_body_velocity.py", line 862, in <lambda>
    lambda model: newton.solvers.SolverMuJoCo(model, use_mujoco_cpu=False, disable_contacts=True),
                  ^^^^^^^^^^^^^^^^^^^^^^^^^^^^^^^^^^^^^^^^^^^^^^^^^^^^^^^^^^^^^^^^^^^^^^^^^^^^^^^
  File "/Users/aditya/robosim/.venv/lib/python3.12/site-packages/newton/_src/solvers/mujoco/solver_mujoco.py", line 4123, in __init__
    self._convert_to_mjc(
  File "/Users/aditya/robosim/.venv/lib/python3.12/site-packages/newton/_src/solvers/mujoco/solver_mujoco.py", line 7638, in _convert_to_mjc
    self._update_mjc_data(self.mj_data, model, state)
  File "/Users/aditya/robosim/.venv/lib/python3.12/site-packages/newton/_src/solvers/mujoco/solver_mujoco.py", line 5217, in _update_mjc_data
    wp.launch(
  File "/Users/aditya/robosim/upstream/warp-innate/warp/_src/context.py", line 12209, in launch
    module_exec = kernel.module.load(device, block_dim)
                  ^^^^^^^^^^^^^^^^^^^^^^^^^^^^^^^^^^^^^
  File "/Users/aditya/robosim/upstream/warp-innate/warp/_src/context.py", line 5016, in load
    _raise_recorded_build_error(build_error)
  File "/Users/aditya/robosim/upstream/warp-innate/warp/_src/context.py", line 4079, in _raise_recorded_build_error
    raise replay from None
warp._src.codegen.WarpCodegenError: Error while parsing function "convert_mjw_contacts_to_newton_kernel" at /Users/aditya/robosim/.venv/lib/python3.12/site-packages/newton/_src/solvers/mujoco/kernels.py:1523:
            True,
;Couldn't find function overload for 'contact_force_fn' that matched inputs with types: [int32, array(ndim=1, dtype=mat33f), array(ndim=1, dtype=vector(length=5, dtype=float32)), array(ndim=1, dtype=int32), array(ndim=2, dtype=int32), array(ndim=2, dtype=float32), int32, array(ndim=1, dtype=int32), int32, int32, warp._src.types.bool]

======================================================================
ERROR: test_angular_com_stationary_mujoco_warp_com1_ang2_cpu (newton.tests.test_body_velocity.TestBodyVelocity.test_angular_com_stationary_mujoco_warp_com1_ang2_cpu)
----------------------------------------------------------------------
Traceback (most recent call last):
  File "/Users/aditya/robosim/.venv/lib/python3.12/site-packages/newton/tests/unittest_utils.py", line 599, in test_func
    func(self, device, **kwargs)
  File "/Users/aditya/robosim/.venv/lib/python3.12/site-packages/newton/tests/test_body_velocity.py", line 157, in test_angular_velocity_com_stationary
    solver = solver_fn(model)
             ^^^^^^^^^^^^^^^^
  File "/Users/aditya/robosim/.venv/lib/python3.12/site-packages/newton/tests/test_body_velocity.py", line 862, in <lambda>
    lambda model: newton.solvers.SolverMuJoCo(model, use_mujoco_cpu=False, disable_contacts=True),
                  ^^^^^^^^^^^^^^^^^^^^^^^^^^^^^^^^^^^^^^^^^^^^^^^^^^^^^^^^^^^^^^^^^^^^^^^^^^^^^^^
  File "/Users/aditya/robosim/.venv/lib/python3.12/site-packages/newton/_src/solvers/mujoco/solver_mujoco.py", line 4123, in __init__
    self._convert_to_mjc(
  File "/Users/aditya/robosim/.venv/lib/python3.12/site-packages/newton/_src/solvers/mujoco/solver_mujoco.py", line 7638, in _convert_to_mjc
    self._update_mjc_data(self.mj_data, model, state)
  File "/Users/aditya/robosim/.venv/lib/python3.12/site-packages/newton/_src/solvers/mujoco/solver_mujoco.py", line 5217, in _update_mjc_data
    wp.launch(
  File "/Users/aditya/robosim/upstream/warp-innate/warp/_src/context.py", line 12209, in launch
    module_exec = kernel.module.load(device, block_dim)
                  ^^^^^^^^^^^^^^^^^^^^^^^^^^^^^^^^^^^^^
  File "/Users/aditya/robosim/upstream/warp-innate/warp/_src/context.py", line 5016, in load
    _raise_recorded_build_error(build_error)
  File "/Users/aditya/robosim/upstream/warp-innate/warp/_src/context.py", line 4079, in _raise_recorded_build_error
    raise replay from None
warp._src.codegen.WarpCodegenError: Error while parsing function "convert_mjw_contacts_to_newton_kernel" at /Users/aditya/robosim/.venv/lib/python3.12/site-packages/newton/_src/solvers/mujoco/kernels.py:1523:
            True,
;Couldn't find function overload for 'contact_force_fn' that matched inputs with types: [int32, array(ndim=1, dtype=mat33f), array(ndim=1, dtype=vector(length=5, dtype=float32)), array(ndim=1, dtype=int32), array(ndim=2, dtype=int32), array(ndim=2, dtype=float32), int32, array(ndim=1, dtype=int32), int32, int32, warp._src.types.bool]

======================================================================
ERROR: test_angular_com_stationary_mujoco_warp_com2_ang0_cpu (newton.tests.test_body_velocity.TestBodyVelocity.test_angular_com_stationary_mujoco_warp_com2_ang0_cpu)
----------------------------------------------------------------------
Traceback (most recent call last):
  File "/Users/aditya/robosim/.venv/lib/python3.12/site-packages/newton/tests/unittest_utils.py", line 599, in test_func
    func(self, device, **kwargs)
  File "/Users/aditya/robosim/.venv/lib/python3.12/site-packages/newton/tests/test_body_velocity.py", line 157, in test_angular_velocity_com_stationary
    solver = solver_fn(model)
             ^^^^^^^^^^^^^^^^
  File "/Users/aditya/robosim/.venv/lib/python3.12/site-packages/newton/tests/test_body_velocity.py", line 862, in <lambda>
    lambda model: newton.solvers.SolverMuJoCo(model, use_mujoco_cpu=False, disable_contacts=True),
                  ^^^^^^^^^^^^^^^^^^^^^^^^^^^^^^^^^^^^^^^^^^^^^^^^^^^^^^^^^^^^^^^^^^^^^^^^^^^^^^^
  File "/Users/aditya/robosim/.venv/lib/python3.12/site-packages/newton/_src/solvers/mujoco/solver_mujoco.py", line 4123, in __init__
    self._convert_to_mjc(
  File "/Users/aditya/robosim/.venv/lib/python3.12/site-packages/newton/_src/solvers/mujoco/solver_mujoco.py", line 7638, in _convert_to_mjc
    self._update_mjc_data(self.mj_data, model, state)
  File "/Users/aditya/robosim/.venv/lib/python3.12/site-packages/newton/_src/solvers/mujoco/solver_mujoco.py", line 5217, in _update_mjc_data
    wp.launch(
  File "/Users/aditya/robosim/upstream/warp-innate/warp/_src/context.py", line 12209, in launch
    module_exec = kernel.module.load(device, block_dim)
                  ^^^^^^^^^^^^^^^^^^^^^^^^^^^^^^^^^^^^^
  File "/Users/aditya/robosim/upstream/warp-innate/warp/_src/context.py", line 5016, in load
    _raise_recorded_build_error(build_error)
  File "/Users/aditya/robosim/upstream/warp-innate/warp/_src/context.py", line 4079, in _raise_recorded_build_error
    raise replay from None
warp._src.codegen.WarpCodegenError: Error while parsing function "convert_mjw_contacts_to_newton_kernel" at /Users/aditya/robosim/.venv/lib/python3.12/site-packages/newton/_src/solvers/mujoco/kernels.py:1523:
            True,
;Couldn't find function overload for 'contact_force_fn' that matched inputs with types: [int32, array(ndim=1, dtype=mat33f), array(ndim=1, dtype=vector(length=5, dtype=float32)), array(ndim=1, dtype=int32), array(ndim=2, dtype=int32), array(ndim=2, dtype=float32), int32, array(ndim=1, dtype=int32), int32, int32, warp._src.types.bool]

======================================================================
ERROR: test_angular_com_stationary_mujoco_warp_com2_ang1_cpu (newton.tests.test_body_velocity.TestBodyVelocity.test_angular_com_stationary_mujoco_warp_com2_ang1_cpu)
----------------------------------------------------------------------
Traceback (most recent call last):
  File "/Users/aditya/robosim/.venv/lib/python3.12/site-packages/newton/tests/unittest_utils.py", line 599, in test_func
    func(self, device, **kwargs)
  File "/Users/aditya/robosim/.venv/lib/python3.12/site-packages/newton/tests/test_body_velocity.py", line 157, in test_angular_velocity_com_stationary
    solver = solver_fn(model)
             ^^^^^^^^^^^^^^^^
  File "/Users/aditya/robosim/.venv/lib/python3.12/site-packages/newton/tests/test_body_velocity.py", line 862, in <lambda>
    lambda model: newton.solvers.SolverMuJoCo(model, use_mujoco_cpu=False, disable_contacts=True),
                  ^^^^^^^^^^^^^^^^^^^^^^^^^^^^^^^^^^^^^^^^^^^^^^^^^^^^^^^^^^^^^^^^^^^^^^^^^^^^^^^
  File "/Users/aditya/robosim/.venv/lib/python3.12/site-packages/newton/_src/solvers/mujoco/solver_mujoco.py", line 4123, in __init__
    self._convert_to_mjc(
  File "/Users/aditya/robosim/.venv/lib/python3.12/site-packages/newton/_src/solvers/mujoco/solver_mujoco.py", line 7638, in _convert_to_mjc
    self._update_mjc_data(self.mj_data, model, state)
  File "/Users/aditya/robosim/.venv/lib/python3.12/site-packages/newton/_src/solvers/mujoco/solver_mujoco.py", line 5217, in _update_mjc_data
    wp.launch(
  File "/Users/aditya/robosim/upstream/warp-innate/warp/_src/context.py", line 12209, in launch
    module_exec = kernel.module.load(device, block_dim)
                  ^^^^^^^^^^^^^^^^^^^^^^^^^^^^^^^^^^^^^
  File "/Users/aditya/robosim/upstream/warp-innate/warp/_src/context.py", line 5016, in load
    _raise_recorded_build_error(build_error)
  File "/Users/aditya/robosim/upstream/warp-innate/warp/_src/context.py", line 4079, in _raise_recorded_build_error
    raise replay from None
warp._src.codegen.WarpCodegenError: Error while parsing function "convert_mjw_contacts_to_newton_kernel" at /Users/aditya/robosim/.venv/lib/python3.12/site-packages/newton/_src/solvers/mujoco/kernels.py:1523:
            True,
;Couldn't find function overload for 'contact_force_fn' that matched inputs with types: [int32, array(ndim=1, dtype=mat33f), array(ndim=1, dtype=vector(length=5, dtype=float32)), array(ndim=1, dtype=int32), array(ndim=2, dtype=int32), array(ndim=2, dtype=float32), int32, array(ndim=1, dtype=int32), int32, int32, warp._src.types.bool]

======================================================================
ERROR: test_angular_com_stationary_mujoco_warp_com2_ang2_cpu (newton.tests.test_body_velocity.TestBodyVelocity.test_angular_com_stationary_mujoco_warp_com2_ang2_cpu)
----------------------------------------------------------------------
Traceback (most recent call last):
  File "/Users/aditya/robosim/.venv/lib/python3.12/site-packages/newton/tests/unittest_utils.py", line 599, in test_func
    func(self, device, **kwargs)
  File "/Users/aditya/robosim/.venv/lib/python3.12/site-packages/newton/tests/test_body_velocity.py", line 157, in test_angular_velocity_com_stationary
    solver = solver_fn(model)
             ^^^^^^^^^^^^^^^^
  File "/Users/aditya/robosim/.venv/lib/python3.12/site-packages/newton/tests/test_body_velocity.py", line 862, in <lambda>
    lambda model: newton.solvers.SolverMuJoCo(model, use_mujoco_cpu=False, disable_contacts=True),
                  ^^^^^^^^^^^^^^^^^^^^^^^^^^^^^^^^^^^^^^^^^^^^^^^^^^^^^^^^^^^^^^^^^^^^^^^^^^^^^^^
  File "/Users/aditya/robosim/.venv/lib/python3.12/site-packages/newton/_src/solvers/mujoco/solver_mujoco.py", line 4123, in __init__
    self._convert_to_mjc(
  File "/Users/aditya/robosim/.venv/lib/python3.12/site-packages/newton/_src/solvers/mujoco/solver_mujoco.py", line 7638, in _convert_to_mjc
    self._update_mjc_data(self.mj_data, model, state)
  File "/Users/aditya/robosim/.venv/lib/python3.12/site-packages/newton/_src/solvers/mujoco/solver_mujoco.py", line 5217, in _update_mjc_data
    wp.launch(
  File "/Users/aditya/robosim/upstream/warp-innate/warp/_src/context.py", line 12209, in launch
    module_exec = kernel.module.load(device, block_dim)
                  ^^^^^^^^^^^^^^^^^^^^^^^^^^^^^^^^^^^^^
  File "/Users/aditya/robosim/upstream/warp-innate/warp/_src/context.py", line 5016, in load
    _raise_recorded_build_error(build_error)
  File "/Users/aditya/robosim/upstream/warp-innate/warp/_src/context.py", line 4079, in _raise_recorded_build_error
    raise replay from None
warp._src.codegen.WarpCodegenError: Error while parsing function "convert_mjw_contacts_to_newton_kernel" at /Users/aditya/robosim/.venv/lib/python3.12/site-packages/newton/_src/solvers/mujoco/kernels.py:1523:
            True,
;Couldn't find function overload for 'contact_force_fn' that matched inputs with types: [int32, array(ndim=1, dtype=mat33f), array(ndim=1, dtype=vector(length=5, dtype=float32)), array(ndim=1, dtype=int32), array(ndim=2, dtype=int32), array(ndim=2, dtype=float32), int32, array(ndim=1, dtype=int32), int32, int32, warp._src.types.bool]

======================================================================
ERROR: test_angular_com_stationary_mujoco_warp_com3_ang0_cpu (newton.tests.test_body_velocity.TestBodyVelocity.test_angular_com_stationary_mujoco_warp_com3_ang0_cpu)
----------------------------------------------------------------------
Traceback (most recent call last):
  File "/Users/aditya/robosim/.venv/lib/python3.12/site-packages/newton/tests/unittest_utils.py", line 599, in test_func
    func(self, device, **kwargs)
  File "/Users/aditya/robosim/.venv/lib/python3.12/site-packages/newton/tests/test_body_velocity.py", line 157, in test_angular_velocity_com_stationary
    solver = solver_fn(model)
             ^^^^^^^^^^^^^^^^
  File "/Users/aditya/robosim/.venv/lib/python3.12/site-packages/newton/tests/test_body_velocity.py", line 862, in <lambda>
    lambda model: newton.solvers.SolverMuJoCo(model, use_mujoco_cpu=False, disable_contacts=True),
                  ^^^^^^^^^^^^^^^^^^^^^^^^^^^^^^^^^^^^^^^^^^^^^^^^^^^^^^^^^^^^^^^^^^^^^^^^^^^^^^^
  File "/Users/aditya/robosim/.venv/lib/python3.12/site-packages/newton/_src/solvers/mujoco/solver_mujoco.py", line 4123, in __init__
    self._convert_to_mjc(
  File "/Users/aditya/robosim/.venv/lib/python3.12/site-packages/newton/_src/solvers/mujoco/solver_mujoco.py", line 7638, in _convert_to_mjc
    self._update_mjc_data(self.mj_data, model, state)
  File "/Users/aditya/robosim/.venv/lib/python3.12/site-packages/newton/_src/solvers/mujoco/solver_mujoco.py", line 5217, in _update_mjc_data
    wp.launch(
  File "/Users/aditya/robosim/upstream/warp-innate/warp/_src/context.py", line 12209, in launch
    module_exec = kernel.module.load(device, block_dim)
                  ^^^^^^^^^^^^^^^^^^^^^^^^^^^^^^^^^^^^^
  File "/Users/aditya/robosim/upstream/warp-innate/warp/_src/context.py", line 5016, in load
    _raise_recorded_build_error(build_error)
  File "/Users/aditya/robosim/upstream/warp-innate/warp/_src/context.py", line 4079, in _raise_recorded_build_error
    raise replay from None
warp._src.codegen.WarpCodegenError: Error while parsing function "convert_mjw_contacts_to_newton_kernel" at /Users/aditya/robosim/.venv/lib/python3.12/site-packages/newton/_src/solvers/mujoco/kernels.py:1523:
            True,
;Couldn't find function overload for 'contact_force_fn' that matched inputs with types: [int32, array(ndim=1, dtype=mat33f), array(ndim=1, dtype=vector(length=5, dtype=float32)), array(ndim=1, dtype=int32), array(ndim=2, dtype=int32), array(ndim=2, dtype=float32), int32, array(ndim=1, dtype=int32), int32, int32, warp._src.types.bool]

======================================================================
ERROR: test_angular_com_stationary_mujoco_warp_com3_ang1_cpu (newton.tests.test_body_velocity.TestBodyVelocity.test_angular_com_stationary_mujoco_warp_com3_ang1_cpu)
----------------------------------------------------------------------
Traceback (most recent call last):
  File "/Users/aditya/robosim/.venv/lib/python3.12/site-packages/newton/tests/unittest_utils.py", line 599, in test_func
    func(self, device, **kwargs)
  File "/Users/aditya/robosim/.venv/lib/python3.12/site-packages/newton/tests/test_body_velocity.py", line 157, in test_angular_velocity_com_stationary
    solver = solver_fn(model)
             ^^^^^^^^^^^^^^^^
  File "/Users/aditya/robosim/.venv/lib/python3.12/site-packages/newton/tests/test_body_velocity.py", line 862, in <lambda>
    lambda model: newton.solvers.SolverMuJoCo(model, use_mujoco_cpu=False, disable_contacts=True),
                  ^^^^^^^^^^^^^^^^^^^^^^^^^^^^^^^^^^^^^^^^^^^^^^^^^^^^^^^^^^^^^^^^^^^^^^^^^^^^^^^
  File "/Users/aditya/robosim/.venv/lib/python3.12/site-packages/newton/_src/solvers/mujoco/solver_mujoco.py", line 4123, in __init__
    self._convert_to_mjc(
  File "/Users/aditya/robosim/.venv/lib/python3.12/site-packages/newton/_src/solvers/mujoco/solver_mujoco.py", line 7638, in _convert_to_mjc
    self._update_mjc_data(self.mj_data, model, state)
  File "/Users/aditya/robosim/.venv/lib/python3.12/site-packages/newton/_src/solvers/mujoco/solver_mujoco.py", line 5217, in _update_mjc_data
    wp.launch(
  File "/Users/aditya/robosim/upstream/warp-innate/warp/_src/context.py", line 12209, in launch
    module_exec = kernel.module.load(device, block_dim)
                  ^^^^^^^^^^^^^^^^^^^^^^^^^^^^^^^^^^^^^
  File "/Users/aditya/robosim/upstream/warp-innate/warp/_src/context.py", line 5016, in load
    _raise_recorded_build_error(build_error)
  File "/Users/aditya/robosim/upstream/warp-innate/warp/_src/context.py", line 4079, in _raise_recorded_build_error
    raise replay from None
warp._src.codegen.WarpCodegenError: Error while parsing function "convert_mjw_contacts_to_newton_kernel" at /Users/aditya/robosim/.venv/lib/python3.12/site-packages/newton/_src/solvers/mujoco/kernels.py:1523:
            True,
;Couldn't find function overload for 'contact_force_fn' that matched inputs with types: [int32, array(ndim=1, dtype=mat33f), array(ndim=1, dtype=vector(length=5, dtype=float32)), array(ndim=1, dtype=int32), array(ndim=2, dtype=int32), array(ndim=2, dtype=float32), int32, array(ndim=1, dtype=int32), int32, int32, warp._src.types.bool]

======================================================================
ERROR: test_angular_com_stationary_mujoco_warp_com3_ang2_cpu (newton.tests.test_body_velocity.TestBodyVelocity.test_angular_com_stationary_mujoco_warp_com3_ang2_cpu)
----------------------------------------------------------------------
Traceback (most recent call last):
  File "/Users/aditya/robosim/.venv/lib/python3.12/site-packages/newton/tests/unittest_utils.py", line 599, in test_func
    func(self, device, **kwargs)
  File "/Users/aditya/robosim/.venv/lib/python3.12/site-packages/newton/tests/test_body_velocity.py", line 157, in test_angular_velocity_com_stationary
    solver = solver_fn(model)
             ^^^^^^^^^^^^^^^^
  File "/Users/aditya/robosim/.venv/lib/python3.12/site-packages/newton/tests/test_body_velocity.py", line 862, in <lambda>
    lambda model: newton.solvers.SolverMuJoCo(model, use_mujoco_cpu=False, disable_contacts=True),
                  ^^^^^^^^^^^^^^^^^^^^^^^^^^^^^^^^^^^^^^^^^^^^^^^^^^^^^^^^^^^^^^^^^^^^^^^^^^^^^^^
  File "/Users/aditya/robosim/.venv/lib/python3.12/site-packages/newton/_src/solvers/mujoco/solver_mujoco.py", line 4123, in __init__
    self._convert_to_mjc(
  File "/Users/aditya/robosim/.venv/lib/python3.12/site-packages/newton/_src/solvers/mujoco/solver_mujoco.py", line 7638, in _convert_to_mjc
    self._update_mjc_data(self.mj_data, model, state)
  File "/Users/aditya/robosim/.venv/lib/python3.12/site-packages/newton/_src/solvers/mujoco/solver_mujoco.py", line 5217, in _update_mjc_data
    wp.launch(
  File "/Users/aditya/robosim/upstream/warp-innate/warp/_src/context.py", line 12209, in launch
    module_exec = kernel.module.load(device, block_dim)
                  ^^^^^^^^^^^^^^^^^^^^^^^^^^^^^^^^^^^^^
  File "/Users/aditya/robosim/upstream/warp-innate/warp/_src/context.py", line 5016, in load
    _raise_recorded_build_error(build_error)
  File "/Users/aditya/robosim/upstream/warp-innate/warp/_src/context.py", line 4079, in _raise_recorded_build_error
    raise replay from None
warp._src.codegen.WarpCodegenError: Error while parsing function "convert_mjw_contacts_to_newton_kernel" at /Users/aditya/robosim/.venv/lib/python3.12/site-packages/newton/_src/solvers/mujoco/kernels.py:1523:
            True,
;Couldn't find function overload for 'contact_force_fn' that matched inputs with types: [int32, array(ndim=1, dtype=mat33f), array(ndim=1, dtype=vector(length=5, dtype=float32)), array(ndim=1, dtype=int32), array(ndim=2, dtype=int32), array(ndim=2, dtype=float32), int32, array(ndim=1, dtype=int32), int32, int32, warp._src.types.bool]

======================================================================
ERROR: test_combined_velocity_mujoco_cpu_com0_cpu (newton.tests.test_body_velocity.TestBodyVelocity.test_combined_velocity_mujoco_cpu_com0_cpu)
----------------------------------------------------------------------
Traceback (most recent call last):
  File "/Users/aditya/robosim/.venv/lib/python3.12/site-packages/newton/tests/unittest_utils.py", line 599, in test_func
    func(self, device, **kwargs)
  File "/Users/aditya/robosim/.venv/lib/python3.12/site-packages/newton/tests/test_body_velocity.py", line 319, in test_combined_velocity
    solver = solver_fn(model)
             ^^^^^^^^^^^^^^^^
  File "/Users/aditya/robosim/.venv/lib/python3.12/site-packages/newton/tests/test_body_velocity.py", line 857, in <lambda>
    lambda model: newton.solvers.SolverMuJoCo(model, use_mujoco_cpu=True, disable_contacts=True),
                  ^^^^^^^^^^^^^^^^^^^^^^^^^^^^^^^^^^^^^^^^^^^^^^^^^^^^^^^^^^^^^^^^^^^^^^^^^^^^^^
  File "/Users/aditya/robosim/.venv/lib/python3.12/site-packages/newton/_src/solvers/mujoco/solver_mujoco.py", line 4123, in __init__
    self._convert_to_mjc(
  File "/Users/aditya/robosim/.venv/lib/python3.12/site-packages/newton/_src/solvers/mujoco/solver_mujoco.py", line 7638, in _convert_to_mjc
    self._update_mjc_data(self.mj_data, model, state)
  File "/Users/aditya/robosim/.venv/lib/python3.12/site-packages/newton/_src/solvers/mujoco/solver_mujoco.py", line 5217, in _update_mjc_data
    wp.launch(
  File "/Users/aditya/robosim/upstream/warp-innate/warp/_src/context.py", line 12209, in launch
    module_exec = kernel.module.load(device, block_dim)
                  ^^^^^^^^^^^^^^^^^^^^^^^^^^^^^^^^^^^^^
  File "/Users/aditya/robosim/upstream/warp-innate/warp/_src/context.py", line 5016, in load
    _raise_recorded_build_error(build_error)
  File "/Users/aditya/robosim/upstream/warp-innate/warp/_src/context.py", line 4079, in _raise_recorded_build_error
    raise replay from None
warp._src.codegen.WarpCodegenError: Error while parsing function "convert_mjw_contacts_to_newton_kernel" at /Users/aditya/robosim/.venv/lib/python3.12/site-packages/newton/_src/solvers/mujoco/kernels.py:1523:
            True,
;Couldn't find function overload for 'contact_force_fn' that matched inputs with types: [int32, array(ndim=1, dtype=mat33f), array(ndim=1, dtype=vector(length=5, dtype=float32)), array(ndim=1, dtype=int32), array(ndim=2, dtype=int32), array(ndim=2, dtype=float32), int32, array(ndim=1, dtype=int32), int32, int32, warp._src.types.bool]

======================================================================
ERROR: test_combined_velocity_mujoco_cpu_com1_cpu (newton.tests.test_body_velocity.TestBodyVelocity.test_combined_velocity_mujoco_cpu_com1_cpu)
----------------------------------------------------------------------
Traceback (most recent call last):
  File "/Users/aditya/robosim/.venv/lib/python3.12/site-packages/newton/tests/unittest_utils.py", line 599, in test_func
    func(self, device, **kwargs)
  File "/Users/aditya/robosim/.venv/lib/python3.12/site-packages/newton/tests/test_body_velocity.py", line 319, in test_combined_velocity
    solver = solver_fn(model)
             ^^^^^^^^^^^^^^^^
  File "/Users/aditya/robosim/.venv/lib/python3.12/site-packages/newton/tests/test_body_velocity.py", line 857, in <lambda>
    lambda model: newton.solvers.SolverMuJoCo(model, use_mujoco_cpu=True, disable_contacts=True),
                  ^^^^^^^^^^^^^^^^^^^^^^^^^^^^^^^^^^^^^^^^^^^^^^^^^^^^^^^^^^^^^^^^^^^^^^^^^^^^^^
  File "/Users/aditya/robosim/.venv/lib/python3.12/site-packages/newton/_src/solvers/mujoco/solver_mujoco.py", line 4123, in __init__
    self._convert_to_mjc(
  File "/Users/aditya/robosim/.venv/lib/python3.12/site-packages/newton/_src/solvers/mujoco/solver_mujoco.py", line 7638, in _convert_to_mjc
    self._update_mjc_data(self.mj_data, model, state)
  File "/Users/aditya/robosim/.venv/lib/python3.12/site-packages/newton/_src/solvers/mujoco/solver_mujoco.py", line 5217, in _update_mjc_data
    wp.launch(
  File "/Users/aditya/robosim/upstream/warp-innate/warp/_src/context.py", line 12209, in launch
    module_exec = kernel.module.load(device, block_dim)
                  ^^^^^^^^^^^^^^^^^^^^^^^^^^^^^^^^^^^^^
  File "/Users/aditya/robosim/upstream/warp-innate/warp/_src/context.py", line 5016, in load
    _raise_recorded_build_error(build_error)
  File "/Users/aditya/robosim/upstream/warp-innate/warp/_src/context.py", line 4079, in _raise_recorded_build_error
    raise replay from None
warp._src.codegen.WarpCodegenError: Error while parsing function "convert_mjw_contacts_to_newton_kernel" at /Users/aditya/robosim/.venv/lib/python3.12/site-packages/newton/_src/solvers/mujoco/kernels.py:1523:
            True,
;Couldn't find function overload for 'contact_force_fn' that matched inputs with types: [int32, array(ndim=1, dtype=mat33f), array(ndim=1, dtype=vector(length=5, dtype=float32)), array(ndim=1, dtype=int32), array(ndim=2, dtype=int32), array(ndim=2, dtype=float32), int32, array(ndim=1, dtype=int32), int32, int32, warp._src.types.bool]

======================================================================
ERROR: test_combined_velocity_mujoco_cpu_com2_cpu (newton.tests.test_body_velocity.TestBodyVelocity.test_combined_velocity_mujoco_cpu_com2_cpu)
----------------------------------------------------------------------
Traceback (most recent call last):
  File "/Users/aditya/robosim/.venv/lib/python3.12/site-packages/newton/tests/unittest_utils.py", line 599, in test_func
    func(self, device, **kwargs)
  File "/Users/aditya/robosim/.venv/lib/python3.12/site-packages/newton/tests/test_body_velocity.py", line 319, in test_combined_velocity
    solver = solver_fn(model)
             ^^^^^^^^^^^^^^^^
  File "/Users/aditya/robosim/.venv/lib/python3.12/site-packages/newton/tests/test_body_velocity.py", line 857, in <lambda>
    lambda model: newton.solvers.SolverMuJoCo(model, use_mujoco_cpu=True, disable_contacts=True),
                  ^^^^^^^^^^^^^^^^^^^^^^^^^^^^^^^^^^^^^^^^^^^^^^^^^^^^^^^^^^^^^^^^^^^^^^^^^^^^^^
  File "/Users/aditya/robosim/.venv/lib/python3.12/site-packages/newton/_src/solvers/mujoco/solver_mujoco.py", line 4123, in __init__
    self._convert_to_mjc(
  File "/Users/aditya/robosim/.venv/lib/python3.12/site-packages/newton/_src/solvers/mujoco/solver_mujoco.py", line 7638, in _convert_to_mjc
    self._update_mjc_data(self.mj_data, model, state)
  File "/Users/aditya/robosim/.venv/lib/python3.12/site-packages/newton/_src/solvers/mujoco/solver_mujoco.py", line 5217, in _update_mjc_data
    wp.launch(
  File "/Users/aditya/robosim/upstream/warp-innate/warp/_src/context.py", line 12209, in launch
    module_exec = kernel.module.load(device, block_dim)
                  ^^^^^^^^^^^^^^^^^^^^^^^^^^^^^^^^^^^^^
  File "/Users/aditya/robosim/upstream/warp-innate/warp/_src/context.py", line 5016, in load
    _raise_recorded_build_error(build_error)
  File "/Users/aditya/robosim/upstream/warp-innate/warp/_src/context.py", line 4079, in _raise_recorded_build_error
    raise replay from None
warp._src.codegen.WarpCodegenError: Error while parsing function "convert_mjw_contacts_to_newton_kernel" at /Users/aditya/robosim/.venv/lib/python3.12/site-packages/newton/_src/solvers/mujoco/kernels.py:1523:
            True,
;Couldn't find function overload for 'contact_force_fn' that matched inputs with types: [int32, array(ndim=1, dtype=mat33f), array(ndim=1, dtype=vector(length=5, dtype=float32)), array(ndim=1, dtype=int32), array(ndim=2, dtype=int32), array(ndim=2, dtype=float32), int32, array(ndim=1, dtype=int32), int32, int32, warp._src.types.bool]

======================================================================
ERROR: test_combined_velocity_mujoco_cpu_com3_cpu (newton.tests.test_body_velocity.TestBodyVelocity.test_combined_velocity_mujoco_cpu_com3_cpu)
----------------------------------------------------------------------
Traceback (most recent call last):
  File "/Users/aditya/robosim/.venv/lib/python3.12/site-packages/newton/tests/unittest_utils.py", line 599, in test_func
    func(self, device, **kwargs)
  File "/Users/aditya/robosim/.venv/lib/python3.12/site-packages/newton/tests/test_body_velocity.py", line 319, in test_combined_velocity
    solver = solver_fn(model)
             ^^^^^^^^^^^^^^^^
  File "/Users/aditya/robosim/.venv/lib/python3.12/site-packages/newton/tests/test_body_velocity.py", line 857, in <lambda>
    lambda model: newton.solvers.SolverMuJoCo(model, use_mujoco_cpu=True, disable_contacts=True),
                  ^^^^^^^^^^^^^^^^^^^^^^^^^^^^^^^^^^^^^^^^^^^^^^^^^^^^^^^^^^^^^^^^^^^^^^^^^^^^^^
  File "/Users/aditya/robosim/.venv/lib/python3.12/site-packages/newton/_src/solvers/mujoco/solver_mujoco.py", line 4123, in __init__
    self._convert_to_mjc(
  File "/Users/aditya/robosim/.venv/lib/python3.12/site-packages/newton/_src/solvers/mujoco/solver_mujoco.py", line 7638, in _convert_to_mjc
    self._update_mjc_data(self.mj_data, model, state)
  File "/Users/aditya/robosim/.venv/lib/python3.12/site-packages/newton/_src/solvers/mujoco/solver_mujoco.py", line 5217, in _update_mjc_data
    wp.launch(
  File "/Users/aditya/robosim/upstream/warp-innate/warp/_src/context.py", line 12209, in launch
    module_exec = kernel.module.load(device, block_dim)
                  ^^^^^^^^^^^^^^^^^^^^^^^^^^^^^^^^^^^^^
  File "/Users/aditya/robosim/upstream/warp-innate/warp/_src/context.py", line 5016, in load
    _raise_recorded_build_error(build_error)
  File "/Users/aditya/robosim/upstream/warp-innate/warp/_src/context.py", line 4079, in _raise_recorded_build_error
    raise replay from None
warp._src.codegen.WarpCodegenError: Error while parsing function "convert_mjw_contacts_to_newton_kernel" at /Users/aditya/robosim/.venv/lib/python3.12/site-packages/newton/_src/solvers/mujoco/kernels.py:1523:
            True,
;Couldn't find function overload for 'contact_force_fn' that matched inputs with types: [int32, array(ndim=1, dtype=mat33f), array(ndim=1, dtype=vector(length=5, dtype=float32)), array(ndim=1, dtype=int32), array(ndim=2, dtype=int32), array(ndim=2, dtype=float32), int32, array(ndim=1, dtype=int32), int32, int32, warp._src.types.bool]

======================================================================
ERROR: test_combined_velocity_mujoco_warp_com0_cpu (newton.tests.test_body_velocity.TestBodyVelocity.test_combined_velocity_mujoco_warp_com0_cpu)
----------------------------------------------------------------------
Traceback (most recent call last):
  File "/Users/aditya/robosim/.venv/lib/python3.12/site-packages/newton/tests/unittest_utils.py", line 599, in test_func
    func(self, device, **kwargs)
  File "/Users/aditya/robosim/.venv/lib/python3.12/site-packages/newton/tests/test_body_velocity.py", line 319, in test_combined_velocity
    solver = solver_fn(model)
             ^^^^^^^^^^^^^^^^
  File "/Users/aditya/robosim/.venv/lib/python3.12/site-packages/newton/tests/test_body_velocity.py", line 862, in <lambda>
    lambda model: newton.solvers.SolverMuJoCo(model, use_mujoco_cpu=False, disable_contacts=True),
                  ^^^^^^^^^^^^^^^^^^^^^^^^^^^^^^^^^^^^^^^^^^^^^^^^^^^^^^^^^^^^^^^^^^^^^^^^^^^^^^^
  File "/Users/aditya/robosim/.venv/lib/python3.12/site-packages/newton/_src/solvers/mujoco/solver_mujoco.py", line 4123, in __init__
    self._convert_to_mjc(
  File "/Users/aditya/robosim/.venv/lib/python3.12/site-packages/newton/_src/solvers/mujoco/solver_mujoco.py", line 7638, in _convert_to_mjc
    self._update_mjc_data(self.mj_data, model, state)
  File "/Users/aditya/robosim/.venv/lib/python3.12/site-packages/newton/_src/solvers/mujoco/solver_mujoco.py", line 5217, in _update_mjc_data
    wp.launch(
  File "/Users/aditya/robosim/upstream/warp-innate/warp/_src/context.py", line 12209, in launch
    module_exec = kernel.module.load(device, block_dim)
                  ^^^^^^^^^^^^^^^^^^^^^^^^^^^^^^^^^^^^^
  File "/Users/aditya/robosim/upstream/warp-innate/warp/_src/context.py", line 5016, in load
    _raise_recorded_build_error(build_error)
  File "/Users/aditya/robosim/upstream/warp-innate/warp/_src/context.py", line 4079, in _raise_recorded_build_error
    raise replay from None
warp._src.codegen.WarpCodegenError: Error while parsing function "convert_mjw_contacts_to_newton_kernel" at /Users/aditya/robosim/.venv/lib/python3.12/site-packages/newton/_src/solvers/mujoco/kernels.py:1523:
            True,
;Couldn't find function overload for 'contact_force_fn' that matched inputs with types: [int32, array(ndim=1, dtype=mat33f), array(ndim=1, dtype=vector(length=5, dtype=float32)), array(ndim=1, dtype=int32), array(ndim=2, dtype=int32), array(ndim=2, dtype=float32), int32, array(ndim=1, dtype=int32), int32, int32, warp._src.types.bool]

======================================================================
ERROR: test_combined_velocity_mujoco_warp_com1_cpu (newton.tests.test_body_velocity.TestBodyVelocity.test_combined_velocity_mujoco_warp_com1_cpu)
----------------------------------------------------------------------
Traceback (most recent call last):
  File "/Users/aditya/robosim/.venv/lib/python3.12/site-packages/newton/tests/unittest_utils.py", line 599, in test_func
    func(self, device, **kwargs)
  File "/Users/aditya/robosim/.venv/lib/python3.12/site-packages/newton/tests/test_body_velocity.py", line 319, in test_combined_velocity
    solver = solver_fn(model)
             ^^^^^^^^^^^^^^^^
  File "/Users/aditya/robosim/.venv/lib/python3.12/site-packages/newton/tests/test_body_velocity.py", line 862, in <lambda>
    lambda model: newton.solvers.SolverMuJoCo(model, use_mujoco_cpu=False, disable_contacts=True),
                  ^^^^^^^^^^^^^^^^^^^^^^^^^^^^^^^^^^^^^^^^^^^^^^^^^^^^^^^^^^^^^^^^^^^^^^^^^^^^^^^
  File "/Users/aditya/robosim/.venv/lib/python3.12/site-packages/newton/_src/solvers/mujoco/solver_mujoco.py", line 4123, in __init__
    self._convert_to_mjc(
  File "/Users/aditya/robosim/.venv/lib/python3.12/site-packages/newton/_src/solvers/mujoco/solver_mujoco.py", line 7638, in _convert_to_mjc
    self._update_mjc_data(self.mj_data, model, state)
  File "/Users/aditya/robosim/.venv/lib/python3.12/site-packages/newton/_src/solvers/mujoco/solver_mujoco.py", line 5217, in _update_mjc_data
    wp.launch(
  File "/Users/aditya/robosim/upstream/warp-innate/warp/_src/context.py", line 12209, in launch
    module_exec = kernel.module.load(device, block_dim)
                  ^^^^^^^^^^^^^^^^^^^^^^^^^^^^^^^^^^^^^
  File "/Users/aditya/robosim/upstream/warp-innate/warp/_src/context.py", line 5016, in load
    _raise_recorded_build_error(build_error)
  File "/Users/aditya/robosim/upstream/warp-innate/warp/_src/context.py", line 4079, in _raise_recorded_build_error
    raise replay from None
warp._src.codegen.WarpCodegenError: Error while parsing function "convert_mjw_contacts_to_newton_kernel" at /Users/aditya/robosim/.venv/lib/python3.12/site-packages/newton/_src/solvers/mujoco/kernels.py:1523:
            True,
;Couldn't find function overload for 'contact_force_fn' that matched inputs with types: [int32, array(ndim=1, dtype=mat33f), array(ndim=1, dtype=vector(length=5, dtype=float32)), array(ndim=1, dtype=int32), array(ndim=2, dtype=int32), array(ndim=2, dtype=float32), int32, array(ndim=1, dtype=int32), int32, int32, warp._src.types.bool]

======================================================================
ERROR: test_combined_velocity_mujoco_warp_com2_cpu (newton.tests.test_body_velocity.TestBodyVelocity.test_combined_velocity_mujoco_warp_com2_cpu)
----------------------------------------------------------------------
Traceback (most recent call last):
  File "/Users/aditya/robosim/.venv/lib/python3.12/site-packages/newton/tests/unittest_utils.py", line 599, in test_func
    func(self, device, **kwargs)
  File "/Users/aditya/robosim/.venv/lib/python3.12/site-packages/newton/tests/test_body_velocity.py", line 319, in test_combined_velocity
    solver = solver_fn(model)
             ^^^^^^^^^^^^^^^^
  File "/Users/aditya/robosim/.venv/lib/python3.12/site-packages/newton/tests/test_body_velocity.py", line 862, in <lambda>
    lambda model: newton.solvers.SolverMuJoCo(model, use_mujoco_cpu=False, disable_contacts=True),
                  ^^^^^^^^^^^^^^^^^^^^^^^^^^^^^^^^^^^^^^^^^^^^^^^^^^^^^^^^^^^^^^^^^^^^^^^^^^^^^^^
  File "/Users/aditya/robosim/.venv/lib/python3.12/site-packages/newton/_src/solvers/mujoco/solver_mujoco.py", line 4123, in __init__
    self._convert_to_mjc(
  File "/Users/aditya/robosim/.venv/lib/python3.12/site-packages/newton/_src/solvers/mujoco/solver_mujoco.py", line 7638, in _convert_to_mjc
    self._update_mjc_data(self.mj_data, model, state)
  File "/Users/aditya/robosim/.venv/lib/python3.12/site-packages/newton/_src/solvers/mujoco/solver_mujoco.py", line 5217, in _update_mjc_data
    wp.launch(
  File "/Users/aditya/robosim/upstream/warp-innate/warp/_src/context.py", line 12209, in launch
    module_exec = kernel.module.load(device, block_dim)
                  ^^^^^^^^^^^^^^^^^^^^^^^^^^^^^^^^^^^^^
  File "/Users/aditya/robosim/upstream/warp-innate/warp/_src/context.py", line 5016, in load
    _raise_recorded_build_error(build_error)
  File "/Users/aditya/robosim/upstream/warp-innate/warp/_src/context.py", line 4079, in _raise_recorded_build_error
    raise replay from None
warp._src.codegen.WarpCodegenError: Error while parsing function "convert_mjw_contacts_to_newton_kernel" at /Users/aditya/robosim/.venv/lib/python3.12/site-packages/newton/_src/solvers/mujoco/kernels.py:1523:
            True,
;Couldn't find function overload for 'contact_force_fn' that matched inputs with types: [int32, array(ndim=1, dtype=mat33f), array(ndim=1, dtype=vector(length=5, dtype=float32)), array(ndim=1, dtype=int32), array(ndim=2, dtype=int32), array(ndim=2, dtype=float32), int32, array(ndim=1, dtype=int32), int32, int32, warp._src.types.bool]

======================================================================
ERROR: test_combined_velocity_mujoco_warp_com3_cpu (newton.tests.test_body_velocity.TestBodyVelocity.test_combined_velocity_mujoco_warp_com3_cpu)
----------------------------------------------------------------------
Traceback (most recent call last):
  File "/Users/aditya/robosim/.venv/lib/python3.12/site-packages/newton/tests/unittest_utils.py", line 599, in test_func
    func(self, device, **kwargs)
  File "/Users/aditya/robosim/.venv/lib/python3.12/site-packages/newton/tests/test_body_velocity.py", line 319, in test_combined_velocity
    solver = solver_fn(model)
             ^^^^^^^^^^^^^^^^
  File "/Users/aditya/robosim/.venv/lib/python3.12/site-packages/newton/tests/test_body_velocity.py", line 862, in <lambda>
    lambda model: newton.solvers.SolverMuJoCo(model, use_mujoco_cpu=False, disable_contacts=True),
                  ^^^^^^^^^^^^^^^^^^^^^^^^^^^^^^^^^^^^^^^^^^^^^^^^^^^^^^^^^^^^^^^^^^^^^^^^^^^^^^^
  File "/Users/aditya/robosim/.venv/lib/python3.12/site-packages/newton/_src/solvers/mujoco/solver_mujoco.py", line 4123, in __init__
    self._convert_to_mjc(
  File "/Users/aditya/robosim/.venv/lib/python3.12/site-packages/newton/_src/solvers/mujoco/solver_mujoco.py", line 7638, in _convert_to_mjc
    self._update_mjc_data(self.mj_data, model, state)
  File "/Users/aditya/robosim/.venv/lib/python3.12/site-packages/newton/_src/solvers/mujoco/solver_mujoco.py", line 5217, in _update_mjc_data
    wp.launch(
  File "/Users/aditya/robosim/upstream/warp-innate/warp/_src/context.py", line 12209, in launch
    module_exec = kernel.module.load(device, block_dim)
                  ^^^^^^^^^^^^^^^^^^^^^^^^^^^^^^^^^^^^^
  File "/Users/aditya/robosim/upstream/warp-innate/warp/_src/context.py", line 5016, in load
    _raise_recorded_build_error(build_error)
  File "/Users/aditya/robosim/upstream/warp-innate/warp/_src/context.py", line 4079, in _raise_recorded_build_error
    raise replay from None
warp._src.codegen.WarpCodegenError: Error while parsing function "convert_mjw_contacts_to_newton_kernel" at /Users/aditya/robosim/.venv/lib/python3.12/site-packages/newton/_src/solvers/mujoco/kernels.py:1523:
            True,
;Couldn't find function overload for 'contact_force_fn' that matched inputs with types: [int32, array(ndim=1, dtype=mat33f), array(ndim=1, dtype=vector(length=5, dtype=float32)), array(ndim=1, dtype=int32), array(ndim=2, dtype=int32), array(ndim=2, dtype=float32), int32, array(ndim=1, dtype=int32), int32, int32, warp._src.types.bool]

======================================================================
ERROR: test_linear_com_moves_mujoco_cpu_com0_lin0_cpu (newton.tests.test_body_velocity.TestBodyVelocity.test_linear_com_moves_mujoco_cpu_com0_lin0_cpu)
----------------------------------------------------------------------
Traceback (most recent call last):
  File "/Users/aditya/robosim/.venv/lib/python3.12/site-packages/newton/tests/unittest_utils.py", line 599, in test_func
    func(self, device, **kwargs)
  File "/Users/aditya/robosim/.venv/lib/python3.12/site-packages/newton/tests/test_body_velocity.py", line 245, in test_linear_velocity_com_moves
    solver = solver_fn(model)
             ^^^^^^^^^^^^^^^^
  File "/Users/aditya/robosim/.venv/lib/python3.12/site-packages/newton/tests/test_body_velocity.py", line 857, in <lambda>
    lambda model: newton.solvers.SolverMuJoCo(model, use_mujoco_cpu=True, disable_contacts=True),
                  ^^^^^^^^^^^^^^^^^^^^^^^^^^^^^^^^^^^^^^^^^^^^^^^^^^^^^^^^^^^^^^^^^^^^^^^^^^^^^^
  File "/Users/aditya/robosim/.venv/lib/python3.12/site-packages/newton/_src/solvers/mujoco/solver_mujoco.py", line 4123, in __init__
    self._convert_to_mjc(
  File "/Users/aditya/robosim/.venv/lib/python3.12/site-packages/newton/_src/solvers/mujoco/solver_mujoco.py", line 7638, in _convert_to_mjc
    self._update_mjc_data(self.mj_data, model, state)
  File "/Users/aditya/robosim/.venv/lib/python3.12/site-packages/newton/_src/solvers/mujoco/solver_mujoco.py", line 5217, in _update_mjc_data
    wp.launch(
  File "/Users/aditya/robosim/upstream/warp-innate/warp/_src/context.py", line 12209, in launch
    module_exec = kernel.module.load(device, block_dim)
                  ^^^^^^^^^^^^^^^^^^^^^^^^^^^^^^^^^^^^^
  File "/Users/aditya/robosim/upstream/warp-innate/warp/_src/context.py", line 5016, in load
    _raise_recorded_build_error(build_error)
  File "/Users/aditya/robosim/upstream/warp-innate/warp/_src/context.py", line 4079, in _raise_recorded_build_error
    raise replay from None
warp._src.codegen.WarpCodegenError: Error while parsing function "convert_mjw_contacts_to_newton_kernel" at /Users/aditya/robosim/.venv/lib/python3.12/site-packages/newton/_src/solvers/mujoco/kernels.py:1523:
            True,
;Couldn't find function overload for 'contact_force_fn' that matched inputs with types: [int32, array(ndim=1, dtype=mat33f), array(ndim=1, dtype=vector(length=5, dtype=float32)), array(ndim=1, dtype=int32), array(ndim=2, dtype=int32), array(ndim=2, dtype=float32), int32, array(ndim=1, dtype=int32), int32, int32, warp._src.types.bool]

======================================================================
ERROR: test_linear_com_moves_mujoco_cpu_com0_lin1_cpu (newton.tests.test_body_velocity.TestBodyVelocity.test_linear_com_moves_mujoco_cpu_com0_lin1_cpu)
----------------------------------------------------------------------
Traceback (most recent call last):
  File "/Users/aditya/robosim/.venv/lib/python3.12/site-packages/newton/tests/unittest_utils.py", line 599, in test_func
    func(self, device, **kwargs)
  File "/Users/aditya/robosim/.venv/lib/python3.12/site-packages/newton/tests/test_body_velocity.py", line 245, in test_linear_velocity_com_moves
    solver = solver_fn(model)
             ^^^^^^^^^^^^^^^^
  File "/Users/aditya/robosim/.venv/lib/python3.12/site-packages/newton/tests/test_body_velocity.py", line 857, in <lambda>
    lambda model: newton.solvers.SolverMuJoCo(model, use_mujoco_cpu=True, disable_contacts=True),
                  ^^^^^^^^^^^^^^^^^^^^^^^^^^^^^^^^^^^^^^^^^^^^^^^^^^^^^^^^^^^^^^^^^^^^^^^^^^^^^^
  File "/Users/aditya/robosim/.venv/lib/python3.12/site-packages/newton/_src/solvers/mujoco/solver_mujoco.py", line 4123, in __init__
    self._convert_to_mjc(
  File "/Users/aditya/robosim/.venv/lib/python3.12/site-packages/newton/_src/solvers/mujoco/solver_mujoco.py", line 7638, in _convert_to_mjc
    self._update_mjc_data(self.mj_data, model, state)
  File "/Users/aditya/robosim/.venv/lib/python3.12/site-packages/newton/_src/solvers/mujoco/solver_mujoco.py", line 5217, in _update_mjc_data
    wp.launch(
  File "/Users/aditya/robosim/upstream/warp-innate/warp/_src/context.py", line 12209, in launch
    module_exec = kernel.module.load(device, block_dim)
                  ^^^^^^^^^^^^^^^^^^^^^^^^^^^^^^^^^^^^^
  File "/Users/aditya/robosim/upstream/warp-innate/warp/_src/context.py", line 5016, in load
    _raise_recorded_build_error(build_error)
  File "/Users/aditya/robosim/upstream/warp-innate/warp/_src/context.py", line 4079, in _raise_recorded_build_error
    raise replay from None
warp._src.codegen.WarpCodegenError: Error while parsing function "convert_mjw_contacts_to_newton_kernel" at /Users/aditya/robosim/.venv/lib/python3.12/site-packages/newton/_src/solvers/mujoco/kernels.py:1523:
            True,
;Couldn't find function overload for 'contact_force_fn' that matched inputs with types: [int32, array(ndim=1, dtype=mat33f), array(ndim=1, dtype=vector(length=5, dtype=float32)), array(ndim=1, dtype=int32), array(ndim=2, dtype=int32), array(ndim=2, dtype=float32), int32, array(ndim=1, dtype=int32), int32, int32, warp._src.types.bool]

======================================================================
ERROR: test_linear_com_moves_mujoco_cpu_com0_lin2_cpu (newton.tests.test_body_velocity.TestBodyVelocity.test_linear_com_moves_mujoco_cpu_com0_lin2_cpu)
----------------------------------------------------------------------
Traceback (most recent call last):
  File "/Users/aditya/robosim/.venv/lib/python3.12/site-packages/newton/tests/unittest_utils.py", line 599, in test_func
    func(self, device, **kwargs)
  File "/Users/aditya/robosim/.venv/lib/python3.12/site-packages/newton/tests/test_body_velocity.py", line 245, in test_linear_velocity_com_moves
    solver = solver_fn(model)
             ^^^^^^^^^^^^^^^^
  File "/Users/aditya/robosim/.venv/lib/python3.12/site-packages/newton/tests/test_body_velocity.py", line 857, in <lambda>
    lambda model: newton.solvers.SolverMuJoCo(model, use_mujoco_cpu=True, disable_contacts=True),
                  ^^^^^^^^^^^^^^^^^^^^^^^^^^^^^^^^^^^^^^^^^^^^^^^^^^^^^^^^^^^^^^^^^^^^^^^^^^^^^^
  File "/Users/aditya/robosim/.venv/lib/python3.12/site-packages/newton/_src/solvers/mujoco/solver_mujoco.py", line 4123, in __init__
    self._convert_to_mjc(
  File "/Users/aditya/robosim/.venv/lib/python3.12/site-packages/newton/_src/solvers/mujoco/solver_mujoco.py", line 7638, in _convert_to_mjc
    self._update_mjc_data(self.mj_data, model, state)
  File "/Users/aditya/robosim/.venv/lib/python3.12/site-packages/newton/_src/solvers/mujoco/solver_mujoco.py", line 5217, in _update_mjc_data
    wp.launch(
  File "/Users/aditya/robosim/upstream/warp-innate/warp/_src/context.py", line 12209, in launch
    module_exec = kernel.module.load(device, block_dim)
                  ^^^^^^^^^^^^^^^^^^^^^^^^^^^^^^^^^^^^^
  File "/Users/aditya/robosim/upstream/warp-innate/warp/_src/context.py", line 5016, in load
    _raise_recorded_build_error(build_error)
  File "/Users/aditya/robosim/upstream/warp-innate/warp/_src/context.py", line 4079, in _raise_recorded_build_error
    raise replay from None
warp._src.codegen.WarpCodegenError: Error while parsing function "convert_mjw_contacts_to_newton_kernel" at /Users/aditya/robosim/.venv/lib/python3.12/site-packages/newton/_src/solvers/mujoco/kernels.py:1523:
            True,
;Couldn't find function overload for 'contact_force_fn' that matched inputs with types: [int32, array(ndim=1, dtype=mat33f), array(ndim=1, dtype=vector(length=5, dtype=float32)), array(ndim=1, dtype=int32), array(ndim=2, dtype=int32), array(ndim=2, dtype=float32), int32, array(ndim=1, dtype=int32), int32, int32, warp._src.types.bool]

======================================================================
ERROR: test_linear_com_moves_mujoco_cpu_com1_lin0_cpu (newton.tests.test_body_velocity.TestBodyVelocity.test_linear_com_moves_mujoco_cpu_com1_lin0_cpu)
----------------------------------------------------------------------
Traceback (most recent call last):
  File "/Users/aditya/robosim/.venv/lib/python3.12/site-packages/newton/tests/unittest_utils.py", line 599, in test_func
    func(self, device, **kwargs)
  File "/Users/aditya/robosim/.venv/lib/python3.12/site-packages/newton/tests/test_body_velocity.py", line 245, in test_linear_velocity_com_moves
    solver = solver_fn(model)
             ^^^^^^^^^^^^^^^^
  File "/Users/aditya/robosim/.venv/lib/python3.12/site-packages/newton/tests/test_body_velocity.py", line 857, in <lambda>
    lambda model: newton.solvers.SolverMuJoCo(model, use_mujoco_cpu=True, disable_contacts=True),
                  ^^^^^^^^^^^^^^^^^^^^^^^^^^^^^^^^^^^^^^^^^^^^^^^^^^^^^^^^^^^^^^^^^^^^^^^^^^^^^^
  File "/Users/aditya/robosim/.venv/lib/python3.12/site-packages/newton/_src/solvers/mujoco/solver_mujoco.py", line 4123, in __init__
    self._convert_to_mjc(
  File "/Users/aditya/robosim/.venv/lib/python3.12/site-packages/newton/_src/solvers/mujoco/solver_mujoco.py", line 7638, in _convert_to_mjc
    self._update_mjc_data(self.mj_data, model, state)
  File "/Users/aditya/robosim/.venv/lib/python3.12/site-packages/newton/_src/solvers/mujoco/solver_mujoco.py", line 5217, in _update_mjc_data
    wp.launch(
  File "/Users/aditya/robosim/upstream/warp-innate/warp/_src/context.py", line 12209, in launch
    module_exec = kernel.module.load(device, block_dim)
                  ^^^^^^^^^^^^^^^^^^^^^^^^^^^^^^^^^^^^^
  File "/Users/aditya/robosim/upstream/warp-innate/warp/_src/context.py", line 5016, in load
    _raise_recorded_build_error(build_error)
  File "/Users/aditya/robosim/upstream/warp-innate/warp/_src/context.py", line 4079, in _raise_recorded_build_error
    raise replay from None
warp._src.codegen.WarpCodegenError: Error while parsing function "convert_mjw_contacts_to_newton_kernel" at /Users/aditya/robosim/.venv/lib/python3.12/site-packages/newton/_src/solvers/mujoco/kernels.py:1523:
            True,
;Couldn't find function overload for 'contact_force_fn' that matched inputs with types: [int32, array(ndim=1, dtype=mat33f), array(ndim=1, dtype=vector(length=5, dtype=float32)), array(ndim=1, dtype=int32), array(ndim=2, dtype=int32), array(ndim=2, dtype=float32), int32, array(ndim=1, dtype=int32), int32, int32, warp._src.types.bool]

======================================================================
ERROR: test_linear_com_moves_mujoco_cpu_com1_lin1_cpu (newton.tests.test_body_velocity.TestBodyVelocity.test_linear_com_moves_mujoco_cpu_com1_lin1_cpu)
----------------------------------------------------------------------
Traceback (most recent call last):
  File "/Users/aditya/robosim/.venv/lib/python3.12/site-packages/newton/tests/unittest_utils.py", line 599, in test_func
    func(self, device, **kwargs)
  File "/Users/aditya/robosim/.venv/lib/python3.12/site-packages/newton/tests/test_body_velocity.py", line 245, in test_linear_velocity_com_moves
    solver = solver_fn(model)
             ^^^^^^^^^^^^^^^^
  File "/Users/aditya/robosim/.venv/lib/python3.12/site-packages/newton/tests/test_body_velocity.py", line 857, in <lambda>
    lambda model: newton.solvers.SolverMuJoCo(model, use_mujoco_cpu=True, disable_contacts=True),
                  ^^^^^^^^^^^^^^^^^^^^^^^^^^^^^^^^^^^^^^^^^^^^^^^^^^^^^^^^^^^^^^^^^^^^^^^^^^^^^^
  File "/Users/aditya/robosim/.venv/lib/python3.12/site-packages/newton/_src/solvers/mujoco/solver_mujoco.py", line 4123, in __init__
    self._convert_to_mjc(
  File "/Users/aditya/robosim/.venv/lib/python3.12/site-packages/newton/_src/solvers/mujoco/solver_mujoco.py", line 7638, in _convert_to_mjc
    self._update_mjc_data(self.mj_data, model, state)
  File "/Users/aditya/robosim/.venv/lib/python3.12/site-packages/newton/_src/solvers/mujoco/solver_mujoco.py", line 5217, in _update_mjc_data
    wp.launch(
  File "/Users/aditya/robosim/upstream/warp-innate/warp/_src/context.py", line 12209, in launch
    module_exec = kernel.module.load(device, block_dim)
                  ^^^^^^^^^^^^^^^^^^^^^^^^^^^^^^^^^^^^^
  File "/Users/aditya/robosim/upstream/warp-innate/warp/_src/context.py", line 5016, in load
    _raise_recorded_build_error(build_error)
  File "/Users/aditya/robosim/upstream/warp-innate/warp/_src/context.py", line 4079, in _raise_recorded_build_error
    raise replay from None
warp._src.codegen.WarpCodegenError: Error while parsing function "convert_mjw_contacts_to_newton_kernel" at /Users/aditya/robosim/.venv/lib/python3.12/site-packages/newton/_src/solvers/mujoco/kernels.py:1523:
            True,
;Couldn't find function overload for 'contact_force_fn' that matched inputs with types: [int32, array(ndim=1, dtype=mat33f), array(ndim=1, dtype=vector(length=5, dtype=float32)), array(ndim=1, dtype=int32), array(ndim=2, dtype=int32), array(ndim=2, dtype=float32), int32, array(ndim=1, dtype=int32), int32, int32, warp._src.types.bool]

======================================================================
ERROR: test_linear_com_moves_mujoco_cpu_com1_lin2_cpu (newton.tests.test_body_velocity.TestBodyVelocity.test_linear_com_moves_mujoco_cpu_com1_lin2_cpu)
----------------------------------------------------------------------
Traceback (most recent call last):
  File "/Users/aditya/robosim/.venv/lib/python3.12/site-packages/newton/tests/unittest_utils.py", line 599, in test_func
    func(self, device, **kwargs)
  File "/Users/aditya/robosim/.venv/lib/python3.12/site-packages/newton/tests/test_body_velocity.py", line 245, in test_linear_velocity_com_moves
    solver = solver_fn(model)
             ^^^^^^^^^^^^^^^^
  File "/Users/aditya/robosim/.venv/lib/python3.12/site-packages/newton/tests/test_body_velocity.py", line 857, in <lambda>
    lambda model: newton.solvers.SolverMuJoCo(model, use_mujoco_cpu=True, disable_contacts=True),
                  ^^^^^^^^^^^^^^^^^^^^^^^^^^^^^^^^^^^^^^^^^^^^^^^^^^^^^^^^^^^^^^^^^^^^^^^^^^^^^^
  File "/Users/aditya/robosim/.venv/lib/python3.12/site-packages/newton/_src/solvers/mujoco/solver_mujoco.py", line 4123, in __init__
    self._convert_to_mjc(
  File "/Users/aditya/robosim/.venv/lib/python3.12/site-packages/newton/_src/solvers/mujoco/solver_mujoco.py", line 7638, in _convert_to_mjc
    self._update_mjc_data(self.mj_data, model, state)
  File "/Users/aditya/robosim/.venv/lib/python3.12/site-packages/newton/_src/solvers/mujoco/solver_mujoco.py", line 5217, in _update_mjc_data
    wp.launch(
  File "/Users/aditya/robosim/upstream/warp-innate/warp/_src/context.py", line 12209, in launch
    module_exec = kernel.module.load(device, block_dim)
                  ^^^^^^^^^^^^^^^^^^^^^^^^^^^^^^^^^^^^^
  File "/Users/aditya/robosim/upstream/warp-innate/warp/_src/context.py", line 5016, in load
    _raise_recorded_build_error(build_error)
  File "/Users/aditya/robosim/upstream/warp-innate/warp/_src/context.py", line 4079, in _raise_recorded_build_error
    raise replay from None
warp._src.codegen.WarpCodegenError: Error while parsing function "convert_mjw_contacts_to_newton_kernel" at /Users/aditya/robosim/.venv/lib/python3.12/site-packages/newton/_src/solvers/mujoco/kernels.py:1523:
            True,
;Couldn't find function overload for 'contact_force_fn' that matched inputs with types: [int32, array(ndim=1, dtype=mat33f), array(ndim=1, dtype=vector(length=5, dtype=float32)), array(ndim=1, dtype=int32), array(ndim=2, dtype=int32), array(ndim=2, dtype=float32), int32, array(ndim=1, dtype=int32), int32, int32, warp._src.types.bool]

======================================================================
ERROR: test_linear_com_moves_mujoco_cpu_com2_lin0_cpu (newton.tests.test_body_velocity.TestBodyVelocity.test_linear_com_moves_mujoco_cpu_com2_lin0_cpu)
----------------------------------------------------------------------
Traceback (most recent call last):
  File "/Users/aditya/robosim/.venv/lib/python3.12/site-packages/newton/tests/unittest_utils.py", line 599, in test_func
    func(self, device, **kwargs)
  File "/Users/aditya/robosim/.venv/lib/python3.12/site-packages/newton/tests/test_body_velocity.py", line 245, in test_linear_velocity_com_moves
    solver = solver_fn(model)
             ^^^^^^^^^^^^^^^^
  File "/Users/aditya/robosim/.venv/lib/python3.12/site-packages/newton/tests/test_body_velocity.py", line 857, in <lambda>
    lambda model: newton.solvers.SolverMuJoCo(model, use_mujoco_cpu=True, disable_contacts=True),
                  ^^^^^^^^^^^^^^^^^^^^^^^^^^^^^^^^^^^^^^^^^^^^^^^^^^^^^^^^^^^^^^^^^^^^^^^^^^^^^^
  File "/Users/aditya/robosim/.venv/lib/python3.12/site-packages/newton/_src/solvers/mujoco/solver_mujoco.py", line 4123, in __init__
    self._convert_to_mjc(
  File "/Users/aditya/robosim/.venv/lib/python3.12/site-packages/newton/_src/solvers/mujoco/solver_mujoco.py", line 7638, in _convert_to_mjc
    self._update_mjc_data(self.mj_data, model, state)
  File "/Users/aditya/robosim/.venv/lib/python3.12/site-packages/newton/_src/solvers/mujoco/solver_mujoco.py", line 5217, in _update_mjc_data
    wp.launch(
  File "/Users/aditya/robosim/upstream/warp-innate/warp/_src/context.py", line 12209, in launch
    module_exec = kernel.module.load(device, block_dim)
                  ^^^^^^^^^^^^^^^^^^^^^^^^^^^^^^^^^^^^^
  File "/Users/aditya/robosim/upstream/warp-innate/warp/_src/context.py", line 5016, in load
    _raise_recorded_build_error(build_error)
  File "/Users/aditya/robosim/upstream/warp-innate/warp/_src/context.py", line 4079, in _raise_recorded_build_error
    raise replay from None
warp._src.codegen.WarpCodegenError: Error while parsing function "convert_mjw_contacts_to_newton_kernel" at /Users/aditya/robosim/.venv/lib/python3.12/site-packages/newton/_src/solvers/mujoco/kernels.py:1523:
            True,
;Couldn't find function overload for 'contact_force_fn' that matched inputs with types: [int32, array(ndim=1, dtype=mat33f), array(ndim=1, dtype=vector(length=5, dtype=float32)), array(ndim=1, dtype=int32), array(ndim=2, dtype=int32), array(ndim=2, dtype=float32), int32, array(ndim=1, dtype=int32), int32, int32, warp._src.types.bool]

======================================================================
ERROR: test_linear_com_moves_mujoco_cpu_com2_lin1_cpu (newton.tests.test_body_velocity.TestBodyVelocity.test_linear_com_moves_mujoco_cpu_com2_lin1_cpu)
----------------------------------------------------------------------
Traceback (most recent call last):
  File "/Users/aditya/robosim/.venv/lib/python3.12/site-packages/newton/tests/unittest_utils.py", line 599, in test_func
    func(self, device, **kwargs)
  File "/Users/aditya/robosim/.venv/lib/python3.12/site-packages/newton/tests/test_body_velocity.py", line 245, in test_linear_velocity_com_moves
    solver = solver_fn(model)
             ^^^^^^^^^^^^^^^^
  File "/Users/aditya/robosim/.venv/lib/python3.12/site-packages/newton/tests/test_body_velocity.py", line 857, in <lambda>
    lambda model: newton.solvers.SolverMuJoCo(model, use_mujoco_cpu=True, disable_contacts=True),
                  ^^^^^^^^^^^^^^^^^^^^^^^^^^^^^^^^^^^^^^^^^^^^^^^^^^^^^^^^^^^^^^^^^^^^^^^^^^^^^^
  File "/Users/aditya/robosim/.venv/lib/python3.12/site-packages/newton/_src/solvers/mujoco/solver_mujoco.py", line 4123, in __init__
    self._convert_to_mjc(
  File "/Users/aditya/robosim/.venv/lib/python3.12/site-packages/newton/_src/solvers/mujoco/solver_mujoco.py", line 7638, in _convert_to_mjc
    self._update_mjc_data(self.mj_data, model, state)
  File "/Users/aditya/robosim/.venv/lib/python3.12/site-packages/newton/_src/solvers/mujoco/solver_mujoco.py", line 5217, in _update_mjc_data
    wp.launch(
  File "/Users/aditya/robosim/upstream/warp-innate/warp/_src/context.py", line 12209, in launch
    module_exec = kernel.module.load(device, block_dim)
                  ^^^^^^^^^^^^^^^^^^^^^^^^^^^^^^^^^^^^^
  File "/Users/aditya/robosim/upstream/warp-innate/warp/_src/context.py", line 5016, in load
    _raise_recorded_build_error(build_error)
  File "/Users/aditya/robosim/upstream/warp-innate/warp/_src/context.py", line 4079, in _raise_recorded_build_error
    raise replay from None
warp._src.codegen.WarpCodegenError: Error while parsing function "convert_mjw_contacts_to_newton_kernel" at /Users/aditya/robosim/.venv/lib/python3.12/site-packages/newton/_src/solvers/mujoco/kernels.py:1523:
            True,
;Couldn't find function overload for 'contact_force_fn' that matched inputs with types: [int32, array(ndim=1, dtype=mat33f), array(ndim=1, dtype=vector(length=5, dtype=float32)), array(ndim=1, dtype=int32), array(ndim=2, dtype=int32), array(ndim=2, dtype=float32), int32, array(ndim=1, dtype=int32), int32, int32, warp._src.types.bool]

======================================================================
ERROR: test_linear_com_moves_mujoco_cpu_com2_lin2_cpu (newton.tests.test_body_velocity.TestBodyVelocity.test_linear_com_moves_mujoco_cpu_com2_lin2_cpu)
----------------------------------------------------------------------
Traceback (most recent call last):
  File "/Users/aditya/robosim/.venv/lib/python3.12/site-packages/newton/tests/unittest_utils.py", line 599, in test_func
    func(self, device, **kwargs)
  File "/Users/aditya/robosim/.venv/lib/python3.12/site-packages/newton/tests/test_body_velocity.py", line 245, in test_linear_velocity_com_moves
    solver = solver_fn(model)
             ^^^^^^^^^^^^^^^^
  File "/Users/aditya/robosim/.venv/lib/python3.12/site-packages/newton/tests/test_body_velocity.py", line 857, in <lambda>
    lambda model: newton.solvers.SolverMuJoCo(model, use_mujoco_cpu=True, disable_contacts=True),
                  ^^^^^^^^^^^^^^^^^^^^^^^^^^^^^^^^^^^^^^^^^^^^^^^^^^^^^^^^^^^^^^^^^^^^^^^^^^^^^^
  File "/Users/aditya/robosim/.venv/lib/python3.12/site-packages/newton/_src/solvers/mujoco/solver_mujoco.py", line 4123, in __init__
    self._convert_to_mjc(
  File "/Users/aditya/robosim/.venv/lib/python3.12/site-packages/newton/_src/solvers/mujoco/solver_mujoco.py", line 7638, in _convert_to_mjc
    self._update_mjc_data(self.mj_data, model, state)
  File "/Users/aditya/robosim/.venv/lib/python3.12/site-packages/newton/_src/solvers/mujoco/solver_mujoco.py", line 5217, in _update_mjc_data
    wp.launch(
  File "/Users/aditya/robosim/upstream/warp-innate/warp/_src/context.py", line 12209, in launch
    module_exec = kernel.module.load(device, block_dim)
                  ^^^^^^^^^^^^^^^^^^^^^^^^^^^^^^^^^^^^^
  File "/Users/aditya/robosim/upstream/warp-innate/warp/_src/context.py", line 5016, in load
    _raise_recorded_build_error(build_error)
  File "/Users/aditya/robosim/upstream/warp-innate/warp/_src/context.py", line 4079, in _raise_recorded_build_error
    raise replay from None
warp._src.codegen.WarpCodegenError: Error while parsing function "convert_mjw_contacts_to_newton_kernel" at /Users/aditya/robosim/.venv/lib/python3.12/site-packages/newton/_src/solvers/mujoco/kernels.py:1523:
            True,
;Couldn't find function overload for 'contact_force_fn' that matched inputs with types: [int32, array(ndim=1, dtype=mat33f), array(ndim=1, dtype=vector(length=5, dtype=float32)), array(ndim=1, dtype=int32), array(ndim=2, dtype=int32), array(ndim=2, dtype=float32), int32, array(ndim=1, dtype=int32), int32, int32, warp._src.types.bool]

======================================================================
ERROR: test_linear_com_moves_mujoco_cpu_com3_lin0_cpu (newton.tests.test_body_velocity.TestBodyVelocity.test_linear_com_moves_mujoco_cpu_com3_lin0_cpu)
----------------------------------------------------------------------
Traceback (most recent call last):
  File "/Users/aditya/robosim/.venv/lib/python3.12/site-packages/newton/tests/unittest_utils.py", line 599, in test_func
    func(self, device, **kwargs)
  File "/Users/aditya/robosim/.venv/lib/python3.12/site-packages/newton/tests/test_body_velocity.py", line 245, in test_linear_velocity_com_moves
    solver = solver_fn(model)
             ^^^^^^^^^^^^^^^^
  File "/Users/aditya/robosim/.venv/lib/python3.12/site-packages/newton/tests/test_body_velocity.py", line 857, in <lambda>
    lambda model: newton.solvers.SolverMuJoCo(model, use_mujoco_cpu=True, disable_contacts=True),
                  ^^^^^^^^^^^^^^^^^^^^^^^^^^^^^^^^^^^^^^^^^^^^^^^^^^^^^^^^^^^^^^^^^^^^^^^^^^^^^^
  File "/Users/aditya/robosim/.venv/lib/python3.12/site-packages/newton/_src/solvers/mujoco/solver_mujoco.py", line 4123, in __init__
    self._convert_to_mjc(
  File "/Users/aditya/robosim/.venv/lib/python3.12/site-packages/newton/_src/solvers/mujoco/solver_mujoco.py", line 7638, in _convert_to_mjc
    self._update_mjc_data(self.mj_data, model, state)
  File "/Users/aditya/robosim/.venv/lib/python3.12/site-packages/newton/_src/solvers/mujoco/solver_mujoco.py", line 5217, in _update_mjc_data
    wp.launch(
  File "/Users/aditya/robosim/upstream/warp-innate/warp/_src/context.py", line 12209, in launch
    module_exec = kernel.module.load(device, block_dim)
                  ^^^^^^^^^^^^^^^^^^^^^^^^^^^^^^^^^^^^^
  File "/Users/aditya/robosim/upstream/warp-innate/warp/_src/context.py", line 5016, in load
    _raise_recorded_build_error(build_error)
  File "/Users/aditya/robosim/upstream/warp-innate/warp/_src/context.py", line 4079, in _raise_recorded_build_error
    raise replay from None
warp._src.codegen.WarpCodegenError: Error while parsing function "convert_mjw_contacts_to_newton_kernel" at /Users/aditya/robosim/.venv/lib/python3.12/site-packages/newton/_src/solvers/mujoco/kernels.py:1523:
            True,
;Couldn't find function overload for 'contact_force_fn' that matched inputs with types: [int32, array(ndim=1, dtype=mat33f), array(ndim=1, dtype=vector(length=5, dtype=float32)), array(ndim=1, dtype=int32), array(ndim=2, dtype=int32), array(ndim=2, dtype=float32), int32, array(ndim=1, dtype=int32), int32, int32, warp._src.types.bool]

======================================================================
ERROR: test_linear_com_moves_mujoco_cpu_com3_lin1_cpu (newton.tests.test_body_velocity.TestBodyVelocity.test_linear_com_moves_mujoco_cpu_com3_lin1_cpu)
----------------------------------------------------------------------
Traceback (most recent call last):
  File "/Users/aditya/robosim/.venv/lib/python3.12/site-packages/newton/tests/unittest_utils.py", line 599, in test_func
    func(self, device, **kwargs)
  File "/Users/aditya/robosim/.venv/lib/python3.12/site-packages/newton/tests/test_body_velocity.py", line 245, in test_linear_velocity_com_moves
    solver = solver_fn(model)
             ^^^^^^^^^^^^^^^^
  File "/Users/aditya/robosim/.venv/lib/python3.12/site-packages/newton/tests/test_body_velocity.py", line 857, in <lambda>
    lambda model: newton.solvers.SolverMuJoCo(model, use_mujoco_cpu=True, disable_contacts=True),
                  ^^^^^^^^^^^^^^^^^^^^^^^^^^^^^^^^^^^^^^^^^^^^^^^^^^^^^^^^^^^^^^^^^^^^^^^^^^^^^^
  File "/Users/aditya/robosim/.venv/lib/python3.12/site-packages/newton/_src/solvers/mujoco/solver_mujoco.py", line 4123, in __init__
    self._convert_to_mjc(
  File "/Users/aditya/robosim/.venv/lib/python3.12/site-packages/newton/_src/solvers/mujoco/solver_mujoco.py", line 7638, in _convert_to_mjc
    self._update_mjc_data(self.mj_data, model, state)
  File "/Users/aditya/robosim/.venv/lib/python3.12/site-packages/newton/_src/solvers/mujoco/solver_mujoco.py", line 5217, in _update_mjc_data
    wp.launch(
  File "/Users/aditya/robosim/upstream/warp-innate/warp/_src/context.py", line 12209, in launch
    module_exec = kernel.module.load(device, block_dim)
                  ^^^^^^^^^^^^^^^^^^^^^^^^^^^^^^^^^^^^^
  File "/Users/aditya/robosim/upstream/warp-innate/warp/_src/context.py", line 5016, in load
    _raise_recorded_build_error(build_error)
  File "/Users/aditya/robosim/upstream/warp-innate/warp/_src/context.py", line 4079, in _raise_recorded_build_error
    raise replay from None
warp._src.codegen.WarpCodegenError: Error while parsing function "convert_mjw_contacts_to_newton_kernel" at /Users/aditya/robosim/.venv/lib/python3.12/site-packages/newton/_src/solvers/mujoco/kernels.py:1523:
            True,
;Couldn't find function overload for 'contact_force_fn' that matched inputs with types: [int32, array(ndim=1, dtype=mat33f), array(ndim=1, dtype=vector(length=5, dtype=float32)), array(ndim=1, dtype=int32), array(ndim=2, dtype=int32), array(ndim=2, dtype=float32), int32, array(ndim=1, dtype=int32), int32, int32, warp._src.types.bool]

======================================================================
ERROR: test_linear_com_moves_mujoco_cpu_com3_lin2_cpu (newton.tests.test_body_velocity.TestBodyVelocity.test_linear_com_moves_mujoco_cpu_com3_lin2_cpu)
----------------------------------------------------------------------
Traceback (most recent call last):
  File "/Users/aditya/robosim/.venv/lib/python3.12/site-packages/newton/tests/unittest_utils.py", line 599, in test_func
    func(self, device, **kwargs)
  File "/Users/aditya/robosim/.venv/lib/python3.12/site-packages/newton/tests/test_body_velocity.py", line 245, in test_linear_velocity_com_moves
    solver = solver_fn(model)
             ^^^^^^^^^^^^^^^^
  File "/Users/aditya/robosim/.venv/lib/python3.12/site-packages/newton/tests/test_body_velocity.py", line 857, in <lambda>
    lambda model: newton.solvers.SolverMuJoCo(model, use_mujoco_cpu=True, disable_contacts=True),
                  ^^^^^^^^^^^^^^^^^^^^^^^^^^^^^^^^^^^^^^^^^^^^^^^^^^^^^^^^^^^^^^^^^^^^^^^^^^^^^^
  File "/Users/aditya/robosim/.venv/lib/python3.12/site-packages/newton/_src/solvers/mujoco/solver_mujoco.py", line 4123, in __init__
    self._convert_to_mjc(
  File "/Users/aditya/robosim/.venv/lib/python3.12/site-packages/newton/_src/solvers/mujoco/solver_mujoco.py", line 7638, in _convert_to_mjc
    self._update_mjc_data(self.mj_data, model, state)
  File "/Users/aditya/robosim/.venv/lib/python3.12/site-packages/newton/_src/solvers/mujoco/solver_mujoco.py", line 5217, in _update_mjc_data
    wp.launch(
  File "/Users/aditya/robosim/upstream/warp-innate/warp/_src/context.py", line 12209, in launch
    module_exec = kernel.module.load(device, block_dim)
                  ^^^^^^^^^^^^^^^^^^^^^^^^^^^^^^^^^^^^^
  File "/Users/aditya/robosim/upstream/warp-innate/warp/_src/context.py", line 5016, in load
    _raise_recorded_build_error(build_error)
  File "/Users/aditya/robosim/upstream/warp-innate/warp/_src/context.py", line 4079, in _raise_recorded_build_error
    raise replay from None
warp._src.codegen.WarpCodegenError: Error while parsing function "convert_mjw_contacts_to_newton_kernel" at /Users/aditya/robosim/.venv/lib/python3.12/site-packages/newton/_src/solvers/mujoco/kernels.py:1523:
            True,
;Couldn't find function overload for 'contact_force_fn' that matched inputs with types: [int32, array(ndim=1, dtype=mat33f), array(ndim=1, dtype=vector(length=5, dtype=float32)), array(ndim=1, dtype=int32), array(ndim=2, dtype=int32), array(ndim=2, dtype=float32), int32, array(ndim=1, dtype=int32), int32, int32, warp._src.types.bool]

======================================================================
ERROR: test_linear_com_moves_mujoco_warp_com0_lin0_cpu (newton.tests.test_body_velocity.TestBodyVelocity.test_linear_com_moves_mujoco_warp_com0_lin0_cpu)
----------------------------------------------------------------------
Traceback (most recent call last):
  File "/Users/aditya/robosim/.venv/lib/python3.12/site-packages/newton/tests/unittest_utils.py", line 599, in test_func
    func(self, device, **kwargs)
  File "/Users/aditya/robosim/.venv/lib/python3.12/site-packages/newton/tests/test_body_velocity.py", line 245, in test_linear_velocity_com_moves
    solver = solver_fn(model)
             ^^^^^^^^^^^^^^^^
  File "/Users/aditya/robosim/.venv/lib/python3.12/site-packages/newton/tests/test_body_velocity.py", line 862, in <lambda>
    lambda model: newton.solvers.SolverMuJoCo(model, use_mujoco_cpu=False, disable_contacts=True),
                  ^^^^^^^^^^^^^^^^^^^^^^^^^^^^^^^^^^^^^^^^^^^^^^^^^^^^^^^^^^^^^^^^^^^^^^^^^^^^^^^
  File "/Users/aditya/robosim/.venv/lib/python3.12/site-packages/newton/_src/solvers/mujoco/solver_mujoco.py", line 4123, in __init__
    self._convert_to_mjc(
  File "/Users/aditya/robosim/.venv/lib/python3.12/site-packages/newton/_src/solvers/mujoco/solver_mujoco.py", line 7638, in _convert_to_mjc
    self._update_mjc_data(self.mj_data, model, state)
  File "/Users/aditya/robosim/.venv/lib/python3.12/site-packages/newton/_src/solvers/mujoco/solver_mujoco.py", line 5217, in _update_mjc_data
    wp.launch(
  File "/Users/aditya/robosim/upstream/warp-innate/warp/_src/context.py", line 12209, in launch
    module_exec = kernel.module.load(device, block_dim)
                  ^^^^^^^^^^^^^^^^^^^^^^^^^^^^^^^^^^^^^
  File "/Users/aditya/robosim/upstream/warp-innate/warp/_src/context.py", line 5016, in load
    _raise_recorded_build_error(build_error)
  File "/Users/aditya/robosim/upstream/warp-innate/warp/_src/context.py", line 4079, in _raise_recorded_build_error
    raise replay from None
warp._src.codegen.WarpCodegenError: Error while parsing function "convert_mjw_contacts_to_newton_kernel" at /Users/aditya/robosim/.venv/lib/python3.12/site-packages/newton/_src/solvers/mujoco/kernels.py:1523:
            True,
;Couldn't find function overload for 'contact_force_fn' that matched inputs with types: [int32, array(ndim=1, dtype=mat33f), array(ndim=1, dtype=vector(length=5, dtype=float32)), array(ndim=1, dtype=int32), array(ndim=2, dtype=int32), array(ndim=2, dtype=float32), int32, array(ndim=1, dtype=int32), int32, int32, warp._src.types.bool]

======================================================================
ERROR: test_linear_com_moves_mujoco_warp_com0_lin1_cpu (newton.tests.test_body_velocity.TestBodyVelocity.test_linear_com_moves_mujoco_warp_com0_lin1_cpu)
----------------------------------------------------------------------
Traceback (most recent call last):
  File "/Users/aditya/robosim/.venv/lib/python3.12/site-packages/newton/tests/unittest_utils.py", line 599, in test_func
    func(self, device, **kwargs)
  File "/Users/aditya/robosim/.venv/lib/python3.12/site-packages/newton/tests/test_body_velocity.py", line 245, in test_linear_velocity_com_moves
    solver = solver_fn(model)
             ^^^^^^^^^^^^^^^^
  File "/Users/aditya/robosim/.venv/lib/python3.12/site-packages/newton/tests/test_body_velocity.py", line 862, in <lambda>
    lambda model: newton.solvers.SolverMuJoCo(model, use_mujoco_cpu=False, disable_contacts=True),
                  ^^^^^^^^^^^^^^^^^^^^^^^^^^^^^^^^^^^^^^^^^^^^^^^^^^^^^^^^^^^^^^^^^^^^^^^^^^^^^^^
  File "/Users/aditya/robosim/.venv/lib/python3.12/site-packages/newton/_src/solvers/mujoco/solver_mujoco.py", line 4123, in __init__
    self._convert_to_mjc(
  File "/Users/aditya/robosim/.venv/lib/python3.12/site-packages/newton/_src/solvers/mujoco/solver_mujoco.py", line 7638, in _convert_to_mjc
    self._update_mjc_data(self.mj_data, model, state)
  File "/Users/aditya/robosim/.venv/lib/python3.12/site-packages/newton/_src/solvers/mujoco/solver_mujoco.py", line 5217, in _update_mjc_data
    wp.launch(
  File "/Users/aditya/robosim/upstream/warp-innate/warp/_src/context.py", line 12209, in launch
    module_exec = kernel.module.load(device, block_dim)
                  ^^^^^^^^^^^^^^^^^^^^^^^^^^^^^^^^^^^^^
  File "/Users/aditya/robosim/upstream/warp-innate/warp/_src/context.py", line 5016, in load
    _raise_recorded_build_error(build_error)
  File "/Users/aditya/robosim/upstream/warp-innate/warp/_src/context.py", line 4079, in _raise_recorded_build_error
    raise replay from None
warp._src.codegen.WarpCodegenError: Error while parsing function "convert_mjw_contacts_to_newton_kernel" at /Users/aditya/robosim/.venv/lib/python3.12/site-packages/newton/_src/solvers/mujoco/kernels.py:1523:
            True,
;Couldn't find function overload for 'contact_force_fn' that matched inputs with types: [int32, array(ndim=1, dtype=mat33f), array(ndim=1, dtype=vector(length=5, dtype=float32)), array(ndim=1, dtype=int32), array(ndim=2, dtype=int32), array(ndim=2, dtype=float32), int32, array(ndim=1, dtype=int32), int32, int32, warp._src.types.bool]

======================================================================
ERROR: test_linear_com_moves_mujoco_warp_com0_lin2_cpu (newton.tests.test_body_velocity.TestBodyVelocity.test_linear_com_moves_mujoco_warp_com0_lin2_cpu)
----------------------------------------------------------------------
Traceback (most recent call last):
  File "/Users/aditya/robosim/.venv/lib/python3.12/site-packages/newton/tests/unittest_utils.py", line 599, in test_func
    func(self, device, **kwargs)
  File "/Users/aditya/robosim/.venv/lib/python3.12/site-packages/newton/tests/test_body_velocity.py", line 245, in test_linear_velocity_com_moves
    solver = solver_fn(model)
             ^^^^^^^^^^^^^^^^
  File "/Users/aditya/robosim/.venv/lib/python3.12/site-packages/newton/tests/test_body_velocity.py", line 862, in <lambda>
    lambda model: newton.solvers.SolverMuJoCo(model, use_mujoco_cpu=False, disable_contacts=True),
                  ^^^^^^^^^^^^^^^^^^^^^^^^^^^^^^^^^^^^^^^^^^^^^^^^^^^^^^^^^^^^^^^^^^^^^^^^^^^^^^^
  File "/Users/aditya/robosim/.venv/lib/python3.12/site-packages/newton/_src/solvers/mujoco/solver_mujoco.py", line 4123, in __init__
    self._convert_to_mjc(
  File "/Users/aditya/robosim/.venv/lib/python3.12/site-packages/newton/_src/solvers/mujoco/solver_mujoco.py", line 7638, in _convert_to_mjc
    self._update_mjc_data(self.mj_data, model, state)
  File "/Users/aditya/robosim/.venv/lib/python3.12/site-packages/newton/_src/solvers/mujoco/solver_mujoco.py", line 5217, in _update_mjc_data
    wp.launch(
  File "/Users/aditya/robosim/upstream/warp-innate/warp/_src/context.py", line 12209, in launch
    module_exec = kernel.module.load(device, block_dim)
                  ^^^^^^^^^^^^^^^^^^^^^^^^^^^^^^^^^^^^^
  File "/Users/aditya/robosim/upstream/warp-innate/warp/_src/context.py", line 5016, in load
    _raise_recorded_build_error(build_error)
  File "/Users/aditya/robosim/upstream/warp-innate/warp/_src/context.py", line 4079, in _raise_recorded_build_error
    raise replay from None
warp._src.codegen.WarpCodegenError: Error while parsing function "convert_mjw_contacts_to_newton_kernel" at /Users/aditya/robosim/.venv/lib/python3.12/site-packages/newton/_src/solvers/mujoco/kernels.py:1523:
            True,
;Couldn't find function overload for 'contact_force_fn' that matched inputs with types: [int32, array(ndim=1, dtype=mat33f), array(ndim=1, dtype=vector(length=5, dtype=float32)), array(ndim=1, dtype=int32), array(ndim=2, dtype=int32), array(ndim=2, dtype=float32), int32, array(ndim=1, dtype=int32), int32, int32, warp._src.types.bool]

======================================================================
ERROR: test_linear_com_moves_mujoco_warp_com1_lin0_cpu (newton.tests.test_body_velocity.TestBodyVelocity.test_linear_com_moves_mujoco_warp_com1_lin0_cpu)
----------------------------------------------------------------------
Traceback (most recent call last):
  File "/Users/aditya/robosim/.venv/lib/python3.12/site-packages/newton/tests/unittest_utils.py", line 599, in test_func
    func(self, device, **kwargs)
  File "/Users/aditya/robosim/.venv/lib/python3.12/site-packages/newton/tests/test_body_velocity.py", line 245, in test_linear_velocity_com_moves
    solver = solver_fn(model)
             ^^^^^^^^^^^^^^^^
  File "/Users/aditya/robosim/.venv/lib/python3.12/site-packages/newton/tests/test_body_velocity.py", line 862, in <lambda>
    lambda model: newton.solvers.SolverMuJoCo(model, use_mujoco_cpu=False, disable_contacts=True),
                  ^^^^^^^^^^^^^^^^^^^^^^^^^^^^^^^^^^^^^^^^^^^^^^^^^^^^^^^^^^^^^^^^^^^^^^^^^^^^^^^
  File "/Users/aditya/robosim/.venv/lib/python3.12/site-packages/newton/_src/solvers/mujoco/solver_mujoco.py", line 4123, in __init__
    self._convert_to_mjc(
  File "/Users/aditya/robosim/.venv/lib/python3.12/site-packages/newton/_src/solvers/mujoco/solver_mujoco.py", line 7638, in _convert_to_mjc
    self._update_mjc_data(self.mj_data, model, state)
  File "/Users/aditya/robosim/.venv/lib/python3.12/site-packages/newton/_src/solvers/mujoco/solver_mujoco.py", line 5217, in _update_mjc_data
    wp.launch(
  File "/Users/aditya/robosim/upstream/warp-innate/warp/_src/context.py", line 12209, in launch
    module_exec = kernel.module.load(device, block_dim)
                  ^^^^^^^^^^^^^^^^^^^^^^^^^^^^^^^^^^^^^
  File "/Users/aditya/robosim/upstream/warp-innate/warp/_src/context.py", line 5016, in load
    _raise_recorded_build_error(build_error)
  File "/Users/aditya/robosim/upstream/warp-innate/warp/_src/context.py", line 4079, in _raise_recorded_build_error
    raise replay from None
warp._src.codegen.WarpCodegenError: Error while parsing function "convert_mjw_contacts_to_newton_kernel" at /Users/aditya/robosim/.venv/lib/python3.12/site-packages/newton/_src/solvers/mujoco/kernels.py:1523:
            True,
;Couldn't find function overload for 'contact_force_fn' that matched inputs with types: [int32, array(ndim=1, dtype=mat33f), array(ndim=1, dtype=vector(length=5, dtype=float32)), array(ndim=1, dtype=int32), array(ndim=2, dtype=int32), array(ndim=2, dtype=float32), int32, array(ndim=1, dtype=int32), int32, int32, warp._src.types.bool]

======================================================================
ERROR: test_linear_com_moves_mujoco_warp_com1_lin1_cpu (newton.tests.test_body_velocity.TestBodyVelocity.test_linear_com_moves_mujoco_warp_com1_lin1_cpu)
----------------------------------------------------------------------
Traceback (most recent call last):
  File "/Users/aditya/robosim/.venv/lib/python3.12/site-packages/newton/tests/unittest_utils.py", line 599, in test_func
    func(self, device, **kwargs)
  File "/Users/aditya/robosim/.venv/lib/python3.12/site-packages/newton/tests/test_body_velocity.py", line 245, in test_linear_velocity_com_moves
    solver = solver_fn(model)
             ^^^^^^^^^^^^^^^^
  File "/Users/aditya/robosim/.venv/lib/python3.12/site-packages/newton/tests/test_body_velocity.py", line 862, in <lambda>
    lambda model: newton.solvers.SolverMuJoCo(model, use_mujoco_cpu=False, disable_contacts=True),
                  ^^^^^^^^^^^^^^^^^^^^^^^^^^^^^^^^^^^^^^^^^^^^^^^^^^^^^^^^^^^^^^^^^^^^^^^^^^^^^^^
  File "/Users/aditya/robosim/.venv/lib/python3.12/site-packages/newton/_src/solvers/mujoco/solver_mujoco.py", line 4123, in __init__
    self._convert_to_mjc(
  File "/Users/aditya/robosim/.venv/lib/python3.12/site-packages/newton/_src/solvers/mujoco/solver_mujoco.py", line 7638, in _convert_to_mjc
    self._update_mjc_data(self.mj_data, model, state)
  File "/Users/aditya/robosim/.venv/lib/python3.12/site-packages/newton/_src/solvers/mujoco/solver_mujoco.py", line 5217, in _update_mjc_data
    wp.launch(
  File "/Users/aditya/robosim/upstream/warp-innate/warp/_src/context.py", line 12209, in launch
    module_exec = kernel.module.load(device, block_dim)
                  ^^^^^^^^^^^^^^^^^^^^^^^^^^^^^^^^^^^^^
  File "/Users/aditya/robosim/upstream/warp-innate/warp/_src/context.py", line 5016, in load
    _raise_recorded_build_error(build_error)
  File "/Users/aditya/robosim/upstream/warp-innate/warp/_src/context.py", line 4079, in _raise_recorded_build_error
    raise replay from None
warp._src.codegen.WarpCodegenError: Error while parsing function "convert_mjw_contacts_to_newton_kernel" at /Users/aditya/robosim/.venv/lib/python3.12/site-packages/newton/_src/solvers/mujoco/kernels.py:1523:
            True,
;Couldn't find function overload for 'contact_force_fn' that matched inputs with types: [int32, array(ndim=1, dtype=mat33f), array(ndim=1, dtype=vector(length=5, dtype=float32)), array(ndim=1, dtype=int32), array(ndim=2, dtype=int32), array(ndim=2, dtype=float32), int32, array(ndim=1, dtype=int32), int32, int32, warp._src.types.bool]

======================================================================
ERROR: test_linear_com_moves_mujoco_warp_com1_lin2_cpu (newton.tests.test_body_velocity.TestBodyVelocity.test_linear_com_moves_mujoco_warp_com1_lin2_cpu)
----------------------------------------------------------------------
Traceback (most recent call last):
  File "/Users/aditya/robosim/.venv/lib/python3.12/site-packages/newton/tests/unittest_utils.py", line 599, in test_func
    func(self, device, **kwargs)
  File "/Users/aditya/robosim/.venv/lib/python3.12/site-packages/newton/tests/test_body_velocity.py", line 245, in test_linear_velocity_com_moves
    solver = solver_fn(model)
             ^^^^^^^^^^^^^^^^
  File "/Users/aditya/robosim/.venv/lib/python3.12/site-packages/newton/tests/test_body_velocity.py", line 862, in <lambda>
    lambda model: newton.solvers.SolverMuJoCo(model, use_mujoco_cpu=False, disable_contacts=True),
                  ^^^^^^^^^^^^^^^^^^^^^^^^^^^^^^^^^^^^^^^^^^^^^^^^^^^^^^^^^^^^^^^^^^^^^^^^^^^^^^^
  File "/Users/aditya/robosim/.venv/lib/python3.12/site-packages/newton/_src/solvers/mujoco/solver_mujoco.py", line 4123, in __init__
    self._convert_to_mjc(
  File "/Users/aditya/robosim/.venv/lib/python3.12/site-packages/newton/_src/solvers/mujoco/solver_mujoco.py", line 7638, in _convert_to_mjc
    self._update_mjc_data(self.mj_data, model, state)
  File "/Users/aditya/robosim/.venv/lib/python3.12/site-packages/newton/_src/solvers/mujoco/solver_mujoco.py", line 5217, in _update_mjc_data
    wp.launch(
  File "/Users/aditya/robosim/upstream/warp-innate/warp/_src/context.py", line 12209, in launch
    module_exec = kernel.module.load(device, block_dim)
                  ^^^^^^^^^^^^^^^^^^^^^^^^^^^^^^^^^^^^^
  File "/Users/aditya/robosim/upstream/warp-innate/warp/_src/context.py", line 5016, in load
    _raise_recorded_build_error(build_error)
  File "/Users/aditya/robosim/upstream/warp-innate/warp/_src/context.py", line 4079, in _raise_recorded_build_error
    raise replay from None
warp._src.codegen.WarpCodegenError: Error while parsing function "convert_mjw_contacts_to_newton_kernel" at /Users/aditya/robosim/.venv/lib/python3.12/site-packages/newton/_src/solvers/mujoco/kernels.py:1523:
            True,
;Couldn't find function overload for 'contact_force_fn' that matched inputs with types: [int32, array(ndim=1, dtype=mat33f), array(ndim=1, dtype=vector(length=5, dtype=float32)), array(ndim=1, dtype=int32), array(ndim=2, dtype=int32), array(ndim=2, dtype=float32), int32, array(ndim=1, dtype=int32), int32, int32, warp._src.types.bool]

======================================================================
ERROR: test_linear_com_moves_mujoco_warp_com2_lin0_cpu (newton.tests.test_body_velocity.TestBodyVelocity.test_linear_com_moves_mujoco_warp_com2_lin0_cpu)
----------------------------------------------------------------------
Traceback (most recent call last):
  File "/Users/aditya/robosim/.venv/lib/python3.12/site-packages/newton/tests/unittest_utils.py", line 599, in test_func
    func(self, device, **kwargs)
  File "/Users/aditya/robosim/.venv/lib/python3.12/site-packages/newton/tests/test_body_velocity.py", line 245, in test_linear_velocity_com_moves
    solver = solver_fn(model)
             ^^^^^^^^^^^^^^^^
  File "/Users/aditya/robosim/.venv/lib/python3.12/site-packages/newton/tests/test_body_velocity.py", line 862, in <lambda>
    lambda model: newton.solvers.SolverMuJoCo(model, use_mujoco_cpu=False, disable_contacts=True),
                  ^^^^^^^^^^^^^^^^^^^^^^^^^^^^^^^^^^^^^^^^^^^^^^^^^^^^^^^^^^^^^^^^^^^^^^^^^^^^^^^
  File "/Users/aditya/robosim/.venv/lib/python3.12/site-packages/newton/_src/solvers/mujoco/solver_mujoco.py", line 4123, in __init__
    self._convert_to_mjc(
  File "/Users/aditya/robosim/.venv/lib/python3.12/site-packages/newton/_src/solvers/mujoco/solver_mujoco.py", line 7638, in _convert_to_mjc
    self._update_mjc_data(self.mj_data, model, state)
  File "/Users/aditya/robosim/.venv/lib/python3.12/site-packages/newton/_src/solvers/mujoco/solver_mujoco.py", line 5217, in _update_mjc_data
    wp.launch(
  File "/Users/aditya/robosim/upstream/warp-innate/warp/_src/context.py", line 12209, in launch
    module_exec = kernel.module.load(device, block_dim)
                  ^^^^^^^^^^^^^^^^^^^^^^^^^^^^^^^^^^^^^
  File "/Users/aditya/robosim/upstream/warp-innate/warp/_src/context.py", line 5016, in load
    _raise_recorded_build_error(build_error)
  File "/Users/aditya/robosim/upstream/warp-innate/warp/_src/context.py", line 4079, in _raise_recorded_build_error
    raise replay from None
warp._src.codegen.WarpCodegenError: Error while parsing function "convert_mjw_contacts_to_newton_kernel" at /Users/aditya/robosim/.venv/lib/python3.12/site-packages/newton/_src/solvers/mujoco/kernels.py:1523:
            True,
;Couldn't find function overload for 'contact_force_fn' that matched inputs with types: [int32, array(ndim=1, dtype=mat33f), array(ndim=1, dtype=vector(length=5, dtype=float32)), array(ndim=1, dtype=int32), array(ndim=2, dtype=int32), array(ndim=2, dtype=float32), int32, array(ndim=1, dtype=int32), int32, int32, warp._src.types.bool]

======================================================================
ERROR: test_linear_com_moves_mujoco_warp_com2_lin1_cpu (newton.tests.test_body_velocity.TestBodyVelocity.test_linear_com_moves_mujoco_warp_com2_lin1_cpu)
----------------------------------------------------------------------
Traceback (most recent call last):
  File "/Users/aditya/robosim/.venv/lib/python3.12/site-packages/newton/tests/unittest_utils.py", line 599, in test_func
    func(self, device, **kwargs)
  File "/Users/aditya/robosim/.venv/lib/python3.12/site-packages/newton/tests/test_body_velocity.py", line 245, in test_linear_velocity_com_moves
    solver = solver_fn(model)
             ^^^^^^^^^^^^^^^^
  File "/Users/aditya/robosim/.venv/lib/python3.12/site-packages/newton/tests/test_body_velocity.py", line 862, in <lambda>
    lambda model: newton.solvers.SolverMuJoCo(model, use_mujoco_cpu=False, disable_contacts=True),
                  ^^^^^^^^^^^^^^^^^^^^^^^^^^^^^^^^^^^^^^^^^^^^^^^^^^^^^^^^^^^^^^^^^^^^^^^^^^^^^^^
  File "/Users/aditya/robosim/.venv/lib/python3.12/site-packages/newton/_src/solvers/mujoco/solver_mujoco.py", line 4123, in __init__
    self._convert_to_mjc(
  File "/Users/aditya/robosim/.venv/lib/python3.12/site-packages/newton/_src/solvers/mujoco/solver_mujoco.py", line 7638, in _convert_to_mjc
    self._update_mjc_data(self.mj_data, model, state)
  File "/Users/aditya/robosim/.venv/lib/python3.12/site-packages/newton/_src/solvers/mujoco/solver_mujoco.py", line 5217, in _update_mjc_data
    wp.launch(
  File "/Users/aditya/robosim/upstream/warp-innate/warp/_src/context.py", line 12209, in launch
    module_exec = kernel.module.load(device, block_dim)
                  ^^^^^^^^^^^^^^^^^^^^^^^^^^^^^^^^^^^^^
  File "/Users/aditya/robosim/upstream/warp-innate/warp/_src/context.py", line 5016, in load
    _raise_recorded_build_error(build_error)
  File "/Users/aditya/robosim/upstream/warp-innate/warp/_src/context.py", line 4079, in _raise_recorded_build_error
    raise replay from None
warp._src.codegen.WarpCodegenError: Error while parsing function "convert_mjw_contacts_to_newton_kernel" at /Users/aditya/robosim/.venv/lib/python3.12/site-packages/newton/_src/solvers/mujoco/kernels.py:1523:
            True,
;Couldn't find function overload for 'contact_force_fn' that matched inputs with types: [int32, array(ndim=1, dtype=mat33f), array(ndim=1, dtype=vector(length=5, dtype=float32)), array(ndim=1, dtype=int32), array(ndim=2, dtype=int32), array(ndim=2, dtype=float32), int32, array(ndim=1, dtype=int32), int32, int32, warp._src.types.bool]

======================================================================
ERROR: test_linear_com_moves_mujoco_warp_com2_lin2_cpu (newton.tests.test_body_velocity.TestBodyVelocity.test_linear_com_moves_mujoco_warp_com2_lin2_cpu)
----------------------------------------------------------------------
Traceback (most recent call last):
  File "/Users/aditya/robosim/.venv/lib/python3.12/site-packages/newton/tests/unittest_utils.py", line 599, in test_func
    func(self, device, **kwargs)
  File "/Users/aditya/robosim/.venv/lib/python3.12/site-packages/newton/tests/test_body_velocity.py", line 245, in test_linear_velocity_com_moves
    solver = solver_fn(model)
             ^^^^^^^^^^^^^^^^
  File "/Users/aditya/robosim/.venv/lib/python3.12/site-packages/newton/tests/test_body_velocity.py", line 862, in <lambda>
    lambda model: newton.solvers.SolverMuJoCo(model, use_mujoco_cpu=False, disable_contacts=True),
                  ^^^^^^^^^^^^^^^^^^^^^^^^^^^^^^^^^^^^^^^^^^^^^^^^^^^^^^^^^^^^^^^^^^^^^^^^^^^^^^^
  File "/Users/aditya/robosim/.venv/lib/python3.12/site-packages/newton/_src/solvers/mujoco/solver_mujoco.py", line 4123, in __init__
    self._convert_to_mjc(
  File "/Users/aditya/robosim/.venv/lib/python3.12/site-packages/newton/_src/solvers/mujoco/solver_mujoco.py", line 7638, in _convert_to_mjc
    self._update_mjc_data(self.mj_data, model, state)
  File "/Users/aditya/robosim/.venv/lib/python3.12/site-packages/newton/_src/solvers/mujoco/solver_mujoco.py", line 5217, in _update_mjc_data
    wp.launch(
  File "/Users/aditya/robosim/upstream/warp-innate/warp/_src/context.py", line 12209, in launch
    module_exec = kernel.module.load(device, block_dim)
                  ^^^^^^^^^^^^^^^^^^^^^^^^^^^^^^^^^^^^^
  File "/Users/aditya/robosim/upstream/warp-innate/warp/_src/context.py", line 5016, in load
    _raise_recorded_build_error(build_error)
  File "/Users/aditya/robosim/upstream/warp-innate/warp/_src/context.py", line 4079, in _raise_recorded_build_error
    raise replay from None
warp._src.codegen.WarpCodegenError: Error while parsing function "convert_mjw_contacts_to_newton_kernel" at /Users/aditya/robosim/.venv/lib/python3.12/site-packages/newton/_src/solvers/mujoco/kernels.py:1523:
            True,
;Couldn't find function overload for 'contact_force_fn' that matched inputs with types: [int32, array(ndim=1, dtype=mat33f), array(ndim=1, dtype=vector(length=5, dtype=float32)), array(ndim=1, dtype=int32), array(ndim=2, dtype=int32), array(ndim=2, dtype=float32), int32, array(ndim=1, dtype=int32), int32, int32, warp._src.types.bool]

======================================================================
ERROR: test_linear_com_moves_mujoco_warp_com3_lin0_cpu (newton.tests.test_body_velocity.TestBodyVelocity.test_linear_com_moves_mujoco_warp_com3_lin0_cpu)
----------------------------------------------------------------------
Traceback (most recent call last):
  File "/Users/aditya/robosim/.venv/lib/python3.12/site-packages/newton/tests/unittest_utils.py", line 599, in test_func
    func(self, device, **kwargs)
  File "/Users/aditya/robosim/.venv/lib/python3.12/site-packages/newton/tests/test_body_velocity.py", line 245, in test_linear_velocity_com_moves
    solver = solver_fn(model)
             ^^^^^^^^^^^^^^^^
  File "/Users/aditya/robosim/.venv/lib/python3.12/site-packages/newton/tests/test_body_velocity.py", line 862, in <lambda>
    lambda model: newton.solvers.SolverMuJoCo(model, use_mujoco_cpu=False, disable_contacts=True),
                  ^^^^^^^^^^^^^^^^^^^^^^^^^^^^^^^^^^^^^^^^^^^^^^^^^^^^^^^^^^^^^^^^^^^^^^^^^^^^^^^
  File "/Users/aditya/robosim/.venv/lib/python3.12/site-packages/newton/_src/solvers/mujoco/solver_mujoco.py", line 4123, in __init__
    self._convert_to_mjc(
  File "/Users/aditya/robosim/.venv/lib/python3.12/site-packages/newton/_src/solvers/mujoco/solver_mujoco.py", line 7638, in _convert_to_mjc
    self._update_mjc_data(self.mj_data, model, state)
  File "/Users/aditya/robosim/.venv/lib/python3.12/site-packages/newton/_src/solvers/mujoco/solver_mujoco.py", line 5217, in _update_mjc_data
    wp.launch(
  File "/Users/aditya/robosim/upstream/warp-innate/warp/_src/context.py", line 12209, in launch
    module_exec = kernel.module.load(device, block_dim)
                  ^^^^^^^^^^^^^^^^^^^^^^^^^^^^^^^^^^^^^
  File "/Users/aditya/robosim/upstream/warp-innate/warp/_src/context.py", line 5016, in load
    _raise_recorded_build_error(build_error)
  File "/Users/aditya/robosim/upstream/warp-innate/warp/_src/context.py", line 4079, in _raise_recorded_build_error
    raise replay from None
warp._src.codegen.WarpCodegenError: Error while parsing function "convert_mjw_contacts_to_newton_kernel" at /Users/aditya/robosim/.venv/lib/python3.12/site-packages/newton/_src/solvers/mujoco/kernels.py:1523:
            True,
;Couldn't find function overload for 'contact_force_fn' that matched inputs with types: [int32, array(ndim=1, dtype=mat33f), array(ndim=1, dtype=vector(length=5, dtype=float32)), array(ndim=1, dtype=int32), array(ndim=2, dtype=int32), array(ndim=2, dtype=float32), int32, array(ndim=1, dtype=int32), int32, int32, warp._src.types.bool]

======================================================================
ERROR: test_linear_com_moves_mujoco_warp_com3_lin1_cpu (newton.tests.test_body_velocity.TestBodyVelocity.test_linear_com_moves_mujoco_warp_com3_lin1_cpu)
----------------------------------------------------------------------
Traceback (most recent call last):
  File "/Users/aditya/robosim/.venv/lib/python3.12/site-packages/newton/tests/unittest_utils.py", line 599, in test_func
    func(self, device, **kwargs)
  File "/Users/aditya/robosim/.venv/lib/python3.12/site-packages/newton/tests/test_body_velocity.py", line 245, in test_linear_velocity_com_moves
    solver = solver_fn(model)
             ^^^^^^^^^^^^^^^^
  File "/Users/aditya/robosim/.venv/lib/python3.12/site-packages/newton/tests/test_body_velocity.py", line 862, in <lambda>
    lambda model: newton.solvers.SolverMuJoCo(model, use_mujoco_cpu=False, disable_contacts=True),
                  ^^^^^^^^^^^^^^^^^^^^^^^^^^^^^^^^^^^^^^^^^^^^^^^^^^^^^^^^^^^^^^^^^^^^^^^^^^^^^^^
  File "/Users/aditya/robosim/.venv/lib/python3.12/site-packages/newton/_src/solvers/mujoco/solver_mujoco.py", line 4123, in __init__
    self._convert_to_mjc(
  File "/Users/aditya/robosim/.venv/lib/python3.12/site-packages/newton/_src/solvers/mujoco/solver_mujoco.py", line 7638, in _convert_to_mjc
    self._update_mjc_data(self.mj_data, model, state)
  File "/Users/aditya/robosim/.venv/lib/python3.12/site-packages/newton/_src/solvers/mujoco/solver_mujoco.py", line 5217, in _update_mjc_data
    wp.launch(
  File "/Users/aditya/robosim/upstream/warp-innate/warp/_src/context.py", line 12209, in launch
    module_exec = kernel.module.load(device, block_dim)
                  ^^^^^^^^^^^^^^^^^^^^^^^^^^^^^^^^^^^^^
  File "/Users/aditya/robosim/upstream/warp-innate/warp/_src/context.py", line 5016, in load
    _raise_recorded_build_error(build_error)
  File "/Users/aditya/robosim/upstream/warp-innate/warp/_src/context.py", line 4079, in _raise_recorded_build_error
    raise replay from None
warp._src.codegen.WarpCodegenError: Error while parsing function "convert_mjw_contacts_to_newton_kernel" at /Users/aditya/robosim/.venv/lib/python3.12/site-packages/newton/_src/solvers/mujoco/kernels.py:1523:
            True,
;Couldn't find function overload for 'contact_force_fn' that matched inputs with types: [int32, array(ndim=1, dtype=mat33f), array(ndim=1, dtype=vector(length=5, dtype=float32)), array(ndim=1, dtype=int32), array(ndim=2, dtype=int32), array(ndim=2, dtype=float32), int32, array(ndim=1, dtype=int32), int32, int32, warp._src.types.bool]

======================================================================
ERROR: test_linear_com_moves_mujoco_warp_com3_lin2_cpu (newton.tests.test_body_velocity.TestBodyVelocity.test_linear_com_moves_mujoco_warp_com3_lin2_cpu)
----------------------------------------------------------------------
Traceback (most recent call last):
  File "/Users/aditya/robosim/.venv/lib/python3.12/site-packages/newton/tests/unittest_utils.py", line 599, in test_func
    func(self, device, **kwargs)
  File "/Users/aditya/robosim/.venv/lib/python3.12/site-packages/newton/tests/test_body_velocity.py", line 245, in test_linear_velocity_com_moves
    solver = solver_fn(model)
             ^^^^^^^^^^^^^^^^
  File "/Users/aditya/robosim/.venv/lib/python3.12/site-packages/newton/tests/test_body_velocity.py", line 862, in <lambda>
    lambda model: newton.solvers.SolverMuJoCo(model, use_mujoco_cpu=False, disable_contacts=True),
                  ^^^^^^^^^^^^^^^^^^^^^^^^^^^^^^^^^^^^^^^^^^^^^^^^^^^^^^^^^^^^^^^^^^^^^^^^^^^^^^^
  File "/Users/aditya/robosim/.venv/lib/python3.12/site-packages/newton/_src/solvers/mujoco/solver_mujoco.py", line 4123, in __init__
    self._convert_to_mjc(
  File "/Users/aditya/robosim/.venv/lib/python3.12/site-packages/newton/_src/solvers/mujoco/solver_mujoco.py", line 7638, in _convert_to_mjc
    self._update_mjc_data(self.mj_data, model, state)
  File "/Users/aditya/robosim/.venv/lib/python3.12/site-packages/newton/_src/solvers/mujoco/solver_mujoco.py", line 5217, in _update_mjc_data
    wp.launch(
  File "/Users/aditya/robosim/upstream/warp-innate/warp/_src/context.py", line 12209, in launch
    module_exec = kernel.module.load(device, block_dim)
                  ^^^^^^^^^^^^^^^^^^^^^^^^^^^^^^^^^^^^^
  File "/Users/aditya/robosim/upstream/warp-innate/warp/_src/context.py", line 5016, in load
    _raise_recorded_build_error(build_error)
  File "/Users/aditya/robosim/upstream/warp-innate/warp/_src/context.py", line 4079, in _raise_recorded_build_error
    raise replay from None
warp._src.codegen.WarpCodegenError: Error while parsing function "convert_mjw_contacts_to_newton_kernel" at /Users/aditya/robosim/.venv/lib/python3.12/site-packages/newton/_src/solvers/mujoco/kernels.py:1523:
            True,
;Couldn't find function overload for 'contact_force_fn' that matched inputs with types: [int32, array(ndim=1, dtype=mat33f), array(ndim=1, dtype=vector(length=5, dtype=float32)), array(ndim=1, dtype=int32), array(ndim=2, dtype=int32), array(ndim=2, dtype=float32), int32, array(ndim=1, dtype=int32), int32, int32, warp._src.types.bool]

======================================================================
ERROR: test_root_free_joint_under_rotated_parent_xform_uses_parent_frame_qd_mujoco_cpu_cpu (newton.tests.test_body_velocity.TestBodyVelocity.test_root_free_joint_under_rotated_parent_xform_uses_parent_frame_qd_mujoco_cpu_cpu)
----------------------------------------------------------------------
Traceback (most recent call last):
  File "/Users/aditya/robosim/.venv/lib/python3.12/site-packages/newton/tests/unittest_utils.py", line 599, in test_func
    func(self, device, **kwargs)
  File "/Users/aditya/robosim/.venv/lib/python3.12/site-packages/newton/tests/test_body_velocity.py", line 391, in test_root_free_joint_under_rotated_parent_xform_uses_parent_frame_qd
    solver = solver_fn(model)
             ^^^^^^^^^^^^^^^^
  File "/Users/aditya/robosim/.venv/lib/python3.12/site-packages/newton/tests/test_body_velocity.py", line 857, in <lambda>
    lambda model: newton.solvers.SolverMuJoCo(model, use_mujoco_cpu=True, disable_contacts=True),
                  ^^^^^^^^^^^^^^^^^^^^^^^^^^^^^^^^^^^^^^^^^^^^^^^^^^^^^^^^^^^^^^^^^^^^^^^^^^^^^^
  File "/Users/aditya/robosim/.venv/lib/python3.12/site-packages/newton/_src/solvers/mujoco/solver_mujoco.py", line 4123, in __init__
    self._convert_to_mjc(
  File "/Users/aditya/robosim/.venv/lib/python3.12/site-packages/newton/_src/solvers/mujoco/solver_mujoco.py", line 7638, in _convert_to_mjc
    self._update_mjc_data(self.mj_data, model, state)
  File "/Users/aditya/robosim/.venv/lib/python3.12/site-packages/newton/_src/solvers/mujoco/solver_mujoco.py", line 5217, in _update_mjc_data
    wp.launch(
  File "/Users/aditya/robosim/upstream/warp-innate/warp/_src/context.py", line 12209, in launch
    module_exec = kernel.module.load(device, block_dim)
                  ^^^^^^^^^^^^^^^^^^^^^^^^^^^^^^^^^^^^^
  File "/Users/aditya/robosim/upstream/warp-innate/warp/_src/context.py", line 5016, in load
    _raise_recorded_build_error(build_error)
  File "/Users/aditya/robosim/upstream/warp-innate/warp/_src/context.py", line 4079, in _raise_recorded_build_error
    raise replay from None
warp._src.codegen.WarpCodegenError: Error while parsing function "convert_mjw_contacts_to_newton_kernel" at /Users/aditya/robosim/.venv/lib/python3.12/site-packages/newton/_src/solvers/mujoco/kernels.py:1523:
            True,
;Couldn't find function overload for 'contact_force_fn' that matched inputs with types: [int32, array(ndim=1, dtype=mat33f), array(ndim=1, dtype=vector(length=5, dtype=float32)), array(ndim=1, dtype=int32), array(ndim=2, dtype=int32), array(ndim=2, dtype=float32), int32, array(ndim=1, dtype=int32), int32, int32, warp._src.types.bool]

======================================================================
ERROR: test_root_free_joint_under_rotated_parent_xform_uses_parent_frame_qd_mujoco_warp_cpu (newton.tests.test_body_velocity.TestBodyVelocity.test_root_free_joint_under_rotated_parent_xform_uses_parent_frame_qd_mujoco_warp_cpu)
----------------------------------------------------------------------
Traceback (most recent call last):
  File "/Users/aditya/robosim/.venv/lib/python3.12/site-packages/newton/tests/unittest_utils.py", line 599, in test_func
    func(self, device, **kwargs)
  File "/Users/aditya/robosim/.venv/lib/python3.12/site-packages/newton/tests/test_body_velocity.py", line 391, in test_root_free_joint_under_rotated_parent_xform_uses_parent_frame_qd
    solver = solver_fn(model)
             ^^^^^^^^^^^^^^^^
  File "/Users/aditya/robosim/.venv/lib/python3.12/site-packages/newton/tests/test_body_velocity.py", line 862, in <lambda>
    lambda model: newton.solvers.SolverMuJoCo(model, use_mujoco_cpu=False, disable_contacts=True),
                  ^^^^^^^^^^^^^^^^^^^^^^^^^^^^^^^^^^^^^^^^^^^^^^^^^^^^^^^^^^^^^^^^^^^^^^^^^^^^^^^
  File "/Users/aditya/robosim/.venv/lib/python3.12/site-packages/newton/_src/solvers/mujoco/solver_mujoco.py", line 4123, in __init__
    self._convert_to_mjc(
  File "/Users/aditya/robosim/.venv/lib/python3.12/site-packages/newton/_src/solvers/mujoco/solver_mujoco.py", line 7638, in _convert_to_mjc
    self._update_mjc_data(self.mj_data, model, state)
  File "/Users/aditya/robosim/.venv/lib/python3.12/site-packages/newton/_src/solvers/mujoco/solver_mujoco.py", line 5217, in _update_mjc_data
    wp.launch(
  File "/Users/aditya/robosim/upstream/warp-innate/warp/_src/context.py", line 12209, in launch
    module_exec = kernel.module.load(device, block_dim)
                  ^^^^^^^^^^^^^^^^^^^^^^^^^^^^^^^^^^^^^
  File "/Users/aditya/robosim/upstream/warp-innate/warp/_src/context.py", line 5016, in load
    _raise_recorded_build_error(build_error)
  File "/Users/aditya/robosim/upstream/warp-innate/warp/_src/context.py", line 4079, in _raise_recorded_build_error
    raise replay from None
warp._src.codegen.WarpCodegenError: Error while parsing function "convert_mjw_contacts_to_newton_kernel" at /Users/aditya/robosim/.venv/lib/python3.12/site-packages/newton/_src/solvers/mujoco/kernels.py:1523:
            True,
;Couldn't find function overload for 'contact_force_fn' that matched inputs with types: [int32, array(ndim=1, dtype=mat33f), array(ndim=1, dtype=vector(length=5, dtype=float32)), array(ndim=1, dtype=int32), array(ndim=2, dtype=int32), array(ndim=2, dtype=float32), int32, array(ndim=1, dtype=int32), int32, int32, warp._src.types.bool]

======================================================================
ERROR: test_3d_articulation_mujoco_cpu_cpu (newton.tests.test_control_force.TestControlForce.test_3d_articulation_mujoco_cpu_cpu)
----------------------------------------------------------------------
Traceback (most recent call last):
  File "/Users/aditya/robosim/.venv/lib/python3.12/site-packages/newton/tests/unittest_utils.py", line 599, in test_func
    func(self, device, **kwargs)
  File "/Users/aditya/robosim/.venv/lib/python3.12/site-packages/newton/tests/test_control_force.py", line 114, in test_3d_articulation
    solver = solver_fn(model)
             ^^^^^^^^^^^^^^^^
  File "/Users/aditya/robosim/.venv/lib/python3.12/site-packages/newton/tests/test_control_force.py", line 317, in <lambda>
    "mujoco_cpu": lambda model: newton.solvers.SolverMuJoCo(
                                ^^^^^^^^^^^^^^^^^^^^^^^^^^^^
  File "/Users/aditya/robosim/.venv/lib/python3.12/site-packages/newton/_src/solvers/mujoco/solver_mujoco.py", line 4123, in __init__
    self._convert_to_mjc(
  File "/Users/aditya/robosim/.venv/lib/python3.12/site-packages/newton/_src/solvers/mujoco/solver_mujoco.py", line 7638, in _convert_to_mjc
    self._update_mjc_data(self.mj_data, model, state)
  File "/Users/aditya/robosim/.venv/lib/python3.12/site-packages/newton/_src/solvers/mujoco/solver_mujoco.py", line 5217, in _update_mjc_data
    wp.launch(
  File "/Users/aditya/robosim/upstream/warp-innate/warp/_src/context.py", line 12209, in launch
    module_exec = kernel.module.load(device, block_dim)
                  ^^^^^^^^^^^^^^^^^^^^^^^^^^^^^^^^^^^^^
  File "/Users/aditya/robosim/upstream/warp-innate/warp/_src/context.py", line 5016, in load
    _raise_recorded_build_error(build_error)
  File "/Users/aditya/robosim/upstream/warp-innate/warp/_src/context.py", line 4079, in _raise_recorded_build_error
    raise replay from None
warp._src.codegen.WarpCodegenError: Error while parsing function "convert_mjw_contacts_to_newton_kernel" at /Users/aditya/robosim/.venv/lib/python3.12/site-packages/newton/_src/solvers/mujoco/kernels.py:1523:
            True,
;Couldn't find function overload for 'contact_force_fn' that matched inputs with types: [int32, array(ndim=1, dtype=mat33f), array(ndim=1, dtype=vector(length=5, dtype=float32)), array(ndim=1, dtype=int32), array(ndim=2, dtype=int32), array(ndim=2, dtype=float32), int32, array(ndim=1, dtype=int32), int32, int32, warp._src.types.bool]

======================================================================
ERROR: test_3d_articulation_mujoco_warp_cpu (newton.tests.test_control_force.TestControlForce.test_3d_articulation_mujoco_warp_cpu)
----------------------------------------------------------------------
Traceback (most recent call last):
  File "/Users/aditya/robosim/.venv/lib/python3.12/site-packages/newton/tests/unittest_utils.py", line 599, in test_func
    func(self, device, **kwargs)
  File "/Users/aditya/robosim/.venv/lib/python3.12/site-packages/newton/tests/test_control_force.py", line 114, in test_3d_articulation
    solver = solver_fn(model)
             ^^^^^^^^^^^^^^^^
  File "/Users/aditya/robosim/.venv/lib/python3.12/site-packages/newton/tests/test_control_force.py", line 320, in <lambda>
    "mujoco_warp": lambda model: newton.solvers.SolverMuJoCo(
                                 ^^^^^^^^^^^^^^^^^^^^^^^^^^^^
  File "/Users/aditya/robosim/.venv/lib/python3.12/site-packages/newton/_src/solvers/mujoco/solver_mujoco.py", line 4123, in __init__
    self._convert_to_mjc(
  File "/Users/aditya/robosim/.venv/lib/python3.12/site-packages/newton/_src/solvers/mujoco/solver_mujoco.py", line 7638, in _convert_to_mjc
    self._update_mjc_data(self.mj_data, model, state)
  File "/Users/aditya/robosim/.venv/lib/python3.12/site-packages/newton/_src/solvers/mujoco/solver_mujoco.py", line 5217, in _update_mjc_data
    wp.launch(
  File "/Users/aditya/robosim/upstream/warp-innate/warp/_src/context.py", line 12209, in launch
    module_exec = kernel.module.load(device, block_dim)
                  ^^^^^^^^^^^^^^^^^^^^^^^^^^^^^^^^^^^^^
  File "/Users/aditya/robosim/upstream/warp-innate/warp/_src/context.py", line 5016, in load
    _raise_recorded_build_error(build_error)
  File "/Users/aditya/robosim/upstream/warp-innate/warp/_src/context.py", line 4079, in _raise_recorded_build_error
    raise replay from None
warp._src.codegen.WarpCodegenError: Error while parsing function "convert_mjw_contacts_to_newton_kernel" at /Users/aditya/robosim/.venv/lib/python3.12/site-packages/newton/_src/solvers/mujoco/kernels.py:1523:
            True,
;Couldn't find function overload for 'contact_force_fn' that matched inputs with types: [int32, array(ndim=1, dtype=mat33f), array(ndim=1, dtype=vector(length=5, dtype=float32)), array(ndim=1, dtype=int32), array(ndim=2, dtype=int32), array(ndim=2, dtype=float32), int32, array(ndim=1, dtype=int32), int32, int32, warp._src.types.bool]

======================================================================
ERROR: test_floating_body_angular_mujoco_cpu_cpu (newton.tests.test_control_force.TestControlForce.test_floating_body_angular_mujoco_cpu_cpu)
----------------------------------------------------------------------
Traceback (most recent call last):
  File "/Users/aditya/robosim/.venv/lib/python3.12/site-packages/newton/tests/unittest_utils.py", line 599, in test_func
    func(self, device, **kwargs)
  File "/Users/aditya/robosim/.venv/lib/python3.12/site-packages/newton/tests/test_control_force.py", line 59, in test_floating_body
    solver = solver_fn(model)
             ^^^^^^^^^^^^^^^^
  File "/Users/aditya/robosim/.venv/lib/python3.12/site-packages/newton/tests/test_control_force.py", line 317, in <lambda>
    "mujoco_cpu": lambda model: newton.solvers.SolverMuJoCo(
                                ^^^^^^^^^^^^^^^^^^^^^^^^^^^^
  File "/Users/aditya/robosim/.venv/lib/python3.12/site-packages/newton/_src/solvers/mujoco/solver_mujoco.py", line 4123, in __init__
    self._convert_to_mjc(
  File "/Users/aditya/robosim/.venv/lib/python3.12/site-packages/newton/_src/solvers/mujoco/solver_mujoco.py", line 7638, in _convert_to_mjc
    self._update_mjc_data(self.mj_data, model, state)
  File "/Users/aditya/robosim/.venv/lib/python3.12/site-packages/newton/_src/solvers/mujoco/solver_mujoco.py", line 5217, in _update_mjc_data
    wp.launch(
  File "/Users/aditya/robosim/upstream/warp-innate/warp/_src/context.py", line 12209, in launch
    module_exec = kernel.module.load(device, block_dim)
                  ^^^^^^^^^^^^^^^^^^^^^^^^^^^^^^^^^^^^^
  File "/Users/aditya/robosim/upstream/warp-innate/warp/_src/context.py", line 5016, in load
    _raise_recorded_build_error(build_error)
  File "/Users/aditya/robosim/upstream/warp-innate/warp/_src/context.py", line 4079, in _raise_recorded_build_error
    raise replay from None
warp._src.codegen.WarpCodegenError: Error while parsing function "convert_mjw_contacts_to_newton_kernel" at /Users/aditya/robosim/.venv/lib/python3.12/site-packages/newton/_src/solvers/mujoco/kernels.py:1523:
            True,
;Couldn't find function overload for 'contact_force_fn' that matched inputs with types: [int32, array(ndim=1, dtype=mat33f), array(ndim=1, dtype=vector(length=5, dtype=float32)), array(ndim=1, dtype=int32), array(ndim=2, dtype=int32), array(ndim=2, dtype=float32), int32, array(ndim=1, dtype=int32), int32, int32, warp._src.types.bool]

======================================================================
ERROR: test_floating_body_angular_mujoco_warp_cpu (newton.tests.test_control_force.TestControlForce.test_floating_body_angular_mujoco_warp_cpu)
----------------------------------------------------------------------
Traceback (most recent call last):
  File "/Users/aditya/robosim/.venv/lib/python3.12/site-packages/newton/tests/unittest_utils.py", line 599, in test_func
    func(self, device, **kwargs)
  File "/Users/aditya/robosim/.venv/lib/python3.12/site-packages/newton/tests/test_control_force.py", line 59, in test_floating_body
    solver = solver_fn(model)
             ^^^^^^^^^^^^^^^^
  File "/Users/aditya/robosim/.venv/lib/python3.12/site-packages/newton/tests/test_control_force.py", line 320, in <lambda>
    "mujoco_warp": lambda model: newton.solvers.SolverMuJoCo(
                                 ^^^^^^^^^^^^^^^^^^^^^^^^^^^^
  File "/Users/aditya/robosim/.venv/lib/python3.12/site-packages/newton/_src/solvers/mujoco/solver_mujoco.py", line 4123, in __init__
    self._convert_to_mjc(
  File "/Users/aditya/robosim/.venv/lib/python3.12/site-packages/newton/_src/solvers/mujoco/solver_mujoco.py", line 7638, in _convert_to_mjc
    self._update_mjc_data(self.mj_data, model, state)
  File "/Users/aditya/robosim/.venv/lib/python3.12/site-packages/newton/_src/solvers/mujoco/solver_mujoco.py", line 5217, in _update_mjc_data
    wp.launch(
  File "/Users/aditya/robosim/upstream/warp-innate/warp/_src/context.py", line 12209, in launch
    module_exec = kernel.module.load(device, block_dim)
                  ^^^^^^^^^^^^^^^^^^^^^^^^^^^^^^^^^^^^^
  File "/Users/aditya/robosim/upstream/warp-innate/warp/_src/context.py", line 5016, in load
    _raise_recorded_build_error(build_error)
  File "/Users/aditya/robosim/upstream/warp-innate/warp/_src/context.py", line 4079, in _raise_recorded_build_error
    raise replay from None
warp._src.codegen.WarpCodegenError: Error while parsing function "convert_mjw_contacts_to_newton_kernel" at /Users/aditya/robosim/.venv/lib/python3.12/site-packages/newton/_src/solvers/mujoco/kernels.py:1523:
            True,
;Couldn't find function overload for 'contact_force_fn' that matched inputs with types: [int32, array(ndim=1, dtype=mat33f), array(ndim=1, dtype=vector(length=5, dtype=float32)), array(ndim=1, dtype=int32), array(ndim=2, dtype=int32), array(ndim=2, dtype=float32), int32, array(ndim=1, dtype=int32), int32, int32, warp._src.types.bool]

======================================================================
ERROR: test_ball_loop_joint_mujoco_cpu_cpu (newton.tests.test_physics_verification.TestPhysicsVerification.test_ball_loop_joint_mujoco_cpu_cpu)
----------------------------------------------------------------------
Traceback (most recent call last):
  File "/Users/aditya/robosim/.venv/lib/python3.12/site-packages/newton/tests/unittest_utils.py", line 599, in test_func
    func(self, device, **kwargs)
  File "/Users/aditya/robosim/.venv/lib/python3.12/site-packages/newton/tests/test_physics_verification.py", line 1357, in test_ball_loop_joint
    solver = solver_fn(model)
             ^^^^^^^^^^^^^^^^
  File "/Users/aditya/robosim/.venv/lib/python3.12/site-packages/newton/tests/test_physics_verification.py", line 1795, in <lambda>
    "mujoco_cpu": lambda model: newton.solvers.SolverMuJoCo(
                                ^^^^^^^^^^^^^^^^^^^^^^^^^^^^
  File "/Users/aditya/robosim/.venv/lib/python3.12/site-packages/newton/_src/solvers/mujoco/solver_mujoco.py", line 4123, in __init__
    self._convert_to_mjc(
  File "/Users/aditya/robosim/.venv/lib/python3.12/site-packages/newton/_src/solvers/mujoco/solver_mujoco.py", line 7638, in _convert_to_mjc
    self._update_mjc_data(self.mj_data, model, state)
  File "/Users/aditya/robosim/.venv/lib/python3.12/site-packages/newton/_src/solvers/mujoco/solver_mujoco.py", line 5217, in _update_mjc_data
    wp.launch(
  File "/Users/aditya/robosim/upstream/warp-innate/warp/_src/context.py", line 12209, in launch
    module_exec = kernel.module.load(device, block_dim)
                  ^^^^^^^^^^^^^^^^^^^^^^^^^^^^^^^^^^^^^
  File "/Users/aditya/robosim/upstream/warp-innate/warp/_src/context.py", line 5016, in load
    _raise_recorded_build_error(build_error)
  File "/Users/aditya/robosim/upstream/warp-innate/warp/_src/context.py", line 4079, in _raise_recorded_build_error
    raise replay from None
warp._src.codegen.WarpCodegenError: Error while parsing function "convert_mjw_contacts_to_newton_kernel" at /Users/aditya/robosim/.venv/lib/python3.12/site-packages/newton/_src/solvers/mujoco/kernels.py:1523:
            True,
;Couldn't find function overload for 'contact_force_fn' that matched inputs with types: [int32, array(ndim=1, dtype=mat33f), array(ndim=1, dtype=vector(length=5, dtype=float32)), array(ndim=1, dtype=int32), array(ndim=2, dtype=int32), array(ndim=2, dtype=float32), int32, array(ndim=1, dtype=int32), int32, int32, warp._src.types.bool]

======================================================================
ERROR: test_energy_conservation_mujoco_cpu_cpu (newton.tests.test_physics_verification.TestPhysicsVerification.test_energy_conservation_mujoco_cpu_cpu)
----------------------------------------------------------------------
Traceback (most recent call last):
  File "/Users/aditya/robosim/.venv/lib/python3.12/site-packages/newton/tests/unittest_utils.py", line 599, in test_func
    func(self, device, **kwargs)
  File "/Users/aditya/robosim/.venv/lib/python3.12/site-packages/newton/tests/test_physics_verification.py", line 271, in test_energy_conservation
    solver = solver_fn(model)
             ^^^^^^^^^^^^^^^^
  File "/Users/aditya/robosim/.venv/lib/python3.12/site-packages/newton/tests/test_physics_verification.py", line 1639, in <lambda>
    lambda model: newton.solvers.SolverMuJoCo(model, use_mujoco_cpu=True, disable_contacts=True),
                  ^^^^^^^^^^^^^^^^^^^^^^^^^^^^^^^^^^^^^^^^^^^^^^^^^^^^^^^^^^^^^^^^^^^^^^^^^^^^^^
  File "/Users/aditya/robosim/.venv/lib/python3.12/site-packages/newton/_src/solvers/mujoco/solver_mujoco.py", line 4123, in __init__
    self._convert_to_mjc(
  File "/Users/aditya/robosim/.venv/lib/python3.12/site-packages/newton/_src/solvers/mujoco/solver_mujoco.py", line 7638, in _convert_to_mjc
    self._update_mjc_data(self.mj_data, model, state)
  File "/Users/aditya/robosim/.venv/lib/python3.12/site-packages/newton/_src/solvers/mujoco/solver_mujoco.py", line 5217, in _update_mjc_data
    wp.launch(
  File "/Users/aditya/robosim/upstream/warp-innate/warp/_src/context.py", line 12209, in launch
    module_exec = kernel.module.load(device, block_dim)
                  ^^^^^^^^^^^^^^^^^^^^^^^^^^^^^^^^^^^^^
  File "/Users/aditya/robosim/upstream/warp-innate/warp/_src/context.py", line 5016, in load
    _raise_recorded_build_error(build_error)
  File "/Users/aditya/robosim/upstream/warp-innate/warp/_src/context.py", line 4079, in _raise_recorded_build_error
    raise replay from None
warp._src.codegen.WarpCodegenError: Error while parsing function "convert_mjw_contacts_to_newton_kernel" at /Users/aditya/robosim/.venv/lib/python3.12/site-packages/newton/_src/solvers/mujoco/kernels.py:1523:
            True,
;Couldn't find function overload for 'contact_force_fn' that matched inputs with types: [int32, array(ndim=1, dtype=mat33f), array(ndim=1, dtype=vector(length=5, dtype=float32)), array(ndim=1, dtype=int32), array(ndim=2, dtype=int32), array(ndim=2, dtype=float32), int32, array(ndim=1, dtype=int32), int32, int32, warp._src.types.bool]

======================================================================
ERROR: test_fixed_loop_joint_mujoco_cpu_cpu (newton.tests.test_physics_verification.TestPhysicsVerification.test_fixed_loop_joint_mujoco_cpu_cpu)
----------------------------------------------------------------------
Traceback (most recent call last):
  File "/Users/aditya/robosim/.venv/lib/python3.12/site-packages/newton/tests/unittest_utils.py", line 599, in test_func
    func(self, device, **kwargs)
  File "/Users/aditya/robosim/.venv/lib/python3.12/site-packages/newton/tests/test_physics_verification.py", line 1500, in test_fixed_loop_joint
    solver = solver_fn(model)
             ^^^^^^^^^^^^^^^^
  File "/Users/aditya/robosim/.venv/lib/python3.12/site-packages/newton/tests/test_physics_verification.py", line 1795, in <lambda>
    "mujoco_cpu": lambda model: newton.solvers.SolverMuJoCo(
                                ^^^^^^^^^^^^^^^^^^^^^^^^^^^^
  File "/Users/aditya/robosim/.venv/lib/python3.12/site-packages/newton/_src/solvers/mujoco/solver_mujoco.py", line 4123, in __init__
    self._convert_to_mjc(
  File "/Users/aditya/robosim/.venv/lib/python3.12/site-packages/newton/_src/solvers/mujoco/solver_mujoco.py", line 7638, in _convert_to_mjc
    self._update_mjc_data(self.mj_data, model, state)
  File "/Users/aditya/robosim/.venv/lib/python3.12/site-packages/newton/_src/solvers/mujoco/solver_mujoco.py", line 5217, in _update_mjc_data
    wp.launch(
  File "/Users/aditya/robosim/upstream/warp-innate/warp/_src/context.py", line 12209, in launch
    module_exec = kernel.module.load(device, block_dim)
                  ^^^^^^^^^^^^^^^^^^^^^^^^^^^^^^^^^^^^^
  File "/Users/aditya/robosim/upstream/warp-innate/warp/_src/context.py", line 5016, in load
    _raise_recorded_build_error(build_error)
  File "/Users/aditya/robosim/upstream/warp-innate/warp/_src/context.py", line 4079, in _raise_recorded_build_error
    raise replay from None
warp._src.codegen.WarpCodegenError: Error while parsing function "convert_mjw_contacts_to_newton_kernel" at /Users/aditya/robosim/.venv/lib/python3.12/site-packages/newton/_src/solvers/mujoco/kernels.py:1523:
            True,
;Couldn't find function overload for 'contact_force_fn' that matched inputs with types: [int32, array(ndim=1, dtype=mat33f), array(ndim=1, dtype=vector(length=5, dtype=float32)), array(ndim=1, dtype=int32), array(ndim=2, dtype=int32), array(ndim=2, dtype=float32), int32, array(ndim=1, dtype=int32), int32, int32, warp._src.types.bool]

======================================================================
ERROR: test_fourbar_linkage_loop_joint_mujoco_cpu_cpu (newton.tests.test_physics_verification.TestPhysicsVerification.test_fourbar_linkage_loop_joint_mujoco_cpu_cpu)
----------------------------------------------------------------------
Traceback (most recent call last):
  File "/Users/aditya/robosim/.venv/lib/python3.12/site-packages/newton/tests/unittest_utils.py", line 599, in test_func
    func(self, device, **kwargs)
  File "/Users/aditya/robosim/.venv/lib/python3.12/site-packages/newton/tests/test_physics_verification.py", line 1019, in test_fourbar_linkage
    solver = solver_fn(model)
             ^^^^^^^^^^^^^^^^
  File "/Users/aditya/robosim/.venv/lib/python3.12/site-packages/newton/tests/test_physics_verification.py", line 1795, in <lambda>
    "mujoco_cpu": lambda model: newton.solvers.SolverMuJoCo(
                                ^^^^^^^^^^^^^^^^^^^^^^^^^^^^
  File "/Users/aditya/robosim/.venv/lib/python3.12/site-packages/newton/_src/solvers/mujoco/solver_mujoco.py", line 4123, in __init__
    self._convert_to_mjc(
  File "/Users/aditya/robosim/.venv/lib/python3.12/site-packages/newton/_src/solvers/mujoco/solver_mujoco.py", line 7638, in _convert_to_mjc
    self._update_mjc_data(self.mj_data, model, state)
  File "/Users/aditya/robosim/.venv/lib/python3.12/site-packages/newton/_src/solvers/mujoco/solver_mujoco.py", line 5217, in _update_mjc_data
    wp.launch(
  File "/Users/aditya/robosim/upstream/warp-innate/warp/_src/context.py", line 12209, in launch
    module_exec = kernel.module.load(device, block_dim)
                  ^^^^^^^^^^^^^^^^^^^^^^^^^^^^^^^^^^^^^
  File "/Users/aditya/robosim/upstream/warp-innate/warp/_src/context.py", line 5016, in load
    _raise_recorded_build_error(build_error)
  File "/Users/aditya/robosim/upstream/warp-innate/warp/_src/context.py", line 4079, in _raise_recorded_build_error
    raise replay from None
warp._src.codegen.WarpCodegenError: Error while parsing function "convert_mjw_contacts_to_newton_kernel" at /Users/aditya/robosim/.venv/lib/python3.12/site-packages/newton/_src/solvers/mujoco/kernels.py:1523:
            True,
;Couldn't find function overload for 'contact_force_fn' that matched inputs with types: [int32, array(ndim=1, dtype=mat33f), array(ndim=1, dtype=vector(length=5, dtype=float32)), array(ndim=1, dtype=int32), array(ndim=2, dtype=int32), array(ndim=2, dtype=float32), int32, array(ndim=1, dtype=int32), int32, int32, warp._src.types.bool]

======================================================================
ERROR: test_fourbar_linkage_mujoco_cpu_cpu (newton.tests.test_physics_verification.TestPhysicsVerification.test_fourbar_linkage_mujoco_cpu_cpu)
----------------------------------------------------------------------
Traceback (most recent call last):
  File "/Users/aditya/robosim/.venv/lib/python3.12/site-packages/newton/tests/unittest_utils.py", line 599, in test_func
    func(self, device, **kwargs)
  File "/Users/aditya/robosim/.venv/lib/python3.12/site-packages/newton/tests/test_physics_verification.py", line 1019, in test_fourbar_linkage
    solver = solver_fn(model)
             ^^^^^^^^^^^^^^^^
  File "/Users/aditya/robosim/.venv/lib/python3.12/site-packages/newton/tests/test_physics_verification.py", line 1795, in <lambda>
    "mujoco_cpu": lambda model: newton.solvers.SolverMuJoCo(
                                ^^^^^^^^^^^^^^^^^^^^^^^^^^^^
  File "/Users/aditya/robosim/.venv/lib/python3.12/site-packages/newton/_src/solvers/mujoco/solver_mujoco.py", line 4123, in __init__
    self._convert_to_mjc(
  File "/Users/aditya/robosim/.venv/lib/python3.12/site-packages/newton/_src/solvers/mujoco/solver_mujoco.py", line 7638, in _convert_to_mjc
    self._update_mjc_data(self.mj_data, model, state)
  File "/Users/aditya/robosim/.venv/lib/python3.12/site-packages/newton/_src/solvers/mujoco/solver_mujoco.py", line 5217, in _update_mjc_data
    wp.launch(
  File "/Users/aditya/robosim/upstream/warp-innate/warp/_src/context.py", line 12209, in launch
    module_exec = kernel.module.load(device, block_dim)
                  ^^^^^^^^^^^^^^^^^^^^^^^^^^^^^^^^^^^^^
  File "/Users/aditya/robosim/upstream/warp-innate/warp/_src/context.py", line 5016, in load
    _raise_recorded_build_error(build_error)
  File "/Users/aditya/robosim/upstream/warp-innate/warp/_src/context.py", line 4079, in _raise_recorded_build_error
    raise replay from None
warp._src.codegen.WarpCodegenError: Error while parsing function "convert_mjw_contacts_to_newton_kernel" at /Users/aditya/robosim/.venv/lib/python3.12/site-packages/newton/_src/solvers/mujoco/kernels.py:1523:
            True,
;Couldn't find function overload for 'contact_force_fn' that matched inputs with types: [int32, array(ndim=1, dtype=mat33f), array(ndim=1, dtype=vector(length=5, dtype=float32)), array(ndim=1, dtype=int32), array(ndim=2, dtype=int32), array(ndim=2, dtype=float32), int32, array(ndim=1, dtype=int32), int32, int32, warp._src.types.bool]

======================================================================
ERROR: test_free_fall_mujoco_cpu_cpu (newton.tests.test_physics_verification.TestPhysicsVerification.test_free_fall_mujoco_cpu_cpu)
----------------------------------------------------------------------
Traceback (most recent call last):
  File "/Users/aditya/robosim/.venv/lib/python3.12/site-packages/newton/tests/unittest_utils.py", line 599, in test_func
    func(self, device, **kwargs)
  File "/Users/aditya/robosim/.venv/lib/python3.12/site-packages/newton/tests/test_physics_verification.py", line 98, in test_free_fall
    solver = solver_fn(model)
             ^^^^^^^^^^^^^^^^
  File "/Users/aditya/robosim/.venv/lib/python3.12/site-packages/newton/tests/test_physics_verification.py", line 1580, in <lambda>
    lambda model: newton.solvers.SolverMuJoCo(model, use_mujoco_cpu=True, disable_contacts=True),
                  ^^^^^^^^^^^^^^^^^^^^^^^^^^^^^^^^^^^^^^^^^^^^^^^^^^^^^^^^^^^^^^^^^^^^^^^^^^^^^^
  File "/Users/aditya/robosim/.venv/lib/python3.12/site-packages/newton/_src/solvers/mujoco/solver_mujoco.py", line 4123, in __init__
    self._convert_to_mjc(
  File "/Users/aditya/robosim/.venv/lib/python3.12/site-packages/newton/_src/solvers/mujoco/solver_mujoco.py", line 7638, in _convert_to_mjc
    self._update_mjc_data(self.mj_data, model, state)
  File "/Users/aditya/robosim/.venv/lib/python3.12/site-packages/newton/_src/solvers/mujoco/solver_mujoco.py", line 5217, in _update_mjc_data
    wp.launch(
  File "/Users/aditya/robosim/upstream/warp-innate/warp/_src/context.py", line 12209, in launch
    module_exec = kernel.module.load(device, block_dim)
                  ^^^^^^^^^^^^^^^^^^^^^^^^^^^^^^^^^^^^^
  File "/Users/aditya/robosim/upstream/warp-innate/warp/_src/context.py", line 5016, in load
    _raise_recorded_build_error(build_error)
  File "/Users/aditya/robosim/upstream/warp-innate/warp/_src/context.py", line 4079, in _raise_recorded_build_error
    raise replay from None
warp._src.codegen.WarpCodegenError: Error while parsing function "convert_mjw_contacts_to_newton_kernel" at /Users/aditya/robosim/.venv/lib/python3.12/site-packages/newton/_src/solvers/mujoco/kernels.py:1523:
            True,
;Couldn't find function overload for 'contact_force_fn' that matched inputs with types: [int32, array(ndim=1, dtype=mat33f), array(ndim=1, dtype=vector(length=5, dtype=float32)), array(ndim=1, dtype=int32), array(ndim=2, dtype=int32), array(ndim=2, dtype=float32), int32, array(ndim=1, dtype=int32), int32, int32, warp._src.types.bool]

======================================================================
ERROR: test_joint_actuation_mujoco_cpu_cpu (newton.tests.test_physics_verification.TestPhysicsVerification.test_joint_actuation_mujoco_cpu_cpu)
----------------------------------------------------------------------
Traceback (most recent call last):
  File "/Users/aditya/robosim/.venv/lib/python3.12/site-packages/newton/tests/unittest_utils.py", line 599, in test_func
    func(self, device, **kwargs)
  File "/Users/aditya/robosim/.venv/lib/python3.12/site-packages/newton/tests/test_physics_verification.py", line 442, in test_joint_actuation
    solver = solver_fn(model)
             ^^^^^^^^^^^^^^^^
  File "/Users/aditya/robosim/.venv/lib/python3.12/site-packages/newton/tests/test_physics_verification.py", line 1639, in <lambda>
    lambda model: newton.solvers.SolverMuJoCo(model, use_mujoco_cpu=True, disable_contacts=True),
                  ^^^^^^^^^^^^^^^^^^^^^^^^^^^^^^^^^^^^^^^^^^^^^^^^^^^^^^^^^^^^^^^^^^^^^^^^^^^^^^
  File "/Users/aditya/robosim/.venv/lib/python3.12/site-packages/newton/_src/solvers/mujoco/solver_mujoco.py", line 4123, in __init__
    self._convert_to_mjc(
  File "/Users/aditya/robosim/.venv/lib/python3.12/site-packages/newton/_src/solvers/mujoco/solver_mujoco.py", line 7638, in _convert_to_mjc
    self._update_mjc_data(self.mj_data, model, state)
  File "/Users/aditya/robosim/.venv/lib/python3.12/site-packages/newton/_src/solvers/mujoco/solver_mujoco.py", line 5217, in _update_mjc_data
    wp.launch(
  File "/Users/aditya/robosim/upstream/warp-innate/warp/_src/context.py", line 12209, in launch
    module_exec = kernel.module.load(device, block_dim)
                  ^^^^^^^^^^^^^^^^^^^^^^^^^^^^^^^^^^^^^
  File "/Users/aditya/robosim/upstream/warp-innate/warp/_src/context.py", line 5016, in load
    _raise_recorded_build_error(build_error)
  File "/Users/aditya/robosim/upstream/warp-innate/warp/_src/context.py", line 4079, in _raise_recorded_build_error
    raise replay from None
warp._src.codegen.WarpCodegenError: Error while parsing function "convert_mjw_contacts_to_newton_kernel" at /Users/aditya/robosim/.venv/lib/python3.12/site-packages/newton/_src/solvers/mujoco/kernels.py:1523:
            True,
;Couldn't find function overload for 'contact_force_fn' that matched inputs with types: [int32, array(ndim=1, dtype=mat33f), array(ndim=1, dtype=vector(length=5, dtype=float32)), array(ndim=1, dtype=int32), array(ndim=2, dtype=int32), array(ndim=2, dtype=float32), int32, array(ndim=1, dtype=int32), int32, int32, warp._src.types.bool]

======================================================================
ERROR: test_momentum_conservation_mujoco_cpu_cpu (newton.tests.test_physics_verification.TestPhysicsVerification.test_momentum_conservation_mujoco_cpu_cpu)
----------------------------------------------------------------------
Traceback (most recent call last):
  File "/Users/aditya/robosim/.venv/lib/python3.12/site-packages/newton/tests/unittest_utils.py", line 599, in test_func
    func(self, device, **kwargs)
  File "/Users/aditya/robosim/.venv/lib/python3.12/site-packages/newton/tests/test_physics_verification.py", line 543, in test_momentum_conservation
    solver = solver_fn(model)
             ^^^^^^^^^^^^^^^^
  File "/Users/aditya/robosim/.venv/lib/python3.12/site-packages/newton/tests/test_physics_verification.py", line 1580, in <lambda>
    lambda model: newton.solvers.SolverMuJoCo(model, use_mujoco_cpu=True, disable_contacts=True),
                  ^^^^^^^^^^^^^^^^^^^^^^^^^^^^^^^^^^^^^^^^^^^^^^^^^^^^^^^^^^^^^^^^^^^^^^^^^^^^^^
  File "/Users/aditya/robosim/.venv/lib/python3.12/site-packages/newton/_src/solvers/mujoco/solver_mujoco.py", line 4123, in __init__
    self._convert_to_mjc(
  File "/Users/aditya/robosim/.venv/lib/python3.12/site-packages/newton/_src/solvers/mujoco/solver_mujoco.py", line 7638, in _convert_to_mjc
    self._update_mjc_data(self.mj_data, model, state)
  File "/Users/aditya/robosim/.venv/lib/python3.12/site-packages/newton/_src/solvers/mujoco/solver_mujoco.py", line 5217, in _update_mjc_data
    wp.launch(
  File "/Users/aditya/robosim/upstream/warp-innate/warp/_src/context.py", line 12209, in launch
    module_exec = kernel.module.load(device, block_dim)
                  ^^^^^^^^^^^^^^^^^^^^^^^^^^^^^^^^^^^^^
  File "/Users/aditya/robosim/upstream/warp-innate/warp/_src/context.py", line 5016, in load
    _raise_recorded_build_error(build_error)
  File "/Users/aditya/robosim/upstream/warp-innate/warp/_src/context.py", line 4079, in _raise_recorded_build_error
    raise replay from None
warp._src.codegen.WarpCodegenError: Error while parsing function "convert_mjw_contacts_to_newton_kernel" at /Users/aditya/robosim/.venv/lib/python3.12/site-packages/newton/_src/solvers/mujoco/kernels.py:1523:
            True,
;Couldn't find function overload for 'contact_force_fn' that matched inputs with types: [int32, array(ndim=1, dtype=mat33f), array(ndim=1, dtype=vector(length=5, dtype=float32)), array(ndim=1, dtype=int32), array(ndim=2, dtype=int32), array(ndim=2, dtype=float32), int32, array(ndim=1, dtype=int32), int32, int32, warp._src.types.bool]

======================================================================
ERROR: test_pendulum_period_mujoco_cpu_cpu (newton.tests.test_physics_verification.TestPhysicsVerification.test_pendulum_period_mujoco_cpu_cpu)
----------------------------------------------------------------------
Traceback (most recent call last):
  File "/Users/aditya/robosim/.venv/lib/python3.12/site-packages/newton/tests/unittest_utils.py", line 599, in test_func
    func(self, device, **kwargs)
  File "/Users/aditya/robosim/.venv/lib/python3.12/site-packages/newton/tests/test_physics_verification.py", line 184, in test_pendulum_period
    solver = solver_fn(model)
             ^^^^^^^^^^^^^^^^
  File "/Users/aditya/robosim/.venv/lib/python3.12/site-packages/newton/tests/test_physics_verification.py", line 1639, in <lambda>
    lambda model: newton.solvers.SolverMuJoCo(model, use_mujoco_cpu=True, disable_contacts=True),
                  ^^^^^^^^^^^^^^^^^^^^^^^^^^^^^^^^^^^^^^^^^^^^^^^^^^^^^^^^^^^^^^^^^^^^^^^^^^^^^^
  File "/Users/aditya/robosim/.venv/lib/python3.12/site-packages/newton/_src/solvers/mujoco/solver_mujoco.py", line 4123, in __init__
    self._convert_to_mjc(
  File "/Users/aditya/robosim/.venv/lib/python3.12/site-packages/newton/_src/solvers/mujoco/solver_mujoco.py", line 7638, in _convert_to_mjc
    self._update_mjc_data(self.mj_data, model, state)
  File "/Users/aditya/robosim/.venv/lib/python3.12/site-packages/newton/_src/solvers/mujoco/solver_mujoco.py", line 5217, in _update_mjc_data
    wp.launch(
  File "/Users/aditya/robosim/upstream/warp-innate/warp/_src/context.py", line 12209, in launch
    module_exec = kernel.module.load(device, block_dim)
                  ^^^^^^^^^^^^^^^^^^^^^^^^^^^^^^^^^^^^^
  File "/Users/aditya/robosim/upstream/warp-innate/warp/_src/context.py", line 5016, in load
    _raise_recorded_build_error(build_error)
  File "/Users/aditya/robosim/upstream/warp-innate/warp/_src/context.py", line 4079, in _raise_recorded_build_error
    raise replay from None
warp._src.codegen.WarpCodegenError: Error while parsing function "convert_mjw_contacts_to_newton_kernel" at /Users/aditya/robosim/.venv/lib/python3.12/site-packages/newton/_src/solvers/mujoco/kernels.py:1523:
            True,
;Couldn't find function overload for 'contact_force_fn' that matched inputs with types: [int32, array(ndim=1, dtype=mat33f), array(ndim=1, dtype=vector(length=5, dtype=float32)), array(ndim=1, dtype=int32), array(ndim=2, dtype=int32), array(ndim=2, dtype=float32), int32, array(ndim=1, dtype=int32), int32, int32, warp._src.types.bool]

======================================================================
ERROR: test_projectile_motion_mujoco_cpu_cpu (newton.tests.test_physics_verification.TestPhysicsVerification.test_projectile_motion_mujoco_cpu_cpu)
----------------------------------------------------------------------
Traceback (most recent call last):
  File "/Users/aditya/robosim/.venv/lib/python3.12/site-packages/newton/tests/unittest_utils.py", line 599, in test_func
    func(self, device, **kwargs)
  File "/Users/aditya/robosim/.venv/lib/python3.12/site-packages/newton/tests/test_physics_verification.py", line 350, in test_projectile_motion
    solver = solver_fn(model)
             ^^^^^^^^^^^^^^^^
  File "/Users/aditya/robosim/.venv/lib/python3.12/site-packages/newton/tests/test_physics_verification.py", line 1580, in <lambda>
    lambda model: newton.solvers.SolverMuJoCo(model, use_mujoco_cpu=True, disable_contacts=True),
                  ^^^^^^^^^^^^^^^^^^^^^^^^^^^^^^^^^^^^^^^^^^^^^^^^^^^^^^^^^^^^^^^^^^^^^^^^^^^^^^
  File "/Users/aditya/robosim/.venv/lib/python3.12/site-packages/newton/_src/solvers/mujoco/solver_mujoco.py", line 4123, in __init__
    self._convert_to_mjc(
  File "/Users/aditya/robosim/.venv/lib/python3.12/site-packages/newton/_src/solvers/mujoco/solver_mujoco.py", line 7638, in _convert_to_mjc
    self._update_mjc_data(self.mj_data, model, state)
  File "/Users/aditya/robosim/.venv/lib/python3.12/site-packages/newton/_src/solvers/mujoco/solver_mujoco.py", line 5217, in _update_mjc_data
    wp.launch(
  File "/Users/aditya/robosim/upstream/warp-innate/warp/_src/context.py", line 12209, in launch
    module_exec = kernel.module.load(device, block_dim)
                  ^^^^^^^^^^^^^^^^^^^^^^^^^^^^^^^^^^^^^
  File "/Users/aditya/robosim/upstream/warp-innate/warp/_src/context.py", line 5016, in load
    _raise_recorded_build_error(build_error)
  File "/Users/aditya/robosim/upstream/warp-innate/warp/_src/context.py", line 4079, in _raise_recorded_build_error
    raise replay from None
warp._src.codegen.WarpCodegenError: Error while parsing function "convert_mjw_contacts_to_newton_kernel" at /Users/aditya/robosim/.venv/lib/python3.12/site-packages/newton/_src/solvers/mujoco/kernels.py:1523:
            True,
;Couldn't find function overload for 'contact_force_fn' that matched inputs with types: [int32, array(ndim=1, dtype=mat33f), array(ndim=1, dtype=vector(length=5, dtype=float32)), array(ndim=1, dtype=int32), array(ndim=2, dtype=int32), array(ndim=2, dtype=float32), int32, array(ndim=1, dtype=int32), int32, int32, warp._src.types.bool]

======================================================================
ERROR: test_restitution_mujoco_cpu_cpu (newton.tests.test_physics_verification.TestPhysicsVerification.test_restitution_mujoco_cpu_cpu)
----------------------------------------------------------------------
Traceback (most recent call last):
  File "/Users/aditya/robosim/.venv/lib/python3.12/site-packages/newton/tests/unittest_utils.py", line 599, in test_func
    func(self, device, **kwargs)
  File "/Users/aditya/robosim/.venv/lib/python3.12/site-packages/newton/tests/test_physics_verification.py", line 824, in test_restitution_mujoco
    solver = solver_fn(model)
             ^^^^^^^^^^^^^^^^
  File "/Users/aditya/robosim/.venv/lib/python3.12/site-packages/newton/tests/test_physics_verification.py", line 1780, in <lambda>
    solver_fn=lambda model: newton.solvers.SolverMuJoCo(model, use_mujoco_cpu=True),
                            ^^^^^^^^^^^^^^^^^^^^^^^^^^^^^^^^^^^^^^^^^^^^^^^^^^^^^^^
  File "/Users/aditya/robosim/.venv/lib/python3.12/site-packages/newton/_src/solvers/mujoco/solver_mujoco.py", line 4123, in __init__
    self._convert_to_mjc(
  File "/Users/aditya/robosim/.venv/lib/python3.12/site-packages/newton/_src/solvers/mujoco/solver_mujoco.py", line 7638, in _convert_to_mjc
    self._update_mjc_data(self.mj_data, model, state)
  File "/Users/aditya/robosim/.venv/lib/python3.12/site-packages/newton/_src/solvers/mujoco/solver_mujoco.py", line 5217, in _update_mjc_data
    wp.launch(
  File "/Users/aditya/robosim/upstream/warp-innate/warp/_src/context.py", line 12209, in launch
    module_exec = kernel.module.load(device, block_dim)
                  ^^^^^^^^^^^^^^^^^^^^^^^^^^^^^^^^^^^^^
  File "/Users/aditya/robosim/upstream/warp-innate/warp/_src/context.py", line 5016, in load
    _raise_recorded_build_error(build_error)
  File "/Users/aditya/robosim/upstream/warp-innate/warp/_src/context.py", line 4079, in _raise_recorded_build_error
    raise replay from None
warp._src.codegen.WarpCodegenError: Error while parsing function "convert_mjw_contacts_to_newton_kernel" at /Users/aditya/robosim/.venv/lib/python3.12/site-packages/newton/_src/solvers/mujoco/kernels.py:1523:
            True,
;Couldn't find function overload for 'contact_force_fn' that matched inputs with types: [int32, array(ndim=1, dtype=mat33f), array(ndim=1, dtype=vector(length=5, dtype=float32)), array(ndim=1, dtype=int32), array(ndim=2, dtype=int32), array(ndim=2, dtype=float32), int32, array(ndim=1, dtype=int32), int32, int32, warp._src.types.bool]

======================================================================
ERROR: test_revolute_loop_joint_mujoco_cpu_cpu (newton.tests.test_physics_verification.TestPhysicsVerification.test_revolute_loop_joint_mujoco_cpu_cpu)
----------------------------------------------------------------------
Traceback (most recent call last):
  File "/Users/aditya/robosim/.venv/lib/python3.12/site-packages/newton/tests/unittest_utils.py", line 599, in test_func
    func(self, device, **kwargs)
  File "/Users/aditya/robosim/.venv/lib/python3.12/site-packages/newton/tests/test_physics_verification.py", line 1236, in test_revolute_loop_joint
    solver = solver_fn(model)
             ^^^^^^^^^^^^^^^^
  File "/Users/aditya/robosim/.venv/lib/python3.12/site-packages/newton/tests/test_physics_verification.py", line 1795, in <lambda>
    "mujoco_cpu": lambda model: newton.solvers.SolverMuJoCo(
                                ^^^^^^^^^^^^^^^^^^^^^^^^^^^^
  File "/Users/aditya/robosim/.venv/lib/python3.12/site-packages/newton/_src/solvers/mujoco/solver_mujoco.py", line 4123, in __init__
    self._convert_to_mjc(
  File "/Users/aditya/robosim/.venv/lib/python3.12/site-packages/newton/_src/solvers/mujoco/solver_mujoco.py", line 7638, in _convert_to_mjc
    self._update_mjc_data(self.mj_data, model, state)
  File "/Users/aditya/robosim/.venv/lib/python3.12/site-packages/newton/_src/solvers/mujoco/solver_mujoco.py", line 5217, in _update_mjc_data
    wp.launch(
  File "/Users/aditya/robosim/upstream/warp-innate/warp/_src/context.py", line 12209, in launch
    module_exec = kernel.module.load(device, block_dim)
                  ^^^^^^^^^^^^^^^^^^^^^^^^^^^^^^^^^^^^^
  File "/Users/aditya/robosim/upstream/warp-innate/warp/_src/context.py", line 5016, in load
    _raise_recorded_build_error(build_error)
  File "/Users/aditya/robosim/upstream/warp-innate/warp/_src/context.py", line 4079, in _raise_recorded_build_error
    raise replay from None
warp._src.codegen.WarpCodegenError: Error while parsing function "convert_mjw_contacts_to_newton_kernel" at /Users/aditya/robosim/.venv/lib/python3.12/site-packages/newton/_src/solvers/mujoco/kernels.py:1523:
            True,
;Couldn't find function overload for 'contact_force_fn' that matched inputs with types: [int32, array(ndim=1, dtype=mat33f), array(ndim=1, dtype=vector(length=5, dtype=float32)), array(ndim=1, dtype=int32), array(ndim=2, dtype=int32), array(ndim=2, dtype=float32), int32, array(ndim=1, dtype=int32), int32, int32, warp._src.types.bool]

======================================================================
ERROR: test_torque_free_precession_mujoco_cpu_cpu (newton.tests.test_physics_verification.TestPhysicsVerification.test_torque_free_precession_mujoco_cpu_cpu)
----------------------------------------------------------------------
Traceback (most recent call last):
  File "/Users/aditya/robosim/.venv/lib/python3.12/site-packages/newton/tests/unittest_utils.py", line 599, in test_func
    func(self, device, **kwargs)
  File "/Users/aditya/robosim/.venv/lib/python3.12/site-packages/newton/tests/test_physics_verification.py", line 613, in test_torque_free_precession
    solver = solver_fn(model)
             ^^^^^^^^^^^^^^^^
  File "/Users/aditya/robosim/.venv/lib/python3.12/site-packages/newton/tests/test_physics_verification.py", line 1639, in <lambda>
    lambda model: newton.solvers.SolverMuJoCo(model, use_mujoco_cpu=True, disable_contacts=True),
                  ^^^^^^^^^^^^^^^^^^^^^^^^^^^^^^^^^^^^^^^^^^^^^^^^^^^^^^^^^^^^^^^^^^^^^^^^^^^^^^
  File "/Users/aditya/robosim/.venv/lib/python3.12/site-packages/newton/_src/solvers/mujoco/solver_mujoco.py", line 4123, in __init__
    self._convert_to_mjc(
  File "/Users/aditya/robosim/.venv/lib/python3.12/site-packages/newton/_src/solvers/mujoco/solver_mujoco.py", line 7638, in _convert_to_mjc
    self._update_mjc_data(self.mj_data, model, state)
  File "/Users/aditya/robosim/.venv/lib/python3.12/site-packages/newton/_src/solvers/mujoco/solver_mujoco.py", line 5217, in _update_mjc_data
    wp.launch(
  File "/Users/aditya/robosim/upstream/warp-innate/warp/_src/context.py", line 12209, in launch
    module_exec = kernel.module.load(device, block_dim)
                  ^^^^^^^^^^^^^^^^^^^^^^^^^^^^^^^^^^^^^
  File "/Users/aditya/robosim/upstream/warp-innate/warp/_src/context.py", line 5016, in load
    _raise_recorded_build_error(build_error)
  File "/Users/aditya/robosim/upstream/warp-innate/warp/_src/context.py", line 4079, in _raise_recorded_build_error
    raise replay from None
warp._src.codegen.WarpCodegenError: Error while parsing function "convert_mjw_contacts_to_newton_kernel" at /Users/aditya/robosim/.venv/lib/python3.12/site-packages/newton/_src/solvers/mujoco/kernels.py:1523:
            True,
;Couldn't find function overload for 'contact_force_fn' that matched inputs with types: [int32, array(ndim=1, dtype=mat33f), array(ndim=1, dtype=vector(length=5, dtype=float32)), array(ndim=1, dtype=int32), array(ndim=2, dtype=int32), array(ndim=2, dtype=float32), int32, array(ndim=1, dtype=int32), int32, int32, warp._src.types.bool]

======================================================================
ERROR: test_kinematic_fixed_root_static_force_immune_mujoco_cpu_cpu (newton.tests.test_kinematic_links.TestKinematicLinksCanonical.test_kinematic_fixed_root_static_force_immune_mujoco_cpu_cpu)
----------------------------------------------------------------------
Traceback (most recent call last):
  File "/Users/aditya/robosim/.venv/lib/python3.12/site-packages/newton/tests/unittest_utils.py", line 599, in test_func
    func(self, device, **kwargs)
  File "/Users/aditya/robosim/.venv/lib/python3.12/site-packages/newton/tests/test_kinematic_links.py", line 624, in test_kinematic_fixed_root_static_force_immune
    no_force = run_once(apply_force=False)
               ^^^^^^^^^^^^^^^^^^^^^^^^^^^
  File "/Users/aditya/robosim/.venv/lib/python3.12/site-packages/newton/tests/test_kinematic_links.py", line 590, in run_once
    solver = solver_fn(model)
             ^^^^^^^^^^^^^^^^
  File "/Users/aditya/robosim/.venv/lib/python3.12/site-packages/newton/tests/test_kinematic_links.py", line 722, in <lambda>
    "mujoco_cpu": lambda model: newton.solvers.SolverMuJoCo(model, use_mujoco_cpu=True),
                                ^^^^^^^^^^^^^^^^^^^^^^^^^^^^^^^^^^^^^^^^^^^^^^^^^^^^^^^
  File "/Users/aditya/robosim/.venv/lib/python3.12/site-packages/newton/_src/solvers/mujoco/solver_mujoco.py", line 4123, in __init__
    self._convert_to_mjc(
  File "/Users/aditya/robosim/.venv/lib/python3.12/site-packages/newton/_src/solvers/mujoco/solver_mujoco.py", line 7638, in _convert_to_mjc
    self._update_mjc_data(self.mj_data, model, state)
  File "/Users/aditya/robosim/.venv/lib/python3.12/site-packages/newton/_src/solvers/mujoco/solver_mujoco.py", line 5217, in _update_mjc_data
    wp.launch(
  File "/Users/aditya/robosim/upstream/warp-innate/warp/_src/context.py", line 12209, in launch
    module_exec = kernel.module.load(device, block_dim)
                  ^^^^^^^^^^^^^^^^^^^^^^^^^^^^^^^^^^^^^
  File "/Users/aditya/robosim/upstream/warp-innate/warp/_src/context.py", line 5016, in load
    _raise_recorded_build_error(build_error)
  File "/Users/aditya/robosim/upstream/warp-innate/warp/_src/context.py", line 4079, in _raise_recorded_build_error
    raise replay from None
warp._src.codegen.WarpCodegenError: Error while parsing function "convert_mjw_contacts_to_newton_kernel" at /Users/aditya/robosim/.venv/lib/python3.12/site-packages/newton/_src/solvers/mujoco/kernels.py:1523:
            True,
;Couldn't find function overload for 'contact_force_fn' that matched inputs with types: [int32, array(ndim=1, dtype=mat33f), array(ndim=1, dtype=vector(length=5, dtype=float32)), array(ndim=1, dtype=int32), array(ndim=2, dtype=int32), array(ndim=2, dtype=float32), int32, array(ndim=1, dtype=int32), int32, int32, warp._src.types.bool]

======================================================================
ERROR: test_kinematic_free_base_prescribed_motion_mujoco_cpu_cpu (newton.tests.test_kinematic_links.TestKinematicLinksCanonical.test_kinematic_free_base_prescribed_motion_mujoco_cpu_cpu)
----------------------------------------------------------------------
Traceback (most recent call last):
  File "/Users/aditya/robosim/.venv/lib/python3.12/site-packages/newton/tests/unittest_utils.py", line 599, in test_func
    func(self, device, **kwargs)
  File "/Users/aditya/robosim/.venv/lib/python3.12/site-packages/newton/tests/test_kinematic_links.py", line 461, in test_kinematic_free_base_prescribed_motion
    no_force = run_once(apply_force=False)
               ^^^^^^^^^^^^^^^^^^^^^^^^^^^
  File "/Users/aditya/robosim/.venv/lib/python3.12/site-packages/newton/tests/test_kinematic_links.py", line 413, in run_once
    solver = solver_fn(model)
             ^^^^^^^^^^^^^^^^
  File "/Users/aditya/robosim/.venv/lib/python3.12/site-packages/newton/tests/test_kinematic_links.py", line 722, in <lambda>
    "mujoco_cpu": lambda model: newton.solvers.SolverMuJoCo(model, use_mujoco_cpu=True),
                                ^^^^^^^^^^^^^^^^^^^^^^^^^^^^^^^^^^^^^^^^^^^^^^^^^^^^^^^
  File "/Users/aditya/robosim/.venv/lib/python3.12/site-packages/newton/_src/solvers/mujoco/solver_mujoco.py", line 4123, in __init__
    self._convert_to_mjc(
  File "/Users/aditya/robosim/.venv/lib/python3.12/site-packages/newton/_src/solvers/mujoco/solver_mujoco.py", line 7638, in _convert_to_mjc
    self._update_mjc_data(self.mj_data, model, state)
  File "/Users/aditya/robosim/.venv/lib/python3.12/site-packages/newton/_src/solvers/mujoco/solver_mujoco.py", line 5217, in _update_mjc_data
    wp.launch(
  File "/Users/aditya/robosim/upstream/warp-innate/warp/_src/context.py", line 12209, in launch
    module_exec = kernel.module.load(device, block_dim)
                  ^^^^^^^^^^^^^^^^^^^^^^^^^^^^^^^^^^^^^
  File "/Users/aditya/robosim/upstream/warp-innate/warp/_src/context.py", line 5016, in load
    _raise_recorded_build_error(build_error)
  File "/Users/aditya/robosim/upstream/warp-innate/warp/_src/context.py", line 4079, in _raise_recorded_build_error
    raise replay from None
warp._src.codegen.WarpCodegenError: Error while parsing function "convert_mjw_contacts_to_newton_kernel" at /Users/aditya/robosim/.venv/lib/python3.12/site-packages/newton/_src/solvers/mujoco/kernels.py:1523:
            True,
;Couldn't find function overload for 'contact_force_fn' that matched inputs with types: [int32, array(ndim=1, dtype=mat33f), array(ndim=1, dtype=vector(length=5, dtype=float32)), array(ndim=1, dtype=int32), array(ndim=2, dtype=int32), array(ndim=2, dtype=float32), int32, array(ndim=1, dtype=int32), int32, int32, warp._src.types.bool]

======================================================================
ERROR: test_kinematic_revolute_root_pendulum_prescribed_motion_mujoco_cpu_cpu (newton.tests.test_kinematic_links.TestKinematicLinksCanonical.test_kinematic_revolute_root_pendulum_prescribed_motion_mujoco_cpu_cpu)
----------------------------------------------------------------------
Traceback (most recent call last):
  File "/Users/aditya/robosim/.venv/lib/python3.12/site-packages/newton/tests/unittest_utils.py", line 599, in test_func
    func(self, device, **kwargs)
  File "/Users/aditya/robosim/.venv/lib/python3.12/site-packages/newton/tests/test_kinematic_links.py", line 556, in test_kinematic_revolute_root_pendulum_prescribed_motion
    no_force = run_once(apply_force=False)
               ^^^^^^^^^^^^^^^^^^^^^^^^^^^
  File "/Users/aditya/robosim/.venv/lib/python3.12/site-packages/newton/tests/test_kinematic_links.py", line 497, in run_once
    solver = solver_fn(model)
             ^^^^^^^^^^^^^^^^
  File "/Users/aditya/robosim/.venv/lib/python3.12/site-packages/newton/tests/test_kinematic_links.py", line 722, in <lambda>
    "mujoco_cpu": lambda model: newton.solvers.SolverMuJoCo(model, use_mujoco_cpu=True),
                                ^^^^^^^^^^^^^^^^^^^^^^^^^^^^^^^^^^^^^^^^^^^^^^^^^^^^^^^
  File "/Users/aditya/robosim/.venv/lib/python3.12/site-packages/newton/_src/solvers/mujoco/solver_mujoco.py", line 4123, in __init__
    self._convert_to_mjc(
  File "/Users/aditya/robosim/.venv/lib/python3.12/site-packages/newton/_src/solvers/mujoco/solver_mujoco.py", line 7638, in _convert_to_mjc
    self._update_mjc_data(self.mj_data, model, state)
  File "/Users/aditya/robosim/.venv/lib/python3.12/site-packages/newton/_src/solvers/mujoco/solver_mujoco.py", line 5217, in _update_mjc_data
    wp.launch(
  File "/Users/aditya/robosim/upstream/warp-innate/warp/_src/context.py", line 12209, in launch
    module_exec = kernel.module.load(device, block_dim)
                  ^^^^^^^^^^^^^^^^^^^^^^^^^^^^^^^^^^^^^
  File "/Users/aditya/robosim/upstream/warp-innate/warp/_src/context.py", line 5016, in load
    _raise_recorded_build_error(build_error)
  File "/Users/aditya/robosim/upstream/warp-innate/warp/_src/context.py", line 4079, in _raise_recorded_build_error
    raise replay from None
warp._src.codegen.WarpCodegenError: Error while parsing function "convert_mjw_contacts_to_newton_kernel" at /Users/aditya/robosim/.venv/lib/python3.12/site-packages/newton/_src/solvers/mujoco/kernels.py:1523:
            True,
;Couldn't find function overload for 'contact_force_fn' that matched inputs with types: [int32, array(ndim=1, dtype=mat33f), array(ndim=1, dtype=vector(length=5, dtype=float32)), array(ndim=1, dtype=int32), array(ndim=2, dtype=int32), array(ndim=2, dtype=float32), int32, array(ndim=1, dtype=int32), int32, int32, warp._src.types.bool]

======================================================================
ERROR: test_kinematic_runtime_toggle_mujoco_cpu_cpu (newton.tests.test_kinematic_links.TestKinematicLinksCanonical.test_kinematic_runtime_toggle_mujoco_cpu_cpu)
----------------------------------------------------------------------
Traceback (most recent call last):
  File "/Users/aditya/robosim/.venv/lib/python3.12/site-packages/newton/tests/unittest_utils.py", line 599, in test_func
    func(self, device, **kwargs)
  File "/Users/aditya/robosim/.venv/lib/python3.12/site-packages/newton/tests/test_kinematic_links.py", line 661, in test_kinematic_runtime_toggle
    solver = solver_fn(model)
             ^^^^^^^^^^^^^^^^
  File "/Users/aditya/robosim/.venv/lib/python3.12/site-packages/newton/tests/test_kinematic_links.py", line 722, in <lambda>
    "mujoco_cpu": lambda model: newton.solvers.SolverMuJoCo(model, use_mujoco_cpu=True),
                                ^^^^^^^^^^^^^^^^^^^^^^^^^^^^^^^^^^^^^^^^^^^^^^^^^^^^^^^
  File "/Users/aditya/robosim/.venv/lib/python3.12/site-packages/newton/_src/solvers/mujoco/solver_mujoco.py", line 4123, in __init__
    self._convert_to_mjc(
  File "/Users/aditya/robosim/.venv/lib/python3.12/site-packages/newton/_src/solvers/mujoco/solver_mujoco.py", line 7638, in _convert_to_mjc
    self._update_mjc_data(self.mj_data, model, state)
  File "/Users/aditya/robosim/.venv/lib/python3.12/site-packages/newton/_src/solvers/mujoco/solver_mujoco.py", line 5217, in _update_mjc_data
    wp.launch(
  File "/Users/aditya/robosim/upstream/warp-innate/warp/_src/context.py", line 12209, in launch
    module_exec = kernel.module.load(device, block_dim)
                  ^^^^^^^^^^^^^^^^^^^^^^^^^^^^^^^^^^^^^
  File "/Users/aditya/robosim/upstream/warp-innate/warp/_src/context.py", line 5016, in load
    _raise_recorded_build_error(build_error)
  File "/Users/aditya/robosim/upstream/warp-innate/warp/_src/context.py", line 4079, in _raise_recorded_build_error
    raise replay from None
warp._src.codegen.WarpCodegenError: Error while parsing function "convert_mjw_contacts_to_newton_kernel" at /Users/aditya/robosim/.venv/lib/python3.12/site-packages/newton/_src/solvers/mujoco/kernels.py:1523:
            True,
;Couldn't find function overload for 'contact_force_fn' that matched inputs with types: [int32, array(ndim=1, dtype=mat33f), array(ndim=1, dtype=vector(length=5, dtype=float32)), array(ndim=1, dtype=int32), array(ndim=2, dtype=int32), array(ndim=2, dtype=float32), int32, array(ndim=1, dtype=int32), int32, int32, warp._src.types.bool]

======================================================================
ERROR: test_box_drop_mujoco_cpu_cpu (newton.tests.test_rigid_contact.TestRigidContact.test_box_drop_mujoco_cpu_cpu)
----------------------------------------------------------------------
Traceback (most recent call last):
  File "/Users/aditya/robosim/.venv/lib/python3.12/site-packages/newton/tests/unittest_utils.py", line 599, in test_func
    func(self, device, **kwargs)
  File "/Users/aditya/robosim/.venv/lib/python3.12/site-packages/newton/tests/test_rigid_contact.py", line 789, in test_box_drop
    solver = solver_fn(model)
             ^^^^^^^^^^^^^^^^
  File "/Users/aditya/robosim/.venv/lib/python3.12/site-packages/newton/tests/test_rigid_contact.py", line 846, in <lambda>
    "mujoco_cpu": lambda model: newton.solvers.SolverMuJoCo(model, use_mujoco_cpu=True),
                                ^^^^^^^^^^^^^^^^^^^^^^^^^^^^^^^^^^^^^^^^^^^^^^^^^^^^^^^
  File "/Users/aditya/robosim/.venv/lib/python3.12/site-packages/newton/_src/solvers/mujoco/solver_mujoco.py", line 4123, in __init__
    self._convert_to_mjc(
  File "/Users/aditya/robosim/.venv/lib/python3.12/site-packages/newton/_src/solvers/mujoco/solver_mujoco.py", line 7638, in _convert_to_mjc
    self._update_mjc_data(self.mj_data, model, state)
  File "/Users/aditya/robosim/.venv/lib/python3.12/site-packages/newton/_src/solvers/mujoco/solver_mujoco.py", line 5217, in _update_mjc_data
    wp.launch(
  File "/Users/aditya/robosim/upstream/warp-innate/warp/_src/context.py", line 12209, in launch
    module_exec = kernel.module.load(device, block_dim)
                  ^^^^^^^^^^^^^^^^^^^^^^^^^^^^^^^^^^^^^
  File "/Users/aditya/robosim/upstream/warp-innate/warp/_src/context.py", line 5016, in load
    _raise_recorded_build_error(build_error)
  File "/Users/aditya/robosim/upstream/warp-innate/warp/_src/context.py", line 4079, in _raise_recorded_build_error
    raise replay from None
warp._src.codegen.WarpCodegenError: Error while parsing function "convert_mjw_contacts_to_newton_kernel" at /Users/aditya/robosim/.venv/lib/python3.12/site-packages/newton/_src/solvers/mujoco/kernels.py:1523:
            True,
;Couldn't find function overload for 'contact_force_fn' that matched inputs with types: [int32, array(ndim=1, dtype=mat33f), array(ndim=1, dtype=vector(length=5, dtype=float32)), array(ndim=1, dtype=int32), array(ndim=2, dtype=int32), array(ndim=2, dtype=float32), int32, array(ndim=1, dtype=int32), int32, int32, warp._src.types.bool]

======================================================================
ERROR: test_mujoco_convex_on_convex_mujoco_cpu_cpu (newton.tests.test_rigid_contact.TestRigidContact.test_mujoco_convex_on_convex_mujoco_cpu_cpu)
----------------------------------------------------------------------
Traceback (most recent call last):
  File "/Users/aditya/robosim/.venv/lib/python3.12/site-packages/newton/tests/unittest_utils.py", line 599, in test_func
    func(self, device, **kwargs)
  File "/Users/aditya/robosim/.venv/lib/python3.12/site-packages/newton/tests/test_rigid_contact.py", line 746, in test_mujoco_convex_on_convex
    solver = solver_fn(model)
             ^^^^^^^^^^^^^^^^
  File "/Users/aditya/robosim/.venv/lib/python3.12/site-packages/newton/tests/test_rigid_contact.py", line 846, in <lambda>
    "mujoco_cpu": lambda model: newton.solvers.SolverMuJoCo(model, use_mujoco_cpu=True),
                                ^^^^^^^^^^^^^^^^^^^^^^^^^^^^^^^^^^^^^^^^^^^^^^^^^^^^^^^
  File "/Users/aditya/robosim/.venv/lib/python3.12/site-packages/newton/_src/solvers/mujoco/solver_mujoco.py", line 4123, in __init__
    self._convert_to_mjc(
  File "/Users/aditya/robosim/.venv/lib/python3.12/site-packages/newton/_src/solvers/mujoco/solver_mujoco.py", line 7638, in _convert_to_mjc
    self._update_mjc_data(self.mj_data, model, state)
  File "/Users/aditya/robosim/.venv/lib/python3.12/site-packages/newton/_src/solvers/mujoco/solver_mujoco.py", line 5217, in _update_mjc_data
    wp.launch(
  File "/Users/aditya/robosim/upstream/warp-innate/warp/_src/context.py", line 12209, in launch
    module_exec = kernel.module.load(device, block_dim)
                  ^^^^^^^^^^^^^^^^^^^^^^^^^^^^^^^^^^^^^
  File "/Users/aditya/robosim/upstream/warp-innate/warp/_src/context.py", line 5016, in load
    _raise_recorded_build_error(build_error)
  File "/Users/aditya/robosim/upstream/warp-innate/warp/_src/context.py", line 4079, in _raise_recorded_build_error
    raise replay from None
warp._src.codegen.WarpCodegenError: Error while parsing function "convert_mjw_contacts_to_newton_kernel" at /Users/aditya/robosim/.venv/lib/python3.12/site-packages/newton/_src/solvers/mujoco/kernels.py:1523:
            True,
;Couldn't find function overload for 'contact_force_fn' that matched inputs with types: [int32, array(ndim=1, dtype=mat33f), array(ndim=1, dtype=vector(length=5, dtype=float32)), array(ndim=1, dtype=int32), array(ndim=2, dtype=int32), array(ndim=2, dtype=float32), int32, array(ndim=1, dtype=int32), int32, int32, warp._src.types.bool]

======================================================================
ERROR: test_shapes_on_plane_mujoco_cpu_cpu (newton.tests.test_rigid_contact.TestRigidContact.test_shapes_on_plane_mujoco_cpu_cpu)
----------------------------------------------------------------------
Traceback (most recent call last):
  File "/Users/aditya/robosim/.venv/lib/python3.12/site-packages/newton/tests/unittest_utils.py", line 599, in test_func
    func(self, device, **kwargs)
  File "/Users/aditya/robosim/.venv/lib/python3.12/site-packages/newton/tests/test_rigid_contact.py", line 153, in test_shapes_on_plane
    temp_solver = solver_fn(model)
                  ^^^^^^^^^^^^^^^^
  File "/Users/aditya/robosim/.venv/lib/python3.12/site-packages/newton/tests/test_rigid_contact.py", line 846, in <lambda>
    "mujoco_cpu": lambda model: newton.solvers.SolverMuJoCo(model, use_mujoco_cpu=True),
                                ^^^^^^^^^^^^^^^^^^^^^^^^^^^^^^^^^^^^^^^^^^^^^^^^^^^^^^^
  File "/Users/aditya/robosim/.venv/lib/python3.12/site-packages/newton/_src/solvers/mujoco/solver_mujoco.py", line 4123, in __init__
    self._convert_to_mjc(
  File "/Users/aditya/robosim/.venv/lib/python3.12/site-packages/newton/_src/solvers/mujoco/solver_mujoco.py", line 7638, in _convert_to_mjc
    self._update_mjc_data(self.mj_data, model, state)
  File "/Users/aditya/robosim/.venv/lib/python3.12/site-packages/newton/_src/solvers/mujoco/solver_mujoco.py", line 5217, in _update_mjc_data
    wp.launch(
  File "/Users/aditya/robosim/upstream/warp-innate/warp/_src/context.py", line 12209, in launch
    module_exec = kernel.module.load(device, block_dim)
                  ^^^^^^^^^^^^^^^^^^^^^^^^^^^^^^^^^^^^^
  File "/Users/aditya/robosim/upstream/warp-innate/warp/_src/context.py", line 5016, in load
    _raise_recorded_build_error(build_error)
  File "/Users/aditya/robosim/upstream/warp-innate/warp/_src/context.py", line 4079, in _raise_recorded_build_error
    raise replay from None
warp._src.codegen.WarpCodegenError: Error while parsing function "convert_mjw_contacts_to_newton_kernel" at /Users/aditya/robosim/.venv/lib/python3.12/site-packages/newton/_src/solvers/mujoco/kernels.py:1523:
            True,
;Couldn't find function overload for 'contact_force_fn' that matched inputs with types: [int32, array(ndim=1, dtype=mat33f), array(ndim=1, dtype=vector(length=5, dtype=float32)), array(ndim=1, dtype=int32), array(ndim=2, dtype=int32), array(ndim=2, dtype=float32), int32, array(ndim=1, dtype=int32), int32, int32, warp._src.types.bool]

----------------------------------------------------------------------
Ran 377 tests in 115.736s

FAILED (errors=101, skipped=4)

Module make_convert_contacts_newton_to_kamino__locals___convert_contacts_newton_to_kamino_736650bb 56024fd load on device 'cpu' took 139.68 ms  (compiled)
