+ WHO=isaac
+ LEVELS='3 6'
+ export PATH=/home/aditya_nianticspatial_com/.local/bin:/usr/local/sbin:/usr/local/bin:/usr/sbin:/usr/bin:/sbin:/bin:/usr/games:/usr/local/games:/snap/bin TERM=xterm OMNI_KIT_ACCEPT_EULA=YES
+ PATH=/home/aditya_nianticspatial_com/.local/bin:/usr/local/sbin:/usr/local/bin:/usr/sbin:/usr/bin:/sbin:/bin:/usr/games:/usr/local/games:/snap/bin
+ TERM=xterm
+ OMNI_KIT_ACCEPT_EULA=YES
+ source /home/aditya_nianticspatial_com/env_isaaclab/bin/activate
++ '[' -z '' ']'
++ '[' -n x ']'
++ SCRIPT_PATH=/home/aditya_nianticspatial_com/env_isaaclab/bin/activate
++ '[' /home/aditya_nianticspatial_com/env_isaaclab/bin/activate = /home/aditya_nianticspatial_com/stage11.sh ']'
++ deactivate nondestructive
++ unset -f pydoc
++ '[' -z '' ']'
++ '[' -z '' ']'
++ hash -r
++ '[' -z '' ']'
++ unset VIRTUAL_ENV
++ unset VIRTUAL_ENV_PROMPT
++ '[' '!' nondestructive = nondestructive ']'
++ VIRTUAL_ENV=/home/aditya_nianticspatial_com/env_isaaclab
++ '[' linux-gnu = cygwin ']'
++ '[' linux-gnu = msys ']'
++ export VIRTUAL_ENV
++ '[' -z '' ']'
++ unset SCRIPT_PATH
++ _OLD_VIRTUAL_PATH=/home/aditya_nianticspatial_com/.local/bin:/usr/local/sbin:/usr/local/bin:/usr/sbin:/usr/bin:/sbin:/bin:/usr/games:/usr/local/games:/snap/bin
++ PATH=/home/aditya_nianticspatial_com/env_isaaclab/bin:/home/aditya_nianticspatial_com/.local/bin:/usr/local/sbin:/usr/local/bin:/usr/sbin:/usr/bin:/sbin:/bin:/usr/games:/usr/local/games:/snap/bin
++ export PATH
++ '[' x '!=' x ']'
+++ basename /home/aditya_nianticspatial_com/env_isaaclab
++ VIRTUAL_ENV_PROMPT=env_isaaclab
++ export VIRTUAL_ENV_PROMPT
++ '[' -z '' ']'
++ '[' -z '' ']'
++ _OLD_VIRTUAL_PS1=
++ PS1='(env_isaaclab) '
++ export PS1
++ alias pydoc
++ true
++ hash -r
+ cd /home/aditya_nianticspatial_com/IsaacLab
+ rm -f /home/aditya_nianticspatial_com/STAGE11_DONE
++ ls -d logs/rsl_rl/g1_rough/2026-09-25_09-54-11
++ tail -1
+ run=logs/rsl_rl/g1_rough/2026-09-25_09-54-11
+ for lv in $LEVELS
+ '[' isaac = isaac ']'
+ for it in 500 1000 1499
+ f=logs/rsl_rl/g1_rough/2026-09-25_09-54-11/model_500.pt
+ '[' -f logs/rsl_rl/g1_rough/2026-09-25_09-54-11/model_500.pt ']'
+ python /home/aditya_nianticspatial_com/play_policy.py --headless --task Isaac-Velocity-Rough-G1-v0 --level 3 --seed 0 --no_camera --ckpt logs/rsl_rl/g1_rough/2026-09-25_09-54-11/model_500.pt --out /home/aditya_nianticspatial_com/parity_out/play_rough/L3/isaac_it500
cat: '/sys/devices/system/cpu/cpu*/cpufreq/scaling_governor': No such file or directory
[INFO][AppLauncher]: Using device: cuda:0
[INFO][AppLauncher]: Loading experience file: /home/aditya_nianticspatial_com/IsaacLab/apps/isaaclab.python.headless.kit
[INFO]: Parsing configuration from: isaaclab_tasks.manager_based.locomotion.velocity.config.g1.rough_env_cfg:G1RoughEnvCfg

[36m======================================================================================[0m
[36m[1m[INFO][IsaacLab]: Logging to file: /tmp/isaaclab/logs/isaaclab_2026-09-25_11-03-11.log[0m
[36m======================================================================================[0m

[33m11:03:11 [simulation_context.py] WARNING: The `enable_external_forces_every_iteration` parameter in the PhysxCfg is set to False. If you are experiencing noisy velocities, consider enabling this flag. You may need to slightly increase the number of velocity iterations (setting it to 1 or 2 rather than 0), together with this flag, to improve the accuracy of velocity updates.[0m
[INFO]: Base environment:
	Environment device    : cuda:0
	Environment seed      : 0
	Physics step-size     : 0.005
	Rendering step-size   : 0.02
	Environment step-size : 0.02
[INFO] Generating terrains based on curriculum took : 3.099152 seconds
[INFO]: Time taken for scene creation : 5.204627 seconds
[INFO]: Scene manager:  <class InteractiveScene>
	Number of environments: 4
	Environment spacing   : 20.0
	Source prim name      : /World/envs/env_0
	Global prim paths     : ['/World/ground']
	Replicate physics     : True
[INFO]: Starting the simulation. This may take a few seconds. Please wait...
[INFO]: Time taken for simulation start : 1.544878 seconds
[33m11:03:18 [velocity_command.py] WARNING: The velocity command has the 'ranges.heading' attribute set to '(-3.141592653589793, 3.141592653589793)' but the heading command is not active. Consider setting the flag for the heading command to True.[0m
[INFO] Command Manager:  <CommandManager> contains 1 active terms.
+------------------------------------------------+
|              Active Command Terms              |
+-------+---------------+------------------------+
| Index | Name          |          Type          |
+-------+---------------+------------------------+
|   0   | base_velocity | UniformVelocityCommand |
+-------+---------------+------------------------+

[INFO] Event Manager:  <EventManager> contains 2 active terms.
+--------------------------------------+
| Active Event Terms in Mode: 'startup' |
+----------+---------------------------+
|  Index   | Name                      |
+----------+---------------------------+
|    0     | physics_material          |
+----------+---------------------------+
+---------------------------------------+
|  Active Event Terms in Mode: 'reset'  |
+--------+------------------------------+
| Index  | Name                         |
+--------+------------------------------+
|   0    | base_external_force_torque   |
|   1    | reset_base                   |
|   2    | reset_robot_joints           |
+--------+------------------------------+

[INFO] Recorder Manager:  <RecorderManager> contains 0 active terms.
+---------------------+
| Active Recorder Terms |
+-----------+---------+
|   Index   | Name    |
+-----------+---------+
+-----------+---------+

[INFO] Action Manager:  <ActionManager> contains 1 active terms.
+------------------------------------+
|  Active Action Terms (shape: 37)   |
+--------+-------------+-------------+
| Index  | Name        |   Dimension |
+--------+-------------+-------------+
|   0    | joint_pos   |          37 |
+--------+-------------+-------------+

[INFO] Observation Manager: <ObservationManager> contains 1 groups.
+----------------------------------------------------------+
| Active Observation Terms in Group: 'policy' (shape: (310,)) |
+-----------+--------------------------------+-------------+
|   Index   | Name                           |    Shape    |
+-----------+--------------------------------+-------------+
|     0     | base_lin_vel                   |     (3,)    |
|     1     | base_ang_vel                   |     (3,)    |
|     2     | projected_gravity              |     (3,)    |
|     3     | velocity_commands              |     (3,)    |
|     4     | joint_pos                      |    (37,)    |
|     5     | joint_vel                      |    (37,)    |
|     6     | actions                        |    (37,)    |
|     7     | height_scan                    |    (187,)   |
+-----------+--------------------------------+-------------+

[INFO] Termination Manager:  <TerminationManager> contains 1 active terms.
+-----------------------------+
|   Active Termination Terms  |
+-------+----------+----------+
| Index | Name     | Time Out |
+-------+----------+----------+
|   0   | time_out |   True   |
+-------+----------+----------+

[INFO] Reward Manager:  <RewardManager> contains 16 active terms.
+---------------------------------------------+
|             Active Reward Terms             |
+-------+-------------------------+-----------+
| Index | Name                    |    Weight |
+-------+-------------------------+-----------+
|   0   | track_lin_vel_xy_exp    |       1.0 |
|   1   | track_ang_vel_z_exp     |       2.0 |
|   2   | lin_vel_z_l2            |       0.0 |
|   3   | ang_vel_xy_l2           |     -0.05 |
|   4   | dof_torques_l2          |  -1.5e-07 |
|   5   | dof_acc_l2              | -1.25e-07 |
|   6   | action_rate_l2          |    -0.005 |
|   7   | feet_air_time           |      0.25 |
|   8   | flat_orientation_l2     |      -1.0 |
|   9   | dof_pos_limits          |      -1.0 |
|   10  | termination_penalty     |    -200.0 |
|   11  | feet_slide              |      -0.1 |
|   12  | joint_deviation_hip     |      -0.1 |
|   13  | joint_deviation_arms    |      -0.1 |
|   14  | joint_deviation_fingers |     -0.05 |
|   15  | joint_deviation_torso   |      -0.1 |
+-------+-------------------------+-----------+

[INFO] Curriculum Manager:  <CurriculumManager> contains 0 active terms.
+----------------------+
| Active Curriculum Terms |
+-----------+----------+
|   Index   | Name     |
+-----------+----------+
+-----------+----------+

[INFO]: Completed setting up the environment...
[play] rsl_rl policy from logs/rsl_rl/g1_rough/2026-09-25_09-54-11/model_500.pt
[play] done: final root x [1.0422697 2.2798643 0.5107212 0.8309574] z [0.6584843 1.1730552 0.674475  0.6570678]
Loading user config located at: '/home/aditya_nianticspatial_com/env_isaaclab/lib/python3.11/site-packages/isaacsim/kit/data/Kit/Isaac-Sim/5.1/user.config.json'
[Info] [carb] Logging to file: /home/aditya_nianticspatial_com/env_isaaclab/lib/python3.11/site-packages/isaacsim/kit/logs/Kit/Isaac-Sim/5.1/kit_20260925_110304.log
2026-09-25T11:03:04Z [150ms] [Warning] [omni.usd_config.extension] Enable omni.materialx.libs extension to use MaterialX
2026-09-25T11:03:04Z [617ms] [Warning] [omni.platforminfo.plugin] failed to open the default display.  Can't verify X Server version.
2026-09-25T11:03:05Z [915ms] [Warning] [carb] Acquiring non optional plugin interface which is not listed as dependency: [omni::physx::IPhysxBenchmarks v1.0] (plugin: <default plugin>), by client: omni.physics.physx.plugin. Add it to CARB_PLUGIN_IMPL_DEPS() macro of a client.
2026-09-25T11:03:05Z [929ms] [Warning] [omni.isaac.dynamic_control] omni.isaac.dynamic_control is deprecated as of Isaac Sim 4.5. No action is needed from end-users.

|---------------------------------------------------------------------------------------------|
| Driver Version: 580.178.04    | Graphics API: Vulkan
|=============================================================================================|
| GPU | Name                             | Active | LDA | GPU Memory | Vendor-ID | LUID       |
|     |                                  |        |     |            | Device-ID | UUID       |
|     |                                  |        |     |            | Bus-ID    |            |
|---------------------------------------------------------------------------------------------|
| 0   | NVIDIA L4                        | Yes: 0 |     | 23034   MB | 10de      | 0          |
|     |                                  |        |     |            | 27b8      | 67a5ad4e.. |
|     |                                  |        |     |            | 0         |            |
|=============================================================================================|
| OS: 24.04.5 LTS (Noble Numbat) ubuntu, Version: 24.04.5, Kernel: 7.0.0-1011-gcp
| Processor: Intel(R) Xeon(R) CPU @ 2.20GHz
| Cores: 8 | Logical Cores: 16
|---------------------------------------------------------------------------------------------|
| Total Memory (MB): 64293 | Free Memory: 61971
| Total Page/Swap (MB): 0 | Free Page/Swap: 0
|---------------------------------------------------------------------------------------------|
2026-09-25T11:03:10Z [6,455ms] [Warning] [gpu.foundation.plugin] ECC is enabled on physical device 0
+ for it in 500 1000 1499
+ f=logs/rsl_rl/g1_rough/2026-09-25_09-54-11/model_1000.pt
+ '[' -f logs/rsl_rl/g1_rough/2026-09-25_09-54-11/model_1000.pt ']'
+ python /home/aditya_nianticspatial_com/play_policy.py --headless --task Isaac-Velocity-Rough-G1-v0 --level 3 --seed 0 --no_camera --ckpt logs/rsl_rl/g1_rough/2026-09-25_09-54-11/model_1000.pt --out /home/aditya_nianticspatial_com/parity_out/play_rough/L3/isaac_it1000
Loading user config located at: '/home/aditya_nianticspatial_com/env_isaaclab/lib/python3.11/site-packages/isaacsim/kit/data/Kit/Isaac-Sim/5.1/user.config.json'
[Info] [carb] Logging to file: /home/aditya_nianticspatial_com/env_isaaclab/lib/python3.11/site-packages/isaacsim/kit/logs/Kit/Isaac-Sim/5.1/kit_20260925_110335.log
2026-09-25T11:03:35Z [149ms] [Warning] [omni.usd_config.extension] Enable omni.materialx.libs extension to use MaterialX
2026-09-25T11:03:35Z [588ms] [Error] [omni.core.ITypeFactory] Circular dependency detected! Interface: omni::platforminfo::ICpuInfo requested. But plugin with an interface: /home/aditya_nianticspatial_com/env_isaaclab/lib/python3.11/site-packages/isaacsim/kit/kernel/plugins/libomni.platforminfo.plugin.so is already in resolving state.
2026-09-25T11:03:35Z [588ms] [Error] [carb] [Plugin: gpu.foundation.plugin] Dependency: [omni::platforminfo::ICpuInfo v1.0] failed to be resolved.
cat: '/sys/devices/system/cpu/cpu*/cpufreq/scaling_governor': No such file or directory
[INFO][AppLauncher]: Using device: cuda:0
[INFO][AppLauncher]: Loading experience file: /home/aditya_nianticspatial_com/IsaacLab/apps/isaaclab.python.headless.kit
[INFO]: Parsing configuration from: isaaclab_tasks.manager_based.locomotion.velocity.config.g1.rough_env_cfg:G1RoughEnvCfg

[36m======================================================================================[0m
[36m[1m[INFO][IsaacLab]: Logging to file: /tmp/isaaclab/logs/isaaclab_2026-09-25_11-03-42.log[0m
[36m======================================================================================[0m

[33m11:03:42 [simulation_context.py] WARNING: The `enable_external_forces_every_iteration` parameter in the PhysxCfg is set to False. If you are experiencing noisy velocities, consider enabling this flag. You may need to slightly increase the number of velocity iterations (setting it to 1 or 2 rather than 0), together with this flag, to improve the accuracy of velocity updates.[0m
[INFO]: Base environment:
	Environment device    : cuda:0
	Environment seed      : 0
	Physics step-size     : 0.005
	Rendering step-size   : 0.02
	Environment step-size : 0.02
[INFO] Generating terrains based on curriculum took : 2.995555 seconds
[INFO]: Time taken for scene creation : 4.633734 seconds
[INFO]: Scene manager:  <class InteractiveScene>
	Number of environments: 4
	Environment spacing   : 20.0
	Source prim name      : /World/envs/env_0
	Global prim paths     : ['/World/ground']
	Replicate physics     : True
[INFO]: Starting the simulation. This may take a few seconds. Please wait...
[INFO]: Time taken for simulation start : 1.636015 seconds
[33m11:03:48 [velocity_command.py] WARNING: The velocity command has the 'ranges.heading' attribute set to '(-3.141592653589793, 3.141592653589793)' but the heading command is not active. Consider setting the flag for the heading command to True.[0m
[INFO] Command Manager:  <CommandManager> contains 1 active terms.
+------------------------------------------------+
|              Active Command Terms              |
+-------+---------------+------------------------+
| Index | Name          |          Type          |
+-------+---------------+------------------------+
|   0   | base_velocity | UniformVelocityCommand |
+-------+---------------+------------------------+

[INFO] Event Manager:  <EventManager> contains 2 active terms.
+--------------------------------------+
| Active Event Terms in Mode: 'startup' |
+----------+---------------------------+
|  Index   | Name                      |
+----------+---------------------------+
|    0     | physics_material          |
+----------+---------------------------+
+---------------------------------------+
|  Active Event Terms in Mode: 'reset'  |
+--------+------------------------------+
| Index  | Name                         |
+--------+------------------------------+
|   0    | base_external_force_torque   |
|   1    | reset_base                   |
|   2    | reset_robot_joints           |
+--------+------------------------------+

[INFO] Recorder Manager:  <RecorderManager> contains 0 active terms.
+---------------------+
| Active Recorder Terms |
+-----------+---------+
|   Index   | Name    |
+-----------+---------+
+-----------+---------+

[INFO] Action Manager:  <ActionManager> contains 1 active terms.
+------------------------------------+
|  Active Action Terms (shape: 37)   |
+--------+-------------+-------------+
| Index  | Name        |   Dimension |
+--------+-------------+-------------+
|   0    | joint_pos   |          37 |
+--------+-------------+-------------+

[INFO] Observation Manager: <ObservationManager> contains 1 groups.
+----------------------------------------------------------+
| Active Observation Terms in Group: 'policy' (shape: (310,)) |
+-----------+--------------------------------+-------------+
|   Index   | Name                           |    Shape    |
+-----------+--------------------------------+-------------+
|     0     | base_lin_vel                   |     (3,)    |
|     1     | base_ang_vel                   |     (3,)    |
|     2     | projected_gravity              |     (3,)    |
|     3     | velocity_commands              |     (3,)    |
|     4     | joint_pos                      |    (37,)    |
|     5     | joint_vel                      |    (37,)    |
|     6     | actions                        |    (37,)    |
|     7     | height_scan                    |    (187,)   |
+-----------+--------------------------------+-------------+

[INFO] Termination Manager:  <TerminationManager> contains 1 active terms.
+-----------------------------+
|   Active Termination Terms  |
+-------+----------+----------+
| Index | Name     | Time Out |
+-------+----------+----------+
|   0   | time_out |   True   |
+-------+----------+----------+

[INFO] Reward Manager:  <RewardManager> contains 16 active terms.
+---------------------------------------------+
|             Active Reward Terms             |
+-------+-------------------------+-----------+
| Index | Name                    |    Weight |
+-------+-------------------------+-----------+
|   0   | track_lin_vel_xy_exp    |       1.0 |
|   1   | track_ang_vel_z_exp     |       2.0 |
|   2   | lin_vel_z_l2            |       0.0 |
|   3   | ang_vel_xy_l2           |     -0.05 |
|   4   | dof_torques_l2          |  -1.5e-07 |
|   5   | dof_acc_l2              | -1.25e-07 |
|   6   | action_rate_l2          |    -0.005 |
|   7   | feet_air_time           |      0.25 |
|   8   | flat_orientation_l2     |      -1.0 |
|   9   | dof_pos_limits          |      -1.0 |
|   10  | termination_penalty     |    -200.0 |
|   11  | feet_slide              |      -0.1 |
|   12  | joint_deviation_hip     |      -0.1 |
|   13  | joint_deviation_arms    |      -0.1 |
|   14  | joint_deviation_fingers |     -0.05 |
|   15  | joint_deviation_torso   |      -0.1 |
+-------+-------------------------+-----------+

[INFO] Curriculum Manager:  <CurriculumManager> contains 0 active terms.
+----------------------+
| Active Curriculum Terms |
+-----------+----------+
|   Index   | Name     |
+-----------+----------+
+-----------+----------+

[INFO]: Completed setting up the environment...
[play] rsl_rl policy from logs/rsl_rl/g1_rough/2026-09-25_09-54-11/model_1000.pt
[play] done: final root x [1.1192751  3.3459501  0.80960274 1.6479702 ] z [0.66411024 1.4562728  0.6688417  0.64184994]
2026-09-25T11:03:35Z [607ms] [Warning] [omni.platforminfo.plugin] failed to open the default display.  Can't verify X Server version.
2026-09-25T11:03:36Z [897ms] [Warning] [carb] Acquiring non optional plugin interface which is not listed as dependency: [omni::physx::IPhysxBenchmarks v1.0] (plugin: <default plugin>), by client: omni.physics.physx.plugin. Add it to CARB_PLUGIN_IMPL_DEPS() macro of a client.
2026-09-25T11:03:36Z [911ms] [Warning] [omni.isaac.dynamic_control] omni.isaac.dynamic_control is deprecated as of Isaac Sim 4.5. No action is needed from end-users.

|---------------------------------------------------------------------------------------------|
| Driver Version: 580.178.04    | Graphics API: Vulkan
|=============================================================================================|
| GPU | Name                             | Active | LDA | GPU Memory | Vendor-ID | LUID       |
|     |                                  |        |     |            | Device-ID | UUID       |
|     |                                  |        |     |            | Bus-ID    |            |
|---------------------------------------------------------------------------------------------|
| 0   | NVIDIA L4                        | Yes: 0 |     | 23034   MB | 10de      | 0          |
|     |                                  |        |     |            | 27b8      | 67a5ad4e.. |
|     |                                  |        |     |            | 0         |            |
|=============================================================================================|
| OS: 24.04.5 LTS (Noble Numbat) ubuntu, Version: 24.04.5, Kernel: 7.0.0-1011-gcp
| Processor: Intel(R) Xeon(R) CPU @ 2.20GHz
| Cores: 8 | Logical Cores: 16
|---------------------------------------------------------------------------------------------|
| Total Memory (MB): 64293 | Free Memory: 61906
| Total Page/Swap (MB): 0 | Free Page/Swap: 0
|---------------------------------------------------------------------------------------------|
2026-09-25T11:03:41Z [6,399ms] [Warning] [gpu.foundation.plugin] ECC is enabled on physical device 0
+ for it in 500 1000 1499
+ f=logs/rsl_rl/g1_rough/2026-09-25_09-54-11/model_1499.pt
+ '[' -f logs/rsl_rl/g1_rough/2026-09-25_09-54-11/model_1499.pt ']'
+ python /home/aditya_nianticspatial_com/play_policy.py --headless --task Isaac-Velocity-Rough-G1-v0 --level 3 --seed 0 --no_camera --ckpt logs/rsl_rl/g1_rough/2026-09-25_09-54-11/model_1499.pt --out /home/aditya_nianticspatial_com/parity_out/play_rough/L3/isaac_it1499
cat: '/sys/devices/system/cpu/cpu*/cpufreq/scaling_governor': No such file or directory
[INFO][AppLauncher]: Using device: cuda:0
[INFO][AppLauncher]: Loading experience file: /home/aditya_nianticspatial_com/IsaacLab/apps/isaaclab.python.headless.kit
[INFO]: Parsing configuration from: isaaclab_tasks.manager_based.locomotion.velocity.config.g1.rough_env_cfg:G1RoughEnvCfg

[36m======================================================================================[0m
[36m[1m[INFO][IsaacLab]: Logging to file: /tmp/isaaclab/logs/isaaclab_2026-09-25_11-04-12.log[0m
[36m======================================================================================[0m

[33m11:04:12 [simulation_context.py] WARNING: The `enable_external_forces_every_iteration` parameter in the PhysxCfg is set to False. If you are experiencing noisy velocities, consider enabling this flag. You may need to slightly increase the number of velocity iterations (setting it to 1 or 2 rather than 0), together with this flag, to improve the accuracy of velocity updates.[0m
[INFO]: Base environment:
	Environment device    : cuda:0
	Environment seed      : 0
	Physics step-size     : 0.005
	Rendering step-size   : 0.02
	Environment step-size : 0.02
[INFO] Generating terrains based on curriculum took : 3.045180 seconds
[INFO]: Time taken for scene creation : 4.671929 seconds
[INFO]: Scene manager:  <class InteractiveScene>
	Number of environments: 4
	Environment spacing   : 20.0
	Source prim name      : /World/envs/env_0
	Global prim paths     : ['/World/ground']
	Replicate physics     : True
[INFO]: Starting the simulation. This may take a few seconds. Please wait...
[INFO]: Time taken for simulation start : 1.549499 seconds
[33m11:04:18 [velocity_command.py] WARNING: The velocity command has the 'ranges.heading' attribute set to '(-3.141592653589793, 3.141592653589793)' but the heading command is not active. Consider setting the flag for the heading command to True.[0m
[INFO] Command Manager:  <CommandManager> contains 1 active terms.
+------------------------------------------------+
|              Active Command Terms              |
+-------+---------------+------------------------+
| Index | Name          |          Type          |
+-------+---------------+------------------------+
|   0   | base_velocity | UniformVelocityCommand |
+-------+---------------+------------------------+

[INFO] Event Manager:  <EventManager> contains 2 active terms.
+--------------------------------------+
| Active Event Terms in Mode: 'startup' |
+----------+---------------------------+
|  Index   | Name                      |
+----------+---------------------------+
|    0     | physics_material          |
+----------+---------------------------+
+---------------------------------------+
|  Active Event Terms in Mode: 'reset'  |
+--------+------------------------------+
| Index  | Name                         |
+--------+------------------------------+
|   0    | base_external_force_torque   |
|   1    | reset_base                   |
|   2    | reset_robot_joints           |
+--------+------------------------------+

[INFO] Recorder Manager:  <RecorderManager> contains 0 active terms.
+---------------------+
| Active Recorder Terms |
+-----------+---------+
|   Index   | Name    |
+-----------+---------+
+-----------+---------+

[INFO] Action Manager:  <ActionManager> contains 1 active terms.
+------------------------------------+
|  Active Action Terms (shape: 37)   |
+--------+-------------+-------------+
| Index  | Name        |   Dimension |
+--------+-------------+-------------+
|   0    | joint_pos   |          37 |
+--------+-------------+-------------+

[INFO] Observation Manager: <ObservationManager> contains 1 groups.
+----------------------------------------------------------+
| Active Observation Terms in Group: 'policy' (shape: (310,)) |
+-----------+--------------------------------+-------------+
|   Index   | Name                           |    Shape    |
+-----------+--------------------------------+-------------+
|     0     | base_lin_vel                   |     (3,)    |
|     1     | base_ang_vel                   |     (3,)    |
|     2     | projected_gravity              |     (3,)    |
|     3     | velocity_commands              |     (3,)    |
|     4     | joint_pos                      |    (37,)    |
|     5     | joint_vel                      |    (37,)    |
|     6     | actions                        |    (37,)    |
|     7     | height_scan                    |    (187,)   |
+-----------+--------------------------------+-------------+

[INFO] Termination Manager:  <TerminationManager> contains 1 active terms.
+-----------------------------+
|   Active Termination Terms  |
+-------+----------+----------+
| Index | Name     | Time Out |
+-------+----------+----------+
|   0   | time_out |   True   |
+-------+----------+----------+

[INFO] Reward Manager:  <RewardManager> contains 16 active terms.
+---------------------------------------------+
|             Active Reward Terms             |
+-------+-------------------------+-----------+
| Index | Name                    |    Weight |
+-------+-------------------------+-----------+
|   0   | track_lin_vel_xy_exp    |       1.0 |
|   1   | track_ang_vel_z_exp     |       2.0 |
|   2   | lin_vel_z_l2            |       0.0 |
|   3   | ang_vel_xy_l2           |     -0.05 |
|   4   | dof_torques_l2          |  -1.5e-07 |
|   5   | dof_acc_l2              | -1.25e-07 |
|   6   | action_rate_l2          |    -0.005 |
|   7   | feet_air_time           |      0.25 |
|   8   | flat_orientation_l2     |      -1.0 |
|   9   | dof_pos_limits          |      -1.0 |
|   10  | termination_penalty     |    -200.0 |
|   11  | feet_slide              |      -0.1 |
|   12  | joint_deviation_hip     |      -0.1 |
|   13  | joint_deviation_arms    |      -0.1 |
|   14  | joint_deviation_fingers |     -0.05 |
|   15  | joint_deviation_torso   |      -0.1 |
+-------+-------------------------+-----------+

[INFO] Curriculum Manager:  <CurriculumManager> contains 0 active terms.
+----------------------+
| Active Curriculum Terms |
+-----------+----------+
|   Index   | Name     |
+-----------+----------+
+-----------+----------+

[INFO]: Completed setting up the environment...
[play] rsl_rl policy from logs/rsl_rl/g1_rough/2026-09-25_09-54-11/model_1499.pt
[play] done: final root x [3.537445  2.567956  2.8200283 2.0892982] z [-0.05582303  1.2847773   0.55503684  0.6295954 ]
Loading user config located at: '/home/aditya_nianticspatial_com/env_isaaclab/lib/python3.11/site-packages/isaacsim/kit/data/Kit/Isaac-Sim/5.1/user.config.json'
[Info] [carb] Logging to file: /home/aditya_nianticspatial_com/env_isaaclab/lib/python3.11/site-packages/isaacsim/kit/logs/Kit/Isaac-Sim/5.1/kit_20260925_110405.log
2026-09-25T11:04:05Z [149ms] [Warning] [omni.usd_config.extension] Enable omni.materialx.libs extension to use MaterialX
2026-09-25T11:04:06Z [608ms] [Warning] [omni.platforminfo.plugin] failed to open the default display.  Can't verify X Server version.
2026-09-25T11:04:06Z [896ms] [Warning] [carb] Acquiring non optional plugin interface which is not listed as dependency: [omni::physx::IPhysxBenchmarks v1.0] (plugin: <default plugin>), by client: omni.physics.physx.plugin. Add it to CARB_PLUGIN_IMPL_DEPS() macro of a client.
2026-09-25T11:04:06Z [910ms] [Warning] [omni.isaac.dynamic_control] omni.isaac.dynamic_control is deprecated as of Isaac Sim 4.5. No action is needed from end-users.

|---------------------------------------------------------------------------------------------|
| Driver Version: 580.178.04    | Graphics API: Vulkan
|=============================================================================================|
| GPU | Name                             | Active | LDA | GPU Memory | Vendor-ID | LUID       |
|     |                                  |        |     |            | Device-ID | UUID       |
|     |                                  |        |     |            | Bus-ID    |            |
|---------------------------------------------------------------------------------------------|
| 0   | NVIDIA L4                        | Yes: 0 |     | 23034   MB | 10de      | 0          |
|     |                                  |        |     |            | 27b8      | 67a5ad4e.. |
|     |                                  |        |     |            | 0         |            |
|=============================================================================================|
| OS: 24.04.5 LTS (Noble Numbat) ubuntu, Version: 24.04.5, Kernel: 7.0.0-1011-gcp
| Processor: Intel(R) Xeon(R) CPU @ 2.20GHz
| Cores: 8 | Logical Cores: 16
|---------------------------------------------------------------------------------------------|
| Total Memory (MB): 64293 | Free Memory: 61932
| Total Page/Swap (MB): 0 | Free Page/Swap: 0
|---------------------------------------------------------------------------------------------|
2026-09-25T11:04:12Z [6,468ms] [Warning] [gpu.foundation.plugin] ECC is enabled on physical device 0
+ for lv in $LEVELS
+ '[' isaac = isaac ']'
+ for it in 500 1000 1499
+ f=logs/rsl_rl/g1_rough/2026-09-25_09-54-11/model_500.pt
+ '[' -f logs/rsl_rl/g1_rough/2026-09-25_09-54-11/model_500.pt ']'
+ python /home/aditya_nianticspatial_com/play_policy.py --headless --task Isaac-Velocity-Rough-G1-v0 --level 6 --seed 0 --no_camera --ckpt logs/rsl_rl/g1_rough/2026-09-25_09-54-11/model_500.pt --out /home/aditya_nianticspatial_com/parity_out/play_rough/L6/isaac_it500
cat: '/sys/devices/system/cpu/cpu*/cpufreq/scaling_governor': No such file or directory
[INFO][AppLauncher]: Using device: cuda:0
[INFO][AppLauncher]: Loading experience file: /home/aditya_nianticspatial_com/IsaacLab/apps/isaaclab.python.headless.kit
[INFO]: Parsing configuration from: isaaclab_tasks.manager_based.locomotion.velocity.config.g1.rough_env_cfg:G1RoughEnvCfg

[36m======================================================================================[0m
[36m[1m[INFO][IsaacLab]: Logging to file: /tmp/isaaclab/logs/isaaclab_2026-09-25_11-04-43.log[0m
[36m======================================================================================[0m

[33m11:04:43 [simulation_context.py] WARNING: The `enable_external_forces_every_iteration` parameter in the PhysxCfg is set to False. If you are experiencing noisy velocities, consider enabling this flag. You may need to slightly increase the number of velocity iterations (setting it to 1 or 2 rather than 0), together with this flag, to improve the accuracy of velocity updates.[0m
[INFO]: Base environment:
	Environment device    : cuda:0
	Environment seed      : 0
	Physics step-size     : 0.005
	Rendering step-size   : 0.02
	Environment step-size : 0.02
[INFO] Generating terrains based on curriculum took : 3.058367 seconds
[INFO]: Time taken for scene creation : 4.698949 seconds
[INFO]: Scene manager:  <class InteractiveScene>
	Number of environments: 4
	Environment spacing   : 20.0
	Source prim name      : /World/envs/env_0
	Global prim paths     : ['/World/ground']
	Replicate physics     : True
[INFO]: Starting the simulation. This may take a few seconds. Please wait...
[INFO]: Time taken for simulation start : 1.540575 seconds
[33m11:04:49 [velocity_command.py] WARNING: The velocity command has the 'ranges.heading' attribute set to '(-3.141592653589793, 3.141592653589793)' but the heading command is not active. Consider setting the flag for the heading command to True.[0m
[INFO] Command Manager:  <CommandManager> contains 1 active terms.
+------------------------------------------------+
|              Active Command Terms              |
+-------+---------------+------------------------+
| Index | Name          |          Type          |
+-------+---------------+------------------------+
|   0   | base_velocity | UniformVelocityCommand |
+-------+---------------+------------------------+

[INFO] Event Manager:  <EventManager> contains 2 active terms.
+--------------------------------------+
| Active Event Terms in Mode: 'startup' |
+----------+---------------------------+
|  Index   | Name                      |
+----------+---------------------------+
|    0     | physics_material          |
+----------+---------------------------+
+---------------------------------------+
|  Active Event Terms in Mode: 'reset'  |
+--------+------------------------------+
| Index  | Name                         |
+--------+------------------------------+
|   0    | base_external_force_torque   |
|   1    | reset_base                   |
|   2    | reset_robot_joints           |
+--------+------------------------------+

[INFO] Recorder Manager:  <RecorderManager> contains 0 active terms.
+---------------------+
| Active Recorder Terms |
+-----------+---------+
|   Index   | Name    |
+-----------+---------+
+-----------+---------+

[INFO] Action Manager:  <ActionManager> contains 1 active terms.
+------------------------------------+
|  Active Action Terms (shape: 37)   |
+--------+-------------+-------------+
| Index  | Name        |   Dimension |
+--------+-------------+-------------+
|   0    | joint_pos   |          37 |
+--------+-------------+-------------+

[INFO] Observation Manager: <ObservationManager> contains 1 groups.
+----------------------------------------------------------+
| Active Observation Terms in Group: 'policy' (shape: (310,)) |
+-----------+--------------------------------+-------------+
|   Index   | Name                           |    Shape    |
+-----------+--------------------------------+-------------+
|     0     | base_lin_vel                   |     (3,)    |
|     1     | base_ang_vel                   |     (3,)    |
|     2     | projected_gravity              |     (3,)    |
|     3     | velocity_commands              |     (3,)    |
|     4     | joint_pos                      |    (37,)    |
|     5     | joint_vel                      |    (37,)    |
|     6     | actions                        |    (37,)    |
|     7     | height_scan                    |    (187,)   |
+-----------+--------------------------------+-------------+

[INFO] Termination Manager:  <TerminationManager> contains 1 active terms.
+-----------------------------+
|   Active Termination Terms  |
+-------+----------+----------+
| Index | Name     | Time Out |
+-------+----------+----------+
|   0   | time_out |   True   |
+-------+----------+----------+

[INFO] Reward Manager:  <RewardManager> contains 16 active terms.
+---------------------------------------------+
|             Active Reward Terms             |
+-------+-------------------------+-----------+
| Index | Name                    |    Weight |
+-------+-------------------------+-----------+
|   0   | track_lin_vel_xy_exp    |       1.0 |
|   1   | track_ang_vel_z_exp     |       2.0 |
|   2   | lin_vel_z_l2            |       0.0 |
|   3   | ang_vel_xy_l2           |     -0.05 |
|   4   | dof_torques_l2          |  -1.5e-07 |
|   5   | dof_acc_l2              | -1.25e-07 |
|   6   | action_rate_l2          |    -0.005 |
|   7   | feet_air_time           |      0.25 |
|   8   | flat_orientation_l2     |      -1.0 |
|   9   | dof_pos_limits          |      -1.0 |
|   10  | termination_penalty     |    -200.0 |
|   11  | feet_slide              |      -0.1 |
|   12  | joint_deviation_hip     |      -0.1 |
|   13  | joint_deviation_arms    |      -0.1 |
|   14  | joint_deviation_fingers |     -0.05 |
|   15  | joint_deviation_torso   |      -0.1 |
+-------+-------------------------+-----------+

[INFO] Curriculum Manager:  <CurriculumManager> contains 0 active terms.
+----------------------+
| Active Curriculum Terms |
+-----------+----------+
|   Index   | Name     |
+-----------+----------+
+-----------+----------+

[INFO]: Completed setting up the environment...
[play] rsl_rl policy from logs/rsl_rl/g1_rough/2026-09-25_09-54-11/model_500.pt
[play] done: final root x [0.5596647  0.34592438 0.94253635 2.336237  ] z [0.6830684  0.6872245  0.65279603 0.67364734]
Loading user config located at: '/home/aditya_nianticspatial_com/env_isaaclab/lib/python3.11/site-packages/isaacsim/kit/data/Kit/Isaac-Sim/5.1/user.config.json'
[Info] [carb] Logging to file: /home/aditya_nianticspatial_com/env_isaaclab/lib/python3.11/site-packages/isaacsim/kit/logs/Kit/Isaac-Sim/5.1/kit_20260925_110435.log
2026-09-25T11:04:36Z [149ms] [Warning] [omni.usd_config.extension] Enable omni.materialx.libs extension to use MaterialX
2026-09-25T11:04:36Z [615ms] [Warning] [omni.platforminfo.plugin] failed to open the default display.  Can't verify X Server version.
2026-09-25T11:04:36Z [908ms] [Warning] [carb] Acquiring non optional plugin interface which is not listed as dependency: [omni::physx::IPhysxBenchmarks v1.0] (plugin: <default plugin>), by client: omni.physics.physx.plugin. Add it to CARB_PLUGIN_IMPL_DEPS() macro of a client.
2026-09-25T11:04:36Z [923ms] [Warning] [omni.isaac.dynamic_control] omni.isaac.dynamic_control is deprecated as of Isaac Sim 4.5. No action is needed from end-users.

|---------------------------------------------------------------------------------------------|
| Driver Version: 580.178.04    | Graphics API: Vulkan
|=============================================================================================|
| GPU | Name                             | Active | LDA | GPU Memory | Vendor-ID | LUID       |
|     |                                  |        |     |            | Device-ID | UUID       |
|     |                                  |        |     |            | Bus-ID    |            |
|---------------------------------------------------------------------------------------------|
| 0   | NVIDIA L4                        | Yes: 0 |     | 23034   MB | 10de      | 0          |
|     |                                  |        |     |            | 27b8      | 67a5ad4e.. |
|     |                                  |        |     |            | 0         |            |
|=============================================================================================|
| OS: 24.04.5 LTS (Noble Numbat) ubuntu, Version: 24.04.5, Kernel: 7.0.0-1011-gcp
| Processor: Intel(R) Xeon(R) CPU @ 2.20GHz
| Cores: 8 | Logical Cores: 16
|---------------------------------------------------------------------------------------------|
| Total Memory (MB): 64293 | Free Memory: 61923
| Total Page/Swap (MB): 0 | Free Page/Swap: 0
|---------------------------------------------------------------------------------------------|
2026-09-25T11:04:42Z [6,562ms] [Warning] [gpu.foundation.plugin] ECC is enabled on physical device 0
+ for it in 500 1000 1499
+ f=logs/rsl_rl/g1_rough/2026-09-25_09-54-11/model_1000.pt
+ '[' -f logs/rsl_rl/g1_rough/2026-09-25_09-54-11/model_1000.pt ']'
+ python /home/aditya_nianticspatial_com/play_policy.py --headless --task Isaac-Velocity-Rough-G1-v0 --level 6 --seed 0 --no_camera --ckpt logs/rsl_rl/g1_rough/2026-09-25_09-54-11/model_1000.pt --out /home/aditya_nianticspatial_com/parity_out/play_rough/L6/isaac_it1000
cat: '/sys/devices/system/cpu/cpu*/cpufreq/scaling_governor': No such file or directory
[INFO][AppLauncher]: Using device: cuda:0
[INFO][AppLauncher]: Loading experience file: /home/aditya_nianticspatial_com/IsaacLab/apps/isaaclab.python.headless.kit
[INFO]: Parsing configuration from: isaaclab_tasks.manager_based.locomotion.velocity.config.g1.rough_env_cfg:G1RoughEnvCfg

[36m======================================================================================[0m
[36m[1m[INFO][IsaacLab]: Logging to file: /tmp/isaaclab/logs/isaaclab_2026-09-25_11-05-13.log[0m
[36m======================================================================================[0m

[33m11:05:13 [simulation_context.py] WARNING: The `enable_external_forces_every_iteration` parameter in the PhysxCfg is set to False. If you are experiencing noisy velocities, consider enabling this flag. You may need to slightly increase the number of velocity iterations (setting it to 1 or 2 rather than 0), together with this flag, to improve the accuracy of velocity updates.[0m
[INFO]: Base environment:
	Environment device    : cuda:0
	Environment seed      : 0
	Physics step-size     : 0.005
	Rendering step-size   : 0.02
	Environment step-size : 0.02
[INFO] Generating terrains based on curriculum took : 3.082768 seconds
[INFO]: Time taken for scene creation : 4.716449 seconds
[INFO]: Scene manager:  <class InteractiveScene>
	Number of environments: 4
	Environment spacing   : 20.0
	Source prim name      : /World/envs/env_0
	Global prim paths     : ['/World/ground']
	Replicate physics     : True
[INFO]: Starting the simulation. This may take a few seconds. Please wait...
[INFO]: Time taken for simulation start : 1.542777 seconds
[33m11:05:19 [velocity_command.py] WARNING: The velocity command has the 'ranges.heading' attribute set to '(-3.141592653589793, 3.141592653589793)' but the heading command is not active. Consider setting the flag for the heading command to True.[0m
[INFO] Command Manager:  <CommandManager> contains 1 active terms.
+------------------------------------------------+
|              Active Command Terms              |
+-------+---------------+------------------------+
| Index | Name          |          Type          |
+-------+---------------+------------------------+
|   0   | base_velocity | UniformVelocityCommand |
+-------+---------------+------------------------+

[INFO] Event Manager:  <EventManager> contains 2 active terms.
+--------------------------------------+
| Active Event Terms in Mode: 'startup' |
+----------+---------------------------+
|  Index   | Name                      |
+----------+---------------------------+
|    0     | physics_material          |
+----------+---------------------------+
+---------------------------------------+
|  Active Event Terms in Mode: 'reset'  |
+--------+------------------------------+
| Index  | Name                         |
+--------+------------------------------+
|   0    | base_external_force_torque   |
|   1    | reset_base                   |
|   2    | reset_robot_joints           |
+--------+------------------------------+

[INFO] Recorder Manager:  <RecorderManager> contains 0 active terms.
+---------------------+
| Active Recorder Terms |
+-----------+---------+
|   Index   | Name    |
+-----------+---------+
+-----------+---------+

[INFO] Action Manager:  <ActionManager> contains 1 active terms.
+------------------------------------+
|  Active Action Terms (shape: 37)   |
+--------+-------------+-------------+
| Index  | Name        |   Dimension |
+--------+-------------+-------------+
|   0    | joint_pos   |          37 |
+--------+-------------+-------------+

[INFO] Observation Manager: <ObservationManager> contains 1 groups.
+----------------------------------------------------------+
| Active Observation Terms in Group: 'policy' (shape: (310,)) |
+-----------+--------------------------------+-------------+
|   Index   | Name                           |    Shape    |
+-----------+--------------------------------+-------------+
|     0     | base_lin_vel                   |     (3,)    |
|     1     | base_ang_vel                   |     (3,)    |
|     2     | projected_gravity              |     (3,)    |
|     3     | velocity_commands              |     (3,)    |
|     4     | joint_pos                      |    (37,)    |
|     5     | joint_vel                      |    (37,)    |
|     6     | actions                        |    (37,)    |
|     7     | height_scan                    |    (187,)   |
+-----------+--------------------------------+-------------+

[INFO] Termination Manager:  <TerminationManager> contains 1 active terms.
+-----------------------------+
|   Active Termination Terms  |
+-------+----------+----------+
| Index | Name     | Time Out |
+-------+----------+----------+
|   0   | time_out |   True   |
+-------+----------+----------+

[INFO] Reward Manager:  <RewardManager> contains 16 active terms.
+---------------------------------------------+
|             Active Reward Terms             |
+-------+-------------------------+-----------+
| Index | Name                    |    Weight |
+-------+-------------------------+-----------+
|   0   | track_lin_vel_xy_exp    |       1.0 |
|   1   | track_ang_vel_z_exp     |       2.0 |
|   2   | lin_vel_z_l2            |       0.0 |
|   3   | ang_vel_xy_l2           |     -0.05 |
|   4   | dof_torques_l2          |  -1.5e-07 |
|   5   | dof_acc_l2              | -1.25e-07 |
|   6   | action_rate_l2          |    -0.005 |
|   7   | feet_air_time           |      0.25 |
|   8   | flat_orientation_l2     |      -1.0 |
|   9   | dof_pos_limits          |      -1.0 |
|   10  | termination_penalty     |    -200.0 |
|   11  | feet_slide              |      -0.1 |
|   12  | joint_deviation_hip     |      -0.1 |
|   13  | joint_deviation_arms    |      -0.1 |
|   14  | joint_deviation_fingers |     -0.05 |
|   15  | joint_deviation_torso   |      -0.1 |
+-------+-------------------------+-----------+

[INFO] Curriculum Manager:  <CurriculumManager> contains 0 active terms.
+----------------------+
| Active Curriculum Terms |
+-----------+----------+
|   Index   | Name     |
+-----------+----------+
+-----------+----------+

[INFO]: Completed setting up the environment...
[play] rsl_rl policy from logs/rsl_rl/g1_rough/2026-09-25_09-54-11/model_1000.pt
[play] done: final root x [0.89457226 3.309102   2.0843258  1.6692705 ] z [0.65998805 1.8199844  0.5570813  0.6569742 ]
Loading user config located at: '/home/aditya_nianticspatial_com/env_isaaclab/lib/python3.11/site-packages/isaacsim/kit/data/Kit/Isaac-Sim/5.1/user.config.json'
[Info] [carb] Logging to file: /home/aditya_nianticspatial_com/env_isaaclab/lib/python3.11/site-packages/isaacsim/kit/logs/Kit/Isaac-Sim/5.1/kit_20260925_110506.log
2026-09-25T11:05:06Z [149ms] [Warning] [omni.usd_config.extension] Enable omni.materialx.libs extension to use MaterialX
2026-09-25T11:05:06Z [614ms] [Warning] [omni.platforminfo.plugin] failed to open the default display.  Can't verify X Server version.
2026-09-25T11:05:07Z [921ms] [Warning] [carb] Acquiring non optional plugin interface which is not listed as dependency: [omni::physx::IPhysxBenchmarks v1.0] (plugin: <default plugin>), by client: omni.physics.physx.plugin. Add it to CARB_PLUGIN_IMPL_DEPS() macro of a client.
2026-09-25T11:05:07Z [942ms] [Warning] [omni.isaac.dynamic_control] omni.isaac.dynamic_control is deprecated as of Isaac Sim 4.5. No action is needed from end-users.

|---------------------------------------------------------------------------------------------|
| Driver Version: 580.178.04    | Graphics API: Vulkan
|=============================================================================================|
| GPU | Name                             | Active | LDA | GPU Memory | Vendor-ID | LUID       |
|     |                                  |        |     |            | Device-ID | UUID       |
|     |                                  |        |     |            | Bus-ID    |            |
|---------------------------------------------------------------------------------------------|
| 0   | NVIDIA L4                        | Yes: 0 |     | 23034   MB | 10de      | 0          |
|     |                                  |        |     |            | 27b8      | 67a5ad4e.. |
|     |                                  |        |     |            | 0         |            |
|=============================================================================================|
| OS: 24.04.5 LTS (Noble Numbat) ubuntu, Version: 24.04.5, Kernel: 7.0.0-1011-gcp
| Processor: Intel(R) Xeon(R) CPU @ 2.20GHz
| Cores: 8 | Logical Cores: 16
|---------------------------------------------------------------------------------------------|
| Total Memory (MB): 64293 | Free Memory: 61945
| Total Page/Swap (MB): 0 | Free Page/Swap: 0
|---------------------------------------------------------------------------------------------|
2026-09-25T11:05:12Z [6,578ms] [Warning] [gpu.foundation.plugin] ECC is enabled on physical device 0
+ for it in 500 1000 1499
+ f=logs/rsl_rl/g1_rough/2026-09-25_09-54-11/model_1499.pt
+ '[' -f logs/rsl_rl/g1_rough/2026-09-25_09-54-11/model_1499.pt ']'
+ python /home/aditya_nianticspatial_com/play_policy.py --headless --task Isaac-Velocity-Rough-G1-v0 --level 6 --seed 0 --no_camera --ckpt logs/rsl_rl/g1_rough/2026-09-25_09-54-11/model_1499.pt --out /home/aditya_nianticspatial_com/parity_out/play_rough/L6/isaac_it1499
cat: '/sys/devices/system/cpu/cpu*/cpufreq/scaling_governor': No such file or directory
[INFO][AppLauncher]: Using device: cuda:0
[INFO][AppLauncher]: Loading experience file: /home/aditya_nianticspatial_com/IsaacLab/apps/isaaclab.python.headless.kit
[INFO]: Parsing configuration from: isaaclab_tasks.manager_based.locomotion.velocity.config.g1.rough_env_cfg:G1RoughEnvCfg

[36m======================================================================================[0m
[36m[1m[INFO][IsaacLab]: Logging to file: /tmp/isaaclab/logs/isaaclab_2026-09-25_11-05-43.log[0m
[36m======================================================================================[0m

[33m11:05:43 [simulation_context.py] WARNING: The `enable_external_forces_every_iteration` parameter in the PhysxCfg is set to False. If you are experiencing noisy velocities, consider enabling this flag. You may need to slightly increase the number of velocity iterations (setting it to 1 or 2 rather than 0), together with this flag, to improve the accuracy of velocity updates.[0m
[INFO]: Base environment:
	Environment device    : cuda:0
	Environment seed      : 0
	Physics step-size     : 0.005
	Rendering step-size   : 0.02
	Environment step-size : 0.02
[INFO] Generating terrains based on curriculum took : 3.046255 seconds
[INFO]: Time taken for scene creation : 4.768394 seconds
[INFO]: Scene manager:  <class InteractiveScene>
	Number of environments: 4
	Environment spacing   : 20.0
	Source prim name      : /World/envs/env_0
	Global prim paths     : ['/World/ground']
	Replicate physics     : True
[INFO]: Starting the simulation. This may take a few seconds. Please wait...
[INFO]: Time taken for simulation start : 1.548370 seconds
[33m11:05:50 [velocity_command.py] WARNING: The velocity command has the 'ranges.heading' attribute set to '(-3.141592653589793, 3.141592653589793)' but the heading command is not active. Consider setting the flag for the heading command to True.[0m
[INFO] Command Manager:  <CommandManager> contains 1 active terms.
+------------------------------------------------+
|              Active Command Terms              |
+-------+---------------+------------------------+
| Index | Name          |          Type          |
+-------+---------------+------------------------+
|   0   | base_velocity | UniformVelocityCommand |
+-------+---------------+------------------------+

[INFO] Event Manager:  <EventManager> contains 2 active terms.
+--------------------------------------+
| Active Event Terms in Mode: 'startup' |
+----------+---------------------------+
|  Index   | Name                      |
+----------+---------------------------+
|    0     | physics_material          |
+----------+---------------------------+
+---------------------------------------+
|  Active Event Terms in Mode: 'reset'  |
+--------+------------------------------+
| Index  | Name                         |
+--------+------------------------------+
|   0    | base_external_force_torque   |
|   1    | reset_base                   |
|   2    | reset_robot_joints           |
+--------+------------------------------+

[INFO] Recorder Manager:  <RecorderManager> contains 0 active terms.
+---------------------+
| Active Recorder Terms |
+-----------+---------+
|   Index   | Name    |
+-----------+---------+
+-----------+---------+

[INFO] Action Manager:  <ActionManager> contains 1 active terms.
+------------------------------------+
|  Active Action Terms (shape: 37)   |
+--------+-------------+-------------+
| Index  | Name        |   Dimension |
+--------+-------------+-------------+
|   0    | joint_pos   |          37 |
+--------+-------------+-------------+

[INFO] Observation Manager: <ObservationManager> contains 1 groups.
+----------------------------------------------------------+
| Active Observation Terms in Group: 'policy' (shape: (310,)) |
+-----------+--------------------------------+-------------+
|   Index   | Name                           |    Shape    |
+-----------+--------------------------------+-------------+
|     0     | base_lin_vel                   |     (3,)    |
|     1     | base_ang_vel                   |     (3,)    |
|     2     | projected_gravity              |     (3,)    |
|     3     | velocity_commands              |     (3,)    |
|     4     | joint_pos                      |    (37,)    |
|     5     | joint_vel                      |    (37,)    |
|     6     | actions                        |    (37,)    |
|     7     | height_scan                    |    (187,)   |
+-----------+--------------------------------+-------------+

[INFO] Termination Manager:  <TerminationManager> contains 1 active terms.
+-----------------------------+
|   Active Termination Terms  |
+-------+----------+----------+
| Index | Name     | Time Out |
+-------+----------+----------+
|   0   | time_out |   True   |
+-------+----------+----------+

[INFO] Reward Manager:  <RewardManager> contains 16 active terms.
+---------------------------------------------+
|             Active Reward Terms             |
+-------+-------------------------+-----------+
| Index | Name                    |    Weight |
+-------+-------------------------+-----------+
|   0   | track_lin_vel_xy_exp    |       1.0 |
|   1   | track_ang_vel_z_exp     |       2.0 |
|   2   | lin_vel_z_l2            |       0.0 |
|   3   | ang_vel_xy_l2           |     -0.05 |
|   4   | dof_torques_l2          |  -1.5e-07 |
|   5   | dof_acc_l2              | -1.25e-07 |
|   6   | action_rate_l2          |    -0.005 |
|   7   | feet_air_time           |      0.25 |
|   8   | flat_orientation_l2     |      -1.0 |
|   9   | dof_pos_limits          |      -1.0 |
|   10  | termination_penalty     |    -200.0 |
|   11  | feet_slide              |      -0.1 |
|   12  | joint_deviation_hip     |      -0.1 |
|   13  | joint_deviation_arms    |      -0.1 |
|   14  | joint_deviation_fingers |     -0.05 |
|   15  | joint_deviation_torso   |      -0.1 |
+-------+-------------------------+-----------+

[INFO] Curriculum Manager:  <CurriculumManager> contains 0 active terms.
+----------------------+
| Active Curriculum Terms |
+-----------+----------+
|   Index   | Name     |
+-----------+----------+
+-----------+----------+

[INFO]: Completed setting up the environment...
[play] rsl_rl policy from logs/rsl_rl/g1_rough/2026-09-25_09-54-11/model_1499.pt
[play] done: final root x [3.0390472 3.8546286 3.374856  3.2024813] z [-0.41673195  1.7995095   0.55459577  0.6468456 ]
Loading user config located at: '/home/aditya_nianticspatial_com/env_isaaclab/lib/python3.11/site-packages/isaacsim/kit/data/Kit/Isaac-Sim/5.1/user.config.json'
[Info] [carb] Logging to file: /home/aditya_nianticspatial_com/env_isaaclab/lib/python3.11/site-packages/isaacsim/kit/logs/Kit/Isaac-Sim/5.1/kit_20260925_110536.log
2026-09-25T11:05:37Z [151ms] [Warning] [omni.usd_config.extension] Enable omni.materialx.libs extension to use MaterialX
2026-09-25T11:05:37Z [611ms] [Warning] [omni.platforminfo.plugin] failed to open the default display.  Can't verify X Server version.
2026-09-25T11:05:37Z [901ms] [Warning] [carb] Acquiring non optional plugin interface which is not listed as dependency: [omni::physx::IPhysxBenchmarks v1.0] (plugin: <default plugin>), by client: omni.physics.physx.plugin. Add it to CARB_PLUGIN_IMPL_DEPS() macro of a client.
2026-09-25T11:05:37Z [915ms] [Warning] [omni.isaac.dynamic_control] omni.isaac.dynamic_control is deprecated as of Isaac Sim 4.5. No action is needed from end-users.

|---------------------------------------------------------------------------------------------|
| Driver Version: 580.178.04    | Graphics API: Vulkan
|=============================================================================================|
| GPU | Name                             | Active | LDA | GPU Memory | Vendor-ID | LUID       |
|     |                                  |        |     |            | Device-ID | UUID       |
|     |                                  |        |     |            | Bus-ID    |            |
|---------------------------------------------------------------------------------------------|
| 0   | NVIDIA L4                        | Yes: 0 |     | 23034   MB | 10de      | 0          |
|     |                                  |        |     |            | 27b8      | 67a5ad4e.. |
|     |                                  |        |     |            | 0         |            |
|=============================================================================================|
| OS: 24.04.5 LTS (Noble Numbat) ubuntu, Version: 24.04.5, Kernel: 7.0.0-1011-gcp
| Processor: Intel(R) Xeon(R) CPU @ 2.20GHz
| Cores: 8 | Logical Cores: 16
|---------------------------------------------------------------------------------------------|
| Total Memory (MB): 64293 | Free Memory: 61851
| Total Page/Swap (MB): 0 | Free Page/Swap: 0
|---------------------------------------------------------------------------------------------|
2026-09-25T11:05:43Z [6,460ms] [Warning] [gpu.foundation.plugin] ECC is enabled on physical device 0
+ tar czf /home/aditya_nianticspatial_com/parity_play_rough_isaac.tgz -C /home/aditya_nianticspatial_com/parity_out play_rough
+ touch /home/aditya_nianticspatial_com/STAGE11_DONE
+ WHO=metalsim
+ LEVELS='3 6'
+ export PATH=/home/aditya_nianticspatial_com/.local/bin:/usr/local/sbin:/usr/local/bin:/usr/sbin:/usr/bin:/sbin:/bin:/usr/games:/usr/local/games:/snap/bin TERM=xterm OMNI_KIT_ACCEPT_EULA=YES
+ PATH=/home/aditya_nianticspatial_com/.local/bin:/usr/local/sbin:/usr/local/bin:/usr/sbin:/usr/bin:/sbin:/bin:/usr/games:/usr/local/games:/snap/bin
+ TERM=xterm
+ OMNI_KIT_ACCEPT_EULA=YES
+ source /home/aditya_nianticspatial_com/env_isaaclab/bin/activate
++ '[' -z '' ']'
++ '[' -n x ']'
++ SCRIPT_PATH=/home/aditya_nianticspatial_com/env_isaaclab/bin/activate
++ '[' /home/aditya_nianticspatial_com/env_isaaclab/bin/activate = /home/aditya_nianticspatial_com/stage11.sh ']'
++ deactivate nondestructive
++ unset -f pydoc
++ '[' -z '' ']'
++ '[' -z '' ']'
++ hash -r
++ '[' -z '' ']'
++ unset VIRTUAL_ENV
++ unset VIRTUAL_ENV_PROMPT
++ '[' '!' nondestructive = nondestructive ']'
++ VIRTUAL_ENV=/home/aditya_nianticspatial_com/env_isaaclab
++ '[' linux-gnu = cygwin ']'
++ '[' linux-gnu = msys ']'
++ export VIRTUAL_ENV
++ '[' -z '' ']'
++ unset SCRIPT_PATH
++ _OLD_VIRTUAL_PATH=/home/aditya_nianticspatial_com/.local/bin:/usr/local/sbin:/usr/local/bin:/usr/sbin:/usr/bin:/sbin:/bin:/usr/games:/usr/local/games:/snap/bin
++ PATH=/home/aditya_nianticspatial_com/env_isaaclab/bin:/home/aditya_nianticspatial_com/.local/bin:/usr/local/sbin:/usr/local/bin:/usr/sbin:/usr/bin:/sbin:/bin:/usr/games:/usr/local/games:/snap/bin
++ export PATH
++ '[' x '!=' x ']'
+++ basename /home/aditya_nianticspatial_com/env_isaaclab
++ VIRTUAL_ENV_PROMPT=env_isaaclab
++ export VIRTUAL_ENV_PROMPT
++ '[' -z '' ']'
++ '[' -z '' ']'
++ _OLD_VIRTUAL_PS1=
++ PS1='(env_isaaclab) '
++ export PS1
++ alias pydoc
++ true
++ hash -r
+ cd /home/aditya_nianticspatial_com/IsaacLab
+ rm -f /home/aditya_nianticspatial_com/STAGE11_DONE
++ tail -1
++ ls -d logs/rsl_rl/g1_rough/2026-09-25_09-54-11
+ run=logs/rsl_rl/g1_rough/2026-09-25_09-54-11
+ for lv in $LEVELS
+ '[' metalsim = isaac ']'
+ for f in $HOME/metalsim_ckpts_rough/*.pt
++ basename /home/aditya_nianticspatial_com/metalsim_ckpts_rough/ours_it1000.pt .pt
+ b=ours_it1000
+ python /home/aditya_nianticspatial_com/play_policy.py --headless --task Isaac-Velocity-Rough-G1-v0 --level 3 --seed 0 --no_camera --ckpt /home/aditya_nianticspatial_com/metalsim_ckpts_rough/ours_it1000.pt --out /home/aditya_nianticspatial_com/parity_out/play_rough/L3/metalsim_ours_it1000
cat: '/sys/devices/system/cpu/cpu*/cpufreq/scaling_governor': No such file or directory
[INFO][AppLauncher]: Using device: cuda:0
[INFO][AppLauncher]: Loading experience file: /home/aditya_nianticspatial_com/IsaacLab/apps/isaaclab.python.headless.kit
[INFO]: Parsing configuration from: isaaclab_tasks.manager_based.locomotion.velocity.config.g1.rough_env_cfg:G1RoughEnvCfg

[36m======================================================================================[0m
[36m[1m[INFO][IsaacLab]: Logging to file: /tmp/isaaclab/logs/isaaclab_2026-09-25_13-16-17.log[0m
[36m======================================================================================[0m

[33m13:16:17 [simulation_context.py] WARNING: The `enable_external_forces_every_iteration` parameter in the PhysxCfg is set to False. If you are experiencing noisy velocities, consider enabling this flag. You may need to slightly increase the number of velocity iterations (setting it to 1 or 2 rather than 0), together with this flag, to improve the accuracy of velocity updates.[0m
[INFO]: Base environment:
	Environment device    : cuda:0
	Environment seed      : 0
	Physics step-size     : 0.005
	Rendering step-size   : 0.02
	Environment step-size : 0.02
[INFO] Generating terrains based on curriculum took : 3.250141 seconds
[INFO]: Time taken for scene creation : 5.654077 seconds
[INFO]: Scene manager:  <class InteractiveScene>
	Number of environments: 4
	Environment spacing   : 20.0
	Source prim name      : /World/envs/env_0
	Global prim paths     : ['/World/ground']
	Replicate physics     : True
[INFO]: Starting the simulation. This may take a few seconds. Please wait...
[INFO]: Time taken for simulation start : 2.328643 seconds
[33m13:16:25 [velocity_command.py] WARNING: The velocity command has the 'ranges.heading' attribute set to '(-3.141592653589793, 3.141592653589793)' but the heading command is not active. Consider setting the flag for the heading command to True.[0m
[INFO] Command Manager:  <CommandManager> contains 1 active terms.
+------------------------------------------------+
|              Active Command Terms              |
+-------+---------------+------------------------+
| Index | Name          |          Type          |
+-------+---------------+------------------------+
|   0   | base_velocity | UniformVelocityCommand |
+-------+---------------+------------------------+

[INFO] Event Manager:  <EventManager> contains 2 active terms.
+--------------------------------------+
| Active Event Terms in Mode: 'startup' |
+----------+---------------------------+
|  Index   | Name                      |
+----------+---------------------------+
|    0     | physics_material          |
+----------+---------------------------+
+---------------------------------------+
|  Active Event Terms in Mode: 'reset'  |
+--------+------------------------------+
| Index  | Name                         |
+--------+------------------------------+
|   0    | base_external_force_torque   |
|   1    | reset_base                   |
|   2    | reset_robot_joints           |
+--------+------------------------------+

[INFO] Recorder Manager:  <RecorderManager> contains 0 active terms.
+---------------------+
| Active Recorder Terms |
+-----------+---------+
|   Index   | Name    |
+-----------+---------+
+-----------+---------+

[INFO] Action Manager:  <ActionManager> contains 1 active terms.
+------------------------------------+
|  Active Action Terms (shape: 37)   |
+--------+-------------+-------------+
| Index  | Name        |   Dimension |
+--------+-------------+-------------+
|   0    | joint_pos   |          37 |
+--------+-------------+-------------+

[INFO] Observation Manager: <ObservationManager> contains 1 groups.
+----------------------------------------------------------+
| Active Observation Terms in Group: 'policy' (shape: (310,)) |
+-----------+--------------------------------+-------------+
|   Index   | Name                           |    Shape    |
+-----------+--------------------------------+-------------+
|     0     | base_lin_vel                   |     (3,)    |
|     1     | base_ang_vel                   |     (3,)    |
|     2     | projected_gravity              |     (3,)    |
|     3     | velocity_commands              |     (3,)    |
|     4     | joint_pos                      |    (37,)    |
|     5     | joint_vel                      |    (37,)    |
|     6     | actions                        |    (37,)    |
|     7     | height_scan                    |    (187,)   |
+-----------+--------------------------------+-------------+

[INFO] Termination Manager:  <TerminationManager> contains 1 active terms.
+-----------------------------+
|   Active Termination Terms  |
+-------+----------+----------+
| Index | Name     | Time Out |
+-------+----------+----------+
|   0   | time_out |   True   |
+-------+----------+----------+

[INFO] Reward Manager:  <RewardManager> contains 16 active terms.
+---------------------------------------------+
|             Active Reward Terms             |
+-------+-------------------------+-----------+
| Index | Name                    |    Weight |
+-------+-------------------------+-----------+
|   0   | track_lin_vel_xy_exp    |       1.0 |
|   1   | track_ang_vel_z_exp     |       2.0 |
|   2   | lin_vel_z_l2            |       0.0 |
|   3   | ang_vel_xy_l2           |     -0.05 |
|   4   | dof_torques_l2          |  -1.5e-07 |
|   5   | dof_acc_l2              | -1.25e-07 |
|   6   | action_rate_l2          |    -0.005 |
|   7   | feet_air_time           |      0.25 |
|   8   | flat_orientation_l2     |      -1.0 |
|   9   | dof_pos_limits          |      -1.0 |
|   10  | termination_penalty     |    -200.0 |
|   11  | feet_slide              |      -0.1 |
|   12  | joint_deviation_hip     |      -0.1 |
|   13  | joint_deviation_arms    |      -0.1 |
|   14  | joint_deviation_fingers |     -0.05 |
|   15  | joint_deviation_torso   |      -0.1 |
+-------+-------------------------+-----------+

[INFO] Curriculum Manager:  <CurriculumManager> contains 0 active terms.
+----------------------+
| Active Curriculum Terms |
+-----------+----------+
|   Index   | Name     |
+-----------+----------+
+-----------+----------+

[INFO]: Completed setting up the environment...
[play] metalsim policy from /home/aditya_nianticspatial_com/metalsim_ckpts_rough/ours_it1000.pt
[play] done: final root x [3.688075  1.0589838 2.9660378 3.6265888] z [0.01385647 1.1649445  0.57154447 0.7022747 ]
Loading user config located at: '/home/aditya_nianticspatial_com/env_isaaclab/lib/python3.11/site-packages/isaacsim/kit/data/Kit/Isaac-Sim/5.1/user.config.json'
[Info] [carb] Logging to file: /home/aditya_nianticspatial_com/env_isaaclab/lib/python3.11/site-packages/isaacsim/kit/logs/Kit/Isaac-Sim/5.1/kit_20260925_131553.log
2026-09-25T13:15:54Z [1,419ms] [Warning] [omni.usd_config.extension] Enable omni.materialx.libs extension to use MaterialX
2026-09-25T13:15:57Z [3,621ms] [Warning] [omni.platforminfo.plugin] failed to open the default display.  Can't verify X Server version.
2026-09-25T13:15:58Z [4,789ms] [Warning] [carb] Acquiring non optional plugin interface which is not listed as dependency: [omni::physx::IPhysxBenchmarks v1.0] (plugin: <default plugin>), by client: omni.physics.physx.plugin. Add it to CARB_PLUGIN_IMPL_DEPS() macro of a client.
2026-09-25T13:15:58Z [4,843ms] [Warning] [omni.isaac.dynamic_control] omni.isaac.dynamic_control is deprecated as of Isaac Sim 4.5. No action is needed from end-users.

|---------------------------------------------------------------------------------------------|
| Driver Version: 580.178.04    | Graphics API: Vulkan
|=============================================================================================|
| GPU | Name                             | Active | LDA | GPU Memory | Vendor-ID | LUID       |
|     |                                  |        |     |            | Device-ID | UUID       |
|     |                                  |        |     |            | Bus-ID    |            |
|---------------------------------------------------------------------------------------------|
| 0   | NVIDIA L4                        | Yes: 0 |     | 23034   MB | 10de      | 0          |
|     |                                  |        |     |            | 27b8      | 3232ff83.. |
|     |                                  |        |     |            | 0         |            |
|=============================================================================================|
| OS: 24.04.5 LTS (Noble Numbat) ubuntu, Version: 24.04.5, Kernel: 7.0.0-1011-gcp
| Processor: Intel(R) Xeon(R) CPU @ 2.20GHz
| Cores: 8 | Logical Cores: 16
|---------------------------------------------------------------------------------------------|
| Total Memory (MB): 64293 | Free Memory: 61983
| Total Page/Swap (MB): 0 | Free Page/Swap: 0
|---------------------------------------------------------------------------------------------|
2026-09-25T13:16:15Z [22,072ms] [Warning] [gpu.foundation.plugin] ECC is enabled on physical device 0
+ for f in $HOME/metalsim_ckpts_rough/*.pt
++ basename /home/aditya_nianticspatial_com/metalsim_ckpts_rough/ours_it1500.pt .pt
+ b=ours_it1500
+ python /home/aditya_nianticspatial_com/play_policy.py --headless --task Isaac-Velocity-Rough-G1-v0 --level 3 --seed 0 --no_camera --ckpt /home/aditya_nianticspatial_com/metalsim_ckpts_rough/ours_it1500.pt --out /home/aditya_nianticspatial_com/parity_out/play_rough/L3/metalsim_ours_it1500
cat: '/sys/devices/system/cpu/cpu*/cpufreq/scaling_governor': No such file or directory
[INFO][AppLauncher]: Using device: cuda:0
[INFO][AppLauncher]: Loading experience file: /home/aditya_nianticspatial_com/IsaacLab/apps/isaaclab.python.headless.kit
[INFO]: Parsing configuration from: isaaclab_tasks.manager_based.locomotion.velocity.config.g1.rough_env_cfg:G1RoughEnvCfg

[36m======================================================================================[0m
[36m[1m[INFO][IsaacLab]: Logging to file: /tmp/isaaclab/logs/isaaclab_2026-09-25_13-16-50.log[0m
[36m======================================================================================[0m

[33m13:16:50 [simulation_context.py] WARNING: The `enable_external_forces_every_iteration` parameter in the PhysxCfg is set to False. If you are experiencing noisy velocities, consider enabling this flag. You may need to slightly increase the number of velocity iterations (setting it to 1 or 2 rather than 0), together with this flag, to improve the accuracy of velocity updates.[0m
[INFO]: Base environment:
	Environment device    : cuda:0
	Environment seed      : 0
	Physics step-size     : 0.005
	Rendering step-size   : 0.02
	Environment step-size : 0.02
[INFO] Generating terrains based on curriculum took : 3.037294 seconds
[INFO]: Time taken for scene creation : 4.676974 seconds
[INFO]: Scene manager:  <class InteractiveScene>
	Number of environments: 4
	Environment spacing   : 20.0
	Source prim name      : /World/envs/env_0
	Global prim paths     : ['/World/ground']
	Replicate physics     : True
[INFO]: Starting the simulation. This may take a few seconds. Please wait...
[INFO]: Time taken for simulation start : 1.538604 seconds
[33m13:16:56 [velocity_command.py] WARNING: The velocity command has the 'ranges.heading' attribute set to '(-3.141592653589793, 3.141592653589793)' but the heading command is not active. Consider setting the flag for the heading command to True.[0m
[INFO] Command Manager:  <CommandManager> contains 1 active terms.
+------------------------------------------------+
|              Active Command Terms              |
+-------+---------------+------------------------+
| Index | Name          |          Type          |
+-------+---------------+------------------------+
|   0   | base_velocity | UniformVelocityCommand |
+-------+---------------+------------------------+

[INFO] Event Manager:  <EventManager> contains 2 active terms.
+--------------------------------------+
| Active Event Terms in Mode: 'startup' |
+----------+---------------------------+
|  Index   | Name                      |
+----------+---------------------------+
|    0     | physics_material          |
+----------+---------------------------+
+---------------------------------------+
|  Active Event Terms in Mode: 'reset'  |
+--------+------------------------------+
| Index  | Name                         |
+--------+------------------------------+
|   0    | base_external_force_torque   |
|   1    | reset_base                   |
|   2    | reset_robot_joints           |
+--------+------------------------------+

[INFO] Recorder Manager:  <RecorderManager> contains 0 active terms.
+---------------------+
| Active Recorder Terms |
+-----------+---------+
|   Index   | Name    |
+-----------+---------+
+-----------+---------+

[INFO] Action Manager:  <ActionManager> contains 1 active terms.
+------------------------------------+
|  Active Action Terms (shape: 37)   |
+--------+-------------+-------------+
| Index  | Name        |   Dimension |
+--------+-------------+-------------+
|   0    | joint_pos   |          37 |
+--------+-------------+-------------+

[INFO] Observation Manager: <ObservationManager> contains 1 groups.
+----------------------------------------------------------+
| Active Observation Terms in Group: 'policy' (shape: (310,)) |
+-----------+--------------------------------+-------------+
|   Index   | Name                           |    Shape    |
+-----------+--------------------------------+-------------+
|     0     | base_lin_vel                   |     (3,)    |
|     1     | base_ang_vel                   |     (3,)    |
|     2     | projected_gravity              |     (3,)    |
|     3     | velocity_commands              |     (3,)    |
|     4     | joint_pos                      |    (37,)    |
|     5     | joint_vel                      |    (37,)    |
|     6     | actions                        |    (37,)    |
|     7     | height_scan                    |    (187,)   |
+-----------+--------------------------------+-------------+

[INFO] Termination Manager:  <TerminationManager> contains 1 active terms.
+-----------------------------+
|   Active Termination Terms  |
+-------+----------+----------+
| Index | Name     | Time Out |
+-------+----------+----------+
|   0   | time_out |   True   |
+-------+----------+----------+

[INFO] Reward Manager:  <RewardManager> contains 16 active terms.
+---------------------------------------------+
|             Active Reward Terms             |
+-------+-------------------------+-----------+
| Index | Name                    |    Weight |
+-------+-------------------------+-----------+
|   0   | track_lin_vel_xy_exp    |       1.0 |
|   1   | track_ang_vel_z_exp     |       2.0 |
|   2   | lin_vel_z_l2            |       0.0 |
|   3   | ang_vel_xy_l2           |     -0.05 |
|   4   | dof_torques_l2          |  -1.5e-07 |
|   5   | dof_acc_l2              | -1.25e-07 |
|   6   | action_rate_l2          |    -0.005 |
|   7   | feet_air_time           |      0.25 |
|   8   | flat_orientation_l2     |      -1.0 |
|   9   | dof_pos_limits          |      -1.0 |
|   10  | termination_penalty     |    -200.0 |
|   11  | feet_slide              |      -0.1 |
|   12  | joint_deviation_hip     |      -0.1 |
|   13  | joint_deviation_arms    |      -0.1 |
|   14  | joint_deviation_fingers |     -0.05 |
|   15  | joint_deviation_torso   |      -0.1 |
+-------+-------------------------+-----------+

[INFO] Curriculum Manager:  <CurriculumManager> contains 0 active terms.
+----------------------+
| Active Curriculum Terms |
+-----------+----------+
|   Index   | Name     |
+-----------+----------+
+-----------+----------+

[INFO]: Completed setting up the environment...
[play] metalsim policy from /home/aditya_nianticspatial_com/metalsim_ckpts_rough/ours_it1500.pt
[play] done: final root x [3.7864647 1.2253361 1.9553547 3.6258554] z [ 0.01245415  0.29767704 -0.10073816  0.7108898 ]
Loading user config located at: '/home/aditya_nianticspatial_com/env_isaaclab/lib/python3.11/site-packages/isaacsim/kit/data/Kit/Isaac-Sim/5.1/user.config.json'
[Info] [carb] Logging to file: /home/aditya_nianticspatial_com/env_isaaclab/lib/python3.11/site-packages/isaacsim/kit/logs/Kit/Isaac-Sim/5.1/kit_20260925_131643.log
2026-09-25T13:16:43Z [148ms] [Warning] [omni.usd_config.extension] Enable omni.materialx.libs extension to use MaterialX
2026-09-25T13:16:43Z [604ms] [Warning] [omni.platforminfo.plugin] failed to open the default display.  Can't verify X Server version.
2026-09-25T13:16:44Z [883ms] [Warning] [carb] Acquiring non optional plugin interface which is not listed as dependency: [omni::physx::IPhysxBenchmarks v1.0] (plugin: <default plugin>), by client: omni.physics.physx.plugin. Add it to CARB_PLUGIN_IMPL_DEPS() macro of a client.
2026-09-25T13:16:44Z [898ms] [Warning] [omni.isaac.dynamic_control] omni.isaac.dynamic_control is deprecated as of Isaac Sim 4.5. No action is needed from end-users.

|---------------------------------------------------------------------------------------------|
| Driver Version: 580.178.04    | Graphics API: Vulkan
|=============================================================================================|
| GPU | Name                             | Active | LDA | GPU Memory | Vendor-ID | LUID       |
|     |                                  |        |     |            | Device-ID | UUID       |
|     |                                  |        |     |            | Bus-ID    |            |
|---------------------------------------------------------------------------------------------|
| 0   | NVIDIA L4                        | Yes: 0 |     | 23034   MB | 10de      | 0          |
|     |                                  |        |     |            | 27b8      | 3232ff83.. |
|     |                                  |        |     |            | 0         |            |
|=============================================================================================|
| OS: 24.04.5 LTS (Noble Numbat) ubuntu, Version: 24.04.5, Kernel: 7.0.0-1011-gcp
| Processor: Intel(R) Xeon(R) CPU @ 2.20GHz
| Cores: 8 | Logical Cores: 16
|---------------------------------------------------------------------------------------------|
| Total Memory (MB): 64293 | Free Memory: 61945
| Total Page/Swap (MB): 0 | Free Page/Swap: 0
|---------------------------------------------------------------------------------------------|
2026-09-25T13:16:49Z [6,404ms] [Warning] [gpu.foundation.plugin] ECC is enabled on physical device 0
+ for f in $HOME/metalsim_ckpts_rough/*.pt
++ basename /home/aditya_nianticspatial_com/metalsim_ckpts_rough/ours_it500.pt .pt
+ b=ours_it500
+ python /home/aditya_nianticspatial_com/play_policy.py --headless --task Isaac-Velocity-Rough-G1-v0 --level 3 --seed 0 --no_camera --ckpt /home/aditya_nianticspatial_com/metalsim_ckpts_rough/ours_it500.pt --out /home/aditya_nianticspatial_com/parity_out/play_rough/L3/metalsim_ours_it500
cat: '/sys/devices/system/cpu/cpu*/cpufreq/scaling_governor': No such file or directory
[INFO][AppLauncher]: Using device: cuda:0
[INFO][AppLauncher]: Loading experience file: /home/aditya_nianticspatial_com/IsaacLab/apps/isaaclab.python.headless.kit
[INFO]: Parsing configuration from: isaaclab_tasks.manager_based.locomotion.velocity.config.g1.rough_env_cfg:G1RoughEnvCfg

[36m======================================================================================[0m
[36m[1m[INFO][IsaacLab]: Logging to file: /tmp/isaaclab/logs/isaaclab_2026-09-25_13-17-20.log[0m
[36m======================================================================================[0m

[33m13:17:20 [simulation_context.py] WARNING: The `enable_external_forces_every_iteration` parameter in the PhysxCfg is set to False. If you are experiencing noisy velocities, consider enabling this flag. You may need to slightly increase the number of velocity iterations (setting it to 1 or 2 rather than 0), together with this flag, to improve the accuracy of velocity updates.[0m
[INFO]: Base environment:
	Environment device    : cuda:0
	Environment seed      : 0
	Physics step-size     : 0.005
	Rendering step-size   : 0.02
	Environment step-size : 0.02
[INFO] Generating terrains based on curriculum took : 3.005355 seconds
[INFO]: Time taken for scene creation : 4.675965 seconds
[INFO]: Scene manager:  <class InteractiveScene>
	Number of environments: 4
	Environment spacing   : 20.0
	Source prim name      : /World/envs/env_0
	Global prim paths     : ['/World/ground']
	Replicate physics     : True
[INFO]: Starting the simulation. This may take a few seconds. Please wait...
[INFO]: Time taken for simulation start : 1.771530 seconds
[33m13:17:27 [velocity_command.py] WARNING: The velocity command has the 'ranges.heading' attribute set to '(-3.141592653589793, 3.141592653589793)' but the heading command is not active. Consider setting the flag for the heading command to True.[0m
[INFO] Command Manager:  <CommandManager> contains 1 active terms.
+------------------------------------------------+
|              Active Command Terms              |
+-------+---------------+------------------------+
| Index | Name          |          Type          |
+-------+---------------+------------------------+
|   0   | base_velocity | UniformVelocityCommand |
+-------+---------------+------------------------+

[INFO] Event Manager:  <EventManager> contains 2 active terms.
+--------------------------------------+
| Active Event Terms in Mode: 'startup' |
+----------+---------------------------+
|  Index   | Name                      |
+----------+---------------------------+
|    0     | physics_material          |
+----------+---------------------------+
+---------------------------------------+
|  Active Event Terms in Mode: 'reset'  |
+--------+------------------------------+
| Index  | Name                         |
+--------+------------------------------+
|   0    | base_external_force_torque   |
|   1    | reset_base                   |
|   2    | reset_robot_joints           |
+--------+------------------------------+

[INFO] Recorder Manager:  <RecorderManager> contains 0 active terms.
+---------------------+
| Active Recorder Terms |
+-----------+---------+
|   Index   | Name    |
+-----------+---------+
+-----------+---------+

[INFO] Action Manager:  <ActionManager> contains 1 active terms.
+------------------------------------+
|  Active Action Terms (shape: 37)   |
+--------+-------------+-------------+
| Index  | Name        |   Dimension |
+--------+-------------+-------------+
|   0    | joint_pos   |          37 |
+--------+-------------+-------------+

[INFO] Observation Manager: <ObservationManager> contains 1 groups.
+----------------------------------------------------------+
| Active Observation Terms in Group: 'policy' (shape: (310,)) |
+-----------+--------------------------------+-------------+
|   Index   | Name                           |    Shape    |
+-----------+--------------------------------+-------------+
|     0     | base_lin_vel                   |     (3,)    |
|     1     | base_ang_vel                   |     (3,)    |
|     2     | projected_gravity              |     (3,)    |
|     3     | velocity_commands              |     (3,)    |
|     4     | joint_pos                      |    (37,)    |
|     5     | joint_vel                      |    (37,)    |
|     6     | actions                        |    (37,)    |
|     7     | height_scan                    |    (187,)   |
+-----------+--------------------------------+-------------+

[INFO] Termination Manager:  <TerminationManager> contains 1 active terms.
+-----------------------------+
|   Active Termination Terms  |
+-------+----------+----------+
| Index | Name     | Time Out |
+-------+----------+----------+
|   0   | time_out |   True   |
+-------+----------+----------+

[INFO] Reward Manager:  <RewardManager> contains 16 active terms.
+---------------------------------------------+
|             Active Reward Terms             |
+-------+-------------------------+-----------+
| Index | Name                    |    Weight |
+-------+-------------------------+-----------+
|   0   | track_lin_vel_xy_exp    |       1.0 |
|   1   | track_ang_vel_z_exp     |       2.0 |
|   2   | lin_vel_z_l2            |       0.0 |
|   3   | ang_vel_xy_l2           |     -0.05 |
|   4   | dof_torques_l2          |  -1.5e-07 |
|   5   | dof_acc_l2              | -1.25e-07 |
|   6   | action_rate_l2          |    -0.005 |
|   7   | feet_air_time           |      0.25 |
|   8   | flat_orientation_l2     |      -1.0 |
|   9   | dof_pos_limits          |      -1.0 |
|   10  | termination_penalty     |    -200.0 |
|   11  | feet_slide              |      -0.1 |
|   12  | joint_deviation_hip     |      -0.1 |
|   13  | joint_deviation_arms    |      -0.1 |
|   14  | joint_deviation_fingers |     -0.05 |
|   15  | joint_deviation_torso   |      -0.1 |
+-------+-------------------------+-----------+

[INFO] Curriculum Manager:  <CurriculumManager> contains 0 active terms.
+----------------------+
| Active Curriculum Terms |
+-----------+----------+
|   Index   | Name     |
+-----------+----------+
+-----------+----------+

[INFO]: Completed setting up the environment...
[play] metalsim policy from /home/aditya_nianticspatial_com/metalsim_ckpts_rough/ours_it500.pt
[play] done: final root x [3.5788517 0.6990423 2.1947517 2.7446928] z [ 0.00524384  0.01412398 -0.13654916  0.68947804]
Loading user config located at: '/home/aditya_nianticspatial_com/env_isaaclab/lib/python3.11/site-packages/isaacsim/kit/data/Kit/Isaac-Sim/5.1/user.config.json'
[Info] [carb] Logging to file: /home/aditya_nianticspatial_com/env_isaaclab/lib/python3.11/site-packages/isaacsim/kit/logs/Kit/Isaac-Sim/5.1/kit_20260925_131713.log
2026-09-25T13:17:13Z [148ms] [Warning] [omni.usd_config.extension] Enable omni.materialx.libs extension to use MaterialX
2026-09-25T13:17:14Z [602ms] [Warning] [omni.platforminfo.plugin] failed to open the default display.  Can't verify X Server version.
2026-09-25T13:17:14Z [882ms] [Warning] [carb] Acquiring non optional plugin interface which is not listed as dependency: [omni::physx::IPhysxBenchmarks v1.0] (plugin: <default plugin>), by client: omni.physics.physx.plugin. Add it to CARB_PLUGIN_IMPL_DEPS() macro of a client.
2026-09-25T13:17:14Z [895ms] [Warning] [omni.isaac.dynamic_control] omni.isaac.dynamic_control is deprecated as of Isaac Sim 4.5. No action is needed from end-users.

|---------------------------------------------------------------------------------------------|
| Driver Version: 580.178.04    | Graphics API: Vulkan
|=============================================================================================|
| GPU | Name                             | Active | LDA | GPU Memory | Vendor-ID | LUID       |
|     |                                  |        |     |            | Device-ID | UUID       |
|     |                                  |        |     |            | Bus-ID    |            |
|---------------------------------------------------------------------------------------------|
| 0   | NVIDIA L4                        | Yes: 0 |     | 23034   MB | 10de      | 0          |
|     |                                  |        |     |            | 27b8      | 3232ff83.. |
|     |                                  |        |     |            | 0         |            |
|=============================================================================================|
| OS: 24.04.5 LTS (Noble Numbat) ubuntu, Version: 24.04.5, Kernel: 7.0.0-1011-gcp
| Processor: Intel(R) Xeon(R) CPU @ 2.20GHz
| Cores: 8 | Logical Cores: 16
|---------------------------------------------------------------------------------------------|
| Total Memory (MB): 64293 | Free Memory: 61963
| Total Page/Swap (MB): 0 | Free Page/Swap: 0
|---------------------------------------------------------------------------------------------|
2026-09-25T13:17:20Z [6,491ms] [Warning] [gpu.foundation.plugin] ECC is enabled on physical device 0
+ for lv in $LEVELS
+ '[' metalsim = isaac ']'
+ for f in $HOME/metalsim_ckpts_rough/*.pt
++ basename /home/aditya_nianticspatial_com/metalsim_ckpts_rough/ours_it1000.pt .pt
+ b=ours_it1000
+ python /home/aditya_nianticspatial_com/play_policy.py --headless --task Isaac-Velocity-Rough-G1-v0 --level 6 --seed 0 --no_camera --ckpt /home/aditya_nianticspatial_com/metalsim_ckpts_rough/ours_it1000.pt --out /home/aditya_nianticspatial_com/parity_out/play_rough/L6/metalsim_ours_it1000
cat: '/sys/devices/system/cpu/cpu*/cpufreq/scaling_governor': No such file or directory
[INFO][AppLauncher]: Using device: cuda:0
[INFO][AppLauncher]: Loading experience file: /home/aditya_nianticspatial_com/IsaacLab/apps/isaaclab.python.headless.kit
[INFO]: Parsing configuration from: isaaclab_tasks.manager_based.locomotion.velocity.config.g1.rough_env_cfg:G1RoughEnvCfg

[36m======================================================================================[0m
[36m[1m[INFO][IsaacLab]: Logging to file: /tmp/isaaclab/logs/isaaclab_2026-09-25_13-17-51.log[0m
[36m======================================================================================[0m

[33m13:17:51 [simulation_context.py] WARNING: The `enable_external_forces_every_iteration` parameter in the PhysxCfg is set to False. If you are experiencing noisy velocities, consider enabling this flag. You may need to slightly increase the number of velocity iterations (setting it to 1 or 2 rather than 0), together with this flag, to improve the accuracy of velocity updates.[0m
[INFO]: Base environment:
	Environment device    : cuda:0
	Environment seed      : 0
	Physics step-size     : 0.005
	Rendering step-size   : 0.02
	Environment step-size : 0.02
[INFO] Generating terrains based on curriculum took : 2.975545 seconds
[INFO]: Time taken for scene creation : 4.612473 seconds
[INFO]: Scene manager:  <class InteractiveScene>
	Number of environments: 4
	Environment spacing   : 20.0
	Source prim name      : /World/envs/env_0
	Global prim paths     : ['/World/ground']
	Replicate physics     : True
[INFO]: Starting the simulation. This may take a few seconds. Please wait...
[INFO]: Time taken for simulation start : 1.634711 seconds
[33m13:17:57 [velocity_command.py] WARNING: The velocity command has the 'ranges.heading' attribute set to '(-3.141592653589793, 3.141592653589793)' but the heading command is not active. Consider setting the flag for the heading command to True.[0m
[INFO] Command Manager:  <CommandManager> contains 1 active terms.
+------------------------------------------------+
|              Active Command Terms              |
+-------+---------------+------------------------+
| Index | Name          |          Type          |
+-------+---------------+------------------------+
|   0   | base_velocity | UniformVelocityCommand |
+-------+---------------+------------------------+

[INFO] Event Manager:  <EventManager> contains 2 active terms.
+--------------------------------------+
| Active Event Terms in Mode: 'startup' |
+----------+---------------------------+
|  Index   | Name                      |
+----------+---------------------------+
|    0     | physics_material          |
+----------+---------------------------+
+---------------------------------------+
|  Active Event Terms in Mode: 'reset'  |
+--------+------------------------------+
| Index  | Name                         |
+--------+------------------------------+
|   0    | base_external_force_torque   |
|   1    | reset_base                   |
|   2    | reset_robot_joints           |
+--------+------------------------------+

[INFO] Recorder Manager:  <RecorderManager> contains 0 active terms.
+---------------------+
| Active Recorder Terms |
+-----------+---------+
|   Index   | Name    |
+-----------+---------+
+-----------+---------+

[INFO] Action Manager:  <ActionManager> contains 1 active terms.
+------------------------------------+
|  Active Action Terms (shape: 37)   |
+--------+-------------+-------------+
| Index  | Name        |   Dimension |
+--------+-------------+-------------+
|   0    | joint_pos   |          37 |
+--------+-------------+-------------+

[INFO] Observation Manager: <ObservationManager> contains 1 groups.
+----------------------------------------------------------+
| Active Observation Terms in Group: 'policy' (shape: (310,)) |
+-----------+--------------------------------+-------------+
|   Index   | Name                           |    Shape    |
+-----------+--------------------------------+-------------+
|     0     | base_lin_vel                   |     (3,)    |
|     1     | base_ang_vel                   |     (3,)    |
|     2     | projected_gravity              |     (3,)    |
|     3     | velocity_commands              |     (3,)    |
|     4     | joint_pos                      |    (37,)    |
|     5     | joint_vel                      |    (37,)    |
|     6     | actions                        |    (37,)    |
|     7     | height_scan                    |    (187,)   |
+-----------+--------------------------------+-------------+

[INFO] Termination Manager:  <TerminationManager> contains 1 active terms.
+-----------------------------+
|   Active Termination Terms  |
+-------+----------+----------+
| Index | Name     | Time Out |
+-------+----------+----------+
|   0   | time_out |   True   |
+-------+----------+----------+

[INFO] Reward Manager:  <RewardManager> contains 16 active terms.
+---------------------------------------------+
|             Active Reward Terms             |
+-------+-------------------------+-----------+
| Index | Name                    |    Weight |
+-------+-------------------------+-----------+
|   0   | track_lin_vel_xy_exp    |       1.0 |
|   1   | track_ang_vel_z_exp     |       2.0 |
|   2   | lin_vel_z_l2            |       0.0 |
|   3   | ang_vel_xy_l2           |     -0.05 |
|   4   | dof_torques_l2          |  -1.5e-07 |
|   5   | dof_acc_l2              | -1.25e-07 |
|   6   | action_rate_l2          |    -0.005 |
|   7   | feet_air_time           |      0.25 |
|   8   | flat_orientation_l2     |      -1.0 |
|   9   | dof_pos_limits          |      -1.0 |
|   10  | termination_penalty     |    -200.0 |
|   11  | feet_slide              |      -0.1 |
|   12  | joint_deviation_hip     |      -0.1 |
|   13  | joint_deviation_arms    |      -0.1 |
|   14  | joint_deviation_fingers |     -0.05 |
|   15  | joint_deviation_torso   |      -0.1 |
+-------+-------------------------+-----------+

[INFO] Curriculum Manager:  <CurriculumManager> contains 0 active terms.
+----------------------+
| Active Curriculum Terms |
+-----------+----------+
|   Index   | Name     |
+-----------+----------+
+-----------+----------+

[INFO]: Completed setting up the environment...
[play] metalsim policy from /home/aditya_nianticspatial_com/metalsim_ckpts_rough/ours_it1000.pt
[play] done: final root x [2.9500494  0.45656967 2.9453354  3.565196  ] z [-0.91349757  0.08865333  0.04444256  0.71303475]
Loading user config located at: '/home/aditya_nianticspatial_com/env_isaaclab/lib/python3.11/site-packages/isaacsim/kit/data/Kit/Isaac-Sim/5.1/user.config.json'
[Info] [carb] Logging to file: /home/aditya_nianticspatial_com/env_isaaclab/lib/python3.11/site-packages/isaacsim/kit/logs/Kit/Isaac-Sim/5.1/kit_20260925_131744.log
2026-09-25T13:17:44Z [155ms] [Warning] [omni.usd_config.extension] Enable omni.materialx.libs extension to use MaterialX
2026-09-25T13:17:45Z [607ms] [Warning] [omni.platforminfo.plugin] failed to open the default display.  Can't verify X Server version.
2026-09-25T13:17:45Z [897ms] [Warning] [carb] Acquiring non optional plugin interface which is not listed as dependency: [omni::physx::IPhysxBenchmarks v1.0] (plugin: <default plugin>), by client: omni.physics.physx.plugin. Add it to CARB_PLUGIN_IMPL_DEPS() macro of a client.
2026-09-25T13:17:45Z [910ms] [Warning] [omni.isaac.dynamic_control] omni.isaac.dynamic_control is deprecated as of Isaac Sim 4.5. No action is needed from end-users.

|---------------------------------------------------------------------------------------------|
| Driver Version: 580.178.04    | Graphics API: Vulkan
|=============================================================================================|
| GPU | Name                             | Active | LDA | GPU Memory | Vendor-ID | LUID       |
|     |                                  |        |     |            | Device-ID | UUID       |
|     |                                  |        |     |            | Bus-ID    |            |
|---------------------------------------------------------------------------------------------|
| 0   | NVIDIA L4                        | Yes: 0 |     | 23034   MB | 10de      | 0          |
|     |                                  |        |     |            | 27b8      | 3232ff83.. |
|     |                                  |        |     |            | 0         |            |
|=============================================================================================|
| OS: 24.04.5 LTS (Noble Numbat) ubuntu, Version: 24.04.5, Kernel: 7.0.0-1011-gcp
| Processor: Intel(R) Xeon(R) CPU @ 2.20GHz
| Cores: 8 | Logical Cores: 16
|---------------------------------------------------------------------------------------------|
| Total Memory (MB): 64293 | Free Memory: 61921
| Total Page/Swap (MB): 0 | Free Page/Swap: 0
|---------------------------------------------------------------------------------------------|
2026-09-25T13:17:50Z [6,485ms] [Warning] [gpu.foundation.plugin] ECC is enabled on physical device 0
+ for f in $HOME/metalsim_ckpts_rough/*.pt
++ basename /home/aditya_nianticspatial_com/metalsim_ckpts_rough/ours_it1500.pt .pt
+ b=ours_it1500
+ python /home/aditya_nianticspatial_com/play_policy.py --headless --task Isaac-Velocity-Rough-G1-v0 --level 6 --seed 0 --no_camera --ckpt /home/aditya_nianticspatial_com/metalsim_ckpts_rough/ours_it1500.pt --out /home/aditya_nianticspatial_com/parity_out/play_rough/L6/metalsim_ours_it1500
cat: '/sys/devices/system/cpu/cpu*/cpufreq/scaling_governor': No such file or directory
[INFO][AppLauncher]: Using device: cuda:0
[INFO][AppLauncher]: Loading experience file: /home/aditya_nianticspatial_com/IsaacLab/apps/isaaclab.python.headless.kit
[INFO]: Parsing configuration from: isaaclab_tasks.manager_based.locomotion.velocity.config.g1.rough_env_cfg:G1RoughEnvCfg

[36m======================================================================================[0m
[36m[1m[INFO][IsaacLab]: Logging to file: /tmp/isaaclab/logs/isaaclab_2026-09-25_13-18-21.log[0m
[36m======================================================================================[0m

[33m13:18:21 [simulation_context.py] WARNING: The `enable_external_forces_every_iteration` parameter in the PhysxCfg is set to False. If you are experiencing noisy velocities, consider enabling this flag. You may need to slightly increase the number of velocity iterations (setting it to 1 or 2 rather than 0), together with this flag, to improve the accuracy of velocity updates.[0m
[INFO]: Base environment:
	Environment device    : cuda:0
	Environment seed      : 0
	Physics step-size     : 0.005
	Rendering step-size   : 0.02
	Environment step-size : 0.02
[INFO] Generating terrains based on curriculum took : 2.999717 seconds
[INFO]: Time taken for scene creation : 4.692770 seconds
[INFO]: Scene manager:  <class InteractiveScene>
	Number of environments: 4
	Environment spacing   : 20.0
	Source prim name      : /World/envs/env_0
	Global prim paths     : ['/World/ground']
	Replicate physics     : True
[INFO]: Starting the simulation. This may take a few seconds. Please wait...
[INFO]: Time taken for simulation start : 1.525761 seconds
[33m13:18:28 [velocity_command.py] WARNING: The velocity command has the 'ranges.heading' attribute set to '(-3.141592653589793, 3.141592653589793)' but the heading command is not active. Consider setting the flag for the heading command to True.[0m
[INFO] Command Manager:  <CommandManager> contains 1 active terms.
+------------------------------------------------+
|              Active Command Terms              |
+-------+---------------+------------------------+
| Index | Name          |          Type          |
+-------+---------------+------------------------+
|   0   | base_velocity | UniformVelocityCommand |
+-------+---------------+------------------------+

[INFO] Event Manager:  <EventManager> contains 2 active terms.
+--------------------------------------+
| Active Event Terms in Mode: 'startup' |
+----------+---------------------------+
|  Index   | Name                      |
+----------+---------------------------+
|    0     | physics_material          |
+----------+---------------------------+
+---------------------------------------+
|  Active Event Terms in Mode: 'reset'  |
+--------+------------------------------+
| Index  | Name                         |
+--------+------------------------------+
|   0    | base_external_force_torque   |
|   1    | reset_base                   |
|   2    | reset_robot_joints           |
+--------+------------------------------+

[INFO] Recorder Manager:  <RecorderManager> contains 0 active terms.
+---------------------+
| Active Recorder Terms |
+-----------+---------+
|   Index   | Name    |
+-----------+---------+
+-----------+---------+

[INFO] Action Manager:  <ActionManager> contains 1 active terms.
+------------------------------------+
|  Active Action Terms (shape: 37)   |
+--------+-------------+-------------+
| Index  | Name        |   Dimension |
+--------+-------------+-------------+
|   0    | joint_pos   |          37 |
+--------+-------------+-------------+

[INFO] Observation Manager: <ObservationManager> contains 1 groups.
+----------------------------------------------------------+
| Active Observation Terms in Group: 'policy' (shape: (310,)) |
+-----------+--------------------------------+-------------+
|   Index   | Name                           |    Shape    |
+-----------+--------------------------------+-------------+
|     0     | base_lin_vel                   |     (3,)    |
|     1     | base_ang_vel                   |     (3,)    |
|     2     | projected_gravity              |     (3,)    |
|     3     | velocity_commands              |     (3,)    |
|     4     | joint_pos                      |    (37,)    |
|     5     | joint_vel                      |    (37,)    |
|     6     | actions                        |    (37,)    |
|     7     | height_scan                    |    (187,)   |
+-----------+--------------------------------+-------------+

[INFO] Termination Manager:  <TerminationManager> contains 1 active terms.
+-----------------------------+
|   Active Termination Terms  |
+-------+----------+----------+
| Index | Name     | Time Out |
+-------+----------+----------+
|   0   | time_out |   True   |
+-------+----------+----------+

[INFO] Reward Manager:  <RewardManager> contains 16 active terms.
+---------------------------------------------+
|             Active Reward Terms             |
+-------+-------------------------+-----------+
| Index | Name                    |    Weight |
+-------+-------------------------+-----------+
|   0   | track_lin_vel_xy_exp    |       1.0 |
|   1   | track_ang_vel_z_exp     |       2.0 |
|   2   | lin_vel_z_l2            |       0.0 |
|   3   | ang_vel_xy_l2           |     -0.05 |
|   4   | dof_torques_l2          |  -1.5e-07 |
|   5   | dof_acc_l2              | -1.25e-07 |
|   6   | action_rate_l2          |    -0.005 |
|   7   | feet_air_time           |      0.25 |
|   8   | flat_orientation_l2     |      -1.0 |
|   9   | dof_pos_limits          |      -1.0 |
|   10  | termination_penalty     |    -200.0 |
|   11  | feet_slide              |      -0.1 |
|   12  | joint_deviation_hip     |      -0.1 |
|   13  | joint_deviation_arms    |      -0.1 |
|   14  | joint_deviation_fingers |     -0.05 |
|   15  | joint_deviation_torso   |      -0.1 |
+-------+-------------------------+-----------+

[INFO] Curriculum Manager:  <CurriculumManager> contains 0 active terms.
+----------------------+
| Active Curriculum Terms |
+-----------+----------+
|   Index   | Name     |
+-----------+----------+
+-----------+----------+

[INFO]: Completed setting up the environment...
[play] metalsim policy from /home/aditya_nianticspatial_com/metalsim_ckpts_rough/ours_it1500.pt
[play] done: final root x [3.97153    0.21089745 3.5410805  3.3952665 ] z [-0.43857288  0.08350849 -0.06796493  0.70131886]
Loading user config located at: '/home/aditya_nianticspatial_com/env_isaaclab/lib/python3.11/site-packages/isaacsim/kit/data/Kit/Isaac-Sim/5.1/user.config.json'
[Info] [carb] Logging to file: /home/aditya_nianticspatial_com/env_isaaclab/lib/python3.11/site-packages/isaacsim/kit/logs/Kit/Isaac-Sim/5.1/kit_20260925_131814.log
2026-09-25T13:18:14Z [147ms] [Warning] [omni.usd_config.extension] Enable omni.materialx.libs extension to use MaterialX
2026-09-25T13:18:15Z [605ms] [Warning] [omni.platforminfo.plugin] failed to open the default display.  Can't verify X Server version.
2026-09-25T13:18:15Z [886ms] [Warning] [carb] Acquiring non optional plugin interface which is not listed as dependency: [omni::physx::IPhysxBenchmarks v1.0] (plugin: <default plugin>), by client: omni.physics.physx.plugin. Add it to CARB_PLUGIN_IMPL_DEPS() macro of a client.
2026-09-25T13:18:15Z [901ms] [Warning] [omni.isaac.dynamic_control] omni.isaac.dynamic_control is deprecated as of Isaac Sim 4.5. No action is needed from end-users.

|---------------------------------------------------------------------------------------------|
| Driver Version: 580.178.04    | Graphics API: Vulkan
|=============================================================================================|
| GPU | Name                             | Active | LDA | GPU Memory | Vendor-ID | LUID       |
|     |                                  |        |     |            | Device-ID | UUID       |
|     |                                  |        |     |            | Bus-ID    |            |
|---------------------------------------------------------------------------------------------|
| 0   | NVIDIA L4                        | Yes: 0 |     | 23034   MB | 10de      | 0          |
|     |                                  |        |     |            | 27b8      | 3232ff83.. |
|     |                                  |        |     |            | 0         |            |
|=============================================================================================|
| OS: 24.04.5 LTS (Noble Numbat) ubuntu, Version: 24.04.5, Kernel: 7.0.0-1011-gcp
| Processor: Intel(R) Xeon(R) CPU @ 2.20GHz
| Cores: 8 | Logical Cores: 16
|---------------------------------------------------------------------------------------------|
| Total Memory (MB): 64293 | Free Memory: 61945
| Total Page/Swap (MB): 0 | Free Page/Swap: 0
|---------------------------------------------------------------------------------------------|
2026-09-25T13:18:21Z [6,523ms] [Warning] [gpu.foundation.plugin] ECC is enabled on physical device 0
+ for f in $HOME/metalsim_ckpts_rough/*.pt
++ basename /home/aditya_nianticspatial_com/metalsim_ckpts_rough/ours_it500.pt .pt
+ b=ours_it500
+ python /home/aditya_nianticspatial_com/play_policy.py --headless --task Isaac-Velocity-Rough-G1-v0 --level 6 --seed 0 --no_camera --ckpt /home/aditya_nianticspatial_com/metalsim_ckpts_rough/ours_it500.pt --out /home/aditya_nianticspatial_com/parity_out/play_rough/L6/metalsim_ours_it500
cat: '/sys/devices/system/cpu/cpu*/cpufreq/scaling_governor': No such file or directory
[INFO][AppLauncher]: Using device: cuda:0
[INFO][AppLauncher]: Loading experience file: /home/aditya_nianticspatial_com/IsaacLab/apps/isaaclab.python.headless.kit
[INFO]: Parsing configuration from: isaaclab_tasks.manager_based.locomotion.velocity.config.g1.rough_env_cfg:G1RoughEnvCfg

[36m======================================================================================[0m
[36m[1m[INFO][IsaacLab]: Logging to file: /tmp/isaaclab/logs/isaaclab_2026-09-25_13-18-52.log[0m
[36m======================================================================================[0m

[33m13:18:52 [simulation_context.py] WARNING: The `enable_external_forces_every_iteration` parameter in the PhysxCfg is set to False. If you are experiencing noisy velocities, consider enabling this flag. You may need to slightly increase the number of velocity iterations (setting it to 1 or 2 rather than 0), together with this flag, to improve the accuracy of velocity updates.[0m
[INFO]: Base environment:
	Environment device    : cuda:0
	Environment seed      : 0
	Physics step-size     : 0.005
	Rendering step-size   : 0.02
	Environment step-size : 0.02
[INFO] Generating terrains based on curriculum took : 3.028674 seconds
[INFO]: Time taken for scene creation : 4.667444 seconds
[INFO]: Scene manager:  <class InteractiveScene>
	Number of environments: 4
	Environment spacing   : 20.0
	Source prim name      : /World/envs/env_0
	Global prim paths     : ['/World/ground']
	Replicate physics     : True
[INFO]: Starting the simulation. This may take a few seconds. Please wait...
[INFO]: Time taken for simulation start : 1.530931 seconds
[33m13:18:58 [velocity_command.py] WARNING: The velocity command has the 'ranges.heading' attribute set to '(-3.141592653589793, 3.141592653589793)' but the heading command is not active. Consider setting the flag for the heading command to True.[0m
[INFO] Command Manager:  <CommandManager> contains 1 active terms.
+------------------------------------------------+
|              Active Command Terms              |
+-------+---------------+------------------------+
| Index | Name          |          Type          |
+-------+---------------+------------------------+
|   0   | base_velocity | UniformVelocityCommand |
+-------+---------------+------------------------+

[INFO] Event Manager:  <EventManager> contains 2 active terms.
+--------------------------------------+
| Active Event Terms in Mode: 'startup' |
+----------+---------------------------+
|  Index   | Name                      |
+----------+---------------------------+
|    0     | physics_material          |
+----------+---------------------------+
+---------------------------------------+
|  Active Event Terms in Mode: 'reset'  |
+--------+------------------------------+
| Index  | Name                         |
+--------+------------------------------+
|   0    | base_external_force_torque   |
|   1    | reset_base                   |
|   2    | reset_robot_joints           |
+--------+------------------------------+

[INFO] Recorder Manager:  <RecorderManager> contains 0 active terms.
+---------------------+
| Active Recorder Terms |
+-----------+---------+
|   Index   | Name    |
+-----------+---------+
+-----------+---------+

[INFO] Action Manager:  <ActionManager> contains 1 active terms.
+------------------------------------+
|  Active Action Terms (shape: 37)   |
+--------+-------------+-------------+
| Index  | Name        |   Dimension |
+--------+-------------+-------------+
|   0    | joint_pos   |          37 |
+--------+-------------+-------------+

[INFO] Observation Manager: <ObservationManager> contains 1 groups.
+----------------------------------------------------------+
| Active Observation Terms in Group: 'policy' (shape: (310,)) |
+-----------+--------------------------------+-------------+
|   Index   | Name                           |    Shape    |
+-----------+--------------------------------+-------------+
|     0     | base_lin_vel                   |     (3,)    |
|     1     | base_ang_vel                   |     (3,)    |
|     2     | projected_gravity              |     (3,)    |
|     3     | velocity_commands              |     (3,)    |
|     4     | joint_pos                      |    (37,)    |
|     5     | joint_vel                      |    (37,)    |
|     6     | actions                        |    (37,)    |
|     7     | height_scan                    |    (187,)   |
+-----------+--------------------------------+-------------+

[INFO] Termination Manager:  <TerminationManager> contains 1 active terms.
+-----------------------------+
|   Active Termination Terms  |
+-------+----------+----------+
| Index | Name     | Time Out |
+-------+----------+----------+
|   0   | time_out |   True   |
+-------+----------+----------+

[INFO] Reward Manager:  <RewardManager> contains 16 active terms.
+---------------------------------------------+
|             Active Reward Terms             |
+-------+-------------------------+-----------+
| Index | Name                    |    Weight |
+-------+-------------------------+-----------+
|   0   | track_lin_vel_xy_exp    |       1.0 |
|   1   | track_ang_vel_z_exp     |       2.0 |
|   2   | lin_vel_z_l2            |       0.0 |
|   3   | ang_vel_xy_l2           |     -0.05 |
|   4   | dof_torques_l2          |  -1.5e-07 |
|   5   | dof_acc_l2              | -1.25e-07 |
|   6   | action_rate_l2          |    -0.005 |
|   7   | feet_air_time           |      0.25 |
|   8   | flat_orientation_l2     |      -1.0 |
|   9   | dof_pos_limits          |      -1.0 |
|   10  | termination_penalty     |    -200.0 |
|   11  | feet_slide              |      -0.1 |
|   12  | joint_deviation_hip     |      -0.1 |
|   13  | joint_deviation_arms    |      -0.1 |
|   14  | joint_deviation_fingers |     -0.05 |
|   15  | joint_deviation_torso   |      -0.1 |
+-------+-------------------------+-----------+

[INFO] Curriculum Manager:  <CurriculumManager> contains 0 active terms.
+----------------------+
| Active Curriculum Terms |
+-----------+----------+
|   Index   | Name     |
+-----------+----------+
+-----------+----------+

[INFO]: Completed setting up the environment...
[play] metalsim policy from /home/aditya_nianticspatial_com/metalsim_ckpts_rough/ours_it500.pt
[play] done: final root x [3.5770998 0.8587065 2.6196566 3.5337334] z [-0.4492386   0.0191828  -0.27015328  0.70983934]
Loading user config located at: '/home/aditya_nianticspatial_com/env_isaaclab/lib/python3.11/site-packages/isaacsim/kit/data/Kit/Isaac-Sim/5.1/user.config.json'
[Info] [carb] Logging to file: /home/aditya_nianticspatial_com/env_isaaclab/lib/python3.11/site-packages/isaacsim/kit/logs/Kit/Isaac-Sim/5.1/kit_20260925_131845.log
2026-09-25T13:18:45Z [154ms] [Warning] [omni.usd_config.extension] Enable omni.materialx.libs extension to use MaterialX
2026-09-25T13:18:45Z [615ms] [Warning] [omni.platforminfo.plugin] failed to open the default display.  Can't verify X Server version.
2026-09-25T13:18:45Z [898ms] [Warning] [carb] Acquiring non optional plugin interface which is not listed as dependency: [omni::physx::IPhysxBenchmarks v1.0] (plugin: <default plugin>), by client: omni.physics.physx.plugin. Add it to CARB_PLUGIN_IMPL_DEPS() macro of a client.
2026-09-25T13:18:45Z [912ms] [Warning] [omni.isaac.dynamic_control] omni.isaac.dynamic_control is deprecated as of Isaac Sim 4.5. No action is needed from end-users.

|---------------------------------------------------------------------------------------------|
| Driver Version: 580.178.04    | Graphics API: Vulkan
|=============================================================================================|
| GPU | Name                             | Active | LDA | GPU Memory | Vendor-ID | LUID       |
|     |                                  |        |     |            | Device-ID | UUID       |
|     |                                  |        |     |            | Bus-ID    |            |
|---------------------------------------------------------------------------------------------|
| 0   | NVIDIA L4                        | Yes: 0 |     | 23034   MB | 10de      | 0          |
|     |                                  |        |     |            | 27b8      | 3232ff83.. |
|     |                                  |        |     |            | 0         |            |
|=============================================================================================|
| OS: 24.04.5 LTS (Noble Numbat) ubuntu, Version: 24.04.5, Kernel: 7.0.0-1011-gcp
| Processor: Intel(R) Xeon(R) CPU @ 2.20GHz
| Cores: 8 | Logical Cores: 16
|---------------------------------------------------------------------------------------------|
| Total Memory (MB): 64293 | Free Memory: 61931
| Total Page/Swap (MB): 0 | Free Page/Swap: 0
|---------------------------------------------------------------------------------------------|
2026-09-25T13:18:51Z [6,426ms] [Warning] [gpu.foundation.plugin] ECC is enabled on physical device 0
+ tar czf /home/aditya_nianticspatial_com/parity_play_rough_metalsim.tgz -C /home/aditya_nianticspatial_com/parity_out play_rough
+ touch /home/aditya_nianticspatial_com/STAGE11_DONE
+ WHO=metalsim
+ LEVELS='3 6'
+ export PATH=/home/aditya_nianticspatial_com/.local/bin:/usr/local/sbin:/usr/local/bin:/usr/sbin:/usr/bin:/sbin:/bin:/usr/games:/usr/local/games:/snap/bin TERM=xterm OMNI_KIT_ACCEPT_EULA=YES
+ PATH=/home/aditya_nianticspatial_com/.local/bin:/usr/local/sbin:/usr/local/bin:/usr/sbin:/usr/bin:/sbin:/bin:/usr/games:/usr/local/games:/snap/bin
+ TERM=xterm
+ OMNI_KIT_ACCEPT_EULA=YES
+ source /home/aditya_nianticspatial_com/env_isaaclab/bin/activate
++ '[' -z '' ']'
++ '[' -n x ']'
++ SCRIPT_PATH=/home/aditya_nianticspatial_com/env_isaaclab/bin/activate
++ '[' /home/aditya_nianticspatial_com/env_isaaclab/bin/activate = /home/aditya_nianticspatial_com/stage11.sh ']'
++ deactivate nondestructive
++ unset -f pydoc
++ '[' -z '' ']'
++ '[' -z '' ']'
++ hash -r
++ '[' -z '' ']'
++ unset VIRTUAL_ENV
++ unset VIRTUAL_ENV_PROMPT
++ '[' '!' nondestructive = nondestructive ']'
++ VIRTUAL_ENV=/home/aditya_nianticspatial_com/env_isaaclab
++ '[' linux-gnu = cygwin ']'
++ '[' linux-gnu = msys ']'
++ export VIRTUAL_ENV
++ '[' -z '' ']'
++ unset SCRIPT_PATH
++ _OLD_VIRTUAL_PATH=/home/aditya_nianticspatial_com/.local/bin:/usr/local/sbin:/usr/local/bin:/usr/sbin:/usr/bin:/sbin:/bin:/usr/games:/usr/local/games:/snap/bin
++ PATH=/home/aditya_nianticspatial_com/env_isaaclab/bin:/home/aditya_nianticspatial_com/.local/bin:/usr/local/sbin:/usr/local/bin:/usr/sbin:/usr/bin:/sbin:/bin:/usr/games:/usr/local/games:/snap/bin
++ export PATH
++ '[' x '!=' x ']'
+++ basename /home/aditya_nianticspatial_com/env_isaaclab
++ VIRTUAL_ENV_PROMPT=env_isaaclab
++ export VIRTUAL_ENV_PROMPT
++ '[' -z '' ']'
++ '[' -z '' ']'
++ _OLD_VIRTUAL_PS1=
++ PS1='(env_isaaclab) '
++ export PS1
++ alias pydoc
++ true
++ hash -r
+ cd /home/aditya_nianticspatial_com/IsaacLab
+ rm -f /home/aditya_nianticspatial_com/STAGE11_DONE
++ tail -1
++ ls -d logs/rsl_rl/g1_rough/2026-09-25_09-54-11
+ run=logs/rsl_rl/g1_rough/2026-09-25_09-54-11
+ for lv in $LEVELS
+ '[' metalsim = isaac ']'
+ for f in $HOME/metalsim_ckpts_rough/*.pt
++ basename /home/aditya_nianticspatial_com/metalsim_ckpts_rough/ours_it1000.pt .pt
+ b=ours_it1000
+ python /home/aditya_nianticspatial_com/play_policy.py --headless --task Isaac-Velocity-Rough-G1-v0 --level 3 --seed 0 --no_camera --ckpt /home/aditya_nianticspatial_com/metalsim_ckpts_rough/ours_it1000.pt --out /home/aditya_nianticspatial_com/parity_out/play_rough/L3/metalsim_ours_it1000
cat: '/sys/devices/system/cpu/cpu*/cpufreq/scaling_governor': No such file or directory
[INFO][AppLauncher]: Using device: cuda:0
[INFO][AppLauncher]: Loading experience file: /home/aditya_nianticspatial_com/IsaacLab/apps/isaaclab.python.headless.kit
[INFO]: Parsing configuration from: isaaclab_tasks.manager_based.locomotion.velocity.config.g1.rough_env_cfg:G1RoughEnvCfg

[36m======================================================================================[0m
[36m[1m[INFO][IsaacLab]: Logging to file: /tmp/isaaclab/logs/isaaclab_2026-09-25_13-50-28.log[0m
[36m======================================================================================[0m

[33m13:50:28 [simulation_context.py] WARNING: The `enable_external_forces_every_iteration` parameter in the PhysxCfg is set to False. If you are experiencing noisy velocities, consider enabling this flag. You may need to slightly increase the number of velocity iterations (setting it to 1 or 2 rather than 0), together with this flag, to improve the accuracy of velocity updates.[0m
[INFO]: Base environment:
	Environment device    : cuda:0
	Environment seed      : 0
	Physics step-size     : 0.005
	Rendering step-size   : 0.02
	Environment step-size : 0.02
[INFO] Generating terrains based on curriculum took : 3.227846 seconds
[INFO]: Time taken for scene creation : 5.308614 seconds
[INFO]: Scene manager:  <class InteractiveScene>
	Number of environments: 4
	Environment spacing   : 20.0
	Source prim name      : /World/envs/env_0
	Global prim paths     : ['/World/ground']
	Replicate physics     : True
[INFO]: Starting the simulation. This may take a few seconds. Please wait...
[INFO]: Time taken for simulation start : 2.184634 seconds
[33m13:50:35 [velocity_command.py] WARNING: The velocity command has the 'ranges.heading' attribute set to '(-3.141592653589793, 3.141592653589793)' but the heading command is not active. Consider setting the flag for the heading command to True.[0m
[INFO] Command Manager:  <CommandManager> contains 1 active terms.
+------------------------------------------------+
|              Active Command Terms              |
+-------+---------------+------------------------+
| Index | Name          |          Type          |
+-------+---------------+------------------------+
|   0   | base_velocity | UniformVelocityCommand |
+-------+---------------+------------------------+

[INFO] Event Manager:  <EventManager> contains 2 active terms.
+--------------------------------------+
| Active Event Terms in Mode: 'startup' |
+----------+---------------------------+
|  Index   | Name                      |
+----------+---------------------------+
|    0     | physics_material          |
+----------+---------------------------+
+---------------------------------------+
|  Active Event Terms in Mode: 'reset'  |
+--------+------------------------------+
| Index  | Name                         |
+--------+------------------------------+
|   0    | base_external_force_torque   |
|   1    | reset_base                   |
|   2    | reset_robot_joints           |
+--------+------------------------------+

[INFO] Recorder Manager:  <RecorderManager> contains 0 active terms.
+---------------------+
| Active Recorder Terms |
+-----------+---------+
|   Index   | Name    |
+-----------+---------+
+-----------+---------+

[INFO] Action Manager:  <ActionManager> contains 1 active terms.
+------------------------------------+
|  Active Action Terms (shape: 37)   |
+--------+-------------+-------------+
| Index  | Name        |   Dimension |
+--------+-------------+-------------+
|   0    | joint_pos   |          37 |
+--------+-------------+-------------+

[INFO] Observation Manager: <ObservationManager> contains 1 groups.
+----------------------------------------------------------+
| Active Observation Terms in Group: 'policy' (shape: (310,)) |
+-----------+--------------------------------+-------------+
|   Index   | Name                           |    Shape    |
+-----------+--------------------------------+-------------+
|     0     | base_lin_vel                   |     (3,)    |
|     1     | base_ang_vel                   |     (3,)    |
|     2     | projected_gravity              |     (3,)    |
|     3     | velocity_commands              |     (3,)    |
|     4     | joint_pos                      |    (37,)    |
|     5     | joint_vel                      |    (37,)    |
|     6     | actions                        |    (37,)    |
|     7     | height_scan                    |    (187,)   |
+-----------+--------------------------------+-------------+

[INFO] Termination Manager:  <TerminationManager> contains 1 active terms.
+-----------------------------+
|   Active Termination Terms  |
+-------+----------+----------+
| Index | Name     | Time Out |
+-------+----------+----------+
|   0   | time_out |   True   |
+-------+----------+----------+

[INFO] Reward Manager:  <RewardManager> contains 16 active terms.
+---------------------------------------------+
|             Active Reward Terms             |
+-------+-------------------------+-----------+
| Index | Name                    |    Weight |
+-------+-------------------------+-----------+
|   0   | track_lin_vel_xy_exp    |       1.0 |
|   1   | track_ang_vel_z_exp     |       2.0 |
|   2   | lin_vel_z_l2            |       0.0 |
|   3   | ang_vel_xy_l2           |     -0.05 |
|   4   | dof_torques_l2          |  -1.5e-07 |
|   5   | dof_acc_l2              | -1.25e-07 |
|   6   | action_rate_l2          |    -0.005 |
|   7   | feet_air_time           |      0.25 |
|   8   | flat_orientation_l2     |      -1.0 |
|   9   | dof_pos_limits          |      -1.0 |
|   10  | termination_penalty     |    -200.0 |
|   11  | feet_slide              |      -0.1 |
|   12  | joint_deviation_hip     |      -0.1 |
|   13  | joint_deviation_arms    |      -0.1 |
|   14  | joint_deviation_fingers |     -0.05 |
|   15  | joint_deviation_torso   |      -0.1 |
+-------+-------------------------+-----------+

[INFO] Curriculum Manager:  <CurriculumManager> contains 0 active terms.
+----------------------+
| Active Curriculum Terms |
+-----------+----------+
|   Index   | Name     |
+-----------+----------+
+-----------+----------+

[INFO]: Completed setting up the environment...
[play] metalsim policy from /home/aditya_nianticspatial_com/metalsim_ckpts_rough/ours_it1000.pt
[play] done: final root x [0.8204317 0.6267605 2.105566  2.8629837] z [ 0.28562373  1.2746782  -0.07674348  0.7193271 ]
Loading user config located at: '/home/aditya_nianticspatial_com/env_isaaclab/lib/python3.11/site-packages/isaacsim/kit/data/Kit/Isaac-Sim/5.1/user.config.json'
[Info] [carb] Logging to file: /home/aditya_nianticspatial_com/env_isaaclab/lib/python3.11/site-packages/isaacsim/kit/logs/Kit/Isaac-Sim/5.1/kit_20260925_135009.log
2026-09-25T13:50:10Z [941ms] [Warning] [omni.usd_config.extension] Enable omni.materialx.libs extension to use MaterialX
2026-09-25T13:50:12Z [2,688ms] [Warning] [omni.platforminfo.plugin] failed to open the default display.  Can't verify X Server version.
2026-09-25T13:50:13Z [3,604ms] [Warning] [carb] Acquiring non optional plugin interface which is not listed as dependency: [omni::physx::IPhysxBenchmarks v1.0] (plugin: <default plugin>), by client: omni.physics.physx.plugin. Add it to CARB_PLUGIN_IMPL_DEPS() macro of a client.
2026-09-25T13:50:13Z [3,648ms] [Warning] [omni.isaac.dynamic_control] omni.isaac.dynamic_control is deprecated as of Isaac Sim 4.5. No action is needed from end-users.

|---------------------------------------------------------------------------------------------|
| Driver Version: 580.178.04    | Graphics API: Vulkan
|=============================================================================================|
| GPU | Name                             | Active | LDA | GPU Memory | Vendor-ID | LUID       |
|     |                                  |        |     |            | Device-ID | UUID       |
|     |                                  |        |     |            | Bus-ID    |            |
|---------------------------------------------------------------------------------------------|
| 0   | NVIDIA L4                        | Yes: 0 |     | 23034   MB | 10de      | 0          |
|     |                                  |        |     |            | 27b8      | e3b610be.. |
|     |                                  |        |     |            | 0         |            |
|=============================================================================================|
| OS: 24.04.5 LTS (Noble Numbat) ubuntu, Version: 24.04.5, Kernel: 7.0.0-1011-gcp
| Processor: Intel(R) Xeon(R) CPU @ 2.20GHz
| Cores: 8 | Logical Cores: 16
|---------------------------------------------------------------------------------------------|
| Total Memory (MB): 64293 | Free Memory: 61978
| Total Page/Swap (MB): 0 | Free Page/Swap: 0
|---------------------------------------------------------------------------------------------|
2026-09-25T13:50:26Z [16,938ms] [Warning] [gpu.foundation.plugin] ECC is enabled on physical device 0
+ for f in $HOME/metalsim_ckpts_rough/*.pt
++ basename /home/aditya_nianticspatial_com/metalsim_ckpts_rough/ours_it1500.pt .pt
+ b=ours_it1500
+ python /home/aditya_nianticspatial_com/play_policy.py --headless --task Isaac-Velocity-Rough-G1-v0 --level 3 --seed 0 --no_camera --ckpt /home/aditya_nianticspatial_com/metalsim_ckpts_rough/ours_it1500.pt --out /home/aditya_nianticspatial_com/parity_out/play_rough/L3/metalsim_ours_it1500
Loading user config located at: '/home/aditya_nianticspatial_com/env_isaaclab/lib/python3.11/site-packages/isaacsim/kit/data/Kit/Isaac-Sim/5.1/user.config.json'
[Info] [carb] Logging to file: /home/aditya_nianticspatial_com/env_isaaclab/lib/python3.11/site-packages/isaacsim/kit/logs/Kit/Isaac-Sim/5.1/kit_20260925_135054.log
2026-09-25T13:50:54Z [151ms] [Warning] [omni.usd_config.extension] Enable omni.materialx.libs extension to use MaterialX
2026-09-25T13:50:54Z [597ms] [Error] [omni.core.ITypeFactory] Circular dependency detected! Interface: omni::platforminfo::ICpuInfo requested. But plugin with an interface: /home/aditya_nianticspatial_com/env_isaaclab/lib/python3.11/site-packages/isaacsim/kit/kernel/plugins/libomni.platforminfo.plugin.so is already in resolving state.
2026-09-25T13:50:54Z [597ms] [Error] [carb] [Plugin: gpu.foundation.plugin] Dependency: [omni::platforminfo::ICpuInfo v1.0] failed to be resolved.
cat: '/sys/devices/system/cpu/cpu*/cpufreq/scaling_governor': No such file or directory
[INFO][AppLauncher]: Using device: cuda:0
[INFO][AppLauncher]: Loading experience file: /home/aditya_nianticspatial_com/IsaacLab/apps/isaaclab.python.headless.kit
[INFO]: Parsing configuration from: isaaclab_tasks.manager_based.locomotion.velocity.config.g1.rough_env_cfg:G1RoughEnvCfg

[36m======================================================================================[0m
[36m[1m[INFO][IsaacLab]: Logging to file: /tmp/isaaclab/logs/isaaclab_2026-09-25_13-51-01.log[0m
[36m======================================================================================[0m

[33m13:51:01 [simulation_context.py] WARNING: The `enable_external_forces_every_iteration` parameter in the PhysxCfg is set to False. If you are experiencing noisy velocities, consider enabling this flag. You may need to slightly increase the number of velocity iterations (setting it to 1 or 2 rather than 0), together with this flag, to improve the accuracy of velocity updates.[0m
[INFO]: Base environment:
	Environment device    : cuda:0
	Environment seed      : 0
	Physics step-size     : 0.005
	Rendering step-size   : 0.02
	Environment step-size : 0.02
[INFO] Generating terrains based on curriculum took : 3.119195 seconds
[INFO]: Time taken for scene creation : 4.749594 seconds
[INFO]: Scene manager:  <class InteractiveScene>
	Number of environments: 4
	Environment spacing   : 20.0
	Source prim name      : /World/envs/env_0
	Global prim paths     : ['/World/ground']
	Replicate physics     : True
[INFO]: Starting the simulation. This may take a few seconds. Please wait...
[INFO]: Time taken for simulation start : 1.578279 seconds
[33m13:51:07 [velocity_command.py] WARNING: The velocity command has the 'ranges.heading' attribute set to '(-3.141592653589793, 3.141592653589793)' but the heading command is not active. Consider setting the flag for the heading command to True.[0m
[INFO] Command Manager:  <CommandManager> contains 1 active terms.
+------------------------------------------------+
|              Active Command Terms              |
+-------+---------------+------------------------+
| Index | Name          |          Type          |
+-------+---------------+------------------------+
|   0   | base_velocity | UniformVelocityCommand |
+-------+---------------+------------------------+

[INFO] Event Manager:  <EventManager> contains 2 active terms.
+--------------------------------------+
| Active Event Terms in Mode: 'startup' |
+----------+---------------------------+
|  Index   | Name                      |
+----------+---------------------------+
|    0     | physics_material          |
+----------+---------------------------+
+---------------------------------------+
|  Active Event Terms in Mode: 'reset'  |
+--------+------------------------------+
| Index  | Name                         |
+--------+------------------------------+
|   0    | base_external_force_torque   |
|   1    | reset_base                   |
|   2    | reset_robot_joints           |
+--------+------------------------------+

[INFO] Recorder Manager:  <RecorderManager> contains 0 active terms.
+---------------------+
| Active Recorder Terms |
+-----------+---------+
|   Index   | Name    |
+-----------+---------+
+-----------+---------+

[INFO] Action Manager:  <ActionManager> contains 1 active terms.
+------------------------------------+
|  Active Action Terms (shape: 37)   |
+--------+-------------+-------------+
| Index  | Name        |   Dimension |
+--------+-------------+-------------+
|   0    | joint_pos   |          37 |
+--------+-------------+-------------+

[INFO] Observation Manager: <ObservationManager> contains 1 groups.
+----------------------------------------------------------+
| Active Observation Terms in Group: 'policy' (shape: (310,)) |
+-----------+--------------------------------+-------------+
|   Index   | Name                           |    Shape    |
+-----------+--------------------------------+-------------+
|     0     | base_lin_vel                   |     (3,)    |
|     1     | base_ang_vel                   |     (3,)    |
|     2     | projected_gravity              |     (3,)    |
|     3     | velocity_commands              |     (3,)    |
|     4     | joint_pos                      |    (37,)    |
|     5     | joint_vel                      |    (37,)    |
|     6     | actions                        |    (37,)    |
|     7     | height_scan                    |    (187,)   |
+-----------+--------------------------------+-------------+

[INFO] Termination Manager:  <TerminationManager> contains 1 active terms.
+-----------------------------+
|   Active Termination Terms  |
+-------+----------+----------+
| Index | Name     | Time Out |
+-------+----------+----------+
|   0   | time_out |   True   |
+-------+----------+----------+

[INFO] Reward Manager:  <RewardManager> contains 16 active terms.
+---------------------------------------------+
|             Active Reward Terms             |
+-------+-------------------------+-----------+
| Index | Name                    |    Weight |
+-------+-------------------------+-----------+
|   0   | track_lin_vel_xy_exp    |       1.0 |
|   1   | track_ang_vel_z_exp     |       2.0 |
|   2   | lin_vel_z_l2            |       0.0 |
|   3   | ang_vel_xy_l2           |     -0.05 |
|   4   | dof_torques_l2          |  -1.5e-07 |
|   5   | dof_acc_l2              | -1.25e-07 |
|   6   | action_rate_l2          |    -0.005 |
|   7   | feet_air_time           |      0.25 |
|   8   | flat_orientation_l2     |      -1.0 |
|   9   | dof_pos_limits          |      -1.0 |
|   10  | termination_penalty     |    -200.0 |
|   11  | feet_slide              |      -0.1 |
|   12  | joint_deviation_hip     |      -0.1 |
|   13  | joint_deviation_arms    |      -0.1 |
|   14  | joint_deviation_fingers |     -0.05 |
|   15  | joint_deviation_torso   |      -0.1 |
+-------+-------------------------+-----------+

[INFO] Curriculum Manager:  <CurriculumManager> contains 0 active terms.
+----------------------+
| Active Curriculum Terms |
+-----------+----------+
|   Index   | Name     |
+-----------+----------+
+-----------+----------+

[INFO]: Completed setting up the environment...
[play] metalsim policy from /home/aditya_nianticspatial_com/metalsim_ckpts_rough/ours_it1500.pt
[play] done: final root x [3.702753  5.2500777 2.2693462 3.4553938] z [ 0.00575823  1.3446753  -0.1235011   0.72972214]
2026-09-25T13:50:54Z [619ms] [Warning] [omni.platforminfo.plugin] failed to open the default display.  Can't verify X Server version.
2026-09-25T13:50:55Z [906ms] [Warning] [carb] Acquiring non optional plugin interface which is not listed as dependency: [omni::physx::IPhysxBenchmarks v1.0] (plugin: <default plugin>), by client: omni.physics.physx.plugin. Add it to CARB_PLUGIN_IMPL_DEPS() macro of a client.
2026-09-25T13:50:55Z [920ms] [Warning] [omni.isaac.dynamic_control] omni.isaac.dynamic_control is deprecated as of Isaac Sim 4.5. No action is needed from end-users.

|---------------------------------------------------------------------------------------------|
| Driver Version: 580.178.04    | Graphics API: Vulkan
|=============================================================================================|
| GPU | Name                             | Active | LDA | GPU Memory | Vendor-ID | LUID       |
|     |                                  |        |     |            | Device-ID | UUID       |
|     |                                  |        |     |            | Bus-ID    |            |
|---------------------------------------------------------------------------------------------|
| 0   | NVIDIA L4                        | Yes: 0 |     | 23034   MB | 10de      | 0          |
|     |                                  |        |     |            | 27b8      | e3b610be.. |
|     |                                  |        |     |            | 0         |            |
|=============================================================================================|
| OS: 24.04.5 LTS (Noble Numbat) ubuntu, Version: 24.04.5, Kernel: 7.0.0-1011-gcp
| Processor: Intel(R) Xeon(R) CPU @ 2.20GHz
| Cores: 8 | Logical Cores: 16
|---------------------------------------------------------------------------------------------|
| Total Memory (MB): 64293 | Free Memory: 61929
| Total Page/Swap (MB): 0 | Free Page/Swap: 0
|---------------------------------------------------------------------------------------------|
2026-09-25T13:51:00Z [6,687ms] [Warning] [gpu.foundation.plugin] ECC is enabled on physical device 0
+ for f in $HOME/metalsim_ckpts_rough/*.pt
++ basename /home/aditya_nianticspatial_com/metalsim_ckpts_rough/ours_it500.pt .pt
+ b=ours_it500
+ python /home/aditya_nianticspatial_com/play_policy.py --headless --task Isaac-Velocity-Rough-G1-v0 --level 3 --seed 0 --no_camera --ckpt /home/aditya_nianticspatial_com/metalsim_ckpts_rough/ours_it500.pt --out /home/aditya_nianticspatial_com/parity_out/play_rough/L3/metalsim_ours_it500
cat: '/sys/devices/system/cpu/cpu*/cpufreq/scaling_governor': No such file or directory
[INFO][AppLauncher]: Using device: cuda:0
[INFO][AppLauncher]: Loading experience file: /home/aditya_nianticspatial_com/IsaacLab/apps/isaaclab.python.headless.kit
[INFO]: Parsing configuration from: isaaclab_tasks.manager_based.locomotion.velocity.config.g1.rough_env_cfg:G1RoughEnvCfg

[36m======================================================================================[0m
[36m[1m[INFO][IsaacLab]: Logging to file: /tmp/isaaclab/logs/isaaclab_2026-09-25_13-51-32.log[0m
[36m======================================================================================[0m

[33m13:51:32 [simulation_context.py] WARNING: The `enable_external_forces_every_iteration` parameter in the PhysxCfg is set to False. If you are experiencing noisy velocities, consider enabling this flag. You may need to slightly increase the number of velocity iterations (setting it to 1 or 2 rather than 0), together with this flag, to improve the accuracy of velocity updates.[0m
[INFO]: Base environment:
	Environment device    : cuda:0
	Environment seed      : 0
	Physics step-size     : 0.005
	Rendering step-size   : 0.02
	Environment step-size : 0.02
[INFO] Generating terrains based on curriculum took : 3.008334 seconds
[INFO]: Time taken for scene creation : 4.620180 seconds
[INFO]: Scene manager:  <class InteractiveScene>
	Number of environments: 4
	Environment spacing   : 20.0
	Source prim name      : /World/envs/env_0
	Global prim paths     : ['/World/ground']
	Replicate physics     : True
[INFO]: Starting the simulation. This may take a few seconds. Please wait...
[INFO]: Time taken for simulation start : 1.545713 seconds
[33m13:51:38 [velocity_command.py] WARNING: The velocity command has the 'ranges.heading' attribute set to '(-3.141592653589793, 3.141592653589793)' but the heading command is not active. Consider setting the flag for the heading command to True.[0m
[INFO] Command Manager:  <CommandManager> contains 1 active terms.
+------------------------------------------------+
|              Active Command Terms              |
+-------+---------------+------------------------+
| Index | Name          |          Type          |
+-------+---------------+------------------------+
|   0   | base_velocity | UniformVelocityCommand |
+-------+---------------+------------------------+

[INFO] Event Manager:  <EventManager> contains 2 active terms.
+--------------------------------------+
| Active Event Terms in Mode: 'startup' |
+----------+---------------------------+
|  Index   | Name                      |
+----------+---------------------------+
|    0     | physics_material          |
+----------+---------------------------+
+---------------------------------------+
|  Active Event Terms in Mode: 'reset'  |
+--------+------------------------------+
| Index  | Name                         |
+--------+------------------------------+
|   0    | base_external_force_torque   |
|   1    | reset_base                   |
|   2    | reset_robot_joints           |
+--------+------------------------------+

[INFO] Recorder Manager:  <RecorderManager> contains 0 active terms.
+---------------------+
| Active Recorder Terms |
+-----------+---------+
|   Index   | Name    |
+-----------+---------+
+-----------+---------+

[INFO] Action Manager:  <ActionManager> contains 1 active terms.
+------------------------------------+
|  Active Action Terms (shape: 37)   |
+--------+-------------+-------------+
| Index  | Name        |   Dimension |
+--------+-------------+-------------+
|   0    | joint_pos   |          37 |
+--------+-------------+-------------+

[INFO] Observation Manager: <ObservationManager> contains 1 groups.
+----------------------------------------------------------+
| Active Observation Terms in Group: 'policy' (shape: (310,)) |
+-----------+--------------------------------+-------------+
|   Index   | Name                           |    Shape    |
+-----------+--------------------------------+-------------+
|     0     | base_lin_vel                   |     (3,)    |
|     1     | base_ang_vel                   |     (3,)    |
|     2     | projected_gravity              |     (3,)    |
|     3     | velocity_commands              |     (3,)    |
|     4     | joint_pos                      |    (37,)    |
|     5     | joint_vel                      |    (37,)    |
|     6     | actions                        |    (37,)    |
|     7     | height_scan                    |    (187,)   |
+-----------+--------------------------------+-------------+

[INFO] Termination Manager:  <TerminationManager> contains 1 active terms.
+-----------------------------+
|   Active Termination Terms  |
+-------+----------+----------+
| Index | Name     | Time Out |
+-------+----------+----------+
|   0   | time_out |   True   |
+-------+----------+----------+

[INFO] Reward Manager:  <RewardManager> contains 16 active terms.
+---------------------------------------------+
|             Active Reward Terms             |
+-------+-------------------------+-----------+
| Index | Name                    |    Weight |
+-------+-------------------------+-----------+
|   0   | track_lin_vel_xy_exp    |       1.0 |
|   1   | track_ang_vel_z_exp     |       2.0 |
|   2   | lin_vel_z_l2            |       0.0 |
|   3   | ang_vel_xy_l2           |     -0.05 |
|   4   | dof_torques_l2          |  -1.5e-07 |
|   5   | dof_acc_l2              | -1.25e-07 |
|   6   | action_rate_l2          |    -0.005 |
|   7   | feet_air_time           |      0.25 |
|   8   | flat_orientation_l2     |      -1.0 |
|   9   | dof_pos_limits          |      -1.0 |
|   10  | termination_penalty     |    -200.0 |
|   11  | feet_slide              |      -0.1 |
|   12  | joint_deviation_hip     |      -0.1 |
|   13  | joint_deviation_arms    |      -0.1 |
|   14  | joint_deviation_fingers |     -0.05 |
|   15  | joint_deviation_torso   |      -0.1 |
+-------+-------------------------+-----------+

[INFO] Curriculum Manager:  <CurriculumManager> contains 0 active terms.
+----------------------+
| Active Curriculum Terms |
+-----------+----------+
|   Index   | Name     |
+-----------+----------+
+-----------+----------+

[INFO]: Completed setting up the environment...
[play] metalsim policy from /home/aditya_nianticspatial_com/metalsim_ckpts_rough/ours_it500.pt
[play] done: final root x [3.290985   5.7088194  1.2594061  0.83487034] z [-0.00288689  0.43539453 -0.1694892  -0.04310304]
Loading user config located at: '/home/aditya_nianticspatial_com/env_isaaclab/lib/python3.11/site-packages/isaacsim/kit/data/Kit/Isaac-Sim/5.1/user.config.json'
[Info] [carb] Logging to file: /home/aditya_nianticspatial_com/env_isaaclab/lib/python3.11/site-packages/isaacsim/kit/logs/Kit/Isaac-Sim/5.1/kit_20260925_135125.log
2026-09-25T13:51:25Z [149ms] [Warning] [omni.usd_config.extension] Enable omni.materialx.libs extension to use MaterialX
2026-09-25T13:51:26Z [618ms] [Warning] [omni.platforminfo.plugin] failed to open the default display.  Can't verify X Server version.
2026-09-25T13:51:26Z [915ms] [Warning] [carb] Acquiring non optional plugin interface which is not listed as dependency: [omni::physx::IPhysxBenchmarks v1.0] (plugin: <default plugin>), by client: omni.physics.physx.plugin. Add it to CARB_PLUGIN_IMPL_DEPS() macro of a client.
2026-09-25T13:51:26Z [931ms] [Warning] [omni.isaac.dynamic_control] omni.isaac.dynamic_control is deprecated as of Isaac Sim 4.5. No action is needed from end-users.

|---------------------------------------------------------------------------------------------|
| Driver Version: 580.178.04    | Graphics API: Vulkan
|=============================================================================================|
| GPU | Name                             | Active | LDA | GPU Memory | Vendor-ID | LUID       |
|     |                                  |        |     |            | Device-ID | UUID       |
|     |                                  |        |     |            | Bus-ID    |            |
|---------------------------------------------------------------------------------------------|
| 0   | NVIDIA L4                        | Yes: 0 |     | 23034   MB | 10de      | 0          |
|     |                                  |        |     |            | 27b8      | e3b610be.. |
|     |                                  |        |     |            | 0         |            |
|=============================================================================================|
| OS: 24.04.5 LTS (Noble Numbat) ubuntu, Version: 24.04.5, Kernel: 7.0.0-1011-gcp
| Processor: Intel(R) Xeon(R) CPU @ 2.20GHz
| Cores: 8 | Logical Cores: 16
|---------------------------------------------------------------------------------------------|
| Total Memory (MB): 64293 | Free Memory: 61960
| Total Page/Swap (MB): 0 | Free Page/Swap: 0
|---------------------------------------------------------------------------------------------|
2026-09-25T13:51:31Z [6,454ms] [Warning] [gpu.foundation.plugin] ECC is enabled on physical device 0
+ for lv in $LEVELS
+ '[' metalsim = isaac ']'
+ for f in $HOME/metalsim_ckpts_rough/*.pt
++ basename /home/aditya_nianticspatial_com/metalsim_ckpts_rough/ours_it1000.pt .pt
+ b=ours_it1000
+ python /home/aditya_nianticspatial_com/play_policy.py --headless --task Isaac-Velocity-Rough-G1-v0 --level 6 --seed 0 --no_camera --ckpt /home/aditya_nianticspatial_com/metalsim_ckpts_rough/ours_it1000.pt --out /home/aditya_nianticspatial_com/parity_out/play_rough/L6/metalsim_ours_it1000
cat: '/sys/devices/system/cpu/cpu*/cpufreq/scaling_governor': No such file or directory
[INFO][AppLauncher]: Using device: cuda:0
[INFO][AppLauncher]: Loading experience file: /home/aditya_nianticspatial_com/IsaacLab/apps/isaaclab.python.headless.kit
[INFO]: Parsing configuration from: isaaclab_tasks.manager_based.locomotion.velocity.config.g1.rough_env_cfg:G1RoughEnvCfg

[36m======================================================================================[0m
[36m[1m[INFO][IsaacLab]: Logging to file: /tmp/isaaclab/logs/isaaclab_2026-09-25_13-52-03.log[0m
[36m======================================================================================[0m

[33m13:52:03 [simulation_context.py] WARNING: The `enable_external_forces_every_iteration` parameter in the PhysxCfg is set to False. If you are experiencing noisy velocities, consider enabling this flag. You may need to slightly increase the number of velocity iterations (setting it to 1 or 2 rather than 0), together with this flag, to improve the accuracy of velocity updates.[0m
[INFO]: Base environment:
	Environment device    : cuda:0
	Environment seed      : 0
	Physics step-size     : 0.005
	Rendering step-size   : 0.02
	Environment step-size : 0.02
[INFO] Generating terrains based on curriculum took : 2.987492 seconds
[INFO]: Time taken for scene creation : 4.616925 seconds
[INFO]: Scene manager:  <class InteractiveScene>
	Number of environments: 4
	Environment spacing   : 20.0
	Source prim name      : /World/envs/env_0
	Global prim paths     : ['/World/ground']
	Replicate physics     : True
[INFO]: Starting the simulation. This may take a few seconds. Please wait...
[INFO]: Time taken for simulation start : 1.537640 seconds
[33m13:52:09 [velocity_command.py] WARNING: The velocity command has the 'ranges.heading' attribute set to '(-3.141592653589793, 3.141592653589793)' but the heading command is not active. Consider setting the flag for the heading command to True.[0m
[INFO] Command Manager:  <CommandManager> contains 1 active terms.
+------------------------------------------------+
|              Active Command Terms              |
+-------+---------------+------------------------+
| Index | Name          |          Type          |
+-------+---------------+------------------------+
|   0   | base_velocity | UniformVelocityCommand |
+-------+---------------+------------------------+

[INFO] Event Manager:  <EventManager> contains 2 active terms.
+--------------------------------------+
| Active Event Terms in Mode: 'startup' |
+----------+---------------------------+
|  Index   | Name                      |
+----------+---------------------------+
|    0     | physics_material          |
+----------+---------------------------+
+---------------------------------------+
|  Active Event Terms in Mode: 'reset'  |
+--------+------------------------------+
| Index  | Name                         |
+--------+------------------------------+
|   0    | base_external_force_torque   |
|   1    | reset_base                   |
|   2    | reset_robot_joints           |
+--------+------------------------------+

[INFO] Recorder Manager:  <RecorderManager> contains 0 active terms.
+---------------------+
| Active Recorder Terms |
+-----------+---------+
|   Index   | Name    |
+-----------+---------+
+-----------+---------+

[INFO] Action Manager:  <ActionManager> contains 1 active terms.
+------------------------------------+
|  Active Action Terms (shape: 37)   |
+--------+-------------+-------------+
| Index  | Name        |   Dimension |
+--------+-------------+-------------+
|   0    | joint_pos   |          37 |
+--------+-------------+-------------+

[INFO] Observation Manager: <ObservationManager> contains 1 groups.
+----------------------------------------------------------+
| Active Observation Terms in Group: 'policy' (shape: (310,)) |
+-----------+--------------------------------+-------------+
|   Index   | Name                           |    Shape    |
+-----------+--------------------------------+-------------+
|     0     | base_lin_vel                   |     (3,)    |
|     1     | base_ang_vel                   |     (3,)    |
|     2     | projected_gravity              |     (3,)    |
|     3     | velocity_commands              |     (3,)    |
|     4     | joint_pos                      |    (37,)    |
|     5     | joint_vel                      |    (37,)    |
|     6     | actions                        |    (37,)    |
|     7     | height_scan                    |    (187,)   |
+-----------+--------------------------------+-------------+

[INFO] Termination Manager:  <TerminationManager> contains 1 active terms.
+-----------------------------+
|   Active Termination Terms  |
+-------+----------+----------+
| Index | Name     | Time Out |
+-------+----------+----------+
|   0   | time_out |   True   |
+-------+----------+----------+

[INFO] Reward Manager:  <RewardManager> contains 16 active terms.
+---------------------------------------------+
|             Active Reward Terms             |
+-------+-------------------------+-----------+
| Index | Name                    |    Weight |
+-------+-------------------------+-----------+
|   0   | track_lin_vel_xy_exp    |       1.0 |
|   1   | track_ang_vel_z_exp     |       2.0 |
|   2   | lin_vel_z_l2            |       0.0 |
|   3   | ang_vel_xy_l2           |     -0.05 |
|   4   | dof_torques_l2          |  -1.5e-07 |
|   5   | dof_acc_l2              | -1.25e-07 |
|   6   | action_rate_l2          |    -0.005 |
|   7   | feet_air_time           |      0.25 |
|   8   | flat_orientation_l2     |      -1.0 |
|   9   | dof_pos_limits          |      -1.0 |
|   10  | termination_penalty     |    -200.0 |
|   11  | feet_slide              |      -0.1 |
|   12  | joint_deviation_hip     |      -0.1 |
|   13  | joint_deviation_arms    |      -0.1 |
|   14  | joint_deviation_fingers |     -0.05 |
|   15  | joint_deviation_torso   |      -0.1 |
+-------+-------------------------+-----------+

[INFO] Curriculum Manager:  <CurriculumManager> contains 0 active terms.
+----------------------+
| Active Curriculum Terms |
+-----------+----------+
|   Index   | Name     |
+-----------+----------+
+-----------+----------+

[INFO]: Completed setting up the environment...
[play] metalsim policy from /home/aditya_nianticspatial_com/metalsim_ckpts_rough/ours_it1000.pt
[play] done: final root x [ 1.1197767  -0.21479988  2.2852058   2.8641567 ] z [ 0.4135667   0.11250985 -0.07688974  0.71439236]
Loading user config located at: '/home/aditya_nianticspatial_com/env_isaaclab/lib/python3.11/site-packages/isaacsim/kit/data/Kit/Isaac-Sim/5.1/user.config.json'
[Info] [carb] Logging to file: /home/aditya_nianticspatial_com/env_isaaclab/lib/python3.11/site-packages/isaacsim/kit/logs/Kit/Isaac-Sim/5.1/kit_20260925_135156.log
2026-09-25T13:51:56Z [148ms] [Warning] [omni.usd_config.extension] Enable omni.materialx.libs extension to use MaterialX
2026-09-25T13:51:56Z [600ms] [Warning] [omni.platforminfo.plugin] failed to open the default display.  Can't verify X Server version.
2026-09-25T13:51:56Z [881ms] [Warning] [carb] Acquiring non optional plugin interface which is not listed as dependency: [omni::physx::IPhysxBenchmarks v1.0] (plugin: <default plugin>), by client: omni.physics.physx.plugin. Add it to CARB_PLUGIN_IMPL_DEPS() macro of a client.
2026-09-25T13:51:56Z [895ms] [Warning] [omni.isaac.dynamic_control] omni.isaac.dynamic_control is deprecated as of Isaac Sim 4.5. No action is needed from end-users.

|---------------------------------------------------------------------------------------------|
| Driver Version: 580.178.04    | Graphics API: Vulkan
|=============================================================================================|
| GPU | Name                             | Active | LDA | GPU Memory | Vendor-ID | LUID       |
|     |                                  |        |     |            | Device-ID | UUID       |
|     |                                  |        |     |            | Bus-ID    |            |
|---------------------------------------------------------------------------------------------|
| 0   | NVIDIA L4                        | Yes: 0 |     | 23034   MB | 10de      | 0          |
|     |                                  |        |     |            | 27b8      | e3b610be.. |
|     |                                  |        |     |            | 0         |            |
|=============================================================================================|
| OS: 24.04.5 LTS (Noble Numbat) ubuntu, Version: 24.04.5, Kernel: 7.0.0-1011-gcp
| Processor: Intel(R) Xeon(R) CPU @ 2.20GHz
| Cores: 8 | Logical Cores: 16
|---------------------------------------------------------------------------------------------|
| Total Memory (MB): 64293 | Free Memory: 61942
| Total Page/Swap (MB): 0 | Free Page/Swap: 0
|---------------------------------------------------------------------------------------------|
2026-09-25T13:52:02Z [6,341ms] [Warning] [gpu.foundation.plugin] ECC is enabled on physical device 0
+ for f in $HOME/metalsim_ckpts_rough/*.pt
++ basename /home/aditya_nianticspatial_com/metalsim_ckpts_rough/ours_it1500.pt .pt
+ b=ours_it1500
+ python /home/aditya_nianticspatial_com/play_policy.py --headless --task Isaac-Velocity-Rough-G1-v0 --level 6 --seed 0 --no_camera --ckpt /home/aditya_nianticspatial_com/metalsim_ckpts_rough/ours_it1500.pt --out /home/aditya_nianticspatial_com/parity_out/play_rough/L6/metalsim_ours_it1500
cat: '/sys/devices/system/cpu/cpu*/cpufreq/scaling_governor': No such file or directory
[INFO][AppLauncher]: Using device: cuda:0
[INFO][AppLauncher]: Loading experience file: /home/aditya_nianticspatial_com/IsaacLab/apps/isaaclab.python.headless.kit
[INFO]: Parsing configuration from: isaaclab_tasks.manager_based.locomotion.velocity.config.g1.rough_env_cfg:G1RoughEnvCfg

[36m======================================================================================[0m
[36m[1m[INFO][IsaacLab]: Logging to file: /tmp/isaaclab/logs/isaaclab_2026-09-25_13-52-33.log[0m
[36m======================================================================================[0m

[33m13:52:33 [simulation_context.py] WARNING: The `enable_external_forces_every_iteration` parameter in the PhysxCfg is set to False. If you are experiencing noisy velocities, consider enabling this flag. You may need to slightly increase the number of velocity iterations (setting it to 1 or 2 rather than 0), together with this flag, to improve the accuracy of velocity updates.[0m
[INFO]: Base environment:
	Environment device    : cuda:0
	Environment seed      : 0
	Physics step-size     : 0.005
	Rendering step-size   : 0.02
	Environment step-size : 0.02
[INFO] Generating terrains based on curriculum took : 3.065523 seconds
[INFO]: Time taken for scene creation : 4.778831 seconds
[INFO]: Scene manager:  <class InteractiveScene>
	Number of environments: 4
	Environment spacing   : 20.0
	Source prim name      : /World/envs/env_0
	Global prim paths     : ['/World/ground']
	Replicate physics     : True
[INFO]: Starting the simulation. This may take a few seconds. Please wait...
[INFO]: Time taken for simulation start : 1.522849 seconds
[33m13:52:39 [velocity_command.py] WARNING: The velocity command has the 'ranges.heading' attribute set to '(-3.141592653589793, 3.141592653589793)' but the heading command is not active. Consider setting the flag for the heading command to True.[0m
[INFO] Command Manager:  <CommandManager> contains 1 active terms.
+------------------------------------------------+
|              Active Command Terms              |
+-------+---------------+------------------------+
| Index | Name          |          Type          |
+-------+---------------+------------------------+
|   0   | base_velocity | UniformVelocityCommand |
+-------+---------------+------------------------+

[INFO] Event Manager:  <EventManager> contains 2 active terms.
+--------------------------------------+
| Active Event Terms in Mode: 'startup' |
+----------+---------------------------+
|  Index   | Name                      |
+----------+---------------------------+
|    0     | physics_material          |
+----------+---------------------------+
+---------------------------------------+
|  Active Event Terms in Mode: 'reset'  |
+--------+------------------------------+
| Index  | Name                         |
+--------+------------------------------+
|   0    | base_external_force_torque   |
|   1    | reset_base                   |
|   2    | reset_robot_joints           |
+--------+------------------------------+

[INFO] Recorder Manager:  <RecorderManager> contains 0 active terms.
+---------------------+
| Active Recorder Terms |
+-----------+---------+
|   Index   | Name    |
+-----------+---------+
+-----------+---------+

[INFO] Action Manager:  <ActionManager> contains 1 active terms.
+------------------------------------+
|  Active Action Terms (shape: 37)   |
+--------+-------------+-------------+
| Index  | Name        |   Dimension |
+--------+-------------+-------------+
|   0    | joint_pos   |          37 |
+--------+-------------+-------------+

[INFO] Observation Manager: <ObservationManager> contains 1 groups.
+----------------------------------------------------------+
| Active Observation Terms in Group: 'policy' (shape: (310,)) |
+-----------+--------------------------------+-------------+
|   Index   | Name                           |    Shape    |
+-----------+--------------------------------+-------------+
|     0     | base_lin_vel                   |     (3,)    |
|     1     | base_ang_vel                   |     (3,)    |
|     2     | projected_gravity              |     (3,)    |
|     3     | velocity_commands              |     (3,)    |
|     4     | joint_pos                      |    (37,)    |
|     5     | joint_vel                      |    (37,)    |
|     6     | actions                        |    (37,)    |
|     7     | height_scan                    |    (187,)   |
+-----------+--------------------------------+-------------+

[INFO] Termination Manager:  <TerminationManager> contains 1 active terms.
+-----------------------------+
|   Active Termination Terms  |
+-------+----------+----------+
| Index | Name     | Time Out |
+-------+----------+----------+
|   0   | time_out |   True   |
+-------+----------+----------+

[INFO] Reward Manager:  <RewardManager> contains 16 active terms.
+---------------------------------------------+
|             Active Reward Terms             |
+-------+-------------------------+-----------+
| Index | Name                    |    Weight |
+-------+-------------------------+-----------+
|   0   | track_lin_vel_xy_exp    |       1.0 |
|   1   | track_ang_vel_z_exp     |       2.0 |
|   2   | lin_vel_z_l2            |       0.0 |
|   3   | ang_vel_xy_l2           |     -0.05 |
|   4   | dof_torques_l2          |  -1.5e-07 |
|   5   | dof_acc_l2              | -1.25e-07 |
|   6   | action_rate_l2          |    -0.005 |
|   7   | feet_air_time           |      0.25 |
|   8   | flat_orientation_l2     |      -1.0 |
|   9   | dof_pos_limits          |      -1.0 |
|   10  | termination_penalty     |    -200.0 |
|   11  | feet_slide              |      -0.1 |
|   12  | joint_deviation_hip     |      -0.1 |
|   13  | joint_deviation_arms    |      -0.1 |
|   14  | joint_deviation_fingers |     -0.05 |
|   15  | joint_deviation_torso   |      -0.1 |
+-------+-------------------------+-----------+

[INFO] Curriculum Manager:  <CurriculumManager> contains 0 active terms.
+----------------------+
| Active Curriculum Terms |
+-----------+----------+
|   Index   | Name     |
+-----------+----------+
+-----------+----------+

[INFO]: Completed setting up the environment...
[play] metalsim policy from /home/aditya_nianticspatial_com/metalsim_ckpts_rough/ours_it1500.pt
[play] done: final root x [2.3259916 0.9280586 3.6407242 3.3664923] z [-0.04215205  0.06194437  0.01239511  0.71191764]
Loading user config located at: '/home/aditya_nianticspatial_com/env_isaaclab/lib/python3.11/site-packages/isaacsim/kit/data/Kit/Isaac-Sim/5.1/user.config.json'
[Info] [carb] Logging to file: /home/aditya_nianticspatial_com/env_isaaclab/lib/python3.11/site-packages/isaacsim/kit/logs/Kit/Isaac-Sim/5.1/kit_20260925_135226.log
2026-09-25T13:52:26Z [154ms] [Warning] [omni.usd_config.extension] Enable omni.materialx.libs extension to use MaterialX
2026-09-25T13:52:27Z [602ms] [Warning] [omni.platforminfo.plugin] failed to open the default display.  Can't verify X Server version.
2026-09-25T13:52:27Z [887ms] [Warning] [carb] Acquiring non optional plugin interface which is not listed as dependency: [omni::physx::IPhysxBenchmarks v1.0] (plugin: <default plugin>), by client: omni.physics.physx.plugin. Add it to CARB_PLUGIN_IMPL_DEPS() macro of a client.
2026-09-25T13:52:27Z [901ms] [Warning] [omni.isaac.dynamic_control] omni.isaac.dynamic_control is deprecated as of Isaac Sim 4.5. No action is needed from end-users.

|---------------------------------------------------------------------------------------------|
| Driver Version: 580.178.04    | Graphics API: Vulkan
|=============================================================================================|
| GPU | Name                             | Active | LDA | GPU Memory | Vendor-ID | LUID       |
|     |                                  |        |     |            | Device-ID | UUID       |
|     |                                  |        |     |            | Bus-ID    |            |
|---------------------------------------------------------------------------------------------|
| 0   | NVIDIA L4                        | Yes: 0 |     | 23034   MB | 10de      | 0          |
|     |                                  |        |     |            | 27b8      | e3b610be.. |
|     |                                  |        |     |            | 0         |            |
|=============================================================================================|
| OS: 24.04.5 LTS (Noble Numbat) ubuntu, Version: 24.04.5, Kernel: 7.0.0-1011-gcp
| Processor: Intel(R) Xeon(R) CPU @ 2.20GHz
| Cores: 8 | Logical Cores: 16
|---------------------------------------------------------------------------------------------|
| Total Memory (MB): 64293 | Free Memory: 61955
| Total Page/Swap (MB): 0 | Free Page/Swap: 0
|---------------------------------------------------------------------------------------------|
2026-09-25T13:52:32Z [6,387ms] [Warning] [gpu.foundation.plugin] ECC is enabled on physical device 0
+ for f in $HOME/metalsim_ckpts_rough/*.pt
++ basename /home/aditya_nianticspatial_com/metalsim_ckpts_rough/ours_it500.pt .pt
+ b=ours_it500
+ python /home/aditya_nianticspatial_com/play_policy.py --headless --task Isaac-Velocity-Rough-G1-v0 --level 6 --seed 0 --no_camera --ckpt /home/aditya_nianticspatial_com/metalsim_ckpts_rough/ours_it500.pt --out /home/aditya_nianticspatial_com/parity_out/play_rough/L6/metalsim_ours_it500
cat: '/sys/devices/system/cpu/cpu*/cpufreq/scaling_governor': No such file or directory
[INFO][AppLauncher]: Using device: cuda:0
[INFO][AppLauncher]: Loading experience file: /home/aditya_nianticspatial_com/IsaacLab/apps/isaaclab.python.headless.kit
[INFO]: Parsing configuration from: isaaclab_tasks.manager_based.locomotion.velocity.config.g1.rough_env_cfg:G1RoughEnvCfg

[36m======================================================================================[0m
[36m[1m[INFO][IsaacLab]: Logging to file: /tmp/isaaclab/logs/isaaclab_2026-09-25_13-53-03.log[0m
[36m======================================================================================[0m

[33m13:53:03 [simulation_context.py] WARNING: The `enable_external_forces_every_iteration` parameter in the PhysxCfg is set to False. If you are experiencing noisy velocities, consider enabling this flag. You may need to slightly increase the number of velocity iterations (setting it to 1 or 2 rather than 0), together with this flag, to improve the accuracy of velocity updates.[0m
[INFO]: Base environment:
	Environment device    : cuda:0
	Environment seed      : 0
	Physics step-size     : 0.005
	Rendering step-size   : 0.02
	Environment step-size : 0.02
[INFO] Generating terrains based on curriculum took : 2.994640 seconds
[INFO]: Time taken for scene creation : 4.610333 seconds
[INFO]: Scene manager:  <class InteractiveScene>
	Number of environments: 4
	Environment spacing   : 20.0
	Source prim name      : /World/envs/env_0
	Global prim paths     : ['/World/ground']
	Replicate physics     : True
[INFO]: Starting the simulation. This may take a few seconds. Please wait...
[INFO]: Time taken for simulation start : 1.537104 seconds
[33m13:53:09 [velocity_command.py] WARNING: The velocity command has the 'ranges.heading' attribute set to '(-3.141592653589793, 3.141592653589793)' but the heading command is not active. Consider setting the flag for the heading command to True.[0m
[INFO] Command Manager:  <CommandManager> contains 1 active terms.
+------------------------------------------------+
|              Active Command Terms              |
+-------+---------------+------------------------+
| Index | Name          |          Type          |
+-------+---------------+------------------------+
|   0   | base_velocity | UniformVelocityCommand |
+-------+---------------+------------------------+

[INFO] Event Manager:  <EventManager> contains 2 active terms.
+--------------------------------------+
| Active Event Terms in Mode: 'startup' |
+----------+---------------------------+
|  Index   | Name                      |
+----------+---------------------------+
|    0     | physics_material          |
+----------+---------------------------+
+---------------------------------------+
|  Active Event Terms in Mode: 'reset'  |
+--------+------------------------------+
| Index  | Name                         |
+--------+------------------------------+
|   0    | base_external_force_torque   |
|   1    | reset_base                   |
|   2    | reset_robot_joints           |
+--------+------------------------------+

[INFO] Recorder Manager:  <RecorderManager> contains 0 active terms.
+---------------------+
| Active Recorder Terms |
+-----------+---------+
|   Index   | Name    |
+-----------+---------+
+-----------+---------+

[INFO] Action Manager:  <ActionManager> contains 1 active terms.
+------------------------------------+
|  Active Action Terms (shape: 37)   |
+--------+-------------+-------------+
| Index  | Name        |   Dimension |
+--------+-------------+-------------+
|   0    | joint_pos   |          37 |
+--------+-------------+-------------+

[INFO] Observation Manager: <ObservationManager> contains 1 groups.
+----------------------------------------------------------+
| Active Observation Terms in Group: 'policy' (shape: (310,)) |
+-----------+--------------------------------+-------------+
|   Index   | Name                           |    Shape    |
+-----------+--------------------------------+-------------+
|     0     | base_lin_vel                   |     (3,)    |
|     1     | base_ang_vel                   |     (3,)    |
|     2     | projected_gravity              |     (3,)    |
|     3     | velocity_commands              |     (3,)    |
|     4     | joint_pos                      |    (37,)    |
|     5     | joint_vel                      |    (37,)    |
|     6     | actions                        |    (37,)    |
|     7     | height_scan                    |    (187,)   |
+-----------+--------------------------------+-------------+

[INFO] Termination Manager:  <TerminationManager> contains 1 active terms.
+-----------------------------+
|   Active Termination Terms  |
+-------+----------+----------+
| Index | Name     | Time Out |
+-------+----------+----------+
|   0   | time_out |   True   |
+-------+----------+----------+

[INFO] Reward Manager:  <RewardManager> contains 16 active terms.
+---------------------------------------------+
|             Active Reward Terms             |
+-------+-------------------------+-----------+
| Index | Name                    |    Weight |
+-------+-------------------------+-----------+
|   0   | track_lin_vel_xy_exp    |       1.0 |
|   1   | track_ang_vel_z_exp     |       2.0 |
|   2   | lin_vel_z_l2            |       0.0 |
|   3   | ang_vel_xy_l2           |     -0.05 |
|   4   | dof_torques_l2          |  -1.5e-07 |
|   5   | dof_acc_l2              | -1.25e-07 |
|   6   | action_rate_l2          |    -0.005 |
|   7   | feet_air_time           |      0.25 |
|   8   | flat_orientation_l2     |      -1.0 |
|   9   | dof_pos_limits          |      -1.0 |
|   10  | termination_penalty     |    -200.0 |
|   11  | feet_slide              |      -0.1 |
|   12  | joint_deviation_hip     |      -0.1 |
|   13  | joint_deviation_arms    |      -0.1 |
|   14  | joint_deviation_fingers |     -0.05 |
|   15  | joint_deviation_torso   |      -0.1 |
+-------+-------------------------+-----------+

[INFO] Curriculum Manager:  <CurriculumManager> contains 0 active terms.
+----------------------+
| Active Curriculum Terms |
+-----------+----------+
|   Index   | Name     |
+-----------+----------+
+-----------+----------+

[INFO]: Completed setting up the environment...
[play] metalsim policy from /home/aditya_nianticspatial_com/metalsim_ckpts_rough/ours_it500.pt
[play] done: final root x [3.3004408  0.40320683 3.3013897  3.394287  ] z [-1.0005374   0.02081835 -0.13626945  0.6820965 ]
Loading user config located at: '/home/aditya_nianticspatial_com/env_isaaclab/lib/python3.11/site-packages/isaacsim/kit/data/Kit/Isaac-Sim/5.1/user.config.json'
[Info] [carb] Logging to file: /home/aditya_nianticspatial_com/env_isaaclab/lib/python3.11/site-packages/isaacsim/kit/logs/Kit/Isaac-Sim/5.1/kit_20260925_135256.log
2026-09-25T13:52:56Z [149ms] [Warning] [omni.usd_config.extension] Enable omni.materialx.libs extension to use MaterialX
2026-09-25T13:52:57Z [609ms] [Warning] [omni.platforminfo.plugin] failed to open the default display.  Can't verify X Server version.
2026-09-25T13:52:57Z [892ms] [Warning] [carb] Acquiring non optional plugin interface which is not listed as dependency: [omni::physx::IPhysxBenchmarks v1.0] (plugin: <default plugin>), by client: omni.physics.physx.plugin. Add it to CARB_PLUGIN_IMPL_DEPS() macro of a client.
2026-09-25T13:52:57Z [906ms] [Warning] [omni.isaac.dynamic_control] omni.isaac.dynamic_control is deprecated as of Isaac Sim 4.5. No action is needed from end-users.

|---------------------------------------------------------------------------------------------|
| Driver Version: 580.178.04    | Graphics API: Vulkan
|=============================================================================================|
| GPU | Name                             | Active | LDA | GPU Memory | Vendor-ID | LUID       |
|     |                                  |        |     |            | Device-ID | UUID       |
|     |                                  |        |     |            | Bus-ID    |            |
|---------------------------------------------------------------------------------------------|
| 0   | NVIDIA L4                        | Yes: 0 |     | 23034   MB | 10de      | 0          |
|     |                                  |        |     |            | 27b8      | e3b610be.. |
|     |                                  |        |     |            | 0         |            |
|=============================================================================================|
| OS: 24.04.5 LTS (Noble Numbat) ubuntu, Version: 24.04.5, Kernel: 7.0.0-1011-gcp
| Processor: Intel(R) Xeon(R) CPU @ 2.20GHz
| Cores: 8 | Logical Cores: 16
|---------------------------------------------------------------------------------------------|
| Total Memory (MB): 64293 | Free Memory: 61936
| Total Page/Swap (MB): 0 | Free Page/Swap: 0
|---------------------------------------------------------------------------------------------|
2026-09-25T13:53:03Z [6,405ms] [Warning] [gpu.foundation.plugin] ECC is enabled on physical device 0
+ tar czf /home/aditya_nianticspatial_com/parity_play_rough_metalsim.tgz -C /home/aditya_nianticspatial_com/parity_out play_rough
+ touch /home/aditya_nianticspatial_com/STAGE11_DONE
