G1 flat PPO: N=4096 obs_dim 123 act_dim 37 rollout 24 x 1000 iterations, engine newton XPBD 4 it {'limit_margin': 0.15}, physics dt 0.000625 (decimation 32), seed 0
it    1 steps     98304 sps   29,353 | ep_ret   -6.21 ep_len   23.7 (n=36) | pg 0.010 vf 0.423 kl 0.0434 lr 1.7e-05
[anomaly] it 1: contact force 29254 N > 50x robot weight
it    2 steps    196608 sps   40,032 | ep_ret   -6.62 ep_len   36.0 (n=3566) | pg -0.001 vf 3.489 kl 0.0070 lr 3.0e-04
[anomaly] it 2: contact force 37307 N > 50x robot weight
it    3 steps    294912 sps   45,646 | ep_ret   -6.69 ep_len   37.8 (n=2180) | pg 0.001 vf 2.216 kl 0.0113 lr 3.0e-04
[anomaly] it 3: contact force 35872 N > 50x robot weight
it    4 steps    393216 sps   49,037 | ep_ret   -6.77 ep_len   39.7 (n=2438) | pg -0.004 vf 1.653 kl 0.0104 lr 6.7e-04
[anomaly] it 4: contact force 33955 N > 50x robot weight
it    5 steps    491520 sps   51,408 | ep_ret   -6.64 ep_len   37.9 (n=2772) | pg 0.003 vf 1.575 kl 0.0160 lr 8.8e-05
[anomaly] it 5: contact force 36128 N > 50x robot weight
it    6 steps    589824 sps   52,805 | ep_ret   -6.63 ep_len   38.4 (n=2484) | pg 0.012 vf 1.247 kl 0.0185 lr 1.0e-05
[anomaly] it 6: contact force 36545 N > 50x robot weight
it    7 steps    688128 sps   54,043 | ep_ret   -6.63 ep_len   38.6 (n=2522) | pg 0.014 vf 1.120 kl 0.0183 lr 1.0e-05
[anomaly] it 7: contact force 51432 N > 50x robot weight
it    8 steps    786432 sps   55,031 | ep_ret   -6.63 ep_len   38.8 (n=2609) | pg -0.003 vf 1.051 kl 0.0067 lr 5.8e-04
[anomaly] it 8: contact force 38250 N > 50x robot weight
it    9 steps    884736 sps   55,787 | ep_ret   -6.60 ep_len   38.7 (n=2478) | pg 0.018 vf 0.971 kl 0.0253 lr 1.0e-05
[anomaly] it 9: contact force 35276 N > 50x robot weight
it   10 steps    983040 sps   56,397 | ep_ret   -6.58 ep_len   38.9 (n=2531) | pg -0.003 vf 0.780 kl 0.0051 lr 3.8e-04
[anomaly] it 10: contact force 30616 N > 50x robot weight
it   11 steps   1081344 sps   56,962 | ep_ret   -6.57 ep_len   39.2 (n=2525) | pg -0.001 vf 0.577 kl 0.0114 lr 5.8e-04
[anomaly] it 11: contact force 33476 N > 50x robot weight
it   12 steps   1179648 sps   57,433 | ep_ret   -6.54 ep_len   39.1 (n=2483) | pg -0.007 vf 0.376 kl 0.0133 lr 3.8e-04
[anomaly] it 12: contact force 36484 N > 50x robot weight
it   13 steps   1277952 sps   57,803 | ep_ret   -6.51 ep_len   39.4 (n=2467) | pg -0.003 vf 0.243 kl 0.0116 lr 5.8e-04
[anomaly] it 13: contact force 33022 N > 50x robot weight
it   14 steps   1376256 sps   58,130 | ep_ret   -6.45 ep_len   39.7 (n=2500) | pg -0.001 vf 0.166 kl 0.0126 lr 2.6e-04
[anomaly] it 14: contact force 26362 N > 50x robot weight
it   15 steps   1474560 sps   58,385 | ep_ret   -6.38 ep_len   39.6 (n=2445) | pg -0.006 vf 0.120 kl 0.0104 lr 5.8e-04
[anomaly] it 15: contact force 33469 N > 50x robot weight
it   16 steps   1572864 sps   58,662 | ep_ret   -6.37 ep_len   40.4 (n=2415) | pg -0.008 vf 0.073 kl 0.0124 lr 5.8e-04
[anomaly] it 16: contact force 37307 N > 50x robot weight
it   17 steps   1671168 sps   58,830 | ep_ret   -6.28 ep_len   40.3 (n=2438) | pg -0.012 vf 0.045 kl 0.0153 lr 5.8e-04
[anomaly] it 17: contact force 29985 N > 50x robot weight
it   18 steps   1769472 sps   58,984 | ep_ret   -6.23 ep_len   40.7 (n=2365) | pg -0.013 vf 0.027 kl 0.0151 lr 5.8e-04
[anomaly] it 18: contact force 40933 N > 50x robot weight
it   19 steps   1867776 sps   59,198 | ep_ret   -6.17 ep_len   41.3 (n=2391) | pg -0.016 vf 0.018 kl 0.0153 lr 5.8e-04
[anomaly] it 19: contact force 41317 N > 50x robot weight
it   20 steps   1966080 sps   59,362 | ep_ret   -6.11 ep_len   41.8 (n=2304) | pg -0.015 vf 0.014 kl 0.0165 lr 8.6e-04
[anomaly] it 20: contact force 42797 N > 50x robot weight
it   21 steps   2064384 sps   59,534 | ep_ret   -6.04 ep_len   42.2 (n=2304) | pg -0.016 vf 0.011 kl 0.0165 lr 3.8e-04
[anomaly] it 21: contact force 23599 N > 50x robot weight
it   22 steps   2162688 sps   59,690 | ep_ret   -5.97 ep_len   42.4 (n=2359) | pg -0.015 vf 0.010 kl 0.0139 lr 8.6e-04
[anomaly] it 22: explained variance -0.00 < 0 after warm-up: value function not predicting returns
[anomaly] it 22: contact force 24962 N > 50x robot weight
it   23 steps   2260992 sps   59,784 | ep_ret   -5.90 ep_len   42.5 (n=2279) | pg -0.016 vf 0.009 kl 0.0174 lr 5.8e-04
[anomaly] it 23: explained variance -0.00 < 0 after warm-up: value function not predicting returns
[anomaly] it 23: contact force 34572 N > 50x robot weight
it   24 steps   2359296 sps   59,873 | ep_ret   -5.85 ep_len   43.0 (n=2250) | pg -0.017 vf 0.009 kl 0.0172 lr 3.8e-04
[anomaly] it 24: explained variance -0.00 < 0 after warm-up: value function not predicting returns
[anomaly] it 24: contact force 26839 N > 50x robot weight
it   25 steps   2457600 sps   59,958 | ep_ret   -5.79 ep_len   43.5 (n=2199) | pg -0.016 vf 0.009 kl 0.0136 lr 8.6e-04
[anomaly] it 25: explained variance -0.00 < 0 after warm-up: value function not predicting returns
[anomaly] it 25: contact force 37524 N > 50x robot weight
it   26 steps   2555904 sps   60,056 | ep_ret   -5.76 ep_len   44.4 (n=2292) | pg -0.015 vf 0.009 kl 0.0177 lr 5.8e-04
[anomaly] it 26: contact force 28481 N > 50x robot weight
it   27 steps   2654208 sps   60,147 | ep_ret   -5.69 ep_len   43.8 (n=2146) | pg -0.014 vf 0.010 kl 0.0169 lr 8.6e-04
[anomaly] it 27: contact force 28877 N > 50x robot weight
it   28 steps   2752512 sps   60,232 | ep_ret   -5.66 ep_len   44.5 (n=2208) | pg -0.015 vf 0.010 kl 0.0179 lr 8.6e-04
[anomaly] it 28: contact force 26265 N > 50x robot weight
it   29 steps   2850816 sps   60,308 | ep_ret   -5.63 ep_len   45.5 (n=2097) | pg -0.014 vf 0.012 kl 0.0169 lr 8.6e-04
[anomaly] it 29: contact force 33325 N > 50x robot weight
it   30 steps   2949120 sps   60,385 | ep_ret   -5.60 ep_len   46.1 (n=2123) | pg -0.012 vf 0.012 kl 0.0174 lr 1.3e-03
[anomaly] it 30: contact force 32005 N > 50x robot weight
it   31 steps   3047424 sps   60,454 | ep_ret   -5.57 ep_len   46.3 (n=2139) | pg -0.013 vf 0.012 kl 0.0188 lr 8.6e-04
[anomaly] it 31: contact force 19831 N > 50x robot weight
it   32 steps   3145728 sps   60,520 | ep_ret   -5.54 ep_len   46.6 (n=2068) | pg -0.012 vf 0.014 kl 0.0169 lr 8.6e-04
[anomaly] it 32: contact force 34381 N > 50x robot weight
it   33 steps   3244032 sps   60,580 | ep_ret   -5.53 ep_len   47.2 (n=2073) | pg -0.013 vf 0.015 kl 0.0163 lr 8.6e-04
[anomaly] it 33: contact force 23803 N > 50x robot weight
it   34 steps   3342336 sps   60,639 | ep_ret   -5.51 ep_len   47.7 (n=2028) | pg -0.013 vf 0.015 kl 0.0172 lr 8.6e-04
[anomaly] it 34: contact force 19116 N > 50x robot weight
it   35 steps   3440640 sps   60,691 | ep_ret   -5.49 ep_len   48.0 (n=2059) | pg -0.013 vf 0.015 kl 0.0164 lr 8.6e-04
[anomaly] it 35: contact force 20273 N > 50x robot weight
it   36 steps   3538944 sps   60,736 | ep_ret   -5.47 ep_len   48.2 (n=2028) | pg -0.012 vf 0.015 kl 0.0173 lr 1.3e-03
[anomaly] it 36: contact force 21631 N > 50x robot weight
it   37 steps   3637248 sps   60,783 | ep_ret   -5.46 ep_len   48.6 (n=1979) | pg -0.014 vf 0.014 kl 0.0186 lr 8.6e-04
[anomaly] it 37: contact force 18201 N > 50x robot weight
it   38 steps   3735552 sps   60,824 | ep_ret   -5.45 ep_len   49.2 (n=1980) | pg -0.013 vf 0.015 kl 0.0181 lr 1.3e-03
[anomaly] it 38: contact force 21507 N > 50x robot weight
it   39 steps   3833856 sps   60,869 | ep_ret   -5.44 ep_len   49.7 (n=1980) | pg -0.013 vf 0.014 kl 0.0163 lr 8.6e-04
[anomaly] it 39: contact force 20187 N > 50x robot weight
it   40 steps   3932160 sps   60,910 | ep_ret   -5.41 ep_len   49.8 (n=1946) | pg -0.013 vf 0.013 kl 0.0148 lr 8.6e-04
[anomaly] it 40: contact force 23900 N > 50x robot weight
it   41 steps   4030464 sps   60,946 | ep_ret   -5.40 ep_len   50.5 (n=1952) | pg -0.014 vf 0.012 kl 0.0154 lr 8.6e-04
[anomaly] it 41: terminal-step reward dominates the episode: survival is being punished
[anomaly] it 41: contact force 24146 N > 50x robot weight
it   42 steps   4128768 sps   60,979 | ep_ret   -5.38 ep_len   50.5 (n=1877) | pg -0.013 vf 0.012 kl 0.0180 lr 8.6e-04
[anomaly] it 42: terminal-step reward dominates the episode: survival is being punished
[anomaly] it 42: contact force 25683 N > 50x robot weight
it   43 steps   4227072 sps   61,017 | ep_ret   -5.36 ep_len   51.2 (n=1945) | pg -0.013 vf 0.011 kl 0.0173 lr 5.8e-04
[anomaly] it 43: terminal-step reward dominates the episode: survival is being punished
[anomaly] it 43: contact force 18790 N > 50x robot weight
it   44 steps   4325376 sps   61,051 | ep_ret   -5.33 ep_len   51.3 (n=1852) | pg -0.014 vf 0.011 kl 0.0169 lr 8.6e-04
[anomaly] it 44: terminal-step reward dominates the episode: survival is being punished
[anomaly] it 44: contact force 20974 N > 50x robot weight
it   45 steps   4423680 sps   61,081 | ep_ret   -5.31 ep_len   52.2 (n=1911) | pg -0.015 vf 0.010 kl 0.0165 lr 8.6e-04
[anomaly] it 45: terminal-step reward dominates the episode: survival is being punished
[anomaly] it 45: contact force 16949 N > 50x robot weight
it   46 steps   4521984 sps   61,112 | ep_ret   -5.29 ep_len   52.6 (n=1796) | pg -0.014 vf 0.010 kl 0.0150 lr 8.6e-04
[anomaly] it 46: terminal-step reward dominates the episode: survival is being punished
[anomaly] it 46: contact force 26087 N > 50x robot weight
it   47 steps   4620288 sps   61,143 | ep_ret   -5.28 ep_len   53.1 (n=1898) | pg -0.014 vf 0.010 kl 0.0161 lr 8.6e-04
[anomaly] it 47: terminal-step reward dominates the episode: survival is being punished
[anomaly] it 47: contact force 28439 N > 50x robot weight
it   48 steps   4718592 sps   61,169 | ep_ret   -5.26 ep_len   53.7 (n=1791) | pg -0.014 vf 0.010 kl 0.0176 lr 8.6e-04
[anomaly] it 48: terminal-step reward dominates the episode: survival is being punished
[anomaly] it 48: contact force 18598 N > 50x robot weight
it   49 steps   4816896 sps   61,194 | ep_ret   -5.24 ep_len   54.0 (n=1790) | pg -0.013 vf 0.009 kl 0.0164 lr 8.6e-04
[anomaly] it 49: terminal-step reward dominates the episode: survival is being punished
[anomaly] it 49: contact force 28217 N > 50x robot weight
it   50 steps   4915200 sps   61,219 | ep_ret   -5.22 ep_len   54.9 (n=1762) | pg -0.015 vf 0.009 kl 0.0174 lr 8.6e-04
[anomaly] it 50: terminal-step reward dominates the episode: survival is being punished
[anomaly] it 50: contact force 22157 N > 50x robot weight
it   51 steps   5013504 sps   61,250 | ep_ret   -5.20 ep_len   54.7 (n=1793) | pg -0.014 vf 0.010 kl 0.0171 lr 5.8e-04
[anomaly] it 51: terminal-step reward dominates the episode: survival is being punished
[anomaly] it 51: contact force 19319 N > 50x robot weight
it   52 steps   5111808 sps   61,277 | ep_ret   -5.19 ep_len   55.6 (n=1732) | pg -0.014 vf 0.009 kl 0.0142 lr 5.8e-04
[anomaly] it 52: terminal-step reward dominates the episode: survival is being punished
[anomaly] it 52: contact force 20202 N > 50x robot weight
it   53 steps   5210112 sps   61,294 | ep_ret   -5.17 ep_len   55.9 (n=1748) | pg -0.014 vf 0.010 kl 0.0166 lr 5.8e-04
[anomaly] it 53: terminal-step reward dominates the episode: survival is being punished
[anomaly] it 53: contact force 23863 N > 50x robot weight
it   54 steps   5308416 sps   61,316 | ep_ret   -5.17 ep_len   56.7 (n=1748) | pg -0.013 vf 0.009 kl 0.0160 lr 8.6e-04
[anomaly] it 54: terminal-step reward dominates the episode: survival is being punished
[anomaly] it 54: contact force 27507 N > 50x robot weight
it   55 steps   5406720 sps   61,335 | ep_ret   -5.15 ep_len   56.8 (n=1682) | pg -0.014 vf 0.010 kl 0.0170 lr 5.8e-04
[anomaly] it 55: terminal-step reward dominates the episode: survival is being punished
[anomaly] it 55: contact force 24258 N > 50x robot weight
it   56 steps   5505024 sps   61,353 | ep_ret   -5.15 ep_len   57.7 (n=1700) | pg -0.013 vf 0.009 kl 0.0156 lr 8.6e-04
[anomaly] it 56: terminal-step reward dominates the episode: survival is being punished
[anomaly] it 56: contact force 26195 N > 50x robot weight
it   57 steps   5603328 sps   61,370 | ep_ret   -5.13 ep_len   57.9 (n=1677) | pg -0.014 vf 0.009 kl 0.0178 lr 8.6e-04
[anomaly] it 57: terminal-step reward dominates the episode: survival is being punished
[anomaly] it 57: contact force 27698 N > 50x robot weight
it   58 steps   5701632 sps   61,390 | ep_ret   -5.12 ep_len   58.0 (n=1674) | pg -0.014 vf 0.009 kl 0.0168 lr 8.6e-04
[anomaly] it 58: terminal-step reward dominates the episode: survival is being punished
[anomaly] it 58: contact force 21623 N > 50x robot weight
it   59 steps   5799936 sps   61,399 | ep_ret   -5.11 ep_len   58.7 (n=1687) | pg -0.013 vf 0.009 kl 0.0155 lr 8.6e-04
[anomaly] it 59: terminal-step reward dominates the episode: survival is being punished
[anomaly] it 59: contact force 33529 N > 50x robot weight
it   60 steps   5898240 sps   61,421 | ep_ret   -5.09 ep_len   59.0 (n=1631) | pg -0.013 vf 0.010 kl 0.0154 lr 8.6e-04
[anomaly] it 60: terminal-step reward dominates the episode: survival is being punished
[anomaly] it 60: contact force 31981 N > 50x robot weight
it   61 steps   5996544 sps   61,442 | ep_ret   -5.08 ep_len   59.2 (n=1633) | pg -0.014 vf 0.010 kl 0.0179 lr 8.6e-04
[anomaly] it 61: terminal-step reward dominates the episode: survival is being punished
[anomaly] it 61: contact force 26522 N > 50x robot weight
it   62 steps   6094848 sps   61,453 | ep_ret   -5.08 ep_len   60.3 (n=1648) | pg -0.013 vf 0.010 kl 0.0161 lr 8.6e-04
[anomaly] it 62: terminal-step reward dominates the episode: survival is being punished
[anomaly] it 62: contact force 28953 N > 50x robot weight
it   63 steps   6193152 sps   61,471 | ep_ret   -5.06 ep_len   60.5 (n=1539) | pg -0.013 vf 0.010 kl 0.0163 lr 8.6e-04
[anomaly] it 63: terminal-step reward dominates the episode: survival is being punished
[anomaly] it 63: contact force 21441 N > 50x robot weight
it   64 steps   6291456 sps   61,482 | ep_ret   -5.06 ep_len   60.8 (n=1628) | pg -0.013 vf 0.010 kl 0.0170 lr 5.8e-04
[anomaly] it 64: terminal-step reward dominates the episode: survival is being punished
[anomaly] it 64: contact force 28327 N > 50x robot weight
it   65 steps   6389760 sps   61,495 | ep_ret   -5.06 ep_len   61.5 (n=1619) | pg -0.012 vf 0.010 kl 0.0151 lr 5.8e-04
[anomaly] it 65: terminal-step reward dominates the episode: survival is being punished
[anomaly] it 65: contact force 21994 N > 50x robot weight
it   66 steps   6488064 sps   61,477 | ep_ret   -5.05 ep_len   61.8 (n=1552) | pg -0.013 vf 0.010 kl 0.0172 lr 8.6e-04
[anomaly] it 66: terminal-step reward dominates the episode: survival is being punished
[anomaly] it 66: contact force 32381 N > 50x robot weight
it   67 steps   6586368 sps   61,480 | ep_ret   -5.05 ep_len   62.2 (n=1539) | pg -0.013 vf 0.011 kl 0.0164 lr 5.8e-04
[anomaly] it 67: terminal-step reward dominates the episode: survival is being punished
[anomaly] it 67: contact force 22677 N > 50x robot weight
it   68 steps   6684672 sps   61,491 | ep_ret   -5.05 ep_len   63.1 (n=1539) | pg -0.013 vf 0.011 kl 0.0161 lr 8.6e-04
[anomaly] it 68: terminal-step reward dominates the episode: survival is being punished
[anomaly] it 68: contact force 23511 N > 50x robot weight
it   69 steps   6782976 sps   61,481 | ep_ret   -5.05 ep_len   63.6 (n=1520) | pg -0.013 vf 0.011 kl 0.0160 lr 5.8e-04
[anomaly] it 69: terminal-step reward dominates the episode: survival is being punished
[anomaly] it 69: contact force 40751 N > 50x robot weight
it   70 steps   6881280 sps   61,489 | ep_ret   -5.06 ep_len   64.3 (n=1539) | pg -0.012 vf 0.011 kl 0.0157 lr 5.8e-04
[anomaly] it 70: terminal-step reward dominates the episode: survival is being punished
[anomaly] it 70: contact force 24349 N > 50x robot weight
it   71 steps   6979584 sps   61,498 | ep_ret   -5.03 ep_len   63.9 (n=1553) | pg -0.012 vf 0.011 kl 0.0167 lr 8.6e-04
[anomaly] it 71: terminal-step reward dominates the episode: survival is being punished
[anomaly] it 71: contact force 25733 N > 50x robot weight
it   72 steps   7077888 sps   61,509 | ep_ret   -5.03 ep_len   64.2 (n=1474) | pg -0.013 vf 0.011 kl 0.0175 lr 8.6e-04
[anomaly] it 72: terminal-step reward dominates the episode: survival is being punished
[anomaly] it 72: contact force 29296 N > 50x robot weight
it   73 steps   7176192 sps   61,521 | ep_ret   -5.04 ep_len   65.3 (n=1487) | pg -0.012 vf 0.011 kl 0.0167 lr 8.6e-04
[anomaly] it 73: terminal-step reward dominates the episode: survival is being punished
[anomaly] it 73: contact force 31761 N > 50x robot weight
it   74 steps   7274496 sps   61,530 | ep_ret   -5.04 ep_len   66.0 (n=1486) | pg -0.013 vf 0.011 kl 0.0173 lr 8.6e-04
[anomaly] it 74: terminal-step reward dominates the episode: survival is being punished
[anomaly] it 74: contact force 17593 N > 50x robot weight
it   75 steps   7372800 sps   61,539 | ep_ret   -5.04 ep_len   66.4 (n=1453) | pg -0.013 vf 0.011 kl 0.0166 lr 8.6e-04
[anomaly] it 75: terminal-step reward dominates the episode: survival is being punished
[anomaly] it 75: contact force 25084 N > 50x robot weight
it   76 steps   7471104 sps   61,548 | ep_ret   -5.04 ep_len   67.1 (n=1483) | pg -0.012 vf 0.011 kl 0.0179 lr 8.6e-04
[anomaly] it 76: terminal-step reward dominates the episode: survival is being punished
[anomaly] it 76: contact force 24789 N > 50x robot weight
it   77 steps   7569408 sps   61,557 | ep_ret   -5.04 ep_len   67.3 (n=1432) | pg -0.013 vf 0.012 kl 0.0147 lr 5.8e-04
[anomaly] it 77: terminal-step reward dominates the episode: survival is being punished
[anomaly] it 77: contact force 18916 N > 50x robot weight
it   78 steps   7667712 sps   61,566 | ep_ret   -5.03 ep_len   67.2 (n=1453) | pg -0.013 vf 0.012 kl 0.0165 lr 8.6e-04
[anomaly] it 78: terminal-step reward dominates the episode: survival is being punished
[anomaly] it 78: contact force 32767 N > 50x robot weight
it   79 steps   7766016 sps   61,573 | ep_ret   -5.02 ep_len   67.4 (n=1470) | pg -0.012 vf 0.012 kl 0.0170 lr 5.8e-04
[anomaly] it 79: terminal-step reward dominates the episode: survival is being punished
[anomaly] it 79: contact force 26875 N > 50x robot weight
it   80 steps   7864320 sps   61,581 | ep_ret   -5.02 ep_len   68.4 (n=1374) | pg -0.013 vf 0.012 kl 0.0139 lr 5.8e-04
[anomaly] it 80: terminal-step reward dominates the episode: survival is being punished
[anomaly] it 80: contact force 29925 N > 50x robot weight
it   81 steps   7962624 sps   61,586 | ep_ret   -5.03 ep_len   68.8 (n=1418) | pg -0.013 vf 0.012 kl 0.0176 lr 8.6e-04
[anomaly] it 81: terminal-step reward dominates the episode: survival is being punished
[anomaly] it 81: contact force 32225 N > 50x robot weight
it   82 steps   8060928 sps   61,562 | ep_ret   -5.02 ep_len   69.6 (n=1394) | pg -0.012 vf 0.012 kl 0.0162 lr 5.8e-04
[anomaly] it 82: terminal-step reward dominates the episode: survival is being punished
[anomaly] it 82: contact force 22585 N > 50x robot weight
it   83 steps   8159232 sps   61,556 | ep_ret   -5.02 ep_len   70.4 (n=1418) | pg -0.012 vf 0.013 kl 0.0185 lr 8.6e-04
[anomaly] it 83: terminal-step reward dominates the episode: survival is being punished
[anomaly] it 83: contact force 29227 N > 50x robot weight
it   84 steps   8257536 sps   61,556 | ep_ret   -5.02 ep_len   70.2 (n=1383) | pg -0.013 vf 0.013 kl 0.0174 lr 8.6e-04
[anomaly] it 84: terminal-step reward dominates the episode: survival is being punished
[anomaly] it 84: contact force 20052 N > 50x robot weight
it   85 steps   8355840 sps   61,552 | ep_ret   -5.03 ep_len   70.9 (n=1343) | pg -0.013 vf 0.013 kl 0.0169 lr 5.8e-04
[anomaly] it 85: terminal-step reward dominates the episode: survival is being punished
[anomaly] it 85: contact force 30018 N > 50x robot weight
it   86 steps   8454144 sps   61,538 | ep_ret   -5.03 ep_len   71.3 (n=1391) | pg -0.013 vf 0.013 kl 0.0176 lr 8.6e-04
[anomaly] it 86: terminal-step reward dominates the episode: survival is being punished
[anomaly] it 86: contact force 26310 N > 50x robot weight
it   87 steps   8552448 sps   61,534 | ep_ret   -5.02 ep_len   71.9 (n=1358) | pg -0.012 vf 0.013 kl 0.0172 lr 8.6e-04
[anomaly] it 87: terminal-step reward dominates the episode: survival is being punished
[anomaly] it 87: contact force 21520 N > 50x robot weight
it   88 steps   8650752 sps   61,534 | ep_ret   -5.02 ep_len   72.6 (n=1279) | pg -0.013 vf 0.013 kl 0.0158 lr 5.8e-04
[anomaly] it 88: terminal-step reward dominates the episode: survival is being punished
[anomaly] it 88: contact force 23165 N > 50x robot weight
it   89 steps   8749056 sps   61,537 | ep_ret   -5.02 ep_len   72.6 (n=1353) | pg -0.013 vf 0.013 kl 0.0157 lr 5.8e-04
[anomaly] it 89: terminal-step reward dominates the episode: survival is being punished
[anomaly] it 89: contact force 35241 N > 50x robot weight
it   90 steps   8847360 sps   61,539 | ep_ret   -5.03 ep_len   73.9 (n=1384) | pg -0.013 vf 0.014 kl 0.0174 lr 5.8e-04
[anomaly] it 90: terminal-step reward dominates the episode: survival is being punished
[anomaly] it 90: contact force 25324 N > 50x robot weight
it   91 steps   8945664 sps   61,542 | ep_ret   -5.03 ep_len   74.1 (n=1261) | pg -0.012 vf 0.014 kl 0.0170 lr 8.6e-04
[anomaly] it 91: terminal-step reward dominates the episode: survival is being punished
[anomaly] it 91: contact force 23616 N > 50x robot weight
it   92 steps   9043968 sps   61,548 | ep_ret   -5.01 ep_len   74.0 (n=1325) | pg -0.012 vf 0.014 kl 0.0174 lr 5.8e-04
[anomaly] it 92: terminal-step reward dominates the episode: survival is being punished
[anomaly] it 92: contact force 20383 N > 50x robot weight
it   93 steps   9142272 sps   61,556 | ep_ret   -5.01 ep_len   74.9 (n=1283) | pg -0.012 vf 0.014 kl 0.0160 lr 5.8e-04
[anomaly] it 93: terminal-step reward dominates the episode: survival is being punished
[anomaly] it 93: contact force 26285 N > 50x robot weight
it   94 steps   9240576 sps   61,560 | ep_ret   -5.03 ep_len   75.9 (n=1303) | pg -0.013 vf 0.014 kl 0.0152 lr 5.8e-04
[anomaly] it 94: terminal-step reward dominates the episode: survival is being punished
[anomaly] it 94: contact force 36309 N > 50x robot weight
it   95 steps   9338880 sps   61,547 | ep_ret   -5.04 ep_len   76.3 (n=1274) | pg -0.013 vf 0.014 kl 0.0176 lr 5.8e-04
[anomaly] it 95: terminal-step reward dominates the episode: survival is being punished
[anomaly] it 95: contact force 31101 N > 50x robot weight
it   96 steps   9437184 sps   61,529 | ep_ret   -5.04 ep_len   76.7 (n=1232) | pg -0.011 vf 0.015 kl 0.0162 lr 5.8e-04
[anomaly] it 96: terminal-step reward dominates the episode: survival is being punished
[anomaly] it 96: contact force 27061 N > 50x robot weight
it   97 steps   9535488 sps   61,484 | ep_ret   -5.05 ep_len   77.4 (n=1256) | pg -0.012 vf 0.015 kl 0.0152 lr 5.8e-04
[anomaly] it 97: terminal-step reward dominates the episode: survival is being punished
[anomaly] it 97: contact force 25049 N > 50x robot weight
it   98 steps   9633792 sps   61,442 | ep_ret   -5.03 ep_len   77.6 (n=1229) | pg -0.012 vf 0.015 kl 0.0169 lr 5.8e-04
[anomaly] it 98: terminal-step reward dominates the episode: survival is being punished
[anomaly] it 98: contact force 21014 N > 50x robot weight
it   99 steps   9732096 sps   61,444 | ep_ret   -5.04 ep_len   79.6 (n=1260) | pg -0.013 vf 0.015 kl 0.0163 lr 3.8e-04
[anomaly] it 99: terminal-step reward dominates the episode: survival is being punished
[anomaly] it 99: contact force 22435 N > 50x robot weight
it  100 steps   9830400 sps   61,445 | ep_ret   -5.03 ep_len   78.8 (n=1174) | pg -0.013 vf 0.016 kl 0.0168 lr 5.8e-04
[anomaly] it 100: terminal-step reward dominates the episode: survival is being punished
[anomaly] it 100: contact force 22632 N > 50x robot weight
it  101 steps   9928704 sps   61,436 | ep_ret   -5.02 ep_len   79.8 (n=1254) | pg -0.012 vf 0.016 kl 0.0184 lr 5.8e-04
[anomaly] it 101: terminal-step reward dominates the episode: survival is being punished
[anomaly] it 101: contact force 28452 N > 50x robot weight
it  102 steps  10027008 sps   61,438 | ep_ret   -5.06 ep_len   80.9 (n=1179) | pg -0.012 vf 0.017 kl 0.0173 lr 5.8e-04
[anomaly] it 102: terminal-step reward dominates the episode: survival is being punished
[anomaly] it 102: contact force 26929 N > 50x robot weight
it  103 steps  10125312 sps   61,412 | ep_ret   -5.06 ep_len   81.6 (n=1208) | pg -0.013 vf 0.016 kl 0.0161 lr 5.8e-04
[anomaly] it 103: terminal-step reward dominates the episode: survival is being punished
[anomaly] it 103: contact force 26420 N > 50x robot weight
it  104 steps  10223616 sps   61,376 | ep_ret   -5.08 ep_len   81.7 (n=1163) | pg -0.011 vf 0.017 kl 0.0179 lr 5.8e-04
[anomaly] it 104: terminal-step reward dominates the episode: survival is being punished
[anomaly] it 104: contact force 26692 N > 50x robot weight
it  105 steps  10321920 sps   61,356 | ep_ret   -5.07 ep_len   82.3 (n=1151) | pg -0.013 vf 0.017 kl 0.0179 lr 5.8e-04
[anomaly] it 105: terminal-step reward dominates the episode: survival is being punished
[anomaly] it 105: contact force 32704 N > 50x robot weight
it  106 steps  10420224 sps   61,335 | ep_ret   -5.09 ep_len   83.9 (n=1131) | pg -0.013 vf 0.017 kl 0.0179 lr 5.8e-04
[anomaly] it 106: terminal-step reward dominates the episode: survival is being punished
[anomaly] it 106: contact force 32281 N > 50x robot weight
it  107 steps  10518528 sps   61,313 | ep_ret   -5.10 ep_len   85.3 (n=1164) | pg -0.012 vf 0.017 kl 0.0159 lr 5.8e-04
[anomaly] it 107: terminal-step reward dominates the episode: survival is being punished
[anomaly] it 107: contact force 26071 N > 50x robot weight
it  108 steps  10616832 sps   61,239 | ep_ret   -5.08 ep_len   85.8 (n=1130) | pg -0.012 vf 0.018 kl 0.0176 lr 5.8e-04
[anomaly] it 108: terminal-step reward dominates the episode: survival is being punished
[anomaly] it 108: contact force 38353 N > 50x robot weight
it  109 steps  10715136 sps   61,218 | ep_ret   -5.09 ep_len   85.8 (n=1124) | pg -0.012 vf 0.018 kl 0.0158 lr 5.8e-04
[anomaly] it 109: terminal-step reward dominates the episode: survival is being punished
[anomaly] it 109: contact force 23747 N > 50x robot weight
it  110 steps  10813440 sps   61,199 | ep_ret   -5.09 ep_len   86.0 (n=1097) | pg -0.012 vf 0.018 kl 0.0178 lr 5.8e-04
[anomaly] it 110: terminal-step reward dominates the episode: survival is being punished
[anomaly] it 110: contact force 26097 N > 50x robot weight
it  111 steps  10911744 sps   61,186 | ep_ret   -5.11 ep_len   88.1 (n=1120) | pg -0.012 vf 0.018 kl 0.0166 lr 5.8e-04
[anomaly] it 111: terminal-step reward dominates the episode: survival is being punished
[anomaly] it 111: contact force 29648 N > 50x robot weight
it  112 steps  11010048 sps   61,147 | ep_ret   -5.11 ep_len   88.5 (n=1074) | pg -0.013 vf 0.018 kl 0.0163 lr 5.8e-04
[anomaly] it 112: terminal-step reward dominates the episode: survival is being punished
[anomaly] it 112: contact force 22130 N > 50x robot weight
it  113 steps  11108352 sps   61,127 | ep_ret   -5.11 ep_len   89.5 (n=1109) | pg -0.012 vf 0.019 kl 0.0176 lr 3.8e-04
[anomaly] it 113: terminal-step reward dominates the episode: survival is being punished
[anomaly] it 113: contact force 21468 N > 50x robot weight
it  114 steps  11206656 sps   61,103 | ep_ret   -5.13 ep_len   89.2 (n=1091) | pg -0.013 vf 0.019 kl 0.0165 lr 5.8e-04
[anomaly] it 114: terminal-step reward dominates the episode: survival is being punished
[anomaly] it 114: contact force 23231 N > 50x robot weight
it  115 steps  11304960 sps   61,077 | ep_ret   -5.13 ep_len   90.6 (n=1022) | pg -0.013 vf 0.019 kl 0.0165 lr 5.8e-04
[anomaly] it 115: terminal-step reward dominates the episode: survival is being punished
[anomaly] it 115: contact force 24453 N > 50x robot weight
it  116 steps  11403264 sps   61,059 | ep_ret   -5.12 ep_len   91.5 (n=1031) | pg -0.012 vf 0.020 kl 0.0156 lr 5.8e-04
[anomaly] it 116: terminal-step reward dominates the episode: survival is being punished
[anomaly] it 116: contact force 21830 N > 50x robot weight
it  117 steps  11501568 sps   61,033 | ep_ret   -5.14 ep_len   92.9 (n=1068) | pg -0.013 vf 0.020 kl 0.0173 lr 5.8e-04
[anomaly] it 117: terminal-step reward dominates the episode: survival is being punished
[anomaly] it 117: contact force 31049 N > 50x robot weight
it  118 steps  11599872 sps   60,993 | ep_ret   -5.15 ep_len   93.6 (n=1019) | pg -0.011 vf 0.021 kl 0.0154 lr 5.8e-04
[anomaly] it 118: terminal-step reward dominates the episode: survival is being punished
[anomaly] it 118: contact force 19883 N > 50x robot weight
it  119 steps  11698176 sps   60,964 | ep_ret   -5.16 ep_len   94.8 (n=1021) | pg -0.013 vf 0.021 kl 0.0168 lr 5.8e-04
[anomaly] it 119: terminal-step reward dominates the episode: survival is being punished
[anomaly] it 119: contact force 28396 N > 50x robot weight
it  120 steps  11796480 sps   60,882 | ep_ret   -5.15 ep_len   95.2 (n=1021) | pg -0.012 vf 0.021 kl 0.0182 lr 2.6e-04
[anomaly] it 120: terminal-step reward dominates the episode: survival is being punished
[anomaly] it 120: contact force 20869 N > 50x robot weight
it  121 steps  11894784 sps   60,836 | ep_ret   -5.15 ep_len   95.7 (n=967) | pg -0.012 vf 0.022 kl 0.0134 lr 5.8e-04
[anomaly] it 121: terminal-step reward dominates the episode: survival is being punished
[anomaly] it 121: contact force 21916 N > 50x robot weight
it  122 steps  11993088 sps   60,833 | ep_ret   -5.16 ep_len   97.1 (n=990) | pg -0.012 vf 0.022 kl 0.0173 lr 3.8e-04
[anomaly] it 122: terminal-step reward dominates the episode: survival is being punished
[anomaly] it 122: contact force 30599 N > 50x robot weight
it  123 steps  12091392 sps   60,831 | ep_ret   -5.21 ep_len   98.3 (n=974) | pg -0.013 vf 0.022 kl 0.0158 lr 5.8e-04
[anomaly] it 123: terminal-step reward dominates the episode: survival is being punished
[anomaly] it 123: contact force 32881 N > 50x robot weight
it  124 steps  12189696 sps   60,827 | ep_ret   -5.21 ep_len  100.5 (n=971) | pg -0.012 vf 0.023 kl 0.0154 lr 5.8e-04
[anomaly] it 124: terminal-step reward dominates the episode: survival is being punished
[anomaly] it 124: contact force 35660 N > 50x robot weight
it  125 steps  12288000 sps   60,822 | ep_ret   -5.23 ep_len  101.3 (n=867) | pg -0.012 vf 0.024 kl 0.0156 lr 5.8e-04
[anomaly] it 125: terminal-step reward dominates the episode: survival is being punished
[anomaly] it 125: contact force 29097 N > 50x robot weight
it  126 steps  12386304 sps   60,817 | ep_ret   -5.22 ep_len  101.9 (n=936) | pg -0.012 vf 0.023 kl 0.0169 lr 5.8e-04
[anomaly] it 126: terminal-step reward dominates the episode: survival is being punished
[anomaly] it 126: contact force 36240 N > 50x robot weight
it  127 steps  12484608 sps   60,799 | ep_ret   -5.25 ep_len  105.2 (n=915) | pg -0.013 vf 0.024 kl 0.0170 lr 5.8e-04
[anomaly] it 127: terminal-step reward dominates the episode: survival is being punished
[anomaly] it 127: contact force 26183 N > 50x robot weight
it  128 steps  12582912 sps   60,764 | ep_ret   -5.28 ep_len  107.3 (n=919) | pg -0.012 vf 0.024 kl 0.0163 lr 5.8e-04
[anomaly] it 128: terminal-step reward dominates the episode: survival is being punished
[anomaly] it 128: contact force 34020 N > 50x robot weight
it  129 steps  12681216 sps   60,736 | ep_ret   -5.25 ep_len  106.8 (n=849) | pg -0.012 vf 0.025 kl 0.0156 lr 5.8e-04
[anomaly] it 129: terminal-step reward dominates the episode: survival is being punished
it  130 steps  12779520 sps   60,721 | ep_ret   -5.31 ep_len  110.0 (n=887) | pg -0.012 vf 0.025 kl 0.0163 lr 5.8e-04
[anomaly] it 130: terminal-step reward dominates the episode: survival is being punished
[anomaly] it 130: contact force 31053 N > 50x robot weight
it  131 steps  12877824 sps   60,673 | ep_ret   -5.30 ep_len  107.5 (n=851) | pg -0.013 vf 0.026 kl 0.0161 lr 5.8e-04
[anomaly] it 131: terminal-step reward dominates the episode: survival is being punished
[anomaly] it 131: contact force 31048 N > 50x robot weight
it  132 steps  12976128 sps   60,607 | ep_ret   -5.32 ep_len  111.8 (n=861) | pg -0.012 vf 0.029 kl 0.0151 lr 5.8e-04
[anomaly] it 132: terminal-step reward dominates the episode: survival is being punished
[anomaly] it 132: contact force 34971 N > 50x robot weight
it  133 steps  13074432 sps   60,559 | ep_ret   -5.36 ep_len  114.1 (n=770) | pg -0.012 vf 0.029 kl 0.0154 lr 5.8e-04
[anomaly] it 133: terminal-step reward dominates the episode: survival is being punished
[anomaly] it 133: contact force 30107 N > 50x robot weight
it  134 steps  13172736 sps   60,512 | ep_ret   -5.37 ep_len  114.1 (n=848) | pg -0.012 vf 0.030 kl 0.0172 lr 5.8e-04
[anomaly] it 134: terminal-step reward dominates the episode: survival is being punished
[anomaly] it 134: contact force 17643 N > 50x robot weight
it  135 steps  13271040 sps   60,465 | ep_ret   -5.39 ep_len  116.4 (n=753) | pg -0.012 vf 0.031 kl 0.0175 lr 3.8e-04
[anomaly] it 135: terminal-step reward dominates the episode: survival is being punished
it  136 steps  13369344 sps   60,350 | ep_ret   -5.44 ep_len  120.1 (n=765) | pg -0.012 vf 0.031 kl 0.0172 lr 5.8e-04
[anomaly] it 136: terminal-step reward dominates the episode: survival is being punished
[anomaly] it 136: contact force 22491 N > 50x robot weight
it  137 steps  13467648 sps   60,330 | ep_ret   -5.43 ep_len  120.4 (n=757) | pg -0.013 vf 0.031 kl 0.0178 lr 3.8e-04
[anomaly] it 137: terminal-step reward dominates the episode: survival is being punished
[anomaly] it 137: contact force 19972 N > 50x robot weight
it  138 steps  13565952 sps   60,270 | ep_ret   -5.49 ep_len  125.3 (n=733) | pg -0.012 vf 0.031 kl 0.0168 lr 5.8e-04
[anomaly] it 138: terminal-step reward dominates the episode: survival is being punished
[anomaly] it 138: contact force 29632 N > 50x robot weight
it  139 steps  13664256 sps   60,229 | ep_ret   -5.51 ep_len  126.6 (n=720) | pg -0.013 vf 0.032 kl 0.0159 lr 5.8e-04
[anomaly] it 139: terminal-step reward dominates the episode: survival is being punished
[anomaly] it 139: contact force 26218 N > 50x robot weight
it  140 steps  13762560 sps   60,223 | ep_ret   -5.58 ep_len  131.3 (n=696) | pg -0.013 vf 0.033 kl 0.0163 lr 3.8e-04
[anomaly] it 140: terminal-step reward dominates the episode: survival is being punished
[anomaly] it 140: contact force 19635 N > 50x robot weight
it  141 steps  13860864 sps   60,208 | ep_ret   -5.59 ep_len  132.2 (n=675) | pg -0.012 vf 0.033 kl 0.0147 lr 3.8e-04
[anomaly] it 141: terminal-step reward dominates the episode: survival is being punished
[anomaly] it 141: contact force 20433 N > 50x robot weight
it  142 steps  13959168 sps   60,186 | ep_ret   -5.61 ep_len  133.7 (n=664) | pg -0.013 vf 0.033 kl 0.0160 lr 5.8e-04
[anomaly] it 142: terminal-step reward dominates the episode: survival is being punished
[anomaly] it 142: returns fall as episodes lengthen (corr -0.63): the reward punishes survival
[anomaly] it 142: contact force 33155 N > 50x robot weight
it  143 steps  14057472 sps   60,169 | ep_ret   -5.69 ep_len  137.4 (n=637) | pg -0.011 vf 0.035 kl 0.0169 lr 5.8e-04
[anomaly] it 143: terminal-step reward dominates the episode: survival is being punished
[anomaly] it 143: returns fall as episodes lengthen (corr -0.69): the reward punishes survival
[anomaly] it 143: contact force 21175 N > 50x robot weight
it  144 steps  14155776 sps   60,150 | ep_ret   -5.69 ep_len  139.9 (n=576) | pg -0.012 vf 0.034 kl 0.0164 lr 5.8e-04
[anomaly] it 144: terminal-step reward dominates the episode: survival is being punished
[anomaly] it 144: returns fall as episodes lengthen (corr -0.74): the reward punishes survival
[anomaly] it 144: contact force 28617 N > 50x robot weight
it  145 steps  14254080 sps   60,148 | ep_ret   -5.70 ep_len  144.7 (n=594) | pg -0.012 vf 0.034 kl 0.0169 lr 5.8e-04
[anomaly] it 145: terminal-step reward dominates the episode: survival is being punished
[anomaly] it 145: returns fall as episodes lengthen (corr -0.78): the reward punishes survival
[anomaly] it 145: contact force 22677 N > 50x robot weight
it  146 steps  14352384 sps   60,139 | ep_ret   -5.82 ep_len  149.2 (n=592) | pg -0.012 vf 0.035 kl 0.0170 lr 3.8e-04
[anomaly] it 146: terminal-step reward dominates the episode: survival is being punished
[anomaly] it 146: returns fall as episodes lengthen (corr -0.82): the reward punishes survival
[anomaly] it 146: contact force 22213 N > 50x robot weight
it  147 steps  14450688 sps   60,122 | ep_ret   -5.77 ep_len  151.7 (n=559) | pg -0.012 vf 0.034 kl 0.0178 lr 5.8e-04
[anomaly] it 147: terminal-step reward dominates the episode: survival is being punished
[anomaly] it 147: returns fall as episodes lengthen (corr -0.85): the reward punishes survival
[anomaly] it 147: contact force 23091 N > 50x robot weight
it  148 steps  14548992 sps   60,106 | ep_ret   -5.78 ep_len  154.4 (n=529) | pg -0.013 vf 0.034 kl 0.0181 lr 5.8e-04
[anomaly] it 148: terminal-step reward dominates the episode: survival is being punished
[anomaly] it 148: returns fall as episodes lengthen (corr -0.87): the reward punishes survival
[anomaly] it 148: contact force 25546 N > 50x robot weight
it  149 steps  14647296 sps   60,099 | ep_ret   -5.86 ep_len  161.1 (n=553) | pg -0.012 vf 0.034 kl 0.0167 lr 5.8e-04
[anomaly] it 149: terminal-step reward dominates the episode: survival is being punished
[anomaly] it 149: returns fall as episodes lengthen (corr -0.89): the reward punishes survival
[anomaly] it 149: contact force 23053 N > 50x robot weight
it  150 steps  14745600 sps   60,096 | ep_ret   -5.84 ep_len  160.4 (n=486) | pg -0.013 vf 0.035 kl 0.0171 lr 5.8e-04
[anomaly] it 150: terminal-step reward dominates the episode: survival is being punished
[anomaly] it 150: returns fall as episodes lengthen (corr -0.91): the reward punishes survival
[anomaly] it 150: contact force 22936 N > 50x robot weight
it  151 steps  14843904 sps   60,099 | ep_ret   -5.95 ep_len  167.0 (n=477) | pg -0.013 vf 0.036 kl 0.0177 lr 5.8e-04
[anomaly] it 151: terminal-step reward dominates the episode: survival is being punished
[anomaly] it 151: returns fall as episodes lengthen (corr -0.93): the reward punishes survival
[anomaly] it 151: contact force 17701 N > 50x robot weight
it  152 steps  14942208 sps   60,103 | ep_ret   -6.01 ep_len  168.8 (n=434) | pg -0.013 vf 0.035 kl 0.0178 lr 2.6e-04
[anomaly] it 152: terminal-step reward dominates the episode: survival is being punished
[anomaly] it 152: returns fall as episodes lengthen (corr -0.94): the reward punishes survival
[anomaly] it 152: contact force 21962 N > 50x robot weight
it  153 steps  15040512 sps   60,108 | ep_ret   -6.11 ep_len  180.5 (n=452) | pg -0.012 vf 0.034 kl 0.0147 lr 5.8e-04
[anomaly] it 153: terminal-step reward dominates the episode: survival is being punished
[anomaly] it 153: returns fall as episodes lengthen (corr -0.95): the reward punishes survival
[anomaly] it 153: contact force 23539 N > 50x robot weight
it  154 steps  15138816 sps   60,110 | ep_ret   -6.12 ep_len  181.6 (n=400) | pg -0.013 vf 0.035 kl 0.0167 lr 5.8e-04
[anomaly] it 154: terminal-step reward dominates the episode: survival is being punished
[anomaly] it 154: returns fall as episodes lengthen (corr -0.95): the reward punishes survival
[anomaly] it 154: contact force 24885 N > 50x robot weight
it  155 steps  15237120 sps   60,116 | ep_ret   -6.31 ep_len  192.8 (n=346) | pg -0.012 vf 0.036 kl 0.0162 lr 3.8e-04
[anomaly] it 155: terminal-step reward dominates the episode: survival is being punished
[anomaly] it 155: returns fall as episodes lengthen (corr -0.96): the reward punishes survival
[anomaly] it 155: contact force 17293 N > 50x robot weight
it  156 steps  15335424 sps   60,125 | ep_ret   -6.24 ep_len  190.0 (n=374) | pg -0.012 vf 0.036 kl 0.0167 lr 5.8e-04
[anomaly] it 156: terminal-step reward dominates the episode: survival is being punished
[anomaly] it 156: returns fall as episodes lengthen (corr -0.97): the reward punishes survival
it  157 steps  15433728 sps   60,133 | ep_ret   -6.42 ep_len  202.2 (n=347) | pg -0.013 vf 0.036 kl 0.0169 lr 5.8e-04
[anomaly] it 157: terminal-step reward dominates the episode: survival is being punished
[anomaly] it 157: returns fall as episodes lengthen (corr -0.97): the reward punishes survival
[anomaly] it 157: contact force 15877 N > 50x robot weight
it  158 steps  15532032 sps   60,141 | ep_ret   -6.62 ep_len  221.4 (n=351) | pg -0.013 vf 0.033 kl 0.0168 lr 2.6e-04
[anomaly] it 158: terminal-step reward dominates the episode: survival is being punished
[anomaly] it 158: returns fall as episodes lengthen (corr -0.98): the reward punishes survival
[anomaly] it 158: contact force 22458 N > 50x robot weight
it  159 steps  15630336 sps   60,145 | ep_ret   -6.53 ep_len  212.1 (n=337) | pg -0.012 vf 0.032 kl 0.0155 lr 5.8e-04
[anomaly] it 159: terminal-step reward dominates the episode: survival is being punished
[anomaly] it 159: returns fall as episodes lengthen (corr -0.98): the reward punishes survival
[anomaly] it 159: contact force 22681 N > 50x robot weight
it  160 steps  15728640 sps   60,149 | ep_ret   -6.69 ep_len  230.6 (n=287) | pg -0.012 vf 0.032 kl 0.0170 lr 3.8e-04
[anomaly] it 160: terminal-step reward dominates the episode: survival is being punished
[anomaly] it 160: returns fall as episodes lengthen (corr -0.98): the reward punishes survival
[anomaly] it 160: contact force 17895 N > 50x robot weight
it  161 steps  15826944 sps   60,151 | ep_ret   -6.53 ep_len  221.2 (n=266) | pg -0.012 vf 0.032 kl 0.0171 lr 5.8e-04
[anomaly] it 161: terminal-step reward dominates the episode: survival is being punished
[anomaly] it 161: returns fall as episodes lengthen (corr -0.98): the reward punishes survival
[anomaly] it 161: contact force 19465 N > 50x robot weight
it  162 steps  15925248 sps   60,152 | ep_ret   -6.78 ep_len  234.0 (n=268) | pg -0.013 vf 0.032 kl 0.0173 lr 5.8e-04
[anomaly] it 162: terminal-step reward dominates the episode: survival is being punished
[anomaly] it 162: returns fall as episodes lengthen (corr -0.99): the reward punishes survival
[anomaly] it 162: contact force 18006 N > 50x robot weight
it  163 steps  16023552 sps   60,151 | ep_ret   -7.01 ep_len  254.0 (n=266) | pg -0.012 vf 0.031 kl 0.0169 lr 5.8e-04
[anomaly] it 163: terminal-step reward dominates the episode: survival is being punished
[anomaly] it 163: returns fall as episodes lengthen (corr -0.99): the reward punishes survival
[anomaly] it 163: contact force 19690 N > 50x robot weight
it  164 steps  16121856 sps   60,152 | ep_ret   -6.96 ep_len  259.3 (n=211) | pg -0.011 vf 0.030 kl 0.0170 lr 5.8e-04
[anomaly] it 164: explained variance -0.07 < 0 after warm-up: value function not predicting returns
[anomaly] it 164: terminal-step reward dominates the episode: survival is being punished
[anomaly] it 164: returns fall as episodes lengthen (corr -0.99): the reward punishes survival
[anomaly] it 164: contact force 20259 N > 50x robot weight
it  165 steps  16220160 sps   60,153 | ep_ret   -7.06 ep_len  259.5 (n=242) | pg -0.013 vf 0.028 kl 0.0166 lr 3.8e-04
[anomaly] it 165: terminal-step reward dominates the episode: survival is being punished
[anomaly] it 165: returns fall as episodes lengthen (corr -0.99): the reward punishes survival
[anomaly] it 165: contact force 24508 N > 50x robot weight
it  166 steps  16318464 sps   60,162 | ep_ret   -7.11 ep_len  269.0 (n=195) | pg -0.013 vf 0.027 kl 0.0150 lr 3.8e-04
[anomaly] it 166: terminal-step reward dominates the episode: survival is being punished
[anomaly] it 166: returns fall as episodes lengthen (corr -0.99): the reward punishes survival
[anomaly] it 166: contact force 19674 N > 50x robot weight
it  167 steps  16416768 sps   60,172 | ep_ret   -7.29 ep_len  279.6 (n=169) | pg -0.013 vf 0.027 kl 0.0153 lr 3.8e-04
[anomaly] it 167: explained variance -0.08 < 0 after warm-up: value function not predicting returns
[anomaly] it 167: terminal-step reward dominates the episode: survival is being punished
[anomaly] it 167: returns fall as episodes lengthen (corr -0.99): the reward punishes survival
[anomaly] it 167: contact force 21254 N > 50x robot weight
it  168 steps  16515072 sps   60,177 | ep_ret   -7.19 ep_len  284.1 (n=164) | pg -0.012 vf 0.026 kl 0.0160 lr 3.8e-04
[anomaly] it 168: explained variance -0.23 < 0 after warm-up: value function not predicting returns
[anomaly] it 168: terminal-step reward dominates the episode: survival is being punished
[anomaly] it 168: returns fall as episodes lengthen (corr -0.99): the reward punishes survival
it  169 steps  16613376 sps   60,187 | ep_ret   -7.41 ep_len  311.3 (n=154) | pg -0.012 vf 0.025 kl 0.0164 lr 5.8e-04
[anomaly] it 169: explained variance -0.13 < 0 after warm-up: value function not predicting returns
[anomaly] it 169: terminal-step reward dominates the episode: survival is being punished
[anomaly] it 169: returns fall as episodes lengthen (corr -0.99): the reward punishes survival
it  170 steps  16711680 sps   60,194 | ep_ret   -7.50 ep_len  288.3 (n=159) | pg -0.013 vf 0.025 kl 0.0174 lr 2.6e-04
[anomaly] it 170: terminal-step reward dominates the episode: survival is being punished
[anomaly] it 170: returns fall as episodes lengthen (corr -1.00): the reward punishes survival
[anomaly] it 170: contact force 19763 N > 50x robot weight
it  171 steps  16809984 sps   60,193 | ep_ret   -7.96 ep_len  334.6 (n=126) | pg -0.012 vf 0.024 kl 0.0159 lr 2.6e-04
[anomaly] it 171: explained variance -0.18 < 0 after warm-up: value function not predicting returns
[anomaly] it 171: terminal-step reward dominates the episode: survival is being punished
[anomaly] it 171: returns fall as episodes lengthen (corr -1.00): the reward punishes survival
it  172 steps  16908288 sps   60,180 | ep_ret   -8.15 ep_len  358.7 (n=120) | pg -0.012 vf 0.023 kl 0.0158 lr 3.8e-04
[anomaly] it 172: explained variance -0.19 < 0 after warm-up: value function not predicting returns
[anomaly] it 172: terminal-step reward dominates the episode: survival is being punished
[anomaly] it 172: returns fall as episodes lengthen (corr -1.00): the reward punishes survival
it  173 steps  17006592 sps   60,174 | ep_ret   -8.18 ep_len  350.2 (n=119) | pg -0.012 vf 0.021 kl 0.0172 lr 3.8e-04
[anomaly] it 173: explained variance -0.10 < 0 after warm-up: value function not predicting returns
[anomaly] it 173: terminal-step reward dominates the episode: survival is being punished
[anomaly] it 173: returns fall as episodes lengthen (corr -1.00): the reward punishes survival
it  174 steps  17104896 sps   60,173 | ep_ret   -8.25 ep_len  378.9 (n=101) | pg -0.011 vf 0.019 kl 0.0145 lr 3.8e-04
[anomaly] it 174: explained variance -0.34 < 0 after warm-up: value function not predicting returns
[anomaly] it 174: terminal-step reward dominates the episode: survival is being punished
[anomaly] it 174: returns fall as episodes lengthen (corr -1.00): the reward punishes survival
it  175 steps  17203200 sps   60,173 | ep_ret   -8.33 ep_len  369.6 (n=97) | pg -0.012 vf 0.019 kl 0.0154 lr 3.8e-04
[anomaly] it 175: explained variance -0.24 < 0 after warm-up: value function not predicting returns
[anomaly] it 175: terminal-step reward dominates the episode: survival is being punished
[anomaly] it 175: returns fall as episodes lengthen (corr -1.00): the reward punishes survival
it  176 steps  17301504 sps   60,168 | ep_ret   -8.16 ep_len  387.0 (n=85) | pg -0.012 vf 0.018 kl 0.0151 lr 3.8e-04
[anomaly] it 176: explained variance -0.43 < 0 after warm-up: value function not predicting returns
[anomaly] it 176: terminal-step reward dominates the episode: survival is being punished
[anomaly] it 176: returns fall as episodes lengthen (corr -1.00): the reward punishes survival
it  177 steps  17399808 sps   60,168 | ep_ret   -8.66 ep_len  407.3 (n=84) | pg -0.012 vf 0.019 kl 0.0149 lr 3.8e-04
[anomaly] it 177: explained variance -0.32 < 0 after warm-up: value function not predicting returns
[anomaly] it 177: terminal-step reward dominates the episode: survival is being punished
[anomaly] it 177: returns fall as episodes lengthen (corr -1.00): the reward punishes survival
[anomaly] it 177: contact force 18834 N > 50x robot weight
it  178 steps  17498112 sps   60,169 | ep_ret   -8.74 ep_len  406.7 (n=86) | pg -0.012 vf 0.018 kl 0.0151 lr 3.8e-04
[anomaly] it 178: explained variance -0.32 < 0 after warm-up: value function not predicting returns
[anomaly] it 178: terminal-step reward dominates the episode: survival is being punished
[anomaly] it 178: returns fall as episodes lengthen (corr -1.00): the reward punishes survival
it  179 steps  17596416 sps   60,174 | ep_ret   -8.47 ep_len  448.9 (n=79) | pg -0.011 vf 0.017 kl 0.0155 lr 3.8e-04
[anomaly] it 179: explained variance -0.34 < 0 after warm-up: value function not predicting returns
[anomaly] it 179: terminal-step reward dominates the episode: survival is being punished
[anomaly] it 179: returns fall as episodes lengthen (corr -1.00): the reward punishes survival
it  180 steps  17694720 sps   60,181 | ep_ret   -9.36 ep_len  497.6 (n=85) | pg -0.012 vf 0.017 kl 0.0148 lr 3.8e-04
[anomaly] it 180: explained variance -0.42 < 0 after warm-up: value function not predicting returns
[anomaly] it 180: terminal-step reward dominates the episode: survival is being punished
[anomaly] it 180: returns fall as episodes lengthen (corr -1.00): the reward punishes survival
[anomaly] it 180: contact force 32075 N > 50x robot weight
it  181 steps  17793024 sps   60,186 | ep_ret   -9.26 ep_len  503.8 (n=73) | pg -0.012 vf 0.017 kl 0.0147 lr 3.8e-04
[anomaly] it 181: explained variance -0.60 < 0 after warm-up: value function not predicting returns
[anomaly] it 181: terminal-step reward dominates the episode: survival is being punished
[anomaly] it 181: returns fall as episodes lengthen (corr -1.00): the reward punishes survival
[anomaly] it 181: contact force 22930 N > 50x robot weight
it  182 steps  17891328 sps   60,194 | ep_ret   -9.55 ep_len  542.4 (n=78) | pg -0.012 vf 0.015 kl 0.0165 lr 3.8e-04
[anomaly] it 182: explained variance -0.71 < 0 after warm-up: value function not predicting returns
[anomaly] it 182: terminal-step reward dominates the episode: survival is being punished
[anomaly] it 182: returns fall as episodes lengthen (corr -1.00): the reward punishes survival
it  183 steps  17989632 sps   60,202 | ep_ret   -9.83 ep_len  528.3 (n=81) | pg -0.011 vf 0.014 kl 0.0148 lr 3.8e-04
[anomaly] it 183: explained variance -0.37 < 0 after warm-up: value function not predicting returns
[anomaly] it 183: terminal-step reward dominates the episode: survival is being punished
[anomaly] it 183: returns fall as episodes lengthen (corr -1.00): the reward punishes survival
it  184 steps  18087936 sps   60,189 | ep_ret   -9.50 ep_len  594.3 (n=69) | pg -0.012 vf 0.014 kl 0.0150 lr 3.8e-04
[anomaly] it 184: explained variance -0.99 < 0 after warm-up: value function not predicting returns
[anomaly] it 184: terminal-step reward dominates the episode: survival is being punished
[anomaly] it 184: returns fall as episodes lengthen (corr -0.99): the reward punishes survival
it  185 steps  18186240 sps   60,179 | ep_ret  -10.10 ep_len  619.6 (n=73) | pg -0.012 vf 0.013 kl 0.0169 lr 2.6e-04
[anomaly] it 185: explained variance -0.58 < 0 after warm-up: value function not predicting returns
[anomaly] it 185: terminal-step reward dominates the episode: survival is being punished
[anomaly] it 185: returns fall as episodes lengthen (corr -0.99): the reward punishes survival
it  186 steps  18284544 sps   60,184 | ep_ret  -10.31 ep_len  700.4 (n=68) | pg -0.011 vf 0.014 kl 0.0155 lr 3.8e-04
[anomaly] it 186: explained variance -0.96 < 0 after warm-up: value function not predicting returns
[anomaly] it 186: terminal-step reward dominates the episode: survival is being punished
[anomaly] it 186: returns fall as episodes lengthen (corr -0.99): the reward punishes survival
it  187 steps  18382848 sps   60,189 | ep_ret   -9.53 ep_len  751.9 (n=80) | pg -0.011 vf 0.013 kl 0.0173 lr 5.8e-04
[anomaly] it 187: explained variance -1.08 < 0 after warm-up: value function not predicting returns
[anomaly] it 187: terminal-step reward dominates the episode: survival is being punished
[anomaly] it 187: returns fall as episodes lengthen (corr -0.98): the reward punishes survival
it  188 steps  18481152 sps   60,194 | ep_ret   -9.95 ep_len  738.5 (n=89) | pg -0.012 vf 0.013 kl 0.0173 lr 2.6e-04
[anomaly] it 188: explained variance -0.96 < 0 after warm-up: value function not predicting returns
[anomaly] it 188: terminal-step reward dominates the episode: survival is being punished
[anomaly] it 188: returns fall as episodes lengthen (corr -0.98): the reward punishes survival
it  189 steps  18579456 sps   60,200 | ep_ret  -10.25 ep_len  802.8 (n=89) | pg -0.012 vf 0.013 kl 0.0153 lr 5.8e-04
[anomaly] it 189: explained variance -1.27 < 0 after warm-up: value function not predicting returns
[anomaly] it 189: terminal-step reward dominates the episode: survival is being punished
[anomaly] it 189: returns fall as episodes lengthen (corr -0.98): the reward punishes survival
it  190 steps  18677760 sps   60,198 | ep_ret  -10.07 ep_len  780.2 (n=95) | pg -0.012 vf 0.012 kl 0.0154 lr 3.8e-04
[anomaly] it 190: explained variance -1.07 < 0 after warm-up: value function not predicting returns
[anomaly] it 190: terminal-step reward dominates the episode: survival is being punished
[anomaly] it 190: returns fall as episodes lengthen (corr -0.98): the reward punishes survival
it  191 steps  18776064 sps   60,187 | ep_ret  -10.73 ep_len  819.8 (n=106) | pg -0.012 vf 0.012 kl 0.0152 lr 3.8e-04
[anomaly] it 191: explained variance -0.56 < 0 after warm-up: value function not predicting returns
[anomaly] it 191: terminal-step reward dominates the episode: survival is being punished
[anomaly] it 191: returns fall as episodes lengthen (corr -0.98): the reward punishes survival
[anomaly] it 191: contact force 20489 N > 50x robot weight
it  192 steps  18874368 sps   60,188 | ep_ret  -10.04 ep_len  816.6 (n=100) | pg -0.011 vf 0.012 kl 0.0147 lr 3.8e-04
[anomaly] it 192: explained variance -1.06 < 0 after warm-up: value function not predicting returns
[anomaly] it 192: terminal-step reward dominates the episode: survival is being punished
[anomaly] it 192: returns fall as episodes lengthen (corr -0.97): the reward punishes survival
it  193 steps  18972672 sps   60,191 | ep_ret  -10.97 ep_len  881.6 (n=118) | pg -0.011 vf 0.013 kl 0.0146 lr 3.8e-04
[anomaly] it 193: explained variance -1.47 < 0 after warm-up: value function not predicting returns
[anomaly] it 193: terminal-step reward dominates the episode: survival is being punished
[anomaly] it 193: returns fall as episodes lengthen (corr -0.97): the reward punishes survival
it  194 steps  19070976 sps   60,190 | ep_ret  -10.32 ep_len  856.1 (n=127) | pg -0.011 vf 0.012 kl 0.0167 lr 2.6e-04
[anomaly] it 194: explained variance -1.31 < 0 after warm-up: value function not predicting returns
[anomaly] it 194: terminal-step reward dominates the episode: survival is being punished
[anomaly] it 194: returns fall as episodes lengthen (corr -0.97): the reward punishes survival
it  195 steps  19169280 sps   60,191 | ep_ret  -10.37 ep_len  882.7 (n=148) | pg -0.011 vf 0.011 kl 0.0165 lr 3.8e-04
[anomaly] it 195: explained variance -1.21 < 0 after warm-up: value function not predicting returns
[anomaly] it 195: terminal-step reward dominates the episode: survival is being punished
[anomaly] it 195: returns fall as episodes lengthen (corr -0.97): the reward punishes survival
it  196 steps  19267584 sps   60,187 | ep_ret  -10.32 ep_len  847.6 (n=148) | pg -0.011 vf 0.012 kl 0.0151 lr 2.6e-04
[anomaly] it 196: explained variance -0.52 < 0 after warm-up: value function not predicting returns
[anomaly] it 196: terminal-step reward dominates the episode: survival is being punished
[anomaly] it 196: returns fall as episodes lengthen (corr -0.97): the reward punishes survival
it  197 steps  19365888 sps   60,190 | ep_ret   -9.49 ep_len  867.7 (n=119) | pg -0.012 vf 0.010 kl 0.0163 lr 5.8e-04
[anomaly] it 197: explained variance -1.69 < 0 after warm-up: value function not predicting returns
[anomaly] it 197: terminal-step reward dominates the episode: survival is being punished
[anomaly] it 197: returns fall as episodes lengthen (corr -0.97): the reward punishes survival
it  198 steps  19464192 sps   60,195 | ep_ret  -10.53 ep_len  899.5 (n=147) | pg -0.010 vf 0.010 kl 0.0143 lr 2.6e-04
[anomaly] it 198: explained variance -1.24 < 0 after warm-up: value function not predicting returns
[anomaly] it 198: terminal-step reward dominates the episode: survival is being punished
[anomaly] it 198: returns fall as episodes lengthen (corr -0.97): the reward punishes survival
[anomaly] it 198: contact force 24959 N > 50x robot weight
it  199 steps  19562496 sps   60,202 | ep_ret  -10.18 ep_len  910.4 (n=170) | pg -0.011 vf 0.009 kl 0.0157 lr 5.8e-04
[anomaly] it 199: explained variance -1.39 < 0 after warm-up: value function not predicting returns
[anomaly] it 199: terminal-step reward dominates the episode: survival is being punished
[anomaly] it 199: returns fall as episodes lengthen (corr -0.97): the reward punishes survival
it  200 steps  19660800 sps   60,208 | ep_ret  -10.50 ep_len  907.8 (n=151) | pg -0.011 vf 0.009 kl 0.0162 lr 5.8e-04
[anomaly] it 200: explained variance -1.32 < 0 after warm-up: value function not predicting returns
[anomaly] it 200: terminal-step reward dominates the episode: survival is being punished
[anomaly] it 200: returns fall as episodes lengthen (corr -0.97): the reward punishes survival
it  201 steps  19759104 sps   60,213 | ep_ret   -9.93 ep_len  931.3 (n=151) | pg -0.011 vf 0.009 kl 0.0162 lr 3.8e-04
[anomaly] it 201: explained variance -2.63 < 0 after warm-up: value function not predicting returns
[anomaly] it 201: terminal-step reward dominates the episode: survival is being punished
[anomaly] it 201: returns fall as episodes lengthen (corr -0.97): the reward punishes survival
it  202 steps  19857408 sps   60,221 | ep_ret  -10.77 ep_len  922.9 (n=159) | pg -0.011 vf 0.009 kl 0.0145 lr 3.8e-04
[anomaly] it 202: explained variance -1.46 < 0 after warm-up: value function not predicting returns
[anomaly] it 202: terminal-step reward dominates the episode: survival is being punished
[anomaly] it 202: returns fall as episodes lengthen (corr -0.97): the reward punishes survival
it  203 steps  19955712 sps   60,230 | ep_ret  -10.44 ep_len  942.3 (n=144) | pg -0.011 vf 0.009 kl 0.0164 lr 5.8e-04
[anomaly] it 203: explained variance -3.50 < 0 after warm-up: value function not predicting returns
[anomaly] it 203: terminal-step reward dominates the episode: survival is being punished
[anomaly] it 203: returns fall as episodes lengthen (corr -0.97): the reward punishes survival
it  204 steps  20054016 sps   60,238 | ep_ret   -9.47 ep_len  895.2 (n=149) | pg -0.011 vf 0.008 kl 0.0161 lr 3.8e-04
[anomaly] it 204: explained variance -1.96 < 0 after warm-up: value function not predicting returns
[anomaly] it 204: terminal-step reward dominates the episode: survival is being punished
[anomaly] it 204: returns fall as episodes lengthen (corr -0.96): the reward punishes survival
it  205 steps  20152320 sps   60,246 | ep_ret  -10.05 ep_len  906.5 (n=159) | pg -0.011 vf 0.007 kl 0.0173 lr 5.8e-04
[anomaly] it 205: explained variance -1.73 < 0 after warm-up: value function not predicting returns
[anomaly] it 205: terminal-step reward dominates the episode: survival is being punished
[anomaly] it 205: returns fall as episodes lengthen (corr -0.96): the reward punishes survival
it  206 steps  20250624 sps   60,254 | ep_ret  -10.01 ep_len  913.9 (n=118) | pg -0.010 vf 0.008 kl 0.0170 lr 5.8e-04
[anomaly] it 206: explained variance -3.37 < 0 after warm-up: value function not predicting returns
[anomaly] it 206: terminal-step reward dominates the episode: survival is being punished
[anomaly] it 206: returns fall as episodes lengthen (corr -0.96): the reward punishes survival
it  207 steps  20348928 sps   60,262 | ep_ret  -10.10 ep_len  938.3 (n=124) | pg -0.010 vf 0.008 kl 0.0135 lr 2.6e-04
[anomaly] it 207: explained variance -4.18 < 0 after warm-up: value function not predicting returns
[anomaly] it 207: terminal-step reward dominates the episode: survival is being punished
[anomaly] it 207: returns fall as episodes lengthen (corr -0.96): the reward punishes survival
it  208 steps  20447232 sps   60,271 | ep_ret  -10.14 ep_len  911.1 (n=136) | pg -0.011 vf 0.007 kl 0.0151 lr 5.8e-04
[anomaly] it 208: explained variance -2.70 < 0 after warm-up: value function not predicting returns
[anomaly] it 208: terminal-step reward dominates the episode: survival is being punished
[anomaly] it 208: returns fall as episodes lengthen (corr -0.96): the reward punishes survival
it  209 steps  20545536 sps   60,279 | ep_ret  -10.00 ep_len  885.6 (n=140) | pg -0.011 vf 0.007 kl 0.0163 lr 5.8e-04
[anomaly] it 209: explained variance -1.80 < 0 after warm-up: value function not predicting returns
[anomaly] it 209: terminal-step reward dominates the episode: survival is being punished
[anomaly] it 209: returns fall as episodes lengthen (corr -0.96): the reward punishes survival
it  210 steps  20643840 sps   60,286 | ep_ret   -9.87 ep_len  867.6 (n=104) | pg -0.010 vf 0.008 kl 0.0145 lr 2.6e-04
[anomaly] it 210: explained variance -2.99 < 0 after warm-up: value function not predicting returns
[anomaly] it 210: terminal-step reward dominates the episode: survival is being punished
[anomaly] it 210: returns fall as episodes lengthen (corr -0.96): the reward punishes survival
it  211 steps  20742144 sps   60,293 | ep_ret   -9.63 ep_len  868.0 (n=116) | pg -0.011 vf 0.007 kl 0.0156 lr 5.8e-04
[anomaly] it 211: explained variance -1.57 < 0 after warm-up: value function not predicting returns
[anomaly] it 211: terminal-step reward dominates the episode: survival is being punished
[anomaly] it 211: returns fall as episodes lengthen (corr -0.96): the reward punishes survival
it  212 steps  20840448 sps   60,300 | ep_ret   -9.67 ep_len  910.3 (n=114) | pg -0.007 vf 0.012 kl 0.0180 lr 5.1e-05
[anomaly] it 212: explained variance -2.16 < 0 after warm-up: value function not predicting returns
[anomaly] it 212: terminal-step reward dominates the episode: survival is being punished
[anomaly] it 212: returns fall as episodes lengthen (corr -0.96): the reward punishes survival
it  213 steps  20938752 sps   60,307 | ep_ret   -9.30 ep_len  889.9 (n=99) | pg -0.009 vf 0.010 kl 0.0108 lr 2.6e-04
[anomaly] it 213: explained variance -2.27 < 0 after warm-up: value function not predicting returns
[anomaly] it 213: terminal-step reward dominates the episode: survival is being punished
[anomaly] it 213: returns fall as episodes lengthen (corr -0.96): the reward punishes survival
it  214 steps  21037056 sps   60,313 | ep_ret   -9.61 ep_len  864.6 (n=94) | pg -0.011 vf 0.009 kl 0.0127 lr 2.6e-04
[anomaly] it 214: explained variance -2.84 < 0 after warm-up: value function not predicting returns
[anomaly] it 214: terminal-step reward dominates the episode: survival is being punished
[anomaly] it 214: returns fall as episodes lengthen (corr -0.96): the reward punishes survival
it  215 steps  21135360 sps   60,316 | ep_ret   -9.53 ep_len  880.2 (n=106) | pg -0.012 vf 0.008 kl 0.0164 lr 3.8e-04
[anomaly] it 215: explained variance -2.47 < 0 after warm-up: value function not predicting returns
[anomaly] it 215: terminal-step reward dominates the episode: survival is being punished
[anomaly] it 215: returns fall as episodes lengthen (corr -0.96): the reward punishes survival
[anomaly] it 215: contact force 16811 N > 50x robot weight
it  216 steps  21233664 sps   60,318 | ep_ret   -9.77 ep_len  811.6 (n=88) | pg -0.011 vf 0.008 kl 0.0141 lr 2.6e-04
[anomaly] it 216: explained variance -2.51 < 0 after warm-up: value function not predicting returns
[anomaly] it 216: terminal-step reward dominates the episode: survival is being punished
[anomaly] it 216: returns fall as episodes lengthen (corr -0.96): the reward punishes survival
it  217 steps  21331968 sps   60,321 | ep_ret   -9.79 ep_len  879.7 (n=85) | pg -0.011 vf 0.009 kl 0.0141 lr 3.8e-04
[anomaly] it 217: explained variance -2.19 < 0 after warm-up: value function not predicting returns
[anomaly] it 217: terminal-step reward dominates the episode: survival is being punished
[anomaly] it 217: returns fall as episodes lengthen (corr -0.96): the reward punishes survival
it  218 steps  21430272 sps   60,328 | ep_ret   -8.98 ep_len  862.1 (n=78) | pg -0.012 vf 0.009 kl 0.0138 lr 2.6e-04
[anomaly] it 218: explained variance -3.45 < 0 after warm-up: value function not predicting returns
[anomaly] it 218: terminal-step reward dominates the episode: survival is being punished
[anomaly] it 218: returns fall as episodes lengthen (corr -0.95): the reward punishes survival
it  219 steps  21528576 sps   60,336 | ep_ret   -9.51 ep_len  822.2 (n=88) | pg -0.012 vf 0.010 kl 0.0151 lr 3.8e-04
[anomaly] it 219: explained variance -2.27 < 0 after warm-up: value function not predicting returns
[anomaly] it 219: terminal-step reward dominates the episode: survival is being punished
[anomaly] it 219: returns fall as episodes lengthen (corr -0.95): the reward punishes survival
it  220 steps  21626880 sps   60,343 | ep_ret   -9.81 ep_len  856.5 (n=81) | pg -0.011 vf 0.011 kl 0.0156 lr 3.8e-04
[anomaly] it 220: explained variance -3.21 < 0 after warm-up: value function not predicting returns
[anomaly] it 220: terminal-step reward dominates the episode: survival is being punished
[anomaly] it 220: returns fall as episodes lengthen (corr -0.95): the reward punishes survival
it  221 steps  21725184 sps   60,350 | ep_ret   -9.30 ep_len  835.8 (n=94) | pg -0.010 vf 0.010 kl 0.0152 lr 2.6e-04
[anomaly] it 221: explained variance -2.44 < 0 after warm-up: value function not predicting returns
[anomaly] it 221: terminal-step reward dominates the episode: survival is being punished
[anomaly] it 221: returns fall as episodes lengthen (corr -0.95): the reward punishes survival
it  222 steps  21823488 sps   60,357 | ep_ret   -9.34 ep_len  833.8 (n=94) | pg -0.011 vf 0.010 kl 0.0157 lr 2.6e-04
[anomaly] it 222: explained variance -2.20 < 0 after warm-up: value function not predicting returns
[anomaly] it 222: terminal-step reward dominates the episode: survival is being punished
[anomaly] it 222: returns fall as episodes lengthen (corr -0.95): the reward punishes survival
it  223 steps  21921792 sps   60,365 | ep_ret   -9.47 ep_len  844.9 (n=93) | pg -0.011 vf 0.011 kl 0.0147 lr 3.8e-04
[anomaly] it 223: explained variance -1.75 < 0 after warm-up: value function not predicting returns
[anomaly] it 223: terminal-step reward dominates the episode: survival is being punished
[anomaly] it 223: returns fall as episodes lengthen (corr -0.95): the reward punishes survival
it  224 steps  22020096 sps   60,372 | ep_ret  -10.05 ep_len  847.8 (n=79) | pg -0.010 vf 0.011 kl 0.0151 lr 3.8e-04
[anomaly] it 224: explained variance -2.21 < 0 after warm-up: value function not predicting returns
[anomaly] it 224: terminal-step reward dominates the episode: survival is being punished
[anomaly] it 224: returns fall as episodes lengthen (corr -0.95): the reward punishes survival
it  225 steps  22118400 sps   60,379 | ep_ret   -8.94 ep_len  797.9 (n=88) | pg -0.011 vf 0.012 kl 0.0154 lr 3.8e-04
[anomaly] it 225: explained variance -2.64 < 0 after warm-up: value function not predicting returns
[anomaly] it 225: terminal-step reward dominates the episode: survival is being punished
[anomaly] it 225: returns fall as episodes lengthen (corr -0.95): the reward punishes survival
it  226 steps  22216704 sps   60,386 | ep_ret   -9.11 ep_len  798.1 (n=88) | pg -0.011 vf 0.012 kl 0.0165 lr 3.8e-04
[anomaly] it 226: explained variance -1.55 < 0 after warm-up: value function not predicting returns
[anomaly] it 226: terminal-step reward dominates the episode: survival is being punished
[anomaly] it 226: returns fall as episodes lengthen (corr -0.95): the reward punishes survival
it  227 steps  22315008 sps   60,393 | ep_ret   -9.65 ep_len  811.2 (n=95) | pg -0.011 vf 0.011 kl 0.0159 lr 3.8e-04
[anomaly] it 227: explained variance -1.33 < 0 after warm-up: value function not predicting returns
[anomaly] it 227: terminal-step reward dominates the episode: survival is being punished
[anomaly] it 227: returns fall as episodes lengthen (corr -0.95): the reward punishes survival
it  228 steps  22413312 sps   60,399 | ep_ret   -9.12 ep_len  796.6 (n=85) | pg -0.010 vf 0.013 kl 0.0134 lr 1.7e-04
[anomaly] it 228: explained variance -1.43 < 0 after warm-up: value function not predicting returns
[anomaly] it 228: terminal-step reward dominates the episode: survival is being punished
[anomaly] it 228: returns fall as episodes lengthen (corr -0.95): the reward punishes survival
it  229 steps  22511616 sps   60,406 | ep_ret   -9.71 ep_len  854.2 (n=96) | pg -0.010 vf 0.012 kl 0.0150 lr 3.8e-04
[anomaly] it 229: explained variance -2.68 < 0 after warm-up: value function not predicting returns
[anomaly] it 229: terminal-step reward dominates the episode: survival is being punished
[anomaly] it 229: returns fall as episodes lengthen (corr -0.95): the reward punishes survival
it  230 steps  22609920 sps   60,413 | ep_ret   -8.83 ep_len  836.0 (n=107) | pg -0.011 vf 0.011 kl 0.0162 lr 3.8e-04
[anomaly] it 230: explained variance -1.41 < 0 after warm-up: value function not predicting returns
[anomaly] it 230: terminal-step reward dominates the episode: survival is being punished
[anomaly] it 230: returns fall as episodes lengthen (corr -0.94): the reward punishes survival
it  231 steps  22708224 sps   60,420 | ep_ret   -9.43 ep_len  845.6 (n=105) | pg -0.010 vf 0.011 kl 0.0140 lr 1.7e-04
[anomaly] it 231: explained variance -2.20 < 0 after warm-up: value function not predicting returns
[anomaly] it 231: terminal-step reward dominates the episode: survival is being punished
[anomaly] it 231: returns fall as episodes lengthen (corr -0.94): the reward punishes survival
it  232 steps  22806528 sps   60,427 | ep_ret   -8.98 ep_len  849.9 (n=90) | pg -0.011 vf 0.012 kl 0.0132 lr 2.6e-04
[anomaly] it 232: explained variance -2.31 < 0 after warm-up: value function not predicting returns
[anomaly] it 232: terminal-step reward dominates the episode: survival is being punished
[anomaly] it 232: returns fall as episodes lengthen (corr -0.94): the reward punishes survival
it  233 steps  22904832 sps   60,434 | ep_ret   -9.11 ep_len  852.6 (n=113) | pg -0.011 vf 0.012 kl 0.0138 lr 2.6e-04
[anomaly] it 233: explained variance -2.03 < 0 after warm-up: value function not predicting returns
[anomaly] it 233: terminal-step reward dominates the episode: survival is being punished
[anomaly] it 233: returns fall as episodes lengthen (corr -0.94): the reward punishes survival
it  234 steps  23003136 sps   60,441 | ep_ret   -9.42 ep_len  837.6 (n=123) | pg -0.011 vf 0.010 kl 0.0169 lr 2.6e-04
[anomaly] it 234: explained variance -1.30 < 0 after warm-up: value function not predicting returns
[anomaly] it 234: terminal-step reward dominates the episode: survival is being punished
[anomaly] it 234: returns fall as episodes lengthen (corr -0.94): the reward punishes survival
it  235 steps  23101440 sps   60,447 | ep_ret   -8.63 ep_len  869.2 (n=119) | pg -0.011 vf 0.010 kl 0.0134 lr 2.6e-04
[anomaly] it 235: explained variance -1.81 < 0 after warm-up: value function not predicting returns
[anomaly] it 235: terminal-step reward dominates the episode: survival is being punished
[anomaly] it 235: returns fall as episodes lengthen (corr -0.93): the reward punishes survival
[anomaly] it 235: contact force 17517 N > 50x robot weight
it  236 steps  23199744 sps   60,454 | ep_ret   -9.05 ep_len  932.6 (n=136) | pg -0.011 vf 0.010 kl 0.0146 lr 2.6e-04
[anomaly] it 236: explained variance -2.87 < 0 after warm-up: value function not predicting returns
[anomaly] it 236: terminal-step reward dominates the episode: survival is being punished
[anomaly] it 236: returns fall as episodes lengthen (corr -0.93): the reward punishes survival
[anomaly] it 236: contact force 28103 N > 50x robot weight
it  237 steps  23298048 sps   60,461 | ep_ret   -9.01 ep_len  904.3 (n=147) | pg -0.011 vf 0.010 kl 0.0160 lr 2.6e-04
[anomaly] it 237: explained variance -1.60 < 0 after warm-up: value function not predicting returns
[anomaly] it 237: terminal-step reward dominates the episode: survival is being punished
[anomaly] it 237: returns fall as episodes lengthen (corr -0.93): the reward punishes survival
[anomaly] it 237: contact force 21115 N > 50x robot weight
it  238 steps  23396352 sps   60,467 | ep_ret   -9.09 ep_len  921.4 (n=125) | pg -0.010 vf 0.010 kl 0.0139 lr 2.6e-04
[anomaly] it 238: explained variance -2.56 < 0 after warm-up: value function not predicting returns
[anomaly] it 238: terminal-step reward dominates the episode: survival is being punished
[anomaly] it 238: returns fall as episodes lengthen (corr -0.92): the reward punishes survival
it  239 steps  23494656 sps   60,473 | ep_ret   -8.83 ep_len  920.8 (n=127) | pg -0.011 vf 0.009 kl 0.0143 lr 2.6e-04
[anomaly] it 239: explained variance -2.32 < 0 after warm-up: value function not predicting returns
[anomaly] it 239: terminal-step reward dominates the episode: survival is being punished
[anomaly] it 239: returns fall as episodes lengthen (corr -0.92): the reward punishes survival
it  240 steps  23592960 sps   60,479 | ep_ret   -8.66 ep_len  889.7 (n=154) | pg -0.011 vf 0.009 kl 0.0145 lr 2.6e-04
[anomaly] it 240: explained variance -1.71 < 0 after warm-up: value function not predicting returns
[anomaly] it 240: terminal-step reward dominates the episode: survival is being punished
[anomaly] it 240: returns fall as episodes lengthen (corr -0.91): the reward punishes survival
[anomaly] it 240: contact force 21087 N > 50x robot weight
it  241 steps  23691264 sps   60,486 | ep_ret   -9.08 ep_len  927.7 (n=137) | pg -0.011 vf 0.007 kl 0.0162 lr 2.6e-04
[anomaly] it 241: explained variance -2.69 < 0 after warm-up: value function not predicting returns
[anomaly] it 241: terminal-step reward dominates the episode: survival is being punished
[anomaly] it 241: returns fall as episodes lengthen (corr -0.91): the reward punishes survival
it  242 steps  23789568 sps   60,492 | ep_ret   -8.56 ep_len  939.5 (n=127) | pg -0.010 vf 0.009 kl 0.0129 lr 2.6e-04
[anomaly] it 242: explained variance -3.49 < 0 after warm-up: value function not predicting returns
[anomaly] it 242: terminal-step reward dominates the episode: survival is being punished
[anomaly] it 242: returns fall as episodes lengthen (corr -0.90): the reward punishes survival
it  243 steps  23887872 sps   60,499 | ep_ret   -8.44 ep_len  949.9 (n=120) | pg -0.010 vf 0.008 kl 0.0137 lr 2.6e-04
[anomaly] it 243: explained variance -4.24 < 0 after warm-up: value function not predicting returns
[anomaly] it 243: terminal-step reward dominates the episode: survival is being punished
[anomaly] it 243: returns fall as episodes lengthen (corr -0.89): the reward punishes survival
it  244 steps  23986176 sps   60,504 | ep_ret   -9.01 ep_len  889.0 (n=142) | pg -0.011 vf 0.008 kl 0.0167 lr 2.6e-04
[anomaly] it 244: explained variance -2.68 < 0 after warm-up: value function not predicting returns
[anomaly] it 244: terminal-step reward dominates the episode: survival is being punished
[anomaly] it 244: returns fall as episodes lengthen (corr -0.88): the reward punishes survival
it  245 steps  24084480 sps   60,510 | ep_ret   -8.76 ep_len  901.4 (n=128) | pg -0.011 vf 0.009 kl 0.0148 lr 2.6e-04
[anomaly] it 245: explained variance -3.47 < 0 after warm-up: value function not predicting returns
[anomaly] it 245: terminal-step reward dominates the episode: survival is being punished
[anomaly] it 245: returns fall as episodes lengthen (corr -0.88): the reward punishes survival
it  246 steps  24182784 sps   60,515 | ep_ret   -8.95 ep_len  921.8 (n=141) | pg -0.011 vf 0.010 kl 0.0159 lr 3.8e-04
[anomaly] it 246: explained variance -3.21 < 0 after warm-up: value function not predicting returns
[anomaly] it 246: terminal-step reward dominates the episode: survival is being punished
[anomaly] it 246: returns fall as episodes lengthen (corr -0.87): the reward punishes survival
it  247 steps  24281088 sps   60,520 | ep_ret   -8.71 ep_len  935.3 (n=131) | pg -0.010 vf 0.010 kl 0.0142 lr 1.7e-04
[anomaly] it 247: explained variance -3.04 < 0 after warm-up: value function not predicting returns
[anomaly] it 247: terminal-step reward dominates the episode: survival is being punished
[anomaly] it 247: returns fall as episodes lengthen (corr -0.86): the reward punishes survival
it  248 steps  24379392 sps   60,525 | ep_ret   -8.88 ep_len  876.3 (n=126) | pg -0.010 vf 0.010 kl 0.0139 lr 1.7e-04
[anomaly] it 248: explained variance -2.12 < 0 after warm-up: value function not predicting returns
[anomaly] it 248: terminal-step reward dominates the episode: survival is being punished
[anomaly] it 248: returns fall as episodes lengthen (corr -0.85): the reward punishes survival
it  249 steps  24477696 sps   60,529 | ep_ret   -8.09 ep_len  865.4 (n=112) | pg -0.010 vf 0.009 kl 0.0132 lr 2.6e-04
[anomaly] it 249: explained variance -2.62 < 0 after warm-up: value function not predicting returns
[anomaly] it 249: terminal-step reward dominates the episode: survival is being punished
[anomaly] it 249: returns fall as episodes lengthen (corr -0.84): the reward punishes survival
it  250 steps  24576000 sps   60,535 | ep_ret   -8.34 ep_len  898.1 (n=132) | pg -0.011 vf 0.010 kl 0.0148 lr 2.6e-04
[anomaly] it 250: explained variance -3.94 < 0 after warm-up: value function not predicting returns
[anomaly] it 250: terminal-step reward dominates the episode: survival is being punished
[anomaly] it 250: returns fall as episodes lengthen (corr -0.83): the reward punishes survival
it  251 steps  24674304 sps   60,537 | ep_ret   -8.20 ep_len  885.5 (n=131) | pg -0.011 vf 0.009 kl 0.0155 lr 2.6e-04
[anomaly] it 251: explained variance -2.44 < 0 after warm-up: value function not predicting returns
[anomaly] it 251: terminal-step reward dominates the episode: survival is being punished
[anomaly] it 251: returns fall as episodes lengthen (corr -0.81): the reward punishes survival
it  252 steps  24772608 sps   60,542 | ep_ret   -8.82 ep_len  872.9 (n=105) | pg -0.011 vf 0.008 kl 0.0159 lr 3.8e-04
[anomaly] it 252: explained variance -2.10 < 0 after warm-up: value function not predicting returns
[anomaly] it 252: terminal-step reward dominates the episode: survival is being punished
[anomaly] it 252: returns fall as episodes lengthen (corr -0.80): the reward punishes survival
it  253 steps  24870912 sps   60,547 | ep_ret   -8.74 ep_len  881.7 (n=123) | pg -0.009 vf 0.011 kl 0.0147 lr 1.1e-04
[anomaly] it 253: explained variance -2.27 < 0 after warm-up: value function not predicting returns
[anomaly] it 253: terminal-step reward dominates the episode: survival is being punished
[anomaly] it 253: returns fall as episodes lengthen (corr -0.79): the reward punishes survival
it  254 steps  24969216 sps   60,553 | ep_ret   -8.21 ep_len  896.4 (n=97) | pg -0.010 vf 0.010 kl 0.0149 lr 3.8e-04
[anomaly] it 254: explained variance -3.58 < 0 after warm-up: value function not predicting returns
[anomaly] it 254: terminal-step reward dominates the episode: survival is being punished
[anomaly] it 254: returns fall as episodes lengthen (corr -0.77): the reward punishes survival
it  255 steps  25067520 sps   60,558 | ep_ret   -7.93 ep_len  848.5 (n=105) | pg -0.009 vf 0.011 kl 0.0150 lr 1.1e-04
[anomaly] it 255: explained variance -2.81 < 0 after warm-up: value function not predicting returns
[anomaly] it 255: terminal-step reward dominates the episode: survival is being punished
[anomaly] it 255: returns fall as episodes lengthen (corr -0.75): the reward punishes survival
it  256 steps  25165824 sps   60,563 | ep_ret   -7.78 ep_len  871.9 (n=90) | pg -0.010 vf 0.010 kl 0.0139 lr 2.6e-04
[anomaly] it 256: explained variance -3.54 < 0 after warm-up: value function not predicting returns
[anomaly] it 256: terminal-step reward dominates the episode: survival is being punished
[anomaly] it 256: returns fall as episodes lengthen (corr -0.73): the reward punishes survival
it  257 steps  25264128 sps   60,568 | ep_ret   -7.96 ep_len  869.6 (n=115) | pg -0.011 vf 0.010 kl 0.0151 lr 2.6e-04
[anomaly] it 257: explained variance -2.77 < 0 after warm-up: value function not predicting returns
[anomaly] it 257: terminal-step reward dominates the episode: survival is being punished
[anomaly] it 257: returns fall as episodes lengthen (corr -0.70): the reward punishes survival
it  258 steps  25362432 sps   60,573 | ep_ret   -8.32 ep_len  817.4 (n=79) | pg -0.010 vf 0.010 kl 0.0147 lr 1.7e-04
[anomaly] it 258: explained variance -2.32 < 0 after warm-up: value function not predicting returns
[anomaly] it 258: terminal-step reward dominates the episode: survival is being punished
[anomaly] it 258: returns fall as episodes lengthen (corr -0.68): the reward punishes survival
it  259 steps  25460736 sps   60,577 | ep_ret   -7.95 ep_len  867.7 (n=86) | pg -0.011 vf 0.009 kl 0.0147 lr 3.8e-04
[anomaly] it 259: explained variance -3.20 < 0 after warm-up: value function not predicting returns
[anomaly] it 259: terminal-step reward dominates the episode: survival is being punished
[anomaly] it 259: returns fall as episodes lengthen (corr -0.65): the reward punishes survival
it  260 steps  25559040 sps   60,581 | ep_ret   -8.42 ep_len  859.5 (n=81) | pg -0.009 vf 0.013 kl 0.0149 lr 1.1e-04
[anomaly] it 260: explained variance -2.13 < 0 after warm-up: value function not predicting returns
[anomaly] it 260: terminal-step reward dominates the episode: survival is being punished
[anomaly] it 260: returns fall as episodes lengthen (corr -0.63): the reward punishes survival
it  261 steps  25657344 sps   60,586 | ep_ret   -7.83 ep_len  858.2 (n=79) | pg -0.011 vf 0.012 kl 0.0143 lr 3.8e-04
[anomaly] it 261: explained variance -3.69 < 0 after warm-up: value function not predicting returns
[anomaly] it 261: terminal-step reward dominates the episode: survival is being punished
it  262 steps  25755648 sps   60,589 | ep_ret   -8.51 ep_len  873.0 (n=89) | pg -0.010 vf 0.010 kl 0.0151 lr 2.6e-04
[anomaly] it 262: explained variance -2.96 < 0 after warm-up: value function not predicting returns
[anomaly] it 262: terminal-step reward dominates the episode: survival is being punished
it  263 steps  25853952 sps   60,594 | ep_ret   -8.36 ep_len  849.6 (n=103) | pg -0.011 vf 0.011 kl 0.0144 lr 2.6e-04
[anomaly] it 263: explained variance -2.14 < 0 after warm-up: value function not predicting returns
[anomaly] it 263: terminal-step reward dominates the episode: survival is being punished
it  264 steps  25952256 sps   60,598 | ep_ret   -8.24 ep_len  903.5 (n=100) | pg -0.011 vf 0.011 kl 0.0139 lr 2.6e-04
[anomaly] it 264: explained variance -4.28 < 0 after warm-up: value function not predicting returns
[anomaly] it 264: terminal-step reward dominates the episode: survival is being punished
it  265 steps  26050560 sps   60,602 | ep_ret   -8.10 ep_len  865.9 (n=91) | pg -0.011 vf 0.011 kl 0.0154 lr 2.6e-04
[anomaly] it 265: explained variance -2.47 < 0 after warm-up: value function not predicting returns
[anomaly] it 265: terminal-step reward dominates the episode: survival is being punished
[anomaly] it 265: contact force 17377 N > 50x robot weight
it  266 steps  26148864 sps   60,605 | ep_ret   -8.20 ep_len  870.4 (n=104) | pg -0.011 vf 0.011 kl 0.0126 lr 1.7e-04
[anomaly] it 266: explained variance -2.66 < 0 after warm-up: value function not predicting returns
[anomaly] it 266: terminal-step reward dominates the episode: survival is being punished
[anomaly] it 266: contact force 21159 N > 50x robot weight
it  267 steps  26247168 sps   60,608 | ep_ret   -7.22 ep_len  869.6 (n=85) | pg -0.011 vf 0.011 kl 0.0141 lr 1.7e-04
[anomaly] it 267: explained variance -2.69 < 0 after warm-up: value function not predicting returns
[anomaly] it 267: terminal-step reward dominates the episode: survival is being punished
[anomaly] it 267: contact force 18939 N > 50x robot weight
it  268 steps  26345472 sps   60,611 | ep_ret   -8.30 ep_len  866.3 (n=89) | pg -0.010 vf 0.009 kl 0.0128 lr 1.1e-04
[anomaly] it 268: explained variance -3.31 < 0 after warm-up: value function not predicting returns
[anomaly] it 268: terminal-step reward dominates the episode: survival is being punished
it  269 steps  26443776 sps   60,613 | ep_ret   -7.71 ep_len  901.4 (n=91) | pg -0.010 vf 0.010 kl 0.0131 lr 1.7e-04
[anomaly] it 269: explained variance -3.35 < 0 after warm-up: value function not predicting returns
[anomaly] it 269: terminal-step reward dominates the episode: survival is being punished
it  270 steps  26542080 sps   60,615 | ep_ret   -8.70 ep_len  906.4 (n=98) | pg -0.010 vf 0.012 kl 0.0136 lr 1.1e-04
[anomaly] it 270: explained variance -4.05 < 0 after warm-up: value function not predicting returns
[anomaly] it 270: terminal-step reward dominates the episode: survival is being punished
it  271 steps  26640384 sps   60,616 | ep_ret   -7.67 ep_len  883.3 (n=103) | pg -0.010 vf 0.010 kl 0.0147 lr 3.8e-04
[anomaly] it 271: explained variance -3.19 < 0 after warm-up: value function not predicting returns
[anomaly] it 271: terminal-step reward dominates the episode: survival is being punished
it  272 steps  26738688 sps   60,618 | ep_ret   -7.64 ep_len  876.7 (n=107) | pg -0.008 vf 0.013 kl 0.0169 lr 7.6e-05
[anomaly] it 272: explained variance -2.29 < 0 after warm-up: value function not predicting returns
[anomaly] it 272: terminal-step reward dominates the episode: survival is being punished
it  273 steps  26836992 sps   60,620 | ep_ret   -8.09 ep_len  903.7 (n=105) | pg -0.009 vf 0.011 kl 0.0114 lr 1.1e-04
[anomaly] it 273: explained variance -2.48 < 0 after warm-up: value function not predicting returns
[anomaly] it 273: terminal-step reward dominates the episode: survival is being punished
it  274 steps  26935296 sps   60,623 | ep_ret   -8.34 ep_len  870.2 (n=89) | pg -0.010 vf 0.011 kl 0.0128 lr 1.7e-04
[anomaly] it 274: explained variance -3.07 < 0 after warm-up: value function not predicting returns
[anomaly] it 274: terminal-step reward dominates the episode: survival is being punished
it  275 steps  27033600 sps   60,626 | ep_ret   -8.24 ep_len  897.2 (n=120) | pg -0.010 vf 0.010 kl 0.0140 lr 1.7e-04
[anomaly] it 275: explained variance -2.88 < 0 after warm-up: value function not predicting returns
[anomaly] it 275: terminal-step reward dominates the episode: survival is being punished
it  276 steps  27131904 sps   60,623 | ep_ret   -8.07 ep_len  900.3 (n=111) | pg -0.011 vf 0.010 kl 0.0122 lr 1.7e-04
[anomaly] it 276: explained variance -3.61 < 0 after warm-up: value function not predicting returns
[anomaly] it 276: terminal-step reward dominates the episode: survival is being punished
it  277 steps  27230208 sps   60,618 | ep_ret   -7.07 ep_len  923.1 (n=112) | pg -0.011 vf 0.009 kl 0.0139 lr 3.8e-04
[anomaly] it 277: explained variance -3.33 < 0 after warm-up: value function not predicting returns
[anomaly] it 277: terminal-step reward dominates the episode: survival is being punished
it  278 steps  27328512 sps   60,619 | ep_ret   -7.86 ep_len  907.2 (n=127) | pg -0.010 vf 0.011 kl 0.0141 lr 1.1e-04
[anomaly] it 278: explained variance -2.16 < 0 after warm-up: value function not predicting returns
[anomaly] it 278: terminal-step reward dominates the episode: survival is being punished
it  279 steps  27426816 sps   60,621 | ep_ret   -7.27 ep_len  940.5 (n=115) | pg -0.011 vf 0.010 kl 0.0140 lr 2.6e-04
[anomaly] it 279: explained variance -4.49 < 0 after warm-up: value function not predicting returns
[anomaly] it 279: terminal-step reward dominates the episode: survival is being punished
it  280 steps  27525120 sps   60,622 | ep_ret   -7.99 ep_len  898.4 (n=122) | pg -0.010 vf 0.010 kl 0.0150 lr 7.6e-05
[anomaly] it 280: explained variance -2.09 < 0 after warm-up: value function not predicting returns
[anomaly] it 280: terminal-step reward dominates the episode: survival is being punished
it  281 steps  27623424 sps   60,624 | ep_ret   -7.29 ep_len  939.5 (n=134) | pg -0.009 vf 0.011 kl 0.0131 lr 1.1e-04
[anomaly] it 281: explained variance -4.89 < 0 after warm-up: value function not predicting returns
[anomaly] it 281: terminal-step reward dominates the episode: survival is being punished
it  282 steps  27721728 sps   60,626 | ep_ret   -7.23 ep_len  910.1 (n=133) | pg -0.010 vf 0.009 kl 0.0150 lr 3.8e-04
[anomaly] it 282: explained variance -3.02 < 0 after warm-up: value function not predicting returns
[anomaly] it 282: terminal-step reward dominates the episode: survival is being punished
it  283 steps  27820032 sps   60,629 | ep_ret   -8.02 ep_len  927.1 (n=138) | pg -0.010 vf 0.009 kl 0.0153 lr 1.1e-04
[anomaly] it 283: explained variance -2.49 < 0 after warm-up: value function not predicting returns
[anomaly] it 283: terminal-step reward dominates the episode: survival is being punished
it  284 steps  27918336 sps   60,630 | ep_ret   -8.00 ep_len  968.2 (n=103) | pg -0.011 vf 0.008 kl 0.0144 lr 3.8e-04
[anomaly] it 284: explained variance -6.59 < 0 after warm-up: value function not predicting returns
[anomaly] it 284: terminal-step reward dominates the episode: survival is being punished
it  285 steps  28016640 sps   60,631 | ep_ret   -7.99 ep_len  898.7 (n=117) | pg -0.009 vf 0.008 kl 0.0164 lr 7.6e-05
[anomaly] it 285: explained variance -2.90 < 0 after warm-up: value function not predicting returns
[anomaly] it 285: terminal-step reward dominates the episode: survival is being punished
it  286 steps  28114944 sps   60,634 | ep_ret   -7.43 ep_len  950.0 (n=121) | pg -0.009 vf 0.009 kl 0.0128 lr 1.1e-04
[anomaly] it 286: explained variance -5.53 < 0 after warm-up: value function not predicting returns
[anomaly] it 286: terminal-step reward dominates the episode: survival is being punished
[anomaly] it 286: contact force 17768 N > 50x robot weight
it  287 steps  28213248 sps   60,636 | ep_ret   -7.50 ep_len  912.4 (n=120) | pg -0.009 vf 0.008 kl 0.0115 lr 1.7e-04
[anomaly] it 287: explained variance -4.03 < 0 after warm-up: value function not predicting returns
[anomaly] it 287: terminal-step reward dominates the episode: survival is being punished
it  288 steps  28311552 sps   60,639 | ep_ret   -6.98 ep_len  950.6 (n=147) | pg -0.011 vf 0.006 kl 0.0135 lr 2.6e-04
[anomaly] it 288: explained variance -3.28 < 0 after warm-up: value function not predicting returns
[anomaly] it 288: terminal-step reward dominates the episode: survival is being punished
it  289 steps  28409856 sps   60,642 | ep_ret   -7.62 ep_len  944.2 (n=97) | pg -0.010 vf 0.007 kl 0.0142 lr 2.6e-04
[anomaly] it 289: explained variance -4.57 < 0 after warm-up: value function not predicting returns
[anomaly] it 289: terminal-step reward dominates the episode: survival is being punished
it  290 steps  28508160 sps   60,644 | ep_ret   -7.69 ep_len  945.0 (n=119) | pg -0.010 vf 0.007 kl 0.0140 lr 2.6e-04
[anomaly] it 290: explained variance -3.26 < 0 after warm-up: value function not predicting returns
[anomaly] it 290: terminal-step reward dominates the episode: survival is being punished
it  291 steps  28606464 sps   60,648 | ep_ret   -7.35 ep_len  945.9 (n=118) | pg -0.011 vf 0.008 kl 0.0163 lr 3.8e-04
[anomaly] it 291: explained variance -5.50 < 0 after warm-up: value function not predicting returns
[anomaly] it 291: terminal-step reward dominates the episode: survival is being punished
it  292 steps  28704768 sps   60,651 | ep_ret   -7.54 ep_len  930.9 (n=109) | pg -0.009 vf 0.009 kl 0.0148 lr 7.6e-05
[anomaly] it 292: explained variance -3.28 < 0 after warm-up: value function not predicting returns
[anomaly] it 292: terminal-step reward dominates the episode: survival is being punished
it  293 steps  28803072 sps   60,655 | ep_ret   -7.21 ep_len  922.2 (n=112) | pg -0.009 vf 0.009 kl 0.0128 lr 1.1e-04
[anomaly] it 293: explained variance -3.57 < 0 after warm-up: value function not predicting returns
[anomaly] it 293: terminal-step reward dominates the episode: survival is being punished
it  294 steps  28901376 sps   60,658 | ep_ret   -8.32 ep_len  935.1 (n=96) | pg -0.010 vf 0.008 kl 0.0137 lr 1.7e-04
[anomaly] it 294: explained variance -4.38 < 0 after warm-up: value function not predicting returns
[anomaly] it 294: terminal-step reward dominates the episode: survival is being punished
it  295 steps  28999680 sps   60,662 | ep_ret   -7.88 ep_len  933.8 (n=114) | pg -0.011 vf 0.010 kl 0.0150 lr 3.8e-04
[anomaly] it 295: explained variance -3.28 < 0 after warm-up: value function not predicting returns
[anomaly] it 295: terminal-step reward dominates the episode: survival is being punished
it  296 steps  29097984 sps   60,666 | ep_ret   -8.09 ep_len  920.9 (n=92) | pg -0.009 vf 0.011 kl 0.0141 lr 1.1e-04
[anomaly] it 296: explained variance -3.91 < 0 after warm-up: value function not predicting returns
[anomaly] it 296: terminal-step reward dominates the episode: survival is being punished
[anomaly] it 296: contact force 16022 N > 50x robot weight
it  297 steps  29196288 sps   60,668 | ep_ret   -7.53 ep_len  898.8 (n=108) | pg -0.010 vf 0.010 kl 0.0140 lr 1.7e-04
[anomaly] it 297: explained variance -2.65 < 0 after warm-up: value function not predicting returns
[anomaly] it 297: terminal-step reward dominates the episode: survival is being punished
it  298 steps  29294592 sps   60,671 | ep_ret   -7.75 ep_len  912.2 (n=106) | pg -0.010 vf 0.011 kl 0.0160 lr 1.7e-04
[anomaly] it 298: explained variance -2.82 < 0 after warm-up: value function not predicting returns
[anomaly] it 298: terminal-step reward dominates the episode: survival is being punished
it  299 steps  29392896 sps   60,674 | ep_ret   -7.69 ep_len  888.6 (n=106) | pg -0.011 vf 0.011 kl 0.0169 lr 2.6e-04
[anomaly] it 299: explained variance -2.94 < 0 after warm-up: value function not predicting returns
[anomaly] it 299: terminal-step reward dominates the episode: survival is being punished
[anomaly] it 299: contact force 18484 N > 50x robot weight
it  300 steps  29491200 sps   60,677 | ep_ret   -7.64 ep_len  890.1 (n=91) | pg -0.010 vf 0.010 kl 0.0148 lr 2.6e-04
[anomaly] it 300: explained variance -2.70 < 0 after warm-up: value function not predicting returns
[anomaly] it 300: terminal-step reward dominates the episode: survival is being punished
it  301 steps  29589504 sps   60,679 | ep_ret   -7.54 ep_len  888.3 (n=75) | pg -0.010 vf 0.009 kl 0.0144 lr 2.6e-04
[anomaly] it 301: explained variance -3.94 < 0 after warm-up: value function not predicting returns
[anomaly] it 301: terminal-step reward dominates the episode: survival is being punished
it  302 steps  29687808 sps   60,682 | ep_ret   -7.09 ep_len  902.9 (n=83) | pg -0.010 vf 0.012 kl 0.0138 lr 1.1e-04
[anomaly] it 302: explained variance -2.88 < 0 after warm-up: value function not predicting returns
[anomaly] it 302: terminal-step reward dominates the episode: survival is being punished
it  303 steps  29786112 sps   60,682 | ep_ret   -7.50 ep_len  901.0 (n=87) | pg -0.011 vf 0.009 kl 0.0138 lr 2.6e-04
[anomaly] it 303: explained variance -3.63 < 0 after warm-up: value function not predicting returns
[anomaly] it 303: terminal-step reward dominates the episode: survival is being punished
it  304 steps  29884416 sps   60,679 | ep_ret   -7.40 ep_len  894.7 (n=105) | pg -0.010 vf 0.010 kl 0.0146 lr 7.6e-05
[anomaly] it 304: explained variance -1.81 < 0 after warm-up: value function not predicting returns
[anomaly] it 304: terminal-step reward dominates the episode: survival is being punished
it  305 steps  29982720 sps   60,680 | ep_ret   -7.12 ep_len  935.6 (n=94) | pg -0.010 vf 0.010 kl 0.0125 lr 2.6e-04
[anomaly] it 305: explained variance -4.28 < 0 after warm-up: value function not predicting returns
[anomaly] it 305: terminal-step reward dominates the episode: survival is being punished
it  306 steps  30081024 sps   60,682 | ep_ret   -7.10 ep_len  898.0 (n=97) | pg -0.009 vf 0.012 kl 0.0151 lr 1.1e-04
[anomaly] it 306: explained variance -4.58 < 0 after warm-up: value function not predicting returns
[anomaly] it 306: terminal-step reward dominates the episode: survival is being punished
it  307 steps  30179328 sps   60,683 | ep_ret   -7.43 ep_len  898.6 (n=97) | pg -0.011 vf 0.010 kl 0.0149 lr 1.7e-04
[anomaly] it 307: explained variance -3.40 < 0 after warm-up: value function not predicting returns
[anomaly] it 307: terminal-step reward dominates the episode: survival is being punished
it  308 steps  30277632 sps   60,685 | ep_ret   -7.09 ep_len  878.2 (n=102) | pg -0.010 vf 0.013 kl 0.0147 lr 7.6e-05
[anomaly] it 308: explained variance -2.64 < 0 after warm-up: value function not predicting returns
[anomaly] it 308: terminal-step reward dominates the episode: survival is being punished
it  309 steps  30375936 sps   60,686 | ep_ret   -6.75 ep_len  899.4 (n=95) | pg -0.009 vf 0.011 kl 0.0128 lr 1.1e-04
[anomaly] it 309: explained variance -2.36 < 0 after warm-up: value function not predicting returns
[anomaly] it 309: terminal-step reward dominates the episode: survival is being punished
it  310 steps  30474240 sps   60,689 | ep_ret   -7.81 ep_len  888.6 (n=103) | pg -0.009 vf 0.011 kl 0.0139 lr 7.6e-05
[anomaly] it 310: explained variance -2.09 < 0 after warm-up: value function not predicting returns
[anomaly] it 310: terminal-step reward dominates the episode: survival is being punished
it  311 steps  30572544 sps   60,692 | ep_ret   -6.74 ep_len  913.1 (n=94) | pg -0.009 vf 0.011 kl 0.0138 lr 7.6e-05
[anomaly] it 311: explained variance -2.89 < 0 after warm-up: value function not predicting returns
[anomaly] it 311: terminal-step reward dominates the episode: survival is being punished
it  312 steps  30670848 sps   60,694 | ep_ret   -7.73 ep_len  889.1 (n=101) | pg -0.008 vf 0.012 kl 0.0156 lr 3.4e-05
[anomaly] it 312: explained variance -2.62 < 0 after warm-up: value function not predicting returns
[anomaly] it 312: terminal-step reward dominates the episode: survival is being punished
it  313 steps  30769152 sps   60,695 | ep_ret   -6.01 ep_len  878.9 (n=95) | pg -0.008 vf 0.011 kl 0.0119 lr 7.6e-05
[anomaly] it 313: explained variance -2.69 < 0 after warm-up: value function not predicting returns
[anomaly] it 313: terminal-step reward dominates the episode: survival is being punished
it  314 steps  30867456 sps   60,692 | ep_ret   -7.20 ep_len  916.1 (n=109) | pg -0.009 vf 0.010 kl 0.0125 lr 1.7e-04
[anomaly] it 314: explained variance -2.47 < 0 after warm-up: value function not predicting returns
[anomaly] it 314: terminal-step reward dominates the episode: survival is being punished
[anomaly] it 314: contact force 20829 N > 50x robot weight
it  315 steps  30965760 sps   60,691 | ep_ret   -7.22 ep_len  896.7 (n=111) | pg -0.010 vf 0.012 kl 0.0140 lr 1.7e-04
[anomaly] it 315: explained variance -1.92 < 0 after warm-up: value function not predicting returns
[anomaly] it 315: terminal-step reward dominates the episode: survival is being punished
it  316 steps  31064064 sps   60,683 | ep_ret   -6.38 ep_len  946.8 (n=108) | pg -0.009 vf 0.010 kl 0.0145 lr 7.6e-05
[anomaly] it 316: explained variance -3.48 < 0 after warm-up: value function not predicting returns
[anomaly] it 316: terminal-step reward dominates the episode: survival is being punished
it  317 steps  31162368 sps   60,678 | ep_ret   -6.91 ep_len  900.5 (n=121) | pg -0.010 vf 0.011 kl 0.0137 lr 2.6e-04
[anomaly] it 317: explained variance -2.68 < 0 after warm-up: value function not predicting returns
[anomaly] it 317: terminal-step reward dominates the episode: survival is being punished
it  318 steps  31260672 sps   60,673 | ep_ret   -6.92 ep_len  913.9 (n=109) | pg -0.011 vf 0.010 kl 0.0150 lr 2.6e-04
[anomaly] it 318: explained variance -2.87 < 0 after warm-up: value function not predicting returns
[anomaly] it 318: terminal-step reward dominates the episode: survival is being punished
it  319 steps  31358976 sps   60,668 | ep_ret   -6.32 ep_len  906.1 (n=119) | pg -0.009 vf 0.011 kl 0.0133 lr 1.7e-04
[anomaly] it 319: explained variance -2.40 < 0 after warm-up: value function not predicting returns
[anomaly] it 319: terminal-step reward dominates the episode: survival is being punished
it  320 steps  31457280 sps   60,666 | ep_ret   -7.41 ep_len  951.8 (n=133) | pg -0.010 vf 0.010 kl 0.0153 lr 2.6e-04
[anomaly] it 320: explained variance -3.34 < 0 after warm-up: value function not predicting returns
[anomaly] it 320: terminal-step reward dominates the episode: survival is being punished
it  321 steps  31555584 sps   60,666 | ep_ret   -6.36 ep_len  925.2 (n=106) | pg -0.010 vf 0.009 kl 0.0144 lr 1.7e-04
[anomaly] it 321: explained variance -3.48 < 0 after warm-up: value function not predicting returns
[anomaly] it 321: terminal-step reward dominates the episode: survival is being punished
it  322 steps  31653888 sps   60,668 | ep_ret   -6.71 ep_len  945.8 (n=121) | pg -0.010 vf 0.009 kl 0.0132 lr 1.1e-04
[anomaly] it 322: explained variance -4.13 < 0 after warm-up: value function not predicting returns
[anomaly] it 322: terminal-step reward dominates the episode: survival is being punished
it  323 steps  31752192 sps   60,671 | ep_ret   -6.78 ep_len  943.1 (n=125) | pg -0.011 vf 0.010 kl 0.0149 lr 1.7e-04
[anomaly] it 323: explained variance -4.44 < 0 after warm-up: value function not predicting returns
[anomaly] it 323: terminal-step reward dominates the episode: survival is being punished
it  324 steps  31850496 sps   60,673 | ep_ret   -6.99 ep_len  946.8 (n=145) | pg -0.011 vf 0.011 kl 0.0153 lr 2.6e-04
[anomaly] it 324: explained variance -2.42 < 0 after warm-up: value function not predicting returns
[anomaly] it 324: terminal-step reward dominates the episode: survival is being punished
it  325 steps  31948800 sps   60,675 | ep_ret   -6.62 ep_len  916.8 (n=112) | pg -0.010 vf 0.010 kl 0.0130 lr 1.7e-04
[anomaly] it 325: explained variance -2.54 < 0 after warm-up: value function not predicting returns
[anomaly] it 325: terminal-step reward dominates the episode: survival is being punished
it  326 steps  32047104 sps   60,676 | ep_ret   -7.23 ep_len  954.5 (n=113) | pg -0.011 vf 0.012 kl 0.0155 lr 2.6e-04
[anomaly] it 326: explained variance -2.77 < 0 after warm-up: value function not predicting returns
[anomaly] it 326: terminal-step reward dominates the episode: survival is being punished
it  327 steps  32145408 sps   60,676 | ep_ret   -7.01 ep_len  923.4 (n=107) | pg -0.010 vf 0.012 kl 0.0146 lr 2.6e-04
[anomaly] it 327: explained variance -3.53 < 0 after warm-up: value function not predicting returns
[anomaly] it 327: terminal-step reward dominates the episode: survival is being punished
it  328 steps  32243712 sps   60,671 | ep_ret   -6.52 ep_len  914.2 (n=121) | pg -0.009 vf 0.012 kl 0.0149 lr 1.7e-04
[anomaly] it 328: explained variance -2.08 < 0 after warm-up: value function not predicting returns
[anomaly] it 328: terminal-step reward dominates the episode: survival is being punished
it  329 steps  32342016 sps   60,667 | ep_ret   -6.28 ep_len  908.7 (n=119) | pg -0.010 vf 0.012 kl 0.0143 lr 1.7e-04
[anomaly] it 329: explained variance -2.76 < 0 after warm-up: value function not predicting returns
[anomaly] it 329: terminal-step reward dominates the episode: survival is being punished
it  330 steps  32440320 sps   60,668 | ep_ret   -6.09 ep_len  935.7 (n=123) | pg -0.011 vf 0.013 kl 0.0137 lr 1.1e-04
[anomaly] it 330: explained variance -3.97 < 0 after warm-up: value function not predicting returns
[anomaly] it 330: terminal-step reward dominates the episode: survival is being punished
it  331 steps  32538624 sps   60,670 | ep_ret   -6.73 ep_len  906.7 (n=99) | pg -0.010 vf 0.012 kl 0.0129 lr 1.7e-04
[anomaly] it 331: explained variance -3.91 < 0 after warm-up: value function not predicting returns
[anomaly] it 331: terminal-step reward dominates the episode: survival is being punished
it  332 steps  32636928 sps   60,673 | ep_ret   -6.41 ep_len  907.8 (n=118) | pg -0.010 vf 0.014 kl 0.0148 lr 1.7e-04
[anomaly] it 332: explained variance -2.02 < 0 after warm-up: value function not predicting returns
[anomaly] it 332: terminal-step reward dominates the episode: survival is being punished
it  333 steps  32735232 sps   60,674 | ep_ret   -6.28 ep_len  896.8 (n=130) | pg -0.010 vf 0.014 kl 0.0156 lr 1.1e-04
[anomaly] it 333: explained variance -2.63 < 0 after warm-up: value function not predicting returns
[anomaly] it 333: terminal-step reward dominates the episode: survival is being punished
it  334 steps  32833536 sps   60,675 | ep_ret   -6.51 ep_len  869.3 (n=127) | pg -0.010 vf 0.011 kl 0.0135 lr 1.7e-04
[anomaly] it 334: explained variance -1.40 < 0 after warm-up: value function not predicting returns
[anomaly] it 334: terminal-step reward dominates the episode: survival is being punished
it  335 steps  32931840 sps   60,676 | ep_ret   -6.22 ep_len  932.7 (n=99) | pg -0.010 vf 0.013 kl 0.0137 lr 1.7e-04
[anomaly] it 335: explained variance -3.50 < 0 after warm-up: value function not predicting returns
[anomaly] it 335: terminal-step reward dominates the episode: survival is being punished
it  336 steps  33030144 sps   60,679 | ep_ret   -6.35 ep_len  948.1 (n=107) | pg -0.010 vf 0.011 kl 0.0165 lr 3.8e-04
[anomaly] it 336: explained variance -2.65 < 0 after warm-up: value function not predicting returns
[anomaly] it 336: terminal-step reward dominates the episode: survival is being punished
it  337 steps  33128448 sps   60,683 | ep_ret   -6.52 ep_len  894.3 (n=92) | pg -0.010 vf 0.012 kl 0.0135 lr 1.7e-04
[anomaly] it 337: explained variance -3.40 < 0 after warm-up: value function not predicting returns
[anomaly] it 337: terminal-step reward dominates the episode: survival is being punished
it  338 steps  33226752 sps   60,687 | ep_ret   -6.75 ep_len  902.5 (n=94) | pg -0.010 vf 0.012 kl 0.0148 lr 2.6e-04
[anomaly] it 338: explained variance -1.96 < 0 after warm-up: value function not predicting returns
[anomaly] it 338: terminal-step reward dominates the episode: survival is being punished
it  339 steps  33325056 sps   60,690 | ep_ret   -6.89 ep_len  932.9 (n=97) | pg -0.010 vf 0.010 kl 0.0142 lr 1.7e-04
[anomaly] it 339: explained variance -3.04 < 0 after warm-up: value function not predicting returns
[anomaly] it 339: terminal-step reward dominates the episode: survival is being punished
it  340 steps  33423360 sps   60,694 | ep_ret   -6.56 ep_len  912.2 (n=117) | pg -0.010 vf 0.012 kl 0.0141 lr 7.6e-05
[anomaly] it 340: explained variance -2.94 < 0 after warm-up: value function not predicting returns
[anomaly] it 340: terminal-step reward dominates the episode: survival is being punished
it  341 steps  33521664 sps   60,697 | ep_ret   -6.50 ep_len  847.9 (n=102) | pg -0.010 vf 0.012 kl 0.0127 lr 2.6e-04
[anomaly] it 341: explained variance -1.61 < 0 after warm-up: value function not predicting returns
[anomaly] it 341: terminal-step reward dominates the episode: survival is being punished
[anomaly] it 341: contact force 22472 N > 50x robot weight
it  342 steps  33619968 sps   60,701 | ep_ret   -6.00 ep_len  933.3 (n=91) | pg -0.009 vf 0.013 kl 0.0135 lr 1.1e-04
[anomaly] it 342: explained variance -2.92 < 0 after warm-up: value function not predicting returns
[anomaly] it 342: terminal-step reward dominates the episode: survival is being punished
it  343 steps  33718272 sps   60,704 | ep_ret   -6.35 ep_len  869.7 (n=91) | pg -0.010 vf 0.012 kl 0.0143 lr 2.6e-04
[anomaly] it 343: explained variance -1.82 < 0 after warm-up: value function not predicting returns
[anomaly] it 343: terminal-step reward dominates the episode: survival is being punished
it  344 steps  33816576 sps   60,706 | ep_ret   -6.96 ep_len  912.6 (n=82) | pg -0.009 vf 0.011 kl 0.0130 lr 1.7e-04
[anomaly] it 344: explained variance -2.95 < 0 after warm-up: value function not predicting returns
[anomaly] it 344: terminal-step reward dominates the episode: survival is being punished
it  345 steps  33914880 sps   60,709 | ep_ret   -6.18 ep_len  857.1 (n=81) | pg -0.010 vf 0.011 kl 0.0148 lr 1.7e-04
[anomaly] it 345: explained variance -1.88 < 0 after warm-up: value function not predicting returns
[anomaly] it 345: terminal-step reward dominates the episode: survival is being punished
it  346 steps  34013184 sps   60,709 | ep_ret   -5.97 ep_len  919.3 (n=101) | pg -0.010 vf 0.009 kl 0.0150 lr 2.6e-04
[anomaly] it 346: explained variance -1.98 < 0 after warm-up: value function not predicting returns
[anomaly] it 346: terminal-step reward dominates the episode: survival is being punished
it  347 steps  34111488 sps   60,712 | ep_ret   -6.18 ep_len  930.2 (n=98) | pg -0.009 vf 0.010 kl 0.0145 lr 1.1e-04
[anomaly] it 347: explained variance -3.55 < 0 after warm-up: value function not predicting returns
[anomaly] it 347: terminal-step reward dominates the episode: survival is being punished
it  348 steps  34209792 sps   60,716 | ep_ret   -6.40 ep_len  939.2 (n=87) | pg -0.010 vf 0.010 kl 0.0143 lr 2.6e-04
[anomaly] it 348: explained variance -2.41 < 0 after warm-up: value function not predicting returns
[anomaly] it 348: terminal-step reward dominates the episode: survival is being punished
it  349 steps  34308096 sps   60,716 | ep_ret   -6.02 ep_len  929.7 (n=105) | pg -0.010 vf 0.010 kl 0.0144 lr 2.6e-04
[anomaly] it 349: explained variance -2.47 < 0 after warm-up: value function not predicting returns
[anomaly] it 349: terminal-step reward dominates the episode: survival is being punished
it  350 steps  34406400 sps   60,719 | ep_ret   -6.20 ep_len  914.0 (n=89) | pg -0.010 vf 0.013 kl 0.0143 lr 1.7e-04
[anomaly] it 350: explained variance -2.14 < 0 after warm-up: value function not predicting returns
[anomaly] it 350: terminal-step reward dominates the episode: survival is being punished
it  351 steps  34504704 sps   60,723 | ep_ret   -6.45 ep_len  915.6 (n=103) | pg -0.009 vf 0.014 kl 0.0151 lr 7.6e-05
[anomaly] it 351: explained variance -1.90 < 0 after warm-up: value function not predicting returns
[anomaly] it 351: terminal-step reward dominates the episode: survival is being punished
it  352 steps  34603008 sps   60,727 | ep_ret   -6.57 ep_len  930.4 (n=96) | pg -0.010 vf 0.011 kl 0.0129 lr 2.6e-04
[anomaly] it 352: explained variance -2.12 < 0 after warm-up: value function not predicting returns
[anomaly] it 352: terminal-step reward dominates the episode: survival is being punished
[anomaly] it 352: contact force 17665 N > 50x robot weight
it  353 steps  34701312 sps   60,732 | ep_ret   -6.42 ep_len  897.9 (n=110) | pg -0.010 vf 0.012 kl 0.0152 lr 1.7e-04
[anomaly] it 353: explained variance -1.96 < 0 after warm-up: value function not predicting returns
[anomaly] it 353: terminal-step reward dominates the episode: survival is being punished
it  354 steps  34799616 sps   60,736 | ep_ret   -6.08 ep_len  899.9 (n=99) | pg -0.010 vf 0.011 kl 0.0134 lr 1.7e-04
[anomaly] it 354: explained variance -1.96 < 0 after warm-up: value function not predicting returns
[anomaly] it 354: terminal-step reward dominates the episode: survival is being punished
it  355 steps  34897920 sps   60,740 | ep_ret   -5.85 ep_len  937.3 (n=113) | pg -0.010 vf 0.012 kl 0.0147 lr 2.6e-04
[anomaly] it 355: explained variance -3.24 < 0 after warm-up: value function not predicting returns
[anomaly] it 355: terminal-step reward dominates the episode: survival is being punished
it  356 steps  34996224 sps   60,745 | ep_ret   -5.95 ep_len  927.2 (n=104) | pg -0.010 vf 0.009 kl 0.0139 lr 1.7e-04
[anomaly] it 356: explained variance -2.26 < 0 after warm-up: value function not predicting returns
[anomaly] it 356: terminal-step reward dominates the episode: survival is being punished
it  357 steps  35094528 sps   60,750 | ep_ret   -5.82 ep_len  909.0 (n=102) | pg -0.010 vf 0.011 kl 0.0145 lr 2.6e-04
[anomaly] it 357: explained variance -1.81 < 0 after warm-up: value function not predicting returns
[anomaly] it 357: terminal-step reward dominates the episode: survival is being punished
it  358 steps  35192832 sps   60,755 | ep_ret   -5.60 ep_len  929.4 (n=110) | pg -0.008 vf 0.011 kl 0.0145 lr 1.1e-04
[anomaly] it 358: explained variance -3.16 < 0 after warm-up: value function not predicting returns
[anomaly] it 358: terminal-step reward dominates the episode: survival is being punished
it  359 steps  35291136 sps   60,760 | ep_ret   -6.09 ep_len  933.6 (n=110) | pg -0.011 vf 0.009 kl 0.0140 lr 1.7e-04
[anomaly] it 359: explained variance -1.57 < 0 after warm-up: value function not predicting returns
[anomaly] it 359: terminal-step reward dominates the episode: survival is being punished
it  360 steps  35389440 sps   60,764 | ep_ret   -5.71 ep_len  946.5 (n=109) | pg -0.010 vf 0.010 kl 0.0146 lr 1.7e-04
[anomaly] it 360: explained variance -1.87 < 0 after warm-up: value function not predicting returns
[anomaly] it 360: terminal-step reward dominates the episode: survival is being punished
it  361 steps  35487744 sps   60,769 | ep_ret   -5.38 ep_len  954.9 (n=120) | pg -0.010 vf 0.011 kl 0.0124 lr 1.1e-04
[anomaly] it 361: explained variance -2.77 < 0 after warm-up: value function not predicting returns
[anomaly] it 361: terminal-step reward dominates the episode: survival is being punished
it  362 steps  35586048 sps   60,772 | ep_ret   -5.27 ep_len  941.0 (n=118) | pg -0.010 vf 0.010 kl 0.0132 lr 1.7e-04
[anomaly] it 362: explained variance -2.35 < 0 after warm-up: value function not predicting returns
[anomaly] it 362: terminal-step reward dominates the episode: survival is being punished
it  363 steps  35684352 sps   60,769 | ep_ret   -5.90 ep_len  930.1 (n=112) | pg -0.010 vf 0.010 kl 0.0138 lr 1.7e-04
[anomaly] it 363: explained variance -2.00 < 0 after warm-up: value function not predicting returns
[anomaly] it 363: terminal-step reward dominates the episode: survival is being punished
it  364 steps  35782656 sps   60,772 | ep_ret   -5.77 ep_len  947.4 (n=123) | pg -0.010 vf 0.012 kl 0.0149 lr 7.6e-05
[anomaly] it 364: explained variance -2.77 < 0 after warm-up: value function not predicting returns
[anomaly] it 364: terminal-step reward dominates the episode: survival is being punished
[anomaly] it 364: contact force 25101 N > 50x robot weight
it  365 steps  35880960 sps   60,774 | ep_ret   -5.36 ep_len  919.9 (n=134) | pg -0.010 vf 0.012 kl 0.0136 lr 2.6e-04
[anomaly] it 365: explained variance -1.10 < 0 after warm-up: value function not predicting returns
[anomaly] it 365: terminal-step reward dominates the episode: survival is being punished
it  366 steps  35979264 sps   60,777 | ep_ret   -5.48 ep_len  929.6 (n=121) | pg -0.009 vf 0.011 kl 0.0134 lr 1.7e-04
[anomaly] it 366: explained variance -2.28 < 0 after warm-up: value function not predicting returns
[anomaly] it 366: terminal-step reward dominates the episode: survival is being punished
it  367 steps  36077568 sps   60,780 | ep_ret   -5.60 ep_len  919.0 (n=103) | pg -0.010 vf 0.011 kl 0.0157 lr 2.6e-04
[anomaly] it 367: explained variance -2.11 < 0 after warm-up: value function not predicting returns
[anomaly] it 367: terminal-step reward dominates the episode: survival is being punished
it  368 steps  36175872 sps   60,783 | ep_ret   -5.94 ep_len  878.3 (n=107) | pg -0.010 vf 0.007 kl 0.0159 lr 3.8e-04
[anomaly] it 368: explained variance -0.98 < 0 after warm-up: value function not predicting returns
[anomaly] it 368: terminal-step reward dominates the episode: survival is being punished
it  369 steps  36274176 sps   60,787 | ep_ret   -5.06 ep_len  950.6 (n=107) | pg -0.009 vf 0.011 kl 0.0133 lr 1.7e-04
[anomaly] it 369: explained variance -4.10 < 0 after warm-up: value function not predicting returns
[anomaly] it 369: terminal-step reward dominates the episode: survival is being punished
it  370 steps  36372480 sps   60,790 | ep_ret   -5.03 ep_len  933.4 (n=119) | pg -0.010 vf 0.010 kl 0.0155 lr 2.6e-04
[anomaly] it 370: explained variance -2.78 < 0 after warm-up: value function not predicting returns
[anomaly] it 370: terminal-step reward dominates the episode: survival is being punished
it  371 steps  36470784 sps   60,793 | ep_ret   -5.03 ep_len  943.5 (n=127) | pg -0.009 vf 0.011 kl 0.0141 lr 1.7e-04
[anomaly] it 371: explained variance -2.64 < 0 after warm-up: value function not predicting returns
[anomaly] it 371: terminal-step reward dominates the episode: survival is being punished
it  372 steps  36569088 sps   60,797 | ep_ret   -5.19 ep_len  942.9 (n=113) | pg -0.010 vf 0.011 kl 0.0162 lr 1.7e-04
[anomaly] it 372: explained variance -1.66 < 0 after warm-up: value function not predicting returns
[anomaly] it 372: terminal-step reward dominates the episode: survival is being punished
it  373 steps  36667392 sps   60,800 | ep_ret   -5.49 ep_len  902.5 (n=101) | pg -0.010 vf 0.010 kl 0.0147 lr 1.7e-04
[anomaly] it 373: explained variance -2.23 < 0 after warm-up: value function not predicting returns
[anomaly] it 373: terminal-step reward dominates the episode: survival is being punished
it  374 steps  36765696 sps   60,804 | ep_ret   -4.92 ep_len  954.0 (n=105) | pg -0.010 vf 0.010 kl 0.0150 lr 2.6e-04
[anomaly] it 374: explained variance -2.68 < 0 after warm-up: value function not predicting returns
[anomaly] it 374: terminal-step reward dominates the episode: survival is being punished
it  375 steps  36864000 sps   60,807 | ep_ret   -4.71 ep_len  923.8 (n=120) | pg -0.011 vf 0.008 kl 0.0150 lr 2.6e-04
[anomaly] it 375: explained variance -2.32 < 0 after warm-up: value function not predicting returns
[anomaly] it 375: terminal-step reward dominates the episode: survival is being punished
it  376 steps  36962304 sps   60,810 | ep_ret   -5.35 ep_len  937.0 (n=108) | pg -0.008 vf 0.010 kl 0.0139 lr 1.7e-04
[anomaly] it 376: explained variance -2.74 < 0 after warm-up: value function not predicting returns
[anomaly] it 376: terminal-step reward dominates the episode: survival is being punished
it  377 steps  37060608 sps   60,813 | ep_ret   -4.73 ep_len  938.5 (n=91) | pg -0.010 vf 0.010 kl 0.0137 lr 2.6e-04
[anomaly] it 377: explained variance -2.43 < 0 after warm-up: value function not predicting returns
[anomaly] it 377: terminal-step reward dominates the episode: survival is being punished
it  378 steps  37158912 sps   60,817 | ep_ret   -4.66 ep_len  950.5 (n=116) | pg -0.009 vf 0.014 kl 0.0133 lr 1.1e-04
[anomaly] it 378: explained variance -2.91 < 0 after warm-up: value function not predicting returns
[anomaly] it 378: terminal-step reward dominates the episode: survival is being punished
it  379 steps  37257216 sps   60,820 | ep_ret   -4.93 ep_len  905.2 (n=84) | pg -0.010 vf 0.010 kl 0.0138 lr 1.1e-04
[anomaly] it 379: explained variance -2.50 < 0 after warm-up: value function not predicting returns
[anomaly] it 379: terminal-step reward dominates the episode: survival is being punished
it  380 steps  37355520 sps   60,823 | ep_ret   -4.82 ep_len  920.8 (n=106) | pg -0.009 vf 0.011 kl 0.0138 lr 1.1e-04
[anomaly] it 380: explained variance -1.72 < 0 after warm-up: value function not predicting returns
[anomaly] it 380: terminal-step reward dominates the episode: survival is being punished
it  381 steps  37453824 sps   60,826 | ep_ret   -4.81 ep_len  926.7 (n=106) | pg -0.009 vf 0.012 kl 0.0138 lr 1.7e-04
[anomaly] it 381: explained variance -2.65 < 0 after warm-up: value function not predicting returns
[anomaly] it 381: terminal-step reward dominates the episode: survival is being punished
it  382 steps  37552128 sps   60,830 | ep_ret   -4.47 ep_len  942.0 (n=120) | pg -0.010 vf 0.013 kl 0.0148 lr 2.6e-04
[anomaly] it 382: explained variance -2.56 < 0 after warm-up: value function not predicting returns
[anomaly] it 382: terminal-step reward dominates the episode: survival is being punished
it  383 steps  37650432 sps   60,833 | ep_ret   -4.87 ep_len  903.2 (n=92) | pg -0.010 vf 0.011 kl 0.0145 lr 1.7e-04
[anomaly] it 383: explained variance -2.27 < 0 after warm-up: value function not predicting returns
[anomaly] it 383: terminal-step reward dominates the episode: survival is being punished
it  384 steps  37748736 sps   60,836 | ep_ret   -4.66 ep_len  893.8 (n=105) | pg -0.010 vf 0.009 kl 0.0136 lr 2.6e-04
[anomaly] it 384: explained variance -1.68 < 0 after warm-up: value function not predicting returns
[anomaly] it 384: terminal-step reward dominates the episode: survival is being punished
it  385 steps  37847040 sps   60,840 | ep_ret   -4.86 ep_len  877.9 (n=86) | pg -0.010 vf 0.009 kl 0.0154 lr 1.1e-04
[anomaly] it 385: explained variance -1.03 < 0 after warm-up: value function not predicting returns
[anomaly] it 385: terminal-step reward dominates the episode: survival is being punished
it  386 steps  37945344 sps   60,843 | ep_ret   -4.79 ep_len  921.9 (n=86) | pg -0.010 vf 0.013 kl 0.0138 lr 7.6e-05
[anomaly] it 386: explained variance -3.90 < 0 after warm-up: value function not predicting returns
[anomaly] it 386: terminal-step reward dominates the episode: survival is being punished
it  387 steps  38043648 sps   60,846 | ep_ret   -3.91 ep_len  915.7 (n=89) | pg -0.010 vf 0.014 kl 0.0138 lr 2.6e-04
[anomaly] it 387: explained variance -2.71 < 0 after warm-up: value function not predicting returns
[anomaly] it 387: terminal-step reward dominates the episode: survival is being punished
it  388 steps  38141952 sps   60,849 | ep_ret   -4.48 ep_len  875.9 (n=109) | pg -0.009 vf 0.011 kl 0.0147 lr 1.7e-04
[anomaly] it 388: explained variance -0.96 < 0 after warm-up: value function not predicting returns
[anomaly] it 388: terminal-step reward dominates the episode: survival is being punished
it  389 steps  38240256 sps   60,851 | ep_ret   -4.47 ep_len  913.4 (n=93) | pg -0.010 vf 0.012 kl 0.0143 lr 2.6e-04
[anomaly] it 389: explained variance -1.99 < 0 after warm-up: value function not predicting returns
[anomaly] it 389: terminal-step reward dominates the episode: survival is being punished
it  390 steps  38338560 sps   60,855 | ep_ret   -4.40 ep_len  871.9 (n=104) | pg -0.009 vf 0.011 kl 0.0138 lr 1.7e-04
[anomaly] it 390: explained variance -1.20 < 0 after warm-up: value function not predicting returns
[anomaly] it 390: terminal-step reward dominates the episode: survival is being punished
it  391 steps  38436864 sps   60,855 | ep_ret   -4.16 ep_len  917.4 (n=104) | pg -0.010 vf 0.010 kl 0.0148 lr 2.6e-04
[anomaly] it 391: explained variance -1.19 < 0 after warm-up: value function not predicting returns
[anomaly] it 391: terminal-step reward dominates the episode: survival is being punished
it  392 steps  38535168 sps   60,858 | ep_ret   -4.49 ep_len  923.6 (n=95) | pg -0.010 vf 0.010 kl 0.0138 lr 1.7e-04
[anomaly] it 392: explained variance -1.50 < 0 after warm-up: value function not predicting returns
[anomaly] it 392: terminal-step reward dominates the episode: survival is being punished
it  393 steps  38633472 sps   60,862 | ep_ret   -4.24 ep_len  928.9 (n=99) | pg -0.009 vf 0.012 kl 0.0144 lr 1.1e-04
[anomaly] it 393: explained variance -1.75 < 0 after warm-up: value function not predicting returns
[anomaly] it 393: terminal-step reward dominates the episode: survival is being punished
it  394 steps  38731776 sps   60,865 | ep_ret   -3.76 ep_len  897.3 (n=109) | pg -0.010 vf 0.011 kl 0.0144 lr 1.1e-04
[anomaly] it 394: explained variance -0.83 < 0 after warm-up: value function not predicting returns
[anomaly] it 394: terminal-step reward dominates the episode: survival is being punished
it  395 steps  38830080 sps   60,869 | ep_ret   -3.80 ep_len  944.8 (n=103) | pg -0.009 vf 0.010 kl 0.0136 lr 1.1e-04
[anomaly] it 395: explained variance -2.89 < 0 after warm-up: value function not predicting returns
[anomaly] it 395: terminal-step reward dominates the episode: survival is being punished
it  396 steps  38928384 sps   60,873 | ep_ret   -3.89 ep_len  920.4 (n=104) | pg -0.009 vf 0.011 kl 0.0136 lr 2.6e-04
[anomaly] it 396: explained variance -1.15 < 0 after warm-up: value function not predicting returns
[anomaly] it 396: terminal-step reward dominates the episode: survival is being punished
it  397 steps  39026688 sps   60,876 | ep_ret   -3.73 ep_len  929.4 (n=116) | pg -0.009 vf 0.009 kl 0.0130 lr 1.1e-04
[anomaly] it 397: explained variance -0.55 < 0 after warm-up: value function not predicting returns
[anomaly] it 397: terminal-step reward dominates the episode: survival is being punished
it  398 steps  39124992 sps   60,880 | ep_ret   -3.24 ep_len  969.8 (n=90) | pg -0.008 vf 0.014 kl 0.0157 lr 3.4e-05
[anomaly] it 398: explained variance -8.52 < 0 after warm-up: value function not predicting returns
[anomaly] it 398: terminal-step reward dominates the episode: survival is being punished
it  399 steps  39223296 sps   60,884 | ep_ret   -3.51 ep_len  916.5 (n=104) | pg -0.009 vf 0.012 kl 0.0109 lr 1.7e-04
[anomaly] it 399: explained variance -1.89 < 0 after warm-up: value function not predicting returns
[anomaly] it 399: terminal-step reward dominates the episode: survival is being punished
it  400 steps  39321600 sps   60,887 | ep_ret   -3.58 ep_len  912.8 (n=115) | pg -0.009 vf 0.010 kl 0.0138 lr 1.7e-04
[anomaly] it 400: explained variance -1.21 < 0 after warm-up: value function not predicting returns
[anomaly] it 400: terminal-step reward dominates the episode: survival is being punished
it  401 steps  39419904 sps   60,890 | ep_ret   -3.46 ep_len  914.5 (n=110) | pg -0.010 vf 0.012 kl 0.0137 lr 1.1e-04
[anomaly] it 401: explained variance -1.40 < 0 after warm-up: value function not predicting returns
[anomaly] it 401: terminal-step reward dominates the episode: survival is being punished
it  402 steps  39518208 sps   60,894 | ep_ret   -3.29 ep_len  951.4 (n=107) | pg -0.009 vf 0.012 kl 0.0128 lr 1.7e-04
[anomaly] it 402: explained variance -4.04 < 0 after warm-up: value function not predicting returns
[anomaly] it 402: terminal-step reward dominates the episode: survival is being punished
it  403 steps  39616512 sps   60,897 | ep_ret   -3.15 ep_len  906.7 (n=123) | pg -0.011 vf 0.007 kl 0.0150 lr 3.8e-04
[anomaly] it 403: explained variance -1.41 < 0 after warm-up: value function not predicting returns
[anomaly] it 403: terminal-step reward dominates the episode: survival is being punished
[anomaly] it 403: contact force 18696 N > 50x robot weight
it  404 steps  39714816 sps   60,901 | ep_ret   -3.65 ep_len  919.6 (n=122) | pg -0.005 vf 0.011 kl 0.0185 lr 3.4e-05
[anomaly] it 404: explained variance -1.11 < 0 after warm-up: value function not predicting returns
[anomaly] it 404: terminal-step reward dominates the episode: survival is being punished
it  405 steps  39813120 sps   60,905 | ep_ret   -3.23 ep_len  935.6 (n=110) | pg -0.009 vf 0.008 kl 0.0110 lr 1.7e-04
[anomaly] it 405: explained variance -2.72 < 0 after warm-up: value function not predicting returns
[anomaly] it 405: terminal-step reward dominates the episode: survival is being punished
it  406 steps  39911424 sps   60,908 | ep_ret   -3.24 ep_len  918.8 (n=121) | pg -0.009 vf 0.009 kl 0.0137 lr 1.7e-04
[anomaly] it 406: explained variance -0.99 < 0 after warm-up: value function not predicting returns
[anomaly] it 406: terminal-step reward dominates the episode: survival is being punished
it  407 steps  40009728 sps   60,912 | ep_ret   -3.13 ep_len  969.1 (n=118) | pg -0.010 vf 0.008 kl 0.0145 lr 2.6e-04
[anomaly] it 407: explained variance -2.95 < 0 after warm-up: value function not predicting returns
[anomaly] it 407: terminal-step reward dominates the episode: survival is being punished
it  408 steps  40108032 sps   60,916 | ep_ret   -2.90 ep_len  945.5 (n=118) | pg -0.008 vf 0.009 kl 0.0142 lr 1.7e-04
[anomaly] it 408: explained variance -2.60 < 0 after warm-up: value function not predicting returns
[anomaly] it 408: terminal-step reward dominates the episode: survival is being punished
it  409 steps  40206336 sps   60,920 | ep_ret   -3.25 ep_len  919.0 (n=98) | pg -0.010 vf 0.009 kl 0.0143 lr 2.6e-04
[anomaly] it 409: explained variance -1.50 < 0 after warm-up: value function not predicting returns
[anomaly] it 409: terminal-step reward dominates the episode: survival is being punished
it  410 steps  40304640 sps   60,924 | ep_ret   -2.70 ep_len  936.0 (n=109) | pg -0.008 vf 0.010 kl 0.0132 lr 1.7e-04
[anomaly] it 410: explained variance -1.20 < 0 after warm-up: value function not predicting returns
[anomaly] it 410: terminal-step reward dominates the episode: survival is being punished
it  411 steps  40402944 sps   60,928 | ep_ret   -3.17 ep_len  937.9 (n=112) | pg -0.010 vf 0.012 kl 0.0144 lr 1.7e-04
[anomaly] it 411: explained variance -0.79 < 0 after warm-up: value function not predicting returns
[anomaly] it 411: terminal-step reward dominates the episode: survival is being punished
it  412 steps  40501248 sps   60,932 | ep_ret   -2.84 ep_len  948.5 (n=110) | pg -0.009 vf 0.011 kl 0.0150 lr 1.7e-04
[anomaly] it 412: explained variance -3.59 < 0 after warm-up: value function not predicting returns
[anomaly] it 412: terminal-step reward dominates the episode: survival is being punished
it  413 steps  40599552 sps   60,936 | ep_ret   -2.75 ep_len  922.2 (n=134) | pg -0.009 vf 0.011 kl 0.0141 lr 2.6e-04
[anomaly] it 413: explained variance -1.54 < 0 after warm-up: value function not predicting returns
[anomaly] it 413: terminal-step reward dominates the episode: survival is being punished
it  414 steps  40697856 sps   60,940 | ep_ret   -3.08 ep_len  945.4 (n=92) | pg -0.009 vf 0.011 kl 0.0149 lr 2.6e-04
[anomaly] it 414: explained variance -2.26 < 0 after warm-up: value function not predicting returns
[anomaly] it 414: terminal-step reward dominates the episode: survival is being punished
it  415 steps  40796160 sps   60,943 | ep_ret   -2.65 ep_len  915.4 (n=105) | pg -0.008 vf 0.013 kl 0.0145 lr 1.1e-04
[anomaly] it 415: explained variance -2.38 < 0 after warm-up: value function not predicting returns
[anomaly] it 415: terminal-step reward dominates the episode: survival is being punished
it  416 steps  40894464 sps   60,947 | ep_ret   -3.01 ep_len  939.0 (n=109) | pg -0.009 vf 0.012 kl 0.0149 lr 2.6e-04
[anomaly] it 416: explained variance -3.75 < 0 after warm-up: value function not predicting returns
[anomaly] it 416: terminal-step reward dominates the episode: survival is being punished
it  417 steps  40992768 sps   60,951 | ep_ret   -2.90 ep_len  913.1 (n=131) | pg -0.009 vf 0.012 kl 0.0134 lr 1.7e-04
[anomaly] it 417: explained variance -1.46 < 0 after warm-up: value function not predicting returns
[anomaly] it 417: terminal-step reward dominates the episode: survival is being punished
it  418 steps  41091072 sps   60,954 | ep_ret   -3.00 ep_len  904.2 (n=99) | pg -0.010 vf 0.010 kl 0.0146 lr 2.6e-04
[anomaly] it 418: explained variance -1.26 < 0 after warm-up: value function not predicting returns
[anomaly] it 418: terminal-step reward dominates the episode: survival is being punished
it  419 steps  41189376 sps   60,958 | ep_ret   -2.70 ep_len  910.6 (n=88) | pg -0.009 vf 0.011 kl 0.0135 lr 1.1e-04
[anomaly] it 419: explained variance -1.83 < 0 after warm-up: value function not predicting returns
[anomaly] it 419: terminal-step reward dominates the episode: survival is being punished
it  420 steps  41287680 sps   60,962 | ep_ret   -2.42 ep_len  903.1 (n=115) | pg -0.010 vf 0.009 kl 0.0125 lr 2.6e-04
[anomaly] it 420: explained variance -1.41 < 0 after warm-up: value function not predicting returns
[anomaly] it 420: terminal-step reward dominates the episode: survival is being punished
it  421 steps  41385984 sps   60,966 | ep_ret   -2.82 ep_len  916.4 (n=97) | pg -0.009 vf 0.011 kl 0.0140 lr 1.1e-04
[anomaly] it 421: explained variance -1.58 < 0 after warm-up: value function not predicting returns
[anomaly] it 421: terminal-step reward dominates the episode: survival is being punished
it  422 steps  41484288 sps   60,969 | ep_ret   -2.54 ep_len  910.6 (n=111) | pg -0.009 vf 0.011 kl 0.0161 lr 5.1e-05
[anomaly] it 422: explained variance -1.19 < 0 after warm-up: value function not predicting returns
[anomaly] it 422: terminal-step reward dominates the episode: survival is being punished
it  423 steps  41582592 sps   60,972 | ep_ret   -2.33 ep_len  908.1 (n=102) | pg -0.009 vf 0.010 kl 0.0118 lr 1.1e-04
[anomaly] it 423: explained variance -1.88 < 0 after warm-up: value function not predicting returns
[anomaly] it 423: terminal-step reward dominates the episode: survival is being punished
it  424 steps  41680896 sps   60,976 | ep_ret   -2.32 ep_len  930.7 (n=109) | pg -0.009 vf 0.010 kl 0.0130 lr 1.1e-04
[anomaly] it 424: explained variance -1.16 < 0 after warm-up: value function not predicting returns
[anomaly] it 424: terminal-step reward dominates the episode: survival is being punished
it  425 steps  41779200 sps   60,979 | ep_ret   -2.56 ep_len  902.3 (n=101) | pg -0.009 vf 0.011 kl 0.0147 lr 7.6e-05
[anomaly] it 425: explained variance -0.53 < 0 after warm-up: value function not predicting returns
[anomaly] it 425: terminal-step reward dominates the episode: survival is being punished
it  426 steps  41877504 sps   60,983 | ep_ret   -2.49 ep_len  944.8 (n=94) | pg -0.009 vf 0.009 kl 0.0125 lr 2.6e-04
[anomaly] it 426: explained variance -1.89 < 0 after warm-up: value function not predicting returns
[anomaly] it 426: terminal-step reward dominates the episode: survival is being punished
it  427 steps  41975808 sps   60,987 | ep_ret   -2.42 ep_len  918.0 (n=91) | pg -0.008 vf 0.011 kl 0.0137 lr 1.1e-04
[anomaly] it 427: explained variance -1.05 < 0 after warm-up: value function not predicting returns
[anomaly] it 427: terminal-step reward dominates the episode: survival is being punished
it  428 steps  42074112 sps   60,990 | ep_ret   -2.18 ep_len  925.1 (n=85) | pg -0.010 vf 0.009 kl 0.0152 lr 1.7e-04
[anomaly] it 428: explained variance -0.56 < 0 after warm-up: value function not predicting returns
[anomaly] it 428: terminal-step reward dominates the episode: survival is being punished
it  429 steps  42172416 sps   60,994 | ep_ret   -1.84 ep_len  963.9 (n=96) | pg -0.009 vf 0.011 kl 0.0148 lr 1.7e-04
[anomaly] it 429: explained variance -1.92 < 0 after warm-up: value function not predicting returns
[anomaly] it 429: terminal-step reward dominates the episode: survival is being punished
it  430 steps  42270720 sps   60,997 | ep_ret   -1.91 ep_len  913.9 (n=101) | pg -0.011 vf 0.009 kl 0.0147 lr 2.6e-04
[anomaly] it 430: explained variance -1.18 < 0 after warm-up: value function not predicting returns
[anomaly] it 430: terminal-step reward dominates the episode: survival is being punished
it  431 steps  42369024 sps   61,001 | ep_ret   -2.17 ep_len  955.5 (n=97) | pg -0.008 vf 0.010 kl 0.0138 lr 1.1e-04
[anomaly] it 431: explained variance -2.20 < 0 after warm-up: value function not predicting returns
[anomaly] it 431: terminal-step reward dominates the episode: survival is being punished
it  432 steps  42467328 sps   61,004 | ep_ret   -1.89 ep_len  925.4 (n=111) | pg -0.009 vf 0.009 kl 0.0134 lr 1.7e-04
[anomaly] it 432: explained variance -1.16 < 0 after warm-up: value function not predicting returns
[anomaly] it 432: terminal-step reward dominates the episode: survival is being punished
it  433 steps  42565632 sps   61,008 | ep_ret   -1.96 ep_len  925.9 (n=104) | pg -0.011 vf 0.009 kl 0.0130 lr 1.7e-04
[anomaly] it 433: explained variance -0.57 < 0 after warm-up: value function not predicting returns
[anomaly] it 433: terminal-step reward dominates the episode: survival is being punished
it  434 steps  42663936 sps   61,012 | ep_ret   -1.58 ep_len  968.7 (n=82) | pg -0.010 vf 0.009 kl 0.0149 lr 1.7e-04
[anomaly] it 434: explained variance -5.89 < 0 after warm-up: value function not predicting returns
[anomaly] it 434: terminal-step reward dominates the episode: survival is being punished
it  435 steps  42762240 sps   61,015 | ep_ret   -2.07 ep_len  921.4 (n=102) | pg -0.009 vf 0.008 kl 0.0132 lr 1.1e-04
[anomaly] it 435: explained variance -0.81 < 0 after warm-up: value function not predicting returns
[anomaly] it 435: terminal-step reward dominates the episode: survival is being punished
it  436 steps  42860544 sps   61,019 | ep_ret   -2.04 ep_len  940.7 (n=109) | pg -0.010 vf 0.009 kl 0.0138 lr 1.7e-04
[anomaly] it 436: explained variance -0.92 < 0 after warm-up: value function not predicting returns
[anomaly] it 436: terminal-step reward dominates the episode: survival is being punished
it  437 steps  42958848 sps   61,022 | ep_ret   -1.99 ep_len  942.8 (n=93) | pg -0.010 vf 0.009 kl 0.0164 lr 2.6e-04
[anomaly] it 437: explained variance -1.08 < 0 after warm-up: value function not predicting returns
[anomaly] it 437: terminal-step reward dominates the episode: survival is being punished
it  438 steps  43057152 sps   61,025 | ep_ret   -1.57 ep_len  928.7 (n=98) | pg -0.009 vf 0.007 kl 0.0136 lr 1.7e-04
[anomaly] it 438: explained variance -0.96 < 0 after warm-up: value function not predicting returns
[anomaly] it 438: terminal-step reward dominates the episode: survival is being punished
it  439 steps  43155456 sps   61,029 | ep_ret   -1.52 ep_len  940.0 (n=105) | pg -0.010 vf 0.007 kl 0.0142 lr 2.6e-04
[anomaly] it 439: explained variance -1.29 < 0 after warm-up: value function not predicting returns
[anomaly] it 439: terminal-step reward dominates the episode: survival is being punished
it  440 steps  43253760 sps   61,032 | ep_ret   -1.44 ep_len  960.1 (n=97) | pg -0.008 vf 0.007 kl 0.0148 lr 1.7e-04
[anomaly] it 440: explained variance -0.92 < 0 after warm-up: value function not predicting returns
[anomaly] it 440: terminal-step reward dominates the episode: survival is being punished
it  441 steps  43352064 sps   61,035 | ep_ret   -1.46 ep_len  956.4 (n=89) | pg -0.010 vf 0.010 kl 0.0143 lr 1.1e-04
[anomaly] it 441: explained variance -1.91 < 0 after warm-up: value function not predicting returns
[anomaly] it 441: terminal-step reward dominates the episode: survival is being punished
it  442 steps  43450368 sps   61,038 | ep_ret   -1.19 ep_len  969.1 (n=116) | pg -0.010 vf 0.009 kl 0.0131 lr 2.6e-04
[anomaly] it 442: explained variance -2.81 < 0 after warm-up: value function not predicting returns
[anomaly] it 442: terminal-step reward dominates the episode: survival is being punished
it  443 steps  43548672 sps   61,041 | ep_ret   -1.90 ep_len  916.4 (n=101) | pg -0.009 vf 0.009 kl 0.0147 lr 1.1e-04
[anomaly] it 443: explained variance -1.05 < 0 after warm-up: value function not predicting returns
[anomaly] it 443: terminal-step reward dominates the episode: survival is being punished
it  444 steps  43646976 sps   61,044 | ep_ret   -1.30 ep_len  959.9 (n=112) | pg -0.009 vf 0.009 kl 0.0136 lr 2.6e-04
[anomaly] it 444: explained variance -1.39 < 0 after warm-up: value function not predicting returns
[anomaly] it 444: terminal-step reward dominates the episode: survival is being punished
it  445 steps  43745280 sps   61,047 | ep_ret   -1.35 ep_len  953.3 (n=121) | pg -0.008 vf 0.007 kl 0.0147 lr 7.6e-05
[anomaly] it 445: explained variance -1.33 < 0 after warm-up: value function not predicting returns
[anomaly] it 445: terminal-step reward dominates the episode: survival is being punished
it  446 steps  43843584 sps   61,050 | ep_ret   -1.15 ep_len  954.9 (n=111) | pg -0.009 vf 0.007 kl 0.0139 lr 2.6e-04
[anomaly] it 446: explained variance -1.72 < 0 after warm-up: value function not predicting returns
[anomaly] it 446: terminal-step reward dominates the episode: survival is being punished
it  447 steps  43941888 sps   61,053 | ep_ret   -1.15 ep_len  958.2 (n=102) | pg -0.007 vf 0.009 kl 0.0160 lr 7.6e-05
[anomaly] it 447: explained variance -3.00 < 0 after warm-up: value function not predicting returns
[anomaly] it 447: terminal-step reward dominates the episode: survival is being punished
it  448 steps  44040192 sps   61,056 | ep_ret   -1.14 ep_len  948.6 (n=115) | pg -0.009 vf 0.008 kl 0.0127 lr 1.1e-04
[anomaly] it 448: explained variance -0.87 < 0 after warm-up: value function not predicting returns
[anomaly] it 448: terminal-step reward dominates the episode: survival is being punished
it  449 steps  44138496 sps   61,058 | ep_ret   -1.09 ep_len  951.2 (n=129) | pg -0.008 vf 0.010 kl 0.0135 lr 1.7e-04
[anomaly] it 449: explained variance -0.90 < 0 after warm-up: value function not predicting returns
[anomaly] it 449: terminal-step reward dominates the episode: survival is being punished
it  450 steps  44236800 sps   61,061 | ep_ret   -1.25 ep_len  953.0 (n=108) | pg -0.009 vf 0.008 kl 0.0146 lr 2.6e-04
[anomaly] it 450: explained variance -1.70 < 0 after warm-up: value function not predicting returns
[anomaly] it 450: terminal-step reward dominates the episode: survival is being punished
it  451 steps  44335104 sps   61,064 | ep_ret   -1.28 ep_len  932.6 (n=100) | pg -0.008 vf 0.008 kl 0.0135 lr 1.1e-04
[anomaly] it 451: explained variance -0.44 < 0 after warm-up: value function not predicting returns
[anomaly] it 451: terminal-step reward dominates the episode: survival is being punished
it  452 steps  44433408 sps   61,067 | ep_ret   -1.10 ep_len  970.5 (n=97) | pg -0.009 vf 0.007 kl 0.0133 lr 1.1e-04
[anomaly] it 452: explained variance -1.38 < 0 after warm-up: value function not predicting returns
[anomaly] it 452: terminal-step reward dominates the episode: survival is being punished
it  453 steps  44531712 sps   61,070 | ep_ret   -0.92 ep_len  968.7 (n=99) | pg -0.009 vf 0.007 kl 0.0136 lr 1.1e-04
[anomaly] it 453: explained variance -2.57 < 0 after warm-up: value function not predicting returns
[anomaly] it 453: terminal-step reward dominates the episode: survival is being punished
it  454 steps  44630016 sps   61,073 | ep_ret   -0.99 ep_len  971.8 (n=109) | pg -0.008 vf 0.010 kl 0.0129 lr 7.6e-05
[anomaly] it 454: explained variance -1.73 < 0 after warm-up: value function not predicting returns
[anomaly] it 454: terminal-step reward dominates the episode: survival is being punished
it  455 steps  44728320 sps   61,076 | ep_ret   -1.01 ep_len  963.0 (n=118) | pg -0.009 vf 0.008 kl 0.0145 lr 2.6e-04
[anomaly] it 455: explained variance -2.52 < 0 after warm-up: value function not predicting returns
[anomaly] it 455: terminal-step reward dominates the episode: survival is being punished
it  456 steps  44826624 sps   61,079 | ep_ret   -1.08 ep_len  930.0 (n=100) | pg -0.007 vf 0.007 kl 0.0140 lr 1.1e-04
[anomaly] it 456: explained variance -0.41 < 0 after warm-up: value function not predicting returns
[anomaly] it 456: terminal-step reward dominates the episode: survival is being punished
it  457 steps  44924928 sps   61,081 | ep_ret   -0.93 ep_len  969.2 (n=105) | pg -0.009 vf 0.006 kl 0.0146 lr 1.7e-04
[anomaly] it 457: explained variance -2.32 < 0 after warm-up: value function not predicting returns
[anomaly] it 457: terminal-step reward dominates the episode: survival is being punished
it  458 steps  45023232 sps   61,084 | ep_ret   -0.73 ep_len  967.8 (n=106) | pg -0.008 vf 0.008 kl 0.0138 lr 2.6e-04
[anomaly] it 458: explained variance -0.89 < 0 after warm-up: value function not predicting returns
[anomaly] it 458: terminal-step reward dominates the episode: survival is being punished
it  459 steps  45121536 sps   61,086 | ep_ret   -0.59 ep_len  962.9 (n=116) | pg -0.009 vf 0.006 kl 0.0126 lr 1.7e-04
[anomaly] it 459: explained variance -1.30 < 0 after warm-up: value function not predicting returns
[anomaly] it 459: terminal-step reward dominates the episode: survival is being punished
it  460 steps  45219840 sps   61,090 | ep_ret   -0.72 ep_len  947.9 (n=87) | pg -0.008 vf 0.007 kl 0.0142 lr 2.6e-04
[anomaly] it 460: explained variance -2.07 < 0 after warm-up: value function not predicting returns
[anomaly] it 460: terminal-step reward dominates the episode: survival is being punished
it  461 steps  45318144 sps   61,093 | ep_ret   -0.44 ep_len  950.3 (n=101) | pg -0.009 vf 0.008 kl 0.0137 lr 2.6e-04
[anomaly] it 461: explained variance -1.30 < 0 after warm-up: value function not predicting returns
[anomaly] it 461: terminal-step reward dominates the episode: survival is being punished
it  462 steps  45416448 sps   61,096 | ep_ret   -0.69 ep_len  948.4 (n=89) | pg -0.008 vf 0.007 kl 0.0132 lr 1.1e-04
[anomaly] it 462: explained variance -1.96 < 0 after warm-up: value function not predicting returns
[anomaly] it 462: terminal-step reward dominates the episode: survival is being punished
it  463 steps  45514752 sps   61,099 | ep_ret   -0.55 ep_len  959.6 (n=100) | pg -0.009 vf 0.006 kl 0.0130 lr 1.1e-04
[anomaly] it 463: explained variance -1.46 < 0 after warm-up: value function not predicting returns
[anomaly] it 463: terminal-step reward dominates the episode: survival is being punished
it  464 steps  45613056 sps   61,102 | ep_ret   -0.63 ep_len  954.5 (n=112) | pg -0.009 vf 0.006 kl 0.0137 lr 1.7e-04
[anomaly] it 464: explained variance -1.30 < 0 after warm-up: value function not predicting returns
[anomaly] it 464: terminal-step reward dominates the episode: survival is being punished
it  465 steps  45711360 sps   61,105 | ep_ret   -0.28 ep_len  959.3 (n=102) | pg -0.008 vf 0.007 kl 0.0144 lr 1.7e-04
[anomaly] it 465: explained variance -2.04 < 0 after warm-up: value function not predicting returns
[anomaly] it 465: terminal-step reward dominates the episode: survival is being punished
it  466 steps  45809664 sps   61,108 | ep_ret   -0.52 ep_len  955.0 (n=102) | pg -0.009 vf 0.005 kl 0.0151 lr 2.6e-04
[anomaly] it 466: explained variance -0.85 < 0 after warm-up: value function not predicting returns
[anomaly] it 466: terminal-step reward dominates the episode: survival is being punished
it  467 steps  45907968 sps   61,111 | ep_ret   -0.52 ep_len  949.5 (n=104) | pg -0.009 vf 0.006 kl 0.0152 lr 1.7e-04
[anomaly] it 467: explained variance -1.01 < 0 after warm-up: value function not predicting returns
[anomaly] it 467: terminal-step reward dominates the episode: survival is being punished
it  468 steps  46006272 sps   61,114 | ep_ret   -0.10 ep_len  974.2 (n=89) | pg -0.008 vf 0.006 kl 0.0132 lr 1.7e-04
[anomaly] it 468: explained variance -3.83 < 0 after warm-up: value function not predicting returns
[anomaly] it 468: terminal-step reward dominates the episode: survival is being punished
it  469 steps  46104576 sps   61,118 | ep_ret   -0.25 ep_len  965.7 (n=78) | pg -0.009 vf 0.005 kl 0.0149 lr 2.6e-04
[anomaly] it 469: explained variance -2.91 < 0 after warm-up: value function not predicting returns
[anomaly] it 469: terminal-step reward dominates the episode: survival is being punished
it  470 steps  46202880 sps   61,121 | ep_ret   -0.54 ep_len  946.9 (n=93) | pg -0.006 vf 0.006 kl 0.0146 lr 1.1e-04
[anomaly] it 470: explained variance -3.29 < 0 after warm-up: value function not predicting returns
[anomaly] it 470: terminal-step reward dominates the episode: survival is being punished
it  471 steps  46301184 sps   61,124 | ep_ret   -0.26 ep_len  938.7 (n=103) | pg -0.009 vf 0.005 kl 0.0127 lr 2.6e-04
[anomaly] it 471: explained variance -0.92 < 0 after warm-up: value function not predicting returns
[anomaly] it 471: terminal-step reward dominates the episode: survival is being punished
it  472 steps  46399488 sps   61,127 | ep_ret    0.11 ep_len  966.7 (n=104) | pg -0.009 vf 0.004 kl 0.0148 lr 1.7e-04
[anomaly] it 472: explained variance -1.56 < 0 after warm-up: value function not predicting returns
[anomaly] it 472: terminal-step reward dominates the episode: survival is being punished
it  473 steps  46497792 sps   61,130 | ep_ret   -0.25 ep_len  975.9 (n=94) | pg -0.008 vf 0.007 kl 0.0141 lr 1.1e-04
[anomaly] it 473: explained variance -1.12 < 0 after warm-up: value function not predicting returns
[anomaly] it 473: terminal-step reward dominates the episode: survival is being punished
it  474 steps  46596096 sps   61,132 | ep_ret    0.32 ep_len  994.8 (n=101) | pg -0.010 vf 0.004 kl 0.0157 lr 3.8e-04
[anomaly] it 474: explained variance -8.21 < 0 after warm-up: value function not predicting returns
[anomaly] it 474: terminal-step reward dominates the episode: survival is being punished
it  475 steps  46694400 sps   61,134 | ep_ret    0.28 ep_len  976.5 (n=91) | pg -0.009 vf 0.004 kl 0.0147 lr 2.6e-04
[anomaly] it 475: explained variance -1.76 < 0 after warm-up: value function not predicting returns
[anomaly] it 475: terminal-step reward dominates the episode: survival is being punished
it  476 steps  46792704 sps   61,137 | ep_ret    0.37 ep_len  978.4 (n=91) | pg -0.008 vf 0.004 kl 0.0137 lr 1.7e-04
[anomaly] it 476: explained variance -1.81 < 0 after warm-up: value function not predicting returns
[anomaly] it 476: terminal-step reward dominates the episode: survival is being punished
it  477 steps  46891008 sps   61,139 | ep_ret    0.38 ep_len  982.8 (n=102) | pg -0.007 vf 0.006 kl 0.0146 lr 1.7e-04
[anomaly] it 477: explained variance -2.46 < 0 after warm-up: value function not predicting returns
[anomaly] it 477: terminal-step reward dominates the episode: survival is being punished
it  478 steps  46989312 sps   61,142 | ep_ret    0.71 ep_len  994.5 (n=97) | pg -0.008 vf 0.005 kl 0.0162 lr 3.8e-04
[anomaly] it 478: explained variance -6.12 < 0 after warm-up: value function not predicting returns
[anomaly] it 478: terminal-step reward dominates the episode: survival is being punished
it  479 steps  47087616 sps   61,144 | ep_ret    0.26 ep_len  970.4 (n=94) | pg -0.009 vf 0.004 kl 0.0167 lr 3.8e-04
[anomaly] it 479: explained variance -1.50 < 0 after warm-up: value function not predicting returns
[anomaly] it 479: terminal-step reward dominates the episode: survival is being punished
it  480 steps  47185920 sps   61,146 | ep_ret    0.57 ep_len  948.6 (n=104) | pg -0.008 vf 0.004 kl 0.0152 lr 2.6e-04
[anomaly] it 480: explained variance -1.11 < 0 after warm-up: value function not predicting returns
[anomaly] it 480: terminal-step reward dominates the episode: survival is being punished
it  481 steps  47284224 sps   61,149 | ep_ret    0.47 ep_len  978.8 (n=84) | pg -0.008 vf 0.005 kl 0.0172 lr 3.8e-04
[anomaly] it 481: explained variance -1.86 < 0 after warm-up: value function not predicting returns
[anomaly] it 481: terminal-step reward dominates the episode: survival is being punished
it  482 steps  47382528 sps   61,151 | ep_ret    0.46 ep_len  977.1 (n=89) | pg -0.008 vf 0.005 kl 0.0139 lr 1.7e-04
[anomaly] it 482: explained variance -2.37 < 0 after warm-up: value function not predicting returns
[anomaly] it 482: terminal-step reward dominates the episode: survival is being punished
it  483 steps  47480832 sps   61,154 | ep_ret    0.60 ep_len  961.2 (n=101) | pg -0.009 vf 0.006 kl 0.0143 lr 1.7e-04
[anomaly] it 483: explained variance -0.81 < 0 after warm-up: value function not predicting returns
[anomaly] it 483: terminal-step reward dominates the episode: survival is being punished
it  484 steps  47579136 sps   61,156 | ep_ret    0.58 ep_len  979.4 (n=113) | pg -0.010 vf 0.005 kl 0.0161 lr 2.6e-04
[anomaly] it 484: explained variance -2.68 < 0 after warm-up: value function not predicting returns
[anomaly] it 484: terminal-step reward dominates the episode: survival is being punished
it  485 steps  47677440 sps   61,158 | ep_ret    0.70 ep_len  958.8 (n=101) | pg -0.009 vf 0.008 kl 0.0146 lr 1.7e-04
[anomaly] it 485: explained variance -0.71 < 0 after warm-up: value function not predicting returns
[anomaly] it 485: terminal-step reward dominates the episode: survival is being punished
it  486 steps  47775744 sps   61,161 | ep_ret    0.82 ep_len  981.4 (n=112) | pg -0.008 vf 0.006 kl 0.0154 lr 2.6e-04
[anomaly] it 486: explained variance -4.90 < 0 after warm-up: value function not predicting returns
[anomaly] it 486: terminal-step reward dominates the episode: survival is being punished
it  487 steps  47874048 sps   61,163 | ep_ret    0.62 ep_len  934.8 (n=128) | pg -0.007 vf 0.007 kl 0.0148 lr 1.1e-04
[anomaly] it 487: explained variance -0.20 < 0 after warm-up: value function not predicting returns
[anomaly] it 487: terminal-step reward dominates the episode: survival is being punished
it  488 steps  47972352 sps   61,165 | ep_ret    0.65 ep_len  965.5 (n=108) | pg -0.009 vf 0.004 kl 0.0134 lr 2.6e-04
[anomaly] it 488: explained variance -2.58 < 0 after warm-up: value function not predicting returns
[anomaly] it 488: terminal-step reward dominates the episode: survival is being punished
it  489 steps  48070656 sps   61,167 | ep_ret    0.82 ep_len  951.6 (n=111) | pg -0.007 vf 0.005 kl 0.0142 lr 7.6e-05
[anomaly] it 489: explained variance -1.49 < 0 after warm-up: value function not predicting returns
[anomaly] it 489: terminal-step reward dominates the episode: survival is being punished
it  490 steps  48168960 sps   61,169 | ep_ret    0.96 ep_len  970.6 (n=127) | pg -0.009 vf 0.005 kl 0.0142 lr 2.6e-04
[anomaly] it 490: explained variance -0.14 < 0 after warm-up: value function not predicting returns
[anomaly] it 490: terminal-step reward dominates the episode: survival is being punished
it  491 steps  48267264 sps   61,171 | ep_ret    1.28 ep_len  991.8 (n=107) | pg -0.008 vf 0.004 kl 0.0147 lr 1.7e-04
[anomaly] it 491: explained variance -6.83 < 0 after warm-up: value function not predicting returns
[anomaly] it 491: terminal-step reward dominates the episode: survival is being punished
it  492 steps  48365568 sps   61,173 | ep_ret    1.15 ep_len  964.9 (n=98) | pg -0.009 vf 0.006 kl 0.0129 lr 1.7e-04
[anomaly] it 492: explained variance -0.72 < 0 after warm-up: value function not predicting returns
[anomaly] it 492: terminal-step reward dominates the episode: survival is being punished
it  493 steps  48463872 sps   61,175 | ep_ret    1.44 ep_len  987.2 (n=96) | pg -0.009 vf 0.006 kl 0.0158 lr 2.6e-04
[anomaly] it 493: explained variance -5.33 < 0 after warm-up: value function not predicting returns
[anomaly] it 493: terminal-step reward dominates the episode: survival is being punished
it  494 steps  48562176 sps   61,177 | ep_ret    1.35 ep_len  965.7 (n=104) | pg -0.007 vf 0.007 kl 0.0157 lr 7.6e-05
[anomaly] it 494: explained variance -2.94 < 0 after warm-up: value function not predicting returns
[anomaly] it 494: terminal-step reward dominates the episode: survival is being punished
it  495 steps  48660480 sps   61,179 | ep_ret    1.23 ep_len  956.2 (n=101) | pg -0.009 vf 0.006 kl 0.0125 lr 2.6e-04
[anomaly] it 495: explained variance -1.68 < 0 after warm-up: value function not predicting returns
[anomaly] it 495: terminal-step reward dominates the episode: survival is being punished
it  496 steps  48758784 sps   61,181 | ep_ret    1.22 ep_len  963.9 (n=119) | pg -0.007 vf 0.005 kl 0.0151 lr 7.6e-05
[anomaly] it 496: explained variance -1.27 < 0 after warm-up: value function not predicting returns
[anomaly] it 496: terminal-step reward dominates the episode: survival is being punished
it  497 steps  48857088 sps   61,183 | ep_ret    1.67 ep_len  978.4 (n=104) | pg -0.009 vf 0.004 kl 0.0130 lr 2.6e-04
[anomaly] it 497: explained variance -2.22 < 0 after warm-up: value function not predicting returns
[anomaly] it 497: terminal-step reward dominates the episode: survival is being punished
it  498 steps  48955392 sps   61,185 | ep_ret    1.69 ep_len  974.7 (n=101) | pg -0.008 vf 0.004 kl 0.0143 lr 1.7e-04
[anomaly] it 498: explained variance -1.41 < 0 after warm-up: value function not predicting returns
[anomaly] it 498: terminal-step reward dominates the episode: survival is being punished
it  499 steps  49053696 sps   61,186 | ep_ret    1.61 ep_len  967.7 (n=88) | pg -0.007 vf 0.005 kl 0.0144 lr 1.7e-04
[anomaly] it 499: explained variance -1.58 < 0 after warm-up: value function not predicting returns
[anomaly] it 499: terminal-step reward dominates the episode: survival is being punished
it  500 steps  49152000 sps   61,187 | ep_ret    1.88 ep_len  989.4 (n=111) | pg -0.008 vf 0.005 kl 0.0143 lr 1.7e-04
[anomaly] it 500: explained variance -4.61 < 0 after warm-up: value function not predicting returns
[anomaly] it 500: terminal-step reward dominates the episode: survival is being punished
it  501 steps  49250304 sps   61,189 | ep_ret    1.98 ep_len  977.9 (n=109) | pg -0.008 vf 0.005 kl 0.0135 lr 1.1e-04
[anomaly] it 501: explained variance -4.57 < 0 after warm-up: value function not predicting returns
[anomaly] it 501: terminal-step reward dominates the episode: survival is being punished
it  502 steps  49348608 sps   61,190 | ep_ret    1.57 ep_len  941.9 (n=83) | pg -0.009 vf 0.004 kl 0.0125 lr 2.6e-04
[anomaly] it 502: explained variance -0.82 < 0 after warm-up: value function not predicting returns
[anomaly] it 502: terminal-step reward dominates the episode: survival is being punished
it  503 steps  49446912 sps   61,192 | ep_ret    2.18 ep_len  994.7 (n=118) | pg -0.007 vf 0.006 kl 0.0145 lr 2.6e-04
[anomaly] it 503: explained variance -5.83 < 0 after warm-up: value function not predicting returns
[anomaly] it 503: terminal-step reward dominates the episode: survival is being punished
it  504 steps  49545216 sps   61,193 | ep_ret    1.95 ep_len  971.7 (n=76) | pg -0.007 vf 0.006 kl 0.0145 lr 1.1e-04
[anomaly] it 504: explained variance -6.39 < 0 after warm-up: value function not predicting returns
[anomaly] it 504: terminal-step reward dominates the episode: survival is being punished
it  505 steps  49643520 sps   61,196 | ep_ret    2.01 ep_len  969.4 (n=99) | pg -0.009 vf 0.004 kl 0.0126 lr 1.7e-04
[anomaly] it 505: explained variance -2.37 < 0 after warm-up: value function not predicting returns
[anomaly] it 505: terminal-step reward dominates the episode: survival is being punished
it  506 steps  49741824 sps   61,197 | ep_ret    1.94 ep_len  955.2 (n=110) | pg -0.007 vf 0.005 kl 0.0146 lr 1.7e-04
[anomaly] it 506: explained variance -0.77 < 0 after warm-up: value function not predicting returns
[anomaly] it 506: terminal-step reward dominates the episode: survival is being punished
it  507 steps  49840128 sps   61,199 | ep_ret    2.33 ep_len  987.7 (n=108) | pg -0.008 vf 0.004 kl 0.0126 lr 1.7e-04
[anomaly] it 507: explained variance -7.78 < 0 after warm-up: value function not predicting returns
[anomaly] it 507: terminal-step reward dominates the episode: survival is being punished
it  508 steps  49938432 sps   61,200 | ep_ret    2.15 ep_len  966.6 (n=97) | pg -0.008 vf 0.005 kl 0.0152 lr 2.6e-04
[anomaly] it 508: explained variance -0.67 < 0 after warm-up: value function not predicting returns
[anomaly] it 508: terminal-step reward dominates the episode: survival is being punished
it  509 steps  50036736 sps   61,200 | ep_ret    2.38 ep_len  984.9 (n=98) | pg -0.007 vf 0.004 kl 0.0141 lr 1.7e-04
[anomaly] it 509: explained variance -9.96 < 0 after warm-up: value function not predicting returns
[anomaly] it 509: terminal-step reward dominates the episode: survival is being punished
it  510 steps  50135040 sps   61,202 | ep_ret    2.16 ep_len  960.5 (n=87) | pg -0.008 vf 0.003 kl 0.0152 lr 2.6e-04
[anomaly] it 510: explained variance -0.32 < 0 after warm-up: value function not predicting returns
[anomaly] it 510: terminal-step reward dominates the episode: survival is being punished
it  511 steps  50233344 sps   61,204 | ep_ret    2.63 ep_len  988.5 (n=85) | pg -0.007 vf 0.005 kl 0.0135 lr 1.7e-04
[anomaly] it 511: explained variance -2.90 < 0 after warm-up: value function not predicting returns
[anomaly] it 511: terminal-step reward dominates the episode: survival is being punished
it  512 steps  50331648 sps   61,206 | ep_ret    2.74 ep_len  985.9 (n=89) | pg -0.008 vf 0.004 kl 0.0150 lr 2.6e-04
[anomaly] it 512: explained variance -4.63 < 0 after warm-up: value function not predicting returns
[anomaly] it 512: terminal-step reward dominates the episode: survival is being punished
it  513 steps  50429952 sps   61,207 | ep_ret    2.73 ep_len  976.2 (n=101) | pg -0.008 vf 0.003 kl 0.0137 lr 1.7e-04
[anomaly] it 513: explained variance -2.03 < 0 after warm-up: value function not predicting returns
[anomaly] it 513: terminal-step reward dominates the episode: survival is being punished
it  514 steps  50528256 sps   61,210 | ep_ret    2.83 ep_len  973.2 (n=102) | pg -0.006 vf 0.004 kl 0.0126 lr 7.6e-05
[anomaly] it 514: explained variance -1.07 < 0 after warm-up: value function not predicting returns
[anomaly] it 514: terminal-step reward dominates the episode: survival is being punished
it  515 steps  50626560 sps   61,212 | ep_ret    2.94 ep_len  988.2 (n=92) | pg -0.008 vf 0.004 kl 0.0130 lr 2.6e-04
[anomaly] it 515: explained variance -2.13 < 0 after warm-up: value function not predicting returns
[anomaly] it 515: terminal-step reward dominates the episode: survival is being punished
it  516 steps  50724864 sps   61,213 | ep_ret    2.81 ep_len  973.0 (n=94) | pg -0.008 vf 0.003 kl 0.0142 lr 1.7e-04
[anomaly] it 516: explained variance -0.97 < 0 after warm-up: value function not predicting returns
[anomaly] it 516: terminal-step reward dominates the episode: survival is being punished
it  517 steps  50823168 sps   61,215 | ep_ret    2.79 ep_len  966.5 (n=94) | pg -0.007 vf 0.004 kl 0.0121 lr 1.1e-04
[anomaly] it 517: explained variance -1.26 < 0 after warm-up: value function not predicting returns
[anomaly] it 517: terminal-step reward dominates the episode: survival is being punished
it  518 steps  50921472 sps   61,217 | ep_ret    3.11 ep_len  989.5 (n=85) | pg -0.008 vf 0.004 kl 0.0138 lr 2.6e-04
[anomaly] it 518: explained variance -2.57 < 0 after warm-up: value function not predicting returns
[anomaly] it 518: terminal-step reward dominates the episode: survival is being punished
it  519 steps  51019776 sps   61,219 | ep_ret    3.12 ep_len  971.7 (n=106) | pg -0.007 vf 0.005 kl 0.0155 lr 2.6e-04
[anomaly] it 519: explained variance -1.21 < 0 after warm-up: value function not predicting returns
[anomaly] it 519: terminal-step reward dominates the episode: survival is being punished
it  520 steps  51118080 sps   61,221 | ep_ret    3.38 ep_len  984.1 (n=94) | pg -0.007 vf 0.004 kl 0.0152 lr 2.6e-04
[anomaly] it 520: explained variance -5.69 < 0 after warm-up: value function not predicting returns
[anomaly] it 520: terminal-step reward dominates the episode: survival is being punished
it  521 steps  51216384 sps   61,223 | ep_ret    3.21 ep_len  973.3 (n=96) | pg -0.008 vf 0.005 kl 0.0151 lr 1.7e-04
[anomaly] it 521: explained variance -1.53 < 0 after warm-up: value function not predicting returns
[anomaly] it 521: terminal-step reward dominates the episode: survival is being punished
it  522 steps  51314688 sps   61,224 | ep_ret    3.15 ep_len  983.3 (n=106) | pg -0.007 vf 0.005 kl 0.0153 lr 2.6e-04
[anomaly] it 522: explained variance -2.33 < 0 after warm-up: value function not predicting returns
[anomaly] it 522: terminal-step reward dominates the episode: survival is being punished
it  523 steps  51412992 sps   61,226 | ep_ret    3.39 ep_len  962.7 (n=77) | pg -0.008 vf 0.005 kl 0.0147 lr 1.7e-04
[anomaly] it 523: explained variance -2.54 < 0 after warm-up: value function not predicting returns
[anomaly] it 523: terminal-step reward dominates the episode: survival is being punished
it  524 steps  51511296 sps   61,227 | ep_ret    2.97 ep_len  962.4 (n=92) | pg -0.007 vf 0.004 kl 0.0150 lr 2.6e-04
[anomaly] it 524: explained variance -2.67 < 0 after warm-up: value function not predicting returns
[anomaly] it 524: terminal-step reward dominates the episode: survival is being punished
it  525 steps  51609600 sps   61,229 | ep_ret    3.21 ep_len  967.3 (n=113) | pg -0.008 vf 0.006 kl 0.0141 lr 1.7e-04
[anomaly] it 525: explained variance -1.81 < 0 after warm-up: value function not predicting returns
[anomaly] it 525: terminal-step reward dominates the episode: survival is being punished
it  526 steps  51707904 sps   61,230 | ep_ret    3.37 ep_len  971.6 (n=103) | pg -0.008 vf 0.003 kl 0.0145 lr 1.7e-04
[anomaly] it 526: explained variance -2.36 < 0 after warm-up: value function not predicting returns
[anomaly] it 526: terminal-step reward dominates the episode: survival is being punished
it  527 steps  51806208 sps   61,232 | ep_ret    3.59 ep_len  986.1 (n=113) | pg -0.009 vf 0.003 kl 0.0125 lr 2.6e-04
[anomaly] it 527: explained variance -0.41 < 0 after warm-up: value function not predicting returns
[anomaly] it 527: terminal-step reward dominates the episode: survival is being punished
it  528 steps  51904512 sps   61,234 | ep_ret    3.83 ep_len  988.0 (n=109) | pg -0.007 vf 0.004 kl 0.0131 lr 1.7e-04
[anomaly] it 528: explained variance -4.76 < 0 after warm-up: value function not predicting returns
[anomaly] it 528: terminal-step reward dominates the episode: survival is being punished
it  529 steps  52002816 sps   61,236 | ep_ret    3.85 ep_len  995.3 (n=118) | pg -0.007 vf 0.003 kl 0.0172 lr 1.7e-04
[anomaly] it 529: explained variance -1.90 < 0 after warm-up: value function not predicting returns
[anomaly] it 529: terminal-step reward dominates the episode: survival is being punished
it  530 steps  52101120 sps   61,237 | ep_ret    4.01 ep_len  987.3 (n=102) | pg -0.007 vf 0.004 kl 0.0147 lr 2.6e-04
[anomaly] it 530: explained variance -1.70 < 0 after warm-up: value function not predicting returns
[anomaly] it 530: terminal-step reward dominates the episode: survival is being punished
it  531 steps  52199424 sps   61,238 | ep_ret    3.98 ep_len  989.4 (n=112) | pg -0.008 vf 0.004 kl 0.0166 lr 3.8e-04
[anomaly] it 531: explained variance -3.30 < 0 after warm-up: value function not predicting returns
[anomaly] it 531: terminal-step reward dominates the episode: survival is being punished
it  532 steps  52297728 sps   61,240 | ep_ret    3.82 ep_len  990.6 (n=115) | pg -0.006 vf 0.004 kl 0.0132 lr 1.7e-04
[anomaly] it 532: explained variance -3.81 < 0 after warm-up: value function not predicting returns
[anomaly] it 532: terminal-step reward dominates the episode: survival is being punished
it  533 steps  52396032 sps   61,242 | ep_ret    3.67 ep_len  955.0 (n=113) | pg -0.006 vf 0.008 kl 0.0139 lr 7.6e-05
[anomaly] it 533: explained variance -1.45 < 0 after warm-up: value function not predicting returns
[anomaly] it 533: terminal-step reward dominates the episode: survival is being punished
it  534 steps  52494336 sps   61,240 | ep_ret    3.71 ep_len  973.9 (n=99) | pg -0.008 vf 0.005 kl 0.0137 lr 2.6e-04
[anomaly] it 534: explained variance -1.23 < 0 after warm-up: value function not predicting returns
[anomaly] it 534: terminal-step reward dominates the episode: survival is being punished
it  535 steps  52592640 sps   61,242 | ep_ret    3.85 ep_len  960.8 (n=108) | pg -0.006 vf 0.006 kl 0.0153 lr 7.6e-05
[anomaly] it 535: explained variance -1.25 < 0 after warm-up: value function not predicting returns
[anomaly] it 535: terminal-step reward dominates the episode: survival is being punished
it  536 steps  52690944 sps   61,243 | ep_ret    3.81 ep_len  968.2 (n=108) | pg -0.007 vf 0.005 kl 0.0128 lr 1.1e-04
[anomaly] it 536: explained variance -0.65 < 0 after warm-up: value function not predicting returns
[anomaly] it 536: terminal-step reward dominates the episode: survival is being punished
it  537 steps  52789248 sps   61,245 | ep_ret    4.10 ep_len  972.4 (n=108) | pg -0.008 vf 0.004 kl 0.0135 lr 2.6e-04
[anomaly] it 537: explained variance -1.95 < 0 after warm-up: value function not predicting returns
[anomaly] it 537: terminal-step reward dominates the episode: survival is being punished
it  538 steps  52887552 sps   61,247 | ep_ret    4.02 ep_len  968.5 (n=120) | pg -0.008 vf 0.003 kl 0.0155 lr 3.8e-04
[anomaly] it 538: explained variance -0.70 < 0 after warm-up: value function not predicting returns
[anomaly] it 538: terminal-step reward dominates the episode: survival is being punished
it  539 steps  52985856 sps   61,248 | ep_ret    4.17 ep_len  972.6 (n=86) | pg -0.006 vf 0.003 kl 0.0161 lr 2.6e-04
[anomaly] it 539: explained variance -2.12 < 0 after warm-up: value function not predicting returns
[anomaly] it 539: terminal-step reward dominates the episode: survival is being punished
it  540 steps  53084160 sps   61,250 | ep_ret    4.37 ep_len  983.9 (n=103) | pg -0.006 vf 0.005 kl 0.0155 lr 7.6e-05
[anomaly] it 540: explained variance -1.73 < 0 after warm-up: value function not predicting returns
[anomaly] it 540: terminal-step reward dominates the episode: survival is being punished
it  541 steps  53182464 sps   61,252 | ep_ret    4.64 ep_len  986.8 (n=93) | pg -0.008 vf 0.004 kl 0.0128 lr 2.6e-04
[anomaly] it 541: explained variance -5.81 < 0 after warm-up: value function not predicting returns
[anomaly] it 541: terminal-step reward dominates the episode: survival is being punished
it  542 steps  53280768 sps   61,254 | ep_ret    4.69 ep_len  987.2 (n=112) | pg -0.007 vf 0.004 kl 0.0146 lr 1.1e-04
[anomaly] it 542: explained variance -3.47 < 0 after warm-up: value function not predicting returns
[anomaly] it 542: terminal-step reward dominates the episode: survival is being punished
it  543 steps  53379072 sps   61,255 | ep_ret    4.49 ep_len  971.8 (n=100) | pg -0.007 vf 0.007 kl 0.0131 lr 7.6e-05
[anomaly] it 543: explained variance -5.47 < 0 after warm-up: value function not predicting returns
[anomaly] it 543: terminal-step reward dominates the episode: survival is being punished
it  544 steps  53477376 sps   61,256 | ep_ret    4.34 ep_len  957.3 (n=91) | pg -0.007 vf 0.005 kl 0.0129 lr 2.6e-04
[anomaly] it 544: explained variance -1.53 < 0 after warm-up: value function not predicting returns
[anomaly] it 544: terminal-step reward dominates the episode: survival is being punished
it  545 steps  53575680 sps   61,257 | ep_ret    4.23 ep_len  964.2 (n=115) | pg -0.008 vf 0.003 kl 0.0139 lr 1.7e-04
[anomaly] it 545: explained variance -0.50 < 0 after warm-up: value function not predicting returns
[anomaly] it 545: terminal-step reward dominates the episode: survival is being punished
it  546 steps  53673984 sps   61,259 | ep_ret    4.66 ep_len  988.3 (n=84) | pg -0.005 vf 0.004 kl 0.0135 lr 1.1e-04
[anomaly] it 546: explained variance -0.66 < 0 after warm-up: value function not predicting returns
[anomaly] it 546: terminal-step reward dominates the episode: survival is being punished
it  547 steps  53772288 sps   61,261 | ep_ret    4.87 ep_len  990.6 (n=110) | pg -0.008 vf 0.003 kl 0.0130 lr 2.6e-04
[anomaly] it 547: explained variance -0.54 < 0 after warm-up: value function not predicting returns
[anomaly] it 547: terminal-step reward dominates the episode: survival is being punished
it  548 steps  53870592 sps   61,262 | ep_ret    4.99 ep_len  982.8 (n=98) | pg -0.006 vf 0.005 kl 0.0160 lr 7.6e-05
[anomaly] it 548: explained variance -3.03 < 0 after warm-up: value function not predicting returns
[anomaly] it 548: terminal-step reward dominates the episode: survival is being punished
it  549 steps  53968896 sps   61,264 | ep_ret    5.11 ep_len  992.9 (n=100) | pg -0.008 vf 0.003 kl 0.0132 lr 2.6e-04
[anomaly] it 549: explained variance -2.39 < 0 after warm-up: value function not predicting returns
[anomaly] it 549: terminal-step reward dominates the episode: survival is being punished
it  550 steps  54067200 sps   61,266 | ep_ret    4.93 ep_len  973.5 (n=100) | pg -0.007 vf 0.004 kl 0.0133 lr 1.1e-04
[anomaly] it 550: explained variance -1.39 < 0 after warm-up: value function not predicting returns
[anomaly] it 550: terminal-step reward dominates the episode: survival is being punished
it  551 steps  54165504 sps   61,268 | ep_ret    4.89 ep_len  978.5 (n=81) | pg -0.008 vf 0.004 kl 0.0130 lr 2.6e-04
[anomaly] it 551: explained variance -5.30 < 0 after warm-up: value function not predicting returns
[anomaly] it 551: terminal-step reward dominates the episode: survival is being punished
it  552 steps  54263808 sps   61,270 | ep_ret    5.04 ep_len  969.5 (n=96) | pg -0.005 vf 0.004 kl 0.0153 lr 5.1e-05
[anomaly] it 552: explained variance -1.69 < 0 after warm-up: value function not predicting returns
[anomaly] it 552: terminal-step reward dominates the episode: survival is being punished
it  553 steps  54362112 sps   61,272 | ep_ret    4.96 ep_len  966.0 (n=92) | pg -0.008 vf 0.004 kl 0.0118 lr 1.7e-04
[anomaly] it 553: explained variance -1.19 < 0 after warm-up: value function not predicting returns
[anomaly] it 553: terminal-step reward dominates the episode: survival is being punished
it  554 steps  54460416 sps   61,274 | ep_ret    5.20 ep_len  978.2 (n=90) | pg -0.007 vf 0.003 kl 0.0145 lr 1.7e-04
[anomaly] it 554: explained variance -1.79 < 0 after warm-up: value function not predicting returns
[anomaly] it 554: terminal-step reward dominates the episode: survival is being punished
it  555 steps  54558720 sps   61,275 | ep_ret    5.31 ep_len  986.3 (n=95) | pg -0.008 vf 0.003 kl 0.0125 lr 2.6e-04
[anomaly] it 555: explained variance -2.74 < 0 after warm-up: value function not predicting returns
[anomaly] it 555: terminal-step reward dominates the episode: survival is being punished
it  556 steps  54657024 sps   61,277 | ep_ret    5.07 ep_len  965.2 (n=94) | pg -0.008 vf 0.003 kl 0.0155 lr 2.6e-04
[anomaly] it 556: explained variance -0.30 < 0 after warm-up: value function not predicting returns
[anomaly] it 556: terminal-step reward dominates the episode: survival is being punished
it  557 steps  54755328 sps   61,279 | ep_ret    5.50 ep_len  992.3 (n=99) | pg -0.008 vf 0.004 kl 0.0148 lr 1.7e-04
[anomaly] it 557: explained variance -3.82 < 0 after warm-up: value function not predicting returns
[anomaly] it 557: terminal-step reward dominates the episode: survival is being punished
it  558 steps  54853632 sps   61,281 | ep_ret    5.53 ep_len  985.2 (n=96) | pg -0.006 vf 0.006 kl 0.0144 lr 1.1e-04
[anomaly] it 558: explained variance -3.22 < 0 after warm-up: value function not predicting returns
[anomaly] it 558: terminal-step reward dominates the episode: survival is being punished
it  559 steps  54951936 sps   61,283 | ep_ret    5.20 ep_len  972.6 (n=85) | pg -0.007 vf 0.004 kl 0.0130 lr 1.7e-04
[anomaly] it 559: explained variance -2.96 < 0 after warm-up: value function not predicting returns
[anomaly] it 559: terminal-step reward dominates the episode: survival is being punished
it  560 steps  55050240 sps   61,285 | ep_ret    5.27 ep_len  957.2 (n=100) | pg -0.007 vf 0.004 kl 0.0152 lr 2.6e-04
[anomaly] it 560: explained variance -0.93 < 0 after warm-up: value function not predicting returns
[anomaly] it 560: terminal-step reward dominates the episode: survival is being punished
it  561 steps  55148544 sps   61,287 | ep_ret    5.51 ep_len  971.3 (n=101) | pg -0.006 vf 0.005 kl 0.0142 lr 1.7e-04
[anomaly] it 561: explained variance -1.64 < 0 after warm-up: value function not predicting returns
[anomaly] it 561: terminal-step reward dominates the episode: survival is being punished
it  562 steps  55246848 sps   61,289 | ep_ret    5.47 ep_len  973.6 (n=92) | pg -0.007 vf 0.004 kl 0.0130 lr 1.7e-04
[anomaly] it 562: explained variance -1.45 < 0 after warm-up: value function not predicting returns
[anomaly] it 562: terminal-step reward dominates the episode: survival is being punished
it  563 steps  55345152 sps   61,291 | ep_ret    5.60 ep_len  981.9 (n=99) | pg -0.007 vf 0.005 kl 0.0141 lr 1.1e-04
[anomaly] it 563: explained variance -1.72 < 0 after warm-up: value function not predicting returns
[anomaly] it 563: terminal-step reward dominates the episode: survival is being punished
it  564 steps  55443456 sps   61,293 | ep_ret    5.78 ep_len  977.5 (n=91) | pg -0.007 vf 0.004 kl 0.0143 lr 2.6e-04
[anomaly] it 564: explained variance -3.88 < 0 after warm-up: value function not predicting returns
[anomaly] it 564: terminal-step reward dominates the episode: survival is being punished
[anomaly] it 564: contact force 20402 N > 50x robot weight
it  565 steps  55541760 sps   61,295 | ep_ret    5.49 ep_len  962.0 (n=101) | pg -0.007 vf 0.004 kl 0.0140 lr 1.7e-04
[anomaly] it 565: explained variance -0.90 < 0 after warm-up: value function not predicting returns
[anomaly] it 565: terminal-step reward dominates the episode: survival is being punished
it  566 steps  55640064 sps   61,297 | ep_ret    5.59 ep_len  959.6 (n=85) | pg -0.008 vf 0.003 kl 0.0141 lr 1.7e-04
[anomaly] it 566: explained variance -1.62 < 0 after warm-up: value function not predicting returns
[anomaly] it 566: terminal-step reward dominates the episode: survival is being punished
it  567 steps  55738368 sps   61,299 | ep_ret    5.77 ep_len  970.6 (n=117) | pg -0.006 vf 0.005 kl 0.0133 lr 1.1e-04
[anomaly] it 567: explained variance -0.59 < 0 after warm-up: value function not predicting returns
[anomaly] it 567: terminal-step reward dominates the episode: survival is being punished
it  568 steps  55836672 sps   61,301 | ep_ret    5.91 ep_len  986.3 (n=99) | pg -0.008 vf 0.003 kl 0.0135 lr 2.6e-04
[anomaly] it 568: explained variance -2.56 < 0 after warm-up: value function not predicting returns
[anomaly] it 568: terminal-step reward dominates the episode: survival is being punished
it  569 steps  55934976 sps   61,303 | ep_ret    6.02 ep_len  971.1 (n=111) | pg -0.006 vf 0.004 kl 0.0156 lr 7.6e-05
[anomaly] it 569: explained variance -0.60 < 0 after warm-up: value function not predicting returns
[anomaly] it 569: terminal-step reward dominates the episode: survival is being punished
it  570 steps  56033280 sps   61,305 | ep_ret    6.33 ep_len  997.8 (n=111) | pg -0.008 vf 0.003 kl 0.0146 lr 2.6e-04
[anomaly] it 570: explained variance -2.19 < 0 after warm-up: value function not predicting returns
[anomaly] it 570: terminal-step reward dominates the episode: survival is being punished
it  571 steps  56131584 sps   61,307 | ep_ret    6.16 ep_len  979.5 (n=106) | pg -0.006 vf 0.005 kl 0.0150 lr 7.6e-05
[anomaly] it 571: explained variance -3.15 < 0 after warm-up: value function not predicting returns
[anomaly] it 571: terminal-step reward dominates the episode: survival is being punished
it  572 steps  56229888 sps   61,308 | ep_ret    5.98 ep_len  968.3 (n=111) | pg -0.006 vf 0.006 kl 0.0132 lr 1.1e-04
[anomaly] it 572: explained variance -1.22 < 0 after warm-up: value function not predicting returns
[anomaly] it 572: terminal-step reward dominates the episode: survival is being punished
it  573 steps  56328192 sps   61,310 | ep_ret    6.26 ep_len  986.9 (n=113) | pg -0.006 vf 0.003 kl 0.0141 lr 1.1e-04
[anomaly] it 573: explained variance -2.37 < 0 after warm-up: value function not predicting returns
[anomaly] it 573: terminal-step reward dominates the episode: survival is being punished
it  574 steps  56426496 sps   61,312 | ep_ret    6.11 ep_len  977.4 (n=124) | pg -0.007 vf 0.005 kl 0.0132 lr 2.6e-04
[anomaly] it 574: explained variance -1.01 < 0 after warm-up: value function not predicting returns
[anomaly] it 574: terminal-step reward dominates the episode: survival is being punished
it  575 steps  56524800 sps   61,314 | ep_ret    6.35 ep_len  978.1 (n=98) | pg -0.005 vf 0.003 kl 0.0140 lr 1.1e-04
[anomaly] it 575: explained variance -2.47 < 0 after warm-up: value function not predicting returns
[anomaly] it 575: terminal-step reward dominates the episode: survival is being punished
it  576 steps  56623104 sps   61,316 | ep_ret    6.33 ep_len  974.3 (n=106) | pg -0.007 vf 0.002 kl 0.0130 lr 2.6e-04
[anomaly] it 576: explained variance -0.85 < 0 after warm-up: value function not predicting returns
[anomaly] it 576: terminal-step reward dominates the episode: survival is being punished
it  577 steps  56721408 sps   61,318 | ep_ret    6.39 ep_len  986.5 (n=103) | pg -0.007 vf 0.004 kl 0.0139 lr 1.7e-04
[anomaly] it 577: explained variance -1.50 < 0 after warm-up: value function not predicting returns
[anomaly] it 577: terminal-step reward dominates the episode: survival is being punished
it  578 steps  56819712 sps   61,320 | ep_ret    6.84 ep_len 1000.0 (n=102) | pg -0.006 vf 0.004 kl 0.0134 lr 1.7e-04
[anomaly] it 578: explained variance -10.85 < 0 after warm-up: value function not predicting returns
it  579 steps  56918016 sps   61,322 | ep_ret    6.21 ep_len  972.7 (n=116) | pg -0.007 vf 0.002 kl 0.0129 lr 1.7e-04
[anomaly] it 579: explained variance -0.70 < 0 after warm-up: value function not predicting returns
[anomaly] it 579: terminal-step reward dominates the episode: survival is being punished
it  580 steps  57016320 sps   61,324 | ep_ret    6.61 ep_len  988.9 (n=111) | pg -0.006 vf 0.004 kl 0.0138 lr 1.7e-04
[anomaly] it 580: explained variance -3.04 < 0 after warm-up: value function not predicting returns
[anomaly] it 580: terminal-step reward dominates the episode: survival is being punished
it  581 steps  57114624 sps   61,325 | ep_ret    6.61 ep_len  980.7 (n=91) | pg -0.007 vf 0.005 kl 0.0129 lr 1.7e-04
[anomaly] it 581: explained variance -1.68 < 0 after warm-up: value function not predicting returns
[anomaly] it 581: terminal-step reward dominates the episode: survival is being punished
it  582 steps  57212928 sps   61,327 | ep_ret    6.76 ep_len  985.9 (n=102) | pg -0.007 vf 0.004 kl 0.0127 lr 1.1e-04
[anomaly] it 582: explained variance -1.52 < 0 after warm-up: value function not predicting returns
[anomaly] it 582: terminal-step reward dominates the episode: survival is being punished
it  583 steps  57311232 sps   61,329 | ep_ret    6.77 ep_len  980.9 (n=98) | pg -0.007 vf 0.004 kl 0.0141 lr 2.6e-04
[anomaly] it 583: explained variance -1.46 < 0 after warm-up: value function not predicting returns
[anomaly] it 583: terminal-step reward dominates the episode: survival is being punished
it  584 steps  57409536 sps   61,330 | ep_ret    6.84 ep_len  983.0 (n=111) | pg -0.007 vf 0.003 kl 0.0137 lr 1.1e-04
[anomaly] it 584: explained variance -2.17 < 0 after warm-up: value function not predicting returns
[anomaly] it 584: terminal-step reward dominates the episode: survival is being punished
it  585 steps  57507840 sps   61,332 | ep_ret    6.88 ep_len  978.2 (n=88) | pg -0.007 vf 0.003 kl 0.0149 lr 2.6e-04
[anomaly] it 585: explained variance -2.17 < 0 after warm-up: value function not predicting returns
[anomaly] it 585: terminal-step reward dominates the episode: survival is being punished
it  586 steps  57606144 sps   61,334 | ep_ret    6.90 ep_len  990.4 (n=102) | pg -0.006 vf 0.003 kl 0.0140 lr 1.1e-04
[anomaly] it 586: explained variance -2.26 < 0 after warm-up: value function not predicting returns
[anomaly] it 586: terminal-step reward dominates the episode: survival is being punished
it  587 steps  57704448 sps   61,335 | ep_ret    6.86 ep_len  985.0 (n=97) | pg -0.008 vf 0.002 kl 0.0136 lr 2.6e-04
[anomaly] it 587: explained variance -0.59 < 0 after warm-up: value function not predicting returns
[anomaly] it 587: terminal-step reward dominates the episode: survival is being punished
it  588 steps  57802752 sps   61,337 | ep_ret    7.03 ep_len  990.2 (n=91) | pg -0.007 vf 0.003 kl 0.0150 lr 2.6e-04
[anomaly] it 588: explained variance -0.83 < 0 after warm-up: value function not predicting returns
[anomaly] it 588: terminal-step reward dominates the episode: survival is being punished
it  589 steps  57901056 sps   61,339 | ep_ret    7.26 ep_len 1000.0 (n=104) | pg -0.006 vf 0.004 kl 0.0139 lr 1.7e-04
[anomaly] it 589: explained variance -8.55 < 0 after warm-up: value function not predicting returns
it  590 steps  57999360 sps   61,340 | ep_ret    6.71 ep_len  966.5 (n=100) | pg -0.007 vf 0.004 kl 0.0153 lr 2.6e-04
[anomaly] it 590: explained variance -0.08 < 0 after warm-up: value function not predicting returns
[anomaly] it 590: terminal-step reward dominates the episode: survival is being punished
it  591 steps  58097664 sps   61,342 | ep_ret    7.37 ep_len  994.9 (n=97) | pg -0.005 vf 0.005 kl 0.0168 lr 5.1e-05
[anomaly] it 591: explained variance -3.53 < 0 after warm-up: value function not predicting returns
[anomaly] it 591: terminal-step reward dominates the episode: survival is being punished
it  592 steps  58195968 sps   61,344 | ep_ret    7.04 ep_len  969.2 (n=99) | pg -0.007 vf 0.003 kl 0.0110 lr 1.7e-04
[anomaly] it 592: explained variance -2.26 < 0 after warm-up: value function not predicting returns
[anomaly] it 592: terminal-step reward dominates the episode: survival is being punished
it  593 steps  58294272 sps   61,345 | ep_ret    6.53 ep_len  930.8 (n=88) | pg -0.007 vf 0.003 kl 0.0154 lr 2.6e-04
[anomaly] it 593: explained variance -0.05 < 0 after warm-up: value function not predicting returns
[anomaly] it 593: terminal-step reward dominates the episode: survival is being punished
it  594 steps  58392576 sps   61,346 | ep_ret    7.22 ep_len  980.8 (n=86) | pg -0.006 vf 0.004 kl 0.0139 lr 1.7e-04
[anomaly] it 594: explained variance -1.89 < 0 after warm-up: value function not predicting returns
[anomaly] it 594: terminal-step reward dominates the episode: survival is being punished
it  595 steps  58490880 sps   61,347 | ep_ret    7.50 ep_len  991.4 (n=85) | pg -0.007 vf 0.005 kl 0.0139 lr 1.7e-04
[anomaly] it 595: explained variance -2.96 < 0 after warm-up: value function not predicting returns
[anomaly] it 595: terminal-step reward dominates the episode: survival is being punished
it  596 steps  58589184 sps   61,348 | ep_ret    7.51 ep_len  982.5 (n=99) | pg -0.007 vf 0.005 kl 0.0136 lr 1.7e-04
[anomaly] it 596: explained variance -3.24 < 0 after warm-up: value function not predicting returns
[anomaly] it 596: terminal-step reward dominates the episode: survival is being punished
it  597 steps  58687488 sps   61,350 | ep_ret    7.10 ep_len  959.5 (n=100) | pg -0.006 vf 0.006 kl 0.0136 lr 5.1e-05
[anomaly] it 597: explained variance -1.28 < 0 after warm-up: value function not predicting returns
[anomaly] it 597: terminal-step reward dominates the episode: survival is being punished
it  598 steps  58785792 sps   61,350 | ep_ret    6.86 ep_len  947.1 (n=97) | pg -0.007 vf 0.004 kl 0.0112 lr 1.7e-04
[anomaly] it 598: explained variance -0.72 < 0 after warm-up: value function not predicting returns
[anomaly] it 598: terminal-step reward dominates the episode: survival is being punished
it  599 steps  58884096 sps   61,350 | ep_ret    7.40 ep_len  975.8 (n=102) | pg -0.008 vf 0.003 kl 0.0133 lr 1.7e-04
[anomaly] it 599: explained variance -0.60 < 0 after warm-up: value function not predicting returns
[anomaly] it 599: terminal-step reward dominates the episode: survival is being punished
it  600 steps  58982400 sps   61,351 | ep_ret    7.69 ep_len  984.8 (n=95) | pg -0.008 vf 0.002 kl 0.0137 lr 1.7e-04
[anomaly] it 600: explained variance -0.93 < 0 after warm-up: value function not predicting returns
[anomaly] it 600: terminal-step reward dominates the episode: survival is being punished
it  601 steps  59080704 sps   61,352 | ep_ret    7.63 ep_len  978.1 (n=88) | pg -0.007 vf 0.002 kl 0.0135 lr 1.7e-04
[anomaly] it 601: explained variance -1.02 < 0 after warm-up: value function not predicting returns
[anomaly] it 601: terminal-step reward dominates the episode: survival is being punished
it  602 steps  59179008 sps   61,353 | ep_ret    7.82 ep_len  986.3 (n=103) | pg -0.006 vf 0.003 kl 0.0140 lr 1.1e-04
[anomaly] it 602: explained variance -0.32 < 0 after warm-up: value function not predicting returns
[anomaly] it 602: terminal-step reward dominates the episode: survival is being punished
it  603 steps  59277312 sps   61,355 | ep_ret    8.19 ep_len  994.7 (n=89) | pg -0.007 vf 0.003 kl 0.0130 lr 2.6e-04
[anomaly] it 603: explained variance -2.55 < 0 after warm-up: value function not predicting returns
[anomaly] it 603: terminal-step reward dominates the episode: survival is being punished
it  604 steps  59375616 sps   61,356 | ep_ret    7.62 ep_len  970.1 (n=99) | pg -0.006 vf 0.002 kl 0.0150 lr 1.7e-04
[anomaly] it 604: explained variance -0.19 < 0 after warm-up: value function not predicting returns
[anomaly] it 604: terminal-step reward dominates the episode: survival is being punished
it  605 steps  59473920 sps   61,357 | ep_ret    7.89 ep_len  983.5 (n=100) | pg -0.006 vf 0.004 kl 0.0139 lr 2.6e-04
[anomaly] it 605: explained variance -2.25 < 0 after warm-up: value function not predicting returns
[anomaly] it 605: terminal-step reward dominates the episode: survival is being punished
it  606 steps  59572224 sps   61,358 | ep_ret    7.79 ep_len  974.7 (n=81) | pg -0.007 vf 0.003 kl 0.0157 lr 2.6e-04
[anomaly] it 606: explained variance -1.97 < 0 after warm-up: value function not predicting returns
[anomaly] it 606: terminal-step reward dominates the episode: survival is being punished
it  607 steps  59670528 sps   61,359 | ep_ret    7.99 ep_len  983.4 (n=98) | pg -0.006 vf 0.006 kl 0.0140 lr 1.1e-04
[anomaly] it 607: explained variance -2.89 < 0 after warm-up: value function not predicting returns
[anomaly] it 607: terminal-step reward dominates the episode: survival is being punished
it  608 steps  59768832 sps   61,360 | ep_ret    8.02 ep_len  985.3 (n=98) | pg -0.007 vf 0.003 kl 0.0134 lr 2.6e-04
[anomaly] it 608: explained variance -3.25 < 0 after warm-up: value function not predicting returns
[anomaly] it 608: terminal-step reward dominates the episode: survival is being punished
it  609 steps  59867136 sps   61,361 | ep_ret    7.93 ep_len  967.2 (n=121) | pg -0.007 vf 0.003 kl 0.0179 lr 2.6e-04
[anomaly] it 609: explained variance -1.29 < 0 after warm-up: value function not predicting returns
[anomaly] it 609: terminal-step reward dominates the episode: survival is being punished
it  610 steps  59965440 sps   61,363 | ep_ret    8.07 ep_len  976.5 (n=95) | pg -0.006 vf 0.004 kl 0.0140 lr 1.1e-04
[anomaly] it 610: explained variance -1.06 < 0 after warm-up: value function not predicting returns
[anomaly] it 610: terminal-step reward dominates the episode: survival is being punished
it  611 steps  60063744 sps   61,364 | ep_ret    8.27 ep_len  993.8 (n=107) | pg -0.006 vf 0.005 kl 0.0120 lr 1.1e-04
[anomaly] it 611: explained variance -2.47 < 0 after warm-up: value function not predicting returns
[anomaly] it 611: terminal-step reward dominates the episode: survival is being punished
it  612 steps  60162048 sps   61,365 | ep_ret    8.31 ep_len  985.8 (n=111) | pg -0.007 vf 0.004 kl 0.0134 lr 2.6e-04
[anomaly] it 612: explained variance -3.19 < 0 after warm-up: value function not predicting returns
[anomaly] it 612: terminal-step reward dominates the episode: survival is being punished
it  613 steps  60260352 sps   61,366 | ep_ret    8.04 ep_len  970.8 (n=110) | pg -0.008 vf 0.002 kl 0.0142 lr 2.6e-04
[anomaly] it 613: explained variance -1.09 < 0 after warm-up: value function not predicting returns
[anomaly] it 613: terminal-step reward dominates the episode: survival is being punished
it  614 steps  60358656 sps   61,368 | ep_ret    8.40 ep_len  986.2 (n=116) | pg -0.006 vf 0.003 kl 0.0133 lr 1.7e-04
[anomaly] it 614: explained variance -0.34 < 0 after warm-up: value function not predicting returns
[anomaly] it 614: terminal-step reward dominates the episode: survival is being punished
it  615 steps  60456960 sps   61,369 | ep_ret    8.38 ep_len  990.7 (n=118) | pg -0.006 vf 0.004 kl 0.0127 lr 7.6e-05
[anomaly] it 615: explained variance -2.29 < 0 after warm-up: value function not predicting returns
[anomaly] it 615: terminal-step reward dominates the episode: survival is being punished
it  616 steps  60555264 sps   61,370 | ep_ret    8.63 ep_len  988.5 (n=110) | pg -0.007 vf 0.002 kl 0.0135 lr 2.6e-04
[anomaly] it 616: explained variance -2.16 < 0 after warm-up: value function not predicting returns
[anomaly] it 616: terminal-step reward dominates the episode: survival is being punished
it  617 steps  60653568 sps   61,371 | ep_ret    8.21 ep_len  972.3 (n=103) | pg -0.006 vf 0.003 kl 0.0158 lr 1.7e-04
[anomaly] it 617: explained variance -0.20 < 0 after warm-up: value function not predicting returns
[anomaly] it 617: terminal-step reward dominates the episode: survival is being punished
it  618 steps  60751872 sps   61,373 | ep_ret    8.55 ep_len  982.7 (n=101) | pg -0.006 vf 0.003 kl 0.0131 lr 1.7e-04
[anomaly] it 618: explained variance -2.34 < 0 after warm-up: value function not predicting returns
[anomaly] it 618: terminal-step reward dominates the episode: survival is being punished
it  619 steps  60850176 sps   61,374 | ep_ret    8.50 ep_len  983.0 (n=104) | pg -0.006 vf 0.003 kl 0.0133 lr 1.7e-04
[anomaly] it 619: explained variance -0.63 < 0 after warm-up: value function not predicting returns
[anomaly] it 619: terminal-step reward dominates the episode: survival is being punished
it  620 steps  60948480 sps   61,375 | ep_ret    8.65 ep_len  987.9 (n=108) | pg -0.008 vf 0.003 kl 0.0120 lr 2.6e-04
[anomaly] it 620: explained variance -1.40 < 0 after warm-up: value function not predicting returns
[anomaly] it 620: terminal-step reward dominates the episode: survival is being punished
it  621 steps  61046784 sps   61,376 | ep_ret    8.79 ep_len  984.5 (n=111) | pg -0.007 vf 0.002 kl 0.0132 lr 1.7e-04
[anomaly] it 621: explained variance -0.67 < 0 after warm-up: value function not predicting returns
[anomaly] it 621: terminal-step reward dominates the episode: survival is being punished
it  622 steps  61145088 sps   61,377 | ep_ret    8.97 ep_len  996.9 (n=100) | pg -0.007 vf 0.002 kl 0.0141 lr 1.7e-04
[anomaly] it 622: explained variance -1.39 < 0 after warm-up: value function not predicting returns
[anomaly] it 622: terminal-step reward dominates the episode: survival is being punished
it  623 steps  61243392 sps   61,378 | ep_ret    8.91 ep_len  987.7 (n=93) | pg -0.007 vf 0.003 kl 0.0137 lr 1.7e-04
[anomaly] it 623: explained variance -1.11 < 0 after warm-up: value function not predicting returns
[anomaly] it 623: terminal-step reward dominates the episode: survival is being punished
it  624 steps  61341696 sps   61,379 | ep_ret    8.87 ep_len  988.8 (n=87) | pg -0.006 vf 0.003 kl 0.0132 lr 1.7e-04
[anomaly] it 624: explained variance -3.07 < 0 after warm-up: value function not predicting returns
[anomaly] it 624: terminal-step reward dominates the episode: survival is being punished
it  625 steps  61440000 sps   61,380 | ep_ret    9.03 ep_len  990.4 (n=107) | pg -0.006 vf 0.003 kl 0.0129 lr 1.1e-04
[anomaly] it 625: explained variance -0.68 < 0 after warm-up: value function not predicting returns
[anomaly] it 625: terminal-step reward dominates the episode: survival is being punished
it  626 steps  61538304 sps   61,381 | ep_ret    8.97 ep_len  987.1 (n=108) | pg -0.007 vf 0.004 kl 0.0135 lr 1.1e-04
[anomaly] it 626: explained variance -0.46 < 0 after warm-up: value function not predicting returns
[anomaly] it 626: terminal-step reward dominates the episode: survival is being punished
it  627 steps  61636608 sps   61,382 | ep_ret    9.13 ep_len  994.8 (n=83) | pg -0.006 vf 0.003 kl 0.0155 lr 2.6e-04
[anomaly] it 627: explained variance -3.14 < 0 after warm-up: value function not predicting returns
[anomaly] it 627: terminal-step reward dominates the episode: survival is being punished
it  628 steps  61734912 sps   61,383 | ep_ret    9.02 ep_len  975.5 (n=121) | pg -0.007 vf 0.004 kl 0.0132 lr 1.1e-04
[anomaly] it 628: explained variance -1.05 < 0 after warm-up: value function not predicting returns
[anomaly] it 628: terminal-step reward dominates the episode: survival is being punished
it  629 steps  61833216 sps   61,384 | ep_ret    9.13 ep_len  989.6 (n=82) | pg -0.006 vf 0.004 kl 0.0150 lr 2.6e-04
[anomaly] it 629: explained variance -1.43 < 0 after warm-up: value function not predicting returns
[anomaly] it 629: terminal-step reward dominates the episode: survival is being punished
it  630 steps  61931520 sps   61,386 | ep_ret    8.87 ep_len  973.2 (n=102) | pg -0.008 vf 0.003 kl 0.0152 lr 2.6e-04
[anomaly] it 630: explained variance -0.87 < 0 after warm-up: value function not predicting returns
[anomaly] it 630: terminal-step reward dominates the episode: survival is being punished
it  631 steps  62029824 sps   61,387 | ep_ret    9.20 ep_len  981.9 (n=102) | pg -0.006 vf 0.005 kl 0.0158 lr 2.6e-04
[anomaly] it 631: explained variance -2.84 < 0 after warm-up: value function not predicting returns
[anomaly] it 631: terminal-step reward dominates the episode: survival is being punished
it  632 steps  62128128 sps   61,388 | ep_ret    9.19 ep_len  990.4 (n=101) | pg -0.006 vf 0.005 kl 0.0129 lr 1.1e-04
[anomaly] it 632: explained variance -1.72 < 0 after warm-up: value function not predicting returns
[anomaly] it 632: terminal-step reward dominates the episode: survival is being punished
it  633 steps  62226432 sps   61,389 | ep_ret    9.18 ep_len  971.7 (n=92) | pg -0.006 vf 0.004 kl 0.0146 lr 2.6e-04
[anomaly] it 633: explained variance -2.04 < 0 after warm-up: value function not predicting returns
[anomaly] it 633: terminal-step reward dominates the episode: survival is being punished
[anomaly] it 633: contact force 19456 N > 50x robot weight
it  634 steps  62324736 sps   61,391 | ep_ret    8.87 ep_len  953.4 (n=104) | pg -0.007 vf 0.003 kl 0.0150 lr 1.7e-04
[anomaly] it 634: explained variance -0.39 < 0 after warm-up: value function not predicting returns
[anomaly] it 634: terminal-step reward dominates the episode: survival is being punished
it  635 steps  62423040 sps   61,392 | ep_ret    9.51 ep_len  983.5 (n=87) | pg -0.007 vf 0.003 kl 0.0136 lr 1.7e-04
[anomaly] it 635: explained variance -1.83 < 0 after warm-up: value function not predicting returns
[anomaly] it 635: terminal-step reward dominates the episode: survival is being punished
it  636 steps  62521344 sps   61,393 | ep_ret    9.35 ep_len  979.2 (n=86) | pg -0.007 vf 0.002 kl 0.0134 lr 1.1e-04
[anomaly] it 636: explained variance -1.17 < 0 after warm-up: value function not predicting returns
[anomaly] it 636: terminal-step reward dominates the episode: survival is being punished
it  637 steps  62619648 sps   61,394 | ep_ret    9.40 ep_len  971.5 (n=89) | pg -0.007 vf 0.004 kl 0.0132 lr 1.7e-04
[anomaly] it 637: explained variance -0.36 < 0 after warm-up: value function not predicting returns
[anomaly] it 637: terminal-step reward dominates the episode: survival is being punished
it  638 steps  62717952 sps   61,395 | ep_ret    9.82 ep_len  999.2 (n=93) | pg -0.003 vf 0.004 kl 0.0140 lr 3.4e-05
[anomaly] it 638: explained variance -3.55 < 0 after warm-up: value function not predicting returns
[anomaly] it 638: terminal-step reward dominates the episode: survival is being punished
it  639 steps  62816256 sps   61,396 | ep_ret    9.28 ep_len  970.1 (n=109) | pg -0.006 vf 0.003 kl 0.0118 lr 1.7e-04
[anomaly] it 639: explained variance -0.04 < 0 after warm-up: value function not predicting returns
[anomaly] it 639: terminal-step reward dominates the episode: survival is being punished
it  640 steps  62914560 sps   61,396 | ep_ret    9.67 ep_len  992.6 (n=94) | pg -0.006 vf 0.004 kl 0.0140 lr 1.7e-04
[anomaly] it 640: explained variance -1.45 < 0 after warm-up: value function not predicting returns
[anomaly] it 640: terminal-step reward dominates the episode: survival is being punished
it  641 steps  63012864 sps   61,396 | ep_ret    9.74 ep_len  988.5 (n=95) | pg -0.004 vf 0.003 kl 0.0141 lr 1.7e-04
[anomaly] it 641: explained variance -0.71 < 0 after warm-up: value function not predicting returns
[anomaly] it 641: terminal-step reward dominates the episode: survival is being punished
it  642 steps  63111168 sps   61,397 | ep_ret    9.78 ep_len  989.5 (n=101) | pg -0.007 vf 0.002 kl 0.0142 lr 1.7e-04
[anomaly] it 642: explained variance -0.48 < 0 after warm-up: value function not predicting returns
[anomaly] it 642: terminal-step reward dominates the episode: survival is being punished
it  643 steps  63209472 sps   61,398 | ep_ret    9.83 ep_len  987.1 (n=82) | pg -0.007 vf 0.003 kl 0.0131 lr 1.7e-04
[anomaly] it 643: explained variance -0.98 < 0 after warm-up: value function not predicting returns
[anomaly] it 643: terminal-step reward dominates the episode: survival is being punished
it  644 steps  63307776 sps   61,399 | ep_ret   10.12 ep_len  992.1 (n=102) | pg -0.005 vf 0.003 kl 0.0139 lr 1.7e-04
[anomaly] it 644: explained variance -1.73 < 0 after warm-up: value function not predicting returns
[anomaly] it 644: terminal-step reward dominates the episode: survival is being punished
it  645 steps  63406080 sps   61,400 | ep_ret    9.92 ep_len  984.7 (n=91) | pg -0.006 vf 0.004 kl 0.0149 lr 1.7e-04
[anomaly] it 645: explained variance -0.53 < 0 after warm-up: value function not predicting returns
[anomaly] it 645: terminal-step reward dominates the episode: survival is being punished
[anomaly] it 645: contact force 19279 N > 50x robot weight
it  646 steps  63504384 sps   61,401 | ep_ret   10.23 ep_len  997.4 (n=97) | pg -0.006 vf 0.004 kl 0.0128 lr 1.1e-04
[anomaly] it 646: explained variance -3.17 < 0 after warm-up: value function not predicting returns
[anomaly] it 646: terminal-step reward dominates the episode: survival is being punished
it  647 steps  63602688 sps   61,402 | ep_ret   10.13 ep_len  983.4 (n=97) | pg -0.006 vf 0.004 kl 0.0126 lr 1.1e-04
[anomaly] it 647: explained variance -2.41 < 0 after warm-up: value function not predicting returns
[anomaly] it 647: terminal-step reward dominates the episode: survival is being punished
it  648 steps  63700992 sps   61,403 | ep_ret    9.59 ep_len  963.3 (n=83) | pg -0.005 vf 0.003 kl 0.0137 lr 1.7e-04
[anomaly] it 648: explained variance -0.49 < 0 after warm-up: value function not predicting returns
[anomaly] it 648: terminal-step reward dominates the episode: survival is being punished
it  649 steps  63799296 sps   61,404 | ep_ret    9.87 ep_len  972.5 (n=91) | pg -0.007 vf 0.003 kl 0.0128 lr 2.6e-04
[anomaly] it 649: explained variance -0.68 < 0 after warm-up: value function not predicting returns
[anomaly] it 649: terminal-step reward dominates the episode: survival is being punished
it  650 steps  63897600 sps   61,405 | ep_ret   10.23 ep_len  987.5 (n=112) | pg -0.005 vf 0.003 kl 0.0131 lr 1.1e-04
[anomaly] it 650: explained variance -1.21 < 0 after warm-up: value function not predicting returns
[anomaly] it 650: terminal-step reward dominates the episode: survival is being punished
it  651 steps  63995904 sps   61,406 | ep_ret    9.99 ep_len  977.5 (n=105) | pg -0.006 vf 0.002 kl 0.0153 lr 2.6e-04
[anomaly] it 651: terminal-step reward dominates the episode: survival is being punished
it  652 steps  64094208 sps   61,407 | ep_ret   10.51 ep_len 1000.0 (n=108) | pg -0.007 vf 0.002 kl 0.0160 lr 3.8e-04
[anomaly] it 652: explained variance -2.46 < 0 after warm-up: value function not predicting returns
it  653 steps  64192512 sps   61,408 | ep_ret   10.47 ep_len  992.0 (n=108) | pg -0.005 vf 0.002 kl 0.0153 lr 1.7e-04
[anomaly] it 653: explained variance -0.22 < 0 after warm-up: value function not predicting returns
[anomaly] it 653: terminal-step reward dominates the episode: survival is being punished
it  654 steps  64290816 sps   61,409 | ep_ret   10.65 ep_len  993.1 (n=107) | pg -0.007 vf 0.003 kl 0.0137 lr 2.6e-04
[anomaly] it 654: explained variance -1.25 < 0 after warm-up: value function not predicting returns
[anomaly] it 654: terminal-step reward dominates the episode: survival is being punished
it  655 steps  64389120 sps   61,410 | ep_ret   10.54 ep_len 1000.0 (n=102) | pg -0.005 vf 0.003 kl 0.0163 lr 2.6e-04
[anomaly] it 655: explained variance -2.95 < 0 after warm-up: value function not predicting returns
it  656 steps  64487424 sps   61,411 | ep_ret   10.40 ep_len  988.5 (n=112) | pg -0.005 vf 0.003 kl 0.0134 lr 1.7e-04
[anomaly] it 656: explained variance -1.30 < 0 after warm-up: value function not predicting returns
[anomaly] it 656: terminal-step reward dominates the episode: survival is being punished
it  657 steps  64585728 sps   61,412 | ep_ret   10.52 ep_len  987.6 (n=108) | pg -0.007 vf 0.003 kl 0.0130 lr 2.6e-04
[anomaly] it 657: explained variance -1.62 < 0 after warm-up: value function not predicting returns
[anomaly] it 657: terminal-step reward dominates the episode: survival is being punished
it  658 steps  64684032 sps   61,413 | ep_ret   10.29 ep_len  973.7 (n=113) | pg -0.006 vf 0.003 kl 0.0134 lr 1.7e-04
[anomaly] it 658: explained variance -0.41 < 0 after warm-up: value function not predicting returns
[anomaly] it 658: terminal-step reward dominates the episode: survival is being punished
it  659 steps  64782336 sps   61,414 | ep_ret   10.75 ep_len  992.1 (n=102) | pg -0.005 vf 0.004 kl 0.0134 lr 7.6e-05
[anomaly] it 659: explained variance -1.36 < 0 after warm-up: value function not predicting returns
[anomaly] it 659: terminal-step reward dominates the episode: survival is being punished
it  660 steps  64880640 sps   61,415 | ep_ret   10.62 ep_len  983.9 (n=103) | pg -0.007 vf 0.002 kl 0.0144 lr 2.6e-04
[anomaly] it 660: explained variance -1.43 < 0 after warm-up: value function not predicting returns
[anomaly] it 660: terminal-step reward dominates the episode: survival is being punished
it  661 steps  64978944 sps   61,417 | ep_ret   10.71 ep_len  981.0 (n=110) | pg -0.007 vf 0.003 kl 0.0129 lr 1.7e-04
[anomaly] it 661: explained variance -0.37 < 0 after warm-up: value function not predicting returns
[anomaly] it 661: terminal-step reward dominates the episode: survival is being punished
it  662 steps  65077248 sps   61,417 | ep_ret   10.95 ep_len  996.6 (n=107) | pg -0.005 vf 0.004 kl 0.0160 lr 2.6e-04
[anomaly] it 662: explained variance -1.93 < 0 after warm-up: value function not predicting returns
[anomaly] it 662: terminal-step reward dominates the episode: survival is being punished
it  663 steps  65175552 sps   61,418 | ep_ret   10.87 ep_len  990.6 (n=114) | pg -0.005 vf 0.004 kl 0.0152 lr 1.7e-04
[anomaly] it 663: explained variance -1.15 < 0 after warm-up: value function not predicting returns
[anomaly] it 663: terminal-step reward dominates the episode: survival is being punished
it  664 steps  65273856 sps   61,419 | ep_ret   10.59 ep_len  983.2 (n=86) | pg -0.006 vf 0.002 kl 0.0138 lr 2.6e-04
[anomaly] it 664: explained variance -2.82 < 0 after warm-up: value function not predicting returns
[anomaly] it 664: terminal-step reward dominates the episode: survival is being punished
it  665 steps  65372160 sps   61,420 | ep_ret   10.78 ep_len  985.0 (n=104) | pg -0.003 vf 0.004 kl 0.0163 lr 3.4e-05
[anomaly] it 665: explained variance -0.25 < 0 after warm-up: value function not predicting returns
[anomaly] it 665: terminal-step reward dominates the episode: survival is being punished
it  666 steps  65470464 sps   61,421 | ep_ret   10.99 ep_len  990.8 (n=91) | pg -0.006 vf 0.002 kl 0.0127 lr 1.1e-04
[anomaly] it 666: explained variance -1.72 < 0 after warm-up: value function not predicting returns
[anomaly] it 666: terminal-step reward dominates the episode: survival is being punished
it  667 steps  65568768 sps   61,422 | ep_ret   11.06 ep_len  991.6 (n=107) | pg -0.005 vf 0.004 kl 0.0152 lr 2.6e-04
[anomaly] it 667: explained variance -1.71 < 0 after warm-up: value function not predicting returns
[anomaly] it 667: terminal-step reward dominates the episode: survival is being punished
it  668 steps  65667072 sps   61,422 | ep_ret   11.09 ep_len  990.6 (n=102) | pg -0.007 vf 0.002 kl 0.0140 lr 1.7e-04
[anomaly] it 668: explained variance -0.76 < 0 after warm-up: value function not predicting returns
[anomaly] it 668: terminal-step reward dominates the episode: survival is being punished
it  669 steps  65765376 sps   61,423 | ep_ret   11.11 ep_len  992.1 (n=91) | pg -0.006 vf 0.004 kl 0.0145 lr 1.7e-04
[anomaly] it 669: explained variance -1.68 < 0 after warm-up: value function not predicting returns
[anomaly] it 669: terminal-step reward dominates the episode: survival is being punished
it  670 steps  65863680 sps   61,424 | ep_ret   11.01 ep_len  983.0 (n=111) | pg -0.006 vf 0.005 kl 0.0132 lr 1.1e-04
[anomaly] it 670: explained variance -2.53 < 0 after warm-up: value function not predicting returns
[anomaly] it 670: terminal-step reward dominates the episode: survival is being punished
it  671 steps  65961984 sps   61,425 | ep_ret   10.98 ep_len  976.4 (n=85) | pg -0.006 vf 0.006 kl 0.0149 lr 7.6e-05
[anomaly] it 671: explained variance -4.12 < 0 after warm-up: value function not predicting returns
[anomaly] it 671: terminal-step reward dominates the episode: survival is being punished
it  672 steps  66060288 sps   61,426 | ep_ret   10.64 ep_len  959.5 (n=116) | pg -0.006 vf 0.005 kl 0.0134 lr 1.7e-04
[anomaly] it 672: explained variance -1.30 < 0 after warm-up: value function not predicting returns
[anomaly] it 672: terminal-step reward dominates the episode: survival is being punished
it  673 steps  66158592 sps   61,427 | ep_ret   10.49 ep_len  963.3 (n=106) | pg -0.006 vf 0.004 kl 0.0153 lr 2.6e-04
[anomaly] it 673: explained variance -0.00 < 0 after warm-up: value function not predicting returns
[anomaly] it 673: terminal-step reward dominates the episode: survival is being punished
it  674 steps  66256896 sps   61,428 | ep_ret   11.31 ep_len  988.7 (n=94) | pg -0.005 vf 0.002 kl 0.0137 lr 1.7e-04
[anomaly] it 674: explained variance -1.91 < 0 after warm-up: value function not predicting returns
[anomaly] it 674: terminal-step reward dominates the episode: survival is being punished
it  675 steps  66355200 sps   61,429 | ep_ret   11.11 ep_len  980.9 (n=105) | pg -0.005 vf 0.005 kl 0.0141 lr 1.7e-04
[anomaly] it 675: explained variance -0.67 < 0 after warm-up: value function not predicting returns
[anomaly] it 675: terminal-step reward dominates the episode: survival is being punished
it  676 steps  66453504 sps   61,430 | ep_ret   11.27 ep_len  988.1 (n=86) | pg -0.006 vf 0.002 kl 0.0124 lr 1.1e-04
[anomaly] it 676: explained variance -1.05 < 0 after warm-up: value function not predicting returns
[anomaly] it 676: terminal-step reward dominates the episode: survival is being punished
it  677 steps  66551808 sps   61,431 | ep_ret   11.28 ep_len  984.1 (n=94) | pg -0.006 vf 0.002 kl 0.0139 lr 2.6e-04
[anomaly] it 677: explained variance -0.85 < 0 after warm-up: value function not predicting returns
[anomaly] it 677: terminal-step reward dominates the episode: survival is being punished
it  678 steps  66650112 sps   61,432 | ep_ret   11.36 ep_len  994.8 (n=86) | pg -0.006 vf 0.003 kl 0.0144 lr 2.6e-04
[anomaly] it 678: explained variance -1.60 < 0 after warm-up: value function not predicting returns
[anomaly] it 678: terminal-step reward dominates the episode: survival is being punished
it  679 steps  66748416 sps   61,433 | ep_ret   11.30 ep_len  985.5 (n=88) | pg -0.006 vf 0.003 kl 0.0154 lr 2.6e-04
[anomaly] it 679: explained variance -1.10 < 0 after warm-up: value function not predicting returns
[anomaly] it 679: terminal-step reward dominates the episode: survival is being punished
it  680 steps  66846720 sps   61,433 | ep_ret   11.49 ep_len  982.6 (n=95) | pg -0.007 vf 0.003 kl 0.0132 lr 1.7e-04
[anomaly] it 680: explained variance -1.48 < 0 after warm-up: value function not predicting returns
[anomaly] it 680: terminal-step reward dominates the episode: survival is being punished
it  681 steps  66945024 sps   61,434 | ep_ret   11.60 ep_len  995.7 (n=100) | pg -0.006 vf 0.003 kl 0.0133 lr 1.7e-04
[anomaly] it 681: explained variance -3.12 < 0 after warm-up: value function not predicting returns
[anomaly] it 681: terminal-step reward dominates the episode: survival is being punished
it  682 steps  67043328 sps   61,435 | ep_ret   11.27 ep_len  977.0 (n=102) | pg -0.006 vf 0.002 kl 0.0132 lr 2.6e-04
[anomaly] it 682: explained variance -0.63 < 0 after warm-up: value function not predicting returns
[anomaly] it 682: terminal-step reward dominates the episode: survival is being punished
it  683 steps  67141632 sps   61,436 | ep_ret   11.43 ep_len  983.5 (n=97) | pg -0.007 vf 0.002 kl 0.0136 lr 1.7e-04
[anomaly] it 683: explained variance -0.78 < 0 after warm-up: value function not predicting returns
[anomaly] it 683: terminal-step reward dominates the episode: survival is being punished
it  684 steps  67239936 sps   61,437 | ep_ret   11.92 ep_len  993.4 (n=82) | pg -0.007 vf 0.002 kl 0.0131 lr 2.6e-04
[anomaly] it 684: explained variance -0.92 < 0 after warm-up: value function not predicting returns
[anomaly] it 684: terminal-step reward dominates the episode: survival is being punished
it  685 steps  67338240 sps   61,438 | ep_ret   11.73 ep_len  994.9 (n=97) | pg -0.007 vf 0.002 kl 0.0160 lr 2.6e-04
[anomaly] it 685: explained variance -0.39 < 0 after warm-up: value function not predicting returns
[anomaly] it 685: terminal-step reward dominates the episode: survival is being punished
it  686 steps  67436544 sps   61,439 | ep_ret   11.96 ep_len  991.6 (n=87) | pg -0.008 vf 0.001 kl 0.0151 lr 2.6e-04
[anomaly] it 686: explained variance -1.51 < 0 after warm-up: value function not predicting returns
[anomaly] it 686: terminal-step reward dominates the episode: survival is being punished
it  687 steps  67534848 sps   61,440 | ep_ret   11.88 ep_len  988.1 (n=98) | pg -0.007 vf 0.002 kl 0.0147 lr 2.6e-04
[anomaly] it 687: explained variance -0.07 < 0 after warm-up: value function not predicting returns
[anomaly] it 687: terminal-step reward dominates the episode: survival is being punished
it  688 steps  67633152 sps   61,441 | ep_ret   12.04 ep_len  998.2 (n=96) | pg -0.006 vf 0.003 kl 0.0152 lr 2.6e-04
[anomaly] it 688: explained variance -0.49 < 0 after warm-up: value function not predicting returns
[anomaly] it 688: terminal-step reward dominates the episode: survival is being punished
it  689 steps  67731456 sps   61,441 | ep_ret   12.15 ep_len 1000.0 (n=83) | pg -0.005 vf 0.004 kl 0.0152 lr 1.7e-04
[anomaly] it 689: explained variance -3.36 < 0 after warm-up: value function not predicting returns
it  690 steps  67829760 sps   61,442 | ep_ret   11.71 ep_len  978.8 (n=103) | pg -0.006 vf 0.003 kl 0.0141 lr 2.6e-04
[anomaly] it 690: explained variance -0.89 < 0 after warm-up: value function not predicting returns
[anomaly] it 690: terminal-step reward dominates the episode: survival is being punished
it  691 steps  67928064 sps   61,443 | ep_ret   11.72 ep_len  974.1 (n=87) | pg -0.005 vf 0.006 kl 0.0136 lr 5.1e-05
[anomaly] it 691: explained variance -1.66 < 0 after warm-up: value function not predicting returns
[anomaly] it 691: terminal-step reward dominates the episode: survival is being punished
it  692 steps  68026368 sps   61,444 | ep_ret   11.76 ep_len  975.3 (n=117) | pg -0.006 vf 0.004 kl 0.0120 lr 1.7e-04
[anomaly] it 692: explained variance -1.09 < 0 after warm-up: value function not predicting returns
[anomaly] it 692: terminal-step reward dominates the episode: survival is being punished
it  693 steps  68124672 sps   61,445 | ep_ret   11.76 ep_len  975.8 (n=99) | pg -0.006 vf 0.005 kl 0.0153 lr 1.7e-04
[anomaly] it 693: explained variance -1.44 < 0 after warm-up: value function not predicting returns
[anomaly] it 693: terminal-step reward dominates the episode: survival is being punished
it  694 steps  68222976 sps   61,446 | ep_ret   11.80 ep_len  977.4 (n=110) | pg -0.005 vf 0.003 kl 0.0138 lr 5.1e-05
[anomaly] it 694: explained variance -0.35 < 0 after warm-up: value function not predicting returns
[anomaly] it 694: terminal-step reward dominates the episode: survival is being punished
it  695 steps  68321280 sps   61,447 | ep_ret   12.35 ep_len  994.1 (n=107) | pg -0.006 vf 0.002 kl 0.0132 lr 1.7e-04
[anomaly] it 695: explained variance -1.82 < 0 after warm-up: value function not predicting returns
[anomaly] it 695: terminal-step reward dominates the episode: survival is being punished
it  696 steps  68419584 sps   61,448 | ep_ret   12.00 ep_len  980.8 (n=106) | pg -0.006 vf 0.003 kl 0.0140 lr 2.6e-04
[anomaly] it 696: explained variance -0.72 < 0 after warm-up: value function not predicting returns
[anomaly] it 696: terminal-step reward dominates the episode: survival is being punished
it  697 steps  68517888 sps   61,449 | ep_ret   12.21 ep_len  992.7 (n=104) | pg -0.006 vf 0.002 kl 0.0154 lr 2.6e-04
[anomaly] it 697: explained variance -2.50 < 0 after warm-up: value function not predicting returns
[anomaly] it 697: terminal-step reward dominates the episode: survival is being punished
it  698 steps  68616192 sps   61,450 | ep_ret   12.13 ep_len  983.4 (n=108) | pg -0.006 vf 0.004 kl 0.0156 lr 2.6e-04
[anomaly] it 698: explained variance -0.52 < 0 after warm-up: value function not predicting returns
[anomaly] it 698: terminal-step reward dominates the episode: survival is being punished
it  699 steps  68714496 sps   61,451 | ep_ret   12.42 ep_len  992.5 (n=120) | pg -0.005 vf 0.004 kl 0.0146 lr 1.7e-04
[anomaly] it 699: explained variance -2.31 < 0 after warm-up: value function not predicting returns
[anomaly] it 699: terminal-step reward dominates the episode: survival is being punished
it  700 steps  68812800 sps   61,452 | ep_ret   12.23 ep_len  976.2 (n=104) | pg -0.006 vf 0.003 kl 0.0137 lr 2.6e-04
[anomaly] it 700: explained variance -1.21 < 0 after warm-up: value function not predicting returns
[anomaly] it 700: terminal-step reward dominates the episode: survival is being punished
it  701 steps  68911104 sps   61,452 | ep_ret   12.07 ep_len  977.8 (n=107) | pg -0.006 vf 0.002 kl 0.0140 lr 1.7e-04
[anomaly] it 701: explained variance -0.58 < 0 after warm-up: value function not predicting returns
[anomaly] it 701: terminal-step reward dominates the episode: survival is being punished
it  702 steps  69009408 sps   61,453 | ep_ret   12.41 ep_len  988.7 (n=98) | pg -0.007 vf 0.001 kl 0.0121 lr 2.6e-04
[anomaly] it 702: explained variance -0.84 < 0 after warm-up: value function not predicting returns
[anomaly] it 702: terminal-step reward dominates the episode: survival is being punished
it  703 steps  69107712 sps   61,454 | ep_ret   12.58 ep_len  996.7 (n=104) | pg -0.006 vf 0.002 kl 0.0143 lr 2.6e-04
[anomaly] it 703: explained variance -0.64 < 0 after warm-up: value function not predicting returns
[anomaly] it 703: terminal-step reward dominates the episode: survival is being punished
it  704 steps  69206016 sps   61,455 | ep_ret   12.60 ep_len 1000.0 (n=112) | pg -0.006 vf 0.002 kl 0.0150 lr 2.6e-04
[anomaly] it 704: explained variance -1.99 < 0 after warm-up: value function not predicting returns
it  705 steps  69304320 sps   61,455 | ep_ret   12.44 ep_len  990.5 (n=105) | pg -0.005 vf 0.003 kl 0.0153 lr 2.6e-04
[anomaly] it 705: explained variance -1.22 < 0 after warm-up: value function not predicting returns
[anomaly] it 705: terminal-step reward dominates the episode: survival is being punished
it  706 steps  69402624 sps   61,456 | ep_ret   12.35 ep_len  984.7 (n=94) | pg -0.004 vf 0.003 kl 0.0129 lr 1.1e-04
[anomaly] it 706: explained variance -0.72 < 0 after warm-up: value function not predicting returns
[anomaly] it 706: terminal-step reward dominates the episode: survival is being punished
it  707 steps  69500928 sps   61,457 | ep_ret   12.39 ep_len  983.6 (n=103) | pg -0.005 vf 0.003 kl 0.0145 lr 1.7e-04
[anomaly] it 707: explained variance -0.77 < 0 after warm-up: value function not predicting returns
[anomaly] it 707: terminal-step reward dominates the episode: survival is being punished
it  708 steps  69599232 sps   61,458 | ep_ret   12.70 ep_len  983.1 (n=95) | pg -0.006 vf 0.003 kl 0.0145 lr 2.6e-04
[anomaly] it 708: explained variance -0.92 < 0 after warm-up: value function not predicting returns
[anomaly] it 708: terminal-step reward dominates the episode: survival is being punished
it  709 steps  69697536 sps   61,459 | ep_ret   12.75 ep_len  989.5 (n=105) | pg -0.006 vf 0.003 kl 0.0129 lr 1.7e-04
[anomaly] it 709: explained variance -0.72 < 0 after warm-up: value function not predicting returns
[anomaly] it 709: terminal-step reward dominates the episode: survival is being punished
it  710 steps  69795840 sps   61,460 | ep_ret   12.91 ep_len  993.5 (n=88) | pg -0.006 vf 0.003 kl 0.0133 lr 1.7e-04
[anomaly] it 710: explained variance -0.71 < 0 after warm-up: value function not predicting returns
[anomaly] it 710: terminal-step reward dominates the episode: survival is being punished
it  711 steps  69894144 sps   61,461 | ep_ret   12.63 ep_len  978.3 (n=104) | pg -0.006 vf 0.002 kl 0.0143 lr 2.6e-04
[anomaly] it 711: explained variance -0.52 < 0 after warm-up: value function not predicting returns
[anomaly] it 711: terminal-step reward dominates the episode: survival is being punished
it  712 steps  69992448 sps   61,462 | ep_ret   12.99 ep_len 1000.0 (n=92) | pg -0.007 vf 0.002 kl 0.0147 lr 1.7e-04
[anomaly] it 712: explained variance -3.21 < 0 after warm-up: value function not predicting returns
it  713 steps  70090752 sps   61,462 | ep_ret   12.49 ep_len  974.9 (n=95) | pg -0.006 vf 0.002 kl 0.0136 lr 2.6e-04
[anomaly] it 713: explained variance -0.68 < 0 after warm-up: value function not predicting returns
[anomaly] it 713: terminal-step reward dominates the episode: survival is being punished
it  714 steps  70189056 sps   61,463 | ep_ret   13.08 ep_len  992.5 (n=117) | pg -0.006 vf 0.002 kl 0.0144 lr 2.6e-04
[anomaly] it 714: explained variance -0.87 < 0 after warm-up: value function not predicting returns
[anomaly] it 714: terminal-step reward dominates the episode: survival is being punished
it  715 steps  70287360 sps   61,464 | ep_ret   13.05 ep_len  985.6 (n=102) | pg -0.006 vf 0.002 kl 0.0143 lr 2.6e-04
[anomaly] it 715: explained variance -0.82 < 0 after warm-up: value function not predicting returns
[anomaly] it 715: terminal-step reward dominates the episode: survival is being punished
it  716 steps  70385664 sps   61,465 | ep_ret   13.19 ep_len  996.4 (n=94) | pg -0.005 vf 0.003 kl 0.0143 lr 1.7e-04
[anomaly] it 716: explained variance -1.15 < 0 after warm-up: value function not predicting returns
[anomaly] it 716: terminal-step reward dominates the episode: survival is being punished
it  717 steps  70483968 sps   61,466 | ep_ret   13.05 ep_len  996.8 (n=100) | pg -0.006 vf 0.004 kl 0.0156 lr 1.7e-04
[anomaly] it 717: explained variance -3.27 < 0 after warm-up: value function not predicting returns
[anomaly] it 717: terminal-step reward dominates the episode: survival is being punished
it  718 steps  70582272 sps   61,467 | ep_ret   12.72 ep_len  975.6 (n=94) | pg -0.005 vf 0.005 kl 0.0134 lr 7.6e-05
[anomaly] it 718: explained variance -1.16 < 0 after warm-up: value function not predicting returns
[anomaly] it 718: terminal-step reward dominates the episode: survival is being punished
it  719 steps  70680576 sps   61,468 | ep_ret   12.96 ep_len  978.0 (n=85) | pg -0.006 vf 0.005 kl 0.0135 lr 1.7e-04
[anomaly] it 719: explained variance -2.55 < 0 after warm-up: value function not predicting returns
[anomaly] it 719: terminal-step reward dominates the episode: survival is being punished
it  720 steps  70778880 sps   61,469 | ep_ret   12.41 ep_len  949.7 (n=88) | pg -0.005 vf 0.004 kl 0.0140 lr 1.7e-04
[anomaly] it 720: explained variance -1.61 < 0 after warm-up: value function not predicting returns
[anomaly] it 720: terminal-step reward dominates the episode: survival is being punished
it  721 steps  70877184 sps   61,469 | ep_ret   12.72 ep_len  967.4 (n=102) | pg -0.005 vf 0.003 kl 0.0135 lr 1.7e-04
[anomaly] it 721: explained variance -0.72 < 0 after warm-up: value function not predicting returns
[anomaly] it 721: terminal-step reward dominates the episode: survival is being punished
it  722 steps  70975488 sps   61,470 | ep_ret   13.14 ep_len  988.3 (n=103) | pg -0.006 vf 0.002 kl 0.0155 lr 2.6e-04
[anomaly] it 722: explained variance -0.56 < 0 after warm-up: value function not predicting returns
[anomaly] it 722: terminal-step reward dominates the episode: survival is being punished
it  723 steps  71073792 sps   61,471 | ep_ret   13.30 ep_len  995.8 (n=99) | pg -0.005 vf 0.002 kl 0.0133 lr 1.7e-04
[anomaly] it 723: explained variance -0.58 < 0 after warm-up: value function not predicting returns
[anomaly] it 723: terminal-step reward dominates the episode: survival is being punished
it  724 steps  71172096 sps   61,472 | ep_ret   13.48 ep_len  996.6 (n=100) | pg -0.006 vf 0.003 kl 0.0151 lr 2.6e-04
[anomaly] it 724: explained variance -1.47 < 0 after warm-up: value function not predicting returns
[anomaly] it 724: terminal-step reward dominates the episode: survival is being punished
it  725 steps  71270400 sps   61,473 | ep_ret   13.61 ep_len 1000.0 (n=92) | pg -0.004 vf 0.004 kl 0.0145 lr 1.1e-04
[anomaly] it 725: explained variance -3.49 < 0 after warm-up: value function not predicting returns
it  726 steps  71368704 sps   61,474 | ep_ret   12.79 ep_len  966.5 (n=85) | pg -0.006 vf 0.003 kl 0.0151 lr 2.6e-04
[anomaly] it 726: explained variance -0.71 < 0 after warm-up: value function not predicting returns
[anomaly] it 726: terminal-step reward dominates the episode: survival is being punished
it  727 steps  71467008 sps   61,475 | ep_ret   13.25 ep_len  984.1 (n=98) | pg -0.005 vf 0.003 kl 0.0160 lr 1.7e-04
[anomaly] it 727: explained variance -1.50 < 0 after warm-up: value function not predicting returns
[anomaly] it 727: terminal-step reward dominates the episode: survival is being punished
it  728 steps  71565312 sps   61,476 | ep_ret   13.06 ep_len  971.7 (n=82) | pg -0.008 vf 0.001 kl 0.0127 lr 2.6e-04
[anomaly] it 728: explained variance -0.69 < 0 after warm-up: value function not predicting returns
[anomaly] it 728: terminal-step reward dominates the episode: survival is being punished
it  729 steps  71663616 sps   61,477 | ep_ret   13.28 ep_len  985.5 (n=104) | pg -0.005 vf 0.002 kl 0.0145 lr 2.6e-04
[anomaly] it 729: explained variance -0.00 < 0 after warm-up: value function not predicting returns
[anomaly] it 729: terminal-step reward dominates the episode: survival is being punished
it  730 steps  71761920 sps   61,478 | ep_ret   13.73 ep_len 1000.0 (n=90) | pg -0.004 vf 0.003 kl 0.0141 lr 1.7e-04
[anomaly] it 730: explained variance -1.69 < 0 after warm-up: value function not predicting returns
it  731 steps  71860224 sps   61,479 | ep_ret   13.46 ep_len  984.0 (n=82) | pg -0.005 vf 0.003 kl 0.0162 lr 1.7e-04
[anomaly] it 731: explained variance -0.76 < 0 after warm-up: value function not predicting returns
[anomaly] it 731: terminal-step reward dominates the episode: survival is being punished
it  732 steps  71958528 sps   61,480 | ep_ret   13.63 ep_len  991.0 (n=103) | pg -0.006 vf 0.003 kl 0.0139 lr 2.6e-04
[anomaly] it 732: explained variance -1.15 < 0 after warm-up: value function not predicting returns
[anomaly] it 732: terminal-step reward dominates the episode: survival is being punished
it  733 steps  72056832 sps   61,480 | ep_ret   13.45 ep_len  987.1 (n=95) | pg -0.006 vf 0.002 kl 0.0147 lr 2.6e-04
[anomaly] it 733: explained variance -0.53 < 0 after warm-up: value function not predicting returns
[anomaly] it 733: terminal-step reward dominates the episode: survival is being punished
it  734 steps  72155136 sps   61,481 | ep_ret   13.59 ep_len  987.3 (n=121) | pg -0.005 vf 0.002 kl 0.0136 lr 1.7e-04
[anomaly] it 734: explained variance -0.04 < 0 after warm-up: value function not predicting returns
[anomaly] it 734: terminal-step reward dominates the episode: survival is being punished
it  735 steps  72253440 sps   61,481 | ep_ret   14.03 ep_len 1000.0 (n=96) | pg -0.005 vf 0.003 kl 0.0132 lr 2.6e-04
[anomaly] it 735: explained variance -2.49 < 0 after warm-up: value function not predicting returns
it  736 steps  72351744 sps   61,482 | ep_ret   13.75 ep_len  996.1 (n=103) | pg -0.007 vf 0.002 kl 0.0171 lr 3.8e-04
[anomaly] it 736: explained variance -1.70 < 0 after warm-up: value function not predicting returns
[anomaly] it 736: terminal-step reward dominates the episode: survival is being punished
it  737 steps  72450048 sps   61,483 | ep_ret   13.46 ep_len  980.2 (n=104) | pg -0.001 vf 0.004 kl 0.0187 lr 3.4e-05
[anomaly] it 737: terminal-step reward dominates the episode: survival is being punished
it  738 steps  72548352 sps   61,484 | ep_ret   14.09 ep_len 1000.0 (n=107) | pg -0.006 vf 0.004 kl 0.0117 lr 1.1e-04
[anomaly] it 738: explained variance -1.40 < 0 after warm-up: value function not predicting returns
it  739 steps  72646656 sps   61,485 | ep_ret   14.04 ep_len  995.8 (n=106) | pg -0.005 vf 0.002 kl 0.0133 lr 1.7e-04
[anomaly] it 739: explained variance -2.15 < 0 after warm-up: value function not predicting returns
[anomaly] it 739: terminal-step reward dominates the episode: survival is being punished
it  740 steps  72744960 sps   61,486 | ep_ret   13.90 ep_len  989.4 (n=116) | pg -0.006 vf 0.002 kl 0.0143 lr 2.6e-04
[anomaly] it 740: explained variance -0.71 < 0 after warm-up: value function not predicting returns
[anomaly] it 740: terminal-step reward dominates the episode: survival is being punished
it  741 steps  72843264 sps   61,487 | ep_ret   14.06 ep_len  993.6 (n=112) | pg -0.006 vf 0.002 kl 0.0151 lr 2.6e-04
[anomaly] it 741: explained variance -1.30 < 0 after warm-up: value function not predicting returns
[anomaly] it 741: terminal-step reward dominates the episode: survival is being punished
it  742 steps  72941568 sps   61,488 | ep_ret   14.04 ep_len  986.5 (n=102) | pg -0.005 vf 0.004 kl 0.0150 lr 1.7e-04
[anomaly] it 742: explained variance -0.69 < 0 after warm-up: value function not predicting returns
[anomaly] it 742: terminal-step reward dominates the episode: survival is being punished
it  743 steps  73039872 sps   61,489 | ep_ret   13.94 ep_len  988.7 (n=101) | pg -0.006 vf 0.003 kl 0.0146 lr 1.7e-04
[anomaly] it 743: explained variance -1.04 < 0 after warm-up: value function not predicting returns
[anomaly] it 743: terminal-step reward dominates the episode: survival is being punished
it  744 steps  73138176 sps   61,490 | ep_ret   14.03 ep_len  988.6 (n=105) | pg -0.006 vf 0.003 kl 0.0132 lr 1.7e-04
[anomaly] it 744: explained variance -1.21 < 0 after warm-up: value function not predicting returns
[anomaly] it 744: terminal-step reward dominates the episode: survival is being punished
it  745 steps  73236480 sps   61,491 | ep_ret   14.00 ep_len  986.7 (n=107) | pg -0.004 vf 0.004 kl 0.0127 lr 7.6e-05
[anomaly] it 745: explained variance -1.25 < 0 after warm-up: value function not predicting returns
[anomaly] it 745: terminal-step reward dominates the episode: survival is being punished
it  746 steps  73334784 sps   61,491 | ep_ret   13.78 ep_len  977.4 (n=110) | pg -0.007 vf 0.002 kl 0.0120 lr 1.7e-04
[anomaly] it 746: explained variance -0.34 < 0 after warm-up: value function not predicting returns
[anomaly] it 746: terminal-step reward dominates the episode: survival is being punished
it  747 steps  73433088 sps   61,492 | ep_ret   14.09 ep_len  983.1 (n=98) | pg -0.004 vf 0.003 kl 0.0131 lr 7.6e-05
[anomaly] it 747: explained variance -0.59 < 0 after warm-up: value function not predicting returns
[anomaly] it 747: terminal-step reward dominates the episode: survival is being punished
it  748 steps  73531392 sps   61,493 | ep_ret   14.51 ep_len 1000.0 (n=97) | pg -0.005 vf 0.002 kl 0.0118 lr 1.7e-04
[anomaly] it 748: explained variance -2.56 < 0 after warm-up: value function not predicting returns
it  749 steps  73629696 sps   61,494 | ep_ret   14.08 ep_len  983.3 (n=92) | pg -0.006 vf 0.001 kl 0.0142 lr 2.6e-04
[anomaly] it 749: explained variance -0.71 < 0 after warm-up: value function not predicting returns
[anomaly] it 749: terminal-step reward dominates the episode: survival is being punished
it  750 steps  73728000 sps   61,495 | ep_ret   14.36 ep_len  993.5 (n=104) | pg -0.007 vf 0.001 kl 0.0145 lr 2.6e-04
[anomaly] it 750: explained variance -0.44 < 0 after warm-up: value function not predicting returns
[anomaly] it 750: terminal-step reward dominates the episode: survival is being punished
it  751 steps  73826304 sps   61,495 | ep_ret   14.57 ep_len 1000.0 (n=95) | pg -0.005 vf 0.002 kl 0.0142 lr 1.7e-04
[anomaly] it 751: explained variance -1.46 < 0 after warm-up: value function not predicting returns
it  752 steps  73924608 sps   61,497 | ep_ret   14.35 ep_len  988.8 (n=84) | pg -0.004 vf 0.003 kl 0.0150 lr 1.7e-04
[anomaly] it 752: explained variance -0.84 < 0 after warm-up: value function not predicting returns
[anomaly] it 752: terminal-step reward dominates the episode: survival is being punished
it  753 steps  74022912 sps   61,498 | ep_ret   14.34 ep_len  989.3 (n=121) | pg -0.007 vf 0.002 kl 0.0135 lr 2.6e-04
[anomaly] it 753: explained variance -0.30 < 0 after warm-up: value function not predicting returns
[anomaly] it 753: terminal-step reward dominates the episode: survival is being punished
it  754 steps  74121216 sps   61,499 | ep_ret   14.51 ep_len  994.6 (n=78) | pg -0.005 vf 0.001 kl 0.0150 lr 2.6e-04
[anomaly] it 754: explained variance -1.31 < 0 after warm-up: value function not predicting returns
[anomaly] it 754: terminal-step reward dominates the episode: survival is being punished
it  755 steps  74219520 sps   61,500 | ep_ret   14.49 ep_len  988.2 (n=105) | pg -0.004 vf 0.002 kl 0.0136 lr 1.7e-04
[anomaly] it 755: explained variance -0.13 < 0 after warm-up: value function not predicting returns
[anomaly] it 755: terminal-step reward dominates the episode: survival is being punished
it  756 steps  74317824 sps   61,500 | ep_ret   14.81 ep_len 1000.0 (n=113) | pg -0.007 vf 0.001 kl 0.0135 lr 2.6e-04
[anomaly] it 756: explained variance -0.80 < 0 after warm-up: value function not predicting returns
it  757 steps  74416128 sps   61,501 | ep_ret   14.83 ep_len  995.6 (n=98) | pg -0.005 vf 0.003 kl 0.0131 lr 1.7e-04
[anomaly] it 757: explained variance -0.35 < 0 after warm-up: value function not predicting returns
[anomaly] it 757: terminal-step reward dominates the episode: survival is being punished
it  758 steps  74514432 sps   61,502 | ep_ret   14.55 ep_len  989.9 (n=92) | pg -0.006 vf 0.002 kl 0.0137 lr 2.6e-04
[anomaly] it 758: explained variance -0.59 < 0 after warm-up: value function not predicting returns
[anomaly] it 758: terminal-step reward dominates the episode: survival is being punished
it  759 steps  74612736 sps   61,503 | ep_ret   14.62 ep_len  992.6 (n=103) | pg -0.005 vf 0.002 kl 0.0132 lr 1.7e-04
[anomaly] it 759: explained variance -0.46 < 0 after warm-up: value function not predicting returns
[anomaly] it 759: terminal-step reward dominates the episode: survival is being punished
it  760 steps  74711040 sps   61,504 | ep_ret   14.74 ep_len  995.3 (n=90) | pg -0.006 vf 0.002 kl 0.0145 lr 2.6e-04
[anomaly] it 760: terminal-step reward dominates the episode: survival is being punished
it  761 steps  74809344 sps   61,505 | ep_ret   14.85 ep_len 1000.0 (n=84) | pg -0.005 vf 0.002 kl 0.0153 lr 2.6e-04
[anomaly] it 761: explained variance -1.91 < 0 after warm-up: value function not predicting returns
it  762 steps  74907648 sps   61,506 | ep_ret   14.58 ep_len  979.1 (n=91) | pg -0.004 vf 0.003 kl 0.0155 lr 1.7e-04
[anomaly] it 762: explained variance -0.45 < 0 after warm-up: value function not predicting returns
[anomaly] it 762: terminal-step reward dominates the episode: survival is being punished
it  763 steps  75005952 sps   61,507 | ep_ret   14.60 ep_len  986.5 (n=97) | pg -0.003 vf 0.002 kl 0.0132 lr 1.1e-04
[anomaly] it 763: explained variance -1.21 < 0 after warm-up: value function not predicting returns
[anomaly] it 763: terminal-step reward dominates the episode: survival is being punished
it  764 steps  75104256 sps   61,508 | ep_ret   14.54 ep_len  980.2 (n=112) | pg -0.006 vf 0.001 kl 0.0143 lr 2.6e-04
[anomaly] it 764: explained variance -0.05 < 0 after warm-up: value function not predicting returns
[anomaly] it 764: terminal-step reward dominates the episode: survival is being punished
it  765 steps  75202560 sps   61,509 | ep_ret   14.86 ep_len  991.6 (n=92) | pg -0.005 vf 0.002 kl 0.0130 lr 1.7e-04
[anomaly] it 765: explained variance -0.58 < 0 after warm-up: value function not predicting returns
[anomaly] it 765: terminal-step reward dominates the episode: survival is being punished
it  766 steps  75300864 sps   61,510 | ep_ret   14.80 ep_len  982.4 (n=94) | pg -0.005 vf 0.001 kl 0.0142 lr 1.7e-04
[anomaly] it 766: terminal-step reward dominates the episode: survival is being punished
it  767 steps  75399168 sps   61,511 | ep_ret   15.20 ep_len 1000.0 (n=97) | pg -0.006 vf 0.002 kl 0.0153 lr 1.7e-04
[anomaly] it 767: explained variance -0.91 < 0 after warm-up: value function not predicting returns
it  768 steps  75497472 sps   61,512 | ep_ret   15.05 ep_len  993.0 (n=82) | pg -0.005 vf 0.004 kl 0.0156 lr 2.6e-04
[anomaly] it 768: explained variance -0.91 < 0 after warm-up: value function not predicting returns
[anomaly] it 768: terminal-step reward dominates the episode: survival is being punished
it  769 steps  75595776 sps   61,513 | ep_ret   15.19 ep_len  996.1 (n=98) | pg -0.005 vf 0.002 kl 0.0146 lr 1.7e-04
[anomaly] it 769: explained variance -1.03 < 0 after warm-up: value function not predicting returns
[anomaly] it 769: terminal-step reward dominates the episode: survival is being punished
it  770 steps  75694080 sps   61,513 | ep_ret   14.95 ep_len  986.2 (n=89) | pg -0.005 vf 0.002 kl 0.0144 lr 2.6e-04
[anomaly] it 770: explained variance -0.95 < 0 after warm-up: value function not predicting returns
[anomaly] it 770: terminal-step reward dominates the episode: survival is being punished
it  771 steps  75792384 sps   61,515 | ep_ret   15.15 ep_len  991.3 (n=93) | pg -0.002 vf 0.001 kl 0.0139 lr 1.1e-04
[anomaly] it 771: explained variance -0.38 < 0 after warm-up: value function not predicting returns
[anomaly] it 771: terminal-step reward dominates the episode: survival is being punished
it  772 steps  75890688 sps   61,516 | ep_ret   15.19 ep_len  991.4 (n=94) | pg -0.006 vf 0.002 kl 0.0147 lr 2.6e-04
[anomaly] it 772: explained variance -0.61 < 0 after warm-up: value function not predicting returns
[anomaly] it 772: terminal-step reward dominates the episode: survival is being punished
it  773 steps  75988992 sps   61,517 | ep_ret   15.23 ep_len  991.8 (n=83) | pg -0.004 vf 0.004 kl 0.0134 lr 7.6e-05
[anomaly] it 773: explained variance -1.19 < 0 after warm-up: value function not predicting returns
[anomaly] it 773: terminal-step reward dominates the episode: survival is being punished
it  774 steps  76087296 sps   61,518 | ep_ret   14.77 ep_len  974.9 (n=98) | pg -0.004 vf 0.002 kl 0.0138 lr 1.7e-04
[anomaly] it 774: terminal-step reward dominates the episode: survival is being punished
it  775 steps  76185600 sps   61,518 | ep_ret   15.53 ep_len 1000.0 (n=111) | pg -0.005 vf 0.002 kl 0.0136 lr 1.1e-04
[anomaly] it 775: explained variance -1.88 < 0 after warm-up: value function not predicting returns
it  776 steps  76283904 sps   61,519 | ep_ret   15.14 ep_len  989.4 (n=109) | pg -0.006 vf 0.003 kl 0.0135 lr 1.1e-04
[anomaly] it 776: explained variance -0.93 < 0 after warm-up: value function not predicting returns
[anomaly] it 776: terminal-step reward dominates the episode: survival is being punished
it  777 steps  76382208 sps   61,520 | ep_ret   15.45 ep_len  996.2 (n=107) | pg -0.005 vf 0.003 kl 0.0132 lr 1.1e-04
[anomaly] it 777: explained variance -1.83 < 0 after warm-up: value function not predicting returns
[anomaly] it 777: terminal-step reward dominates the episode: survival is being punished
it  778 steps  76480512 sps   61,521 | ep_ret   15.41 ep_len  991.7 (n=105) | pg -0.005 vf 0.003 kl 0.0136 lr 1.1e-04
[anomaly] it 778: explained variance -1.18 < 0 after warm-up: value function not predicting returns
[anomaly] it 778: terminal-step reward dominates the episode: survival is being punished
it  779 steps  76578816 sps   61,522 | ep_ret   15.36 ep_len  989.2 (n=107) | pg -0.005 vf 0.002 kl 0.0151 lr 1.7e-04
[anomaly] it 779: explained variance -0.41 < 0 after warm-up: value function not predicting returns
[anomaly] it 779: terminal-step reward dominates the episode: survival is being punished
it  780 steps  76677120 sps   61,522 | ep_ret   15.52 ep_len  986.8 (n=99) | pg -0.006 vf 0.003 kl 0.0132 lr 1.7e-04
[anomaly] it 780: explained variance -0.03 < 0 after warm-up: value function not predicting returns
[anomaly] it 780: terminal-step reward dominates the episode: survival is being punished
it  781 steps  76775424 sps   61,523 | ep_ret   15.82 ep_len 1000.0 (n=104) | pg -0.004 vf 0.004 kl 0.0150 lr 3.4e-05
[anomaly] it 781: explained variance -2.24 < 0 after warm-up: value function not predicting returns
it  782 steps  76873728 sps   61,524 | ep_ret   15.35 ep_len  980.6 (n=112) | pg -0.004 vf 0.002 kl 0.0123 lr 1.1e-04
[anomaly] it 782: explained variance -0.62 < 0 after warm-up: value function not predicting returns
[anomaly] it 782: terminal-step reward dominates the episode: survival is being punished
it  783 steps  76972032 sps   61,525 | ep_ret   15.18 ep_len  979.4 (n=115) | pg -0.005 vf 0.002 kl 0.0146 lr 1.7e-04
[anomaly] it 783: explained variance -0.15 < 0 after warm-up: value function not predicting returns
[anomaly] it 783: terminal-step reward dominates the episode: survival is being punished
it  784 steps  77070336 sps   61,525 | ep_ret   15.79 ep_len 1000.0 (n=96) | pg -0.004 vf 0.005 kl 0.0146 lr 1.7e-04
[anomaly] it 784: explained variance -2.60 < 0 after warm-up: value function not predicting returns
it  785 steps  77168640 sps   61,526 | ep_ret   15.01 ep_len  971.7 (n=109) | pg -0.005 vf 0.004 kl 0.0135 lr 1.1e-04
[anomaly] it 785: explained variance -0.15 < 0 after warm-up: value function not predicting returns
[anomaly] it 785: terminal-step reward dominates the episode: survival is being punished
it  786 steps  77266944 sps   61,527 | ep_ret   15.76 ep_len  996.1 (n=110) | pg -0.005 vf 0.004 kl 0.0124 lr 7.6e-05
[anomaly] it 786: explained variance -2.05 < 0 after warm-up: value function not predicting returns
[anomaly] it 786: terminal-step reward dominates the episode: survival is being punished
it  787 steps  77365248 sps   61,528 | ep_ret   15.37 ep_len  976.2 (n=108) | pg -0.004 vf 0.004 kl 0.0137 lr 7.6e-05
[anomaly] it 787: explained variance -1.90 < 0 after warm-up: value function not predicting returns
[anomaly] it 787: terminal-step reward dominates the episode: survival is being punished
it  788 steps  77463552 sps   61,528 | ep_ret   15.17 ep_len  969.9 (n=118) | pg -0.004 vf 0.005 kl 0.0126 lr 7.6e-05
[anomaly] it 788: explained variance -0.39 < 0 after warm-up: value function not predicting returns
[anomaly] it 788: terminal-step reward dominates the episode: survival is being punished
it  789 steps  77561856 sps   61,529 | ep_ret   15.48 ep_len  985.6 (n=84) | pg -0.005 vf 0.002 kl 0.0120 lr 1.1e-04
[anomaly] it 789: explained variance -1.52 < 0 after warm-up: value function not predicting returns
[anomaly] it 789: terminal-step reward dominates the episode: survival is being punished
it  790 steps  77660160 sps   61,530 | ep_ret   15.24 ep_len  969.2 (n=111) | pg -0.005 vf 0.002 kl 0.0140 lr 1.7e-04
[anomaly] it 790: terminal-step reward dominates the episode: survival is being punished
it  791 steps  77758464 sps   61,531 | ep_ret   16.14 ep_len 1000.0 (n=92) | pg -0.005 vf 0.002 kl 0.0154 lr 1.7e-04
[anomaly] it 791: explained variance -1.02 < 0 after warm-up: value function not predicting returns
it  792 steps  77856768 sps   61,531 | ep_ret   15.85 ep_len  992.8 (n=102) | pg -0.004 vf 0.002 kl 0.0138 lr 1.1e-04
[anomaly] it 792: explained variance -0.38 < 0 after warm-up: value function not predicting returns
[anomaly] it 792: terminal-step reward dominates the episode: survival is being punished
it  793 steps  77955072 sps   61,532 | ep_ret   15.96 ep_len  992.0 (n=94) | pg -0.005 vf 0.002 kl 0.0116 lr 1.7e-04
[anomaly] it 793: explained variance -0.56 < 0 after warm-up: value function not predicting returns
[anomaly] it 793: terminal-step reward dominates the episode: survival is being punished
it  794 steps  78053376 sps   61,533 | ep_ret   16.15 ep_len 1000.0 (n=89) | pg -0.005 vf 0.001 kl 0.0127 lr 1.7e-04
[anomaly] it 794: explained variance -1.37 < 0 after warm-up: value function not predicting returns
it  795 steps  78151680 sps   61,534 | ep_ret   15.92 ep_len  992.5 (n=111) | pg -0.007 vf 0.001 kl 0.0144 lr 2.6e-04
[anomaly] it 795: explained variance -0.28 < 0 after warm-up: value function not predicting returns
[anomaly] it 795: terminal-step reward dominates the episode: survival is being punished
it  796 steps  78249984 sps   61,535 | ep_ret   16.31 ep_len 1000.0 (n=86) | pg -0.004 vf 0.004 kl 0.0136 lr 1.1e-04
[anomaly] it 796: explained variance -1.39 < 0 after warm-up: value function not predicting returns
it  797 steps  78348288 sps   61,535 | ep_ret   16.06 ep_len  992.5 (n=111) | pg -0.005 vf 0.002 kl 0.0152 lr 1.7e-04
[anomaly] it 797: explained variance -0.98 < 0 after warm-up: value function not predicting returns
[anomaly] it 797: terminal-step reward dominates the episode: survival is being punished
it  798 steps  78446592 sps   61,536 | ep_ret   15.95 ep_len  991.6 (n=108) | pg -0.005 vf 0.003 kl 0.0132 lr 1.1e-04
[anomaly] it 798: explained variance -0.46 < 0 after warm-up: value function not predicting returns
[anomaly] it 798: terminal-step reward dominates the episode: survival is being punished
it  799 steps  78544896 sps   61,538 | ep_ret   16.13 ep_len  993.6 (n=82) | pg -0.006 vf 0.004 kl 0.0134 lr 1.1e-04
[anomaly] it 799: explained variance -1.54 < 0 after warm-up: value function not predicting returns
[anomaly] it 799: terminal-step reward dominates the episode: survival is being punished
it  800 steps  78643200 sps   61,538 | ep_ret   15.86 ep_len  980.2 (n=102) | pg -0.004 vf 0.005 kl 0.0154 lr 1.7e-04
[anomaly] it 800: explained variance -0.48 < 0 after warm-up: value function not predicting returns
[anomaly] it 800: terminal-step reward dominates the episode: survival is being punished
it  801 steps  78741504 sps   61,539 | ep_ret   15.96 ep_len  985.7 (n=94) | pg -0.005 vf 0.002 kl 0.0153 lr 2.6e-04
[anomaly] it 801: explained variance -0.84 < 0 after warm-up: value function not predicting returns
[anomaly] it 801: terminal-step reward dominates the episode: survival is being punished
it  802 steps  78839808 sps   61,539 | ep_ret   16.12 ep_len  991.3 (n=92) | pg -0.002 vf 0.001 kl 0.0147 lr 1.1e-04
[anomaly] it 802: explained variance -0.56 < 0 after warm-up: value function not predicting returns
[anomaly] it 802: terminal-step reward dominates the episode: survival is being punished
it  803 steps  78938112 sps   61,539 | ep_ret   16.27 ep_len  995.9 (n=84) | pg -0.006 vf 0.002 kl 0.0144 lr 1.7e-04
[anomaly] it 803: explained variance -0.78 < 0 after warm-up: value function not predicting returns
[anomaly] it 803: terminal-step reward dominates the episode: survival is being punished
it  804 steps  79036416 sps   61,539 | ep_ret   16.35 ep_len  996.2 (n=91) | pg -0.006 vf 0.002 kl 0.0146 lr 2.6e-04
[anomaly] it 804: explained variance -0.75 < 0 after warm-up: value function not predicting returns
[anomaly] it 804: terminal-step reward dominates the episode: survival is being punished
it  805 steps  79134720 sps   61,540 | ep_ret   16.12 ep_len  987.1 (n=100) | pg -0.005 vf 0.002 kl 0.0155 lr 1.7e-04
[anomaly] it 805: explained variance -0.07 < 0 after warm-up: value function not predicting returns
[anomaly] it 805: terminal-step reward dominates the episode: survival is being punished
it  806 steps  79233024 sps   61,540 | ep_ret   16.47 ep_len 1000.0 (n=100) | pg -0.006 vf 0.002 kl 0.0132 lr 1.7e-04
[anomaly] it 806: explained variance -1.53 < 0 after warm-up: value function not predicting returns
it  807 steps  79331328 sps   61,541 | ep_ret   16.22 ep_len  989.2 (n=103) | pg -0.004 vf 0.002 kl 0.0129 lr 1.1e-04
[anomaly] it 807: explained variance -0.44 < 0 after warm-up: value function not predicting returns
[anomaly] it 807: terminal-step reward dominates the episode: survival is being punished
it  808 steps  79429632 sps   61,542 | ep_ret   16.39 ep_len  995.7 (n=94) | pg -0.003 vf 0.003 kl 0.0130 lr 5.1e-05
[anomaly] it 808: explained variance -1.70 < 0 after warm-up: value function not predicting returns
[anomaly] it 808: terminal-step reward dominates the episode: survival is being punished
it  809 steps  79527936 sps   61,542 | ep_ret   16.15 ep_len  987.5 (n=86) | pg -0.004 vf 0.002 kl 0.0116 lr 1.1e-04
[anomaly] it 809: explained variance -0.31 < 0 after warm-up: value function not predicting returns
[anomaly] it 809: terminal-step reward dominates the episode: survival is being punished
it  810 steps  79626240 sps   61,542 | ep_ret   16.20 ep_len  986.5 (n=95) | pg -0.007 vf 0.002 kl 0.0105 lr 1.7e-04
[anomaly] it 810: explained variance -0.35 < 0 after warm-up: value function not predicting returns
[anomaly] it 810: terminal-step reward dominates the episode: survival is being punished
it  811 steps  79724544 sps   61,543 | ep_ret   16.67 ep_len 1000.0 (n=86) | pg -0.004 vf 0.005 kl 0.0142 lr 1.7e-04
[anomaly] it 811: explained variance -1.45 < 0 after warm-up: value function not predicting returns
it  812 steps  79822848 sps   61,543 | ep_ret   16.27 ep_len  985.7 (n=102) | pg -0.003 vf 0.003 kl 0.0138 lr 1.1e-04
[anomaly] it 812: explained variance -0.02 < 0 after warm-up: value function not predicting returns
[anomaly] it 812: terminal-step reward dominates the episode: survival is being punished
it  813 steps  79921152 sps   61,544 | ep_ret   16.52 ep_len  995.0 (n=89) | pg -0.007 vf 0.001 kl 0.0111 lr 1.7e-04
[anomaly] it 813: explained variance -0.41 < 0 after warm-up: value function not predicting returns
[anomaly] it 813: terminal-step reward dominates the episode: survival is being punished
it  814 steps  80019456 sps   61,544 | ep_ret   16.57 ep_len  998.9 (n=84) | pg -0.006 vf 0.001 kl 0.0143 lr 2.6e-04
[anomaly] it 814: terminal-step reward dominates the episode: survival is being punished
it  815 steps  80117760 sps   61,543 | ep_ret   16.63 ep_len 1000.0 (n=104) | pg -0.004 vf 0.001 kl 0.0155 lr 1.7e-04
[anomaly] it 815: explained variance -0.21 < 0 after warm-up: value function not predicting returns
it  816 steps  80216064 sps   61,542 | ep_ret   16.74 ep_len 1000.0 (n=87) | pg -0.005 vf 0.001 kl 0.0118 lr 1.7e-04
[anomaly] it 816: explained variance -0.75 < 0 after warm-up: value function not predicting returns
it  817 steps  80314368 sps   61,541 | ep_ret   16.56 ep_len  992.8 (n=113) | pg -0.006 vf 0.002 kl 0.0129 lr 1.1e-04
[anomaly] it 817: explained variance -0.44 < 0 after warm-up: value function not predicting returns
[anomaly] it 817: terminal-step reward dominates the episode: survival is being punished
it  818 steps  80412672 sps   61,541 | ep_ret   16.50 ep_len  990.7 (n=96) | pg -0.005 vf 0.002 kl 0.0134 lr 1.1e-04
[anomaly] it 818: explained variance -0.82 < 0 after warm-up: value function not predicting returns
[anomaly] it 818: terminal-step reward dominates the episode: survival is being punished
it  819 steps  80510976 sps   61,542 | ep_ret   16.63 ep_len  995.6 (n=107) | pg -0.006 vf 0.002 kl 0.0130 lr 1.7e-04
[anomaly] it 819: explained variance -0.43 < 0 after warm-up: value function not predicting returns
[anomaly] it 819: terminal-step reward dominates the episode: survival is being punished
it  820 steps  80609280 sps   61,542 | ep_ret   16.56 ep_len  993.0 (n=105) | pg -0.004 vf 0.003 kl 0.0144 lr 1.7e-04
[anomaly] it 820: explained variance -0.81 < 0 after warm-up: value function not predicting returns
[anomaly] it 820: terminal-step reward dominates the episode: survival is being punished
it  821 steps  80707584 sps   61,541 | ep_ret   16.64 ep_len  991.2 (n=105) | pg -0.003 vf 0.003 kl 0.0145 lr 1.7e-04
[anomaly] it 821: explained variance -0.66 < 0 after warm-up: value function not predicting returns
[anomaly] it 821: terminal-step reward dominates the episode: survival is being punished
it  822 steps  80805888 sps   61,539 | ep_ret   16.60 ep_len  987.4 (n=102) | pg -0.008 vf 0.001 kl 0.0126 lr 2.6e-04
[anomaly] it 822: explained variance -0.38 < 0 after warm-up: value function not predicting returns
[anomaly] it 822: terminal-step reward dominates the episode: survival is being punished
it  823 steps  80904192 sps   61,537 | ep_ret   16.74 ep_len  991.6 (n=105) | pg -0.006 vf 0.002 kl 0.0142 lr 1.7e-04
[anomaly] it 823: explained variance -0.08 < 0 after warm-up: value function not predicting returns
[anomaly] it 823: terminal-step reward dominates the episode: survival is being punished
it  824 steps  81002496 sps   61,536 | ep_ret   16.91 ep_len 1000.0 (n=121) | pg -0.006 vf 0.002 kl 0.0144 lr 2.6e-04
[anomaly] it 824: explained variance -0.89 < 0 after warm-up: value function not predicting returns
it  825 steps  81100800 sps   61,534 | ep_ret   16.81 ep_len  996.5 (n=100) | pg -0.003 vf 0.002 kl 0.0148 lr 1.7e-04
[anomaly] it 825: explained variance -0.39 < 0 after warm-up: value function not predicting returns
[anomaly] it 825: terminal-step reward dominates the episode: survival is being punished
it  826 steps  81199104 sps   61,533 | ep_ret   16.97 ep_len  996.0 (n=100) | pg -0.005 vf 0.002 kl 0.0156 lr 2.6e-04
[anomaly] it 826: explained variance -0.78 < 0 after warm-up: value function not predicting returns
[anomaly] it 826: terminal-step reward dominates the episode: survival is being punished
it  827 steps  81297408 sps   61,533 | ep_ret   16.86 ep_len  996.3 (n=100) | pg -0.004 vf 0.002 kl 0.0137 lr 7.6e-05
[anomaly] it 827: explained variance -0.46 < 0 after warm-up: value function not predicting returns
[anomaly] it 827: terminal-step reward dominates the episode: survival is being punished
it  828 steps  81395712 sps   61,533 | ep_ret   17.10 ep_len  996.3 (n=111) | pg -0.006 vf 0.002 kl 0.0117 lr 1.7e-04
[anomaly] it 828: explained variance -1.88 < 0 after warm-up: value function not predicting returns
[anomaly] it 828: terminal-step reward dominates the episode: survival is being punished
it  829 steps  81494016 sps   61,533 | ep_ret   16.39 ep_len  974.0 (n=114) | pg -0.005 vf 0.002 kl 0.0155 lr 2.6e-04
[anomaly] it 829: terminal-step reward dominates the episode: survival is being punished
it  830 steps  81592320 sps   61,533 | ep_ret   17.21 ep_len 1000.0 (n=110) | pg -0.003 vf 0.002 kl 0.0148 lr 1.1e-04
[anomaly] it 830: explained variance -0.47 < 0 after warm-up: value function not predicting returns
it  831 steps  81690624 sps   61,533 | ep_ret   16.94 ep_len  997.5 (n=94) | pg -0.005 vf 0.003 kl 0.0113 lr 1.7e-04
[anomaly] it 831: explained variance -0.29 < 0 after warm-up: value function not predicting returns
[anomaly] it 831: terminal-step reward dominates the episode: survival is being punished
it  832 steps  81788928 sps   61,534 | ep_ret   17.11 ep_len  996.6 (n=106) | pg -0.006 vf 0.001 kl 0.0145 lr 2.6e-04
[anomaly] it 832: explained variance -0.61 < 0 after warm-up: value function not predicting returns
[anomaly] it 832: terminal-step reward dominates the episode: survival is being punished
it  833 steps  81887232 sps   61,533 | ep_ret   16.87 ep_len  989.6 (n=95) | pg -0.003 vf 0.002 kl 0.0138 lr 1.1e-04
[anomaly] it 833: explained variance -0.05 < 0 after warm-up: value function not predicting returns
[anomaly] it 833: terminal-step reward dominates the episode: survival is being punished
it  834 steps  81985536 sps   61,533 | ep_ret   17.22 ep_len 1000.0 (n=100) | pg -0.005 vf 0.003 kl 0.0112 lr 1.7e-04
[anomaly] it 834: explained variance -1.10 < 0 after warm-up: value function not predicting returns
it  835 steps  82083840 sps   61,532 | ep_ret   16.93 ep_len  987.5 (n=86) | pg -0.003 vf 0.002 kl 0.0138 lr 1.1e-04
[anomaly] it 835: explained variance -0.38 < 0 after warm-up: value function not predicting returns
[anomaly] it 835: terminal-step reward dominates the episode: survival is being punished
it  836 steps  82182144 sps   61,531 | ep_ret   17.07 ep_len  992.4 (n=103) | pg -0.005 vf 0.002 kl 0.0148 lr 1.7e-04
[anomaly] it 836: explained variance -1.21 < 0 after warm-up: value function not predicting returns
[anomaly] it 836: terminal-step reward dominates the episode: survival is being punished
it  837 steps  82280448 sps   61,531 | ep_ret   16.82 ep_len  978.3 (n=93) | pg -0.006 vf 0.003 kl 0.0138 lr 1.7e-04
[anomaly] it 837: explained variance -0.29 < 0 after warm-up: value function not predicting returns
[anomaly] it 837: terminal-step reward dominates the episode: survival is being punished
it  838 steps  82378752 sps   61,530 | ep_ret   17.22 ep_len  990.5 (n=92) | pg -0.005 vf 0.003 kl 0.0157 lr 1.7e-04
[anomaly] it 838: explained variance -0.91 < 0 after warm-up: value function not predicting returns
[anomaly] it 838: terminal-step reward dominates the episode: survival is being punished
it  839 steps  82477056 sps   61,529 | ep_ret   17.19 ep_len  993.3 (n=117) | pg -0.005 vf 0.003 kl 0.0132 lr 1.7e-04
[anomaly] it 839: explained variance -0.86 < 0 after warm-up: value function not predicting returns
[anomaly] it 839: terminal-step reward dominates the episode: survival is being punished
it  840 steps  82575360 sps   61,529 | ep_ret   17.17 ep_len  992.9 (n=99) | pg -0.005 vf 0.003 kl 0.0132 lr 1.1e-04
[anomaly] it 840: explained variance -0.83 < 0 after warm-up: value function not predicting returns
[anomaly] it 840: terminal-step reward dominates the episode: survival is being punished
it  841 steps  82673664 sps   61,528 | ep_ret   17.07 ep_len  991.0 (n=87) | pg -0.004 vf 0.002 kl 0.0142 lr 1.1e-04
[anomaly] it 841: explained variance -1.25 < 0 after warm-up: value function not predicting returns
[anomaly] it 841: terminal-step reward dominates the episode: survival is being punished
it  842 steps  82771968 sps   61,528 | ep_ret   17.00 ep_len  983.2 (n=103) | pg -0.005 vf 0.002 kl 0.0118 lr 1.7e-04
[anomaly] it 842: explained variance -0.60 < 0 after warm-up: value function not predicting returns
[anomaly] it 842: terminal-step reward dominates the episode: survival is being punished
it  843 steps  82870272 sps   61,528 | ep_ret   17.02 ep_len  982.4 (n=99) | pg -0.006 vf 0.002 kl 0.0151 lr 2.6e-04
[anomaly] it 843: terminal-step reward dominates the episode: survival is being punished
it  844 steps  82968576 sps   61,528 | ep_ret   17.57 ep_len 1000.0 (n=85) | pg -0.003 vf 0.003 kl 0.0151 lr 1.7e-04
[anomaly] it 844: explained variance -0.42 < 0 after warm-up: value function not predicting returns
it  845 steps  83066880 sps   61,527 | ep_ret   17.56 ep_len 1000.0 (n=81) | pg -0.003 vf 0.003 kl 0.0138 lr 1.7e-04
[anomaly] it 845: explained variance -1.75 < 0 after warm-up: value function not predicting returns
it  846 steps  83165184 sps   61,527 | ep_ret   17.09 ep_len  979.8 (n=103) | pg -0.004 vf 0.002 kl 0.0134 lr 1.1e-04
[anomaly] it 846: explained variance -0.13 < 0 after warm-up: value function not predicting returns
[anomaly] it 846: terminal-step reward dominates the episode: survival is being punished
it  847 steps  83263488 sps   61,527 | ep_ret   17.33 ep_len  989.4 (n=106) | pg -0.004 vf 0.002 kl 0.0138 lr 1.1e-04
[anomaly] it 847: explained variance -0.01 < 0 after warm-up: value function not predicting returns
[anomaly] it 847: terminal-step reward dominates the episode: survival is being punished
it  848 steps  83361792 sps   61,527 | ep_ret   17.73 ep_len 1000.0 (n=94) | pg -0.005 vf 0.002 kl 0.0131 lr 1.1e-04
[anomaly] it 848: explained variance -1.78 < 0 after warm-up: value function not predicting returns
it  849 steps  83460096 sps   61,527 | ep_ret   17.33 ep_len  986.5 (n=105) | pg -0.006 vf 0.002 kl 0.0122 lr 1.7e-04
[anomaly] it 849: explained variance -0.26 < 0 after warm-up: value function not predicting returns
[anomaly] it 849: terminal-step reward dominates the episode: survival is being punished
it  850 steps  83558400 sps   61,528 | ep_ret   17.44 ep_len  988.3 (n=91) | pg -0.004 vf 0.002 kl 0.0131 lr 1.7e-04
[anomaly] it 850: explained variance -0.66 < 0 after warm-up: value function not predicting returns
[anomaly] it 850: terminal-step reward dominates the episode: survival is being punished
it  851 steps  83656704 sps   61,528 | ep_ret   17.26 ep_len  980.3 (n=92) | pg -0.004 vf 0.002 kl 0.0124 lr 1.1e-04
[anomaly] it 851: explained variance -0.10 < 0 after warm-up: value function not predicting returns
[anomaly] it 851: terminal-step reward dominates the episode: survival is being punished
it  852 steps  83755008 sps   61,528 | ep_ret   17.63 ep_len  995.4 (n=96) | pg -0.004 vf 0.002 kl 0.0125 lr 7.6e-05
[anomaly] it 852: explained variance -0.43 < 0 after warm-up: value function not predicting returns
[anomaly] it 852: terminal-step reward dominates the episode: survival is being punished
it  853 steps  83853312 sps   61,528 | ep_ret   17.53 ep_len  989.0 (n=83) | pg -0.006 vf 0.002 kl 0.0127 lr 1.7e-04
[anomaly] it 853: explained variance -0.53 < 0 after warm-up: value function not predicting returns
[anomaly] it 853: terminal-step reward dominates the episode: survival is being punished
it  854 steps  83951616 sps   61,528 | ep_ret   17.71 ep_len  991.4 (n=102) | pg -0.003 vf 0.002 kl 0.0144 lr 7.6e-05
[anomaly] it 854: explained variance -0.85 < 0 after warm-up: value function not predicting returns
[anomaly] it 854: terminal-step reward dominates the episode: survival is being punished
it  855 steps  84049920 sps   61,528 | ep_ret   17.63 ep_len  994.8 (n=86) | pg -0.005 vf 0.002 kl 0.0127 lr 1.7e-04
[anomaly] it 855: terminal-step reward dominates the episode: survival is being punished
it  856 steps  84148224 sps   61,528 | ep_ret   17.92 ep_len 1000.0 (n=81) | pg -0.006 vf 0.002 kl 0.0141 lr 1.1e-04
[anomaly] it 856: explained variance -1.45 < 0 after warm-up: value function not predicting returns
it  857 steps  84246528 sps   61,528 | ep_ret   17.56 ep_len  988.2 (n=105) | pg -0.006 vf 0.002 kl 0.0126 lr 1.7e-04
[anomaly] it 857: explained variance -0.23 < 0 after warm-up: value function not predicting returns
[anomaly] it 857: terminal-step reward dominates the episode: survival is being punished
it  858 steps  84344832 sps   61,528 | ep_ret   17.80 ep_len  993.7 (n=92) | pg -0.005 vf 0.002 kl 0.0148 lr 1.7e-04
[anomaly] it 858: explained variance -0.48 < 0 after warm-up: value function not predicting returns
[anomaly] it 858: terminal-step reward dominates the episode: survival is being punished
it  859 steps  84443136 sps   61,529 | ep_ret   17.85 ep_len  993.3 (n=119) | pg -0.003 vf 0.002 kl 0.0141 lr 1.7e-04
[anomaly] it 859: explained variance -0.01 < 0 after warm-up: value function not predicting returns
[anomaly] it 859: terminal-step reward dominates the episode: survival is being punished
it  860 steps  84541440 sps   61,529 | ep_ret   17.92 ep_len 1000.0 (n=91) | pg -0.003 vf 0.001 kl 0.0135 lr 1.1e-04
[anomaly] it 860: explained variance -0.66 < 0 after warm-up: value function not predicting returns
it  861 steps  84639744 sps   61,529 | ep_ret   17.96 ep_len  995.8 (n=101) | pg -0.004 vf 0.003 kl 0.0137 lr 1.1e-04
[anomaly] it 861: explained variance -0.81 < 0 after warm-up: value function not predicting returns
[anomaly] it 861: terminal-step reward dominates the episode: survival is being punished
it  862 steps  84738048 sps   61,529 | ep_ret   17.66 ep_len  984.2 (n=106) | pg -0.006 vf 0.002 kl 0.0117 lr 1.7e-04
[anomaly] it 862: terminal-step reward dominates the episode: survival is being punished
it  863 steps  84836352 sps   61,529 | ep_ret   18.12 ep_len 1000.0 (n=107) | pg -0.005 vf 0.002 kl 0.0138 lr 1.7e-04
[anomaly] it 863: explained variance -0.78 < 0 after warm-up: value function not predicting returns
it  864 steps  84934656 sps   61,529 | ep_ret   18.01 ep_len  996.8 (n=103) | pg -0.006 vf 0.001 kl 0.0129 lr 1.7e-04
[anomaly] it 864: explained variance -0.69 < 0 after warm-up: value function not predicting returns
[anomaly] it 864: terminal-step reward dominates the episode: survival is being punished
it  865 steps  85032960 sps   61,529 | ep_ret   17.87 ep_len  989.2 (n=116) | pg -0.003 vf 0.003 kl 0.0128 lr 7.6e-05
[anomaly] it 865: explained variance -0.49 < 0 after warm-up: value function not predicting returns
[anomaly] it 865: terminal-step reward dominates the episode: survival is being punished
it  866 steps  85131264 sps   61,529 | ep_ret   17.99 ep_len  990.9 (n=113) | pg -0.004 vf 0.002 kl 0.0128 lr 1.1e-04
[anomaly] it 866: explained variance -0.67 < 0 after warm-up: value function not predicting returns
[anomaly] it 866: terminal-step reward dominates the episode: survival is being punished
it  867 steps  85229568 sps   61,529 | ep_ret   17.95 ep_len  991.0 (n=100) | pg -0.005 vf 0.002 kl 0.0130 lr 1.1e-04
[anomaly] it 867: explained variance -0.64 < 0 after warm-up: value function not predicting returns
[anomaly] it 867: terminal-step reward dominates the episode: survival is being punished
it  868 steps  85327872 sps   61,529 | ep_ret   17.85 ep_len  986.8 (n=99) | pg -0.006 vf 0.002 kl 0.0127 lr 1.7e-04
[anomaly] it 868: explained variance -0.49 < 0 after warm-up: value function not predicting returns
[anomaly] it 868: terminal-step reward dominates the episode: survival is being punished
it  869 steps  85426176 sps   61,529 | ep_ret   18.04 ep_len  993.9 (n=106) | pg -0.005 vf 0.002 kl 0.0144 lr 2.6e-04
[anomaly] it 869: explained variance -0.35 < 0 after warm-up: value function not predicting returns
[anomaly] it 869: terminal-step reward dominates the episode: survival is being punished
it  870 steps  85524480 sps   61,530 | ep_ret   18.17 ep_len  996.1 (n=111) | pg -0.002 vf 0.003 kl 0.0160 lr 1.7e-04
[anomaly] it 870: explained variance -0.27 < 0 after warm-up: value function not predicting returns
[anomaly] it 870: terminal-step reward dominates the episode: survival is being punished
it  871 steps  85622784 sps   61,530 | ep_ret   18.20 ep_len  996.1 (n=115) | pg -0.002 vf 0.002 kl 0.0128 lr 7.6e-05
[anomaly] it 871: explained variance -0.30 < 0 after warm-up: value function not predicting returns
[anomaly] it 871: terminal-step reward dominates the episode: survival is being punished
it  872 steps  85721088 sps   61,530 | ep_ret   18.25 ep_len  997.1 (n=97) | pg -0.006 vf 0.001 kl 0.0131 lr 1.7e-04
[anomaly] it 872: explained variance -0.34 < 0 after warm-up: value function not predicting returns
[anomaly] it 872: terminal-step reward dominates the episode: survival is being punished
it  873 steps  85819392 sps   61,530 | ep_ret   18.34 ep_len 1000.0 (n=97) | pg -0.005 vf 0.001 kl 0.0140 lr 1.7e-04
[anomaly] it 873: explained variance -0.78 < 0 after warm-up: value function not predicting returns
it  874 steps  85917696 sps   61,530 | ep_ret   18.29 ep_len  996.3 (n=94) | pg -0.005 vf 0.001 kl 0.0140 lr 1.1e-04
[anomaly] it 874: explained variance -0.54 < 0 after warm-up: value function not predicting returns
[anomaly] it 874: terminal-step reward dominates the episode: survival is being punished
it  875 steps  86016000 sps   61,530 | ep_ret   18.30 ep_len  996.3 (n=100) | pg -0.006 vf 0.002 kl 0.0117 lr 1.7e-04
[anomaly] it 875: explained variance -0.13 < 0 after warm-up: value function not predicting returns
[anomaly] it 875: terminal-step reward dominates the episode: survival is being punished
it  876 steps  86114304 sps   61,530 | ep_ret   18.41 ep_len 1000.0 (n=96) | pg -0.005 vf 0.004 kl 0.0134 lr 1.1e-04
[anomaly] it 876: explained variance -1.32 < 0 after warm-up: value function not predicting returns
it  877 steps  86212608 sps   61,531 | ep_ret   18.42 ep_len 1000.0 (n=82) | pg -0.004 vf 0.002 kl 0.0137 lr 1.1e-04
[anomaly] it 877: explained variance -2.63 < 0 after warm-up: value function not predicting returns
it  878 steps  86310912 sps   61,531 | ep_ret   17.80 ep_len  971.8 (n=121) | pg -0.004 vf 0.001 kl 0.0120 lr 1.1e-04
[anomaly] it 878: explained variance -1.16 < 0 after warm-up: value function not predicting returns
[anomaly] it 878: terminal-step reward dominates the episode: survival is being punished
it  879 steps  86409216 sps   61,531 | ep_ret   18.03 ep_len  981.5 (n=81) | pg -0.006 vf 0.002 kl 0.0131 lr 1.7e-04
[anomaly] it 879: explained variance -0.40 < 0 after warm-up: value function not predicting returns
[anomaly] it 879: terminal-step reward dominates the episode: survival is being punished
it  880 steps  86507520 sps   61,531 | ep_ret   18.46 ep_len  998.4 (n=100) | pg -0.003 vf 0.002 kl 0.0127 lr 1.1e-04
[anomaly] it 880: explained variance -0.64 < 0 after warm-up: value function not predicting returns
[anomaly] it 880: terminal-step reward dominates the episode: survival is being punished
it  881 steps  86605824 sps   61,531 | ep_ret   18.40 ep_len  995.2 (n=118) | pg -0.005 vf 0.002 kl 0.0128 lr 1.7e-04
[anomaly] it 881: explained variance -0.11 < 0 after warm-up: value function not predicting returns
[anomaly] it 881: terminal-step reward dominates the episode: survival is being punished
it  882 steps  86704128 sps   61,531 | ep_ret   18.62 ep_len 1000.0 (n=90) | pg -0.002 vf 0.003 kl 0.0153 lr 7.6e-05
[anomaly] it 882: explained variance -0.99 < 0 after warm-up: value function not predicting returns
it  883 steps  86802432 sps   61,531 | ep_ret   18.50 ep_len  997.6 (n=94) | pg -0.005 vf 0.001 kl 0.0131 lr 1.7e-04
[anomaly] it 883: explained variance -0.43 < 0 after warm-up: value function not predicting returns
[anomaly] it 883: terminal-step reward dominates the episode: survival is being punished
it  884 steps  86900736 sps   61,531 | ep_ret   18.48 ep_len  992.5 (n=104) | pg -0.003 vf 0.005 kl 0.0153 lr 7.6e-05
[anomaly] it 884: explained variance -0.47 < 0 after warm-up: value function not predicting returns
[anomaly] it 884: terminal-step reward dominates the episode: survival is being punished
it  885 steps  86999040 sps   61,532 | ep_ret   18.47 ep_len  990.3 (n=93) | pg -0.005 vf 0.003 kl 0.0137 lr 7.6e-05
[anomaly] it 885: explained variance -1.59 < 0 after warm-up: value function not predicting returns
[anomaly] it 885: terminal-step reward dominates the episode: survival is being punished
it  886 steps  87097344 sps   61,532 | ep_ret   18.29 ep_len  988.4 (n=84) | pg -0.005 vf 0.002 kl 0.0114 lr 1.1e-04
[anomaly] it 886: explained variance -0.61 < 0 after warm-up: value function not predicting returns
[anomaly] it 886: terminal-step reward dominates the episode: survival is being punished
it  887 steps  87195648 sps   61,532 | ep_ret   18.52 ep_len  993.6 (n=90) | pg -0.005 vf 0.003 kl 0.0135 lr 1.7e-04
[anomaly] it 887: explained variance -0.36 < 0 after warm-up: value function not predicting returns
[anomaly] it 887: terminal-step reward dominates the episode: survival is being punished
it  888 steps  87293952 sps   61,532 | ep_ret   18.58 ep_len  997.3 (n=95) | pg -0.004 vf 0.005 kl 0.0150 lr 1.7e-04
[anomaly] it 888: explained variance -0.78 < 0 after warm-up: value function not predicting returns
[anomaly] it 888: terminal-step reward dominates the episode: survival is being punished
it  889 steps  87392256 sps   61,532 | ep_ret   18.44 ep_len  989.2 (n=113) | pg -0.004 vf 0.002 kl 0.0154 lr 1.7e-04
[anomaly] it 889: explained variance -0.34 < 0 after warm-up: value function not predicting returns
[anomaly] it 889: terminal-step reward dominates the episode: survival is being punished
it  890 steps  87490560 sps   61,532 | ep_ret   18.25 ep_len  984.6 (n=92) | pg -0.000 vf 0.002 kl 0.0145 lr 5.1e-05
[anomaly] it 890: explained variance -0.04 < 0 after warm-up: value function not predicting returns
[anomaly] it 890: terminal-step reward dominates the episode: survival is being punished
it  891 steps  87588864 sps   61,533 | ep_ret   18.82 ep_len 1000.0 (n=95) | pg -0.004 vf 0.002 kl 0.0114 lr 1.1e-04
[anomaly] it 891: explained variance -0.85 < 0 after warm-up: value function not predicting returns
it  892 steps  87687168 sps   61,533 | ep_ret   18.39 ep_len  987.7 (n=98) | pg -0.006 vf 0.002 kl 0.0136 lr 1.7e-04
[anomaly] it 892: explained variance -0.19 < 0 after warm-up: value function not predicting returns
[anomaly] it 892: terminal-step reward dominates the episode: survival is being punished
[anomaly] it 892: contact force 30219 N > 50x robot weight
it  893 steps  87785472 sps   61,533 | ep_ret   18.54 ep_len  989.4 (n=87) | pg -0.004 vf 0.002 kl 0.0143 lr 1.1e-04
[anomaly] it 893: explained variance -0.30 < 0 after warm-up: value function not predicting returns
[anomaly] it 893: terminal-step reward dominates the episode: survival is being punished
it  894 steps  87883776 sps   61,533 | ep_ret   18.72 ep_len  990.5 (n=97) | pg -0.004 vf 0.003 kl 0.0143 lr 1.1e-04
[anomaly] it 894: explained variance -1.02 < 0 after warm-up: value function not predicting returns
[anomaly] it 894: terminal-step reward dominates the episode: survival is being punished
it  895 steps  87982080 sps   61,533 | ep_ret   18.13 ep_len  973.3 (n=93) | pg -0.005 vf 0.002 kl 0.0131 lr 1.7e-04
[anomaly] it 895: explained variance -0.61 < 0 after warm-up: value function not predicting returns
[anomaly] it 895: terminal-step reward dominates the episode: survival is being punished
it  896 steps  88080384 sps   61,533 | ep_ret   18.54 ep_len  987.1 (n=92) | pg -0.005 vf 0.002 kl 0.0133 lr 1.1e-04
[anomaly] it 896: explained variance -0.53 < 0 after warm-up: value function not predicting returns
[anomaly] it 896: terminal-step reward dominates the episode: survival is being punished
it  897 steps  88178688 sps   61,533 | ep_ret   18.90 ep_len  996.0 (n=93) | pg -0.005 vf 0.002 kl 0.0128 lr 1.7e-04
[anomaly] it 897: explained variance -0.64 < 0 after warm-up: value function not predicting returns
[anomaly] it 897: terminal-step reward dominates the episode: survival is being punished
it  898 steps  88276992 sps   61,533 | ep_ret   18.73 ep_len  997.7 (n=79) | pg -0.004 vf 0.002 kl 0.0139 lr 1.7e-04
[anomaly] it 898: explained variance -0.82 < 0 after warm-up: value function not predicting returns
[anomaly] it 898: terminal-step reward dominates the episode: survival is being punished
it  899 steps  88375296 sps   61,534 | ep_ret   18.98 ep_len  998.8 (n=96) | pg -0.003 vf 0.002 kl 0.0132 lr 1.1e-04
[anomaly] it 899: explained variance -0.13 < 0 after warm-up: value function not predicting returns
[anomaly] it 899: terminal-step reward dominates the episode: survival is being punished
it  900 steps  88473600 sps   61,534 | ep_ret   19.13 ep_len 1000.0 (n=106) | pg -0.004 vf 0.003 kl 0.0142 lr 1.7e-04
[anomaly] it 900: explained variance -0.92 < 0 after warm-up: value function not predicting returns
it  901 steps  88571904 sps   61,534 | ep_ret   18.93 ep_len  991.7 (n=104) | pg -0.003 vf 0.004 kl 0.0145 lr 1.1e-04
[anomaly] it 901: explained variance -1.42 < 0 after warm-up: value function not predicting returns
[anomaly] it 901: terminal-step reward dominates the episode: survival is being punished
it  902 steps  88670208 sps   61,534 | ep_ret   18.54 ep_len  986.8 (n=107) | pg -0.004 vf 0.005 kl 0.0147 lr 1.1e-04
[anomaly] it 902: explained variance -1.24 < 0 after warm-up: value function not predicting returns
[anomaly] it 902: terminal-step reward dominates the episode: survival is being punished
it  903 steps  88768512 sps   61,534 | ep_ret   18.50 ep_len  984.4 (n=111) | pg -0.005 vf 0.003 kl 0.0135 lr 1.7e-04
[anomaly] it 903: explained variance -0.81 < 0 after warm-up: value function not predicting returns
[anomaly] it 903: terminal-step reward dominates the episode: survival is being punished
it  904 steps  88866816 sps   61,534 | ep_ret   18.54 ep_len  980.4 (n=108) | pg -0.006 vf 0.002 kl 0.0126 lr 1.1e-04
[anomaly] it 904: explained variance -0.56 < 0 after warm-up: value function not predicting returns
[anomaly] it 904: terminal-step reward dominates the episode: survival is being punished
it  905 steps  88965120 sps   61,534 | ep_ret   18.70 ep_len  987.6 (n=98) | pg -0.006 vf 0.001 kl 0.0140 lr 1.7e-04
[anomaly] it 905: explained variance -0.32 < 0 after warm-up: value function not predicting returns
[anomaly] it 905: terminal-step reward dominates the episode: survival is being punished
it  906 steps  89063424 sps   61,534 | ep_ret   18.97 ep_len  995.9 (n=100) | pg -0.005 vf 0.002 kl 0.0137 lr 1.1e-04
[anomaly] it 906: explained variance -0.45 < 0 after warm-up: value function not predicting returns
[anomaly] it 906: terminal-step reward dominates the episode: survival is being punished
it  907 steps  89161728 sps   61,534 | ep_ret   19.05 ep_len  991.7 (n=106) | pg -0.006 vf 0.002 kl 0.0133 lr 1.7e-04
[anomaly] it 907: explained variance -0.41 < 0 after warm-up: value function not predicting returns
[anomaly] it 907: terminal-step reward dominates the episode: survival is being punished
it  908 steps  89260032 sps   61,534 | ep_ret   19.07 ep_len  996.4 (n=114) | pg -0.004 vf 0.004 kl 0.0161 lr 1.7e-04
[anomaly] it 908: explained variance -0.53 < 0 after warm-up: value function not predicting returns
[anomaly] it 908: terminal-step reward dominates the episode: survival is being punished
it  909 steps  89358336 sps   61,534 | ep_ret   18.91 ep_len  986.3 (n=97) | pg -0.003 vf 0.003 kl 0.0151 lr 1.1e-04
[anomaly] it 909: explained variance -0.52 < 0 after warm-up: value function not predicting returns
[anomaly] it 909: terminal-step reward dominates the episode: survival is being punished
it  910 steps  89456640 sps   61,535 | ep_ret   19.02 ep_len  998.5 (n=104) | pg -0.004 vf 0.003 kl 0.0137 lr 1.7e-04
[anomaly] it 910: explained variance -1.35 < 0 after warm-up: value function not predicting returns
[anomaly] it 910: terminal-step reward dominates the episode: survival is being punished
it  911 steps  89554944 sps   61,535 | ep_ret   18.71 ep_len  986.9 (n=116) | pg -0.004 vf 0.003 kl 0.0132 lr 1.1e-04
[anomaly] it 911: explained variance -0.79 < 0 after warm-up: value function not predicting returns
[anomaly] it 911: terminal-step reward dominates the episode: survival is being punished
it  912 steps  89653248 sps   61,535 | ep_ret   18.98 ep_len  994.3 (n=111) | pg -0.004 vf 0.005 kl 0.0141 lr 1.7e-04
[anomaly] it 912: explained variance -0.23 < 0 after warm-up: value function not predicting returns
[anomaly] it 912: terminal-step reward dominates the episode: survival is being punished
it  913 steps  89751552 sps   61,535 | ep_ret   19.10 ep_len  994.1 (n=117) | pg -0.004 vf 0.002 kl 0.0140 lr 1.7e-04
[anomaly] it 913: explained variance -0.01 < 0 after warm-up: value function not predicting returns
[anomaly] it 913: terminal-step reward dominates the episode: survival is being punished
it  914 steps  89849856 sps   61,535 | ep_ret   19.32 ep_len 1000.0 (n=82) | pg -0.004 vf 0.001 kl 0.0137 lr 1.1e-04
[anomaly] it 914: explained variance -0.94 < 0 after warm-up: value function not predicting returns
it  915 steps  89948160 sps   61,535 | ep_ret   18.92 ep_len  984.3 (n=107) | pg -0.005 vf 0.001 kl 0.0123 lr 7.6e-05
[anomaly] it 915: explained variance -0.01 < 0 after warm-up: value function not predicting returns
[anomaly] it 915: terminal-step reward dominates the episode: survival is being punished
it  916 steps  90046464 sps   61,535 | ep_ret   19.34 ep_len 1000.0 (n=94) | pg -0.003 vf 0.002 kl 0.0122 lr 5.1e-05
[anomaly] it 916: explained variance -0.18 < 0 after warm-up: value function not predicting returns
it  917 steps  90144768 sps   61,535 | ep_ret   19.32 ep_len 1000.0 (n=100) | pg -0.004 vf 0.002 kl 0.0124 lr 1.1e-04
[anomaly] it 917: explained variance -0.68 < 0 after warm-up: value function not predicting returns
it  918 steps  90243072 sps   61,535 | ep_ret   19.26 ep_len  995.3 (n=93) | pg -0.005 vf 0.002 kl 0.0138 lr 1.7e-04
[anomaly] it 918: explained variance -0.84 < 0 after warm-up: value function not predicting returns
[anomaly] it 918: terminal-step reward dominates the episode: survival is being punished
it  919 steps  90341376 sps   61,536 | ep_ret   19.11 ep_len  993.3 (n=92) | pg -0.004 vf 0.001 kl 0.0144 lr 2.6e-04
[anomaly] it 919: explained variance -0.57 < 0 after warm-up: value function not predicting returns
[anomaly] it 919: terminal-step reward dominates the episode: survival is being punished
it  920 steps  90439680 sps   61,536 | ep_ret   19.10 ep_len  988.0 (n=109) | pg -0.001 vf 0.001 kl 0.0152 lr 1.1e-04
[anomaly] it 920: terminal-step reward dominates the episode: survival is being punished
it  921 steps  90537984 sps   61,536 | ep_ret   19.44 ep_len 1000.0 (n=82) | pg -0.005 vf 0.002 kl 0.0144 lr 1.7e-04
[anomaly] it 921: explained variance -0.15 < 0 after warm-up: value function not predicting returns
it  922 steps  90636288 sps   61,536 | ep_ret   19.41 ep_len 1000.0 (n=115) | pg -0.006 vf 0.001 kl 0.0141 lr 1.7e-04
[anomaly] it 922: explained variance -0.54 < 0 after warm-up: value function not predicting returns
it  923 steps  90734592 sps   61,536 | ep_ret   19.31 ep_len  996.1 (n=106) | pg -0.004 vf 0.004 kl 0.0161 lr 1.7e-04
[anomaly] it 923: explained variance -0.52 < 0 after warm-up: value function not predicting returns
[anomaly] it 923: terminal-step reward dominates the episode: survival is being punished
it  924 steps  90832896 sps   61,536 | ep_ret   19.18 ep_len  989.5 (n=80) | pg -0.002 vf 0.003 kl 0.0139 lr 7.6e-05
[anomaly] it 924: explained variance -0.93 < 0 after warm-up: value function not predicting returns
[anomaly] it 924: terminal-step reward dominates the episode: survival is being punished
it  925 steps  90931200 sps   61,536 | ep_ret   18.84 ep_len  983.6 (n=105) | pg -0.005 vf 0.002 kl 0.0110 lr 1.1e-04
[anomaly] it 925: explained variance -0.16 < 0 after warm-up: value function not predicting returns
[anomaly] it 925: terminal-step reward dominates the episode: survival is being punished
it  926 steps  91029504 sps   61,536 | ep_ret   19.42 ep_len  995.9 (n=94) | pg -0.003 vf 0.002 kl 0.0138 lr 1.7e-04
[anomaly] it 926: explained variance -0.18 < 0 after warm-up: value function not predicting returns
[anomaly] it 926: terminal-step reward dominates the episode: survival is being punished
it  927 steps  91127808 sps   61,536 | ep_ret   19.33 ep_len  995.6 (n=94) | pg -0.004 vf 0.002 kl 0.0137 lr 1.1e-04
[anomaly] it 927: explained variance -0.28 < 0 after warm-up: value function not predicting returns
[anomaly] it 927: terminal-step reward dominates the episode: survival is being punished
it  928 steps  91226112 sps   61,536 | ep_ret   19.19 ep_len  989.0 (n=81) | pg -0.003 vf 0.003 kl 0.0145 lr 3.4e-05
[anomaly] it 928: explained variance -0.39 < 0 after warm-up: value function not predicting returns
[anomaly] it 928: terminal-step reward dominates the episode: survival is being punished
it  929 steps  91324416 sps   61,537 | ep_ret   19.32 ep_len  991.8 (n=93) | pg -0.005 vf 0.001 kl 0.0129 lr 1.1e-04
[anomaly] it 929: explained variance -0.71 < 0 after warm-up: value function not predicting returns
[anomaly] it 929: terminal-step reward dominates the episode: survival is being punished
it  930 steps  91422720 sps   61,537 | ep_ret   19.29 ep_len  987.3 (n=101) | pg -0.004 vf 0.003 kl 0.0142 lr 1.7e-04
[anomaly] it 930: explained variance -0.26 < 0 after warm-up: value function not predicting returns
[anomaly] it 930: terminal-step reward dominates the episode: survival is being punished
it  931 steps  91521024 sps   61,537 | ep_ret   19.32 ep_len  990.0 (n=103) | pg -0.003 vf 0.004 kl 0.0142 lr 7.6e-05
[anomaly] it 931: explained variance -0.53 < 0 after warm-up: value function not predicting returns
[anomaly] it 931: terminal-step reward dominates the episode: survival is being punished
it  932 steps  91619328 sps   61,537 | ep_ret   19.22 ep_len  991.0 (n=105) | pg -0.004 vf 0.004 kl 0.0143 lr 5.1e-05
[anomaly] it 932: explained variance -0.73 < 0 after warm-up: value function not predicting returns
[anomaly] it 932: terminal-step reward dominates the episode: survival is being punished
it  933 steps  91717632 sps   61,537 | ep_ret   18.77 ep_len  981.0 (n=99) | pg -0.003 vf 0.003 kl 0.0131 lr 1.1e-04
[anomaly] it 933: terminal-step reward dominates the episode: survival is being punished
it  934 steps  91815936 sps   61,537 | ep_ret   19.13 ep_len  984.9 (n=85) | pg -0.004 vf 0.002 kl 0.0143 lr 1.7e-04
[anomaly] it 934: explained variance -0.45 < 0 after warm-up: value function not predicting returns
[anomaly] it 934: terminal-step reward dominates the episode: survival is being punished
it  935 steps  91914240 sps   61,537 | ep_ret   19.40 ep_len  992.0 (n=100) | pg -0.003 vf 0.002 kl 0.0141 lr 7.6e-05
[anomaly] it 935: explained variance -0.46 < 0 after warm-up: value function not predicting returns
[anomaly] it 935: terminal-step reward dominates the episode: survival is being punished
it  936 steps  92012544 sps   61,537 | ep_ret   19.53 ep_len  995.1 (n=87) | pg -0.004 vf 0.002 kl 0.0140 lr 1.1e-04
[anomaly] it 936: explained variance -0.41 < 0 after warm-up: value function not predicting returns
[anomaly] it 936: terminal-step reward dominates the episode: survival is being punished
it  937 steps  92110848 sps   61,537 | ep_ret   19.56 ep_len  997.0 (n=102) | pg -0.004 vf 0.003 kl 0.0149 lr 1.1e-04
[anomaly] it 937: explained variance -1.17 < 0 after warm-up: value function not predicting returns
[anomaly] it 937: terminal-step reward dominates the episode: survival is being punished
it  938 steps  92209152 sps   61,537 | ep_ret   19.00 ep_len  978.1 (n=88) | pg -0.006 vf 0.001 kl 0.0128 lr 1.7e-04
[anomaly] it 938: terminal-step reward dominates the episode: survival is being punished
it  939 steps  92307456 sps   61,537 | ep_ret   19.58 ep_len 1000.0 (n=83) | pg -0.002 vf 0.001 kl 0.0140 lr 1.1e-04
[anomaly] it 939: explained variance -0.11 < 0 after warm-up: value function not predicting returns
it  940 steps  92405760 sps   61,537 | ep_ret   19.70 ep_len 1000.0 (n=101) | pg -0.005 vf 0.003 kl 0.0128 lr 1.7e-04
[anomaly] it 940: explained variance -0.40 < 0 after warm-up: value function not predicting returns
it  941 steps  92504064 sps   61,538 | ep_ret   19.60 ep_len  998.5 (n=84) | pg -0.002 vf 0.002 kl 0.0127 lr 7.6e-05
[anomaly] it 941: explained variance -0.63 < 0 after warm-up: value function not predicting returns
[anomaly] it 941: terminal-step reward dominates the episode: survival is being punished
it  942 steps  92602368 sps   61,538 | ep_ret   19.49 ep_len  991.3 (n=116) | pg -0.004 vf 0.002 kl 0.0141 lr 1.7e-04
[anomaly] it 942: explained variance -0.34 < 0 after warm-up: value function not predicting returns
[anomaly] it 942: terminal-step reward dominates the episode: survival is being punished
it  943 steps  92700672 sps   61,538 | ep_ret   19.55 ep_len  990.2 (n=92) | pg -0.003 vf 0.002 kl 0.0144 lr 7.6e-05
[anomaly] it 943: explained variance -0.81 < 0 after warm-up: value function not predicting returns
[anomaly] it 943: terminal-step reward dominates the episode: survival is being punished
it  944 steps  92798976 sps   61,538 | ep_ret   19.29 ep_len  979.2 (n=112) | pg -0.004 vf 0.004 kl 0.0126 lr 1.1e-04
[anomaly] it 944: explained variance -0.32 < 0 after warm-up: value function not predicting returns
[anomaly] it 944: terminal-step reward dominates the episode: survival is being punished
it  945 steps  92897280 sps   61,538 | ep_ret   19.50 ep_len  990.5 (n=108) | pg -0.004 vf 0.003 kl 0.0143 lr 1.1e-04
[anomaly] it 945: explained variance -0.51 < 0 after warm-up: value function not predicting returns
[anomaly] it 945: terminal-step reward dominates the episode: survival is being punished
it  946 steps  92995584 sps   61,538 | ep_ret   19.57 ep_len  993.0 (n=109) | pg -0.006 vf 0.001 kl 0.0120 lr 1.7e-04
[anomaly] it 946: explained variance -0.36 < 0 after warm-up: value function not predicting returns
[anomaly] it 946: terminal-step reward dominates the episode: survival is being punished
it  947 steps  93093888 sps   61,538 | ep_ret   19.64 ep_len  996.0 (n=99) | pg -0.003 vf 0.001 kl 0.0144 lr 1.1e-04
[anomaly] it 947: explained variance -0.25 < 0 after warm-up: value function not predicting returns
[anomaly] it 947: terminal-step reward dominates the episode: survival is being punished
it  948 steps  93192192 sps   61,538 | ep_ret   19.73 ep_len  997.7 (n=100) | pg -0.005 vf 0.002 kl 0.0134 lr 1.7e-04
[anomaly] it 948: explained variance -0.29 < 0 after warm-up: value function not predicting returns
[anomaly] it 948: terminal-step reward dominates the episode: survival is being punished
it  949 steps  93290496 sps   61,539 | ep_ret   19.71 ep_len  997.3 (n=116) | pg -0.002 vf 0.002 kl 0.0139 lr 7.6e-05
[anomaly] it 949: explained variance -0.52 < 0 after warm-up: value function not predicting returns
[anomaly] it 949: terminal-step reward dominates the episode: survival is being punished
it  950 steps  93388800 sps   61,539 | ep_ret   19.67 ep_len  992.8 (n=102) | pg -0.006 vf 0.001 kl 0.0125 lr 1.7e-04
[anomaly] it 950: explained variance -0.07 < 0 after warm-up: value function not predicting returns
[anomaly] it 950: terminal-step reward dominates the episode: survival is being punished
it  951 steps  93487104 sps   61,539 | ep_ret   19.80 ep_len 1000.0 (n=97) | pg -0.005 vf 0.001 kl 0.0149 lr 1.7e-04
[anomaly] it 951: explained variance -0.59 < 0 after warm-up: value function not predicting returns
it  952 steps  93585408 sps   61,539 | ep_ret   19.73 ep_len  993.6 (n=101) | pg -0.003 vf 0.002 kl 0.0129 lr 1.1e-04
[anomaly] it 952: explained variance -0.39 < 0 after warm-up: value function not predicting returns
[anomaly] it 952: terminal-step reward dominates the episode: survival is being punished
it  953 steps  93683712 sps   61,539 | ep_ret   19.93 ep_len 1000.0 (n=115) | pg -0.004 vf 0.002 kl 0.0141 lr 1.7e-04
[anomaly] it 953: explained variance -0.54 < 0 after warm-up: value function not predicting returns
it  954 steps  93782016 sps   61,539 | ep_ret   19.91 ep_len  997.4 (n=112) | pg -0.002 vf 0.001 kl 0.0138 lr 5.1e-05
[anomaly] it 954: explained variance -0.41 < 0 after warm-up: value function not predicting returns
[anomaly] it 954: terminal-step reward dominates the episode: survival is being punished
it  955 steps  93880320 sps   61,539 | ep_ret   19.94 ep_len 1000.0 (n=109) | pg -0.003 vf 0.003 kl 0.0125 lr 1.1e-04
[anomaly] it 955: explained variance -1.07 < 0 after warm-up: value function not predicting returns
it  956 steps  93978624 sps   61,539 | ep_ret   19.88 ep_len  995.8 (n=93) | pg -0.005 vf 0.001 kl 0.0142 lr 1.7e-04
[anomaly] it 956: explained variance -1.13 < 0 after warm-up: value function not predicting returns
[anomaly] it 956: terminal-step reward dominates the episode: survival is being punished
it  957 steps  94076928 sps   61,539 | ep_ret   19.48 ep_len  979.4 (n=104) | pg -0.003 vf 0.001 kl 0.0142 lr 7.6e-05
[anomaly] it 957: terminal-step reward dominates the episode: survival is being punished
it  958 steps  94175232 sps   61,539 | ep_ret   20.08 ep_len 1000.0 (n=92) | pg -0.005 vf 0.002 kl 0.0143 lr 1.7e-04
[anomaly] it 958: explained variance -0.32 < 0 after warm-up: value function not predicting returns
it  959 steps  94273536 sps   61,540 | ep_ret   20.10 ep_len 1000.0 (n=98) | pg -0.004 vf 0.002 kl 0.0133 lr 7.6e-05
[anomaly] it 959: explained variance -1.02 < 0 after warm-up: value function not predicting returns
it  960 steps  94371840 sps   61,540 | ep_ret   19.75 ep_len  990.8 (n=86) | pg -0.004 vf 0.004 kl 0.0121 lr 7.6e-05
[anomaly] it 960: explained variance -0.26 < 0 after warm-up: value function not predicting returns
[anomaly] it 960: terminal-step reward dominates the episode: survival is being punished
it  961 steps  94470144 sps   61,540 | ep_ret   19.91 ep_len  995.8 (n=105) | pg -0.003 vf 0.003 kl 0.0128 lr 7.6e-05
[anomaly] it 961: explained variance -0.55 < 0 after warm-up: value function not predicting returns
[anomaly] it 961: terminal-step reward dominates the episode: survival is being punished
it  962 steps  94568448 sps   61,540 | ep_ret   19.94 ep_len  989.7 (n=89) | pg -0.004 vf 0.002 kl 0.0133 lr 1.1e-04
[anomaly] it 962: explained variance -0.80 < 0 after warm-up: value function not predicting returns
[anomaly] it 962: terminal-step reward dominates the episode: survival is being punished
it  963 steps  94666752 sps   61,540 | ep_ret   19.83 ep_len  991.4 (n=90) | pg -0.004 vf 0.003 kl 0.0139 lr 7.6e-05
[anomaly] it 963: explained variance -0.30 < 0 after warm-up: value function not predicting returns
[anomaly] it 963: terminal-step reward dominates the episode: survival is being punished
it  964 steps  94765056 sps   61,540 | ep_ret   20.05 ep_len  996.3 (n=115) | pg -0.003 vf 0.002 kl 0.0122 lr 7.6e-05
[anomaly] it 964: explained variance -0.38 < 0 after warm-up: value function not predicting returns
[anomaly] it 964: terminal-step reward dominates the episode: survival is being punished
it  965 steps  94863360 sps   61,540 | ep_ret   20.23 ep_len 1000.0 (n=94) | pg -0.005 vf 0.002 kl 0.0106 lr 1.1e-04
[anomaly] it 965: explained variance -1.53 < 0 after warm-up: value function not predicting returns
it  966 steps  94961664 sps   61,540 | ep_ret   19.75 ep_len  988.4 (n=91) | pg -0.005 vf 0.004 kl 0.0129 lr 7.6e-05
[anomaly] it 966: explained variance -0.49 < 0 after warm-up: value function not predicting returns
[anomaly] it 966: terminal-step reward dominates the episode: survival is being punished
it  967 steps  95059968 sps   61,540 | ep_ret   19.92 ep_len  988.3 (n=103) | pg -0.004 vf 0.003 kl 0.0143 lr 1.1e-04
[anomaly] it 967: explained variance -0.69 < 0 after warm-up: value function not predicting returns
[anomaly] it 967: terminal-step reward dominates the episode: survival is being punished
it  968 steps  95158272 sps   61,541 | ep_ret   19.98 ep_len  995.5 (n=100) | pg -0.005 vf 0.001 kl 0.0132 lr 1.7e-04
[anomaly] it 968: explained variance -0.38 < 0 after warm-up: value function not predicting returns
[anomaly] it 968: terminal-step reward dominates the episode: survival is being punished
it  969 steps  95256576 sps   61,541 | ep_ret   20.06 ep_len  992.0 (n=89) | pg -0.004 vf 0.003 kl 0.0135 lr 1.1e-04
[anomaly] it 969: explained variance -0.41 < 0 after warm-up: value function not predicting returns
[anomaly] it 969: terminal-step reward dominates the episode: survival is being punished
it  970 steps  95354880 sps   61,541 | ep_ret   19.96 ep_len  994.3 (n=75) | pg -0.003 vf 0.004 kl 0.0145 lr 1.1e-04
[anomaly] it 970: explained variance -0.92 < 0 after warm-up: value function not predicting returns
[anomaly] it 970: terminal-step reward dominates the episode: survival is being punished
it  971 steps  95453184 sps   61,541 | ep_ret   19.84 ep_len  989.3 (n=106) | pg -0.004 vf 0.002 kl 0.0145 lr 1.7e-04
[anomaly] it 971: explained variance -0.27 < 0 after warm-up: value function not predicting returns
[anomaly] it 971: terminal-step reward dominates the episode: survival is being punished
it  972 steps  95551488 sps   61,541 | ep_ret   20.04 ep_len  992.2 (n=107) | pg -0.003 vf 0.003 kl 0.0144 lr 7.6e-05
[anomaly] it 972: explained variance -0.15 < 0 after warm-up: value function not predicting returns
[anomaly] it 972: terminal-step reward dominates the episode: survival is being punished
it  973 steps  95649792 sps   61,541 | ep_ret   20.32 ep_len 1000.0 (n=98) | pg -0.004 vf 0.002 kl 0.0137 lr 7.6e-05
[anomaly] it 973: explained variance -1.58 < 0 after warm-up: value function not predicting returns
it  974 steps  95748096 sps   61,541 | ep_ret   19.85 ep_len  987.9 (n=105) | pg -0.004 vf 0.002 kl 0.0144 lr 1.1e-04
[anomaly] it 974: terminal-step reward dominates the episode: survival is being punished
it  975 steps  95846400 sps   61,541 | ep_ret   20.43 ep_len 1000.0 (n=94) | pg -0.004 vf 0.002 kl 0.0150 lr 1.7e-04
[anomaly] it 975: explained variance -0.70 < 0 after warm-up: value function not predicting returns
it  976 steps  95944704 sps   61,541 | ep_ret   20.08 ep_len  994.2 (n=92) | pg -0.003 vf 0.001 kl 0.0127 lr 7.6e-05
[anomaly] it 976: explained variance -0.80 < 0 after warm-up: value function not predicting returns
[anomaly] it 976: terminal-step reward dominates the episode: survival is being punished
it  977 steps  96043008 sps   61,541 | ep_ret   20.15 ep_len  992.9 (n=96) | pg -0.005 vf 0.002 kl 0.0110 lr 1.1e-04
[anomaly] it 977: explained variance -0.20 < 0 after warm-up: value function not predicting returns
[anomaly] it 977: terminal-step reward dominates the episode: survival is being punished
it  978 steps  96141312 sps   61,541 | ep_ret   20.41 ep_len 1000.0 (n=85) | pg -0.005 vf 0.002 kl 0.0148 lr 1.7e-04
[anomaly] it 978: explained variance -0.57 < 0 after warm-up: value function not predicting returns
it  979 steps  96239616 sps   61,541 | ep_ret   20.33 ep_len  996.2 (n=99) | pg -0.003 vf 0.005 kl 0.0145 lr 1.1e-04
[anomaly] it 979: explained variance -1.15 < 0 after warm-up: value function not predicting returns
[anomaly] it 979: terminal-step reward dominates the episode: survival is being punished
it  980 steps  96337920 sps   61,542 | ep_ret   19.90 ep_len  983.4 (n=89) | pg -0.004 vf 0.003 kl 0.0147 lr 1.7e-04
[anomaly] it 980: explained variance -0.56 < 0 after warm-up: value function not predicting returns
[anomaly] it 980: terminal-step reward dominates the episode: survival is being punished
it  981 steps  96436224 sps   61,542 | ep_ret   20.23 ep_len  988.4 (n=78) | pg -0.003 vf 0.003 kl 0.0135 lr 7.6e-05
[anomaly] it 981: explained variance -1.27 < 0 after warm-up: value function not predicting returns
[anomaly] it 981: terminal-step reward dominates the episode: survival is being punished
it  982 steps  96534528 sps   61,542 | ep_ret   20.07 ep_len  989.3 (n=104) | pg -0.004 vf 0.002 kl 0.0148 lr 1.7e-04
[anomaly] it 982: explained variance -0.45 < 0 after warm-up: value function not predicting returns
[anomaly] it 982: terminal-step reward dominates the episode: survival is being punished
it  983 steps  96632832 sps   61,542 | ep_ret   20.27 ep_len  995.6 (n=91) | pg -0.002 vf 0.002 kl 0.0126 lr 1.1e-04
[anomaly] it 983: explained variance -0.72 < 0 after warm-up: value function not predicting returns
[anomaly] it 983: terminal-step reward dominates the episode: survival is being punished
it  984 steps  96731136 sps   61,542 | ep_ret   20.35 ep_len  996.5 (n=116) | pg -0.005 vf 0.002 kl 0.0140 lr 1.7e-04
[anomaly] it 984: explained variance -0.73 < 0 after warm-up: value function not predicting returns
[anomaly] it 984: terminal-step reward dominates the episode: survival is being punished
it  985 steps  96829440 sps   61,542 | ep_ret   20.15 ep_len  990.7 (n=95) | pg -0.005 vf 0.001 kl 0.0154 lr 1.7e-04
[anomaly] it 985: explained variance -0.47 < 0 after warm-up: value function not predicting returns
[anomaly] it 985: terminal-step reward dominates the episode: survival is being punished
it  986 steps  96927744 sps   61,542 | ep_ret   20.31 ep_len  991.5 (n=106) | pg -0.003 vf 0.002 kl 0.0132 lr 1.1e-04
[anomaly] it 986: explained variance -0.42 < 0 after warm-up: value function not predicting returns
[anomaly] it 986: terminal-step reward dominates the episode: survival is being punished
it  987 steps  97026048 sps   61,542 | ep_ret   20.45 ep_len  996.6 (n=111) | pg -0.004 vf 0.002 kl 0.0151 lr 1.7e-04
[anomaly] it 987: explained variance -0.76 < 0 after warm-up: value function not predicting returns
[anomaly] it 987: terminal-step reward dominates the episode: survival is being punished
it  988 steps  97124352 sps   61,542 | ep_ret   20.25 ep_len  994.1 (n=108) | pg -0.004 vf 0.002 kl 0.0140 lr 1.7e-04
[anomaly] it 988: explained variance -0.28 < 0 after warm-up: value function not predicting returns
[anomaly] it 988: terminal-step reward dominates the episode: survival is being punished
it  989 steps  97222656 sps   61,543 | ep_ret   20.33 ep_len  992.1 (n=96) | pg -0.003 vf 0.003 kl 0.0139 lr 7.6e-05
[anomaly] it 989: explained variance -0.58 < 0 after warm-up: value function not predicting returns
[anomaly] it 989: terminal-step reward dominates the episode: survival is being punished
it  990 steps  97320960 sps   61,543 | ep_ret   20.33 ep_len  993.0 (n=111) | pg -0.003 vf 0.003 kl 0.0136 lr 7.6e-05
[anomaly] it 990: explained variance -0.22 < 0 after warm-up: value function not predicting returns
[anomaly] it 990: terminal-step reward dominates the episode: survival is being punished
it  991 steps  97419264 sps   61,543 | ep_ret   20.34 ep_len  992.6 (n=115) | pg -0.005 vf 0.002 kl 0.0142 lr 1.7e-04
[anomaly] it 991: terminal-step reward dominates the episode: survival is being punished
it  992 steps  97517568 sps   61,543 | ep_ret   20.62 ep_len 1000.0 (n=96) | pg -0.005 vf 0.002 kl 0.0135 lr 1.7e-04
[anomaly] it 992: explained variance -0.28 < 0 after warm-up: value function not predicting returns
it  993 steps  97615872 sps   61,543 | ep_ret   20.66 ep_len 1000.0 (n=96) | pg -0.003 vf 0.002 kl 0.0154 lr 1.1e-04
[anomaly] it 993: explained variance -0.45 < 0 after warm-up: value function not predicting returns
it  994 steps  97714176 sps   61,543 | ep_ret   20.54 ep_len  996.2 (n=109) | pg -0.004 vf 0.002 kl 0.0145 lr 5.1e-05
[anomaly] it 994: explained variance -0.21 < 0 after warm-up: value function not predicting returns
[anomaly] it 994: terminal-step reward dominates the episode: survival is being punished
it  995 steps  97812480 sps   61,543 | ep_ret   20.55 ep_len  996.7 (n=115) | pg -0.004 vf 0.002 kl 0.0108 lr 1.1e-04
[anomaly] it 995: explained variance -0.13 < 0 after warm-up: value function not predicting returns
[anomaly] it 995: terminal-step reward dominates the episode: survival is being punished
it  996 steps  97910784 sps   61,543 | ep_ret   20.54 ep_len  996.7 (n=113) | pg -0.003 vf 0.001 kl 0.0130 lr 1.7e-04
[anomaly] it 996: explained variance -0.29 < 0 after warm-up: value function not predicting returns
[anomaly] it 996: terminal-step reward dominates the episode: survival is being punished
it  997 steps  98009088 sps   61,543 | ep_ret   20.45 ep_len  990.5 (n=96) | pg -0.004 vf 0.003 kl 0.0148 lr 1.1e-04
[anomaly] it 997: explained variance -0.16 < 0 after warm-up: value function not predicting returns
[anomaly] it 997: terminal-step reward dominates the episode: survival is being punished
it  998 steps  98107392 sps   61,543 | ep_ret   20.82 ep_len 1000.0 (n=95) | pg -0.003 vf 0.005 kl 0.0155 lr 5.1e-05
[anomaly] it 998: explained variance -1.38 < 0 after warm-up: value function not predicting returns
it  999 steps  98205696 sps   61,543 | ep_ret   20.10 ep_len  983.5 (n=96) | pg -0.004 vf 0.003 kl 0.0125 lr 1.1e-04
[anomaly] it 999: explained variance -0.32 < 0 after warm-up: value function not predicting returns
[anomaly] it 999: terminal-step reward dominates the episode: survival is being punished
it 1000 steps  98304000 sps   61,544 | ep_ret   20.26 ep_len  986.9 (n=99) | pg -0.004 vf 0.002 kl 0.0155 lr 1.7e-04
[anomaly] it 1000: explained variance -0.11 < 0 after warm-up: value function not predicting returns
[anomaly] it 1000: terminal-step reward dominates the episode: survival is being punished
saved policy to runs/policies/g1_flat_newton0625_fixed.pt
