G1 flat PPO: N=4096 obs_dim 123 act_dim 37 rollout 24 x 1500 iterations, engine newton XPBD 4 it, physics dt 0.00125 (decimation 16), seed 0
it    1 steps     98304 sps   42,613 | ep_ret   -7.43 ep_len   23.6 (n=41) | pg 0.009 vf 0.958 kl 0.0431 lr 5.9e-05
[anomaly] it 1: joint limit violated by 0.09 rad
it    2 steps    196608 sps   59,187 | ep_ret   -8.29 ep_len   35.4 (n=3658) | pg -0.002 vf 4.711 kl 0.0091 lr 4.4e-04
[anomaly] it 2: joint limit violated by 0.07 rad
[anomaly] it 2: contact force 19625 N > 50x robot weight
it    3 steps    294912 sps   69,814 | ep_ret   -8.32 ep_len   36.1 (n=2375) | pg 0.002 vf 3.471 kl 0.0162 lr 3.0e-04
[anomaly] it 3: joint limit violated by 0.09 rad
[anomaly] it 3: contact force 18770 N > 50x robot weight
it    4 steps    393216 sps   76,746 | ep_ret   -8.46 ep_len   38.5 (n=2433) | pg -0.001 vf 2.530 kl 0.0123 lr 3.0e-04
[anomaly] it 4: joint limit violated by 0.08 rad
[anomaly] it 4: contact force 20793 N > 50x robot weight
it    5 steps    491520 sps   81,747 | ep_ret   -8.30 ep_len   37.7 (n=2758) | pg 0.001 vf 2.419 kl 0.0118 lr 2.0e-04
[anomaly] it 5: joint limit violated by 0.08 rad
[anomaly] it 5: contact force 17137 N > 50x robot weight
it    6 steps    589824 sps   85,443 | ep_ret   -8.26 ep_len   37.4 (n=2606) | pg -0.002 vf 2.111 kl 0.0112 lr 3.0e-04
[anomaly] it 6: joint limit violated by 0.08 rad
[anomaly] it 6: contact force 19423 N > 50x robot weight
it    7 steps    688128 sps   88,376 | ep_ret   -8.22 ep_len   37.7 (n=2559) | pg 0.001 vf 1.731 kl 0.0129 lr 2.0e-04
[anomaly] it 7: joint limit violated by 0.07 rad
[anomaly] it 7: contact force 17317 N > 50x robot weight
it    8 steps    786432 sps   90,566 | ep_ret   -8.14 ep_len   37.7 (n=2633) | pg 0.001 vf 1.498 kl 0.0113 lr 1.3e-04
[anomaly] it 8: joint limit violated by 0.08 rad
[anomaly] it 8: contact force 18712 N > 50x robot weight
it    9 steps    884736 sps   92,417 | ep_ret   -8.10 ep_len   38.0 (n=2600) | pg -0.005 vf 1.262 kl 0.0103 lr 6.7e-04
[anomaly] it 9: joint limit violated by 0.07 rad
it   10 steps    983040 sps   93,925 | ep_ret   -8.02 ep_len   38.0 (n=2519) | pg -0.005 vf 0.865 kl 0.0118 lr 4.4e-04
[anomaly] it 10: joint limit violated by 0.07 rad
[anomaly] it 10: contact force 16362 N > 50x robot weight
it   11 steps   1081344 sps   95,252 | ep_ret   -7.97 ep_len   38.3 (n=2594) | pg -0.006 vf 0.675 kl 0.0128 lr 4.4e-04
[anomaly] it 11: joint limit violated by 0.07 rad
[anomaly] it 11: contact force 21157 N > 50x robot weight
it   12 steps   1179648 sps   96,276 | ep_ret   -7.90 ep_len   38.3 (n=2539) | pg -0.005 vf 0.520 kl 0.0135 lr 3.0e-04
[anomaly] it 12: joint limit violated by 0.07 rad
it   13 steps   1277952 sps   97,243 | ep_ret   -7.82 ep_len   38.5 (n=2582) | pg -0.005 vf 0.395 kl 0.0107 lr 3.0e-04
[anomaly] it 13: joint limit violated by 0.07 rad
it   14 steps   1376256 sps   98,092 | ep_ret   -7.72 ep_len   38.4 (n=2523) | pg -0.006 vf 0.335 kl 0.0129 lr 5.9e-05
[anomaly] it 14: joint limit violated by 0.06 rad
[anomaly] it 14: contact force 23505 N > 50x robot weight
it   15 steps   1474560 sps   98,837 | ep_ret   -7.70 ep_len   38.8 (n=2544) | pg 0.002 vf 0.248 kl 0.0097 lr 2.0e-04
[anomaly] it 15: joint limit violated by 0.06 rad
[anomaly] it 15: contact force 24906 N > 50x robot weight
it   16 steps   1572864 sps   99,448 | ep_ret   -7.63 ep_len   39.0 (n=2514) | pg 0.001 vf 0.227 kl 0.0127 lr 3.9e-05
[anomaly] it 16: joint limit violated by 0.07 rad
[anomaly] it 16: contact force 16454 N > 50x robot weight
it   17 steps   1671168 sps   99,972 | ep_ret   -7.57 ep_len   38.8 (n=2555) | pg 0.008 vf 0.221 kl 0.0149 lr 1.0e-05
[anomaly] it 17: joint limit violated by 0.07 rad
[anomaly] it 17: contact force 16986 N > 50x robot weight
it   18 steps   1769472 sps  100,432 | ep_ret   -7.54 ep_len   38.7 (n=2535) | pg 0.001 vf 0.213 kl 0.0084 lr 7.6e-05
[anomaly] it 18: joint limit violated by 0.06 rad
[anomaly] it 18: contact force 21289 N > 50x robot weight
it   19 steps   1867776 sps  100,887 | ep_ret   -7.51 ep_len   38.8 (n=2490) | pg -0.001 vf 0.208 kl 0.0087 lr 1.1e-04
[anomaly] it 19: joint limit violated by 0.07 rad
[anomaly] it 19: contact force 21092 N > 50x robot weight
it   20 steps   1966080 sps  101,309 | ep_ret   -7.54 ep_len   39.5 (n=2555) | pg -0.008 vf 0.184 kl 0.0071 lr 3.8e-04
[anomaly] it 20: joint limit violated by 0.07 rad
[anomaly] it 20: contact force 18907 N > 50x robot weight
it   21 steps   2064384 sps  101,687 | ep_ret   -7.43 ep_len   38.5 (n=2514) | pg -0.010 vf 0.139 kl 0.0130 lr 3.8e-04
[anomaly] it 21: joint limit violated by 0.06 rad
[anomaly] it 21: contact force 17515 N > 50x robot weight
it   22 steps   2162688 sps  102,048 | ep_ret   -7.38 ep_len   38.9 (n=2543) | pg -0.012 vf 0.111 kl 0.0136 lr 3.8e-04
[anomaly] it 22: explained variance -0.03 < 0 after warm-up: value function not predicting returns
[anomaly] it 22: joint limit violated by 0.07 rad
[anomaly] it 22: contact force 21008 N > 50x robot weight
it   23 steps   2260992 sps  102,388 | ep_ret   -7.31 ep_len   39.1 (n=2474) | pg -0.013 vf 0.085 kl 0.0139 lr 3.8e-04
[anomaly] it 23: explained variance -0.09 < 0 after warm-up: value function not predicting returns
[anomaly] it 23: joint limit violated by 0.06 rad
[anomaly] it 23: contact force 18805 N > 50x robot weight
it   24 steps   2359296 sps  102,703 | ep_ret   -7.25 ep_len   39.4 (n=2524) | pg -0.014 vf 0.065 kl 0.0160 lr 3.8e-04
[anomaly] it 24: explained variance -0.15 < 0 after warm-up: value function not predicting returns
[anomaly] it 24: joint limit violated by 0.06 rad
it   25 steps   2457600 sps  103,005 | ep_ret   -7.17 ep_len   39.4 (n=2475) | pg -0.014 vf 0.050 kl 0.0157 lr 3.8e-04
[anomaly] it 25: explained variance -0.18 < 0 after warm-up: value function not predicting returns
[anomaly] it 25: joint limit violated by 0.06 rad
[anomaly] it 25: contact force 21924 N > 50x robot weight
it   26 steps   2555904 sps  103,260 | ep_ret   -7.08 ep_len   39.6 (n=2482) | pg -0.013 vf 0.044 kl 0.0165 lr 3.8e-04
[anomaly] it 26: explained variance -0.20 < 0 after warm-up: value function not predicting returns
[anomaly] it 26: joint limit violated by 0.07 rad
[anomaly] it 26: contact force 23679 N > 50x robot weight
it   27 steps   2654208 sps  103,496 | ep_ret   -7.00 ep_len   39.4 (n=2499) | pg -0.014 vf 0.036 kl 0.0161 lr 3.8e-04
[anomaly] it 27: explained variance -0.22 < 0 after warm-up: value function not predicting returns
[anomaly] it 27: joint limit violated by 0.06 rad
[anomaly] it 27: contact force 21818 N > 50x robot weight
it   28 steps   2752512 sps  103,726 | ep_ret   -6.92 ep_len   39.6 (n=2470) | pg -0.015 vf 0.032 kl 0.0168 lr 3.8e-04
[anomaly] it 28: explained variance -0.21 < 0 after warm-up: value function not predicting returns
[anomaly] it 28: joint limit violated by 0.06 rad
[anomaly] it 28: contact force 18137 N > 50x robot weight
it   29 steps   2850816 sps  103,937 | ep_ret   -6.86 ep_len   40.0 (n=2443) | pg -0.015 vf 0.028 kl 0.0162 lr 5.8e-04
[anomaly] it 29: explained variance -0.20 < 0 after warm-up: value function not predicting returns
[anomaly] it 29: joint limit violated by 0.07 rad
it   30 steps   2949120 sps  104,117 | ep_ret   -6.77 ep_len   39.8 (n=2467) | pg -0.017 vf 0.027 kl 0.0171 lr 3.8e-04
[anomaly] it 30: explained variance -0.19 < 0 after warm-up: value function not predicting returns
[anomaly] it 30: joint limit violated by 0.05 rad
it   31 steps   3047424 sps  104,288 | ep_ret   -6.69 ep_len   40.0 (n=2455) | pg -0.015 vf 0.024 kl 0.0160 lr 3.8e-04
[anomaly] it 31: explained variance -0.18 < 0 after warm-up: value function not predicting returns
[anomaly] it 31: joint limit violated by 0.06 rad
[anomaly] it 31: contact force 23530 N > 50x robot weight
it   32 steps   3145728 sps  104,421 | ep_ret   -6.63 ep_len   40.1 (n=2440) | pg -0.016 vf 0.022 kl 0.0168 lr 3.8e-04
[anomaly] it 32: explained variance -0.17 < 0 after warm-up: value function not predicting returns
[anomaly] it 32: joint limit violated by 0.06 rad
[anomaly] it 32: contact force 16404 N > 50x robot weight
it   33 steps   3244032 sps  104,541 | ep_ret   -6.55 ep_len   39.9 (n=2501) | pg -0.016 vf 0.020 kl 0.0167 lr 3.8e-04
[anomaly] it 33: explained variance -0.15 < 0 after warm-up: value function not predicting returns
[anomaly] it 33: joint limit violated by 0.06 rad
[anomaly] it 33: contact force 22146 N > 50x robot weight
it   34 steps   3342336 sps  104,622 | ep_ret   -6.52 ep_len   40.4 (n=2395) | pg -0.017 vf 0.018 kl 0.0172 lr 3.8e-04
[anomaly] it 34: explained variance -0.13 < 0 after warm-up: value function not predicting returns
[anomaly] it 34: joint limit violated by 0.07 rad
it   35 steps   3440640 sps  104,748 | ep_ret   -6.46 ep_len   40.4 (n=2423) | pg -0.015 vf 0.018 kl 0.0144 lr 3.8e-04
[anomaly] it 35: explained variance -0.12 < 0 after warm-up: value function not predicting returns
[anomaly] it 35: joint limit violated by 0.06 rad
[anomaly] it 35: contact force 18933 N > 50x robot weight
it   36 steps   3538944 sps  104,876 | ep_ret   -6.41 ep_len   40.5 (n=2456) | pg -0.018 vf 0.016 kl 0.0161 lr 2.6e-04
[anomaly] it 36: explained variance -0.11 < 0 after warm-up: value function not predicting returns
[anomaly] it 36: joint limit violated by 0.06 rad
it   37 steps   3637248 sps  105,010 | ep_ret   -6.36 ep_len   40.4 (n=2412) | pg -0.017 vf 0.015 kl 0.0159 lr 3.8e-04
[anomaly] it 37: explained variance -0.10 < 0 after warm-up: value function not predicting returns
[anomaly] it 37: joint limit violated by 0.06 rad
[anomaly] it 37: contact force 16193 N > 50x robot weight
it   38 steps   3735552 sps  105,122 | ep_ret   -6.29 ep_len   40.5 (n=2417) | pg -0.018 vf 0.015 kl 0.0160 lr 3.8e-04
[anomaly] it 38: explained variance -0.09 < 0 after warm-up: value function not predicting returns
[anomaly] it 38: joint limit violated by 0.05 rad
it   39 steps   3833856 sps  105,232 | ep_ret   -6.25 ep_len   40.5 (n=2431) | pg -0.018 vf 0.014 kl 0.0166 lr 3.8e-04
[anomaly] it 39: explained variance -0.08 < 0 after warm-up: value function not predicting returns
[anomaly] it 39: joint limit violated by 0.06 rad
it   40 steps   3932160 sps  105,330 | ep_ret   -6.22 ep_len   40.9 (n=2430) | pg -0.017 vf 0.013 kl 0.0165 lr 3.8e-04
[anomaly] it 40: explained variance -0.07 < 0 after warm-up: value function not predicting returns
it   41 steps   4030464 sps  105,412 | ep_ret   -6.18 ep_len   40.8 (n=2339) | pg -0.016 vf 0.013 kl 0.0165 lr 2.6e-04
[anomaly] it 41: explained variance -0.07 < 0 after warm-up: value function not predicting returns
[anomaly] it 41: joint limit violated by 0.05 rad
[anomaly] it 41: contact force 17847 N > 50x robot weight
it   42 steps   4128768 sps  105,504 | ep_ret   -6.14 ep_len   41.0 (n=2395) | pg -0.016 vf 0.013 kl 0.0161 lr 3.8e-04
[anomaly] it 42: explained variance -0.06 < 0 after warm-up: value function not predicting returns
[anomaly] it 42: joint limit violated by 0.06 rad
it   43 steps   4227072 sps  105,594 | ep_ret   -6.10 ep_len   41.1 (n=2408) | pg -0.016 vf 0.013 kl 0.0159 lr 2.6e-04
[anomaly] it 43: explained variance -0.05 < 0 after warm-up: value function not predicting returns
it   44 steps   4325376 sps  105,678 | ep_ret   -6.07 ep_len   41.1 (n=2368) | pg -0.017 vf 0.013 kl 0.0166 lr 3.8e-04
[anomaly] it 44: explained variance -0.04 < 0 after warm-up: value function not predicting returns
[anomaly] it 44: joint limit violated by 0.06 rad
[anomaly] it 44: contact force 17706 N > 50x robot weight
it   45 steps   4423680 sps  105,765 | ep_ret   -6.04 ep_len   41.3 (n=2409) | pg -0.016 vf 0.012 kl 0.0173 lr 2.6e-04
[anomaly] it 45: explained variance -0.04 < 0 after warm-up: value function not predicting returns
[anomaly] it 45: joint limit violated by 0.05 rad
it   46 steps   4521984 sps  105,850 | ep_ret   -5.98 ep_len   40.9 (n=2382) | pg -0.017 vf 0.012 kl 0.0170 lr 3.8e-04
[anomaly] it 46: explained variance -0.03 < 0 after warm-up: value function not predicting returns
[anomaly] it 46: joint limit violated by 0.05 rad
it   47 steps   4620288 sps  105,923 | ep_ret   -5.96 ep_len   41.3 (n=2349) | pg -0.016 vf 0.012 kl 0.0169 lr 2.6e-04
[anomaly] it 47: explained variance -0.03 < 0 after warm-up: value function not predicting returns
[anomaly] it 47: joint limit violated by 0.05 rad
it   48 steps   4718592 sps  106,000 | ep_ret   -5.94 ep_len   41.4 (n=2400) | pg -0.015 vf 0.012 kl 0.0162 lr 1.7e-04
[anomaly] it 48: explained variance -0.02 < 0 after warm-up: value function not predicting returns
[anomaly] it 48: joint limit violated by 0.06 rad
it   49 steps   4816896 sps  106,075 | ep_ret   -5.91 ep_len   41.4 (n=2359) | pg -0.016 vf 0.012 kl 0.0159 lr 3.8e-04
[anomaly] it 49: explained variance -0.02 < 0 after warm-up: value function not predicting returns
[anomaly] it 49: joint limit violated by 0.05 rad
[anomaly] it 49: contact force 15858 N > 50x robot weight
it   50 steps   4915200 sps  106,138 | ep_ret   -5.86 ep_len   41.3 (n=2402) | pg -0.016 vf 0.012 kl 0.0169 lr 2.6e-04
[anomaly] it 50: explained variance -0.01 < 0 after warm-up: value function not predicting returns
[anomaly] it 50: contact force 17750 N > 50x robot weight
it   51 steps   5013504 sps  106,214 | ep_ret   -5.84 ep_len   41.4 (n=2358) | pg -0.015 vf 0.012 kl 0.0164 lr 2.6e-04
[anomaly] it 51: explained variance -0.01 < 0 after warm-up: value function not predicting returns
[anomaly] it 51: joint limit violated by 0.05 rad
[anomaly] it 51: contact force 18778 N > 50x robot weight
it   52 steps   5111808 sps  106,270 | ep_ret   -5.81 ep_len   41.4 (n=2338) | pg -0.016 vf 0.012 kl 0.0176 lr 2.6e-04
[anomaly] it 52: explained variance -0.00 < 0 after warm-up: value function not predicting returns
[anomaly] it 52: joint limit violated by 0.05 rad
[anomaly] it 52: contact force 17037 N > 50x robot weight
it   53 steps   5210112 sps  106,318 | ep_ret   -5.80 ep_len   41.4 (n=2430) | pg -0.013 vf 0.012 kl 0.0151 lr 2.6e-04
[anomaly] it 53: joint limit violated by 0.05 rad
it   54 steps   5308416 sps  106,351 | ep_ret   -5.76 ep_len   41.5 (n=2373) | pg -0.015 vf 0.012 kl 0.0176 lr 2.6e-04
[anomaly] it 54: joint limit violated by 0.06 rad
[anomaly] it 54: contact force 16894 N > 50x robot weight
it   55 steps   5406720 sps  106,387 | ep_ret   -5.73 ep_len   41.2 (n=2362) | pg -0.013 vf 0.012 kl 0.0134 lr 1.7e-04
[anomaly] it 55: joint limit violated by 0.05 rad
[anomaly] it 55: contact force 16397 N > 50x robot weight
it   56 steps   5505024 sps  106,440 | ep_ret   -5.72 ep_len   41.4 (n=2363) | pg -0.015 vf 0.013 kl 0.0176 lr 1.7e-04
[anomaly] it 56: joint limit violated by 0.05 rad
[anomaly] it 56: contact force 18567 N > 50x robot weight
it   57 steps   5603328 sps  106,488 | ep_ret   -5.72 ep_len   41.8 (n=2335) | pg -0.013 vf 0.012 kl 0.0140 lr 2.6e-04
[anomaly] it 57: joint limit violated by 0.05 rad
it   58 steps   5701632 sps  106,535 | ep_ret   -5.69 ep_len   41.5 (n=2360) | pg -0.014 vf 0.012 kl 0.0162 lr 2.6e-04
it   59 steps   5799936 sps  106,582 | ep_ret   -5.68 ep_len   42.0 (n=2334) | pg -0.016 vf 0.012 kl 0.0171 lr 1.7e-04
[anomaly] it 59: contact force 17067 N > 50x robot weight
it   60 steps   5898240 sps  106,627 | ep_ret   -5.66 ep_len   41.7 (n=2383) | pg -0.015 vf 0.013 kl 0.0146 lr 2.6e-04
[anomaly] it 60: contact force 20242 N > 50x robot weight
it   61 steps   5996544 sps  106,673 | ep_ret   -5.64 ep_len   41.9 (n=2350) | pg -0.014 vf 0.012 kl 0.0157 lr 2.6e-04
[anomaly] it 61: joint limit violated by 0.05 rad
it   62 steps   6094848 sps  106,719 | ep_ret   -5.62 ep_len   41.7 (n=2338) | pg -0.013 vf 0.013 kl 0.0141 lr 1.7e-04
[anomaly] it 62: joint limit violated by 0.05 rad
it   63 steps   6193152 sps  106,766 | ep_ret   -5.62 ep_len   42.3 (n=2306) | pg -0.015 vf 0.013 kl 0.0180 lr 1.7e-04
[anomaly] it 63: joint limit violated by 0.06 rad
[anomaly] it 63: contact force 18566 N > 50x robot weight
it   64 steps   6291456 sps  106,806 | ep_ret   -5.61 ep_len   42.0 (n=2356) | pg -0.014 vf 0.013 kl 0.0174 lr 2.6e-04
[anomaly] it 64: joint limit violated by 0.05 rad
it   65 steps   6389760 sps  106,850 | ep_ret   -5.59 ep_len   42.2 (n=2345) | pg -0.015 vf 0.014 kl 0.0185 lr 2.6e-04
[anomaly] it 65: joint limit violated by 0.06 rad
[anomaly] it 65: contact force 21219 N > 50x robot weight
it   66 steps   6488064 sps  106,892 | ep_ret   -5.59 ep_len   42.2 (n=2333) | pg -0.015 vf 0.013 kl 0.0179 lr 2.6e-04
[anomaly] it 66: joint limit violated by 0.09 rad
[anomaly] it 66: contact force 18816 N > 50x robot weight
it   67 steps   6586368 sps  106,931 | ep_ret   -5.57 ep_len   42.2 (n=2289) | pg -0.015 vf 0.014 kl 0.0169 lr 2.6e-04
[anomaly] it 67: contact force 16416 N > 50x robot weight
it   68 steps   6684672 sps  106,971 | ep_ret   -5.56 ep_len   42.3 (n=2319) | pg -0.015 vf 0.013 kl 0.0169 lr 2.6e-04
[anomaly] it 68: contact force 25309 N > 50x robot weight
it   69 steps   6782976 sps  107,009 | ep_ret   -5.56 ep_len   42.5 (n=2328) | pg -0.014 vf 0.013 kl 0.0157 lr 2.6e-04
[anomaly] it 69: joint limit violated by 0.05 rad
[anomaly] it 69: contact force 17641 N > 50x robot weight
it   70 steps   6881280 sps  107,037 | ep_ret   -5.56 ep_len   42.9 (n=2257) | pg -0.014 vf 0.013 kl 0.0161 lr 2.6e-04
[anomaly] it 70: joint limit violated by 0.05 rad
[anomaly] it 70: contact force 24094 N > 50x robot weight
it   71 steps   6979584 sps  107,064 | ep_ret   -5.56 ep_len   43.0 (n=2264) | pg -0.012 vf 0.013 kl 0.0140 lr 1.7e-04
[anomaly] it 71: contact force 17520 N > 50x robot weight
it   72 steps   7077888 sps  107,096 | ep_ret   -5.56 ep_len   43.1 (n=2330) | pg -0.014 vf 0.014 kl 0.0185 lr 2.6e-04
it   73 steps   7176192 sps  107,128 | ep_ret   -5.55 ep_len   43.4 (n=2215) | pg -0.015 vf 0.014 kl 0.0172 lr 2.6e-04
it   74 steps   7274496 sps  107,158 | ep_ret   -5.52 ep_len   42.9 (n=2329) | pg -0.014 vf 0.013 kl 0.0148 lr 2.6e-04
[anomaly] it 74: contact force 23237 N > 50x robot weight
it   75 steps   7372800 sps  107,189 | ep_ret   -5.53 ep_len   43.3 (n=2227) | pg -0.013 vf 0.014 kl 0.0164 lr 2.6e-04
[anomaly] it 75: joint limit violated by 0.06 rad
[anomaly] it 75: contact force 22335 N > 50x robot weight
it   76 steps   7471104 sps  107,217 | ep_ret   -5.52 ep_len   43.2 (n=2285) | pg -0.013 vf 0.013 kl 0.0166 lr 2.6e-04
[anomaly] it 76: joint limit violated by 0.05 rad
it   77 steps   7569408 sps  107,248 | ep_ret   -5.51 ep_len   43.2 (n=2284) | pg -0.014 vf 0.013 kl 0.0170 lr 2.6e-04
[anomaly] it 77: joint limit violated by 0.05 rad
[anomaly] it 77: contact force 24280 N > 50x robot weight
it   78 steps   7667712 sps  107,271 | ep_ret   -5.50 ep_len   43.5 (n=2211) | pg -0.014 vf 0.013 kl 0.0176 lr 1.7e-04
[anomaly] it 78: contact force 16194 N > 50x robot weight
it   79 steps   7766016 sps  107,295 | ep_ret   -5.49 ep_len   43.5 (n=2313) | pg -0.013 vf 0.013 kl 0.0155 lr 2.6e-04
it   80 steps   7864320 sps  107,322 | ep_ret   -5.47 ep_len   43.3 (n=2244) | pg -0.016 vf 0.013 kl 0.0169 lr 2.6e-04
[anomaly] it 80: contact force 25160 N > 50x robot weight
it   81 steps   7962624 sps  107,350 | ep_ret   -5.48 ep_len   43.8 (n=2222) | pg -0.013 vf 0.013 kl 0.0131 lr 1.7e-04
it   82 steps   8060928 sps  107,376 | ep_ret   -5.46 ep_len   43.4 (n=2294) | pg -0.013 vf 0.012 kl 0.0156 lr 2.6e-04
[anomaly] it 82: joint limit violated by 0.06 rad
[anomaly] it 82: contact force 26861 N > 50x robot weight
it   83 steps   8159232 sps  107,401 | ep_ret   -5.46 ep_len   43.7 (n=2195) | pg -0.015 vf 0.012 kl 0.0174 lr 2.6e-04
[anomaly] it 83: joint limit violated by 0.05 rad
[anomaly] it 83: contact force 20743 N > 50x robot weight
it   84 steps   8257536 sps  107,429 | ep_ret   -5.47 ep_len   43.6 (n=2289) | pg -0.015 vf 0.012 kl 0.0169 lr 2.6e-04
[anomaly] it 84: joint limit violated by 0.05 rad
[anomaly] it 84: contact force 22827 N > 50x robot weight
it   85 steps   8355840 sps  107,451 | ep_ret   -5.44 ep_len   43.7 (n=2262) | pg -0.015 vf 0.012 kl 0.0172 lr 2.6e-04
[anomaly] it 85: contact force 17964 N > 50x robot weight
it   86 steps   8454144 sps  107,454 | ep_ret   -5.44 ep_len   43.8 (n=2232) | pg -0.015 vf 0.011 kl 0.0179 lr 2.6e-04
[anomaly] it 86: contact force 17482 N > 50x robot weight
it   87 steps   8552448 sps  107,464 | ep_ret   -5.43 ep_len   43.5 (n=2278) | pg -0.015 vf 0.011 kl 0.0179 lr 1.7e-04
[anomaly] it 87: contact force 17409 N > 50x robot weight
it   88 steps   8650752 sps  107,486 | ep_ret   -5.44 ep_len   44.0 (n=2187) | pg -0.015 vf 0.011 kl 0.0184 lr 2.6e-04
[anomaly] it 88: joint limit violated by 0.06 rad
[anomaly] it 88: contact force 17446 N > 50x robot weight
it   89 steps   8749056 sps  107,506 | ep_ret   -5.43 ep_len   44.2 (n=2219) | pg -0.014 vf 0.011 kl 0.0159 lr 2.6e-04
[anomaly] it 89: joint limit violated by 0.05 rad
[anomaly] it 89: contact force 17897 N > 50x robot weight
it   90 steps   8847360 sps  107,516 | ep_ret   -5.43 ep_len   44.4 (n=2241) | pg -0.016 vf 0.011 kl 0.0172 lr 2.6e-04
[anomaly] it 90: contact force 18542 N > 50x robot weight
it   91 steps   8945664 sps  107,533 | ep_ret   -5.42 ep_len   44.0 (n=2182) | pg -0.014 vf 0.011 kl 0.0161 lr 2.6e-04
[anomaly] it 91: contact force 16066 N > 50x robot weight
it   92 steps   9043968 sps  107,553 | ep_ret   -5.42 ep_len   44.5 (n=2196) | pg -0.013 vf 0.010 kl 0.0140 lr 1.7e-04
[anomaly] it 92: contact force 19698 N > 50x robot weight
it   93 steps   9142272 sps  107,575 | ep_ret   -5.41 ep_len   44.6 (n=2258) | pg -0.013 vf 0.010 kl 0.0135 lr 1.7e-04
[anomaly] it 93: contact force 20732 N > 50x robot weight
it   94 steps   9240576 sps  107,593 | ep_ret   -5.40 ep_len   44.3 (n=2147) | pg -0.013 vf 0.010 kl 0.0162 lr 2.6e-04
[anomaly] it 94: joint limit violated by 0.05 rad
[anomaly] it 94: contact force 23278 N > 50x robot weight
it   95 steps   9338880 sps  107,614 | ep_ret   -5.40 ep_len   44.8 (n=2242) | pg -0.013 vf 0.010 kl 0.0149 lr 1.7e-04
[anomaly] it 95: contact force 17070 N > 50x robot weight
it   96 steps   9437184 sps  107,635 | ep_ret   -5.40 ep_len   44.9 (n=2167) | pg -0.014 vf 0.010 kl 0.0168 lr 2.6e-04
[anomaly] it 96: contact force 19538 N > 50x robot weight
it   97 steps   9535488 sps  107,654 | ep_ret   -5.40 ep_len   44.9 (n=2215) | pg -0.012 vf 0.010 kl 0.0130 lr 1.7e-04
[anomaly] it 97: joint limit violated by 0.06 rad
[anomaly] it 97: contact force 23982 N > 50x robot weight
it   98 steps   9633792 sps  107,670 | ep_ret   -5.39 ep_len   44.9 (n=2164) | pg -0.013 vf 0.009 kl 0.0135 lr 1.7e-04
[anomaly] it 98: joint limit violated by 0.05 rad
[anomaly] it 98: contact force 20550 N > 50x robot weight
it   99 steps   9732096 sps  107,688 | ep_ret   -5.40 ep_len   45.0 (n=2176) | pg -0.013 vf 0.009 kl 0.0129 lr 1.7e-04
[anomaly] it 99: contact force 23581 N > 50x robot weight
it  100 steps   9830400 sps  107,701 | ep_ret   -5.40 ep_len   45.5 (n=2151) | pg -0.013 vf 0.009 kl 0.0145 lr 2.6e-04
[anomaly] it 100: joint limit violated by 0.05 rad
[anomaly] it 100: contact force 18662 N > 50x robot weight
it  101 steps   9928704 sps  107,707 | ep_ret   -5.40 ep_len   45.5 (n=2171) | pg -0.016 vf 0.009 kl 0.0163 lr 2.6e-04
[anomaly] it 101: contact force 18676 N > 50x robot weight
it  102 steps  10027008 sps  107,722 | ep_ret   -5.39 ep_len   46.0 (n=2128) | pg -0.014 vf 0.008 kl 0.0164 lr 2.6e-04
[anomaly] it 102: contact force 18273 N > 50x robot weight
it  103 steps  10125312 sps  107,737 | ep_ret   -5.40 ep_len   45.9 (n=2118) | pg -0.016 vf 0.008 kl 0.0175 lr 1.7e-04
[anomaly] it 103: joint limit violated by 0.05 rad
[anomaly] it 103: contact force 23447 N > 50x robot weight
it  104 steps  10223616 sps  107,750 | ep_ret   -5.40 ep_len   46.4 (n=2104) | pg -0.013 vf 0.008 kl 0.0133 lr 1.7e-04
[anomaly] it 104: contact force 25029 N > 50x robot weight
it  105 steps  10321920 sps  107,764 | ep_ret   -5.38 ep_len   45.9 (n=2149) | pg -0.014 vf 0.008 kl 0.0184 lr 1.7e-04
[anomaly] it 105: joint limit violated by 0.05 rad
it  106 steps  10420224 sps  107,778 | ep_ret   -5.39 ep_len   46.5 (n=2095) | pg -0.012 vf 0.008 kl 0.0140 lr 1.7e-04
[anomaly] it 106: contact force 23787 N > 50x robot weight
it  107 steps  10518528 sps  107,790 | ep_ret   -5.39 ep_len   47.0 (n=2102) | pg -0.016 vf 0.008 kl 0.0171 lr 1.7e-04
[anomaly] it 107: contact force 19861 N > 50x robot weight
it  108 steps  10616832 sps  107,802 | ep_ret   -5.38 ep_len   46.9 (n=2049) | pg -0.013 vf 0.008 kl 0.0130 lr 1.7e-04
[anomaly] it 108: contact force 15950 N > 50x robot weight
it  109 steps  10715136 sps  107,816 | ep_ret   -5.39 ep_len   47.5 (n=2108) | pg -0.015 vf 0.008 kl 0.0171 lr 1.7e-04
[anomaly] it 109: joint limit violated by 0.06 rad
[anomaly] it 109: contact force 25331 N > 50x robot weight
it  110 steps  10813440 sps  107,829 | ep_ret   -5.37 ep_len   47.0 (n=2029) | pg -0.014 vf 0.008 kl 0.0151 lr 2.6e-04
[anomaly] it 110: contact force 23151 N > 50x robot weight
it  111 steps  10911744 sps  107,835 | ep_ret   -5.38 ep_len   47.7 (n=2079) | pg -0.014 vf 0.008 kl 0.0153 lr 2.6e-04
[anomaly] it 111: contact force 18358 N > 50x robot weight
it  112 steps  11010048 sps  107,843 | ep_ret   -5.38 ep_len   47.9 (n=2003) | pg -0.015 vf 0.007 kl 0.0178 lr 2.6e-04
[anomaly] it 112: contact force 22856 N > 50x robot weight
it  113 steps  11108352 sps  107,855 | ep_ret   -5.38 ep_len   48.4 (n=2066) | pg -0.015 vf 0.007 kl 0.0182 lr 2.6e-04
[anomaly] it 113: contact force 21230 N > 50x robot weight
it  114 steps  11206656 sps  107,865 | ep_ret   -5.38 ep_len   48.5 (n=1965) | pg -0.014 vf 0.008 kl 0.0151 lr 2.6e-04
[anomaly] it 114: contact force 24057 N > 50x robot weight
it  115 steps  11304960 sps  107,877 | ep_ret   -5.36 ep_len   48.3 (n=2096) | pg -0.015 vf 0.007 kl 0.0177 lr 1.7e-04
[anomaly] it 115: contact force 20917 N > 50x robot weight
it  116 steps  11403264 sps  107,888 | ep_ret   -5.35 ep_len   48.4 (n=1995) | pg -0.013 vf 0.007 kl 0.0123 lr 1.7e-04
[anomaly] it 116: joint limit violated by 0.05 rad
[anomaly] it 116: contact force 20863 N > 50x robot weight
it  117 steps  11501568 sps  107,897 | ep_ret   -5.35 ep_len   48.7 (n=1995) | pg -0.013 vf 0.007 kl 0.0143 lr 2.6e-04
[anomaly] it 117: joint limit violated by 0.06 rad
[anomaly] it 117: contact force 24326 N > 50x robot weight
it  118 steps  11599872 sps  107,905 | ep_ret   -5.36 ep_len   49.2 (n=1994) | pg -0.014 vf 0.007 kl 0.0152 lr 2.6e-04
[anomaly] it 118: contact force 19383 N > 50x robot weight
it  119 steps  11698176 sps  107,916 | ep_ret   -5.35 ep_len   49.1 (n=2016) | pg -0.015 vf 0.007 kl 0.0172 lr 1.7e-04
[anomaly] it 119: contact force 19351 N > 50x robot weight
it  120 steps  11796480 sps  107,924 | ep_ret   -5.35 ep_len   49.5 (n=1953) | pg -0.013 vf 0.007 kl 0.0131 lr 1.7e-04
[anomaly] it 120: contact force 24760 N > 50x robot weight
it  121 steps  11894784 sps  107,933 | ep_ret   -5.35 ep_len   49.4 (n=1986) | pg -0.015 vf 0.007 kl 0.0166 lr 2.6e-04
[anomaly] it 121: contact force 27540 N > 50x robot weight
it  122 steps  11993088 sps  107,943 | ep_ret   -5.35 ep_len   50.3 (n=1954) | pg -0.016 vf 0.007 kl 0.0161 lr 1.7e-04
[anomaly] it 122: terminal-step reward dominates the episode: survival is being punished
[anomaly] it 122: joint limit violated by 0.05 rad
[anomaly] it 122: contact force 21486 N > 50x robot weight
it  123 steps  12091392 sps  107,950 | ep_ret   -5.33 ep_len   49.7 (n=2009) | pg -0.011 vf 0.007 kl 0.0130 lr 1.1e-04
[anomaly] it 123: joint limit violated by 0.06 rad
[anomaly] it 123: contact force 19393 N > 50x robot weight
it  124 steps  12189696 sps  107,948 | ep_ret   -5.32 ep_len   49.9 (n=1894) | pg -0.014 vf 0.007 kl 0.0138 lr 2.6e-04
[anomaly] it 124: joint limit violated by 0.05 rad
[anomaly] it 124: contact force 19098 N > 50x robot weight
it  125 steps  12288000 sps  107,945 | ep_ret   -5.34 ep_len   50.8 (n=1996) | pg -0.015 vf 0.007 kl 0.0165 lr 2.6e-04
[anomaly] it 125: terminal-step reward dominates the episode: survival is being punished
[anomaly] it 125: contact force 25182 N > 50x robot weight
it  126 steps  12386304 sps  107,935 | ep_ret   -5.33 ep_len   50.4 (n=1897) | pg -0.015 vf 0.007 kl 0.0166 lr 2.6e-04
[anomaly] it 126: terminal-step reward dominates the episode: survival is being punished
[anomaly] it 126: contact force 22877 N > 50x robot weight
it  127 steps  12484608 sps  107,916 | ep_ret   -5.31 ep_len   50.2 (n=1970) | pg -0.015 vf 0.007 kl 0.0167 lr 2.6e-04
[anomaly] it 127: terminal-step reward dominates the episode: survival is being punished
[anomaly] it 127: contact force 20878 N > 50x robot weight
it  128 steps  12582912 sps  107,879 | ep_ret   -5.33 ep_len   51.1 (n=1938) | pg -0.015 vf 0.007 kl 0.0178 lr 2.6e-04
[anomaly] it 128: terminal-step reward dominates the episode: survival is being punished
[anomaly] it 128: contact force 28780 N > 50x robot weight
it  129 steps  12681216 sps  107,847 | ep_ret   -5.32 ep_len   50.9 (n=1908) | pg -0.015 vf 0.007 kl 0.0176 lr 2.6e-04
[anomaly] it 129: terminal-step reward dominates the episode: survival is being punished
[anomaly] it 129: contact force 22533 N > 50x robot weight
it  130 steps  12779520 sps  107,817 | ep_ret   -5.31 ep_len   50.9 (n=1907) | pg -0.015 vf 0.007 kl 0.0173 lr 2.6e-04
[anomaly] it 130: terminal-step reward dominates the episode: survival is being punished
[anomaly] it 130: contact force 23561 N > 50x robot weight
it  131 steps  12877824 sps  107,794 | ep_ret   -5.31 ep_len   51.4 (n=1908) | pg -0.014 vf 0.007 kl 0.0173 lr 1.7e-04
[anomaly] it 131: terminal-step reward dominates the episode: survival is being punished
[anomaly] it 131: contact force 16452 N > 50x robot weight
it  132 steps  12976128 sps  107,760 | ep_ret   -5.32 ep_len   51.8 (n=1880) | pg -0.014 vf 0.007 kl 0.0178 lr 1.7e-04
[anomaly] it 132: terminal-step reward dominates the episode: survival is being punished
[anomaly] it 132: contact force 21549 N > 50x robot weight
it  133 steps  13074432 sps  107,721 | ep_ret   -5.32 ep_len   51.9 (n=1891) | pg -0.014 vf 0.007 kl 0.0177 lr 2.6e-04
[anomaly] it 133: terminal-step reward dominates the episode: survival is being punished
[anomaly] it 133: contact force 23132 N > 50x robot weight
it  134 steps  13172736 sps  107,695 | ep_ret   -5.32 ep_len   52.0 (n=1865) | pg -0.015 vf 0.007 kl 0.0168 lr 1.7e-04
[anomaly] it 134: terminal-step reward dominates the episode: survival is being punished
[anomaly] it 134: contact force 25033 N > 50x robot weight
it  135 steps  13271040 sps  107,688 | ep_ret   -5.31 ep_len   52.2 (n=1927) | pg -0.014 vf 0.007 kl 0.0147 lr 2.6e-04
[anomaly] it 135: terminal-step reward dominates the episode: survival is being punished
[anomaly] it 135: contact force 17769 N > 50x robot weight
it  136 steps  13369344 sps  107,678 | ep_ret   -5.29 ep_len   51.9 (n=1901) | pg -0.014 vf 0.007 kl 0.0171 lr 2.6e-04
[anomaly] it 136: terminal-step reward dominates the episode: survival is being punished
[anomaly] it 136: contact force 21028 N > 50x robot weight
it  137 steps  13467648 sps  107,651 | ep_ret   -5.28 ep_len   51.8 (n=1833) | pg -0.016 vf 0.007 kl 0.0163 lr 1.7e-04
[anomaly] it 137: terminal-step reward dominates the episode: survival is being punished
[anomaly] it 137: contact force 21523 N > 50x robot weight
it  138 steps  13565952 sps  107,630 | ep_ret   -5.28 ep_len   52.3 (n=1897) | pg -0.013 vf 0.007 kl 0.0164 lr 2.6e-04
[anomaly] it 138: terminal-step reward dominates the episode: survival is being punished
[anomaly] it 138: contact force 26661 N > 50x robot weight
it  139 steps  13664256 sps  107,602 | ep_ret   -5.30 ep_len   52.9 (n=1840) | pg -0.014 vf 0.007 kl 0.0161 lr 2.6e-04
[anomaly] it 139: terminal-step reward dominates the episode: survival is being punished
[anomaly] it 139: contact force 22111 N > 50x robot weight
it  140 steps  13762560 sps  107,571 | ep_ret   -5.28 ep_len   52.4 (n=1916) | pg -0.015 vf 0.007 kl 0.0177 lr 1.7e-04
[anomaly] it 140: terminal-step reward dominates the episode: survival is being punished
[anomaly] it 140: contact force 23608 N > 50x robot weight
it  141 steps  13860864 sps  107,540 | ep_ret   -5.27 ep_len   52.2 (n=1832) | pg -0.014 vf 0.007 kl 0.0146 lr 2.6e-04
[anomaly] it 141: terminal-step reward dominates the episode: survival is being punished
[anomaly] it 141: contact force 22245 N > 50x robot weight
it  142 steps  13959168 sps  107,510 | ep_ret   -5.27 ep_len   52.9 (n=1899) | pg -0.015 vf 0.007 kl 0.0169 lr 2.6e-04
[anomaly] it 142: terminal-step reward dominates the episode: survival is being punished
[anomaly] it 142: contact force 18291 N > 50x robot weight
it  143 steps  14057472 sps  107,474 | ep_ret   -5.26 ep_len   52.5 (n=1842) | pg -0.015 vf 0.007 kl 0.0166 lr 2.6e-04
[anomaly] it 143: terminal-step reward dominates the episode: survival is being punished
[anomaly] it 143: contact force 24480 N > 50x robot weight
it  144 steps  14155776 sps  107,437 | ep_ret   -5.26 ep_len   52.9 (n=1878) | pg -0.015 vf 0.007 kl 0.0169 lr 2.6e-04
[anomaly] it 144: terminal-step reward dominates the episode: survival is being punished
[anomaly] it 144: contact force 19351 N > 50x robot weight
it  145 steps  14254080 sps  107,400 | ep_ret   -5.26 ep_len   53.0 (n=1848) | pg -0.015 vf 0.007 kl 0.0170 lr 2.6e-04
[anomaly] it 145: terminal-step reward dominates the episode: survival is being punished
[anomaly] it 145: contact force 21264 N > 50x robot weight
it  146 steps  14352384 sps  107,369 | ep_ret   -5.26 ep_len   53.0 (n=1838) | pg -0.015 vf 0.007 kl 0.0180 lr 2.6e-04
[anomaly] it 146: terminal-step reward dominates the episode: survival is being punished
[anomaly] it 146: contact force 26453 N > 50x robot weight
it  147 steps  14450688 sps  107,337 | ep_ret   -5.25 ep_len   53.2 (n=1845) | pg -0.014 vf 0.007 kl 0.0152 lr 2.6e-04
[anomaly] it 147: terminal-step reward dominates the episode: survival is being punished
[anomaly] it 147: contact force 22317 N > 50x robot weight
it  148 steps  14548992 sps  107,231 | ep_ret   -5.23 ep_len   53.2 (n=1850) | pg -0.016 vf 0.007 kl 0.0171 lr 2.6e-04
[anomaly] it 148: terminal-step reward dominates the episode: survival is being punished
[anomaly] it 148: contact force 23899 N > 50x robot weight
it  149 steps  14647296 sps  107,112 | ep_ret   -5.25 ep_len   53.6 (n=1825) | pg -0.015 vf 0.007 kl 0.0160 lr 2.6e-04
[anomaly] it 149: terminal-step reward dominates the episode: survival is being punished
[anomaly] it 149: contact force 19575 N > 50x robot weight
it  150 steps  14745600 sps  107,005 | ep_ret   -5.24 ep_len   53.7 (n=1853) | pg -0.015 vf 0.007 kl 0.0176 lr 1.7e-04
[anomaly] it 150: terminal-step reward dominates the episode: survival is being punished
[anomaly] it 150: contact force 17607 N > 50x robot weight
it  151 steps  14843904 sps  106,930 | ep_ret   -5.23 ep_len   53.6 (n=1777) | pg -0.011 vf 0.007 kl 0.0144 lr 1.7e-04
[anomaly] it 151: terminal-step reward dominates the episode: survival is being punished
[anomaly] it 151: contact force 24716 N > 50x robot weight
it  152 steps  14942208 sps  106,869 | ep_ret   -5.24 ep_len   53.8 (n=1848) | pg -0.015 vf 0.007 kl 0.0173 lr 1.7e-04
[anomaly] it 152: terminal-step reward dominates the episode: survival is being punished
[anomaly] it 152: contact force 21590 N > 50x robot weight
it  153 steps  15040512 sps  106,811 | ep_ret   -5.23 ep_len   53.9 (n=1831) | pg -0.014 vf 0.007 kl 0.0124 lr 1.7e-04
[anomaly] it 153: terminal-step reward dominates the episode: survival is being punished
[anomaly] it 153: contact force 18794 N > 50x robot weight
it  154 steps  15138816 sps  106,754 | ep_ret   -5.22 ep_len   53.8 (n=1794) | pg -0.013 vf 0.007 kl 0.0130 lr 1.7e-04
[anomaly] it 154: terminal-step reward dominates the episode: survival is being punished
[anomaly] it 154: contact force 24377 N > 50x robot weight
it  155 steps  15237120 sps  106,700 | ep_ret   -5.23 ep_len   54.1 (n=1845) | pg -0.013 vf 0.007 kl 0.0137 lr 1.7e-04
[anomaly] it 155: terminal-step reward dominates the episode: survival is being punished
[anomaly] it 155: contact force 24623 N > 50x robot weight
it  156 steps  15335424 sps  106,647 | ep_ret   -5.22 ep_len   53.9 (n=1863) | pg -0.013 vf 0.007 kl 0.0137 lr 1.7e-04
[anomaly] it 156: terminal-step reward dominates the episode: survival is being punished
[anomaly] it 156: contact force 25109 N > 50x robot weight
it  157 steps  15433728 sps  106,590 | ep_ret   -5.19 ep_len   53.2 (n=1795) | pg -0.014 vf 0.007 kl 0.0151 lr 2.6e-04
[anomaly] it 157: terminal-step reward dominates the episode: survival is being punished
[anomaly] it 157: contact force 16061 N > 50x robot weight
it  158 steps  15532032 sps  106,528 | ep_ret   -5.20 ep_len   53.9 (n=1854) | pg -0.015 vf 0.007 kl 0.0165 lr 2.6e-04
[anomaly] it 158: terminal-step reward dominates the episode: survival is being punished
[anomaly] it 158: joint limit violated by 0.05 rad
[anomaly] it 158: contact force 28926 N > 50x robot weight
it  159 steps  15630336 sps  106,452 | ep_ret   -5.20 ep_len   53.9 (n=1777) | pg -0.015 vf 0.007 kl 0.0177 lr 1.7e-04
[anomaly] it 159: terminal-step reward dominates the episode: survival is being punished
[anomaly] it 159: contact force 23493 N > 50x robot weight
it  160 steps  15728640 sps  106,312 | ep_ret   -5.20 ep_len   53.9 (n=1839) | pg -0.013 vf 0.007 kl 0.0128 lr 1.7e-04
[anomaly] it 160: terminal-step reward dominates the episode: survival is being punished
[anomaly] it 160: contact force 26215 N > 50x robot weight
it  161 steps  15826944 sps  106,196 | ep_ret   -5.21 ep_len   54.5 (n=1777) | pg -0.014 vf 0.007 kl 0.0160 lr 1.7e-04
[anomaly] it 161: terminal-step reward dominates the episode: survival is being punished
[anomaly] it 161: contact force 15873 N > 50x robot weight
it  162 steps  15925248 sps  106,142 | ep_ret   -5.20 ep_len   54.4 (n=1804) | pg -0.013 vf 0.007 kl 0.0142 lr 1.7e-04
[anomaly] it 162: terminal-step reward dominates the episode: survival is being punished
[anomaly] it 162: contact force 24877 N > 50x robot weight
it  163 steps  16023552 sps  106,074 | ep_ret   -5.20 ep_len   54.8 (n=1807) | pg -0.014 vf 0.007 kl 0.0158 lr 2.6e-04
[anomaly] it 163: terminal-step reward dominates the episode: survival is being punished
[anomaly] it 163: contact force 25126 N > 50x robot weight
it  164 steps  16121856 sps  106,025 | ep_ret   -5.21 ep_len   54.9 (n=1802) | pg -0.013 vf 0.007 kl 0.0157 lr 2.6e-04
[anomaly] it 164: terminal-step reward dominates the episode: survival is being punished
[anomaly] it 164: contact force 19523 N > 50x robot weight
it  165 steps  16220160 sps  105,930 | ep_ret   -5.18 ep_len   54.3 (n=1766) | pg -0.015 vf 0.007 kl 0.0153 lr 1.7e-04
[anomaly] it 165: terminal-step reward dominates the episode: survival is being punished
[anomaly] it 165: contact force 21585 N > 50x robot weight
it  166 steps  16318464 sps  105,852 | ep_ret   -5.19 ep_len   54.9 (n=1835) | pg -0.013 vf 0.007 kl 0.0158 lr 2.6e-04
[anomaly] it 166: terminal-step reward dominates the episode: survival is being punished
[anomaly] it 166: contact force 22064 N > 50x robot weight
it  167 steps  16416768 sps  105,756 | ep_ret   -5.19 ep_len   54.9 (n=1761) | pg -0.014 vf 0.007 kl 0.0164 lr 2.6e-04
[anomaly] it 167: terminal-step reward dominates the episode: survival is being punished
[anomaly] it 167: contact force 18613 N > 50x robot weight
it  168 steps  16515072 sps  105,675 | ep_ret   -5.18 ep_len   54.4 (n=1836) | pg -0.015 vf 0.007 kl 0.0171 lr 2.6e-04
[anomaly] it 168: terminal-step reward dominates the episode: survival is being punished
[anomaly] it 168: contact force 20999 N > 50x robot weight
it  169 steps  16613376 sps  105,600 | ep_ret   -5.18 ep_len   54.9 (n=1738) | pg -0.015 vf 0.007 kl 0.0172 lr 2.6e-04
[anomaly] it 169: terminal-step reward dominates the episode: survival is being punished
it  170 steps  16711680 sps  105,539 | ep_ret   -5.17 ep_len   54.5 (n=1884) | pg -0.014 vf 0.007 kl 0.0171 lr 2.6e-04
[anomaly] it 170: terminal-step reward dominates the episode: survival is being punished
[anomaly] it 170: joint limit violated by 0.05 rad
[anomaly] it 170: contact force 18889 N > 50x robot weight
it  171 steps  16809984 sps  105,414 | ep_ret   -5.18 ep_len   54.5 (n=1741) | pg -0.015 vf 0.007 kl 0.0173 lr 1.7e-04
[anomaly] it 171: terminal-step reward dominates the episode: survival is being punished
[anomaly] it 171: contact force 21446 N > 50x robot weight
it  172 steps  16908288 sps  105,311 | ep_ret   -5.17 ep_len   54.7 (n=1828) | pg -0.013 vf 0.007 kl 0.0152 lr 2.6e-04
[anomaly] it 172: terminal-step reward dominates the episode: survival is being punished
[anomaly] it 172: contact force 20147 N > 50x robot weight
it  173 steps  17006592 sps  105,274 | ep_ret   -5.18 ep_len   55.2 (n=1765) | pg -0.015 vf 0.007 kl 0.0171 lr 2.6e-04
[anomaly] it 173: terminal-step reward dominates the episode: survival is being punished
[anomaly] it 173: contact force 20865 N > 50x robot weight
it  174 steps  17104896 sps  105,250 | ep_ret   -5.17 ep_len   55.0 (n=1777) | pg -0.014 vf 0.007 kl 0.0165 lr 2.6e-04
[anomaly] it 174: terminal-step reward dominates the episode: survival is being punished
[anomaly] it 174: contact force 17643 N > 50x robot weight
it  175 steps  17203200 sps  105,201 | ep_ret   -5.18 ep_len   55.4 (n=1749) | pg -0.016 vf 0.007 kl 0.0172 lr 2.6e-04
[anomaly] it 175: terminal-step reward dominates the episode: survival is being punished
[anomaly] it 175: joint limit violated by 0.05 rad
[anomaly] it 175: contact force 19379 N > 50x robot weight
it  176 steps  17301504 sps  105,136 | ep_ret   -5.16 ep_len   54.9 (n=1757) | pg -0.014 vf 0.007 kl 0.0158 lr 2.6e-04
[anomaly] it 176: terminal-step reward dominates the episode: survival is being punished
[anomaly] it 176: joint limit violated by 0.05 rad
[anomaly] it 176: contact force 18495 N > 50x robot weight
it  177 steps  17399808 sps  105,034 | ep_ret   -5.17 ep_len   55.8 (n=1834) | pg -0.014 vf 0.007 kl 0.0162 lr 2.6e-04
[anomaly] it 177: terminal-step reward dominates the episode: survival is being punished
[anomaly] it 177: joint limit violated by 0.05 rad
[anomaly] it 177: contact force 22881 N > 50x robot weight
it  178 steps  17498112 sps  104,895 | ep_ret   -5.16 ep_len   55.0 (n=1761) | pg -0.014 vf 0.007 kl 0.0153 lr 1.7e-04
[anomaly] it 178: terminal-step reward dominates the episode: survival is being punished
[anomaly] it 178: contact force 16092 N > 50x robot weight
it  179 steps  17596416 sps  104,793 | ep_ret   -5.15 ep_len   55.2 (n=1751) | pg -0.013 vf 0.007 kl 0.0155 lr 2.6e-04
[anomaly] it 179: terminal-step reward dominates the episode: survival is being punished
[anomaly] it 179: contact force 22790 N > 50x robot weight
it  180 steps  17694720 sps  104,704 | ep_ret   -5.16 ep_len   55.5 (n=1803) | pg -0.013 vf 0.007 kl 0.0155 lr 2.6e-04
[anomaly] it 180: terminal-step reward dominates the episode: survival is being punished
[anomaly] it 180: joint limit violated by 0.05 rad
[anomaly] it 180: contact force 23577 N > 50x robot weight
it  181 steps  17793024 sps  104,622 | ep_ret   -5.14 ep_len   55.5 (n=1762) | pg -0.016 vf 0.007 kl 0.0177 lr 2.6e-04
[anomaly] it 181: terminal-step reward dominates the episode: survival is being punished
[anomaly] it 181: contact force 20239 N > 50x robot weight
it  182 steps  17891328 sps  104,543 | ep_ret   -5.16 ep_len   55.8 (n=1765) | pg -0.015 vf 0.007 kl 0.0158 lr 2.6e-04
[anomaly] it 182: terminal-step reward dominates the episode: survival is being punished
[anomaly] it 182: contact force 24080 N > 50x robot weight
it  183 steps  17989632 sps  104,485 | ep_ret   -5.15 ep_len   55.3 (n=1760) | pg -0.015 vf 0.007 kl 0.0163 lr 1.7e-04
[anomaly] it 183: terminal-step reward dominates the episode: survival is being punished
[anomaly] it 183: contact force 24287 N > 50x robot weight
it  184 steps  18087936 sps  104,442 | ep_ret   -5.16 ep_len   56.3 (n=1746) | pg -0.013 vf 0.007 kl 0.0158 lr 2.6e-04
[anomaly] it 184: terminal-step reward dominates the episode: survival is being punished
[anomaly] it 184: contact force 19828 N > 50x robot weight
it  185 steps  18186240 sps  104,403 | ep_ret   -5.15 ep_len   56.2 (n=1752) | pg -0.014 vf 0.007 kl 0.0156 lr 2.6e-04
[anomaly] it 185: terminal-step reward dominates the episode: survival is being punished
[anomaly] it 185: contact force 19526 N > 50x robot weight
it  186 steps  18284544 sps  104,360 | ep_ret   -5.14 ep_len   55.8 (n=1764) | pg -0.014 vf 0.007 kl 0.0146 lr 1.7e-04
[anomaly] it 186: terminal-step reward dominates the episode: survival is being punished
[anomaly] it 186: contact force 18153 N > 50x robot weight
it  187 steps  18382848 sps  104,305 | ep_ret   -5.15 ep_len   56.4 (n=1724) | pg -0.012 vf 0.007 kl 0.0142 lr 1.7e-04
[anomaly] it 187: terminal-step reward dominates the episode: survival is being punished
[anomaly] it 187: contact force 23074 N > 50x robot weight
it  188 steps  18481152 sps  104,247 | ep_ret   -5.14 ep_len   56.2 (n=1735) | pg -0.014 vf 0.007 kl 0.0173 lr 1.7e-04
[anomaly] it 188: terminal-step reward dominates the episode: survival is being punished
[anomaly] it 188: contact force 18644 N > 50x robot weight
it  189 steps  18579456 sps  104,194 | ep_ret   -5.17 ep_len   56.9 (n=1716) | pg -0.012 vf 0.007 kl 0.0146 lr 1.7e-04
[anomaly] it 189: terminal-step reward dominates the episode: survival is being punished
[anomaly] it 189: contact force 21862 N > 50x robot weight
it  190 steps  18677760 sps  104,146 | ep_ret   -5.15 ep_len   56.3 (n=1746) | pg -0.013 vf 0.007 kl 0.0150 lr 2.6e-04
[anomaly] it 190: terminal-step reward dominates the episode: survival is being punished
[anomaly] it 190: contact force 23060 N > 50x robot weight
it  191 steps  18776064 sps  104,100 | ep_ret   -5.15 ep_len   57.2 (n=1723) | pg -0.013 vf 0.007 kl 0.0164 lr 1.7e-04
[anomaly] it 191: terminal-step reward dominates the episode: survival is being punished
[anomaly] it 191: joint limit violated by 0.05 rad
[anomaly] it 191: contact force 17230 N > 50x robot weight
it  192 steps  18874368 sps  104,055 | ep_ret   -5.15 ep_len   56.6 (n=1729) | pg -0.014 vf 0.007 kl 0.0160 lr 2.6e-04
[anomaly] it 192: terminal-step reward dominates the episode: survival is being punished
[anomaly] it 192: joint limit violated by 0.05 rad
[anomaly] it 192: contact force 20276 N > 50x robot weight
it  193 steps  18972672 sps  104,012 | ep_ret   -5.15 ep_len   57.1 (n=1742) | pg -0.015 vf 0.008 kl 0.0169 lr 2.6e-04
[anomaly] it 193: terminal-step reward dominates the episode: survival is being punished
[anomaly] it 193: contact force 26064 N > 50x robot weight
it  194 steps  19070976 sps  103,973 | ep_ret   -5.13 ep_len   56.5 (n=1685) | pg -0.015 vf 0.007 kl 0.0167 lr 2.6e-04
[anomaly] it 194: terminal-step reward dominates the episode: survival is being punished
[anomaly] it 194: contact force 18151 N > 50x robot weight
it  195 steps  19169280 sps  103,932 | ep_ret   -5.15 ep_len   57.4 (n=1708) | pg -0.013 vf 0.007 kl 0.0156 lr 2.6e-04
[anomaly] it 195: terminal-step reward dominates the episode: survival is being punished
[anomaly] it 195: contact force 21804 N > 50x robot weight
it  196 steps  19267584 sps  103,870 | ep_ret   -5.15 ep_len   57.3 (n=1732) | pg -0.014 vf 0.007 kl 0.0171 lr 1.7e-04
[anomaly] it 196: terminal-step reward dominates the episode: survival is being punished
[anomaly] it 196: contact force 19791 N > 50x robot weight
it  197 steps  19365888 sps  103,828 | ep_ret   -5.15 ep_len   57.4 (n=1683) | pg -0.014 vf 0.007 kl 0.0151 lr 2.6e-04
[anomaly] it 197: terminal-step reward dominates the episode: survival is being punished
[anomaly] it 197: contact force 19478 N > 50x robot weight
it  198 steps  19464192 sps  103,814 | ep_ret   -5.16 ep_len   57.8 (n=1720) | pg -0.013 vf 0.007 kl 0.0151 lr 2.6e-04
[anomaly] it 198: terminal-step reward dominates the episode: survival is being punished
[anomaly] it 198: contact force 22342 N > 50x robot weight
it  199 steps  19562496 sps  103,782 | ep_ret   -5.17 ep_len   58.4 (n=1681) | pg -0.014 vf 0.007 kl 0.0173 lr 2.6e-04
[anomaly] it 199: terminal-step reward dominates the episode: survival is being punished
[anomaly] it 199: contact force 17287 N > 50x robot weight
it  200 steps  19660800 sps  103,726 | ep_ret   -5.15 ep_len   57.7 (n=1713) | pg -0.015 vf 0.007 kl 0.0170 lr 1.7e-04
[anomaly] it 200: terminal-step reward dominates the episode: survival is being punished
[anomaly] it 200: contact force 17444 N > 50x robot weight
it  201 steps  19759104 sps  103,644 | ep_ret   -5.16 ep_len   58.4 (n=1617) | pg -0.014 vf 0.007 kl 0.0172 lr 2.6e-04
[anomaly] it 201: terminal-step reward dominates the episode: survival is being punished
[anomaly] it 201: joint limit violated by 0.05 rad
[anomaly] it 201: contact force 22387 N > 50x robot weight
it  202 steps  19857408 sps  103,595 | ep_ret   -5.15 ep_len   58.4 (n=1716) | pg -0.011 vf 0.007 kl 0.0163 lr 2.6e-04
[anomaly] it 202: terminal-step reward dominates the episode: survival is being punished
[anomaly] it 202: joint limit violated by 0.05 rad
[anomaly] it 202: contact force 17586 N > 50x robot weight
it  203 steps  19955712 sps  103,566 | ep_ret   -5.17 ep_len   59.2 (n=1628) | pg -0.014 vf 0.007 kl 0.0186 lr 2.6e-04
[anomaly] it 203: terminal-step reward dominates the episode: survival is being punished
[anomaly] it 203: contact force 17948 N > 50x robot weight
it  204 steps  20054016 sps  103,547 | ep_ret   -5.15 ep_len   58.8 (n=1677) | pg -0.012 vf 0.007 kl 0.0172 lr 2.6e-04
[anomaly] it 204: terminal-step reward dominates the episode: survival is being punished
[anomaly] it 204: contact force 20552 N > 50x robot weight
it  205 steps  20152320 sps  103,530 | ep_ret   -5.17 ep_len   59.4 (n=1638) | pg -0.014 vf 0.007 kl 0.0170 lr 2.6e-04
[anomaly] it 205: terminal-step reward dominates the episode: survival is being punished
[anomaly] it 205: contact force 17279 N > 50x robot weight
it  206 steps  20250624 sps  103,503 | ep_ret   -5.16 ep_len   59.1 (n=1680) | pg -0.015 vf 0.008 kl 0.0174 lr 2.6e-04
[anomaly] it 206: terminal-step reward dominates the episode: survival is being punished
[anomaly] it 206: contact force 26594 N > 50x robot weight
it  207 steps  20348928 sps  103,478 | ep_ret   -5.17 ep_len   59.8 (n=1624) | pg -0.014 vf 0.008 kl 0.0178 lr 2.6e-04
[anomaly] it 207: terminal-step reward dominates the episode: survival is being punished
[anomaly] it 207: joint limit violated by 0.05 rad
[anomaly] it 207: contact force 19162 N > 50x robot weight
it  208 steps  20447232 sps  103,450 | ep_ret   -5.16 ep_len   59.3 (n=1613) | pg -0.014 vf 0.008 kl 0.0167 lr 2.6e-04
[anomaly] it 208: terminal-step reward dominates the episode: survival is being punished
[anomaly] it 208: contact force 18464 N > 50x robot weight
it  209 steps  20545536 sps  103,429 | ep_ret   -5.19 ep_len   60.6 (n=1637) | pg -0.012 vf 0.008 kl 0.0152 lr 2.6e-04
[anomaly] it 209: terminal-step reward dominates the episode: survival is being punished
[anomaly] it 209: contact force 18603 N > 50x robot weight
it  210 steps  20643840 sps  103,411 | ep_ret   -5.19 ep_len   60.5 (n=1537) | pg -0.013 vf 0.008 kl 0.0172 lr 2.6e-04
[anomaly] it 210: terminal-step reward dominates the episode: survival is being punished
[anomaly] it 210: joint limit violated by 0.05 rad
[anomaly] it 210: contact force 21671 N > 50x robot weight
it  211 steps  20742144 sps  103,396 | ep_ret   -5.20 ep_len   61.7 (n=1696) | pg -0.013 vf 0.008 kl 0.0153 lr 2.6e-04
[anomaly] it 211: terminal-step reward dominates the episode: survival is being punished
[anomaly] it 211: contact force 18448 N > 50x robot weight
it  212 steps  20840448 sps  103,388 | ep_ret   -5.20 ep_len   61.6 (n=1558) | pg -0.014 vf 0.008 kl 0.0166 lr 2.6e-04
[anomaly] it 212: terminal-step reward dominates the episode: survival is being punished
[anomaly] it 212: joint limit violated by 0.05 rad
[anomaly] it 212: contact force 18802 N > 50x robot weight
it  213 steps  20938752 sps  103,379 | ep_ret   -5.18 ep_len   60.9 (n=1567) | pg -0.014 vf 0.009 kl 0.0179 lr 2.6e-04
[anomaly] it 213: terminal-step reward dominates the episode: survival is being punished
[anomaly] it 213: contact force 17364 N > 50x robot weight
it  214 steps  21037056 sps  103,377 | ep_ret   -5.21 ep_len   62.3 (n=1558) | pg -0.013 vf 0.008 kl 0.0170 lr 2.6e-04
[anomaly] it 214: terminal-step reward dominates the episode: survival is being punished
[anomaly] it 214: contact force 24757 N > 50x robot weight
it  215 steps  21135360 sps  103,372 | ep_ret   -5.22 ep_len   62.8 (n=1554) | pg -0.013 vf 0.008 kl 0.0162 lr 2.6e-04
[anomaly] it 215: terminal-step reward dominates the episode: survival is being punished
[anomaly] it 215: contact force 17845 N > 50x robot weight
it  216 steps  21233664 sps  103,363 | ep_ret   -5.21 ep_len   62.5 (n=1586) | pg -0.014 vf 0.008 kl 0.0164 lr 1.7e-04
[anomaly] it 216: terminal-step reward dominates the episode: survival is being punished
[anomaly] it 216: joint limit violated by 0.05 rad
[anomaly] it 216: contact force 17495 N > 50x robot weight
it  217 steps  21331968 sps  103,353 | ep_ret   -5.22 ep_len   63.3 (n=1506) | pg -0.014 vf 0.008 kl 0.0159 lr 2.6e-04
[anomaly] it 217: terminal-step reward dominates the episode: survival is being punished
[anomaly] it 217: contact force 18619 N > 50x robot weight
it  218 steps  21430272 sps  103,342 | ep_ret   -5.23 ep_len   63.8 (n=1568) | pg -0.013 vf 0.009 kl 0.0171 lr 2.6e-04
[anomaly] it 218: terminal-step reward dominates the episode: survival is being punished
[anomaly] it 218: contact force 23008 N > 50x robot weight
it  219 steps  21528576 sps  103,332 | ep_ret   -5.21 ep_len   63.6 (n=1544) | pg -0.011 vf 0.008 kl 0.0148 lr 2.6e-04
[anomaly] it 219: terminal-step reward dominates the episode: survival is being punished
[anomaly] it 219: contact force 22257 N > 50x robot weight
it  220 steps  21626880 sps  103,324 | ep_ret   -5.20 ep_len   63.3 (n=1522) | pg -0.013 vf 0.008 kl 0.0158 lr 2.6e-04
[anomaly] it 220: terminal-step reward dominates the episode: survival is being punished
[anomaly] it 220: contact force 20067 N > 50x robot weight
it  221 steps  21725184 sps  103,317 | ep_ret   -5.21 ep_len   63.7 (n=1572) | pg -0.015 vf 0.009 kl 0.0158 lr 2.6e-04
[anomaly] it 221: terminal-step reward dominates the episode: survival is being punished
[anomaly] it 221: contact force 19416 N > 50x robot weight
it  222 steps  21823488 sps  103,308 | ep_ret   -5.22 ep_len   64.0 (n=1488) | pg -0.014 vf 0.009 kl 0.0151 lr 2.6e-04
[anomaly] it 222: terminal-step reward dominates the episode: survival is being punished
it  223 steps  21921792 sps  103,305 | ep_ret   -5.24 ep_len   64.7 (n=1494) | pg -0.013 vf 0.009 kl 0.0160 lr 1.7e-04
[anomaly] it 223: terminal-step reward dominates the episode: survival is being punished
[anomaly] it 223: contact force 18035 N > 50x robot weight
it  224 steps  22020096 sps  103,304 | ep_ret   -5.24 ep_len   65.2 (n=1544) | pg -0.013 vf 0.009 kl 0.0154 lr 1.7e-04
[anomaly] it 224: terminal-step reward dominates the episode: survival is being punished
[anomaly] it 224: contact force 19247 N > 50x robot weight
it  225 steps  22118400 sps  103,295 | ep_ret   -5.22 ep_len   65.1 (n=1442) | pg -0.012 vf 0.009 kl 0.0161 lr 2.6e-04
[anomaly] it 225: terminal-step reward dominates the episode: survival is being punished
[anomaly] it 225: contact force 18415 N > 50x robot weight
it  226 steps  22216704 sps  103,284 | ep_ret   -5.24 ep_len   65.7 (n=1486) | pg -0.012 vf 0.009 kl 0.0169 lr 2.6e-04
[anomaly] it 226: terminal-step reward dominates the episode: survival is being punished
[anomaly] it 226: contact force 25121 N > 50x robot weight
it  227 steps  22315008 sps  103,277 | ep_ret   -5.25 ep_len   66.4 (n=1462) | pg -0.015 vf 0.009 kl 0.0171 lr 1.7e-04
[anomaly] it 227: terminal-step reward dominates the episode: survival is being punished
[anomaly] it 227: contact force 21823 N > 50x robot weight
it  228 steps  22413312 sps  103,273 | ep_ret   -5.25 ep_len   67.0 (n=1470) | pg -0.012 vf 0.009 kl 0.0151 lr 2.6e-04
[anomaly] it 228: terminal-step reward dominates the episode: survival is being punished
[anomaly] it 228: joint limit violated by 0.05 rad
[anomaly] it 228: contact force 17758 N > 50x robot weight
it  229 steps  22511616 sps  103,266 | ep_ret   -5.24 ep_len   66.4 (n=1464) | pg -0.014 vf 0.009 kl 0.0145 lr 1.7e-04
[anomaly] it 229: terminal-step reward dominates the episode: survival is being punished
[anomaly] it 229: contact force 21007 N > 50x robot weight
it  230 steps  22609920 sps  103,265 | ep_ret   -5.25 ep_len   67.4 (n=1470) | pg -0.014 vf 0.009 kl 0.0170 lr 2.6e-04
[anomaly] it 230: terminal-step reward dominates the episode: survival is being punished
[anomaly] it 230: contact force 24012 N > 50x robot weight
it  231 steps  22708224 sps  103,256 | ep_ret   -5.24 ep_len   66.7 (n=1412) | pg -0.013 vf 0.009 kl 0.0153 lr 1.7e-04
[anomaly] it 231: terminal-step reward dominates the episode: survival is being punished
[anomaly] it 231: contact force 24212 N > 50x robot weight
it  232 steps  22806528 sps  103,244 | ep_ret   -5.27 ep_len   68.1 (n=1450) | pg -0.013 vf 0.009 kl 0.0159 lr 2.6e-04
[anomaly] it 232: terminal-step reward dominates the episode: survival is being punished
[anomaly] it 232: contact force 20487 N > 50x robot weight
it  233 steps  22904832 sps  103,233 | ep_ret   -5.26 ep_len   68.2 (n=1444) | pg -0.011 vf 0.009 kl 0.0158 lr 2.6e-04
[anomaly] it 233: terminal-step reward dominates the episode: survival is being punished
[anomaly] it 233: joint limit violated by 0.05 rad
[anomaly] it 233: contact force 20038 N > 50x robot weight
it  234 steps  23003136 sps  103,222 | ep_ret   -5.26 ep_len   68.5 (n=1408) | pg -0.014 vf 0.010 kl 0.0173 lr 1.7e-04
[anomaly] it 234: terminal-step reward dominates the episode: survival is being punished
[anomaly] it 234: contact force 18919 N > 50x robot weight
it  235 steps  23101440 sps  103,213 | ep_ret   -5.26 ep_len   68.1 (n=1465) | pg -0.014 vf 0.010 kl 0.0143 lr 1.7e-04
[anomaly] it 235: terminal-step reward dominates the episode: survival is being punished
[anomaly] it 235: contact force 22355 N > 50x robot weight
it  236 steps  23199744 sps  103,208 | ep_ret   -5.25 ep_len   68.7 (n=1384) | pg -0.012 vf 0.010 kl 0.0168 lr 2.6e-04
[anomaly] it 236: terminal-step reward dominates the episode: survival is being punished
[anomaly] it 236: contact force 18545 N > 50x robot weight
it  237 steps  23298048 sps  103,207 | ep_ret   -5.27 ep_len   69.4 (n=1417) | pg -0.012 vf 0.010 kl 0.0149 lr 2.6e-04
[anomaly] it 237: terminal-step reward dominates the episode: survival is being punished
[anomaly] it 237: contact force 24635 N > 50x robot weight
it  238 steps  23396352 sps  103,208 | ep_ret   -5.27 ep_len   69.0 (n=1443) | pg -0.012 vf 0.010 kl 0.0159 lr 2.6e-04
[anomaly] it 238: terminal-step reward dominates the episode: survival is being punished
[anomaly] it 238: contact force 15914 N > 50x robot weight
it  239 steps  23494656 sps  103,211 | ep_ret   -5.26 ep_len   69.7 (n=1323) | pg -0.012 vf 0.011 kl 0.0161 lr 1.7e-04
[anomaly] it 239: terminal-step reward dominates the episode: survival is being punished
[anomaly] it 239: contact force 18984 N > 50x robot weight
it  240 steps  23592960 sps  103,212 | ep_ret   -5.28 ep_len   70.3 (n=1366) | pg -0.014 vf 0.010 kl 0.0154 lr 1.7e-04
[anomaly] it 240: terminal-step reward dominates the episode: survival is being punished
[anomaly] it 240: contact force 19991 N > 50x robot weight
it  241 steps  23691264 sps  103,214 | ep_ret   -5.29 ep_len   71.5 (n=1411) | pg -0.013 vf 0.010 kl 0.0135 lr 2.6e-04
[anomaly] it 241: terminal-step reward dominates the episode: survival is being punished
[anomaly] it 241: contact force 21616 N > 50x robot weight
it  242 steps  23789568 sps  103,216 | ep_ret   -5.31 ep_len   71.8 (n=1288) | pg -0.012 vf 0.010 kl 0.0159 lr 2.6e-04
[anomaly] it 242: terminal-step reward dominates the episode: survival is being punished
[anomaly] it 242: contact force 22187 N > 50x robot weight
it  243 steps  23887872 sps  103,224 | ep_ret   -5.33 ep_len   72.6 (n=1364) | pg -0.011 vf 0.010 kl 0.0163 lr 2.6e-04
[anomaly] it 243: terminal-step reward dominates the episode: survival is being punished
[anomaly] it 243: contact force 25002 N > 50x robot weight
it  244 steps  23986176 sps  103,233 | ep_ret   -5.32 ep_len   72.6 (n=1317) | pg -0.014 vf 0.011 kl 0.0162 lr 1.7e-04
[anomaly] it 244: terminal-step reward dominates the episode: survival is being punished
[anomaly] it 244: returns fall as episodes lengthen (corr -0.64): the reward punishes survival
[anomaly] it 244: contact force 17303 N > 50x robot weight
it  245 steps  24084480 sps  103,243 | ep_ret   -5.33 ep_len   73.8 (n=1344) | pg -0.014 vf 0.011 kl 0.0140 lr 2.6e-04
[anomaly] it 245: terminal-step reward dominates the episode: survival is being punished
[anomaly] it 245: returns fall as episodes lengthen (corr -0.69): the reward punishes survival
[anomaly] it 245: contact force 27245 N > 50x robot weight
it  246 steps  24182784 sps  103,252 | ep_ret   -5.31 ep_len   73.3 (n=1316) | pg -0.012 vf 0.011 kl 0.0154 lr 1.1e-04
[anomaly] it 246: terminal-step reward dominates the episode: survival is being punished
[anomaly] it 246: returns fall as episodes lengthen (corr -0.73): the reward punishes survival
[anomaly] it 246: contact force 20325 N > 50x robot weight
it  247 steps  24281088 sps  103,255 | ep_ret   -5.31 ep_len   73.6 (n=1318) | pg -0.013 vf 0.010 kl 0.0124 lr 1.7e-04
[anomaly] it 247: terminal-step reward dominates the episode: survival is being punished
[anomaly] it 247: returns fall as episodes lengthen (corr -0.76): the reward punishes survival
[anomaly] it 247: contact force 16114 N > 50x robot weight
it  248 steps  24379392 sps  103,243 | ep_ret   -5.35 ep_len   75.2 (n=1317) | pg -0.014 vf 0.011 kl 0.0146 lr 2.6e-04
[anomaly] it 248: terminal-step reward dominates the episode: survival is being punished
[anomaly] it 248: returns fall as episodes lengthen (corr -0.79): the reward punishes survival
[anomaly] it 248: contact force 20594 N > 50x robot weight
it  249 steps  24477696 sps  103,225 | ep_ret   -5.32 ep_len   74.1 (n=1320) | pg -0.013 vf 0.011 kl 0.0162 lr 1.7e-04
[anomaly] it 249: terminal-step reward dominates the episode: survival is being punished
[anomaly] it 249: returns fall as episodes lengthen (corr -0.81): the reward punishes survival
[anomaly] it 249: contact force 22424 N > 50x robot weight
it  250 steps  24576000 sps  103,233 | ep_ret   -5.32 ep_len   74.1 (n=1306) | pg -0.014 vf 0.011 kl 0.0155 lr 2.6e-04
[anomaly] it 250: terminal-step reward dominates the episode: survival is being punished
[anomaly] it 250: returns fall as episodes lengthen (corr -0.84): the reward punishes survival
[anomaly] it 250: contact force 20072 N > 50x robot weight
it  251 steps  24674304 sps  103,245 | ep_ret   -5.32 ep_len   74.4 (n=1312) | pg -0.014 vf 0.011 kl 0.0174 lr 2.6e-04
[anomaly] it 251: terminal-step reward dominates the episode: survival is being punished
[anomaly] it 251: returns fall as episodes lengthen (corr -0.85): the reward punishes survival
it  252 steps  24772608 sps  103,243 | ep_ret   -5.33 ep_len   75.3 (n=1263) | pg -0.014 vf 0.012 kl 0.0177 lr 2.6e-04
[anomaly] it 252: terminal-step reward dominates the episode: survival is being punished
[anomaly] it 252: returns fall as episodes lengthen (corr -0.87): the reward punishes survival
[anomaly] it 252: contact force 21366 N > 50x robot weight
it  253 steps  24870912 sps  103,253 | ep_ret   -5.31 ep_len   75.0 (n=1288) | pg -0.012 vf 0.012 kl 0.0177 lr 2.6e-04
[anomaly] it 253: terminal-step reward dominates the episode: survival is being punished
[anomaly] it 253: returns fall as episodes lengthen (corr -0.89): the reward punishes survival
[anomaly] it 253: contact force 16584 N > 50x robot weight
it  254 steps  24969216 sps  103,239 | ep_ret   -5.34 ep_len   75.9 (n=1295) | pg -0.013 vf 0.012 kl 0.0153 lr 1.7e-04
[anomaly] it 254: terminal-step reward dominates the episode: survival is being punished
[anomaly] it 254: returns fall as episodes lengthen (corr -0.90): the reward punishes survival
[anomaly] it 254: contact force 22767 N > 50x robot weight
it  255 steps  25067520 sps  103,235 | ep_ret   -5.34 ep_len   76.3 (n=1239) | pg -0.012 vf 0.012 kl 0.0146 lr 2.6e-04
[anomaly] it 255: terminal-step reward dominates the episode: survival is being punished
[anomaly] it 255: returns fall as episodes lengthen (corr -0.91): the reward punishes survival
[anomaly] it 255: contact force 19197 N > 50x robot weight
it  256 steps  25165824 sps  103,244 | ep_ret   -5.36 ep_len   77.5 (n=1252) | pg -0.013 vf 0.012 kl 0.0154 lr 1.7e-04
[anomaly] it 256: terminal-step reward dominates the episode: survival is being punished
[anomaly] it 256: returns fall as episodes lengthen (corr -0.93): the reward punishes survival
[anomaly] it 256: contact force 18182 N > 50x robot weight
it  257 steps  25264128 sps  103,244 | ep_ret   -5.38 ep_len   78.4 (n=1241) | pg -0.013 vf 0.013 kl 0.0147 lr 1.7e-04
[anomaly] it 257: terminal-step reward dominates the episode: survival is being punished
[anomaly] it 257: returns fall as episodes lengthen (corr -0.93): the reward punishes survival
[anomaly] it 257: contact force 23813 N > 50x robot weight
it  258 steps  25362432 sps  103,255 | ep_ret   -5.38 ep_len   78.3 (n=1211) | pg -0.011 vf 0.013 kl 0.0141 lr 1.7e-04
[anomaly] it 258: terminal-step reward dominates the episode: survival is being punished
[anomaly] it 258: returns fall as episodes lengthen (corr -0.94): the reward punishes survival
[anomaly] it 258: contact force 19970 N > 50x robot weight
it  259 steps  25460736 sps  103,268 | ep_ret   -5.41 ep_len   80.1 (n=1245) | pg -0.012 vf 0.013 kl 0.0143 lr 2.6e-04
[anomaly] it 259: terminal-step reward dominates the episode: survival is being punished
[anomaly] it 259: returns fall as episodes lengthen (corr -0.95): the reward punishes survival
[anomaly] it 259: contact force 17318 N > 50x robot weight
it  260 steps  25559040 sps  103,265 | ep_ret   -5.39 ep_len   79.1 (n=1201) | pg -0.014 vf 0.013 kl 0.0149 lr 1.7e-04
[anomaly] it 260: terminal-step reward dominates the episode: survival is being punished
[anomaly] it 260: returns fall as episodes lengthen (corr -0.95): the reward punishes survival
[anomaly] it 260: contact force 20950 N > 50x robot weight
it  261 steps  25657344 sps  103,268 | ep_ret   -5.39 ep_len   79.4 (n=1206) | pg -0.010 vf 0.014 kl 0.0120 lr 1.1e-04
[anomaly] it 261: terminal-step reward dominates the episode: survival is being punished
[anomaly] it 261: returns fall as episodes lengthen (corr -0.96): the reward punishes survival
[anomaly] it 261: contact force 16388 N > 50x robot weight
it  262 steps  25755648 sps  103,279 | ep_ret   -5.38 ep_len   79.1 (n=1228) | pg -0.012 vf 0.014 kl 0.0149 lr 1.7e-04
[anomaly] it 262: terminal-step reward dominates the episode: survival is being punished
[anomaly] it 262: returns fall as episodes lengthen (corr -0.96): the reward punishes survival
[anomaly] it 262: contact force 18352 N > 50x robot weight
it  263 steps  25853952 sps  103,286 | ep_ret   -5.41 ep_len   80.6 (n=1205) | pg -0.013 vf 0.014 kl 0.0150 lr 1.7e-04
[anomaly] it 263: terminal-step reward dominates the episode: survival is being punished
[anomaly] it 263: returns fall as episodes lengthen (corr -0.97): the reward punishes survival
[anomaly] it 263: contact force 23239 N > 50x robot weight
it  264 steps  25952256 sps  103,285 | ep_ret   -5.44 ep_len   81.7 (n=1159) | pg -0.013 vf 0.014 kl 0.0153 lr 1.1e-04
[anomaly] it 264: terminal-step reward dominates the episode: survival is being punished
[anomaly] it 264: returns fall as episodes lengthen (corr -0.97): the reward punishes survival
[anomaly] it 264: contact force 19371 N > 50x robot weight
it  265 steps  26050560 sps  103,279 | ep_ret   -5.42 ep_len   82.3 (n=1218) | pg -0.009 vf 0.014 kl 0.0131 lr 1.1e-04
[anomaly] it 265: terminal-step reward dominates the episode: survival is being punished
[anomaly] it 265: returns fall as episodes lengthen (corr -0.97): the reward punishes survival
[anomaly] it 265: contact force 21236 N > 50x robot weight
it  266 steps  26148864 sps  103,274 | ep_ret   -5.43 ep_len   81.6 (n=1136) | pg -0.009 vf 0.015 kl 0.0135 lr 1.7e-04
[anomaly] it 266: terminal-step reward dominates the episode: survival is being punished
[anomaly] it 266: returns fall as episodes lengthen (corr -0.98): the reward punishes survival
it  267 steps  26247168 sps  103,277 | ep_ret   -5.45 ep_len   82.4 (n=1167) | pg -0.014 vf 0.015 kl 0.0165 lr 2.6e-04
[anomaly] it 267: terminal-step reward dominates the episode: survival is being punished
[anomaly] it 267: returns fall as episodes lengthen (corr -0.98): the reward punishes survival
it  268 steps  26345472 sps  103,281 | ep_ret   -5.43 ep_len   81.8 (n=1134) | pg -0.011 vf 0.015 kl 0.0159 lr 2.6e-04
[anomaly] it 268: terminal-step reward dominates the episode: survival is being punished
[anomaly] it 268: returns fall as episodes lengthen (corr -0.98): the reward punishes survival
[anomaly] it 268: contact force 17213 N > 50x robot weight
it  269 steps  26443776 sps  103,287 | ep_ret   -5.48 ep_len   83.9 (n=1177) | pg -0.011 vf 0.015 kl 0.0158 lr 2.6e-04
[anomaly] it 269: terminal-step reward dominates the episode: survival is being punished
[anomaly] it 269: returns fall as episodes lengthen (corr -0.98): the reward punishes survival
[anomaly] it 269: contact force 19210 N > 50x robot weight
it  270 steps  26542080 sps  103,288 | ep_ret   -5.46 ep_len   83.7 (n=1174) | pg -0.014 vf 0.015 kl 0.0158 lr 2.6e-04
[anomaly] it 270: terminal-step reward dominates the episode: survival is being punished
[anomaly] it 270: returns fall as episodes lengthen (corr -0.98): the reward punishes survival
[anomaly] it 270: contact force 26110 N > 50x robot weight
it  271 steps  26640384 sps  103,289 | ep_ret   -5.46 ep_len   83.8 (n=1125) | pg -0.012 vf 0.015 kl 0.0157 lr 2.6e-04
[anomaly] it 271: terminal-step reward dominates the episode: survival is being punished
[anomaly] it 271: returns fall as episodes lengthen (corr -0.98): the reward punishes survival
it  272 steps  26738688 sps  103,288 | ep_ret   -5.45 ep_len   83.0 (n=1126) | pg -0.012 vf 0.015 kl 0.0129 lr 1.1e-04
[anomaly] it 272: terminal-step reward dominates the episode: survival is being punished
[anomaly] it 272: returns fall as episodes lengthen (corr -0.99): the reward punishes survival
[anomaly] it 272: contact force 17181 N > 50x robot weight
it  273 steps  26836992 sps  103,288 | ep_ret   -5.50 ep_len   85.4 (n=1126) | pg -0.011 vf 0.016 kl 0.0137 lr 1.7e-04
[anomaly] it 273: terminal-step reward dominates the episode: survival is being punished
[anomaly] it 273: returns fall as episodes lengthen (corr -0.99): the reward punishes survival
[anomaly] it 273: joint limit violated by 0.05 rad
it  274 steps  26935296 sps  103,291 | ep_ret   -5.48 ep_len   85.7 (n=1110) | pg -0.009 vf 0.016 kl 0.0132 lr 1.7e-04
[anomaly] it 274: terminal-step reward dominates the episode: survival is being punished
[anomaly] it 274: returns fall as episodes lengthen (corr -0.99): the reward punishes survival
[anomaly] it 274: contact force 16999 N > 50x robot weight
it  275 steps  27033600 sps  103,295 | ep_ret   -5.49 ep_len   85.6 (n=1115) | pg -0.013 vf 0.016 kl 0.0162 lr 2.6e-04
[anomaly] it 275: terminal-step reward dominates the episode: survival is being punished
[anomaly] it 275: returns fall as episodes lengthen (corr -0.99): the reward punishes survival
[anomaly] it 275: contact force 17079 N > 50x robot weight
it  276 steps  27131904 sps  103,298 | ep_ret   -5.54 ep_len   87.0 (n=1103) | pg -0.012 vf 0.017 kl 0.0148 lr 1.7e-04
[anomaly] it 276: terminal-step reward dominates the episode: survival is being punished
[anomaly] it 276: returns fall as episodes lengthen (corr -0.99): the reward punishes survival
[anomaly] it 276: contact force 16182 N > 50x robot weight
it  277 steps  27230208 sps  103,302 | ep_ret   -5.54 ep_len   87.4 (n=1038) | pg -0.011 vf 0.017 kl 0.0148 lr 1.7e-04
[anomaly] it 277: terminal-step reward dominates the episode: survival is being punished
[anomaly] it 277: returns fall as episodes lengthen (corr -0.99): the reward punishes survival
[anomaly] it 277: contact force 16545 N > 50x robot weight
it  278 steps  27328512 sps  103,303 | ep_ret   -5.58 ep_len   90.1 (n=1070) | pg -0.013 vf 0.017 kl 0.0143 lr 1.7e-04
[anomaly] it 278: terminal-step reward dominates the episode: survival is being punished
[anomaly] it 278: returns fall as episodes lengthen (corr -0.99): the reward punishes survival
[anomaly] it 278: contact force 23515 N > 50x robot weight
it  279 steps  27426816 sps  103,298 | ep_ret   -5.61 ep_len   90.7 (n=1075) | pg -0.013 vf 0.017 kl 0.0159 lr 1.7e-04
[anomaly] it 279: terminal-step reward dominates the episode: survival is being punished
[anomaly] it 279: returns fall as episodes lengthen (corr -0.99): the reward punishes survival
[anomaly] it 279: contact force 16952 N > 50x robot weight
it  280 steps  27525120 sps  103,296 | ep_ret   -5.60 ep_len   89.2 (n=1081) | pg -0.006 vf 0.018 kl 0.0142 lr 1.7e-04
[anomaly] it 280: terminal-step reward dominates the episode: survival is being punished
[anomaly] it 280: returns fall as episodes lengthen (corr -0.99): the reward punishes survival
[anomaly] it 280: contact force 20474 N > 50x robot weight
it  281 steps  27623424 sps  103,300 | ep_ret   -5.62 ep_len   91.1 (n=1044) | pg -0.010 vf 0.018 kl 0.0161 lr 1.7e-04
[anomaly] it 281: terminal-step reward dominates the episode: survival is being punished
[anomaly] it 281: returns fall as episodes lengthen (corr -0.98): the reward punishes survival
[anomaly] it 281: contact force 21438 N > 50x robot weight
it  282 steps  27721728 sps  103,305 | ep_ret   -5.63 ep_len   90.4 (n=1054) | pg -0.013 vf 0.018 kl 0.0151 lr 1.7e-04
[anomaly] it 282: terminal-step reward dominates the episode: survival is being punished
[anomaly] it 282: returns fall as episodes lengthen (corr -0.98): the reward punishes survival
[anomaly] it 282: contact force 18633 N > 50x robot weight
it  283 steps  27820032 sps  103,312 | ep_ret   -5.65 ep_len   92.9 (n=1007) | pg -0.014 vf 0.019 kl 0.0165 lr 2.6e-04
[anomaly] it 283: terminal-step reward dominates the episode: survival is being punished
[anomaly] it 283: returns fall as episodes lengthen (corr -0.98): the reward punishes survival
[anomaly] it 283: contact force 19405 N > 50x robot weight
it  284 steps  27918336 sps  103,319 | ep_ret   -5.64 ep_len   91.6 (n=1002) | pg -0.007 vf 0.019 kl 0.0140 lr 1.7e-04
[anomaly] it 284: terminal-step reward dominates the episode: survival is being punished
[anomaly] it 284: returns fall as episodes lengthen (corr -0.98): the reward punishes survival
[anomaly] it 284: contact force 22360 N > 50x robot weight
it  285 steps  28016640 sps  103,325 | ep_ret   -5.71 ep_len   95.8 (n=1062) | pg -0.013 vf 0.019 kl 0.0146 lr 2.6e-04
[anomaly] it 285: terminal-step reward dominates the episode: survival is being punished
[anomaly] it 285: returns fall as episodes lengthen (corr -0.98): the reward punishes survival
[anomaly] it 285: contact force 17595 N > 50x robot weight
it  286 steps  28114944 sps  103,331 | ep_ret   -5.71 ep_len   94.2 (n=1018) | pg -0.010 vf 0.020 kl 0.0170 lr 2.6e-04
[anomaly] it 286: terminal-step reward dominates the episode: survival is being punished
[anomaly] it 286: returns fall as episodes lengthen (corr -0.98): the reward punishes survival
[anomaly] it 286: contact force 23679 N > 50x robot weight
it  287 steps  28213248 sps  103,337 | ep_ret   -5.71 ep_len   94.4 (n=982) | pg -0.013 vf 0.019 kl 0.0170 lr 2.6e-04
[anomaly] it 287: terminal-step reward dominates the episode: survival is being punished
[anomaly] it 287: returns fall as episodes lengthen (corr -0.98): the reward punishes survival
[anomaly] it 287: contact force 19592 N > 50x robot weight
it  288 steps  28311552 sps  103,345 | ep_ret   -5.67 ep_len   94.0 (n=1008) | pg -0.011 vf 0.020 kl 0.0129 lr 1.7e-04
[anomaly] it 288: terminal-step reward dominates the episode: survival is being punished
[anomaly] it 288: returns fall as episodes lengthen (corr -0.98): the reward punishes survival
[anomaly] it 288: contact force 18410 N > 50x robot weight
it  289 steps  28409856 sps  103,351 | ep_ret   -5.71 ep_len   93.2 (n=963) | pg -0.012 vf 0.020 kl 0.0165 lr 2.6e-04
[anomaly] it 289: terminal-step reward dominates the episode: survival is being punished
[anomaly] it 289: returns fall as episodes lengthen (corr -0.98): the reward punishes survival
[anomaly] it 289: contact force 17870 N > 50x robot weight
it  290 steps  28508160 sps  103,359 | ep_ret   -5.73 ep_len   96.9 (n=999) | pg -0.010 vf 0.020 kl 0.0161 lr 1.7e-04
[anomaly] it 290: terminal-step reward dominates the episode: survival is being punished
[anomaly] it 290: returns fall as episodes lengthen (corr -0.98): the reward punishes survival
[anomaly] it 290: contact force 22630 N > 50x robot weight
it  291 steps  28606464 sps  103,367 | ep_ret   -5.77 ep_len   98.7 (n=950) | pg -0.014 vf 0.021 kl 0.0161 lr 1.7e-04
[anomaly] it 291: terminal-step reward dominates the episode: survival is being punished
[anomaly] it 291: returns fall as episodes lengthen (corr -0.98): the reward punishes survival
[anomaly] it 291: joint limit violated by 0.05 rad
it  292 steps  28704768 sps  103,375 | ep_ret   -5.78 ep_len   96.7 (n=986) | pg -0.012 vf 0.021 kl 0.0162 lr 2.6e-04
[anomaly] it 292: terminal-step reward dominates the episode: survival is being punished
[anomaly] it 292: returns fall as episodes lengthen (corr -0.98): the reward punishes survival
[anomaly] it 292: contact force 19086 N > 50x robot weight
it  293 steps  28803072 sps  103,382 | ep_ret   -5.81 ep_len   99.7 (n=1000) | pg -0.013 vf 0.021 kl 0.0136 lr 1.7e-04
[anomaly] it 293: terminal-step reward dominates the episode: survival is being punished
[anomaly] it 293: returns fall as episodes lengthen (corr -0.98): the reward punishes survival
[anomaly] it 293: joint limit violated by 0.05 rad
[anomaly] it 293: contact force 22279 N > 50x robot weight
it  294 steps  28901376 sps  103,390 | ep_ret   -5.80 ep_len   99.9 (n=904) | pg -0.011 vf 0.022 kl 0.0151 lr 1.7e-04
[anomaly] it 294: terminal-step reward dominates the episode: survival is being punished
[anomaly] it 294: returns fall as episodes lengthen (corr -0.98): the reward punishes survival
it  295 steps  28999680 sps  103,398 | ep_ret   -5.85 ep_len  101.6 (n=961) | pg -0.010 vf 0.021 kl 0.0172 lr 2.6e-04
[anomaly] it 295: terminal-step reward dominates the episode: survival is being punished
[anomaly] it 295: returns fall as episodes lengthen (corr -0.98): the reward punishes survival
[anomaly] it 295: contact force 23570 N > 50x robot weight
it  296 steps  29097984 sps  103,405 | ep_ret   -5.86 ep_len  101.7 (n=1006) | pg -0.011 vf 0.021 kl 0.0144 lr 1.7e-04
[anomaly] it 296: terminal-step reward dominates the episode: survival is being punished
[anomaly] it 296: returns fall as episodes lengthen (corr -0.98): the reward punishes survival
[anomaly] it 296: contact force 17317 N > 50x robot weight
it  297 steps  29196288 sps  103,413 | ep_ret   -5.79 ep_len   98.1 (n=905) | pg -0.010 vf 0.021 kl 0.0148 lr 1.7e-04
[anomaly] it 297: terminal-step reward dominates the episode: survival is being punished
[anomaly] it 297: returns fall as episodes lengthen (corr -0.98): the reward punishes survival
[anomaly] it 297: contact force 16261 N > 50x robot weight
it  298 steps  29294592 sps  103,419 | ep_ret   -5.88 ep_len  102.2 (n=917) | pg -0.014 vf 0.021 kl 0.0151 lr 2.6e-04
[anomaly] it 298: terminal-step reward dominates the episode: survival is being punished
[anomaly] it 298: returns fall as episodes lengthen (corr -0.98): the reward punishes survival
it  299 steps  29392896 sps  103,433 | ep_ret   -5.79 ep_len   97.8 (n=947) | pg -0.011 vf 0.021 kl 0.0153 lr 1.7e-04
[anomaly] it 299: terminal-step reward dominates the episode: survival is being punished
[anomaly] it 299: returns fall as episodes lengthen (corr -0.98): the reward punishes survival
it  300 steps  29491200 sps  103,425 | ep_ret   -5.91 ep_len  103.8 (n=899) | pg -0.013 vf 0.021 kl 0.0156 lr 1.7e-04
[anomaly] it 300: terminal-step reward dominates the episode: survival is being punished
[anomaly] it 300: returns fall as episodes lengthen (corr -0.98): the reward punishes survival
[anomaly] it 300: contact force 23247 N > 50x robot weight
it  301 steps  29589504 sps  103,405 | ep_ret   -5.94 ep_len  105.5 (n=948) | pg -0.009 vf 0.021 kl 0.0133 lr 1.7e-04
[anomaly] it 301: terminal-step reward dominates the episode: survival is being punished
[anomaly] it 301: returns fall as episodes lengthen (corr -0.98): the reward punishes survival
[anomaly] it 301: joint limit violated by 0.05 rad
[anomaly] it 301: contact force 17690 N > 50x robot weight
it  302 steps  29687808 sps  103,378 | ep_ret   -5.86 ep_len  101.1 (n=909) | pg -0.012 vf 0.022 kl 0.0150 lr 1.7e-04
[anomaly] it 302: terminal-step reward dominates the episode: survival is being punished
[anomaly] it 302: returns fall as episodes lengthen (corr -0.98): the reward punishes survival
[anomaly] it 302: contact force 20805 N > 50x robot weight
it  303 steps  29786112 sps  103,361 | ep_ret   -5.93 ep_len  105.3 (n=900) | pg -0.014 vf 0.022 kl 0.0153 lr 2.6e-04
[anomaly] it 303: terminal-step reward dominates the episode: survival is being punished
[anomaly] it 303: returns fall as episodes lengthen (corr -0.98): the reward punishes survival
it  304 steps  29884416 sps  103,348 | ep_ret   -5.95 ep_len  105.8 (n=888) | pg -0.008 vf 0.023 kl 0.0140 lr 1.1e-04
[anomaly] it 304: terminal-step reward dominates the episode: survival is being punished
[anomaly] it 304: returns fall as episodes lengthen (corr -0.98): the reward punishes survival
[anomaly] it 304: contact force 17210 N > 50x robot weight
it  305 steps  29982720 sps  103,332 | ep_ret   -5.91 ep_len  102.3 (n=895) | pg -0.013 vf 0.022 kl 0.0165 lr 1.7e-04
[anomaly] it 305: terminal-step reward dominates the episode: survival is being punished
[anomaly] it 305: returns fall as episodes lengthen (corr -0.98): the reward punishes survival
it  306 steps  30081024 sps  103,322 | ep_ret   -5.97 ep_len  108.0 (n=876) | pg -0.010 vf 0.022 kl 0.0171 lr 1.7e-04
[anomaly] it 306: terminal-step reward dominates the episode: survival is being punished
[anomaly] it 306: returns fall as episodes lengthen (corr -0.98): the reward punishes survival
[anomaly] it 306: contact force 17585 N > 50x robot weight
it  307 steps  30179328 sps  103,316 | ep_ret   -6.01 ep_len  106.5 (n=895) | pg -0.013 vf 0.023 kl 0.0157 lr 1.7e-04
[anomaly] it 307: terminal-step reward dominates the episode: survival is being punished
[anomaly] it 307: returns fall as episodes lengthen (corr -0.98): the reward punishes survival
[anomaly] it 307: contact force 19296 N > 50x robot weight
it  308 steps  30277632 sps  103,324 | ep_ret   -6.01 ep_len  108.1 (n=877) | pg -0.013 vf 0.023 kl 0.0166 lr 1.7e-04
[anomaly] it 308: terminal-step reward dominates the episode: survival is being punished
[anomaly] it 308: returns fall as episodes lengthen (corr -0.98): the reward punishes survival
[anomaly] it 308: contact force 20566 N > 50x robot weight
it  309 steps  30375936 sps  103,332 | ep_ret   -6.04 ep_len  108.0 (n=879) | pg -0.012 vf 0.024 kl 0.0156 lr 2.6e-04
[anomaly] it 309: terminal-step reward dominates the episode: survival is being punished
[anomaly] it 309: returns fall as episodes lengthen (corr -0.99): the reward punishes survival
[anomaly] it 309: joint limit violated by 0.05 rad
it  310 steps  30474240 sps  103,336 | ep_ret   -6.04 ep_len  109.4 (n=853) | pg -0.013 vf 0.025 kl 0.0151 lr 1.7e-04
[anomaly] it 310: terminal-step reward dominates the episode: survival is being punished
[anomaly] it 310: returns fall as episodes lengthen (corr -0.99): the reward punishes survival
[anomaly] it 310: contact force 18015 N > 50x robot weight
it  311 steps  30572544 sps  103,342 | ep_ret   -6.01 ep_len  104.9 (n=890) | pg -0.014 vf 0.024 kl 0.0155 lr 1.7e-04
[anomaly] it 311: terminal-step reward dominates the episode: survival is being punished
[anomaly] it 311: returns fall as episodes lengthen (corr -0.99): the reward punishes survival
it  312 steps  30670848 sps  103,351 | ep_ret   -6.08 ep_len  111.5 (n=832) | pg -0.011 vf 0.025 kl 0.0166 lr 1.7e-04
[anomaly] it 312: terminal-step reward dominates the episode: survival is being punished
[anomaly] it 312: returns fall as episodes lengthen (corr -0.99): the reward punishes survival
it  313 steps  30769152 sps  103,362 | ep_ret   -6.07 ep_len  112.5 (n=863) | pg -0.013 vf 0.025 kl 0.0161 lr 1.7e-04
[anomaly] it 313: terminal-step reward dominates the episode: survival is being punished
[anomaly] it 313: returns fall as episodes lengthen (corr -0.99): the reward punishes survival
[anomaly] it 313: contact force 20936 N > 50x robot weight
it  314 steps  30867456 sps  103,371 | ep_ret   -6.04 ep_len  108.7 (n=856) | pg -0.014 vf 0.024 kl 0.0165 lr 1.7e-04
[anomaly] it 314: terminal-step reward dominates the episode: survival is being punished
[anomaly] it 314: returns fall as episodes lengthen (corr -0.99): the reward punishes survival
[anomaly] it 314: contact force 17915 N > 50x robot weight
it  315 steps  30965760 sps  103,381 | ep_ret   -6.18 ep_len  115.3 (n=862) | pg -0.010 vf 0.025 kl 0.0139 lr 1.7e-04
[anomaly] it 315: terminal-step reward dominates the episode: survival is being punished
[anomaly] it 315: returns fall as episodes lengthen (corr -0.99): the reward punishes survival
[anomaly] it 315: contact force 21186 N > 50x robot weight
it  316 steps  31064064 sps  103,392 | ep_ret   -6.12 ep_len  112.3 (n=862) | pg -0.005 vf 0.025 kl 0.0140 lr 1.1e-04
[anomaly] it 316: terminal-step reward dominates the episode: survival is being punished
[anomaly] it 316: returns fall as episodes lengthen (corr -0.99): the reward punishes survival
[anomaly] it 316: contact force 24065 N > 50x robot weight
it  317 steps  31162368 sps  103,398 | ep_ret   -6.17 ep_len  114.2 (n=785) | pg -0.011 vf 0.026 kl 0.0131 lr 1.7e-04
[anomaly] it 317: terminal-step reward dominates the episode: survival is being punished
[anomaly] it 317: returns fall as episodes lengthen (corr -0.99): the reward punishes survival
[anomaly] it 317: contact force 23974 N > 50x robot weight
it  318 steps  31260672 sps  103,399 | ep_ret   -6.23 ep_len  117.9 (n=843) | pg -0.010 vf 0.026 kl 0.0132 lr 1.7e-04
[anomaly] it 318: terminal-step reward dominates the episode: survival is being punished
[anomaly] it 318: returns fall as episodes lengthen (corr -0.99): the reward punishes survival
[anomaly] it 318: joint limit violated by 0.06 rad
[anomaly] it 318: contact force 21201 N > 50x robot weight
it  319 steps  31358976 sps  103,393 | ep_ret   -6.15 ep_len  112.7 (n=833) | pg -0.014 vf 0.025 kl 0.0157 lr 1.7e-04
[anomaly] it 319: terminal-step reward dominates the episode: survival is being punished
[anomaly] it 319: returns fall as episodes lengthen (corr -0.99): the reward punishes survival
[anomaly] it 319: contact force 21826 N > 50x robot weight
it  320 steps  31457280 sps  103,402 | ep_ret   -6.15 ep_len  111.3 (n=793) | pg -0.012 vf 0.026 kl 0.0145 lr 1.7e-04
[anomaly] it 320: terminal-step reward dominates the episode: survival is being punished
[anomaly] it 320: returns fall as episodes lengthen (corr -0.99): the reward punishes survival
it  321 steps  31555584 sps  103,416 | ep_ret   -6.14 ep_len  112.8 (n=785) | pg -0.012 vf 0.026 kl 0.0170 lr 1.1e-04
[anomaly] it 321: terminal-step reward dominates the episode: survival is being punished
[anomaly] it 321: returns fall as episodes lengthen (corr -0.99): the reward punishes survival
[anomaly] it 321: contact force 20991 N > 50x robot weight
it  322 steps  31653888 sps  103,430 | ep_ret   -6.25 ep_len  115.9 (n=811) | pg -0.013 vf 0.027 kl 0.0126 lr 1.7e-04
[anomaly] it 322: terminal-step reward dominates the episode: survival is being punished
[anomaly] it 322: returns fall as episodes lengthen (corr -0.99): the reward punishes survival
[anomaly] it 322: contact force 24219 N > 50x robot weight
it  323 steps  31752192 sps  103,433 | ep_ret   -6.24 ep_len  117.5 (n=794) | pg -0.013 vf 0.026 kl 0.0159 lr 1.1e-04
[anomaly] it 323: terminal-step reward dominates the episode: survival is being punished
[anomaly] it 323: returns fall as episodes lengthen (corr -0.99): the reward punishes survival
[anomaly] it 323: contact force 20061 N > 50x robot weight
it  324 steps  31850496 sps  103,435 | ep_ret   -6.26 ep_len  118.1 (n=764) | pg -0.014 vf 0.025 kl 0.0165 lr 1.7e-04
[anomaly] it 324: terminal-step reward dominates the episode: survival is being punished
[anomaly] it 324: returns fall as episodes lengthen (corr -0.99): the reward punishes survival
it  325 steps  31948800 sps  103,435 | ep_ret   -6.29 ep_len  120.4 (n=799) | pg -0.013 vf 0.028 kl 0.0148 lr 1.1e-04
[anomaly] it 325: terminal-step reward dominates the episode: survival is being punished
[anomaly] it 325: returns fall as episodes lengthen (corr -0.99): the reward punishes survival
[anomaly] it 325: contact force 20701 N > 50x robot weight
it  326 steps  32047104 sps  103,427 | ep_ret   -6.39 ep_len  125.1 (n=788) | pg -0.013 vf 0.028 kl 0.0175 lr 1.1e-04
[anomaly] it 326: terminal-step reward dominates the episode: survival is being punished
[anomaly] it 326: returns fall as episodes lengthen (corr -0.99): the reward punishes survival
[anomaly] it 326: contact force 16231 N > 50x robot weight
it  327 steps  32145408 sps  103,417 | ep_ret   -6.31 ep_len  118.7 (n=757) | pg -0.012 vf 0.027 kl 0.0140 lr 1.7e-04
[anomaly] it 327: terminal-step reward dominates the episode: survival is being punished
[anomaly] it 327: returns fall as episodes lengthen (corr -0.99): the reward punishes survival
[anomaly] it 327: contact force 20144 N > 50x robot weight
it  328 steps  32243712 sps  103,427 | ep_ret   -6.41 ep_len  124.9 (n=771) | pg -0.014 vf 0.029 kl 0.0153 lr 1.1e-04
[anomaly] it 328: terminal-step reward dominates the episode: survival is being punished
[anomaly] it 328: returns fall as episodes lengthen (corr -0.99): the reward punishes survival
[anomaly] it 328: contact force 19592 N > 50x robot weight
it  329 steps  32342016 sps  103,442 | ep_ret   -6.38 ep_len  121.0 (n=828) | pg -0.013 vf 0.028 kl 0.0124 lr 1.7e-04
[anomaly] it 329: terminal-step reward dominates the episode: survival is being punished
[anomaly] it 329: returns fall as episodes lengthen (corr -0.99): the reward punishes survival
[anomaly] it 329: contact force 17871 N > 50x robot weight
it  330 steps  32440320 sps  103,456 | ep_ret   -6.58 ep_len  133.1 (n=765) | pg -0.014 vf 0.028 kl 0.0166 lr 1.7e-04
[anomaly] it 330: terminal-step reward dominates the episode: survival is being punished
[anomaly] it 330: returns fall as episodes lengthen (corr -0.99): the reward punishes survival
it  331 steps  32538624 sps  103,471 | ep_ret   -6.42 ep_len  123.8 (n=782) | pg -0.011 vf 0.028 kl 0.0138 lr 1.7e-04
[anomaly] it 331: terminal-step reward dominates the episode: survival is being punished
[anomaly] it 331: returns fall as episodes lengthen (corr -0.99): the reward punishes survival
[anomaly] it 331: contact force 20210 N > 50x robot weight
it  332 steps  32636928 sps  103,488 | ep_ret   -6.30 ep_len  116.5 (n=768) | pg -0.014 vf 0.028 kl 0.0164 lr 1.1e-04
[anomaly] it 332: terminal-step reward dominates the episode: survival is being punished
[anomaly] it 332: returns fall as episodes lengthen (corr -0.99): the reward punishes survival
[anomaly] it 332: contact force 18821 N > 50x robot weight
it  333 steps  32735232 sps  103,502 | ep_ret   -6.36 ep_len  122.6 (n=749) | pg -0.012 vf 0.028 kl 0.0146 lr 1.7e-04
[anomaly] it 333: terminal-step reward dominates the episode: survival is being punished
[anomaly] it 333: returns fall as episodes lengthen (corr -0.99): the reward punishes survival
[anomaly] it 333: joint limit violated by 0.07 rad
[anomaly] it 333: contact force 23996 N > 50x robot weight
it  334 steps  32833536 sps  103,516 | ep_ret   -6.53 ep_len  128.4 (n=792) | pg -0.014 vf 0.029 kl 0.0152 lr 1.7e-04
[anomaly] it 334: terminal-step reward dominates the episode: survival is being punished
[anomaly] it 334: returns fall as episodes lengthen (corr -0.99): the reward punishes survival
[anomaly] it 334: joint limit violated by 0.05 rad
it  335 steps  32931840 sps  103,530 | ep_ret   -6.52 ep_len  124.8 (n=724) | pg -0.008 vf 0.028 kl 0.0138 lr 1.1e-04
[anomaly] it 335: terminal-step reward dominates the episode: survival is being punished
[anomaly] it 335: returns fall as episodes lengthen (corr -0.99): the reward punishes survival
[anomaly] it 335: joint limit violated by 0.05 rad
[anomaly] it 335: contact force 19086 N > 50x robot weight
it  336 steps  33030144 sps  103,545 | ep_ret   -6.60 ep_len  133.1 (n=738) | pg -0.012 vf 0.029 kl 0.0126 lr 1.7e-04
[anomaly] it 336: terminal-step reward dominates the episode: survival is being punished
[anomaly] it 336: returns fall as episodes lengthen (corr -0.99): the reward punishes survival
it  337 steps  33128448 sps  103,528 | ep_ret   -6.49 ep_len  123.3 (n=753) | pg -0.010 vf 0.028 kl 0.0151 lr 7.6e-05
[anomaly] it 337: terminal-step reward dominates the episode: survival is being punished
[anomaly] it 337: returns fall as episodes lengthen (corr -0.99): the reward punishes survival
[anomaly] it 337: contact force 16325 N > 50x robot weight
it  338 steps  33226752 sps  103,541 | ep_ret   -6.60 ep_len  130.9 (n=785) | pg -0.012 vf 0.029 kl 0.0099 lr 1.1e-04
[anomaly] it 338: terminal-step reward dominates the episode: survival is being punished
[anomaly] it 338: returns fall as episodes lengthen (corr -0.99): the reward punishes survival
[anomaly] it 338: contact force 17585 N > 50x robot weight
it  339 steps  33325056 sps  103,558 | ep_ret   -6.60 ep_len  130.0 (n=727) | pg -0.013 vf 0.029 kl 0.0149 lr 1.7e-04
[anomaly] it 339: terminal-step reward dominates the episode: survival is being punished
[anomaly] it 339: returns fall as episodes lengthen (corr -0.99): the reward punishes survival
[anomaly] it 339: contact force 17604 N > 50x robot weight
it  340 steps  33423360 sps  103,574 | ep_ret   -6.52 ep_len  126.1 (n=749) | pg -0.014 vf 0.029 kl 0.0160 lr 1.7e-04
[anomaly] it 340: terminal-step reward dominates the episode: survival is being punished
[anomaly] it 340: returns fall as episodes lengthen (corr -0.99): the reward punishes survival
it  341 steps  33521664 sps  103,590 | ep_ret   -6.54 ep_len  126.9 (n=714) | pg -0.012 vf 0.032 kl 0.0150 lr 1.1e-04
[anomaly] it 341: terminal-step reward dominates the episode: survival is being punished
[anomaly] it 341: returns fall as episodes lengthen (corr -0.99): the reward punishes survival
[anomaly] it 341: contact force 16743 N > 50x robot weight
it  342 steps  33619968 sps  103,606 | ep_ret   -6.52 ep_len  127.8 (n=708) | pg -0.012 vf 0.030 kl 0.0147 lr 1.7e-04
[anomaly] it 342: terminal-step reward dominates the episode: survival is being punished
[anomaly] it 342: returns fall as episodes lengthen (corr -1.00): the reward punishes survival
[anomaly] it 342: joint limit violated by 0.06 rad
[anomaly] it 342: contact force 19255 N > 50x robot weight
it  343 steps  33718272 sps  103,623 | ep_ret   -6.72 ep_len  133.3 (n=704) | pg -0.012 vf 0.030 kl 0.0150 lr 7.6e-05
[anomaly] it 343: terminal-step reward dominates the episode: survival is being punished
[anomaly] it 343: returns fall as episodes lengthen (corr -1.00): the reward punishes survival
[anomaly] it 343: joint limit violated by 0.05 rad
[anomaly] it 343: contact force 21061 N > 50x robot weight
it  344 steps  33816576 sps  103,639 | ep_ret   -6.70 ep_len  133.8 (n=756) | pg -0.014 vf 0.030 kl 0.0131 lr 1.7e-04
[anomaly] it 344: terminal-step reward dominates the episode: survival is being punished
[anomaly] it 344: returns fall as episodes lengthen (corr -1.00): the reward punishes survival
[anomaly] it 344: contact force 19586 N > 50x robot weight
it  345 steps  33914880 sps  103,656 | ep_ret   -6.67 ep_len  132.6 (n=712) | pg -0.010 vf 0.030 kl 0.0166 lr 1.7e-04
[anomaly] it 345: terminal-step reward dominates the episode: survival is being punished
[anomaly] it 345: returns fall as episodes lengthen (corr -1.00): the reward punishes survival
[anomaly] it 345: contact force 19033 N > 50x robot weight
it  346 steps  34013184 sps  103,673 | ep_ret   -6.84 ep_len  140.7 (n=714) | pg -0.009 vf 0.031 kl 0.0155 lr 1.7e-04
[anomaly] it 346: terminal-step reward dominates the episode: survival is being punished
[anomaly] it 346: returns fall as episodes lengthen (corr -1.00): the reward punishes survival
[anomaly] it 346: joint limit violated by 0.05 rad
it  347 steps  34111488 sps  103,689 | ep_ret   -6.79 ep_len  137.5 (n=700) | pg -0.010 vf 0.031 kl 0.0134 lr 1.7e-04
[anomaly] it 347: terminal-step reward dominates the episode: survival is being punished
[anomaly] it 347: returns fall as episodes lengthen (corr -1.00): the reward punishes survival
[anomaly] it 347: joint limit violated by 0.05 rad
it  348 steps  34209792 sps  103,704 | ep_ret   -6.78 ep_len  136.9 (n=679) | pg -0.012 vf 0.029 kl 0.0144 lr 1.7e-04
[anomaly] it 348: terminal-step reward dominates the episode: survival is being punished
[anomaly] it 348: returns fall as episodes lengthen (corr -1.00): the reward punishes survival
[anomaly] it 348: contact force 21226 N > 50x robot weight
it  349 steps  34308096 sps  103,720 | ep_ret   -6.85 ep_len  138.8 (n=748) | pg -0.007 vf 0.029 kl 0.0134 lr 1.1e-04
[anomaly] it 349: terminal-step reward dominates the episode: survival is being punished
[anomaly] it 349: returns fall as episodes lengthen (corr -1.00): the reward punishes survival
[anomaly] it 349: contact force 23239 N > 50x robot weight
it  350 steps  34406400 sps  103,736 | ep_ret   -6.71 ep_len  132.1 (n=668) | pg -0.012 vf 0.030 kl 0.0140 lr 1.7e-04
[anomaly] it 350: terminal-step reward dominates the episode: survival is being punished
[anomaly] it 350: returns fall as episodes lengthen (corr -1.00): the reward punishes survival
it  351 steps  34504704 sps  103,753 | ep_ret   -6.86 ep_len  140.0 (n=716) | pg -0.012 vf 0.031 kl 0.0161 lr 1.1e-04
[anomaly] it 351: terminal-step reward dominates the episode: survival is being punished
[anomaly] it 351: returns fall as episodes lengthen (corr -1.00): the reward punishes survival
[anomaly] it 351: contact force 22135 N > 50x robot weight
it  352 steps  34603008 sps  103,769 | ep_ret   -6.70 ep_len  129.4 (n=717) | pg -0.011 vf 0.028 kl 0.0133 lr 1.7e-04
[anomaly] it 352: terminal-step reward dominates the episode: survival is being punished
[anomaly] it 352: returns fall as episodes lengthen (corr -1.00): the reward punishes survival
[anomaly] it 352: contact force 23284 N > 50x robot weight
it  353 steps  34701312 sps  103,784 | ep_ret   -6.77 ep_len  135.1 (n=665) | pg -0.009 vf 0.031 kl 0.0136 lr 1.1e-04
[anomaly] it 353: terminal-step reward dominates the episode: survival is being punished
[anomaly] it 353: returns fall as episodes lengthen (corr -1.00): the reward punishes survival
[anomaly] it 353: contact force 18697 N > 50x robot weight
it  354 steps  34799616 sps  103,799 | ep_ret   -6.84 ep_len  136.6 (n=695) | pg -0.009 vf 0.030 kl 0.0152 lr 1.7e-04
[anomaly] it 354: terminal-step reward dominates the episode: survival is being punished
[anomaly] it 354: returns fall as episodes lengthen (corr -1.00): the reward punishes survival
[anomaly] it 354: contact force 18242 N > 50x robot weight
it  355 steps  34897920 sps  103,813 | ep_ret   -6.73 ep_len  130.3 (n=651) | pg -0.009 vf 0.029 kl 0.0157 lr 1.7e-04
[anomaly] it 355: terminal-step reward dominates the episode: survival is being punished
[anomaly] it 355: returns fall as episodes lengthen (corr -1.00): the reward punishes survival
[anomaly] it 355: joint limit violated by 0.06 rad
[anomaly] it 355: contact force 19754 N > 50x robot weight
it  356 steps  34996224 sps  103,826 | ep_ret   -6.75 ep_len  132.2 (n=664) | pg -0.012 vf 0.030 kl 0.0141 lr 1.1e-04
[anomaly] it 356: terminal-step reward dominates the episode: survival is being punished
[anomaly] it 356: returns fall as episodes lengthen (corr -1.00): the reward punishes survival
[anomaly] it 356: contact force 15937 N > 50x robot weight
it  357 steps  35094528 sps  103,842 | ep_ret   -7.01 ep_len  145.7 (n=693) | pg -0.013 vf 0.032 kl 0.0150 lr 1.7e-04
[anomaly] it 357: terminal-step reward dominates the episode: survival is being punished
[anomaly] it 357: returns fall as episodes lengthen (corr -1.00): the reward punishes survival
it  358 steps  35192832 sps  103,855 | ep_ret   -6.94 ep_len  140.9 (n=682) | pg -0.013 vf 0.031 kl 0.0164 lr 1.7e-04
[anomaly] it 358: terminal-step reward dominates the episode: survival is being punished
[anomaly] it 358: returns fall as episodes lengthen (corr -1.00): the reward punishes survival
[anomaly] it 358: joint limit violated by 0.05 rad
it  359 steps  35291136 sps  103,870 | ep_ret   -7.01 ep_len  143.4 (n=615) | pg -0.008 vf 0.029 kl 0.0168 lr 1.7e-04
[anomaly] it 359: terminal-step reward dominates the episode: survival is being punished
[anomaly] it 359: returns fall as episodes lengthen (corr -1.00): the reward punishes survival
[anomaly] it 359: contact force 18721 N > 50x robot weight
it  360 steps  35389440 sps  103,884 | ep_ret   -6.99 ep_len  140.4 (n=700) | pg -0.009 vf 0.030 kl 0.0156 lr 1.7e-04
[anomaly] it 360: terminal-step reward dominates the episode: survival is being punished
[anomaly] it 360: returns fall as episodes lengthen (corr -1.00): the reward punishes survival
[anomaly] it 360: joint limit violated by 0.06 rad
[anomaly] it 360: contact force 17581 N > 50x robot weight
it  361 steps  35487744 sps  103,899 | ep_ret   -6.86 ep_len  136.3 (n=664) | pg -0.011 vf 0.029 kl 0.0142 lr 1.7e-04
[anomaly] it 361: terminal-step reward dominates the episode: survival is being punished
[anomaly] it 361: returns fall as episodes lengthen (corr -1.00): the reward punishes survival
[anomaly] it 361: contact force 20482 N > 50x robot weight
it  362 steps  35586048 sps  103,913 | ep_ret   -7.19 ep_len  153.8 (n=608) | pg -0.010 vf 0.032 kl 0.0148 lr 1.1e-04
[anomaly] it 362: terminal-step reward dominates the episode: survival is being punished
[anomaly] it 362: returns fall as episodes lengthen (corr -1.00): the reward punishes survival
[anomaly] it 362: joint limit violated by 0.05 rad
it  363 steps  35684352 sps  103,929 | ep_ret   -6.88 ep_len  137.3 (n=638) | pg -0.012 vf 0.030 kl 0.0130 lr 1.7e-04
[anomaly] it 363: terminal-step reward dominates the episode: survival is being punished
[anomaly] it 363: returns fall as episodes lengthen (corr -1.00): the reward punishes survival
[anomaly] it 363: contact force 19598 N > 50x robot weight
it  364 steps  35782656 sps  103,943 | ep_ret   -7.09 ep_len  144.8 (n=620) | pg -0.010 vf 0.031 kl 0.0142 lr 1.1e-04
[anomaly] it 364: terminal-step reward dominates the episode: survival is being punished
[anomaly] it 364: returns fall as episodes lengthen (corr -1.00): the reward punishes survival
[anomaly] it 364: joint limit violated by 0.06 rad
[anomaly] it 364: contact force 18914 N > 50x robot weight
it  365 steps  35880960 sps  103,957 | ep_ret   -7.13 ep_len  148.6 (n=620) | pg -0.011 vf 0.032 kl 0.0135 lr 1.7e-04
[anomaly] it 365: terminal-step reward dominates the episode: survival is being punished
[anomaly] it 365: returns fall as episodes lengthen (corr -1.00): the reward punishes survival
[anomaly] it 365: contact force 17751 N > 50x robot weight
it  366 steps  35979264 sps  103,971 | ep_ret   -6.98 ep_len  139.3 (n=618) | pg -0.008 vf 0.031 kl 0.0135 lr 7.6e-05
[anomaly] it 366: terminal-step reward dominates the episode: survival is being punished
[anomaly] it 366: returns fall as episodes lengthen (corr -1.00): the reward punishes survival
[anomaly] it 366: joint limit violated by 0.05 rad
it  367 steps  36077568 sps  103,985 | ep_ret   -7.07 ep_len  144.7 (n=644) | pg -0.011 vf 0.030 kl 0.0113 lr 1.1e-04
[anomaly] it 367: terminal-step reward dominates the episode: survival is being punished
[anomaly] it 367: returns fall as episodes lengthen (corr -1.00): the reward punishes survival
[anomaly] it 367: contact force 16547 N > 50x robot weight
it  368 steps  36175872 sps  103,998 | ep_ret   -7.03 ep_len  141.7 (n=602) | pg -0.010 vf 0.030 kl 0.0134 lr 1.7e-04
[anomaly] it 368: terminal-step reward dominates the episode: survival is being punished
[anomaly] it 368: returns fall as episodes lengthen (corr -1.00): the reward punishes survival
it  369 steps  36274176 sps  104,012 | ep_ret   -7.25 ep_len  152.7 (n=613) | pg -0.014 vf 0.032 kl 0.0169 lr 1.7e-04
[anomaly] it 369: terminal-step reward dominates the episode: survival is being punished
[anomaly] it 369: returns fall as episodes lengthen (corr -1.00): the reward punishes survival
[anomaly] it 369: joint limit violated by 0.06 rad
[anomaly] it 369: contact force 21633 N > 50x robot weight
it  370 steps  36372480 sps  104,026 | ep_ret   -7.18 ep_len  152.3 (n=599) | pg -0.014 vf 0.034 kl 0.0160 lr 1.1e-04
[anomaly] it 370: terminal-step reward dominates the episode: survival is being punished
[anomaly] it 370: returns fall as episodes lengthen (corr -1.00): the reward punishes survival
it  371 steps  36470784 sps  104,040 | ep_ret   -7.19 ep_len  147.7 (n=606) | pg -0.012 vf 0.033 kl 0.0140 lr 1.1e-04
[anomaly] it 371: terminal-step reward dominates the episode: survival is being punished
[anomaly] it 371: returns fall as episodes lengthen (corr -1.00): the reward punishes survival
[anomaly] it 371: contact force 19439 N > 50x robot weight
it  372 steps  36569088 sps  104,053 | ep_ret   -7.29 ep_len  155.4 (n=594) | pg -0.011 vf 0.033 kl 0.0129 lr 1.1e-04
[anomaly] it 372: terminal-step reward dominates the episode: survival is being punished
[anomaly] it 372: returns fall as episodes lengthen (corr -1.00): the reward punishes survival
it  373 steps  36667392 sps  104,065 | ep_ret   -7.43 ep_len  161.6 (n=595) | pg -0.011 vf 0.036 kl 0.0139 lr 1.7e-04
[anomaly] it 373: terminal-step reward dominates the episode: survival is being punished
[anomaly] it 373: returns fall as episodes lengthen (corr -1.00): the reward punishes survival
[anomaly] it 373: contact force 16147 N > 50x robot weight
it  374 steps  36765696 sps  104,078 | ep_ret   -7.30 ep_len  154.0 (n=567) | pg -0.008 vf 0.034 kl 0.0150 lr 1.1e-04
[anomaly] it 374: terminal-step reward dominates the episode: survival is being punished
[anomaly] it 374: returns fall as episodes lengthen (corr -1.00): the reward punishes survival
it  375 steps  36864000 sps  104,091 | ep_ret   -7.14 ep_len  144.5 (n=614) | pg -0.012 vf 0.035 kl 0.0159 lr 1.7e-04
[anomaly] it 375: terminal-step reward dominates the episode: survival is being punished
[anomaly] it 375: returns fall as episodes lengthen (corr -1.00): the reward punishes survival
it  376 steps  36962304 sps  104,104 | ep_ret   -7.50 ep_len  165.8 (n=616) | pg -0.012 vf 0.033 kl 0.0150 lr 1.7e-04
[anomaly] it 376: terminal-step reward dominates the episode: survival is being punished
[anomaly] it 376: returns fall as episodes lengthen (corr -1.00): the reward punishes survival
[anomaly] it 376: contact force 19032 N > 50x robot weight
it  377 steps  37060608 sps  104,117 | ep_ret   -7.46 ep_len  163.1 (n=600) | pg -0.012 vf 0.034 kl 0.0157 lr 1.7e-04
[anomaly] it 377: terminal-step reward dominates the episode: survival is being punished
[anomaly] it 377: returns fall as episodes lengthen (corr -1.00): the reward punishes survival
[anomaly] it 377: joint limit violated by 0.06 rad
[anomaly] it 377: contact force 19617 N > 50x robot weight
it  378 steps  37158912 sps  104,130 | ep_ret   -7.50 ep_len  160.8 (n=548) | pg -0.013 vf 0.035 kl 0.0153 lr 1.1e-04
[anomaly] it 378: terminal-step reward dominates the episode: survival is being punished
[anomaly] it 378: returns fall as episodes lengthen (corr -1.00): the reward punishes survival
[anomaly] it 378: joint limit violated by 0.06 rad
it  379 steps  37257216 sps  104,143 | ep_ret   -7.37 ep_len  158.1 (n=572) | pg -0.012 vf 0.036 kl 0.0138 lr 1.1e-04
[anomaly] it 379: terminal-step reward dominates the episode: survival is being punished
[anomaly] it 379: returns fall as episodes lengthen (corr -1.00): the reward punishes survival
it  380 steps  37355520 sps  104,156 | ep_ret   -7.49 ep_len  163.9 (n=595) | pg -0.013 vf 0.037 kl 0.0159 lr 7.6e-05
[anomaly] it 380: terminal-step reward dominates the episode: survival is being punished
[anomaly] it 380: returns fall as episodes lengthen (corr -1.00): the reward punishes survival
[anomaly] it 380: joint limit violated by 0.05 rad
[anomaly] it 380: contact force 19476 N > 50x robot weight
it  381 steps  37453824 sps  104,168 | ep_ret   -7.84 ep_len  180.6 (n=597) | pg -0.012 vf 0.036 kl 0.0147 lr 1.1e-04
[anomaly] it 381: terminal-step reward dominates the episode: survival is being punished
[anomaly] it 381: returns fall as episodes lengthen (corr -1.00): the reward punishes survival
[anomaly] it 381: contact force 19171 N > 50x robot weight
it  382 steps  37552128 sps  104,181 | ep_ret   -7.63 ep_len  167.3 (n=579) | pg -0.014 vf 0.036 kl 0.0142 lr 1.1e-04
[anomaly] it 382: terminal-step reward dominates the episode: survival is being punished
[anomaly] it 382: returns fall as episodes lengthen (corr -1.00): the reward punishes survival
[anomaly] it 382: joint limit violated by 0.06 rad
it  383 steps  37650432 sps  104,194 | ep_ret   -7.51 ep_len  161.7 (n=554) | pg -0.011 vf 0.033 kl 0.0146 lr 1.7e-04
[anomaly] it 383: terminal-step reward dominates the episode: survival is being punished
[anomaly] it 383: returns fall as episodes lengthen (corr -1.00): the reward punishes survival
[anomaly] it 383: joint limit violated by 0.05 rad
it  384 steps  37748736 sps  104,204 | ep_ret   -7.56 ep_len  161.5 (n=573) | pg -0.014 vf 0.033 kl 0.0151 lr 1.7e-04
[anomaly] it 384: terminal-step reward dominates the episode: survival is being punished
[anomaly] it 384: returns fall as episodes lengthen (corr -1.00): the reward punishes survival
it  385 steps  37847040 sps  104,216 | ep_ret   -7.71 ep_len  169.6 (n=560) | pg -0.011 vf 0.034 kl 0.0147 lr 1.7e-04
[anomaly] it 385: terminal-step reward dominates the episode: survival is being punished
[anomaly] it 385: returns fall as episodes lengthen (corr -1.00): the reward punishes survival
it  386 steps  37945344 sps  104,228 | ep_ret   -7.63 ep_len  166.5 (n=584) | pg -0.012 vf 0.034 kl 0.0155 lr 1.7e-04
[anomaly] it 386: terminal-step reward dominates the episode: survival is being punished
[anomaly] it 386: returns fall as episodes lengthen (corr -1.00): the reward punishes survival
[anomaly] it 386: joint limit violated by 0.05 rad
[anomaly] it 386: contact force 17827 N > 50x robot weight
it  387 steps  38043648 sps  104,241 | ep_ret   -7.64 ep_len  166.1 (n=574) | pg -0.011 vf 0.033 kl 0.0154 lr 1.7e-04
[anomaly] it 387: terminal-step reward dominates the episode: survival is being punished
[anomaly] it 387: returns fall as episodes lengthen (corr -1.00): the reward punishes survival
[anomaly] it 387: contact force 16205 N > 50x robot weight
it  388 steps  38141952 sps  104,253 | ep_ret   -7.60 ep_len  165.6 (n=542) | pg -0.011 vf 0.033 kl 0.0144 lr 1.7e-04
[anomaly] it 388: terminal-step reward dominates the episode: survival is being punished
[anomaly] it 388: returns fall as episodes lengthen (corr -1.00): the reward punishes survival
[anomaly] it 388: joint limit violated by 0.05 rad
it  389 steps  38240256 sps  104,265 | ep_ret   -7.72 ep_len  164.3 (n=541) | pg -0.007 vf 0.029 kl 0.0158 lr 1.1e-04
[anomaly] it 389: terminal-step reward dominates the episode: survival is being punished
[anomaly] it 389: returns fall as episodes lengthen (corr -1.00): the reward punishes survival
it  390 steps  38338560 sps  104,276 | ep_ret   -7.71 ep_len  165.9 (n=535) | pg -0.011 vf 0.033 kl 0.0142 lr 1.7e-04
[anomaly] it 390: terminal-step reward dominates the episode: survival is being punished
[anomaly] it 390: returns fall as episodes lengthen (corr -1.00): the reward punishes survival
it  391 steps  38436864 sps  104,277 | ep_ret   -7.71 ep_len  166.8 (n=518) | pg -0.011 vf 0.031 kl 0.0136 lr 1.1e-04
[anomaly] it 391: terminal-step reward dominates the episode: survival is being punished
[anomaly] it 391: returns fall as episodes lengthen (corr -1.00): the reward punishes survival
[anomaly] it 391: contact force 21201 N > 50x robot weight
it  392 steps  38535168 sps  104,278 | ep_ret   -7.83 ep_len  175.3 (n=511) | pg -0.014 vf 0.034 kl 0.0143 lr 1.1e-04
[anomaly] it 392: terminal-step reward dominates the episode: survival is being punished
[anomaly] it 392: returns fall as episodes lengthen (corr -1.00): the reward punishes survival
it  393 steps  38633472 sps  104,286 | ep_ret   -8.02 ep_len  180.4 (n=512) | pg -0.013 vf 0.033 kl 0.0144 lr 1.1e-04
[anomaly] it 393: terminal-step reward dominates the episode: survival is being punished
[anomaly] it 393: returns fall as episodes lengthen (corr -1.00): the reward punishes survival
[anomaly] it 393: contact force 20126 N > 50x robot weight
it  394 steps  38731776 sps  104,296 | ep_ret   -7.97 ep_len  176.1 (n=531) | pg -0.011 vf 0.032 kl 0.0144 lr 1.1e-04
[anomaly] it 394: terminal-step reward dominates the episode: survival is being punished
[anomaly] it 394: returns fall as episodes lengthen (corr -1.00): the reward punishes survival
[anomaly] it 394: contact force 22058 N > 50x robot weight
it  395 steps  38830080 sps  104,308 | ep_ret   -8.01 ep_len  176.6 (n=509) | pg -0.012 vf 0.036 kl 0.0124 lr 1.1e-04
[anomaly] it 395: terminal-step reward dominates the episode: survival is being punished
[anomaly] it 395: returns fall as episodes lengthen (corr -1.00): the reward punishes survival
[anomaly] it 395: contact force 21742 N > 50x robot weight
it  396 steps  38928384 sps  104,320 | ep_ret   -8.26 ep_len  188.9 (n=561) | pg -0.013 vf 0.037 kl 0.0161 lr 7.6e-05
[anomaly] it 396: terminal-step reward dominates the episode: survival is being punished
[anomaly] it 396: returns fall as episodes lengthen (corr -1.00): the reward punishes survival
[anomaly] it 396: joint limit violated by 0.06 rad
[anomaly] it 396: contact force 16745 N > 50x robot weight
it  397 steps  39026688 sps  104,330 | ep_ret   -7.94 ep_len  174.9 (n=543) | pg -0.010 vf 0.034 kl 0.0119 lr 1.1e-04
[anomaly] it 397: terminal-step reward dominates the episode: survival is being punished
[anomaly] it 397: returns fall as episodes lengthen (corr -1.00): the reward punishes survival
it  398 steps  39124992 sps  104,343 | ep_ret   -8.21 ep_len  186.1 (n=499) | pg -0.011 vf 0.034 kl 0.0145 lr 1.7e-04
[anomaly] it 398: terminal-step reward dominates the episode: survival is being punished
[anomaly] it 398: returns fall as episodes lengthen (corr -1.00): the reward punishes survival
[anomaly] it 398: joint limit violated by 0.05 rad
it  399 steps  39223296 sps  104,354 | ep_ret   -8.18 ep_len  190.1 (n=457) | pg -0.013 vf 0.039 kl 0.0162 lr 1.1e-04
[anomaly] it 399: terminal-step reward dominates the episode: survival is being punished
[anomaly] it 399: returns fall as episodes lengthen (corr -1.00): the reward punishes survival
[anomaly] it 399: contact force 20937 N > 50x robot weight
it  400 steps  39321600 sps  104,365 | ep_ret   -8.24 ep_len  185.0 (n=556) | pg -0.013 vf 0.035 kl 0.0144 lr 1.1e-04
[anomaly] it 400: terminal-step reward dominates the episode: survival is being punished
[anomaly] it 400: returns fall as episodes lengthen (corr -1.00): the reward punishes survival
[anomaly] it 400: joint limit violated by 0.05 rad
it  401 steps  39419904 sps  104,376 | ep_ret   -8.10 ep_len  179.3 (n=540) | pg -0.011 vf 0.036 kl 0.0134 lr 1.7e-04
[anomaly] it 401: terminal-step reward dominates the episode: survival is being punished
[anomaly] it 401: returns fall as episodes lengthen (corr -1.00): the reward punishes survival
it  402 steps  39518208 sps  104,387 | ep_ret   -8.41 ep_len  201.0 (n=519) | pg -0.013 vf 0.038 kl 0.0157 lr 1.7e-04
[anomaly] it 402: terminal-step reward dominates the episode: survival is being punished
[anomaly] it 402: returns fall as episodes lengthen (corr -1.00): the reward punishes survival
[anomaly] it 402: joint limit violated by 0.05 rad
[anomaly] it 402: contact force 19203 N > 50x robot weight
it  403 steps  39616512 sps  104,398 | ep_ret   -8.12 ep_len  186.9 (n=527) | pg -0.013 vf 0.036 kl 0.0146 lr 1.1e-04
[anomaly] it 403: terminal-step reward dominates the episode: survival is being punished
[anomaly] it 403: returns fall as episodes lengthen (corr -1.00): the reward punishes survival
it  404 steps  39714816 sps  104,407 | ep_ret   -8.08 ep_len  182.8 (n=535) | pg -0.011 vf 0.036 kl 0.0147 lr 1.7e-04
[anomaly] it 404: terminal-step reward dominates the episode: survival is being punished
[anomaly] it 404: returns fall as episodes lengthen (corr -1.00): the reward punishes survival
[anomaly] it 404: contact force 17645 N > 50x robot weight
it  405 steps  39813120 sps  104,418 | ep_ret   -8.23 ep_len  186.9 (n=495) | pg -0.010 vf 0.037 kl 0.0151 lr 1.7e-04
[anomaly] it 405: terminal-step reward dominates the episode: survival is being punished
[anomaly] it 405: returns fall as episodes lengthen (corr -1.00): the reward punishes survival
[anomaly] it 405: joint limit violated by 0.05 rad
it  406 steps  39911424 sps  104,429 | ep_ret   -8.02 ep_len  173.8 (n=541) | pg -0.013 vf 0.032 kl 0.0157 lr 1.7e-04
[anomaly] it 406: terminal-step reward dominates the episode: survival is being punished
[anomaly] it 406: returns fall as episodes lengthen (corr -1.00): the reward punishes survival
[anomaly] it 406: contact force 18880 N > 50x robot weight
it  407 steps  40009728 sps  104,438 | ep_ret   -8.34 ep_len  189.9 (n=536) | pg -0.009 vf 0.038 kl 0.0164 lr 1.7e-04
[anomaly] it 407: terminal-step reward dominates the episode: survival is being punished
[anomaly] it 407: returns fall as episodes lengthen (corr -1.00): the reward punishes survival
[anomaly] it 407: joint limit violated by 0.05 rad
[anomaly] it 407: contact force 20522 N > 50x robot weight
it  408 steps  40108032 sps  104,449 | ep_ret   -8.17 ep_len  182.5 (n=534) | pg -0.012 vf 0.038 kl 0.0139 lr 1.1e-04
[anomaly] it 408: terminal-step reward dominates the episode: survival is being punished
[anomaly] it 408: returns fall as episodes lengthen (corr -1.00): the reward punishes survival
it  409 steps  40206336 sps  104,461 | ep_ret   -8.31 ep_len  190.7 (n=495) | pg -0.009 vf 0.035 kl 0.0147 lr 1.1e-04
[anomaly] it 409: terminal-step reward dominates the episode: survival is being punished
[anomaly] it 409: returns fall as episodes lengthen (corr -1.00): the reward punishes survival
[anomaly] it 409: contact force 21135 N > 50x robot weight
it  410 steps  40304640 sps  104,473 | ep_ret   -7.98 ep_len  175.9 (n=513) | pg -0.011 vf 0.033 kl 0.0149 lr 1.7e-04
[anomaly] it 410: terminal-step reward dominates the episode: survival is being punished
[anomaly] it 410: returns fall as episodes lengthen (corr -1.00): the reward punishes survival
[anomaly] it 410: joint limit violated by 0.05 rad
[anomaly] it 410: contact force 18895 N > 50x robot weight
it  411 steps  40402944 sps  104,486 | ep_ret   -8.35 ep_len  189.6 (n=490) | pg -0.002 vf 0.035 kl 0.0158 lr 7.6e-05
[anomaly] it 411: terminal-step reward dominates the episode: survival is being punished
[anomaly] it 411: returns fall as episodes lengthen (corr -1.00): the reward punishes survival
[anomaly] it 411: joint limit violated by 0.05 rad
[anomaly] it 411: contact force 22158 N > 50x robot weight
it  412 steps  40501248 sps  104,498 | ep_ret   -8.16 ep_len  187.1 (n=494) | pg -0.011 vf 0.034 kl 0.0136 lr 1.1e-04
[anomaly] it 412: terminal-step reward dominates the episode: survival is being punished
[anomaly] it 412: returns fall as episodes lengthen (corr -1.00): the reward punishes survival
it  413 steps  40599552 sps  104,498 | ep_ret   -8.52 ep_len  196.8 (n=493) | pg -0.008 vf 0.033 kl 0.0139 lr 1.1e-04
[anomaly] it 413: terminal-step reward dominates the episode: survival is being punished
[anomaly] it 413: returns fall as episodes lengthen (corr -1.00): the reward punishes survival
[anomaly] it 413: joint limit violated by 0.05 rad
it  414 steps  40697856 sps  104,499 | ep_ret   -8.18 ep_len  180.3 (n=520) | pg -0.012 vf 0.034 kl 0.0136 lr 1.7e-04
[anomaly] it 414: terminal-step reward dominates the episode: survival is being punished
[anomaly] it 414: returns fall as episodes lengthen (corr -1.00): the reward punishes survival
[anomaly] it 414: joint limit violated by 0.05 rad
it  415 steps  40796160 sps  104,499 | ep_ret   -8.40 ep_len  191.7 (n=466) | pg -0.011 vf 0.034 kl 0.0169 lr 1.7e-04
[anomaly] it 415: terminal-step reward dominates the episode: survival is being punished
[anomaly] it 415: returns fall as episodes lengthen (corr -1.00): the reward punishes survival
it  416 steps  40894464 sps  104,500 | ep_ret   -8.58 ep_len  203.5 (n=494) | pg -0.011 vf 0.036 kl 0.0144 lr 1.1e-04
[anomaly] it 416: terminal-step reward dominates the episode: survival is being punished
[anomaly] it 416: returns fall as episodes lengthen (corr -1.00): the reward punishes survival
[anomaly] it 416: joint limit violated by 0.06 rad
it  417 steps  40992768 sps  104,511 | ep_ret   -8.16 ep_len  182.9 (n=492) | pg -0.010 vf 0.038 kl 0.0127 lr 7.6e-05
[anomaly] it 417: terminal-step reward dominates the episode: survival is being punished
[anomaly] it 417: returns fall as episodes lengthen (corr -1.00): the reward punishes survival
[anomaly] it 417: joint limit violated by 0.05 rad
[anomaly] it 417: contact force 17531 N > 50x robot weight
it  418 steps  41091072 sps  104,522 | ep_ret   -8.60 ep_len  204.4 (n=474) | pg -0.010 vf 0.036 kl 0.0130 lr 1.1e-04
[anomaly] it 418: terminal-step reward dominates the episode: survival is being punished
[anomaly] it 418: returns fall as episodes lengthen (corr -1.00): the reward punishes survival
[anomaly] it 418: joint limit violated by 0.06 rad
[anomaly] it 418: contact force 16615 N > 50x robot weight
it  419 steps  41189376 sps  104,533 | ep_ret   -8.54 ep_len  196.2 (n=483) | pg -0.012 vf 0.035 kl 0.0155 lr 1.1e-04
[anomaly] it 419: terminal-step reward dominates the episode: survival is being punished
[anomaly] it 419: returns fall as episodes lengthen (corr -1.00): the reward punishes survival
[anomaly] it 419: contact force 22908 N > 50x robot weight
it  420 steps  41287680 sps  104,544 | ep_ret   -8.98 ep_len  221.9 (n=507) | pg -0.012 vf 0.044 kl 0.0162 lr 1.1e-04
[anomaly] it 420: terminal-step reward dominates the episode: survival is being punished
[anomaly] it 420: returns fall as episodes lengthen (corr -0.99): the reward punishes survival
[anomaly] it 420: joint limit violated by 0.06 rad
it  421 steps  41385984 sps  104,555 | ep_ret   -8.31 ep_len  185.4 (n=466) | pg -0.012 vf 0.035 kl 0.0145 lr 1.1e-04
[anomaly] it 421: terminal-step reward dominates the episode: survival is being punished
[anomaly] it 421: returns fall as episodes lengthen (corr -0.99): the reward punishes survival
it  422 steps  41484288 sps  104,566 | ep_ret   -8.66 ep_len  199.0 (n=427) | pg -0.012 vf 0.033 kl 0.0143 lr 1.1e-04
[anomaly] it 422: terminal-step reward dominates the episode: survival is being punished
[anomaly] it 422: returns fall as episodes lengthen (corr -0.99): the reward punishes survival
[anomaly] it 422: joint limit violated by 0.05 rad
[anomaly] it 422: contact force 21216 N > 50x robot weight
it  423 steps  41582592 sps  104,577 | ep_ret   -8.77 ep_len  205.5 (n=474) | pg -0.011 vf 0.037 kl 0.0160 lr 1.1e-04
[anomaly] it 423: terminal-step reward dominates the episode: survival is being punished
[anomaly] it 423: returns fall as episodes lengthen (corr -0.99): the reward punishes survival
it  424 steps  41680896 sps  104,588 | ep_ret   -8.68 ep_len  202.5 (n=496) | pg -0.011 vf 0.036 kl 0.0136 lr 1.1e-04
[anomaly] it 424: terminal-step reward dominates the episode: survival is being punished
[anomaly] it 424: returns fall as episodes lengthen (corr -0.99): the reward punishes survival
[anomaly] it 424: joint limit violated by 0.05 rad
[anomaly] it 424: contact force 19584 N > 50x robot weight
it  425 steps  41779200 sps  104,597 | ep_ret   -8.29 ep_len  186.3 (n=519) | pg -0.012 vf 0.035 kl 0.0156 lr 7.6e-05
[anomaly] it 425: terminal-step reward dominates the episode: survival is being punished
[anomaly] it 425: returns fall as episodes lengthen (corr -0.99): the reward punishes survival
[anomaly] it 425: joint limit violated by 0.06 rad
it  426 steps  41877504 sps  104,607 | ep_ret   -8.75 ep_len  212.2 (n=466) | pg -0.010 vf 0.036 kl 0.0147 lr 1.1e-04
[anomaly] it 426: terminal-step reward dominates the episode: survival is being punished
[anomaly] it 426: returns fall as episodes lengthen (corr -0.99): the reward punishes survival
[anomaly] it 426: joint limit violated by 0.06 rad
[anomaly] it 426: contact force 19616 N > 50x robot weight
it  427 steps  41975808 sps  104,614 | ep_ret   -8.60 ep_len  199.1 (n=429) | pg -0.008 vf 0.034 kl 0.0157 lr 1.7e-04
[anomaly] it 427: terminal-step reward dominates the episode: survival is being punished
[anomaly] it 427: returns fall as episodes lengthen (corr -0.99): the reward punishes survival
[anomaly] it 427: contact force 19376 N > 50x robot weight
it  428 steps  42074112 sps  104,625 | ep_ret   -8.90 ep_len  210.1 (n=430) | pg -0.011 vf 0.036 kl 0.0155 lr 1.1e-04
[anomaly] it 428: terminal-step reward dominates the episode: survival is being punished
[anomaly] it 428: returns fall as episodes lengthen (corr -0.99): the reward punishes survival
it  429 steps  42172416 sps  104,636 | ep_ret   -8.53 ep_len  197.4 (n=427) | pg -0.009 vf 0.035 kl 0.0122 lr 7.6e-05
[anomaly] it 429: terminal-step reward dominates the episode: survival is being punished
[anomaly] it 429: returns fall as episodes lengthen (corr -0.99): the reward punishes survival
it  430 steps  42270720 sps  104,647 | ep_ret   -8.80 ep_len  202.1 (n=445) | pg -0.009 vf 0.031 kl 0.0114 lr 7.6e-05
[anomaly] it 430: terminal-step reward dominates the episode: survival is being punished
[anomaly] it 430: returns fall as episodes lengthen (corr -0.99): the reward punishes survival
[anomaly] it 430: joint limit violated by 0.05 rad
[anomaly] it 430: contact force 16464 N > 50x robot weight
it  431 steps  42369024 sps  104,656 | ep_ret   -8.84 ep_len  205.4 (n=462) | pg -0.011 vf 0.034 kl 0.0129 lr 7.6e-05
[anomaly] it 431: terminal-step reward dominates the episode: survival is being punished
[anomaly] it 431: returns fall as episodes lengthen (corr -0.99): the reward punishes survival
[anomaly] it 431: contact force 19949 N > 50x robot weight
it  432 steps  42467328 sps  104,658 | ep_ret   -8.85 ep_len  207.4 (n=400) | pg -0.012 vf 0.034 kl 0.0121 lr 1.1e-04
[anomaly] it 432: terminal-step reward dominates the episode: survival is being punished
[anomaly] it 432: returns fall as episodes lengthen (corr -0.99): the reward punishes survival
it  433 steps  42565632 sps  104,655 | ep_ret   -9.09 ep_len  215.6 (n=444) | pg -0.012 vf 0.035 kl 0.0158 lr 1.1e-04
[anomaly] it 433: terminal-step reward dominates the episode: survival is being punished
[anomaly] it 433: returns fall as episodes lengthen (corr -0.99): the reward punishes survival
it  434 steps  42663936 sps  104,655 | ep_ret   -9.01 ep_len  213.0 (n=411) | pg -0.012 vf 0.034 kl 0.0135 lr 1.1e-04
[anomaly] it 434: terminal-step reward dominates the episode: survival is being punished
[anomaly] it 434: returns fall as episodes lengthen (corr -0.99): the reward punishes survival
[anomaly] it 434: joint limit violated by 0.06 rad
it  435 steps  42762240 sps  104,666 | ep_ret   -8.98 ep_len  210.6 (n=417) | pg -0.009 vf 0.036 kl 0.0168 lr 1.1e-04
[anomaly] it 435: terminal-step reward dominates the episode: survival is being punished
[anomaly] it 435: returns fall as episodes lengthen (corr -0.99): the reward punishes survival
[anomaly] it 435: joint limit violated by 0.06 rad
it  436 steps  42860544 sps  104,676 | ep_ret   -8.85 ep_len  205.2 (n=382) | pg -0.012 vf 0.037 kl 0.0135 lr 1.1e-04
[anomaly] it 436: terminal-step reward dominates the episode: survival is being punished
[anomaly] it 436: returns fall as episodes lengthen (corr -0.99): the reward punishes survival
[anomaly] it 436: joint limit violated by 0.05 rad
it  437 steps  42958848 sps  104,686 | ep_ret   -9.23 ep_len  223.6 (n=434) | pg -0.012 vf 0.039 kl 0.0163 lr 1.1e-04
[anomaly] it 437: terminal-step reward dominates the episode: survival is being punished
[anomaly] it 437: returns fall as episodes lengthen (corr -0.99): the reward punishes survival
[anomaly] it 437: joint limit violated by 0.05 rad
[anomaly] it 437: contact force 18020 N > 50x robot weight
it  438 steps  43057152 sps  104,695 | ep_ret   -9.19 ep_len  219.0 (n=423) | pg -0.007 vf 0.035 kl 0.0128 lr 7.6e-05
[anomaly] it 438: terminal-step reward dominates the episode: survival is being punished
[anomaly] it 438: returns fall as episodes lengthen (corr -0.99): the reward punishes survival
[anomaly] it 438: contact force 20165 N > 50x robot weight
it  439 steps  43155456 sps  104,706 | ep_ret   -9.10 ep_len  217.2 (n=448) | pg -0.011 vf 0.038 kl 0.0159 lr 1.1e-04
[anomaly] it 439: terminal-step reward dominates the episode: survival is being punished
[anomaly] it 439: returns fall as episodes lengthen (corr -0.99): the reward punishes survival
[anomaly] it 439: joint limit violated by 0.05 rad
[anomaly] it 439: contact force 17439 N > 50x robot weight
it  440 steps  43253760 sps  104,716 | ep_ret   -9.34 ep_len  228.8 (n=421) | pg -0.010 vf 0.038 kl 0.0139 lr 1.1e-04
[anomaly] it 440: terminal-step reward dominates the episode: survival is being punished
[anomaly] it 440: returns fall as episodes lengthen (corr -0.99): the reward punishes survival
it  441 steps  43352064 sps  104,726 | ep_ret   -9.30 ep_len  234.1 (n=397) | pg -0.011 vf 0.039 kl 0.0135 lr 1.1e-04
[anomaly] it 441: terminal-step reward dominates the episode: survival is being punished
[anomaly] it 441: returns fall as episodes lengthen (corr -0.99): the reward punishes survival
[anomaly] it 441: joint limit violated by 0.05 rad
[anomaly] it 441: contact force 16206 N > 50x robot weight
it  442 steps  43450368 sps  104,735 | ep_ret   -8.95 ep_len  217.0 (n=405) | pg -0.013 vf 0.037 kl 0.0162 lr 7.6e-05
[anomaly] it 442: terminal-step reward dominates the episode: survival is being punished
[anomaly] it 442: returns fall as episodes lengthen (corr -0.99): the reward punishes survival
[anomaly] it 442: joint limit violated by 0.06 rad
it  443 steps  43548672 sps  104,744 | ep_ret   -9.18 ep_len  216.5 (n=412) | pg -0.011 vf 0.038 kl 0.0152 lr 1.1e-04
[anomaly] it 443: terminal-step reward dominates the episode: survival is being punished
[anomaly] it 443: returns fall as episodes lengthen (corr -0.99): the reward punishes survival
[anomaly] it 443: joint limit violated by 0.06 rad
[anomaly] it 443: contact force 25090 N > 50x robot weight
it  444 steps  43646976 sps  104,753 | ep_ret   -9.18 ep_len  220.7 (n=428) | pg -0.011 vf 0.035 kl 0.0158 lr 1.1e-04
[anomaly] it 444: terminal-step reward dominates the episode: survival is being punished
[anomaly] it 444: returns fall as episodes lengthen (corr -0.99): the reward punishes survival
[anomaly] it 444: joint limit violated by 0.06 rad
[anomaly] it 444: contact force 16415 N > 50x robot weight
it  445 steps  43745280 sps  104,764 | ep_ret   -9.24 ep_len  224.0 (n=412) | pg -0.011 vf 0.039 kl 0.0153 lr 1.7e-04
[anomaly] it 445: terminal-step reward dominates the episode: survival is being punished
[anomaly] it 445: returns fall as episodes lengthen (corr -0.99): the reward punishes survival
[anomaly] it 445: joint limit violated by 0.05 rad
it  446 steps  43843584 sps  104,774 | ep_ret   -9.44 ep_len  240.3 (n=389) | pg -0.011 vf 0.037 kl 0.0153 lr 1.7e-04
[anomaly] it 446: terminal-step reward dominates the episode: survival is being punished
[anomaly] it 446: returns fall as episodes lengthen (corr -0.99): the reward punishes survival
[anomaly] it 446: joint limit violated by 0.05 rad
it  447 steps  43941888 sps  104,784 | ep_ret   -9.22 ep_len  226.7 (n=411) | pg -0.009 vf 0.040 kl 0.0151 lr 1.1e-04
[anomaly] it 447: terminal-step reward dominates the episode: survival is being punished
[anomaly] it 447: returns fall as episodes lengthen (corr -0.99): the reward punishes survival
[anomaly] it 447: joint limit violated by 0.05 rad
[anomaly] it 447: contact force 19937 N > 50x robot weight
it  448 steps  44040192 sps  104,793 | ep_ret   -9.65 ep_len  237.8 (n=433) | pg -0.013 vf 0.038 kl 0.0147 lr 1.1e-04
[anomaly] it 448: terminal-step reward dominates the episode: survival is being punished
[anomaly] it 448: returns fall as episodes lengthen (corr -0.99): the reward punishes survival
[anomaly] it 448: joint limit violated by 0.05 rad
it  449 steps  44138496 sps  104,795 | ep_ret   -9.93 ep_len  252.9 (n=388) | pg -0.013 vf 0.039 kl 0.0154 lr 1.1e-04
[anomaly] it 449: terminal-step reward dominates the episode: survival is being punished
[anomaly] it 449: returns fall as episodes lengthen (corr -0.99): the reward punishes survival
[anomaly] it 449: joint limit violated by 0.05 rad
it  450 steps  44236800 sps  104,794 | ep_ret   -9.50 ep_len  237.1 (n=369) | pg -0.009 vf 0.034 kl 0.0152 lr 1.7e-04
[anomaly] it 450: terminal-step reward dominates the episode: survival is being punished
[anomaly] it 450: returns fall as episodes lengthen (corr -0.99): the reward punishes survival
it  451 steps  44335104 sps  104,794 | ep_ret   -9.46 ep_len  226.6 (n=399) | pg -0.013 vf 0.035 kl 0.0165 lr 1.1e-04
[anomaly] it 451: terminal-step reward dominates the episode: survival is being punished
[anomaly] it 451: returns fall as episodes lengthen (corr -0.99): the reward punishes survival
[anomaly] it 451: joint limit violated by 0.05 rad
[anomaly] it 451: contact force 18377 N > 50x robot weight
it  452 steps  44433408 sps  104,805 | ep_ret   -9.57 ep_len  242.8 (n=391) | pg -0.010 vf 0.041 kl 0.0146 lr 1.1e-04
[anomaly] it 452: terminal-step reward dominates the episode: survival is being punished
[anomaly] it 452: returns fall as episodes lengthen (corr -0.99): the reward punishes survival
[anomaly] it 452: joint limit violated by 0.06 rad
it  453 steps  44531712 sps  104,814 | ep_ret   -9.42 ep_len  231.5 (n=384) | pg -0.011 vf 0.039 kl 0.0151 lr 1.1e-04
[anomaly] it 453: terminal-step reward dominates the episode: survival is being punished
[anomaly] it 453: returns fall as episodes lengthen (corr -0.99): the reward punishes survival
[anomaly] it 453: joint limit violated by 0.05 rad
it  454 steps  44630016 sps  104,819 | ep_ret   -9.80 ep_len  250.3 (n=409) | pg -0.014 vf 0.038 kl 0.0150 lr 1.1e-04
[anomaly] it 454: terminal-step reward dominates the episode: survival is being punished
[anomaly] it 454: returns fall as episodes lengthen (corr -0.99): the reward punishes survival
[anomaly] it 454: joint limit violated by 0.05 rad
it  455 steps  44728320 sps  104,827 | ep_ret   -9.78 ep_len  244.4 (n=382) | pg -0.011 vf 0.039 kl 0.0151 lr 7.6e-05
[anomaly] it 455: terminal-step reward dominates the episode: survival is being punished
[anomaly] it 455: returns fall as episodes lengthen (corr -0.99): the reward punishes survival
[anomaly] it 455: joint limit violated by 0.05 rad
it  456 steps  44826624 sps  104,836 | ep_ret   -9.80 ep_len  243.6 (n=379) | pg -0.012 vf 0.039 kl 0.0150 lr 1.1e-04
[anomaly] it 456: terminal-step reward dominates the episode: survival is being punished
[anomaly] it 456: returns fall as episodes lengthen (corr -0.99): the reward punishes survival
[anomaly] it 456: contact force 15825 N > 50x robot weight
it  457 steps  44924928 sps  104,846 | ep_ret   -9.99 ep_len  254.2 (n=405) | pg -0.011 vf 0.041 kl 0.0139 lr 1.1e-04
[anomaly] it 457: terminal-step reward dominates the episode: survival is being punished
[anomaly] it 457: returns fall as episodes lengthen (corr -0.99): the reward punishes survival
it  458 steps  45023232 sps  104,855 | ep_ret   -9.78 ep_len  247.5 (n=433) | pg -0.011 vf 0.041 kl 0.0137 lr 1.1e-04
[anomaly] it 458: terminal-step reward dominates the episode: survival is being punished
[anomaly] it 458: returns fall as episodes lengthen (corr -0.99): the reward punishes survival
[anomaly] it 458: joint limit violated by 0.06 rad
it  459 steps  45121536 sps  104,862 | ep_ret  -10.18 ep_len  261.4 (n=383) | pg -0.008 vf 0.040 kl 0.0163 lr 1.1e-04
[anomaly] it 459: terminal-step reward dominates the episode: survival is being punished
[anomaly] it 459: returns fall as episodes lengthen (corr -0.99): the reward punishes survival
it  460 steps  45219840 sps  104,867 | ep_ret   -9.83 ep_len  247.0 (n=379) | pg -0.009 vf 0.041 kl 0.0134 lr 1.1e-04
[anomaly] it 460: terminal-step reward dominates the episode: survival is being punished
[anomaly] it 460: returns fall as episodes lengthen (corr -0.99): the reward punishes survival
[anomaly] it 460: joint limit violated by 0.05 rad
it  461 steps  45318144 sps  104,863 | ep_ret   -9.97 ep_len  258.5 (n=413) | pg -0.012 vf 0.042 kl 0.0151 lr 7.6e-05
[anomaly] it 461: terminal-step reward dominates the episode: survival is being punished
[anomaly] it 461: returns fall as episodes lengthen (corr -0.99): the reward punishes survival
[anomaly] it 461: joint limit violated by 0.06 rad
it  462 steps  45416448 sps  104,854 | ep_ret   -9.71 ep_len  238.5 (n=390) | pg -0.010 vf 0.039 kl 0.0147 lr 1.1e-04
[anomaly] it 462: terminal-step reward dominates the episode: survival is being punished
[anomaly] it 462: returns fall as episodes lengthen (corr -0.99): the reward punishes survival
[anomaly] it 462: joint limit violated by 0.05 rad
it  463 steps  45514752 sps  104,848 | ep_ret   -9.73 ep_len  245.9 (n=400) | pg -0.010 vf 0.039 kl 0.0129 lr 7.6e-05
[anomaly] it 463: terminal-step reward dominates the episode: survival is being punished
[anomaly] it 463: returns fall as episodes lengthen (corr -0.99): the reward punishes survival
[anomaly] it 463: joint limit violated by 0.07 rad
it  464 steps  45613056 sps  104,853 | ep_ret  -10.18 ep_len  258.1 (n=363) | pg -0.011 vf 0.038 kl 0.0137 lr 1.1e-04
[anomaly] it 464: terminal-step reward dominates the episode: survival is being punished
[anomaly] it 464: returns fall as episodes lengthen (corr -0.99): the reward punishes survival
[anomaly] it 464: contact force 16142 N > 50x robot weight
it  465 steps  45711360 sps  104,858 | ep_ret   -9.83 ep_len  242.7 (n=388) | pg -0.012 vf 0.038 kl 0.0145 lr 1.7e-04
[anomaly] it 465: terminal-step reward dominates the episode: survival is being punished
[anomaly] it 465: returns fall as episodes lengthen (corr -0.99): the reward punishes survival
[anomaly] it 465: contact force 18801 N > 50x robot weight
it  466 steps  45809664 sps  104,861 | ep_ret   -9.81 ep_len  248.1 (n=356) | pg -0.010 vf 0.039 kl 0.0132 lr 7.6e-05
[anomaly] it 466: terminal-step reward dominates the episode: survival is being punished
[anomaly] it 466: returns fall as episodes lengthen (corr -0.99): the reward punishes survival
it  467 steps  45907968 sps  104,865 | ep_ret  -10.01 ep_len  256.7 (n=356) | pg -0.011 vf 0.038 kl 0.0114 lr 1.1e-04
[anomaly] it 467: terminal-step reward dominates the episode: survival is being punished
[anomaly] it 467: returns fall as episodes lengthen (corr -0.99): the reward punishes survival
[anomaly] it 467: joint limit violated by 0.07 rad
it  468 steps  46006272 sps  104,873 | ep_ret   -9.57 ep_len  232.9 (n=390) | pg -0.012 vf 0.035 kl 0.0153 lr 1.1e-04
[anomaly] it 468: terminal-step reward dominates the episode: survival is being punished
[anomaly] it 468: returns fall as episodes lengthen (corr -0.99): the reward punishes survival
[anomaly] it 468: joint limit violated by 0.09 rad
it  469 steps  46104576 sps  104,883 | ep_ret  -10.15 ep_len  258.4 (n=358) | pg -0.010 vf 0.041 kl 0.0140 lr 7.6e-05
[anomaly] it 469: terminal-step reward dominates the episode: survival is being punished
[anomaly] it 469: returns fall as episodes lengthen (corr -0.99): the reward punishes survival
[anomaly] it 469: joint limit violated by 0.06 rad
it  470 steps  46202880 sps  104,891 | ep_ret  -10.29 ep_len  267.2 (n=373) | pg -0.010 vf 0.041 kl 0.0117 lr 1.1e-04
[anomaly] it 470: terminal-step reward dominates the episode: survival is being punished
[anomaly] it 470: returns fall as episodes lengthen (corr -0.99): the reward punishes survival
it  471 steps  46301184 sps  104,900 | ep_ret   -9.82 ep_len  241.1 (n=385) | pg -0.009 vf 0.038 kl 0.0142 lr 1.1e-04
[anomaly] it 471: terminal-step reward dominates the episode: survival is being punished
[anomaly] it 471: returns fall as episodes lengthen (corr -0.99): the reward punishes survival
it  472 steps  46399488 sps  104,908 | ep_ret  -10.29 ep_len  267.4 (n=381) | pg -0.011 vf 0.042 kl 0.0152 lr 7.6e-05
[anomaly] it 472: terminal-step reward dominates the episode: survival is being punished
[anomaly] it 472: returns fall as episodes lengthen (corr -0.99): the reward punishes survival
[anomaly] it 472: contact force 19929 N > 50x robot weight
it  473 steps  46497792 sps  104,917 | ep_ret  -10.58 ep_len  278.5 (n=379) | pg -0.008 vf 0.041 kl 0.0129 lr 7.6e-05
[anomaly] it 473: terminal-step reward dominates the episode: survival is being punished
[anomaly] it 473: returns fall as episodes lengthen (corr -0.99): the reward punishes survival
[anomaly] it 473: contact force 16386 N > 50x robot weight
it  474 steps  46596096 sps  104,924 | ep_ret  -10.06 ep_len  253.2 (n=361) | pg -0.011 vf 0.036 kl 0.0164 lr 7.6e-05
[anomaly] it 474: terminal-step reward dominates the episode: survival is being punished
[anomaly] it 474: returns fall as episodes lengthen (corr -0.99): the reward punishes survival
[anomaly] it 474: joint limit violated by 0.35 rad
it  475 steps  46694400 sps  104,931 | ep_ret  -10.33 ep_len  263.6 (n=359) | pg -0.011 vf 0.037 kl 0.0118 lr 1.1e-04
[anomaly] it 475: terminal-step reward dominates the episode: survival is being punished
[anomaly] it 475: returns fall as episodes lengthen (corr -0.99): the reward punishes survival
[anomaly] it 475: joint limit violated by 0.06 rad
it  476 steps  46792704 sps  104,936 | ep_ret   -9.75 ep_len  234.9 (n=374) | pg -0.011 vf 0.036 kl 0.0139 lr 1.1e-04
[anomaly] it 476: terminal-step reward dominates the episode: survival is being punished
[anomaly] it 476: returns fall as episodes lengthen (corr -0.99): the reward punishes survival
[anomaly] it 476: joint limit violated by 0.05 rad
it  477 steps  46891008 sps  104,943 | ep_ret  -10.12 ep_len  253.5 (n=369) | pg -0.008 vf 0.036 kl 0.0147 lr 5.1e-05
[anomaly] it 477: terminal-step reward dominates the episode: survival is being punished
[anomaly] it 477: returns fall as episodes lengthen (corr -0.99): the reward punishes survival
it  478 steps  46989312 sps  104,951 | ep_ret  -10.22 ep_len  252.6 (n=381) | pg -0.010 vf 0.033 kl 0.0127 lr 1.1e-04
[anomaly] it 478: terminal-step reward dominates the episode: survival is being punished
[anomaly] it 478: returns fall as episodes lengthen (corr -0.99): the reward punishes survival
[anomaly] it 478: joint limit violated by 0.08 rad
it  479 steps  47087616 sps  104,958 | ep_ret  -10.55 ep_len  267.0 (n=391) | pg -0.011 vf 0.039 kl 0.0142 lr 1.1e-04
[anomaly] it 479: terminal-step reward dominates the episode: survival is being punished
[anomaly] it 479: returns fall as episodes lengthen (corr -0.99): the reward punishes survival
it  480 steps  47185920 sps  104,968 | ep_ret  -10.14 ep_len  249.0 (n=372) | pg -0.011 vf 0.038 kl 0.0158 lr 1.1e-04
[anomaly] it 480: terminal-step reward dominates the episode: survival is being punished
[anomaly] it 480: returns fall as episodes lengthen (corr -0.99): the reward punishes survival
it  481 steps  47284224 sps  104,977 | ep_ret  -10.05 ep_len  246.2 (n=373) | pg -0.012 vf 0.037 kl 0.0153 lr 7.6e-05
[anomaly] it 481: terminal-step reward dominates the episode: survival is being punished
[anomaly] it 481: returns fall as episodes lengthen (corr -0.99): the reward punishes survival
[anomaly] it 481: contact force 21213 N > 50x robot weight
it  482 steps  47382528 sps  104,984 | ep_ret  -10.23 ep_len  265.3 (n=347) | pg -0.010 vf 0.039 kl 0.0148 lr 1.1e-04
[anomaly] it 482: terminal-step reward dominates the episode: survival is being punished
[anomaly] it 482: returns fall as episodes lengthen (corr -0.99): the reward punishes survival
[anomaly] it 482: joint limit violated by 0.06 rad
[anomaly] it 482: contact force 18827 N > 50x robot weight
it  483 steps  47480832 sps  104,984 | ep_ret  -10.63 ep_len  271.5 (n=386) | pg -0.013 vf 0.038 kl 0.0147 lr 1.1e-04
[anomaly] it 483: terminal-step reward dominates the episode: survival is being punished
[anomaly] it 483: returns fall as episodes lengthen (corr -0.99): the reward punishes survival
[anomaly] it 483: joint limit violated by 0.48 rad
[anomaly] it 483: contact force 17686 N > 50x robot weight
it  484 steps  47579136 sps  104,985 | ep_ret  -10.32 ep_len  256.9 (n=353) | pg -0.011 vf 0.034 kl 0.0159 lr 7.6e-05
[anomaly] it 484: terminal-step reward dominates the episode: survival is being punished
[anomaly] it 484: returns fall as episodes lengthen (corr -0.99): the reward punishes survival
[anomaly] it 484: joint limit violated by 0.05 rad
[anomaly] it 484: contact force 18606 N > 50x robot weight
it  485 steps  47677440 sps  104,971 | ep_ret  -10.17 ep_len  247.4 (n=346) | pg -0.011 vf 0.036 kl 0.0122 lr 1.1e-04
[anomaly] it 485: terminal-step reward dominates the episode: survival is being punished
[anomaly] it 485: returns fall as episodes lengthen (corr -0.99): the reward punishes survival
[anomaly] it 485: joint limit violated by 0.05 rad
it  486 steps  47775744 sps  104,968 | ep_ret  -10.52 ep_len  270.1 (n=331) | pg -0.011 vf 0.036 kl 0.0156 lr 1.7e-04
[anomaly] it 486: terminal-step reward dominates the episode: survival is being punished
[anomaly] it 486: returns fall as episodes lengthen (corr -0.99): the reward punishes survival
[anomaly] it 486: contact force 16466 N > 50x robot weight
it  487 steps  47874048 sps  104,971 | ep_ret   -9.85 ep_len  236.5 (n=332) | pg -0.007 vf 0.036 kl 0.0135 lr 7.6e-05
[anomaly] it 487: terminal-step reward dominates the episode: survival is being punished
[anomaly] it 487: returns fall as episodes lengthen (corr -0.99): the reward punishes survival
it  488 steps  47972352 sps  104,977 | ep_ret  -10.24 ep_len  256.0 (n=342) | pg -0.009 vf 0.037 kl 0.0131 lr 1.1e-04
[anomaly] it 488: terminal-step reward dominates the episode: survival is being punished
[anomaly] it 488: returns fall as episodes lengthen (corr -0.99): the reward punishes survival
[anomaly] it 488: contact force 18993 N > 50x robot weight
it  489 steps  48070656 sps  104,985 | ep_ret  -10.59 ep_len  274.2 (n=320) | pg -0.009 vf 0.038 kl 0.0159 lr 7.6e-05
[anomaly] it 489: terminal-step reward dominates the episode: survival is being punished
[anomaly] it 489: returns fall as episodes lengthen (corr -0.99): the reward punishes survival
[anomaly] it 489: joint limit violated by 0.05 rad
[anomaly] it 489: contact force 23744 N > 50x robot weight
it  490 steps  48168960 sps  104,994 | ep_ret  -10.21 ep_len  250.1 (n=348) | pg -0.009 vf 0.034 kl 0.0141 lr 1.1e-04
[anomaly] it 490: terminal-step reward dominates the episode: survival is being punished
[anomaly] it 490: returns fall as episodes lengthen (corr -0.99): the reward punishes survival
[anomaly] it 490: contact force 18894 N > 50x robot weight
it  491 steps  48267264 sps  104,999 | ep_ret  -10.67 ep_len  275.2 (n=298) | pg -0.006 vf 0.035 kl 0.0133 lr 7.6e-05
[anomaly] it 491: terminal-step reward dominates the episode: survival is being punished
[anomaly] it 491: returns fall as episodes lengthen (corr -0.99): the reward punishes survival
[anomaly] it 491: joint limit violated by 0.05 rad
it  492 steps  48365568 sps  104,993 | ep_ret  -10.65 ep_len  272.5 (n=364) | pg -0.011 vf 0.041 kl 0.0123 lr 1.1e-04
[anomaly] it 492: terminal-step reward dominates the episode: survival is being punished
[anomaly] it 492: returns fall as episodes lengthen (corr -0.99): the reward punishes survival
it  493 steps  48463872 sps  104,996 | ep_ret  -10.92 ep_len  280.5 (n=340) | pg -0.010 vf 0.034 kl 0.0154 lr 1.1e-04
[anomaly] it 493: terminal-step reward dominates the episode: survival is being punished
[anomaly] it 493: returns fall as episodes lengthen (corr -0.99): the reward punishes survival
[anomaly] it 493: joint limit violated by 0.06 rad
[anomaly] it 493: contact force 16108 N > 50x robot weight
it  494 steps  48562176 sps  105,002 | ep_ret  -11.26 ep_len  292.9 (n=292) | pg -0.008 vf 0.039 kl 0.0142 lr 1.1e-04
[anomaly] it 494: terminal-step reward dominates the episode: survival is being punished
[anomaly] it 494: returns fall as episodes lengthen (corr -0.99): the reward punishes survival
it  495 steps  48660480 sps  105,005 | ep_ret  -10.72 ep_len  279.0 (n=299) | pg -0.007 vf 0.035 kl 0.0159 lr 1.1e-04
[anomaly] it 495: terminal-step reward dominates the episode: survival is being punished
[anomaly] it 495: returns fall as episodes lengthen (corr -0.99): the reward punishes survival
it  496 steps  48758784 sps  105,011 | ep_ret  -10.58 ep_len  266.9 (n=329) | pg -0.010 vf 0.035 kl 0.0161 lr 1.1e-04
[anomaly] it 496: terminal-step reward dominates the episode: survival is being punished
[anomaly] it 496: returns fall as episodes lengthen (corr -0.99): the reward punishes survival
it  497 steps  48857088 sps  105,017 | ep_ret  -11.07 ep_len  288.2 (n=308) | pg -0.010 vf 0.034 kl 0.0157 lr 5.1e-05
[anomaly] it 497: terminal-step reward dominates the episode: survival is being punished
[anomaly] it 497: returns fall as episodes lengthen (corr -0.99): the reward punishes survival
[anomaly] it 497: joint limit violated by 0.05 rad
[anomaly] it 497: contact force 18016 N > 50x robot weight
it  498 steps  48955392 sps  105,023 | ep_ret  -11.38 ep_len  300.4 (n=325) | pg -0.010 vf 0.037 kl 0.0140 lr 7.6e-05
[anomaly] it 498: terminal-step reward dominates the episode: survival is being punished
[anomaly] it 498: returns fall as episodes lengthen (corr -0.99): the reward punishes survival
[anomaly] it 498: contact force 16870 N > 50x robot weight
it  499 steps  49053696 sps  105,028 | ep_ret  -11.86 ep_len  340.1 (n=302) | pg -0.010 vf 0.044 kl 0.0136 lr 1.1e-04
[anomaly] it 499: terminal-step reward dominates the episode: survival is being punished
[anomaly] it 499: returns fall as episodes lengthen (corr -0.99): the reward punishes survival
it  500 steps  49152000 sps  105,034 | ep_ret  -11.35 ep_len  314.6 (n=286) | pg -0.011 vf 0.039 kl 0.0146 lr 1.1e-04
[anomaly] it 500: terminal-step reward dominates the episode: survival is being punished
[anomaly] it 500: returns fall as episodes lengthen (corr -0.99): the reward punishes survival
[anomaly] it 500: contact force 17603 N > 50x robot weight
it  501 steps  49250304 sps  105,041 | ep_ret  -11.39 ep_len  313.0 (n=275) | pg -0.009 vf 0.038 kl 0.0154 lr 1.1e-04
[anomaly] it 501: terminal-step reward dominates the episode: survival is being punished
[anomaly] it 501: returns fall as episodes lengthen (corr -0.99): the reward punishes survival
[anomaly] it 501: joint limit violated by 0.43 rad
it  502 steps  49348608 sps  105,048 | ep_ret  -11.22 ep_len  292.0 (n=297) | pg -0.009 vf 0.036 kl 0.0160 lr 1.1e-04
[anomaly] it 502: terminal-step reward dominates the episode: survival is being punished
[anomaly] it 502: returns fall as episodes lengthen (corr -0.99): the reward punishes survival
[anomaly] it 502: joint limit violated by 0.06 rad
it  503 steps  49446912 sps  105,057 | ep_ret  -11.46 ep_len  314.4 (n=286) | pg -0.011 vf 0.041 kl 0.0138 lr 7.6e-05
[anomaly] it 503: terminal-step reward dominates the episode: survival is being punished
[anomaly] it 503: returns fall as episodes lengthen (corr -0.99): the reward punishes survival
[anomaly] it 503: joint limit violated by 0.05 rad
it  504 steps  49545216 sps  105,063 | ep_ret  -11.61 ep_len  317.3 (n=307) | pg -0.011 vf 0.042 kl 0.0145 lr 1.1e-04
[anomaly] it 504: terminal-step reward dominates the episode: survival is being punished
[anomaly] it 504: returns fall as episodes lengthen (corr -0.99): the reward punishes survival
[anomaly] it 504: joint limit violated by 0.06 rad
it  505 steps  49643520 sps  105,069 | ep_ret  -11.40 ep_len  311.0 (n=284) | pg -0.011 vf 0.039 kl 0.0145 lr 7.6e-05
[anomaly] it 505: terminal-step reward dominates the episode: survival is being punished
[anomaly] it 505: returns fall as episodes lengthen (corr -0.99): the reward punishes survival
it  506 steps  49741824 sps  105,075 | ep_ret  -11.75 ep_len  323.2 (n=253) | pg -0.011 vf 0.041 kl 0.0140 lr 1.1e-04
[anomaly] it 506: terminal-step reward dominates the episode: survival is being punished
[anomaly] it 506: returns fall as episodes lengthen (corr -0.99): the reward punishes survival
it  507 steps  49840128 sps  105,080 | ep_ret  -12.07 ep_len  347.2 (n=282) | pg -0.010 vf 0.041 kl 0.0167 lr 1.1e-04
[anomaly] it 507: terminal-step reward dominates the episode: survival is being punished
[anomaly] it 507: returns fall as episodes lengthen (corr -0.99): the reward punishes survival
it  508 steps  49938432 sps  105,085 | ep_ret  -11.98 ep_len  343.7 (n=313) | pg -0.012 vf 0.047 kl 0.0155 lr 7.6e-05
[anomaly] it 508: terminal-step reward dominates the episode: survival is being punished
[anomaly] it 508: returns fall as episodes lengthen (corr -0.99): the reward punishes survival
[anomaly] it 508: joint limit violated by 0.06 rad
[anomaly] it 508: contact force 18514 N > 50x robot weight
it  509 steps  50036736 sps  105,091 | ep_ret  -11.60 ep_len  319.4 (n=258) | pg -0.011 vf 0.039 kl 0.0159 lr 7.6e-05
[anomaly] it 509: terminal-step reward dominates the episode: survival is being punished
[anomaly] it 509: returns fall as episodes lengthen (corr -0.99): the reward punishes survival
[anomaly] it 509: joint limit violated by 0.05 rad
it  510 steps  50135040 sps  105,098 | ep_ret  -11.98 ep_len  318.7 (n=311) | pg -0.012 vf 0.038 kl 0.0133 lr 1.1e-04
[anomaly] it 510: terminal-step reward dominates the episode: survival is being punished
[anomaly] it 510: returns fall as episodes lengthen (corr -0.99): the reward punishes survival
[anomaly] it 510: joint limit violated by 0.05 rad
[anomaly] it 510: contact force 17661 N > 50x robot weight
it  511 steps  50233344 sps  105,104 | ep_ret  -12.33 ep_len  344.0 (n=275) | pg -0.011 vf 0.044 kl 0.0163 lr 1.1e-04
[anomaly] it 511: terminal-step reward dominates the episode: survival is being punished
[anomaly] it 511: returns fall as episodes lengthen (corr -0.99): the reward punishes survival
[anomaly] it 511: joint limit violated by 0.05 rad
it  512 steps  50331648 sps  105,110 | ep_ret  -12.53 ep_len  361.6 (n=305) | pg -0.011 vf 0.047 kl 0.0148 lr 1.1e-04
[anomaly] it 512: terminal-step reward dominates the episode: survival is being punished
[anomaly] it 512: returns fall as episodes lengthen (corr -0.99): the reward punishes survival
[anomaly] it 512: joint limit violated by 0.05 rad
it  513 steps  50429952 sps  105,116 | ep_ret  -11.72 ep_len  323.1 (n=283) | pg -0.009 vf 0.040 kl 0.0152 lr 1.1e-04
[anomaly] it 513: terminal-step reward dominates the episode: survival is being punished
[anomaly] it 513: returns fall as episodes lengthen (corr -0.99): the reward punishes survival
[anomaly] it 513: joint limit violated by 0.06 rad
it  514 steps  50528256 sps  105,123 | ep_ret  -12.13 ep_len  348.9 (n=270) | pg -0.011 vf 0.045 kl 0.0145 lr 7.6e-05
[anomaly] it 514: terminal-step reward dominates the episode: survival is being punished
[anomaly] it 514: returns fall as episodes lengthen (corr -0.99): the reward punishes survival
[anomaly] it 514: joint limit violated by 0.06 rad
it  515 steps  50626560 sps  105,128 | ep_ret  -11.91 ep_len  339.8 (n=280) | pg -0.009 vf 0.040 kl 0.0149 lr 1.1e-04
[anomaly] it 515: terminal-step reward dominates the episode: survival is being punished
[anomaly] it 515: returns fall as episodes lengthen (corr -0.99): the reward punishes survival
[anomaly] it 515: joint limit violated by 0.05 rad
it  516 steps  50724864 sps  105,127 | ep_ret  -11.94 ep_len  333.3 (n=295) | pg -0.012 vf 0.041 kl 0.0149 lr 1.1e-04
[anomaly] it 516: terminal-step reward dominates the episode: survival is being punished
[anomaly] it 516: returns fall as episodes lengthen (corr -0.99): the reward punishes survival
it  517 steps  50823168 sps  105,125 | ep_ret  -11.62 ep_len  305.5 (n=289) | pg -0.009 vf 0.038 kl 0.0168 lr 1.1e-04
[anomaly] it 517: terminal-step reward dominates the episode: survival is being punished
[anomaly] it 517: returns fall as episodes lengthen (corr -0.99): the reward punishes survival
[anomaly] it 517: joint limit violated by 0.05 rad
it  518 steps  50921472 sps  105,123 | ep_ret  -11.70 ep_len  320.6 (n=270) | pg -0.008 vf 0.041 kl 0.0162 lr 1.1e-04
[anomaly] it 518: terminal-step reward dominates the episode: survival is being punished
[anomaly] it 518: returns fall as episodes lengthen (corr -0.99): the reward punishes survival
[anomaly] it 518: joint limit violated by 0.05 rad
it  519 steps  51019776 sps  105,122 | ep_ret  -12.05 ep_len  329.4 (n=279) | pg -0.008 vf 0.041 kl 0.0158 lr 5.1e-05
[anomaly] it 519: terminal-step reward dominates the episode: survival is being punished
[anomaly] it 519: returns fall as episodes lengthen (corr -0.99): the reward punishes survival
it  520 steps  51118080 sps  105,130 | ep_ret  -12.47 ep_len  358.3 (n=301) | pg -0.008 vf 0.045 kl 0.0113 lr 7.6e-05
[anomaly] it 520: terminal-step reward dominates the episode: survival is being punished
[anomaly] it 520: returns fall as episodes lengthen (corr -0.99): the reward punishes survival
[anomaly] it 520: joint limit violated by 0.05 rad
it  521 steps  51216384 sps  105,136 | ep_ret  -12.71 ep_len  365.0 (n=286) | pg -0.011 vf 0.048 kl 0.0127 lr 1.1e-04
[anomaly] it 521: terminal-step reward dominates the episode: survival is being punished
[anomaly] it 521: returns fall as episodes lengthen (corr -0.99): the reward punishes survival
[anomaly] it 521: joint limit violated by 0.05 rad
it  522 steps  51314688 sps  105,143 | ep_ret  -11.92 ep_len  329.4 (n=271) | pg -0.011 vf 0.040 kl 0.0153 lr 1.1e-04
[anomaly] it 522: terminal-step reward dominates the episode: survival is being punished
[anomaly] it 522: returns fall as episodes lengthen (corr -0.99): the reward punishes survival
it  523 steps  51412992 sps  105,148 | ep_ret  -11.71 ep_len  314.2 (n=279) | pg -0.010 vf 0.038 kl 0.0142 lr 7.6e-05
[anomaly] it 523: terminal-step reward dominates the episode: survival is being punished
[anomaly] it 523: returns fall as episodes lengthen (corr -0.99): the reward punishes survival
[anomaly] it 523: joint limit violated by 0.05 rad
it  524 steps  51511296 sps  105,153 | ep_ret  -12.71 ep_len  374.2 (n=271) | pg -0.010 vf 0.046 kl 0.0138 lr 1.1e-04
[anomaly] it 524: terminal-step reward dominates the episode: survival is being punished
[anomaly] it 524: returns fall as episodes lengthen (corr -0.99): the reward punishes survival
[anomaly] it 524: joint limit violated by 0.06 rad
it  525 steps  51609600 sps  105,158 | ep_ret  -12.30 ep_len  353.1 (n=270) | pg -0.010 vf 0.047 kl 0.0165 lr 1.1e-04
[anomaly] it 525: terminal-step reward dominates the episode: survival is being punished
[anomaly] it 525: returns fall as episodes lengthen (corr -0.99): the reward punishes survival
[anomaly] it 525: joint limit violated by 0.06 rad
[anomaly] it 525: contact force 16132 N > 50x robot weight
it  526 steps  51707904 sps  105,162 | ep_ret  -11.27 ep_len  297.1 (n=255) | pg -0.012 vf 0.038 kl 0.0166 lr 1.1e-04
[anomaly] it 526: terminal-step reward dominates the episode: survival is being punished
[anomaly] it 526: returns fall as episodes lengthen (corr -0.99): the reward punishes survival
it  527 steps  51806208 sps  105,167 | ep_ret  -12.77 ep_len  363.4 (n=289) | pg -0.010 vf 0.046 kl 0.0146 lr 7.6e-05
[anomaly] it 527: terminal-step reward dominates the episode: survival is being punished
[anomaly] it 527: returns fall as episodes lengthen (corr -0.99): the reward punishes survival
[anomaly] it 527: joint limit violated by 0.05 rad
it  528 steps  51904512 sps  105,171 | ep_ret  -12.32 ep_len  345.1 (n=255) | pg -0.010 vf 0.038 kl 0.0133 lr 1.1e-04
[anomaly] it 528: terminal-step reward dominates the episode: survival is being punished
[anomaly] it 528: returns fall as episodes lengthen (corr -0.99): the reward punishes survival
[anomaly] it 528: joint limit violated by 0.05 rad
it  529 steps  52002816 sps  105,177 | ep_ret  -12.55 ep_len  342.3 (n=230) | pg -0.010 vf 0.040 kl 0.0150 lr 7.6e-05
[anomaly] it 529: terminal-step reward dominates the episode: survival is being punished
[anomaly] it 529: returns fall as episodes lengthen (corr -0.99): the reward punishes survival
[anomaly] it 529: contact force 16799 N > 50x robot weight
it  530 steps  52101120 sps  105,183 | ep_ret  -13.06 ep_len  380.6 (n=274) | pg -0.010 vf 0.040 kl 0.0122 lr 1.1e-04
[anomaly] it 530: terminal-step reward dominates the episode: survival is being punished
[anomaly] it 530: returns fall as episodes lengthen (corr -0.99): the reward punishes survival
[anomaly] it 530: joint limit violated by 0.06 rad
it  531 steps  52199424 sps  105,187 | ep_ret  -12.88 ep_len  376.2 (n=260) | pg -0.008 vf 0.043 kl 0.0133 lr 7.6e-05
[anomaly] it 531: terminal-step reward dominates the episode: survival is being punished
[anomaly] it 531: returns fall as episodes lengthen (corr -0.99): the reward punishes survival
it  532 steps  52297728 sps  105,192 | ep_ret  -12.87 ep_len  367.9 (n=244) | pg -0.012 vf 0.037 kl 0.0136 lr 1.1e-04
[anomaly] it 532: terminal-step reward dominates the episode: survival is being punished
[anomaly] it 532: returns fall as episodes lengthen (corr -0.99): the reward punishes survival
it  533 steps  52396032 sps  105,200 | ep_ret  -12.49 ep_len  349.0 (n=227) | pg -0.010 vf 0.040 kl 0.0153 lr 1.1e-04
[anomaly] it 533: terminal-step reward dominates the episode: survival is being punished
[anomaly] it 533: returns fall as episodes lengthen (corr -0.99): the reward punishes survival
[anomaly] it 533: contact force 19883 N > 50x robot weight
it  534 steps  52494336 sps  105,207 | ep_ret  -13.39 ep_len  382.4 (n=241) | pg -0.008 vf 0.043 kl 0.0146 lr 1.1e-04
[anomaly] it 534: terminal-step reward dominates the episode: survival is being punished
[anomaly] it 534: returns fall as episodes lengthen (corr -0.99): the reward punishes survival
[anomaly] it 534: joint limit violated by 0.05 rad
it  535 steps  52592640 sps  105,214 | ep_ret  -13.26 ep_len  379.8 (n=229) | pg -0.010 vf 0.040 kl 0.0164 lr 5.1e-05
[anomaly] it 535: terminal-step reward dominates the episode: survival is being punished
[anomaly] it 535: returns fall as episodes lengthen (corr -0.99): the reward punishes survival
it  536 steps  52690944 sps  105,220 | ep_ret  -13.23 ep_len  375.9 (n=241) | pg -0.010 vf 0.036 kl 0.0140 lr 1.1e-04
[anomaly] it 536: terminal-step reward dominates the episode: survival is being punished
[anomaly] it 536: returns fall as episodes lengthen (corr -0.99): the reward punishes survival
[anomaly] it 536: joint limit violated by 0.06 rad
it  537 steps  52789248 sps  105,225 | ep_ret  -12.80 ep_len  347.3 (n=239) | pg -0.008 vf 0.039 kl 0.0158 lr 1.1e-04
[anomaly] it 537: terminal-step reward dominates the episode: survival is being punished
[anomaly] it 537: returns fall as episodes lengthen (corr -0.99): the reward punishes survival
[anomaly] it 537: joint limit violated by 0.06 rad
it  538 steps  52887552 sps  105,230 | ep_ret  -13.35 ep_len  386.7 (n=241) | pg -0.006 vf 0.041 kl 0.0127 lr 7.6e-05
[anomaly] it 538: terminal-step reward dominates the episode: survival is being punished
[anomaly] it 538: returns fall as episodes lengthen (corr -0.99): the reward punishes survival
it  539 steps  52985856 sps  105,235 | ep_ret  -13.86 ep_len  402.9 (n=237) | pg -0.010 vf 0.045 kl 0.0151 lr 7.6e-05
[anomaly] it 539: terminal-step reward dominates the episode: survival is being punished
[anomaly] it 539: returns fall as episodes lengthen (corr -0.99): the reward punishes survival
[anomaly] it 539: joint limit violated by 0.06 rad
it  540 steps  53084160 sps  105,239 | ep_ret  -14.13 ep_len  421.5 (n=236) | pg -0.011 vf 0.047 kl 0.0169 lr 1.1e-04
[anomaly] it 540: terminal-step reward dominates the episode: survival is being punished
[anomaly] it 540: returns fall as episodes lengthen (corr -0.99): the reward punishes survival
[anomaly] it 540: joint limit violated by 0.05 rad
it  541 steps  53182464 sps  105,245 | ep_ret  -13.72 ep_len  406.6 (n=256) | pg -0.007 vf 0.043 kl 0.0134 lr 7.6e-05
[anomaly] it 541: terminal-step reward dominates the episode: survival is being punished
[anomaly] it 541: returns fall as episodes lengthen (corr -0.99): the reward punishes survival
[anomaly] it 541: joint limit violated by 0.07 rad
it  542 steps  53280768 sps  105,251 | ep_ret  -14.12 ep_len  415.8 (n=228) | pg -0.011 vf 0.043 kl 0.0147 lr 1.1e-04 | blown 1 dropped 0
[anomaly] it 542: terminal-step reward dominates the episode: survival is being punished
[anomaly] it 542: returns fall as episodes lengthen (corr -0.99): the reward punishes survival
it  543 steps  53379072 sps  105,256 | ep_ret  -13.60 ep_len  398.1 (n=220) | pg -0.008 vf 0.043 kl 0.0154 lr 1.1e-04
[anomaly] it 543: terminal-step reward dominates the episode: survival is being punished
[anomaly] it 543: returns fall as episodes lengthen (corr -0.99): the reward punishes survival
[anomaly] it 543: contact force 15982 N > 50x robot weight
it  544 steps  53477376 sps  105,262 | ep_ret  -13.94 ep_len  416.1 (n=234) | pg -0.007 vf 0.051 kl 0.0154 lr 1.1e-04
[anomaly] it 544: terminal-step reward dominates the episode: survival is being punished
[anomaly] it 544: returns fall as episodes lengthen (corr -0.99): the reward punishes survival
[anomaly] it 544: joint limit violated by 0.07 rad
it  545 steps  53575680 sps  105,267 | ep_ret  -13.51 ep_len  404.3 (n=277) | pg -0.008 vf 0.051 kl 0.0158 lr 1.1e-04
[anomaly] it 545: terminal-step reward dominates the episode: survival is being punished
[anomaly] it 545: returns fall as episodes lengthen (corr -0.99): the reward punishes survival
[anomaly] it 545: joint limit violated by 0.06 rad
it  546 steps  53673984 sps  105,272 | ep_ret  -13.25 ep_len  377.9 (n=256) | pg -0.005 vf 0.040 kl 0.0146 lr 7.6e-05
[anomaly] it 546: terminal-step reward dominates the episode: survival is being punished
[anomaly] it 546: returns fall as episodes lengthen (corr -0.99): the reward punishes survival
[anomaly] it 546: joint limit violated by 0.05 rad
it  547 steps  53772288 sps  105,276 | ep_ret  -12.95 ep_len  379.5 (n=254) | pg -0.010 vf 0.045 kl 0.0133 lr 7.6e-05
[anomaly] it 547: terminal-step reward dominates the episode: survival is being punished
[anomaly] it 547: returns fall as episodes lengthen (corr -0.99): the reward punishes survival
[anomaly] it 547: joint limit violated by 0.05 rad
it  548 steps  53870592 sps  105,279 | ep_ret  -13.36 ep_len  396.7 (n=243) | pg -0.008 vf 0.044 kl 0.0117 lr 7.6e-05 | blown 1 dropped 0
[anomaly] it 548: terminal-step reward dominates the episode: survival is being punished
[anomaly] it 548: returns fall as episodes lengthen (corr -0.99): the reward punishes survival
[anomaly] it 548: joint limit violated by 0.05 rad
it  549 steps  53968896 sps  105,281 | ep_ret  -13.17 ep_len  372.7 (n=251) | pg -0.009 vf 0.039 kl 0.0131 lr 1.1e-04
[anomaly] it 549: terminal-step reward dominates the episode: survival is being punished
[anomaly] it 549: returns fall as episodes lengthen (corr -0.99): the reward punishes survival
it  550 steps  54067200 sps  105,284 | ep_ret  -14.80 ep_len  435.0 (n=221) | pg -0.010 vf 0.041 kl 0.0152 lr 1.1e-04
[anomaly] it 550: terminal-step reward dominates the episode: survival is being punished
[anomaly] it 550: returns fall as episodes lengthen (corr -0.99): the reward punishes survival
it  551 steps  54165504 sps  105,288 | ep_ret  -13.15 ep_len  392.5 (n=246) | pg -0.007 vf 0.047 kl 0.0152 lr 5.1e-05
[anomaly] it 551: terminal-step reward dominates the episode: survival is being punished
[anomaly] it 551: returns fall as episodes lengthen (corr -0.99): the reward punishes survival
[anomaly] it 551: joint limit violated by 0.06 rad
it  552 steps  54263808 sps  105,294 | ep_ret  -13.22 ep_len  381.0 (n=233) | pg -0.008 vf 0.042 kl 0.0107 lr 7.6e-05
[anomaly] it 552: terminal-step reward dominates the episode: survival is being punished
[anomaly] it 552: returns fall as episodes lengthen (corr -0.99): the reward punishes survival
[anomaly] it 552: joint limit violated by 0.06 rad
it  553 steps  54362112 sps  105,300 | ep_ret  -13.95 ep_len  421.4 (n=224) | pg -0.009 vf 0.044 kl 0.0136 lr 7.6e-05
[anomaly] it 553: terminal-step reward dominates the episode: survival is being punished
[anomaly] it 553: returns fall as episodes lengthen (corr -0.99): the reward punishes survival
[anomaly] it 553: joint limit violated by 0.17 rad
it  554 steps  54460416 sps  105,302 | ep_ret  -14.45 ep_len  427.7 (n=250) | pg -0.010 vf 0.044 kl 0.0135 lr 1.1e-04
[anomaly] it 554: terminal-step reward dominates the episode: survival is being punished
[anomaly] it 554: returns fall as episodes lengthen (corr -0.99): the reward punishes survival
[anomaly] it 554: joint limit violated by 0.06 rad
[anomaly] it 554: contact force 19696 N > 50x robot weight
it  555 steps  54558720 sps  105,306 | ep_ret  -12.96 ep_len  364.0 (n=216) | pg -0.006 vf 0.035 kl 0.0146 lr 3.4e-05
[anomaly] it 555: terminal-step reward dominates the episode: survival is being punished
[anomaly] it 555: returns fall as episodes lengthen (corr -0.99): the reward punishes survival
[anomaly] it 555: joint limit violated by 0.06 rad
it  556 steps  54657024 sps  105,312 | ep_ret  -13.86 ep_len  423.0 (n=205) | pg -0.008 vf 0.046 kl 0.0126 lr 7.6e-05
[anomaly] it 556: terminal-step reward dominates the episode: survival is being punished
[anomaly] it 556: returns fall as episodes lengthen (corr -0.99): the reward punishes survival
it  557 steps  54755328 sps  105,316 | ep_ret  -13.47 ep_len  401.8 (n=225) | pg -0.011 vf 0.043 kl 0.0168 lr 7.6e-05
[anomaly] it 557: terminal-step reward dominates the episode: survival is being punished
[anomaly] it 557: returns fall as episodes lengthen (corr -0.99): the reward punishes survival
[anomaly] it 557: joint limit violated by 0.06 rad
it  558 steps  54853632 sps  105,320 | ep_ret  -13.97 ep_len  418.5 (n=236) | pg -0.010 vf 0.043 kl 0.0156 lr 7.6e-05
[anomaly] it 558: terminal-step reward dominates the episode: survival is being punished
[anomaly] it 558: returns fall as episodes lengthen (corr -0.99): the reward punishes survival
[anomaly] it 558: joint limit violated by 0.06 rad
it  559 steps  54951936 sps  105,324 | ep_ret  -14.28 ep_len  428.4 (n=214) | pg -0.009 vf 0.042 kl 0.0157 lr 7.6e-05
[anomaly] it 559: terminal-step reward dominates the episode: survival is being punished
[anomaly] it 559: returns fall as episodes lengthen (corr -0.99): the reward punishes survival
it  560 steps  55050240 sps  105,328 | ep_ret  -14.08 ep_len  417.3 (n=203) | pg -0.010 vf 0.046 kl 0.0164 lr 7.6e-05
[anomaly] it 560: terminal-step reward dominates the episode: survival is being punished
[anomaly] it 560: returns fall as episodes lengthen (corr -0.99): the reward punishes survival
[anomaly] it 560: joint limit violated by 0.06 rad
it  561 steps  55148544 sps  105,332 | ep_ret  -13.94 ep_len  411.0 (n=195) | pg -0.003 vf 0.041 kl 0.0115 lr 3.4e-05
[anomaly] it 561: terminal-step reward dominates the episode: survival is being punished
[anomaly] it 561: returns fall as episodes lengthen (corr -0.99): the reward punishes survival
it  562 steps  55246848 sps  105,336 | ep_ret  -15.23 ep_len  468.8 (n=230) | pg -0.007 vf 0.044 kl 0.0097 lr 5.1e-05
[anomaly] it 562: terminal-step reward dominates the episode: survival is being punished
[anomaly] it 562: returns fall as episodes lengthen (corr -0.99): the reward punishes survival
it  563 steps  55345152 sps  105,340 | ep_ret  -13.83 ep_len  415.5 (n=240) | pg -0.008 vf 0.044 kl 0.0110 lr 7.6e-05
[anomaly] it 563: terminal-step reward dominates the episode: survival is being punished
[anomaly] it 563: returns fall as episodes lengthen (corr -0.99): the reward punishes survival
[anomaly] it 563: joint limit violated by 0.05 rad
it  564 steps  55443456 sps  105,344 | ep_ret  -14.67 ep_len  444.6 (n=205) | pg -0.009 vf 0.042 kl 0.0156 lr 7.6e-05
[anomaly] it 564: terminal-step reward dominates the episode: survival is being punished
[anomaly] it 564: returns fall as episodes lengthen (corr -0.99): the reward punishes survival
[anomaly] it 564: joint limit violated by 0.05 rad
it  565 steps  55541760 sps  105,346 | ep_ret  -15.13 ep_len  483.0 (n=231) | pg -0.010 vf 0.049 kl 0.0158 lr 7.6e-05
[anomaly] it 565: terminal-step reward dominates the episode: survival is being punished
[anomaly] it 565: returns fall as episodes lengthen (corr -0.99): the reward punishes survival
it  566 steps  55640064 sps  105,351 | ep_ret  -15.09 ep_len  455.7 (n=226) | pg -0.008 vf 0.045 kl 0.0141 lr 7.6e-05
[anomaly] it 566: terminal-step reward dominates the episode: survival is being punished
[anomaly] it 566: returns fall as episodes lengthen (corr -0.99): the reward punishes survival
it  567 steps  55738368 sps  105,357 | ep_ret  -13.71 ep_len  402.5 (n=228) | pg -0.010 vf 0.042 kl 0.0158 lr 5.1e-05
[anomaly] it 567: terminal-step reward dominates the episode: survival is being punished
[anomaly] it 567: returns fall as episodes lengthen (corr -0.99): the reward punishes survival
[anomaly] it 567: joint limit violated by 0.06 rad
[anomaly] it 567: contact force 16806 N > 50x robot weight
it  568 steps  55836672 sps  105,363 | ep_ret  -14.40 ep_len  432.0 (n=221) | pg -0.009 vf 0.042 kl 0.0135 lr 1.1e-04
[anomaly] it 568: terminal-step reward dominates the episode: survival is being punished
[anomaly] it 568: returns fall as episodes lengthen (corr -0.99): the reward punishes survival
[anomaly] it 568: joint limit violated by 0.06 rad
it  569 steps  55934976 sps  105,369 | ep_ret  -13.61 ep_len  409.7 (n=216) | pg -0.008 vf 0.038 kl 0.0151 lr 7.6e-05
[anomaly] it 569: terminal-step reward dominates the episode: survival is being punished
[anomaly] it 569: returns fall as episodes lengthen (corr -0.99): the reward punishes survival
it  570 steps  56033280 sps  105,373 | ep_ret  -14.02 ep_len  425.3 (n=243) | pg -0.009 vf 0.045 kl 0.0140 lr 5.1e-05
[anomaly] it 570: terminal-step reward dominates the episode: survival is being punished
[anomaly] it 570: returns fall as episodes lengthen (corr -0.99): the reward punishes survival
it  571 steps  56131584 sps  105,377 | ep_ret  -14.46 ep_len  434.3 (n=189) | pg -0.006 vf 0.063 kl 0.0158 lr 5.1e-05
[anomaly] it 571: terminal-step reward dominates the episode: survival is being punished
[anomaly] it 571: returns fall as episodes lengthen (corr -0.99): the reward punishes survival
it  572 steps  56229888 sps  105,381 | ep_ret  -14.82 ep_len  448.5 (n=227) | pg -0.010 vf 0.044 kl 0.0112 lr 7.6e-05
[anomaly] it 572: terminal-step reward dominates the episode: survival is being punished
[anomaly] it 572: returns fall as episodes lengthen (corr -0.99): the reward punishes survival
[anomaly] it 572: joint limit violated by 0.05 rad
it  573 steps  56328192 sps  105,385 | ep_ret  -15.88 ep_len  506.2 (n=215) | pg -0.009 vf 0.052 kl 0.0130 lr 5.1e-05
[anomaly] it 573: terminal-step reward dominates the episode: survival is being punished
[anomaly] it 573: returns fall as episodes lengthen (corr -0.99): the reward punishes survival
[anomaly] it 573: joint limit violated by 0.05 rad
it  574 steps  56426496 sps  105,388 | ep_ret  -14.06 ep_len  412.5 (n=224) | pg -0.009 vf 0.043 kl 0.0137 lr 5.1e-05 | blown 1 dropped 0
[anomaly] it 574: terminal-step reward dominates the episode: survival is being punished
[anomaly] it 574: returns fall as episodes lengthen (corr -0.99): the reward punishes survival
it  575 steps  56524800 sps  105,392 | ep_ret  -15.85 ep_len  475.6 (n=170) | pg -0.007 vf 0.044 kl 0.0146 lr 7.6e-05
[anomaly] it 575: terminal-step reward dominates the episode: survival is being punished
[anomaly] it 575: returns fall as episodes lengthen (corr -0.99): the reward punishes survival
[anomaly] it 575: joint limit violated by 0.05 rad
it  576 steps  56623104 sps  105,396 | ep_ret  -14.85 ep_len  457.8 (n=205) | pg -0.011 vf 0.045 kl 0.0154 lr 5.1e-05
[anomaly] it 576: terminal-step reward dominates the episode: survival is being punished
[anomaly] it 576: returns fall as episodes lengthen (corr -0.99): the reward punishes survival
it  577 steps  56721408 sps  105,400 | ep_ret  -15.15 ep_len  463.0 (n=220) | pg -0.010 vf 0.044 kl 0.0154 lr 7.6e-05
[anomaly] it 577: terminal-step reward dominates the episode: survival is being punished
[anomaly] it 577: returns fall as episodes lengthen (corr -0.99): the reward punishes survival
[anomaly] it 577: contact force 17271 N > 50x robot weight
it  578 steps  56819712 sps  105,404 | ep_ret  -15.51 ep_len  475.1 (n=186) | pg -0.010 vf 0.043 kl 0.0158 lr 7.6e-05
[anomaly] it 578: terminal-step reward dominates the episode: survival is being punished
[anomaly] it 578: returns fall as episodes lengthen (corr -0.99): the reward punishes survival
it  579 steps  56918016 sps  105,408 | ep_ret  -15.57 ep_len  481.4 (n=222) | pg -0.009 vf 0.045 kl 0.0152 lr 1.1e-04
[anomaly] it 579: terminal-step reward dominates the episode: survival is being punished
[anomaly] it 579: returns fall as episodes lengthen (corr -0.99): the reward punishes survival
[anomaly] it 579: joint limit violated by 0.06 rad
it  580 steps  57016320 sps  105,412 | ep_ret  -14.33 ep_len  429.2 (n=199) | pg -0.009 vf 0.043 kl 0.0138 lr 7.6e-05
[anomaly] it 580: terminal-step reward dominates the episode: survival is being punished
[anomaly] it 580: returns fall as episodes lengthen (corr -0.99): the reward punishes survival
[anomaly] it 580: joint limit violated by 0.06 rad
it  581 steps  57114624 sps  105,417 | ep_ret  -14.53 ep_len  420.8 (n=215) | pg -0.009 vf 0.042 kl 0.0144 lr 1.1e-04
[anomaly] it 581: terminal-step reward dominates the episode: survival is being punished
[anomaly] it 581: returns fall as episodes lengthen (corr -0.99): the reward punishes survival
[anomaly] it 581: contact force 16425 N > 50x robot weight
it  582 steps  57212928 sps  105,422 | ep_ret  -14.97 ep_len  456.5 (n=223) | pg -0.006 vf 0.047 kl 0.0151 lr 7.6e-05
[anomaly] it 582: terminal-step reward dominates the episode: survival is being punished
[anomaly] it 582: returns fall as episodes lengthen (corr -0.99): the reward punishes survival
[anomaly] it 582: joint limit violated by 0.05 rad
[anomaly] it 582: contact force 23133 N > 50x robot weight
it  583 steps  57311232 sps  105,427 | ep_ret  -16.06 ep_len  502.0 (n=202) | pg -0.008 vf 0.043 kl 0.0141 lr 1.1e-04
[anomaly] it 583: terminal-step reward dominates the episode: survival is being punished
[anomaly] it 583: returns fall as episodes lengthen (corr -0.99): the reward punishes survival
it  584 steps  57409536 sps  105,433 | ep_ret  -14.32 ep_len  426.5 (n=225) | pg -0.009 vf 0.042 kl 0.0148 lr 7.6e-05
[anomaly] it 584: terminal-step reward dominates the episode: survival is being punished
[anomaly] it 584: returns fall as episodes lengthen (corr -0.99): the reward punishes survival
it  585 steps  57507840 sps  105,439 | ep_ret  -15.40 ep_len  467.7 (n=205) | pg -0.010 vf 0.045 kl 0.0141 lr 1.1e-04
[anomaly] it 585: terminal-step reward dominates the episode: survival is being punished
[anomaly] it 585: returns fall as episodes lengthen (corr -0.99): the reward punishes survival
[anomaly] it 585: joint limit violated by 0.05 rad
it  586 steps  57606144 sps  105,444 | ep_ret  -14.86 ep_len  456.0 (n=229) | pg -0.010 vf 0.043 kl 0.0161 lr 5.1e-05
[anomaly] it 586: terminal-step reward dominates the episode: survival is being punished
[anomaly] it 586: returns fall as episodes lengthen (corr -0.99): the reward punishes survival
[anomaly] it 586: joint limit violated by 0.05 rad
it  587 steps  57704448 sps  105,447 | ep_ret  -14.39 ep_len  430.0 (n=217) | pg -0.007 vf 0.045 kl 0.0133 lr 7.6e-05
[anomaly] it 587: terminal-step reward dominates the episode: survival is being punished
[anomaly] it 587: returns fall as episodes lengthen (corr -0.99): the reward punishes survival
it  588 steps  57802752 sps  105,451 | ep_ret  -15.18 ep_len  483.7 (n=228) | pg -0.007 vf 0.050 kl 0.0135 lr 7.6e-05
[anomaly] it 588: terminal-step reward dominates the episode: survival is being punished
[anomaly] it 588: returns fall as episodes lengthen (corr -0.99): the reward punishes survival
[anomaly] it 588: contact force 18279 N > 50x robot weight
it  589 steps  57901056 sps  105,454 | ep_ret  -15.79 ep_len  494.1 (n=240) | pg -0.001 vf 4.091 kl 0.0192 lr 1.0e-05
[anomaly] it 589: terminal-step reward dominates the episode: survival is being punished
[anomaly] it 589: returns fall as episodes lengthen (corr -0.99): the reward punishes survival
it  590 steps  57999360 sps  105,458 | ep_ret  -15.30 ep_len  467.1 (n=210) | pg -0.010 vf 0.046 kl 0.0083 lr 5.1e-05
[anomaly] it 590: terminal-step reward dominates the episode: survival is being punished
[anomaly] it 590: returns fall as episodes lengthen (corr -0.99): the reward punishes survival
it  591 steps  58097664 sps  105,462 | ep_ret  -16.21 ep_len  462.3 (n=196) | pg -0.010 vf 0.041 kl 0.0105 lr 7.6e-05
[anomaly] it 591: terminal-step reward dominates the episode: survival is being punished
[anomaly] it 591: returns fall as episodes lengthen (corr -0.99): the reward punishes survival
[anomaly] it 591: joint limit violated by 0.05 rad
it  592 steps  58195968 sps  105,465 | ep_ret  -14.65 ep_len  443.9 (n=211) | pg -0.009 vf 0.043 kl 0.0151 lr 5.1e-05
[anomaly] it 592: terminal-step reward dominates the episode: survival is being punished
[anomaly] it 592: returns fall as episodes lengthen (corr -0.99): the reward punishes survival
it  593 steps  58294272 sps  105,468 | ep_ret  -14.70 ep_len  469.3 (n=202) | pg -0.011 vf 0.045 kl 0.0153 lr 1.1e-04
[anomaly] it 593: terminal-step reward dominates the episode: survival is being punished
[anomaly] it 593: returns fall as episodes lengthen (corr -0.99): the reward punishes survival
[anomaly] it 593: joint limit violated by 0.06 rad
it  594 steps  58392576 sps  105,472 | ep_ret  -15.55 ep_len  479.7 (n=186) | pg -0.007 vf 0.045 kl 0.0137 lr 7.6e-05
[anomaly] it 594: terminal-step reward dominates the episode: survival is being punished
[anomaly] it 594: returns fall as episodes lengthen (corr -0.99): the reward punishes survival
it  595 steps  58490880 sps  105,475 | ep_ret  -14.78 ep_len  431.1 (n=227) | pg -0.009 vf 0.045 kl 0.0143 lr 7.6e-05
[anomaly] it 595: terminal-step reward dominates the episode: survival is being punished
[anomaly] it 595: returns fall as episodes lengthen (corr -0.99): the reward punishes survival
[anomaly] it 595: contact force 16952 N > 50x robot weight
it  596 steps  58589184 sps  105,479 | ep_ret  -15.22 ep_len  467.7 (n=221) | pg -0.010 vf 0.046 kl 0.0136 lr 1.1e-04
[anomaly] it 596: terminal-step reward dominates the episode: survival is being punished
[anomaly] it 596: returns fall as episodes lengthen (corr -0.99): the reward punishes survival
[anomaly] it 596: joint limit violated by 0.05 rad
it  597 steps  58687488 sps  105,482 | ep_ret  -15.01 ep_len  445.8 (n=192) | pg -0.008 vf 0.039 kl 0.0151 lr 7.6e-05
[anomaly] it 597: terminal-step reward dominates the episode: survival is being punished
[anomaly] it 597: returns fall as episodes lengthen (corr -0.99): the reward punishes survival
it  598 steps  58785792 sps  105,487 | ep_ret  -14.94 ep_len  462.0 (n=186) | pg -0.010 vf 0.045 kl 0.0143 lr 1.1e-04
[anomaly] it 598: terminal-step reward dominates the episode: survival is being punished
[anomaly] it 598: returns fall as episodes lengthen (corr -0.99): the reward punishes survival
it  599 steps  58884096 sps  105,492 | ep_ret  -15.20 ep_len  462.7 (n=188) | pg -0.006 vf 0.043 kl 0.0156 lr 7.6e-05
[anomaly] it 599: terminal-step reward dominates the episode: survival is being punished
[anomaly] it 599: returns fall as episodes lengthen (corr -0.99): the reward punishes survival
[anomaly] it 599: joint limit violated by 0.06 rad
it  600 steps  58982400 sps  105,496 | ep_ret  -15.50 ep_len  488.1 (n=186) | pg -0.010 vf 0.044 kl 0.0152 lr 7.6e-05
[anomaly] it 600: terminal-step reward dominates the episode: survival is being punished
[anomaly] it 600: returns fall as episodes lengthen (corr -0.99): the reward punishes survival
[anomaly] it 600: joint limit violated by 0.12 rad
it  601 steps  59080704 sps  105,495 | ep_ret  -15.48 ep_len  482.0 (n=213) | pg -0.007 vf 0.048 kl 0.0129 lr 7.6e-05
[anomaly] it 601: terminal-step reward dominates the episode: survival is being punished
[anomaly] it 601: returns fall as episodes lengthen (corr -0.99): the reward punishes survival
[anomaly] it 601: contact force 16646 N > 50x robot weight
it  602 steps  59179008 sps  105,499 | ep_ret  -14.84 ep_len  446.4 (n=184) | pg -0.008 vf 0.041 kl 0.0157 lr 5.1e-05
[anomaly] it 602: terminal-step reward dominates the episode: survival is being punished
[anomaly] it 602: returns fall as episodes lengthen (corr -0.99): the reward punishes survival
[anomaly] it 602: contact force 17469 N > 50x robot weight
it  603 steps  59277312 sps  105,505 | ep_ret  -15.82 ep_len  494.9 (n=202) | pg -0.009 vf 0.047 kl 0.0153 lr 7.6e-05
[anomaly] it 603: terminal-step reward dominates the episode: survival is being punished
[anomaly] it 603: returns fall as episodes lengthen (corr -0.99): the reward punishes survival
[anomaly] it 603: joint limit violated by 0.05 rad
it  604 steps  59375616 sps  105,511 | ep_ret  -16.21 ep_len  516.7 (n=190) | pg -0.007 vf 0.050 kl 0.0132 lr 5.1e-05
[anomaly] it 604: terminal-step reward dominates the episode: survival is being punished
[anomaly] it 604: returns fall as episodes lengthen (corr -0.99): the reward punishes survival
[anomaly] it 604: joint limit violated by 0.06 rad
it  605 steps  59473920 sps  105,517 | ep_ret  -13.89 ep_len  410.3 (n=195) | pg -0.007 vf 0.041 kl 0.0117 lr 7.6e-05
[anomaly] it 605: terminal-step reward dominates the episode: survival is being punished
[anomaly] it 605: joint limit violated by 0.06 rad
[anomaly] it 605: contact force 16190 N > 50x robot weight
it  606 steps  59572224 sps  105,523 | ep_ret  -15.81 ep_len  488.4 (n=224) | pg -0.007 vf 0.044 kl 0.0140 lr 7.6e-05
[anomaly] it 606: terminal-step reward dominates the episode: survival is being punished
[anomaly] it 606: returns fall as episodes lengthen (corr -0.99): the reward punishes survival
it  607 steps  59670528 sps  105,529 | ep_ret  -15.85 ep_len  514.8 (n=240) | pg -0.010 vf 0.051 kl 0.0151 lr 1.1e-04
[anomaly] it 607: terminal-step reward dominates the episode: survival is being punished
[anomaly] it 607: returns fall as episodes lengthen (corr -0.98): the reward punishes survival
it  608 steps  59768832 sps  105,534 | ep_ret  -15.42 ep_len  486.4 (n=171) | pg -0.008 vf 0.042 kl 0.0156 lr 1.1e-04
[anomaly] it 608: terminal-step reward dominates the episode: survival is being punished
[anomaly] it 608: returns fall as episodes lengthen (corr -0.98): the reward punishes survival
[anomaly] it 608: joint limit violated by 0.22 rad
it  609 steps  59867136 sps  105,539 | ep_ret  -14.95 ep_len  468.3 (n=178) | pg -0.006 vf 0.041 kl 0.0136 lr 7.6e-05
[anomaly] it 609: terminal-step reward dominates the episode: survival is being punished
[anomaly] it 609: returns fall as episodes lengthen (corr -0.98): the reward punishes survival
[anomaly] it 609: joint limit violated by 0.06 rad
it  610 steps  59965440 sps  105,545 | ep_ret  -15.24 ep_len  477.4 (n=212) | pg -0.009 vf 0.045 kl 0.0150 lr 1.1e-04
[anomaly] it 610: terminal-step reward dominates the episode: survival is being punished
[anomaly] it 610: returns fall as episodes lengthen (corr -0.98): the reward punishes survival
it  611 steps  60063744 sps  105,551 | ep_ret  -16.04 ep_len  516.4 (n=182) | pg -0.008 vf 0.045 kl 0.0165 lr 1.1e-04
[anomaly] it 611: terminal-step reward dominates the episode: survival is being punished
[anomaly] it 611: returns fall as episodes lengthen (corr -0.98): the reward punishes survival
[anomaly] it 611: joint limit violated by 0.05 rad
[anomaly] it 611: contact force 16777 N > 50x robot weight
it  612 steps  60162048 sps  105,557 | ep_ret  -16.52 ep_len  518.6 (n=188) | pg -0.006 vf 0.048 kl 0.0135 lr 7.6e-05
[anomaly] it 612: terminal-step reward dominates the episode: survival is being punished
[anomaly] it 612: returns fall as episodes lengthen (corr -0.98): the reward punishes survival
it  613 steps  60260352 sps  105,562 | ep_ret  -14.89 ep_len  469.7 (n=201) | pg -0.011 vf 0.048 kl 0.0168 lr 7.6e-05
[anomaly] it 613: terminal-step reward dominates the episode: survival is being punished
[anomaly] it 613: returns fall as episodes lengthen (corr -0.98): the reward punishes survival
[anomaly] it 613: joint limit violated by 0.06 rad
[anomaly] it 613: contact force 16437 N > 50x robot weight
it  614 steps  60358656 sps  105,566 | ep_ret  -15.79 ep_len  498.5 (n=233) | pg -0.008 vf 0.050 kl 0.0145 lr 1.1e-04
[anomaly] it 614: terminal-step reward dominates the episode: survival is being punished
[anomaly] it 614: returns fall as episodes lengthen (corr -0.98): the reward punishes survival
[anomaly] it 614: joint limit violated by 0.09 rad
it  615 steps  60456960 sps  105,572 | ep_ret  -16.11 ep_len  512.1 (n=201) | pg -0.008 vf 0.049 kl 0.0150 lr 7.6e-05
[anomaly] it 615: terminal-step reward dominates the episode: survival is being punished
[anomaly] it 615: returns fall as episodes lengthen (corr -0.98): the reward punishes survival
[anomaly] it 615: joint limit violated by 0.05 rad
it  616 steps  60555264 sps  105,577 | ep_ret  -15.93 ep_len  489.4 (n=193) | pg -0.008 vf 0.043 kl 0.0144 lr 5.1e-05
[anomaly] it 616: terminal-step reward dominates the episode: survival is being punished
[anomaly] it 616: returns fall as episodes lengthen (corr -0.98): the reward punishes survival
[anomaly] it 616: joint limit violated by 0.05 rad
[anomaly] it 616: contact force 18171 N > 50x robot weight
it  617 steps  60653568 sps  105,583 | ep_ret  -15.28 ep_len  477.4 (n=200) | pg -0.009 vf 0.043 kl 0.0140 lr 5.1e-05
[anomaly] it 617: terminal-step reward dominates the episode: survival is being punished
[anomaly] it 617: returns fall as episodes lengthen (corr -0.98): the reward punishes survival
[anomaly] it 617: joint limit violated by 0.05 rad
it  618 steps  60751872 sps  105,589 | ep_ret  -16.34 ep_len  524.1 (n=172) | pg -0.011 vf 0.049 kl 0.0168 lr 7.6e-05
[anomaly] it 618: explained variance -0.02 < 0 after warm-up: value function not predicting returns
[anomaly] it 618: terminal-step reward dominates the episode: survival is being punished
[anomaly] it 618: returns fall as episodes lengthen (corr -0.98): the reward punishes survival
it  619 steps  60850176 sps  105,595 | ep_ret  -16.17 ep_len  502.7 (n=197) | pg -0.005 vf 0.052 kl 0.0144 lr 5.1e-05
[anomaly] it 619: terminal-step reward dominates the episode: survival is being punished
[anomaly] it 619: returns fall as episodes lengthen (corr -0.98): the reward punishes survival
it  620 steps  60948480 sps  105,600 | ep_ret  -14.81 ep_len  448.6 (n=200) | pg -0.010 vf 0.041 kl 0.0133 lr 1.1e-04
[anomaly] it 620: terminal-step reward dominates the episode: survival is being punished
[anomaly] it 620: joint limit violated by 0.06 rad
it  621 steps  61046784 sps  105,602 | ep_ret  -16.52 ep_len  506.3 (n=155) | pg -0.008 vf 0.040 kl 0.0171 lr 1.1e-04
[anomaly] it 621: explained variance -0.06 < 0 after warm-up: value function not predicting returns
[anomaly] it 621: terminal-step reward dominates the episode: survival is being punished
[anomaly] it 621: returns fall as episodes lengthen (corr -0.98): the reward punishes survival
[anomaly] it 621: joint limit violated by 0.06 rad
it  622 steps  61145088 sps  105,597 | ep_ret  -15.79 ep_len  488.3 (n=207) | pg -0.003 vf 0.048 kl 0.0156 lr 5.1e-05
[anomaly] it 622: terminal-step reward dominates the episode: survival is being punished
[anomaly] it 622: returns fall as episodes lengthen (corr -0.98): the reward punishes survival
[anomaly] it 622: joint limit violated by 0.06 rad
it  623 steps  61243392 sps  105,596 | ep_ret  -16.19 ep_len  518.2 (n=214) | pg -0.008 vf 0.047 kl 0.0139 lr 7.6e-05
[anomaly] it 623: terminal-step reward dominates the episode: survival is being punished
[anomaly] it 623: returns fall as episodes lengthen (corr -0.98): the reward punishes survival
[anomaly] it 623: joint limit violated by 0.05 rad
it  624 steps  61341696 sps  105,595 | ep_ret  -15.94 ep_len  491.2 (n=219) | pg -0.006 vf 0.051 kl 0.0129 lr 5.1e-05
[anomaly] it 624: terminal-step reward dominates the episode: survival is being punished
[anomaly] it 624: returns fall as episodes lengthen (corr -0.98): the reward punishes survival
[anomaly] it 624: joint limit violated by 0.06 rad
it  625 steps  61440000 sps  105,599 | ep_ret  -14.86 ep_len  472.6 (n=198) | pg -0.010 vf 0.043 kl 0.0127 lr 7.6e-05
[anomaly] it 625: terminal-step reward dominates the episode: survival is being punished
[anomaly] it 625: returns fall as episodes lengthen (corr -0.98): the reward punishes survival
it  626 steps  61538304 sps  105,605 | ep_ret  -16.01 ep_len  511.5 (n=185) | pg -0.009 vf 0.044 kl 0.0137 lr 5.1e-05
[anomaly] it 626: terminal-step reward dominates the episode: survival is being punished
[anomaly] it 626: returns fall as episodes lengthen (corr -0.98): the reward punishes survival
[anomaly] it 626: joint limit violated by 0.05 rad
it  627 steps  61636608 sps  105,612 | ep_ret  -16.08 ep_len  519.4 (n=194) | pg -0.009 vf 0.048 kl 0.0145 lr 7.6e-05
[anomaly] it 627: terminal-step reward dominates the episode: survival is being punished
[anomaly] it 627: returns fall as episodes lengthen (corr -0.98): the reward punishes survival
[anomaly] it 627: joint limit violated by 0.05 rad
it  628 steps  61734912 sps  105,618 | ep_ret  -16.21 ep_len  521.1 (n=203) | pg -0.009 vf 0.053 kl 0.0150 lr 7.6e-05
[anomaly] it 628: terminal-step reward dominates the episode: survival is being punished
[anomaly] it 628: returns fall as episodes lengthen (corr -0.98): the reward punishes survival
[anomaly] it 628: joint limit violated by 0.08 rad
it  629 steps  61833216 sps  105,621 | ep_ret  -16.52 ep_len  529.9 (n=227) | pg -0.004 vf 0.053 kl 0.0129 lr 5.1e-05
[anomaly] it 629: terminal-step reward dominates the episode: survival is being punished
[anomaly] it 629: returns fall as episodes lengthen (corr -0.98): the reward punishes survival
it  630 steps  61931520 sps  105,620 | ep_ret  -15.25 ep_len  470.3 (n=197) | pg -0.009 vf 0.045 kl 0.0149 lr 1.1e-04
[anomaly] it 630: terminal-step reward dominates the episode: survival is being punished
[anomaly] it 630: joint limit violated by 0.06 rad
[anomaly] it 630: contact force 20668 N > 50x robot weight
it  631 steps  62029824 sps  105,619 | ep_ret  -16.27 ep_len  524.8 (n=192) | pg -0.009 vf 0.050 kl 0.0165 lr 7.6e-05
[anomaly] it 631: terminal-step reward dominates the episode: survival is being punished
[anomaly] it 631: returns fall as episodes lengthen (corr -0.98): the reward punishes survival
it  632 steps  62128128 sps  105,618 | ep_ret  -15.75 ep_len  490.1 (n=219) | pg -0.009 vf 0.042 kl 0.0131 lr 7.6e-05
[anomaly] it 632: terminal-step reward dominates the episode: survival is being punished
[anomaly] it 632: returns fall as episodes lengthen (corr -0.98): the reward punishes survival
[anomaly] it 632: joint limit violated by 0.06 rad
[anomaly] it 632: contact force 16828 N > 50x robot weight
it  633 steps  62226432 sps  105,620 | ep_ret  -15.98 ep_len  498.8 (n=217) | pg -0.009 vf 0.047 kl 0.0138 lr 7.6e-05
[anomaly] it 633: terminal-step reward dominates the episode: survival is being punished
[anomaly] it 633: returns fall as episodes lengthen (corr -0.97): the reward punishes survival
it  634 steps  62324736 sps  105,626 | ep_ret  -15.63 ep_len  510.5 (n=213) | pg -0.010 vf 0.048 kl 0.0154 lr 5.1e-05
[anomaly] it 634: terminal-step reward dominates the episode: survival is being punished
[anomaly] it 634: returns fall as episodes lengthen (corr -0.97): the reward punishes survival
[anomaly] it 634: joint limit violated by 0.07 rad
it  635 steps  62423040 sps  105,633 | ep_ret  -15.75 ep_len  497.5 (n=178) | pg -0.007 vf 0.045 kl 0.0132 lr 7.6e-05
[anomaly] it 635: terminal-step reward dominates the episode: survival is being punished
[anomaly] it 635: returns fall as episodes lengthen (corr -0.97): the reward punishes survival
[anomaly] it 635: joint limit violated by 0.05 rad
it  636 steps  62521344 sps  105,638 | ep_ret  -14.96 ep_len  459.2 (n=179) | pg -0.008 vf 0.041 kl 0.0146 lr 1.1e-04
[anomaly] it 636: terminal-step reward dominates the episode: survival is being punished
[anomaly] it 636: returns fall as episodes lengthen (corr -0.97): the reward punishes survival
[anomaly] it 636: joint limit violated by 0.07 rad
it  637 steps  62619648 sps  105,644 | ep_ret  -15.82 ep_len  516.4 (n=198) | pg -0.009 vf 0.050 kl 0.0169 lr 5.1e-05
[anomaly] it 637: terminal-step reward dominates the episode: survival is being punished
[anomaly] it 637: returns fall as episodes lengthen (corr -0.97): the reward punishes survival
it  638 steps  62717952 sps  105,641 | ep_ret  -15.37 ep_len  477.4 (n=205) | pg -0.009 vf 0.043 kl 0.0167 lr 7.6e-05
[anomaly] it 638: terminal-step reward dominates the episode: survival is being punished
[anomaly] it 638: joint limit violated by 0.05 rad
it  639 steps  62816256 sps  105,640 | ep_ret  -16.32 ep_len  516.1 (n=169) | pg -0.009 vf 0.045 kl 0.0143 lr 7.6e-05
[anomaly] it 639: terminal-step reward dominates the episode: survival is being punished
[anomaly] it 639: joint limit violated by 0.05 rad
it  640 steps  62914560 sps  105,638 | ep_ret  -15.19 ep_len  477.4 (n=165) | pg -0.009 vf 0.040 kl 0.0135 lr 5.1e-05
[anomaly] it 640: terminal-step reward dominates the episode: survival is being punished
[anomaly] it 640: joint limit violated by 0.06 rad
it  641 steps  63012864 sps  105,642 | ep_ret  -15.33 ep_len  482.9 (n=169) | pg -0.009 vf 0.044 kl 0.0145 lr 7.6e-05
[anomaly] it 641: terminal-step reward dominates the episode: survival is being punished
it  642 steps  63111168 sps  105,647 | ep_ret  -16.56 ep_len  528.7 (n=182) | pg -0.009 vf 0.045 kl 0.0159 lr 1.1e-04
[anomaly] it 642: terminal-step reward dominates the episode: survival is being punished
[anomaly] it 642: returns fall as episodes lengthen (corr -0.97): the reward punishes survival
it  643 steps  63209472 sps  105,652 | ep_ret  -17.50 ep_len  547.1 (n=188) | pg -0.007 vf 0.046 kl 0.0175 lr 1.1e-04
[anomaly] it 643: terminal-step reward dominates the episode: survival is being punished
[anomaly] it 643: returns fall as episodes lengthen (corr -0.97): the reward punishes survival
[anomaly] it 643: joint limit violated by 0.06 rad
it  644 steps  63307776 sps  105,658 | ep_ret  -15.31 ep_len  483.7 (n=171) | pg -0.006 vf 0.043 kl 0.0150 lr 7.6e-05
[anomaly] it 644: terminal-step reward dominates the episode: survival is being punished
[anomaly] it 644: joint limit violated by 0.05 rad
[anomaly] it 644: contact force 18844 N > 50x robot weight
it  645 steps  63406080 sps  105,663 | ep_ret  -16.60 ep_len  530.4 (n=160) | pg -0.009 vf 0.047 kl 0.0151 lr 5.1e-05
[anomaly] it 645: explained variance -0.03 < 0 after warm-up: value function not predicting returns
[anomaly] it 645: terminal-step reward dominates the episode: survival is being punished
[anomaly] it 645: returns fall as episodes lengthen (corr -0.97): the reward punishes survival
it  646 steps  63504384 sps  105,668 | ep_ret  -16.16 ep_len  495.0 (n=193) | pg -0.004 vf 0.044 kl 0.0128 lr 5.1e-05
[anomaly] it 646: terminal-step reward dominates the episode: survival is being punished
[anomaly] it 646: returns fall as episodes lengthen (corr -0.97): the reward punishes survival
[anomaly] it 646: joint limit violated by 0.05 rad
it  647 steps  63602688 sps  105,674 | ep_ret  -16.58 ep_len  543.9 (n=167) | pg -0.008 vf 0.045 kl 0.0124 lr 7.6e-05
[anomaly] it 647: terminal-step reward dominates the episode: survival is being punished
[anomaly] it 647: returns fall as episodes lengthen (corr -0.96): the reward punishes survival
it  648 steps  63700992 sps  105,679 | ep_ret  -16.75 ep_len  538.6 (n=194) | pg -0.010 vf 0.051 kl 0.0167 lr 5.1e-05
[anomaly] it 648: terminal-step reward dominates the episode: survival is being punished
[anomaly] it 648: returns fall as episodes lengthen (corr -0.96): the reward punishes survival
it  649 steps  63799296 sps  105,685 | ep_ret  -17.34 ep_len  565.0 (n=165) | pg -0.010 vf 0.047 kl 0.0154 lr 7.6e-05
[anomaly] it 649: explained variance -0.04 < 0 after warm-up: value function not predicting returns
[anomaly] it 649: terminal-step reward dominates the episode: survival is being punished
[anomaly] it 649: joint limit violated by 0.05 rad
it  650 steps  63897600 sps  105,690 | ep_ret  -15.87 ep_len  505.0 (n=176) | pg -0.009 vf 0.044 kl 0.0159 lr 1.1e-04
[anomaly] it 650: terminal-step reward dominates the episode: survival is being punished
it  651 steps  63995904 sps  105,696 | ep_ret  -16.22 ep_len  506.2 (n=161) | pg -0.009 vf 0.040 kl 0.0171 lr 3.4e-05
[anomaly] it 651: terminal-step reward dominates the episode: survival is being punished
[anomaly] it 651: returns fall as episodes lengthen (corr -0.96): the reward punishes survival
[anomaly] it 651: joint limit violated by 0.54 rad
it  652 steps  64094208 sps  105,702 | ep_ret  -15.96 ep_len  513.5 (n=205) | pg -0.007 vf 0.054 kl 0.0094 lr 5.1e-05
[anomaly] it 652: terminal-step reward dominates the episode: survival is being punished
[anomaly] it 652: joint limit violated by 0.05 rad
it  653 steps  64192512 sps  105,703 | ep_ret  -16.07 ep_len  523.4 (n=193) | pg -0.008 vf 0.046 kl 0.0164 lr 3.4e-05
[anomaly] it 653: terminal-step reward dominates the episode: survival is being punished
[anomaly] it 653: joint limit violated by 0.06 rad
it  654 steps  64290816 sps  105,702 | ep_ret  -17.16 ep_len  551.5 (n=182) | pg -0.008 vf 0.047 kl 0.0127 lr 7.6e-05
[anomaly] it 654: terminal-step reward dominates the episode: survival is being punished
[anomaly] it 654: returns fall as episodes lengthen (corr -0.96): the reward punishes survival
[anomaly] it 654: joint limit violated by 0.05 rad
it  655 steps  64389120 sps  105,708 | ep_ret  -16.96 ep_len  555.3 (n=208) | pg -0.008 vf 0.053 kl 0.0155 lr 7.6e-05
[anomaly] it 655: terminal-step reward dominates the episode: survival is being punished
[anomaly] it 655: returns fall as episodes lengthen (corr -0.96): the reward punishes survival
it  656 steps  64487424 sps  105,713 | ep_ret  -17.23 ep_len  563.3 (n=214) | pg -0.008 vf 0.047 kl 0.0146 lr 7.6e-05
[anomaly] it 656: terminal-step reward dominates the episode: survival is being punished
[anomaly] it 656: returns fall as episodes lengthen (corr -0.96): the reward punishes survival
it  657 steps  64585728 sps  105,719 | ep_ret  -16.11 ep_len  504.4 (n=203) | pg -0.008 vf 0.045 kl 0.0162 lr 1.1e-04
[anomaly] it 657: terminal-step reward dominates the episode: survival is being punished
it  658 steps  64684032 sps  105,724 | ep_ret  -16.94 ep_len  535.4 (n=177) | pg -0.004 vf 0.046 kl 0.0160 lr 5.1e-05
[anomaly] it 658: terminal-step reward dominates the episode: survival is being punished
[anomaly] it 658: joint limit violated by 0.08 rad
[anomaly] it 658: contact force 21118 N > 50x robot weight
it  659 steps  64782336 sps  105,730 | ep_ret  -16.44 ep_len  504.6 (n=193) | pg -0.008 vf 0.047 kl 0.0122 lr 7.6e-05
[anomaly] it 659: terminal-step reward dominates the episode: survival is being punished
[anomaly] it 659: joint limit violated by 0.06 rad
it  660 steps  64880640 sps  105,735 | ep_ret  -15.45 ep_len  473.5 (n=177) | pg -0.007 vf 0.041 kl 0.0153 lr 1.1e-04
[anomaly] it 660: terminal-step reward dominates the episode: survival is being punished
[anomaly] it 660: joint limit violated by 0.06 rad
it  661 steps  64978944 sps  105,741 | ep_ret  -16.58 ep_len  539.5 (n=196) | pg 0.000 vf 0.053 kl 0.0169 lr 1.5e-05
[anomaly] it 661: terminal-step reward dominates the episode: survival is being punished
[anomaly] it 661: joint limit violated by 0.06 rad
it  662 steps  65077248 sps  105,746 | ep_ret  -16.59 ep_len  523.0 (n=201) | pg -0.008 vf 0.046 kl 0.0096 lr 5.1e-05
[anomaly] it 662: terminal-step reward dominates the episode: survival is being punished
[anomaly] it 662: joint limit violated by 0.05 rad
it  663 steps  65175552 sps  105,751 | ep_ret  -15.72 ep_len  487.7 (n=181) | pg -0.007 vf 0.039 kl 0.0153 lr 7.6e-05
[anomaly] it 663: terminal-step reward dominates the episode: survival is being punished
[anomaly] it 663: joint limit violated by 0.05 rad
it  664 steps  65273856 sps  105,756 | ep_ret  -16.67 ep_len  527.8 (n=220) | pg -0.008 vf 0.055 kl 0.0144 lr 5.1e-05
[anomaly] it 664: terminal-step reward dominates the episode: survival is being punished
[anomaly] it 664: joint limit violated by 0.06 rad
it  665 steps  65372160 sps  105,761 | ep_ret  -16.10 ep_len  512.4 (n=195) | pg -0.008 vf 0.047 kl 0.0174 lr 1.1e-04
[anomaly] it 665: terminal-step reward dominates the episode: survival is being punished
it  666 steps  65470464 sps  105,766 | ep_ret  -16.89 ep_len  527.0 (n=195) | pg -0.007 vf 0.046 kl 0.0138 lr 7.6e-05
[anomaly] it 666: terminal-step reward dominates the episode: survival is being punished
[anomaly] it 666: returns fall as episodes lengthen (corr -0.96): the reward punishes survival
it  667 steps  65568768 sps  105,772 | ep_ret  -15.73 ep_len  500.7 (n=178) | pg -0.010 vf 0.044 kl 0.0151 lr 1.1e-04
[anomaly] it 667: terminal-step reward dominates the episode: survival is being punished
it  668 steps  65667072 sps  105,777 | ep_ret  -16.32 ep_len  515.6 (n=172) | pg -0.005 vf 0.047 kl 0.0141 lr 7.6e-05
[anomaly] it 668: terminal-step reward dominates the episode: survival is being punished
[anomaly] it 668: joint limit violated by 0.06 rad
it  669 steps  65765376 sps  105,782 | ep_ret  -16.42 ep_len  524.3 (n=216) | pg -0.009 vf 0.056 kl 0.0154 lr 7.6e-05
[anomaly] it 669: terminal-step reward dominates the episode: survival is being punished
[anomaly] it 669: contact force 19431 N > 50x robot weight
it  670 steps  65863680 sps  105,787 | ep_ret  -16.33 ep_len  520.2 (n=201) | pg -0.008 vf 0.054 kl 0.0156 lr 5.1e-05
[anomaly] it 670: terminal-step reward dominates the episode: survival is being punished
it  671 steps  65961984 sps  105,792 | ep_ret  -16.99 ep_len  539.2 (n=207) | pg -0.009 vf 0.050 kl 0.0148 lr 1.1e-04
[anomaly] it 671: terminal-step reward dominates the episode: survival is being punished
[anomaly] it 671: joint limit violated by 0.06 rad
it  672 steps  66060288 sps  105,797 | ep_ret  -15.72 ep_len  478.8 (n=185) | pg -0.007 vf 0.041 kl 0.0139 lr 7.6e-05
[anomaly] it 672: terminal-step reward dominates the episode: survival is being punished
it  673 steps  66158592 sps  105,802 | ep_ret  -17.55 ep_len  588.6 (n=189) | pg -0.008 vf 0.053 kl 0.0164 lr 7.6e-05
[anomaly] it 673: terminal-step reward dominates the episode: survival is being punished
[anomaly] it 673: returns fall as episodes lengthen (corr -0.95): the reward punishes survival
it  674 steps  66256896 sps  105,807 | ep_ret  -16.16 ep_len  519.6 (n=195) | pg -0.007 vf 0.052 kl 0.0128 lr 5.1e-05
[anomaly] it 674: terminal-step reward dominates the episode: survival is being punished
[anomaly] it 674: joint limit violated by 0.06 rad
it  675 steps  66355200 sps  105,812 | ep_ret  -17.49 ep_len  573.1 (n=190) | pg -0.008 vf 0.056 kl 0.0132 lr 7.6e-05
[anomaly] it 675: terminal-step reward dominates the episode: survival is being punished
[anomaly] it 675: joint limit violated by 0.06 rad
it  676 steps  66453504 sps  105,817 | ep_ret  -17.50 ep_len  554.8 (n=187) | pg -0.008 vf 0.054 kl 0.0150 lr 5.1e-05
[anomaly] it 676: terminal-step reward dominates the episode: survival is being punished
[anomaly] it 676: joint limit violated by 0.07 rad
it  677 steps  66551808 sps  105,822 | ep_ret  -16.60 ep_len  520.9 (n=192) | pg -0.009 vf 0.052 kl 0.0153 lr 7.6e-05
[anomaly] it 677: terminal-step reward dominates the episode: survival is being punished
it  678 steps  66650112 sps  105,827 | ep_ret  -16.14 ep_len  499.4 (n=185) | pg -0.009 vf 0.044 kl 0.0140 lr 5.1e-05
[anomaly] it 678: terminal-step reward dominates the episode: survival is being punished
[anomaly] it 678: joint limit violated by 0.05 rad
it  679 steps  66748416 sps  105,832 | ep_ret  -16.39 ep_len  516.9 (n=197) | pg -0.009 vf 0.051 kl 0.0144 lr 7.6e-05
[anomaly] it 679: terminal-step reward dominates the episode: survival is being punished
[anomaly] it 679: joint limit violated by 0.05 rad
it  680 steps  66846720 sps  105,837 | ep_ret  -17.02 ep_len  521.0 (n=194) | pg -0.010 vf 0.041 kl 0.0157 lr 1.1e-04
[anomaly] it 680: terminal-step reward dominates the episode: survival is being punished
[anomaly] it 680: joint limit violated by 0.06 rad
it  681 steps  66945024 sps  105,842 | ep_ret  -17.05 ep_len  531.2 (n=190) | pg -0.009 vf 0.045 kl 0.0162 lr 7.6e-05
[anomaly] it 681: terminal-step reward dominates the episode: survival is being punished
it  682 steps  67043328 sps  105,847 | ep_ret  -16.14 ep_len  511.0 (n=162) | pg -0.008 vf 0.041 kl 0.0152 lr 5.1e-05
[anomaly] it 682: terminal-step reward dominates the episode: survival is being punished
[anomaly] it 682: joint limit violated by 0.09 rad
it  683 steps  67141632 sps  105,852 | ep_ret  -16.86 ep_len  538.3 (n=170) | pg -0.006 vf 0.048 kl 0.0119 lr 5.1e-05
[anomaly] it 683: explained variance -0.03 < 0 after warm-up: value function not predicting returns
[anomaly] it 683: terminal-step reward dominates the episode: survival is being punished
it  684 steps  67239936 sps  105,857 | ep_ret  -15.46 ep_len  480.6 (n=183) | pg -0.009 vf 0.042 kl 0.0117 lr 7.6e-05
[anomaly] it 684: terminal-step reward dominates the episode: survival is being punished
it  685 steps  67338240 sps  105,862 | ep_ret  -16.64 ep_len  512.3 (n=189) | pg -0.009 vf 0.041 kl 0.0140 lr 7.6e-05
[anomaly] it 685: terminal-step reward dominates the episode: survival is being punished
[anomaly] it 685: joint limit violated by 0.05 rad
it  686 steps  67436544 sps  105,866 | ep_ret  -17.96 ep_len  574.2 (n=161) | pg -0.008 vf 0.045 kl 0.0151 lr 5.1e-05
[anomaly] it 686: explained variance -0.05 < 0 after warm-up: value function not predicting returns
[anomaly] it 686: terminal-step reward dominates the episode: survival is being punished
[anomaly] it 686: returns fall as episodes lengthen (corr -0.94): the reward punishes survival
it  687 steps  67534848 sps  105,871 | ep_ret  -16.53 ep_len  531.9 (n=168) | pg -0.008 vf 0.043 kl 0.0150 lr 5.1e-05
[anomaly] it 687: terminal-step reward dominates the episode: survival is being punished
it  688 steps  67633152 sps  105,876 | ep_ret  -16.83 ep_len  536.1 (n=153) | pg -0.002 vf 0.040 kl 0.0118 lr 2.3e-05
[anomaly] it 688: explained variance -0.09 < 0 after warm-up: value function not predicting returns
[anomaly] it 688: terminal-step reward dominates the episode: survival is being punished
it  689 steps  67731456 sps  105,881 | ep_ret  -16.91 ep_len  522.8 (n=178) | pg -0.008 vf 0.050 kl 0.0099 lr 5.1e-05
[anomaly] it 689: terminal-step reward dominates the episode: survival is being punished
it  690 steps  67829760 sps  105,886 | ep_ret  -17.39 ep_len  552.2 (n=171) | pg -0.009 vf 0.048 kl 0.0121 lr 7.6e-05
[anomaly] it 690: terminal-step reward dominates the episode: survival is being punished
it  691 steps  67928064 sps  105,890 | ep_ret  -17.23 ep_len  534.3 (n=181) | pg -0.007 vf 0.040 kl 0.0160 lr 1.1e-04
[anomaly] it 691: terminal-step reward dominates the episode: survival is being punished
[anomaly] it 691: joint limit violated by 0.05 rad
it  692 steps  68026368 sps  105,894 | ep_ret  -15.84 ep_len  483.6 (n=200) | pg 0.001 vf 0.043 kl 0.0188 lr 3.4e-05
[anomaly] it 692: terminal-step reward dominates the episode: survival is being punished
[anomaly] it 692: joint limit violated by 0.05 rad
it  693 steps  68124672 sps  105,892 | ep_ret  -16.90 ep_len  543.1 (n=184) | pg -0.008 vf 0.046 kl 0.0143 lr 7.6e-05
[anomaly] it 693: terminal-step reward dominates the episode: survival is being punished
[anomaly] it 693: joint limit violated by 0.06 rad
it  694 steps  68222976 sps  105,894 | ep_ret  -17.16 ep_len  553.6 (n=184) | pg -0.009 vf 0.049 kl 0.0166 lr 7.6e-05
[anomaly] it 694: terminal-step reward dominates the episode: survival is being punished
[anomaly] it 694: joint limit violated by 0.06 rad
it  695 steps  68321280 sps  105,887 | ep_ret  -17.08 ep_len  529.7 (n=183) | pg -0.009 vf 0.044 kl 0.0147 lr 7.6e-05
[anomaly] it 695: terminal-step reward dominates the episode: survival is being punished
[anomaly] it 695: joint limit violated by 0.06 rad
it  696 steps  68419584 sps  105,887 | ep_ret  -16.02 ep_len  502.6 (n=178) | pg -0.008 vf 0.044 kl 0.0146 lr 7.6e-05
[anomaly] it 696: terminal-step reward dominates the episode: survival is being punished
[anomaly] it 696: joint limit violated by 0.05 rad
it  697 steps  68517888 sps  105,890 | ep_ret  -16.90 ep_len  557.7 (n=191) | pg -0.007 vf 0.055 kl 0.0135 lr 7.6e-05
[anomaly] it 697: terminal-step reward dominates the episode: survival is being punished
[anomaly] it 697: joint limit violated by 0.05 rad
it  698 steps  68616192 sps  105,894 | ep_ret  -16.28 ep_len  507.4 (n=170) | pg -0.007 vf 0.047 kl 0.0137 lr 5.1e-05 | blown 1 dropped 0
[anomaly] it 698: terminal-step reward dominates the episode: survival is being punished
[anomaly] it 698: joint limit violated by 0.05 rad
it  699 steps  68714496 sps  105,899 | ep_ret  -16.50 ep_len  515.1 (n=199) | pg -0.008 vf 0.050 kl 0.0145 lr 3.4e-05
[anomaly] it 699: terminal-step reward dominates the episode: survival is being punished
[anomaly] it 699: joint limit violated by 0.05 rad
it  700 steps  68812800 sps  105,902 | ep_ret  -16.16 ep_len  492.8 (n=203) | pg -0.005 vf 0.054 kl 0.0126 lr 5.1e-05
[anomaly] it 700: terminal-step reward dominates the episode: survival is being punished
[anomaly] it 700: joint limit violated by 5.82 rad
it  701 steps  68911104 sps  105,906 | ep_ret  -17.36 ep_len  520.4 (n=157) | pg -0.007 vf 0.044 kl 0.0146 lr 3.4e-05
[anomaly] it 701: terminal-step reward dominates the episode: survival is being punished
it  702 steps  69009408 sps  105,911 | ep_ret  -16.29 ep_len  510.6 (n=150) | pg -0.009 vf 0.038 kl 0.0115 lr 7.6e-05
[anomaly] it 702: explained variance -0.03 < 0 after warm-up: value function not predicting returns
[anomaly] it 702: terminal-step reward dominates the episode: survival is being punished
it  703 steps  69107712 sps  105,916 | ep_ret  -16.14 ep_len  511.2 (n=178) | pg -0.008 vf 0.044 kl 0.0141 lr 5.1e-05
[anomaly] it 703: terminal-step reward dominates the episode: survival is being punished
it  704 steps  69206016 sps  105,921 | ep_ret  -17.44 ep_len  558.2 (n=198) | pg -0.008 vf 0.056 kl 0.0111 lr 7.6e-05
[anomaly] it 704: terminal-step reward dominates the episode: survival is being punished
[anomaly] it 704: returns fall as episodes lengthen (corr -0.93): the reward punishes survival
[anomaly] it 704: joint limit violated by 0.05 rad
it  705 steps  69304320 sps  105,925 | ep_ret  -16.20 ep_len  494.6 (n=203) | pg -0.008 vf 0.047 kl 0.0134 lr 5.1e-05
[anomaly] it 705: terminal-step reward dominates the episode: survival is being punished
[anomaly] it 705: joint limit violated by 0.06 rad
[anomaly] it 705: contact force 17324 N > 50x robot weight
it  706 steps  69402624 sps  105,930 | ep_ret  -17.08 ep_len  550.0 (n=193) | pg -0.006 vf 0.047 kl 0.0137 lr 5.1e-05
[anomaly] it 706: terminal-step reward dominates the episode: survival is being punished
[anomaly] it 706: joint limit violated by 0.06 rad
it  707 steps  69500928 sps  105,934 | ep_ret  -17.24 ep_len  550.3 (n=170) | pg -0.008 vf 0.047 kl 0.0117 lr 7.6e-05
[anomaly] it 707: terminal-step reward dominates the episode: survival is being punished
it  708 steps  69599232 sps  105,939 | ep_ret  -16.86 ep_len  540.5 (n=192) | pg -0.009 vf 0.052 kl 0.0142 lr 5.1e-05
[anomaly] it 708: terminal-step reward dominates the episode: survival is being punished
[anomaly] it 708: joint limit violated by 0.08 rad
it  709 steps  69697536 sps  105,943 | ep_ret  -16.69 ep_len  526.4 (n=208) | pg -0.007 vf 0.050 kl 0.0132 lr 5.1e-05
[anomaly] it 709: terminal-step reward dominates the episode: survival is being punished
[anomaly] it 709: joint limit violated by 0.06 rad
it  710 steps  69795840 sps  105,948 | ep_ret  -16.67 ep_len  526.5 (n=210) | pg -0.008 vf 0.049 kl 0.0159 lr 7.6e-05
[anomaly] it 710: terminal-step reward dominates the episode: survival is being punished
it  711 steps  69894144 sps  105,953 | ep_ret  -16.69 ep_len  514.7 (n=198) | pg -0.008 vf 0.048 kl 0.0132 lr 5.1e-05
[anomaly] it 711: terminal-step reward dominates the episode: survival is being punished
[anomaly] it 711: joint limit violated by 0.07 rad
it  712 steps  69992448 sps  105,957 | ep_ret  -17.89 ep_len  574.7 (n=204) | pg -0.008 vf 0.058 kl 0.0154 lr 7.6e-05
[anomaly] it 712: terminal-step reward dominates the episode: survival is being punished
it  713 steps  70090752 sps  105,962 | ep_ret  -17.53 ep_len  564.2 (n=192) | pg -0.003 vf 0.312 kl 0.0140 lr 5.1e-05
[anomaly] it 713: terminal-step reward dominates the episode: survival is being punished
it  714 steps  70189056 sps  105,966 | ep_ret  -16.20 ep_len  506.2 (n=207) | pg -0.009 vf 0.051 kl 0.0145 lr 7.6e-05
[anomaly] it 714: terminal-step reward dominates the episode: survival is being punished
[anomaly] it 714: joint limit violated by 0.05 rad
it  715 steps  70287360 sps  105,971 | ep_ret  -16.05 ep_len  502.7 (n=201) | pg -0.009 vf 0.047 kl 0.0152 lr 1.1e-04
[anomaly] it 715: terminal-step reward dominates the episode: survival is being punished
it  716 steps  70385664 sps  105,975 | ep_ret  -16.77 ep_len  522.8 (n=207) | pg -0.005 vf 0.051 kl 0.0135 lr 5.1e-05
[anomaly] it 716: terminal-step reward dominates the episode: survival is being punished
it  717 steps  70483968 sps  105,980 | ep_ret  -16.29 ep_len  518.3 (n=195) | pg -0.009 vf 0.048 kl 0.0165 lr 7.6e-05
[anomaly] it 717: terminal-step reward dominates the episode: survival is being punished
it  718 steps  70582272 sps  105,984 | ep_ret  -16.25 ep_len  510.1 (n=189) | pg -0.009 vf 0.047 kl 0.0144 lr 7.6e-05
[anomaly] it 718: terminal-step reward dominates the episode: survival is being punished
[anomaly] it 718: joint limit violated by 0.09 rad
it  719 steps  70680576 sps  105,988 | ep_ret  -15.83 ep_len  487.1 (n=216) | pg -0.006 vf 0.050 kl 0.0130 lr 5.1e-05
[anomaly] it 719: terminal-step reward dominates the episode: survival is being punished
[anomaly] it 719: joint limit violated by 0.20 rad
it  720 steps  70778880 sps  105,993 | ep_ret  -16.70 ep_len  526.8 (n=206) | pg -0.005 vf 0.053 kl 0.0141 lr 3.4e-05
[anomaly] it 720: terminal-step reward dominates the episode: survival is being punished
it  721 steps  70877184 sps  105,997 | ep_ret  -16.50 ep_len  527.7 (n=200) | pg -0.009 vf 0.051 kl 0.0131 lr 7.6e-05
[anomaly] it 721: terminal-step reward dominates the episode: survival is being punished
[anomaly] it 721: joint limit violated by 0.13 rad
[anomaly] it 721: contact force 19536 N > 50x robot weight
it  722 steps  70975488 sps  106,001 | ep_ret  -15.70 ep_len  489.9 (n=192) | pg -0.009 vf 0.050 kl 0.0155 lr 7.6e-05
[anomaly] it 722: terminal-step reward dominates the episode: survival is being punished
[anomaly] it 722: joint limit violated by 0.05 rad
it  723 steps  71073792 sps  106,005 | ep_ret  -16.22 ep_len  511.0 (n=173) | pg -0.008 vf 0.042 kl 0.0152 lr 3.4e-05
[anomaly] it 723: terminal-step reward dominates the episode: survival is being punished
[anomaly] it 723: joint limit violated by 0.06 rad
it  724 steps  71172096 sps  106,009 | ep_ret  -16.20 ep_len  499.0 (n=192) | pg -0.007 vf 0.052 kl 0.0134 lr 7.6e-05
[anomaly] it 724: terminal-step reward dominates the episode: survival is being punished
[anomaly] it 724: joint limit violated by 0.06 rad
it  725 steps  71270400 sps  106,014 | ep_ret  -16.07 ep_len  490.1 (n=205) | pg -0.008 vf 0.048 kl 0.0140 lr 7.6e-05
[anomaly] it 725: terminal-step reward dominates the episode: survival is being punished
it  726 steps  71368704 sps  106,018 | ep_ret  -15.82 ep_len  489.0 (n=201) | pg -0.010 vf 0.048 kl 0.0130 lr 7.6e-05
[anomaly] it 726: terminal-step reward dominates the episode: survival is being punished
it  727 steps  71467008 sps  106,023 | ep_ret  -17.40 ep_len  559.1 (n=177) | pg -0.009 vf 0.050 kl 0.0135 lr 5.1e-05
[anomaly] it 727: terminal-step reward dominates the episode: survival is being punished
it  728 steps  71565312 sps  106,027 | ep_ret  -15.52 ep_len  479.2 (n=177) | pg -0.007 vf 0.046 kl 0.0134 lr 7.6e-05
[anomaly] it 728: terminal-step reward dominates the episode: survival is being punished
[anomaly] it 728: joint limit violated by 0.06 rad
it  729 steps  71663616 sps  106,031 | ep_ret  -16.02 ep_len  485.4 (n=181) | pg -0.007 vf 0.045 kl 0.0147 lr 7.6e-05
[anomaly] it 729: terminal-step reward dominates the episode: survival is being punished
it  730 steps  71761920 sps  106,035 | ep_ret  -16.10 ep_len  468.4 (n=184) | pg -0.008 vf 0.043 kl 0.0154 lr 7.6e-05
[anomaly] it 730: terminal-step reward dominates the episode: survival is being punished
[anomaly] it 730: joint limit violated by 0.07 rad
it  731 steps  71860224 sps  106,040 | ep_ret  -17.49 ep_len  551.5 (n=181) | pg -0.008 vf 0.051 kl 0.0125 lr 5.1e-05
[anomaly] it 731: explained variance -0.00 < 0 after warm-up: value function not predicting returns
[anomaly] it 731: terminal-step reward dominates the episode: survival is being punished
[anomaly] it 731: joint limit violated by 0.07 rad
it  732 steps  71958528 sps  106,044 | ep_ret  -15.88 ep_len  488.6 (n=190) | pg -0.009 vf 0.052 kl 0.0125 lr 5.1e-05
[anomaly] it 732: terminal-step reward dominates the episode: survival is being punished
[anomaly] it 732: joint limit violated by 0.05 rad
it  733 steps  72056832 sps  106,048 | ep_ret  -16.34 ep_len  503.5 (n=185) | pg -0.009 vf 0.050 kl 0.0158 lr 1.1e-04
[anomaly] it 733: terminal-step reward dominates the episode: survival is being punished
it  734 steps  72155136 sps  106,052 | ep_ret  -16.49 ep_len  506.5 (n=212) | pg -0.007 vf 0.050 kl 0.0157 lr 5.1e-05
[anomaly] it 734: terminal-step reward dominates the episode: survival is being punished
it  735 steps  72253440 sps  106,056 | ep_ret  -17.18 ep_len  525.3 (n=178) | pg -0.009 vf 0.050 kl 0.0167 lr 7.6e-05
[anomaly] it 735: explained variance -0.01 < 0 after warm-up: value function not predicting returns
[anomaly] it 735: terminal-step reward dominates the episode: survival is being punished
it  736 steps  72351744 sps  106,060 | ep_ret  -17.59 ep_len  559.7 (n=197) | pg -0.006 vf 0.049 kl 0.0146 lr 3.4e-05
[anomaly] it 736: terminal-step reward dominates the episode: survival is being punished
[anomaly] it 736: joint limit violated by 0.07 rad
it  737 steps  72450048 sps  106,064 | ep_ret  -15.88 ep_len  465.4 (n=190) | pg -0.008 vf 0.045 kl 0.0123 lr 7.6e-05
[anomaly] it 737: terminal-step reward dominates the episode: survival is being punished
[anomaly] it 737: joint limit violated by 0.06 rad
it  738 steps  72548352 sps  106,068 | ep_ret  -17.48 ep_len  566.8 (n=173) | pg -0.010 vf 0.050 kl 0.0149 lr 7.6e-05
[anomaly] it 738: explained variance -0.02 < 0 after warm-up: value function not predicting returns
[anomaly] it 738: terminal-step reward dominates the episode: survival is being punished
[anomaly] it 738: joint limit violated by 0.05 rad
it  739 steps  72646656 sps  106,072 | ep_ret  -16.80 ep_len  532.4 (n=193) | pg -0.009 vf 0.049 kl 0.0155 lr 7.6e-05
[anomaly] it 739: terminal-step reward dominates the episode: survival is being punished
[anomaly] it 739: joint limit violated by 0.13 rad
it  740 steps  72744960 sps  106,076 | ep_ret  -16.10 ep_len  481.8 (n=202) | pg -0.005 vf 0.049 kl 0.0131 lr 5.1e-05
[anomaly] it 740: terminal-step reward dominates the episode: survival is being punished
it  741 steps  72843264 sps  106,080 | ep_ret  -17.04 ep_len  535.5 (n=209) | pg -0.008 vf 0.052 kl 0.0116 lr 7.6e-05
[anomaly] it 741: terminal-step reward dominates the episode: survival is being punished
[anomaly] it 741: joint limit violated by 0.05 rad
it  742 steps  72941568 sps  106,084 | ep_ret  -17.34 ep_len  531.7 (n=171) | pg -0.006 vf 0.048 kl 0.0143 lr 5.1e-05
[anomaly] it 742: explained variance -0.09 < 0 after warm-up: value function not predicting returns
[anomaly] it 742: terminal-step reward dominates the episode: survival is being punished
[anomaly] it 742: joint limit violated by 0.22 rad
it  743 steps  73039872 sps  106,088 | ep_ret  -15.50 ep_len  440.7 (n=199) | pg -0.008 vf 0.042 kl 0.0116 lr 7.6e-05
[anomaly] it 743: terminal-step reward dominates the episode: survival is being punished
it  744 steps  73138176 sps  106,092 | ep_ret  -15.80 ep_len  480.4 (n=190) | pg -0.009 vf 0.044 kl 0.0151 lr 7.6e-05
[anomaly] it 744: terminal-step reward dominates the episode: survival is being punished
it  745 steps  73236480 sps  106,095 | ep_ret  -16.36 ep_len  499.7 (n=203) | pg -0.009 vf 0.045 kl 0.0147 lr 1.1e-04
[anomaly] it 745: terminal-step reward dominates the episode: survival is being punished
[anomaly] it 745: joint limit violated by 0.06 rad
it  746 steps  73334784 sps  106,099 | ep_ret  -16.08 ep_len  495.4 (n=174) | pg -0.007 vf 0.045 kl 0.0142 lr 7.6e-05
[anomaly] it 746: terminal-step reward dominates the episode: survival is being punished
it  747 steps  73433088 sps  106,103 | ep_ret  -15.86 ep_len  488.9 (n=162) | pg -0.010 vf 0.047 kl 0.0155 lr 5.1e-05
[anomaly] it 747: explained variance -0.05 < 0 after warm-up: value function not predicting returns
[anomaly] it 747: terminal-step reward dominates the episode: survival is being punished
it  748 steps  73531392 sps  106,107 | ep_ret  -16.44 ep_len  503.7 (n=197) | pg -0.008 vf 0.049 kl 0.0126 lr 5.1e-05
[anomaly] it 748: terminal-step reward dominates the episode: survival is being punished
[anomaly] it 748: joint limit violated by 0.06 rad
it  749 steps  73629696 sps  106,111 | ep_ret  -16.41 ep_len  488.4 (n=221) | pg -0.007 vf 0.049 kl 0.0150 lr 3.4e-05
[anomaly] it 749: terminal-step reward dominates the episode: survival is being punished
[anomaly] it 749: joint limit violated by 0.05 rad
it  750 steps  73728000 sps  106,114 | ep_ret  -16.71 ep_len  519.2 (n=168) | pg -0.010 vf 0.045 kl 0.0114 lr 7.6e-05
[anomaly] it 750: explained variance -0.03 < 0 after warm-up: value function not predicting returns
[anomaly] it 750: terminal-step reward dominates the episode: survival is being punished
[anomaly] it 750: joint limit violated by 0.05 rad
it  751 steps  73826304 sps  106,119 | ep_ret  -17.77 ep_len  557.1 (n=203) | pg -0.006 vf 0.054 kl 0.0128 lr 7.6e-05
[anomaly] it 751: terminal-step reward dominates the episode: survival is being punished
[anomaly] it 751: joint limit violated by 0.05 rad
it  752 steps  73924608 sps  106,123 | ep_ret  -16.05 ep_len  489.6 (n=205) | pg -0.009 vf 0.054 kl 0.0138 lr 5.1e-05
[anomaly] it 752: terminal-step reward dominates the episode: survival is being punished
[anomaly] it 752: contact force 19251 N > 50x robot weight
it  753 steps  74022912 sps  106,127 | ep_ret  -16.86 ep_len  517.3 (n=219) | pg -0.008 vf 0.054 kl 0.0157 lr 5.1e-05
[anomaly] it 753: terminal-step reward dominates the episode: survival is being punished
it  754 steps  74121216 sps  106,131 | ep_ret  -16.82 ep_len  527.2 (n=204) | pg -0.008 vf 0.054 kl 0.0124 lr 7.6e-05
[anomaly] it 754: terminal-step reward dominates the episode: survival is being punished
[anomaly] it 754: joint limit violated by 0.06 rad
it  755 steps  74219520 sps  106,135 | ep_ret  -16.32 ep_len  494.1 (n=210) | pg -0.007 vf 0.052 kl 0.0141 lr 5.1e-05
[anomaly] it 755: terminal-step reward dominates the episode: survival is being punished
[anomaly] it 755: joint limit violated by 0.06 rad
it  756 steps  74317824 sps  106,139 | ep_ret  -17.37 ep_len  548.4 (n=200) | pg -0.008 vf 0.055 kl 0.0118 lr 7.6e-05
[anomaly] it 756: terminal-step reward dominates the episode: survival is being punished
[anomaly] it 756: joint limit violated by 0.08 rad
it  757 steps  74416128 sps  106,142 | ep_ret  -17.05 ep_len  535.8 (n=198) | pg -0.009 vf 0.055 kl 0.0159 lr 5.1e-05
[anomaly] it 757: terminal-step reward dominates the episode: survival is being punished
[anomaly] it 757: joint limit violated by 0.05 rad
it  758 steps  74514432 sps  106,146 | ep_ret  -16.76 ep_len  512.9 (n=210) | pg -0.008 vf 0.053 kl 0.0126 lr 7.6e-05
[anomaly] it 758: terminal-step reward dominates the episode: survival is being punished
[anomaly] it 758: joint limit violated by 0.07 rad
[anomaly] it 758: contact force 18948 N > 50x robot weight
it  759 steps  74612736 sps  106,150 | ep_ret  -16.35 ep_len  498.6 (n=181) | pg -0.007 vf 0.050 kl 0.0156 lr 5.1e-05
[anomaly] it 759: terminal-step reward dominates the episode: survival is being punished
it  760 steps  74711040 sps  106,154 | ep_ret  -16.78 ep_len  516.3 (n=180) | pg -0.008 vf 0.049 kl 0.0154 lr 7.6e-05
[anomaly] it 760: terminal-step reward dominates the episode: survival is being punished
[anomaly] it 760: joint limit violated by 0.06 rad
it  761 steps  74809344 sps  106,159 | ep_ret  -16.62 ep_len  502.2 (n=203) | pg -0.007 vf 0.051 kl 0.0120 lr 5.1e-05
[anomaly] it 761: terminal-step reward dominates the episode: survival is being punished
[anomaly] it 761: joint limit violated by 0.06 rad
it  762 steps  74907648 sps  106,162 | ep_ret  -17.48 ep_len  524.8 (n=202) | pg -0.009 vf 0.050 kl 0.0135 lr 7.6e-05
[anomaly] it 762: terminal-step reward dominates the episode: survival is being punished
it  763 steps  75005952 sps  106,166 | ep_ret  -15.88 ep_len  469.0 (n=172) | pg -0.010 vf 0.046 kl 0.0147 lr 1.1e-04
[anomaly] it 763: explained variance -0.03 < 0 after warm-up: value function not predicting returns
[anomaly] it 763: terminal-step reward dominates the episode: survival is being punished
[anomaly] it 763: joint limit violated by 0.11 rad
it  764 steps  75104256 sps  106,171 | ep_ret  -17.93 ep_len  554.3 (n=191) | pg -0.005 vf 0.079 kl 0.0166 lr 3.4e-05 | blown 1 dropped 0
[anomaly] it 764: terminal-step reward dominates the episode: survival is being punished
[anomaly] it 764: contact force 17814 N > 50x robot weight
it  765 steps  75202560 sps  106,175 | ep_ret  -15.69 ep_len  456.9 (n=180) | pg -0.008 vf 0.044 kl 0.0126 lr 7.6e-05
[anomaly] it 765: terminal-step reward dominates the episode: survival is being punished
it  766 steps  75300864 sps  106,178 | ep_ret  -17.16 ep_len  524.2 (n=213) | pg -0.007 vf 0.052 kl 0.0162 lr 1.1e-04
[anomaly] it 766: terminal-step reward dominates the episode: survival is being punished
[anomaly] it 766: joint limit violated by 0.18 rad
it  767 steps  75399168 sps  106,182 | ep_ret  -17.40 ep_len  539.9 (n=195) | pg -0.006 vf 0.052 kl 0.0163 lr 7.6e-05
[anomaly] it 767: terminal-step reward dominates the episode: survival is being punished
[anomaly] it 767: joint limit violated by 0.25 rad
it  768 steps  75497472 sps  106,185 | ep_ret  -16.19 ep_len  489.6 (n=196) | pg -0.009 vf 0.050 kl 0.0148 lr 1.1e-04
[anomaly] it 768: terminal-step reward dominates the episode: survival is being punished
[anomaly] it 768: joint limit violated by 0.05 rad
it  769 steps  75595776 sps  106,189 | ep_ret  -16.14 ep_len  484.4 (n=208) | pg -0.006 vf 0.048 kl 0.0131 lr 7.6e-05
[anomaly] it 769: terminal-step reward dominates the episode: survival is being punished
[anomaly] it 769: joint limit violated by 0.05 rad
it  770 steps  75694080 sps  106,193 | ep_ret  -16.57 ep_len  486.1 (n=202) | pg -0.009 vf 0.046 kl 0.0141 lr 1.1e-04
[anomaly] it 770: terminal-step reward dominates the episode: survival is being punished
[anomaly] it 770: joint limit violated by 0.06 rad
it  771 steps  75792384 sps  106,197 | ep_ret  -15.41 ep_len  446.8 (n=185) | pg -0.007 vf 0.052 kl 0.0139 lr 5.1e-05
[anomaly] it 771: terminal-step reward dominates the episode: survival is being punished
[anomaly] it 771: joint limit violated by 5.08 rad
it  772 steps  75890688 sps  106,201 | ep_ret  -16.57 ep_len  499.0 (n=179) | pg -0.005 vf 0.061 kl 0.0152 lr 5.1e-05
[anomaly] it 772: terminal-step reward dominates the episode: survival is being punished
it  773 steps  75988992 sps  106,206 | ep_ret  -15.79 ep_len  465.9 (n=194) | pg -0.006 vf 0.050 kl 0.0133 lr 5.1e-05
[anomaly] it 773: terminal-step reward dominates the episode: survival is being punished
[anomaly] it 773: joint limit violated by 0.06 rad
it  774 steps  76087296 sps  106,210 | ep_ret  -17.20 ep_len  529.0 (n=182) | pg -0.009 vf 0.048 kl 0.0117 lr 7.6e-05
[anomaly] it 774: terminal-step reward dominates the episode: survival is being punished
it  775 steps  76185600 sps  106,214 | ep_ret  -16.94 ep_len  525.8 (n=216) | pg -0.009 vf 0.059 kl 0.0145 lr 1.1e-04
[anomaly] it 775: terminal-step reward dominates the episode: survival is being punished
[anomaly] it 775: joint limit violated by 0.10 rad
it  776 steps  76283904 sps  106,219 | ep_ret  -16.11 ep_len  495.6 (n=189) | pg -0.006 vf 0.046 kl 0.0158 lr 5.1e-05
[anomaly] it 776: terminal-step reward dominates the episode: survival is being punished
[anomaly] it 776: joint limit violated by 0.06 rad
it  777 steps  76382208 sps  106,223 | ep_ret  -16.89 ep_len  535.4 (n=185) | pg -0.009 vf 0.048 kl 0.0159 lr 5.1e-05
[anomaly] it 777: explained variance -0.04 < 0 after warm-up: value function not predicting returns
[anomaly] it 777: terminal-step reward dominates the episode: survival is being punished
[anomaly] it 777: joint limit violated by 0.05 rad
it  778 steps  76480512 sps  106,227 | ep_ret  -16.57 ep_len  514.2 (n=184) | pg -0.009 vf 0.049 kl 0.0116 lr 7.6e-05
[anomaly] it 778: terminal-step reward dominates the episode: survival is being punished
it  779 steps  76578816 sps  106,231 | ep_ret  -17.00 ep_len  526.2 (n=181) | pg -0.007 vf 0.053 kl 0.0152 lr 7.6e-05
[anomaly] it 779: terminal-step reward dominates the episode: survival is being punished
[anomaly] it 779: joint limit violated by 0.06 rad
it  780 steps  76677120 sps  106,236 | ep_ret  -18.54 ep_len  545.5 (n=167) | pg -0.001 vf 1.841 kl 0.0169 lr 1.5e-05
[anomaly] it 780: terminal-step reward dominates the episode: survival is being punished
it  781 steps  76775424 sps  106,240 | ep_ret  -16.10 ep_len  477.6 (n=184) | pg -0.008 vf 0.052 kl 0.0092 lr 5.1e-05
[anomaly] it 781: terminal-step reward dominates the episode: survival is being punished
[anomaly] it 781: joint limit violated by 0.05 rad
it  782 steps  76873728 sps  106,244 | ep_ret  -16.65 ep_len  513.2 (n=194) | pg -0.010 vf 0.051 kl 0.0165 lr 5.1e-05
[anomaly] it 782: terminal-step reward dominates the episode: survival is being punished
[anomaly] it 782: joint limit violated by 0.09 rad
[anomaly] it 782: contact force 19984 N > 50x robot weight
it  783 steps  76972032 sps  106,248 | ep_ret  -16.23 ep_len  496.8 (n=179) | pg -0.009 vf 0.047 kl 0.0120 lr 7.6e-05
[anomaly] it 783: terminal-step reward dominates the episode: survival is being punished
[anomaly] it 783: joint limit violated by 0.05 rad
it  784 steps  77070336 sps  106,252 | ep_ret  -17.73 ep_len  548.8 (n=172) | pg -0.009 vf 0.051 kl 0.0154 lr 7.6e-05
[anomaly] it 784: terminal-step reward dominates the episode: survival is being punished
[anomaly] it 784: joint limit violated by 0.05 rad
it  785 steps  77168640 sps  106,256 | ep_ret  -15.86 ep_len  462.3 (n=207) | pg -0.006 vf 0.049 kl 0.0152 lr 3.4e-05
[anomaly] it 785: terminal-step reward dominates the episode: survival is being punished
[anomaly] it 785: joint limit violated by 0.07 rad
it  786 steps  77266944 sps  106,260 | ep_ret  -17.42 ep_len  541.9 (n=190) | pg -0.005 vf 0.051 kl 0.0113 lr 5.1e-05
[anomaly] it 786: terminal-step reward dominates the episode: survival is being punished
[anomaly] it 786: contact force 17160 N > 50x robot weight
it  787 steps  77365248 sps  106,263 | ep_ret  -16.33 ep_len  492.3 (n=185) | pg -0.006 vf 0.049 kl 0.0112 lr 5.1e-05
[anomaly] it 787: terminal-step reward dominates the episode: survival is being punished
[anomaly] it 787: joint limit violated by 0.12 rad
[anomaly] it 787: contact force 19711 N > 50x robot weight
it  788 steps  77463552 sps  106,267 | ep_ret  -15.41 ep_len  435.3 (n=189) | pg -0.006 vf 0.039 kl 0.0128 lr 3.4e-05
[anomaly] it 788: terminal-step reward dominates the episode: survival is being punished
[anomaly] it 788: joint limit violated by 0.05 rad
it  789 steps  77561856 sps  106,271 | ep_ret  -16.85 ep_len  505.6 (n=191) | pg -0.007 vf 0.053 kl 0.0102 lr 5.1e-05
[anomaly] it 789: terminal-step reward dominates the episode: survival is being punished
[anomaly] it 789: joint limit violated by 0.14 rad
it  790 steps  77660160 sps  106,274 | ep_ret  -17.55 ep_len  532.9 (n=196) | pg -0.008 vf 0.056 kl 0.0135 lr 5.1e-05
[anomaly] it 790: terminal-step reward dominates the episode: survival is being punished
it  791 steps  77758464 sps  106,279 | ep_ret  -16.27 ep_len  487.8 (n=198) | pg -0.007 vf 0.048 kl 0.0120 lr 7.6e-05
[anomaly] it 791: terminal-step reward dominates the episode: survival is being punished
it  792 steps  77856768 sps  106,282 | ep_ret  -17.11 ep_len  527.5 (n=175) | pg -0.009 vf 0.051 kl 0.0146 lr 7.6e-05
[anomaly] it 792: terminal-step reward dominates the episode: survival is being punished
[anomaly] it 792: joint limit violated by 0.06 rad
it  793 steps  77955072 sps  106,286 | ep_ret  -17.56 ep_len  524.4 (n=226) | pg -0.008 vf 0.052 kl 0.0159 lr 7.6e-05
[anomaly] it 793: terminal-step reward dominates the episode: survival is being punished
[anomaly] it 793: joint limit violated by 0.05 rad
it  794 steps  78053376 sps  106,289 | ep_ret  -17.26 ep_len  509.7 (n=199) | pg -0.008 vf 0.050 kl 0.0159 lr 7.6e-05
[anomaly] it 794: terminal-step reward dominates the episode: survival is being punished
[anomaly] it 794: joint limit violated by 0.06 rad
it  795 steps  78151680 sps  106,293 | ep_ret  -17.77 ep_len  554.5 (n=204) | pg -0.009 vf 0.053 kl 0.0146 lr 7.6e-05
[anomaly] it 795: explained variance -0.01 < 0 after warm-up: value function not predicting returns
[anomaly] it 795: terminal-step reward dominates the episode: survival is being punished
[anomaly] it 795: joint limit violated by 0.06 rad
it  796 steps  78249984 sps  106,296 | ep_ret  -17.06 ep_len  526.0 (n=197) | pg -0.008 vf 0.055 kl 0.0155 lr 5.1e-05
[anomaly] it 796: explained variance -0.03 < 0 after warm-up: value function not predicting returns
[anomaly] it 796: terminal-step reward dominates the episode: survival is being punished
it  797 steps  78348288 sps  106,300 | ep_ret  -17.47 ep_len  531.8 (n=203) | pg -0.008 vf 0.057 kl 0.0129 lr 3.4e-05
[anomaly] it 797: explained variance -0.00 < 0 after warm-up: value function not predicting returns
[anomaly] it 797: terminal-step reward dominates the episode: survival is being punished
it  798 steps  78446592 sps  106,303 | ep_ret  -17.25 ep_len  531.4 (n=220) | pg -0.008 vf 0.053 kl 0.0133 lr 7.6e-05
[anomaly] it 798: terminal-step reward dominates the episode: survival is being punished
[anomaly] it 798: joint limit violated by 0.08 rad
it  799 steps  78544896 sps  106,306 | ep_ret  -17.42 ep_len  534.0 (n=186) | pg -0.007 vf 0.053 kl 0.0132 lr 5.1e-05
[anomaly] it 799: terminal-step reward dominates the episode: survival is being punished
[anomaly] it 799: joint limit violated by 0.06 rad
it  800 steps  78643200 sps  106,310 | ep_ret  -17.54 ep_len  541.9 (n=217) | pg -0.008 vf 0.059 kl 0.0123 lr 7.6e-05
[anomaly] it 800: terminal-step reward dominates the episode: survival is being punished
[anomaly] it 800: joint limit violated by 0.21 rad
it  801 steps  78741504 sps  106,313 | ep_ret  -16.31 ep_len  480.9 (n=189) | pg -0.008 vf 0.048 kl 0.0155 lr 3.4e-05
[anomaly] it 801: terminal-step reward dominates the episode: survival is being punished
it  802 steps  78839808 sps  106,316 | ep_ret  -15.81 ep_len  460.5 (n=217) | pg -0.007 vf 0.053 kl 0.0098 lr 5.1e-05
[anomaly] it 802: terminal-step reward dominates the episode: survival is being punished
[anomaly] it 802: joint limit violated by 0.07 rad
it  803 steps  78938112 sps  106,319 | ep_ret  -17.25 ep_len  529.5 (n=189) | pg -0.010 vf 0.054 kl 0.0128 lr 7.6e-05
[anomaly] it 803: terminal-step reward dominates the episode: survival is being punished
[anomaly] it 803: joint limit violated by 0.05 rad
it  804 steps  79036416 sps  106,323 | ep_ret  -16.85 ep_len  504.1 (n=187) | pg -0.006 vf 0.051 kl 0.0134 lr 7.6e-05
[anomaly] it 804: terminal-step reward dominates the episode: survival is being punished
[anomaly] it 804: joint limit violated by 0.06 rad
[anomaly] it 804: contact force 15971 N > 50x robot weight
it  805 steps  79134720 sps  106,326 | ep_ret  -16.08 ep_len  479.1 (n=197) | pg -0.008 vf 0.050 kl 0.0146 lr 7.6e-05
[anomaly] it 805: terminal-step reward dominates the episode: survival is being punished
[anomaly] it 805: joint limit violated by 0.05 rad
[anomaly] it 805: contact force 16274 N > 50x robot weight
it  806 steps  79233024 sps  106,330 | ep_ret  -17.41 ep_len  526.9 (n=183) | pg -0.003 vf 0.050 kl 0.0125 lr 3.4e-05
[anomaly] it 806: terminal-step reward dominates the episode: survival is being punished
[anomaly] it 806: joint limit violated by 0.05 rad
it  807 steps  79331328 sps  106,333 | ep_ret  -16.25 ep_len  484.3 (n=201) | pg -0.007 vf 0.051 kl 0.0129 lr 7.6e-05
[anomaly] it 807: terminal-step reward dominates the episode: survival is being punished
it  808 steps  79429632 sps  106,336 | ep_ret  -16.31 ep_len  482.5 (n=186) | pg -0.009 vf 0.046 kl 0.0152 lr 5.1e-05
[anomaly] it 808: terminal-step reward dominates the episode: survival is being punished
[anomaly] it 808: joint limit violated by 0.06 rad
it  809 steps  79527936 sps  106,340 | ep_ret  -16.58 ep_len  498.8 (n=175) | pg -0.009 vf 0.043 kl 0.0113 lr 7.6e-05
[anomaly] it 809: explained variance -0.00 < 0 after warm-up: value function not predicting returns
[anomaly] it 809: terminal-step reward dominates the episode: survival is being punished
[anomaly] it 809: joint limit violated by 0.06 rad
it  810 steps  79626240 sps  106,343 | ep_ret  -17.30 ep_len  513.6 (n=183) | pg -0.009 vf 0.045 kl 0.0139 lr 1.1e-04
[anomaly] it 810: terminal-step reward dominates the episode: survival is being punished
[anomaly] it 810: joint limit violated by 0.06 rad
it  811 steps  79724544 sps  106,346 | ep_ret  -17.30 ep_len  518.5 (n=187) | pg -0.006 vf 0.052 kl 0.0139 lr 7.6e-05
[anomaly] it 811: terminal-step reward dominates the episode: survival is being punished
it  812 steps  79822848 sps  106,350 | ep_ret  -17.77 ep_len  546.9 (n=202) | pg -0.009 vf 0.057 kl 0.0146 lr 7.6e-05
[anomaly] it 812: terminal-step reward dominates the episode: survival is being punished
it  813 steps  79921152 sps  106,353 | ep_ret  -15.60 ep_len  463.4 (n=157) | pg -0.008 vf 0.041 kl 0.0145 lr 7.6e-05
[anomaly] it 813: explained variance -0.00 < 0 after warm-up: value function not predicting returns
[anomaly] it 813: terminal-step reward dominates the episode: survival is being punished
[anomaly] it 813: joint limit violated by 0.07 rad
it  814 steps  80019456 sps  106,356 | ep_ret  -17.32 ep_len  506.7 (n=168) | pg -0.009 vf 0.045 kl 0.0147 lr 7.6e-05
[anomaly] it 814: terminal-step reward dominates the episode: survival is being punished
[anomaly] it 814: joint limit violated by 0.05 rad
it  815 steps  80117760 sps  106,360 | ep_ret  -17.49 ep_len  534.1 (n=169) | pg -0.009 vf 0.049 kl 0.0153 lr 7.6e-05
[anomaly] it 815: terminal-step reward dominates the episode: survival is being punished
it  816 steps  80216064 sps  106,363 | ep_ret  -17.15 ep_len  528.4 (n=176) | pg -0.006 vf 0.049 kl 0.0145 lr 7.6e-05
[anomaly] it 816: terminal-step reward dominates the episode: survival is being punished
[anomaly] it 816: joint limit violated by 0.06 rad
it  817 steps  80314368 sps  106,367 | ep_ret  -17.84 ep_len  547.2 (n=185) | pg -0.008 vf 0.050 kl 0.0146 lr 7.6e-05
[anomaly] it 817: terminal-step reward dominates the episode: survival is being punished
[anomaly] it 817: joint limit violated by 0.06 rad
it  818 steps  80412672 sps  106,371 | ep_ret  -16.97 ep_len  520.0 (n=181) | pg -0.008 vf 0.048 kl 0.0156 lr 5.1e-05
[anomaly] it 818: terminal-step reward dominates the episode: survival is being punished
[anomaly] it 818: joint limit violated by 0.05 rad
it  819 steps  80510976 sps  106,374 | ep_ret  -17.93 ep_len  531.7 (n=181) | pg -0.007 vf 0.045 kl 0.0130 lr 5.1e-05
[anomaly] it 819: terminal-step reward dominates the episode: survival is being punished
[anomaly] it 819: joint limit violated by 0.05 rad
it  820 steps  80609280 sps  106,377 | ep_ret  -17.87 ep_len  546.6 (n=157) | pg -0.009 vf 0.051 kl 0.0122 lr 7.6e-05
[anomaly] it 820: explained variance -0.05 < 0 after warm-up: value function not predicting returns
[anomaly] it 820: terminal-step reward dominates the episode: survival is being punished
[anomaly] it 820: joint limit violated by 0.06 rad
it  821 steps  80707584 sps  106,380 | ep_ret  -17.84 ep_len  549.5 (n=180) | pg -0.008 vf 0.051 kl 0.0156 lr 7.6e-05
[anomaly] it 821: terminal-step reward dominates the episode: survival is being punished
[anomaly] it 821: joint limit violated by 0.12 rad
it  822 steps  80805888 sps  106,384 | ep_ret  -18.04 ep_len  553.4 (n=166) | pg -0.006 vf 0.049 kl 0.0142 lr 7.6e-05
[anomaly] it 822: terminal-step reward dominates the episode: survival is being punished
[anomaly] it 822: joint limit violated by 0.06 rad
it  823 steps  80904192 sps  106,386 | ep_ret  -18.11 ep_len  567.3 (n=177) | pg -0.007 vf 0.057 kl 0.0165 lr 5.1e-05
[anomaly] it 823: explained variance -0.03 < 0 after warm-up: value function not predicting returns
[anomaly] it 823: terminal-step reward dominates the episode: survival is being punished
[anomaly] it 823: joint limit violated by 0.06 rad
it  824 steps  81002496 sps  106,389 | ep_ret  -17.86 ep_len  545.2 (n=185) | pg -0.006 vf 0.051 kl 0.0130 lr 2.3e-05
[anomaly] it 824: terminal-step reward dominates the episode: survival is being punished
[anomaly] it 824: joint limit violated by 0.06 rad
it  825 steps  81100800 sps  106,393 | ep_ret  -17.01 ep_len  495.5 (n=174) | pg -0.007 vf 0.044 kl 0.0111 lr 5.1e-05
[anomaly] it 825: terminal-step reward dominates the episode: survival is being punished
it  826 steps  81199104 sps  106,396 | ep_ret  -18.59 ep_len  552.7 (n=174) | pg -0.008 vf 0.048 kl 0.0124 lr 7.6e-05
[anomaly] it 826: terminal-step reward dominates the episode: survival is being punished
[anomaly] it 826: joint limit violated by 0.06 rad
it  827 steps  81297408 sps  106,400 | ep_ret  -16.70 ep_len  504.4 (n=160) | pg -0.005 vf 0.046 kl 0.0140 lr 7.6e-05
[anomaly] it 827: terminal-step reward dominates the episode: survival is being punished
[anomaly] it 827: contact force 16818 N > 50x robot weight
it  828 steps  81395712 sps  106,403 | ep_ret  -17.68 ep_len  520.1 (n=169) | pg -0.007 vf 0.048 kl 0.0150 lr 7.6e-05
[anomaly] it 828: terminal-step reward dominates the episode: survival is being punished
[anomaly] it 828: joint limit violated by 0.05 rad
it  829 steps  81494016 sps  106,407 | ep_ret  -18.31 ep_len  569.2 (n=164) | pg -0.006 vf 0.051 kl 0.0137 lr 7.6e-05
[anomaly] it 829: explained variance -0.05 < 0 after warm-up: value function not predicting returns
[anomaly] it 829: terminal-step reward dominates the episode: survival is being punished
[anomaly] it 829: joint limit violated by 0.06 rad
it  830 steps  81592320 sps  106,410 | ep_ret  -17.61 ep_len  528.5 (n=160) | pg -0.008 vf 0.043 kl 0.0152 lr 7.6e-05
[anomaly] it 830: terminal-step reward dominates the episode: survival is being punished
[anomaly] it 830: joint limit violated by 0.06 rad
it  831 steps  81690624 sps  106,413 | ep_ret  -19.41 ep_len  612.4 (n=163) | pg -0.009 vf 0.051 kl 0.0146 lr 1.1e-04
[anomaly] it 831: explained variance -0.01 < 0 after warm-up: value function not predicting returns
[anomaly] it 831: terminal-step reward dominates the episode: survival is being punished
it  832 steps  81788928 sps  106,417 | ep_ret  -19.20 ep_len  593.1 (n=179) | pg -0.006 vf 0.053 kl 0.0169 lr 7.6e-05
[anomaly] it 832: terminal-step reward dominates the episode: survival is being punished
[anomaly] it 832: joint limit violated by 0.05 rad
it  833 steps  81887232 sps  106,420 | ep_ret  -19.00 ep_len  594.6 (n=180) | pg -0.010 vf 0.055 kl 0.0147 lr 5.1e-05
[anomaly] it 833: terminal-step reward dominates the episode: survival is being punished
[anomaly] it 833: joint limit violated by 0.05 rad
it  834 steps  81985536 sps  106,424 | ep_ret  -18.43 ep_len  573.2 (n=190) | pg -0.008 vf 0.058 kl 0.0131 lr 7.6e-05
[anomaly] it 834: terminal-step reward dominates the episode: survival is being punished
[anomaly] it 834: joint limit violated by 0.21 rad
it  835 steps  82083840 sps  106,427 | ep_ret  -17.95 ep_len  559.2 (n=181) | pg -0.008 vf 0.052 kl 0.0176 lr 7.6e-05
[anomaly] it 835: explained variance -0.01 < 0 after warm-up: value function not predicting returns
[anomaly] it 835: terminal-step reward dominates the episode: survival is being punished
[anomaly] it 835: joint limit violated by 0.05 rad
it  836 steps  82182144 sps  106,430 | ep_ret  -17.57 ep_len  525.8 (n=181) | pg -0.008 vf 0.052 kl 0.0158 lr 7.6e-05
[anomaly] it 836: terminal-step reward dominates the episode: survival is being punished
[anomaly] it 836: joint limit violated by 0.06 rad
it  837 steps  82280448 sps  106,434 | ep_ret  -18.20 ep_len  562.8 (n=178) | pg -0.008 vf 0.051 kl 0.0132 lr 5.1e-05
[anomaly] it 837: terminal-step reward dominates the episode: survival is being punished
it  838 steps  82378752 sps  106,438 | ep_ret  -20.07 ep_len  643.8 (n=163) | pg -0.008 vf 0.053 kl 0.0145 lr 7.6e-05
[anomaly] it 838: explained variance -0.08 < 0 after warm-up: value function not predicting returns
[anomaly] it 838: terminal-step reward dominates the episode: survival is being punished
[anomaly] it 838: contact force 18069 N > 50x robot weight
it  839 steps  82477056 sps  106,442 | ep_ret  -18.56 ep_len  584.5 (n=191) | pg -0.009 vf 0.058 kl 0.0151 lr 7.6e-05
[anomaly] it 839: terminal-step reward dominates the episode: survival is being punished
[anomaly] it 839: joint limit violated by 0.29 rad
it  840 steps  82575360 sps  106,445 | ep_ret  -17.34 ep_len  512.6 (n=210) | pg -0.002 vf 0.193 kl 0.0157 lr 2.3e-05
[anomaly] it 840: terminal-step reward dominates the episode: survival is being punished
[anomaly] it 840: joint limit violated by 3.39 rad
it  841 steps  82673664 sps  106,449 | ep_ret  -18.79 ep_len  577.5 (n=188) | pg -0.006 vf 0.062 kl 0.0103 lr 5.1e-05
[anomaly] it 841: terminal-step reward dominates the episode: survival is being punished
[anomaly] it 841: joint limit violated by 0.11 rad
[anomaly] it 841: contact force 19802 N > 50x robot weight
it  842 steps  82771968 sps  106,452 | ep_ret  -17.85 ep_len  538.3 (n=189) | pg -0.006 vf 0.048 kl 0.0143 lr 2.3e-05
[anomaly] it 842: terminal-step reward dominates the episode: survival is being punished
[anomaly] it 842: contact force 17486 N > 50x robot weight
it  843 steps  82870272 sps  106,456 | ep_ret  -16.94 ep_len  511.8 (n=173) | pg -0.009 vf 0.046 kl 0.0126 lr 5.1e-05
[anomaly] it 843: explained variance -0.00 < 0 after warm-up: value function not predicting returns
[anomaly] it 843: terminal-step reward dominates the episode: survival is being punished
[anomaly] it 843: joint limit violated by 0.06 rad
it  844 steps  82968576 sps  106,460 | ep_ret  -17.25 ep_len  523.7 (n=203) | pg -0.008 vf 0.055 kl 0.0122 lr 7.6e-05
[anomaly] it 844: terminal-step reward dominates the episode: survival is being punished
[anomaly] it 844: joint limit violated by 0.07 rad
it  845 steps  83066880 sps  106,464 | ep_ret  -18.36 ep_len  566.9 (n=172) | pg -0.004 vf 0.049 kl 0.0130 lr 5.1e-05
[anomaly] it 845: explained variance -0.03 < 0 after warm-up: value function not predicting returns
[anomaly] it 845: terminal-step reward dominates the episode: survival is being punished
[anomaly] it 845: joint limit violated by 0.06 rad
it  846 steps  83165184 sps  106,467 | ep_ret  -19.19 ep_len  587.8 (n=164) | pg -0.006 vf 0.050 kl 0.0131 lr 3.4e-05
[anomaly] it 846: explained variance -0.06 < 0 after warm-up: value function not predicting returns
[anomaly] it 846: terminal-step reward dominates the episode: survival is being punished
it  847 steps  83263488 sps  106,471 | ep_ret  -19.15 ep_len  594.9 (n=174) | pg -0.008 vf 0.051 kl 0.0108 lr 5.1e-05
[anomaly] it 847: terminal-step reward dominates the episode: survival is being punished
[anomaly] it 847: joint limit violated by 0.06 rad
it  848 steps  83361792 sps  106,474 | ep_ret  -17.78 ep_len  558.0 (n=182) | pg -0.006 vf 0.052 kl 0.0162 lr 5.1e-05
[anomaly] it 848: terminal-step reward dominates the episode: survival is being punished
it  849 steps  83460096 sps  106,478 | ep_ret  -18.72 ep_len  583.9 (n=165) | pg -0.008 vf 0.050 kl 0.0135 lr 7.6e-05
[anomaly] it 849: terminal-step reward dominates the episode: survival is being punished
[anomaly] it 849: joint limit violated by 0.05 rad
it  850 steps  83558400 sps  106,482 | ep_ret  -18.47 ep_len  572.0 (n=164) | pg -0.011 vf 0.054 kl 0.0148 lr 3.4e-05
[anomaly] it 850: explained variance -0.09 < 0 after warm-up: value function not predicting returns
[anomaly] it 850: terminal-step reward dominates the episode: survival is being punished
[anomaly] it 850: joint limit violated by 0.14 rad
it  851 steps  83656704 sps  106,485 | ep_ret  -16.81 ep_len  506.7 (n=188) | pg -0.007 vf 0.050 kl 0.0096 lr 5.1e-05
[anomaly] it 851: terminal-step reward dominates the episode: survival is being punished
it  852 steps  83755008 sps  106,489 | ep_ret  -18.48 ep_len  560.5 (n=165) | pg -0.009 vf 0.049 kl 0.0137 lr 7.6e-05
[anomaly] it 852: terminal-step reward dominates the episode: survival is being punished
[anomaly] it 852: joint limit violated by 0.07 rad
it  853 steps  83853312 sps  106,492 | ep_ret  -17.80 ep_len  549.1 (n=172) | pg -0.007 vf 0.050 kl 0.0147 lr 5.1e-05
[anomaly] it 853: explained variance -0.05 < 0 after warm-up: value function not predicting returns
[anomaly] it 853: terminal-step reward dominates the episode: survival is being punished
[anomaly] it 853: joint limit violated by 0.08 rad
it  854 steps  83951616 sps  106,496 | ep_ret  -18.52 ep_len  574.8 (n=224) | pg -0.007 vf 0.059 kl 0.0121 lr 7.6e-05
[anomaly] it 854: terminal-step reward dominates the episode: survival is being punished
it  855 steps  84049920 sps  106,500 | ep_ret  -17.49 ep_len  533.8 (n=180) | pg -0.006 vf 0.048 kl 0.0137 lr 5.1e-05
[anomaly] it 855: terminal-step reward dominates the episode: survival is being punished
[anomaly] it 855: joint limit violated by 0.05 rad
it  856 steps  84148224 sps  106,504 | ep_ret  -17.94 ep_len  550.9 (n=165) | pg -0.008 vf 0.047 kl 0.0144 lr 7.6e-05
[anomaly] it 856: explained variance -0.03 < 0 after warm-up: value function not predicting returns
[anomaly] it 856: terminal-step reward dominates the episode: survival is being punished
it  857 steps  84246528 sps  106,507 | ep_ret  -17.99 ep_len  559.4 (n=190) | pg -0.007 vf 0.052 kl 0.0167 lr 7.6e-05
[anomaly] it 857: terminal-step reward dominates the episode: survival is being punished
it  858 steps  84344832 sps  106,511 | ep_ret  -18.23 ep_len  554.0 (n=176) | pg -0.006 vf 0.051 kl 0.0169 lr 1.1e-04
[anomaly] it 858: terminal-step reward dominates the episode: survival is being punished
it  859 steps  84443136 sps  106,514 | ep_ret  -17.97 ep_len  547.9 (n=156) | pg -0.006 vf 0.047 kl 0.0146 lr 2.3e-05
[anomaly] it 859: explained variance -0.02 < 0 after warm-up: value function not predicting returns
[anomaly] it 859: terminal-step reward dominates the episode: survival is being punished
it  860 steps  84541440 sps  106,517 | ep_ret  -18.14 ep_len  551.0 (n=183) | pg -0.006 vf 0.052 kl 0.0124 lr 5.1e-05 | blown 1 dropped 0
[anomaly] it 860: terminal-step reward dominates the episode: survival is being punished
it  861 steps  84639744 sps  106,520 | ep_ret  -18.78 ep_len  579.2 (n=147) | pg -0.007 vf 0.046 kl 0.0125 lr 7.6e-05
[anomaly] it 861: explained variance -0.10 < 0 after warm-up: value function not predicting returns
[anomaly] it 861: terminal-step reward dominates the episode: survival is being punished
it  862 steps  84738048 sps  106,524 | ep_ret  -17.58 ep_len  516.2 (n=174) | pg -0.007 vf 0.049 kl 0.0141 lr 5.1e-05
[anomaly] it 862: terminal-step reward dominates the episode: survival is being punished
[anomaly] it 862: joint limit violated by 0.06 rad
it  863 steps  84836352 sps  106,527 | ep_ret  -17.62 ep_len  536.2 (n=169) | pg -0.007 vf 0.047 kl 0.0118 lr 7.6e-05
[anomaly] it 863: terminal-step reward dominates the episode: survival is being punished
[anomaly] it 863: joint limit violated by 0.41 rad
it  864 steps  84934656 sps  106,530 | ep_ret  -18.70 ep_len  573.8 (n=159) | pg -0.009 vf 0.046 kl 0.0148 lr 1.1e-04
[anomaly] it 864: explained variance -0.04 < 0 after warm-up: value function not predicting returns
[anomaly] it 864: terminal-step reward dominates the episode: survival is being punished
it  865 steps  85032960 sps  106,534 | ep_ret  -18.74 ep_len  561.8 (n=181) | pg -0.010 vf 0.054 kl 0.0160 lr 7.6e-05
[anomaly] it 865: terminal-step reward dominates the episode: survival is being punished
it  866 steps  85131264 sps  106,537 | ep_ret  -18.29 ep_len  551.2 (n=157) | pg -0.006 vf 0.046 kl 0.0140 lr 7.6e-05
[anomaly] it 866: explained variance -0.00 < 0 after warm-up: value function not predicting returns
[anomaly] it 866: terminal-step reward dominates the episode: survival is being punished
[anomaly] it 866: joint limit violated by 0.05 rad
[anomaly] it 866: contact force 16154 N > 50x robot weight
it  867 steps  85229568 sps  106,541 | ep_ret  -18.81 ep_len  573.0 (n=165) | pg -0.005 vf 0.050 kl 0.0147 lr 7.6e-05
[anomaly] it 867: explained variance -0.04 < 0 after warm-up: value function not predicting returns
[anomaly] it 867: terminal-step reward dominates the episode: survival is being punished
[anomaly] it 867: joint limit violated by 0.06 rad
it  868 steps  85327872 sps  106,544 | ep_ret  -18.43 ep_len  550.9 (n=161) | pg -0.008 vf 0.048 kl 0.0151 lr 7.6e-05
[anomaly] it 868: terminal-step reward dominates the episode: survival is being punished
[anomaly] it 868: joint limit violated by 0.05 rad
it  869 steps  85426176 sps  106,548 | ep_ret  -18.62 ep_len  572.8 (n=168) | pg -0.004 vf 0.049 kl 0.0121 lr 5.1e-05
[anomaly] it 869: terminal-step reward dominates the episode: survival is being punished
[anomaly] it 869: joint limit violated by 0.08 rad
it  870 steps  85524480 sps  106,551 | ep_ret  -18.40 ep_len  561.0 (n=161) | pg -0.008 vf 0.048 kl 0.0125 lr 7.6e-05
[anomaly] it 870: explained variance -0.05 < 0 after warm-up: value function not predicting returns
[anomaly] it 870: terminal-step reward dominates the episode: survival is being punished
[anomaly] it 870: joint limit violated by 0.05 rad
it  871 steps  85622784 sps  106,555 | ep_ret  -18.66 ep_len  573.3 (n=155) | pg -0.007 vf 0.049 kl 0.0142 lr 7.6e-05
[anomaly] it 871: explained variance -0.04 < 0 after warm-up: value function not predicting returns
[anomaly] it 871: terminal-step reward dominates the episode: survival is being punished
[anomaly] it 871: joint limit violated by 0.06 rad
it  872 steps  85721088 sps  106,558 | ep_ret  -18.22 ep_len  550.1 (n=151) | pg -0.008 vf 0.048 kl 0.0142 lr 5.1e-05
[anomaly] it 872: explained variance -0.03 < 0 after warm-up: value function not predicting returns
[anomaly] it 872: terminal-step reward dominates the episode: survival is being punished
[anomaly] it 872: joint limit violated by 0.06 rad
it  873 steps  85819392 sps  106,561 | ep_ret  -18.91 ep_len  589.5 (n=180) | pg -0.009 vf 0.060 kl 0.0120 lr 7.6e-05
[anomaly] it 873: explained variance -0.07 < 0 after warm-up: value function not predicting returns
[anomaly] it 873: terminal-step reward dominates the episode: survival is being punished
[anomaly] it 873: joint limit violated by 0.05 rad
it  874 steps  85917696 sps  106,565 | ep_ret  -19.50 ep_len  607.9 (n=182) | pg -0.007 vf 0.057 kl 0.0135 lr 7.6e-05
[anomaly] it 874: explained variance -0.05 < 0 after warm-up: value function not predicting returns
[anomaly] it 874: terminal-step reward dominates the episode: survival is being punished
[anomaly] it 874: joint limit violated by 0.06 rad
it  875 steps  86016000 sps  106,568 | ep_ret  -17.90 ep_len  541.8 (n=190) | pg -0.008 vf 0.055 kl 0.0140 lr 5.1e-05
[anomaly] it 875: terminal-step reward dominates the episode: survival is being punished
[anomaly] it 875: joint limit violated by 0.26 rad
it  876 steps  86114304 sps  106,571 | ep_ret  -19.17 ep_len  591.0 (n=203) | pg -0.009 vf 0.060 kl 0.0139 lr 7.6e-05
[anomaly] it 876: terminal-step reward dominates the episode: survival is being punished
[anomaly] it 876: joint limit violated by 0.06 rad
it  877 steps  86212608 sps  106,575 | ep_ret  -17.52 ep_len  509.3 (n=183) | pg -0.008 vf 0.050 kl 0.0151 lr 7.6e-05
[anomaly] it 877: terminal-step reward dominates the episode: survival is being punished
[anomaly] it 877: joint limit violated by 0.08 rad
it  878 steps  86310912 sps  106,578 | ep_ret  -18.27 ep_len  555.4 (n=180) | pg -0.008 vf 0.058 kl 0.0153 lr 7.6e-05
[anomaly] it 878: terminal-step reward dominates the episode: survival is being punished
it  879 steps  86409216 sps  106,581 | ep_ret  -18.57 ep_len  547.8 (n=197) | pg -0.006 vf 0.056 kl 0.0139 lr 7.6e-05
[anomaly] it 879: terminal-step reward dominates the episode: survival is being punished
[anomaly] it 879: joint limit violated by 0.06 rad
it  880 steps  86507520 sps  106,584 | ep_ret  -18.51 ep_len  552.9 (n=191) | pg -0.009 vf 0.060 kl 0.0146 lr 7.6e-05
[anomaly] it 880: terminal-step reward dominates the episode: survival is being punished
[anomaly] it 880: joint limit violated by 0.06 rad
it  881 steps  86605824 sps  106,587 | ep_ret  -18.44 ep_len  558.5 (n=184) | pg -0.004 vf 0.059 kl 0.0141 lr 2.3e-05
[anomaly] it 881: terminal-step reward dominates the episode: survival is being punished
[anomaly] it 881: joint limit violated by 0.17 rad
it  882 steps  86704128 sps  106,591 | ep_ret  -17.89 ep_len  510.6 (n=178) | pg -0.007 vf 0.048 kl 0.0105 lr 5.1e-05
[anomaly] it 882: terminal-step reward dominates the episode: survival is being punished
[anomaly] it 882: joint limit violated by 0.06 rad
it  883 steps  86802432 sps  106,594 | ep_ret  -19.31 ep_len  599.4 (n=194) | pg -0.003 vf 0.060 kl 0.0119 lr 3.4e-05
[anomaly] it 883: terminal-step reward dominates the episode: survival is being punished
[anomaly] it 883: joint limit violated by 0.05 rad
it  884 steps  86900736 sps  106,597 | ep_ret  -18.94 ep_len  587.8 (n=174) | pg -0.008 vf 0.053 kl 0.0095 lr 5.1e-05
[anomaly] it 884: terminal-step reward dominates the episode: survival is being punished
[anomaly] it 884: joint limit violated by 0.06 rad
[anomaly] it 884: contact force 16880 N > 50x robot weight
it  885 steps  86999040 sps  106,601 | ep_ret  -18.91 ep_len  561.4 (n=167) | pg -0.006 vf 0.049 kl 0.0145 lr 7.6e-05
[anomaly] it 885: explained variance -0.02 < 0 after warm-up: value function not predicting returns
[anomaly] it 885: terminal-step reward dominates the episode: survival is being punished
[anomaly] it 885: joint limit violated by 0.07 rad
it  886 steps  87097344 sps  106,604 | ep_ret  -17.74 ep_len  513.7 (n=203) | pg -0.007 vf 0.053 kl 0.0150 lr 5.1e-05
[anomaly] it 886: terminal-step reward dominates the episode: survival is being punished
it  887 steps  87195648 sps  106,607 | ep_ret  -19.12 ep_len  570.3 (n=160) | pg -0.008 vf 0.049 kl 0.0125 lr 5.1e-05
[anomaly] it 887: explained variance -0.09 < 0 after warm-up: value function not predicting returns
[anomaly] it 887: terminal-step reward dominates the episode: survival is being punished
[anomaly] it 887: returns fall as episodes lengthen (corr -0.96): the reward punishes survival
[anomaly] it 887: joint limit violated by 0.05 rad
it  888 steps  87293952 sps  106,611 | ep_ret  -18.49 ep_len  551.1 (n=184) | pg -0.008 vf 0.051 kl 0.0130 lr 7.6e-05
[anomaly] it 888: terminal-step reward dominates the episode: survival is being punished
[anomaly] it 888: joint limit violated by 0.05 rad
it  889 steps  87392256 sps  106,614 | ep_ret  -18.50 ep_len  568.9 (n=181) | pg -0.007 vf 0.054 kl 0.0169 lr 7.6e-05
[anomaly] it 889: terminal-step reward dominates the episode: survival is being punished
[anomaly] it 889: joint limit violated by 0.05 rad
it  890 steps  87490560 sps  106,617 | ep_ret  -18.86 ep_len  581.1 (n=165) | pg -0.005 vf 0.051 kl 0.0131 lr 5.1e-05
[anomaly] it 890: explained variance -0.04 < 0 after warm-up: value function not predicting returns
[anomaly] it 890: terminal-step reward dominates the episode: survival is being punished
[anomaly] it 890: joint limit violated by 0.05 rad
it  891 steps  87588864 sps  106,620 | ep_ret  -19.69 ep_len  606.7 (n=159) | pg -0.004 vf 0.054 kl 0.0147 lr 5.1e-05
[anomaly] it 891: explained variance -0.14 < 0 after warm-up: value function not predicting returns
[anomaly] it 891: terminal-step reward dominates the episode: survival is being punished
[anomaly] it 891: joint limit violated by 0.06 rad
it  892 steps  87687168 sps  106,623 | ep_ret  -19.34 ep_len  605.7 (n=163) | pg -0.008 vf 0.054 kl 0.0129 lr 7.6e-05
[anomaly] it 892: explained variance -0.09 < 0 after warm-up: value function not predicting returns
[anomaly] it 892: terminal-step reward dominates the episode: survival is being punished
it  893 steps  87785472 sps  106,626 | ep_ret  -18.96 ep_len  567.2 (n=159) | pg -0.006 vf 0.048 kl 0.0129 lr 7.6e-05
[anomaly] it 893: explained variance -0.02 < 0 after warm-up: value function not predicting returns
[anomaly] it 893: terminal-step reward dominates the episode: survival is being punished
[anomaly] it 893: joint limit violated by 0.09 rad
it  894 steps  87883776 sps  106,630 | ep_ret  -18.78 ep_len  569.0 (n=154) | pg -0.007 vf 0.048 kl 0.0156 lr 7.6e-05
[anomaly] it 894: explained variance -0.02 < 0 after warm-up: value function not predicting returns
[anomaly] it 894: terminal-step reward dominates the episode: survival is being punished
[anomaly] it 894: joint limit violated by 0.05 rad
it  895 steps  87982080 sps  106,633 | ep_ret  -19.61 ep_len  599.6 (n=166) | pg -0.008 vf 0.054 kl 0.0146 lr 5.1e-05
[anomaly] it 895: terminal-step reward dominates the episode: survival is being punished
it  896 steps  88080384 sps  106,636 | ep_ret  -20.03 ep_len  635.9 (n=182) | pg -0.007 vf 0.057 kl 0.0137 lr 5.1e-05
[anomaly] it 896: explained variance -0.09 < 0 after warm-up: value function not predicting returns
[anomaly] it 896: terminal-step reward dominates the episode: survival is being punished
[anomaly] it 896: joint limit violated by 0.06 rad
it  897 steps  88178688 sps  106,639 | ep_ret  -19.58 ep_len  596.7 (n=174) | pg -0.008 vf 0.052 kl 0.0122 lr 7.6e-05
[anomaly] it 897: terminal-step reward dominates the episode: survival is being punished
[anomaly] it 897: joint limit violated by 0.07 rad
it  898 steps  88276992 sps  106,642 | ep_ret  -19.07 ep_len  595.7 (n=148) | pg -0.006 vf 0.051 kl 0.0147 lr 7.6e-05
[anomaly] it 898: explained variance -0.14 < 0 after warm-up: value function not predicting returns
[anomaly] it 898: terminal-step reward dominates the episode: survival is being punished
[anomaly] it 898: joint limit violated by 0.18 rad
[anomaly] it 898: contact force 21754 N > 50x robot weight
it  899 steps  88375296 sps  106,645 | ep_ret  -19.87 ep_len  612.8 (n=159) | pg -0.007 vf 0.050 kl 0.0160 lr 5.1e-05
[anomaly] it 899: explained variance -0.02 < 0 after warm-up: value function not predicting returns
[anomaly] it 899: terminal-step reward dominates the episode: survival is being punished
[anomaly] it 899: joint limit violated by 0.05 rad
it  900 steps  88473600 sps  106,648 | ep_ret  -19.31 ep_len  592.8 (n=165) | pg -0.008 vf 0.059 kl 0.0115 lr 7.6e-05
[anomaly] it 900: explained variance -0.03 < 0 after warm-up: value function not predicting returns
[anomaly] it 900: terminal-step reward dominates the episode: survival is being punished
[anomaly] it 900: joint limit violated by 0.06 rad
it  901 steps  88571904 sps  106,651 | ep_ret  -19.58 ep_len  590.6 (n=140) | pg -0.001 vf 2.412 kl 0.0192 lr 1.5e-05
[anomaly] it 901: terminal-step reward dominates the episode: survival is being punished
[anomaly] it 901: joint limit violated by 0.35 rad
[anomaly] it 901: contact force 16518 N > 50x robot weight
it  902 steps  88670208 sps  106,654 | ep_ret  -19.22 ep_len  589.2 (n=166) | pg -0.006 vf 0.056 kl 0.0118 lr 5.1e-05
[anomaly] it 902: explained variance -0.02 < 0 after warm-up: value function not predicting returns
[anomaly] it 902: terminal-step reward dominates the episode: survival is being punished
[anomaly] it 902: joint limit violated by 0.26 rad
it  903 steps  88768512 sps  106,658 | ep_ret  -20.67 ep_len  568.1 (n=140) | pg -0.005 vf 0.088 kl 0.0146 lr 5.1e-05
[anomaly] it 903: terminal-step reward dominates the episode: survival is being punished
[anomaly] it 903: joint speed 182 rad/s > 3x actuator velocity limit (37.0)
[anomaly] it 903: joint limit violated by 3.66 rad
it  904 steps  88866816 sps  106,661 | ep_ret  -21.06 ep_len  643.0 (n=145) | pg -0.002 vf 0.125 kl 0.0205 lr 1.0e-05
[anomaly] it 904: terminal-step reward dominates the episode: survival is being punished
[anomaly] it 904: returns fall as episodes lengthen (corr -0.94): the reward punishes survival
[anomaly] it 904: joint limit violated by 0.09 rad
it  905 steps  88965120 sps  106,664 | ep_ret  -18.04 ep_len  543.9 (n=151) | pg -0.006 vf 0.050 kl 0.0085 lr 3.4e-05
[anomaly] it 905: terminal-step reward dominates the episode: survival is being punished
it  906 steps  89063424 sps  106,667 | ep_ret  -19.58 ep_len  594.2 (n=139) | pg -0.006 vf 0.051 kl 0.0094 lr 5.1e-05
[anomaly] it 906: explained variance -0.14 < 0 after warm-up: value function not predicting returns
[anomaly] it 906: terminal-step reward dominates the episode: survival is being punished
[anomaly] it 906: joint limit violated by 0.05 rad
it  907 steps  89161728 sps  106,670 | ep_ret  -19.42 ep_len  578.6 (n=162) | pg -0.002 vf 5.495 kl 0.0139 lr 1.0e-05
[anomaly] it 907: terminal-step reward dominates the episode: survival is being punished
[anomaly] it 907: joint limit violated by 0.10 rad
it  908 steps  89260032 sps  106,673 | ep_ret  -21.35 ep_len  593.9 (n=148) | pg -0.006 vf 0.053 kl 0.0075 lr 3.4e-05
[anomaly] it 908: terminal-step reward dominates the episode: survival is being punished
[anomaly] it 908: joint limit violated by 0.06 rad
it  909 steps  89358336 sps  106,677 | ep_ret  -20.24 ep_len  612.3 (n=148) | pg -0.007 vf 0.053 kl 0.0149 lr 7.6e-05
[anomaly] it 909: explained variance -0.00 < 0 after warm-up: value function not predicting returns
[anomaly] it 909: terminal-step reward dominates the episode: survival is being punished
[anomaly] it 909: joint limit violated by 0.15 rad
[anomaly] it 909: contact force 17331 N > 50x robot weight
it  910 steps  89456640 sps  106,680 | ep_ret  -20.67 ep_len  602.0 (n=153) | pg -0.008 vf 0.049 kl 0.0160 lr 5.1e-05
[anomaly] it 910: explained variance -0.03 < 0 after warm-up: value function not predicting returns
[anomaly] it 910: terminal-step reward dominates the episode: survival is being punished
[anomaly] it 910: joint limit violated by 0.06 rad
it  911 steps  89554944 sps  106,683 | ep_ret  -20.01 ep_len  614.0 (n=141) | pg -0.008 vf 0.049 kl 0.0134 lr 5.1e-05
[anomaly] it 911: explained variance -0.07 < 0 after warm-up: value function not predicting returns
[anomaly] it 911: terminal-step reward dominates the episode: survival is being punished
[anomaly] it 911: joint limit violated by 0.55 rad
it  912 steps  89653248 sps  106,686 | ep_ret  -19.00 ep_len  555.2 (n=166) | pg -0.001 vf 354.446 kl 0.0239 lr 1.0e-05
[anomaly] it 912: terminal-step reward dominates the episode: survival is being punished
[anomaly] it 912: joint limit violated by 0.82 rad
it  913 steps  89751552 sps  106,688 | ep_ret  -35.33 ep_len  593.7 (n=141) | pg -0.007 vf 0.052 kl 0.0069 lr 3.4e-05
[anomaly] it 913: explained variance -0.03 < 0 after warm-up: value function not predicting returns
[anomaly] it 913: terminal-step reward dominates the episode: survival is being punished
[anomaly] it 913: joint limit violated by 0.05 rad
it  914 steps  89849856 sps  106,691 | ep_ret  -20.39 ep_len  624.4 (n=146) | pg -0.009 vf 0.050 kl 0.0137 lr 5.1e-05
[anomaly] it 914: explained variance -0.01 < 0 after warm-up: value function not predicting returns
[anomaly] it 914: terminal-step reward dominates the episode: survival is being punished
it  915 steps  89948160 sps  106,694 | ep_ret  -21.35 ep_len  656.5 (n=127) | pg -0.006 vf 0.050 kl 0.0137 lr 7.6e-05
[anomaly] it 915: explained variance -0.20 < 0 after warm-up: value function not predicting returns
[anomaly] it 915: terminal-step reward dominates the episode: survival is being punished
it  916 steps  90046464 sps  106,697 | ep_ret  -19.71 ep_len  606.5 (n=177) | pg -0.006 vf 0.056 kl 0.0132 lr 5.1e-05
[anomaly] it 916: terminal-step reward dominates the episode: survival is being punished
[anomaly] it 916: joint limit violated by 0.05 rad
it  917 steps  90144768 sps  106,700 | ep_ret  -20.02 ep_len  630.0 (n=155) | pg -0.002 vf 0.052 kl 0.0094 lr 2.3e-05
[anomaly] it 917: explained variance -0.01 < 0 after warm-up: value function not predicting returns
[anomaly] it 917: terminal-step reward dominates the episode: survival is being punished
[anomaly] it 917: joint limit violated by 0.05 rad
it  918 steps  90243072 sps  106,703 | ep_ret  -20.37 ep_len  633.9 (n=166) | pg -0.007 vf 0.056 kl 0.0113 lr 5.1e-05
[anomaly] it 918: explained variance -0.02 < 0 after warm-up: value function not predicting returns
[anomaly] it 918: terminal-step reward dominates the episode: survival is being punished
[anomaly] it 918: joint limit violated by 0.06 rad
it  919 steps  90341376 sps  106,706 | ep_ret  -20.92 ep_len  654.3 (n=163) | pg -0.007 vf 0.053 kl 0.0156 lr 7.6e-05
[anomaly] it 919: terminal-step reward dominates the episode: survival is being punished
it  920 steps  90439680 sps  106,709 | ep_ret  -20.29 ep_len  649.4 (n=188) | pg -0.007 vf 0.063 kl 0.0143 lr 7.6e-05
[anomaly] it 920: terminal-step reward dominates the episode: survival is being punished
[anomaly] it 920: joint limit violated by 0.05 rad
it  921 steps  90537984 sps  106,713 | ep_ret  -18.37 ep_len  560.4 (n=160) | pg -0.006 vf 0.047 kl 0.0163 lr 5.1e-05
[anomaly] it 921: terminal-step reward dominates the episode: survival is being punished
[anomaly] it 921: joint limit violated by 0.06 rad
it  922 steps  90636288 sps  106,716 | ep_ret  -19.43 ep_len  594.4 (n=174) | pg -0.003 vf 0.050 kl 0.0116 lr 3.4e-05
[anomaly] it 922: terminal-step reward dominates the episode: survival is being punished
[anomaly] it 922: joint limit violated by 0.05 rad
it  923 steps  90734592 sps  106,718 | ep_ret  -19.61 ep_len  597.9 (n=188) | pg -0.008 vf 0.060 kl 0.0104 lr 5.1e-05
[anomaly] it 923: terminal-step reward dominates the episode: survival is being punished
it  924 steps  90832896 sps  106,721 | ep_ret  -18.50 ep_len  580.1 (n=189) | pg -0.007 vf 0.051 kl 0.0118 lr 5.1e-05
[anomaly] it 924: terminal-step reward dominates the episode: survival is being punished
[anomaly] it 924: joint limit violated by 0.26 rad
it  925 steps  90931200 sps  106,724 | ep_ret  -19.98 ep_len  606.2 (n=188) | pg -0.007 vf 0.057 kl 0.0141 lr 5.1e-05
[anomaly] it 925: terminal-step reward dominates the episode: survival is being punished
[anomaly] it 925: joint limit violated by 0.05 rad
it  926 steps  91029504 sps  106,727 | ep_ret  -20.02 ep_len  612.3 (n=186) | pg -0.006 vf 0.055 kl 0.0143 lr 7.6e-05
[anomaly] it 926: terminal-step reward dominates the episode: survival is being punished
[anomaly] it 926: joint limit violated by 0.20 rad
it  927 steps  91127808 sps  106,730 | ep_ret  -19.57 ep_len  596.8 (n=205) | pg -0.003 vf 0.063 kl 0.0145 lr 5.1e-05
[anomaly] it 927: terminal-step reward dominates the episode: survival is being punished
[anomaly] it 927: joint limit violated by 0.05 rad
it  928 steps  91226112 sps  106,733 | ep_ret  -19.68 ep_len  587.7 (n=185) | pg -0.008 vf 0.058 kl 0.0131 lr 7.6e-05
[anomaly] it 928: terminal-step reward dominates the episode: survival is being punished
[anomaly] it 928: joint limit violated by 0.05 rad
it  929 steps  91324416 sps  106,735 | ep_ret  -19.63 ep_len  596.7 (n=173) | pg -0.009 vf 0.057 kl 0.0150 lr 7.6e-05
[anomaly] it 929: terminal-step reward dominates the episode: survival is being punished
it  930 steps  91422720 sps  106,738 | ep_ret  -18.26 ep_len  550.0 (n=158) | pg -0.006 vf 0.048 kl 0.0114 lr 5.1e-05
[anomaly] it 930: terminal-step reward dominates the episode: survival is being punished
[anomaly] it 930: joint limit violated by 0.05 rad
it  931 steps  91521024 sps  106,741 | ep_ret  -18.80 ep_len  562.6 (n=195) | pg -0.007 vf 0.053 kl 0.0141 lr 5.1e-05
[anomaly] it 931: terminal-step reward dominates the episode: survival is being punished
[anomaly] it 931: joint limit violated by 0.06 rad
it  932 steps  91619328 sps  106,744 | ep_ret  -19.95 ep_len  613.1 (n=178) | pg -0.007 vf 0.054 kl 0.0142 lr 5.1e-05
[anomaly] it 932: terminal-step reward dominates the episode: survival is being punished
it  933 steps  91717632 sps  106,747 | ep_ret  -18.83 ep_len  567.7 (n=164) | pg -0.007 vf 0.047 kl 0.0156 lr 5.1e-05
[anomaly] it 933: terminal-step reward dominates the episode: survival is being punished
it  934 steps  91815936 sps  106,750 | ep_ret  -18.30 ep_len  556.0 (n=174) | pg -0.009 vf 0.048 kl 0.0114 lr 7.6e-05
[anomaly] it 934: terminal-step reward dominates the episode: survival is being punished
it  935 steps  91914240 sps  106,753 | ep_ret  -19.83 ep_len  581.2 (n=185) | pg -0.005 vf 0.057 kl 0.0124 lr 5.1e-05
[anomaly] it 935: explained variance -0.02 < 0 after warm-up: value function not predicting returns
[anomaly] it 935: terminal-step reward dominates the episode: survival is being punished
[anomaly] it 935: joint limit violated by 0.06 rad
it  936 steps  92012544 sps  106,756 | ep_ret  -18.63 ep_len  556.9 (n=180) | pg -0.008 vf 0.051 kl 0.0126 lr 7.6e-05
[anomaly] it 936: terminal-step reward dominates the episode: survival is being punished
[anomaly] it 936: joint limit violated by 0.05 rad
it  937 steps  92110848 sps  106,758 | ep_ret  -19.30 ep_len  604.5 (n=184) | pg -0.006 vf 0.060 kl 0.0127 lr 5.1e-05
[anomaly] it 937: explained variance -0.02 < 0 after warm-up: value function not predicting returns
[anomaly] it 937: terminal-step reward dominates the episode: survival is being punished
[anomaly] it 937: joint limit violated by 0.21 rad
it  938 steps  92209152 sps  106,761 | ep_ret  -18.72 ep_len  548.2 (n=167) | pg -0.008 vf 0.049 kl 0.0126 lr 7.6e-05
[anomaly] it 938: terminal-step reward dominates the episode: survival is being punished
it  939 steps  92307456 sps  106,764 | ep_ret  -19.62 ep_len  605.3 (n=183) | pg -0.008 vf 0.060 kl 0.0152 lr 5.1e-05
[anomaly] it 939: terminal-step reward dominates the episode: survival is being punished
[anomaly] it 939: joint limit violated by 0.05 rad
it  940 steps  92405760 sps  106,767 | ep_ret  -18.52 ep_len  558.4 (n=184) | pg -0.004 vf 0.055 kl 0.0132 lr 5.1e-05
[anomaly] it 940: terminal-step reward dominates the episode: survival is being punished
[anomaly] it 940: joint limit violated by 0.05 rad
it  941 steps  92504064 sps  106,770 | ep_ret  -18.95 ep_len  575.5 (n=168) | pg -0.004 vf 0.047 kl 0.0140 lr 3.4e-05
[anomaly] it 941: terminal-step reward dominates the episode: survival is being punished
[anomaly] it 941: joint limit violated by 0.05 rad
it  942 steps  92602368 sps  106,773 | ep_ret  -19.30 ep_len  607.2 (n=163) | pg -0.008 vf 0.052 kl 0.0113 lr 7.6e-05
[anomaly] it 942: explained variance -0.01 < 0 after warm-up: value function not predicting returns
[anomaly] it 942: terminal-step reward dominates the episode: survival is being punished
[anomaly] it 942: joint limit violated by 0.23 rad
[anomaly] it 942: contact force 17163 N > 50x robot weight
it  943 steps  92700672 sps  106,776 | ep_ret  -18.54 ep_len  554.5 (n=179) | pg -0.007 vf 0.051 kl 0.0149 lr 7.6e-05
[anomaly] it 943: terminal-step reward dominates the episode: survival is being punished
[anomaly] it 943: joint limit violated by 0.15 rad
it  944 steps  92798976 sps  106,778 | ep_ret  -18.43 ep_len  544.5 (n=164) | pg -0.006 vf 0.048 kl 0.0159 lr 7.6e-05
[anomaly] it 944: terminal-step reward dominates the episode: survival is being punished
it  945 steps  92897280 sps  106,781 | ep_ret  -18.01 ep_len  554.3 (n=154) | pg -0.004 vf 0.048 kl 0.0114 lr 3.4e-05
[anomaly] it 945: explained variance -0.01 < 0 after warm-up: value function not predicting returns
[anomaly] it 945: terminal-step reward dominates the episode: survival is being punished
it  946 steps  92995584 sps  106,784 | ep_ret  -18.74 ep_len  563.5 (n=154) | pg -0.004 vf 0.047 kl 0.0107 lr 2.3e-05
[anomaly] it 946: explained variance -0.02 < 0 after warm-up: value function not predicting returns
[anomaly] it 946: terminal-step reward dominates the episode: survival is being punished
it  947 steps  93093888 sps  106,786 | ep_ret  -18.82 ep_len  554.6 (n=186) | pg -0.007 vf 0.052 kl 0.0102 lr 5.1e-05
[anomaly] it 947: terminal-step reward dominates the episode: survival is being punished
it  948 steps  93192192 sps  106,788 | ep_ret  -18.84 ep_len  574.3 (n=178) | pg -0.008 vf 0.054 kl 0.0131 lr 5.1e-05
[anomaly] it 948: terminal-step reward dominates the episode: survival is being punished
[anomaly] it 948: joint limit violated by 0.08 rad
it  949 steps  93290496 sps  106,791 | ep_ret  -18.54 ep_len  553.6 (n=164) | pg -0.006 vf 0.046 kl 0.0127 lr 7.6e-05
[anomaly] it 949: terminal-step reward dominates the episode: survival is being punished
[anomaly] it 949: joint limit violated by 0.05 rad
it  950 steps  93388800 sps  106,794 | ep_ret  -18.61 ep_len  557.5 (n=154) | pg -0.002 vf 0.047 kl 0.0139 lr 2.3e-05
[anomaly] it 950: terminal-step reward dominates the episode: survival is being punished
[anomaly] it 950: joint limit violated by 0.08 rad
it  951 steps  93487104 sps  106,796 | ep_ret  -20.04 ep_len  625.7 (n=142) | pg -0.008 vf 0.050 kl 0.0097 lr 5.1e-05
[anomaly] it 951: explained variance -0.16 < 0 after warm-up: value function not predicting returns
[anomaly] it 951: terminal-step reward dominates the episode: survival is being punished
[anomaly] it 951: joint limit violated by 0.06 rad
it  952 steps  93585408 sps  106,799 | ep_ret  -18.18 ep_len  543.0 (n=164) | pg -0.006 vf 0.048 kl 0.0141 lr 5.1e-05
[anomaly] it 952: explained variance -0.02 < 0 after warm-up: value function not predicting returns
[anomaly] it 952: terminal-step reward dominates the episode: survival is being punished
[anomaly] it 952: joint limit violated by 0.06 rad
it  953 steps  93683712 sps  106,802 | ep_ret  -19.60 ep_len  588.2 (n=146) | pg -0.009 vf 0.051 kl 0.0117 lr 7.6e-05
[anomaly] it 953: explained variance -0.15 < 0 after warm-up: value function not predicting returns
[anomaly] it 953: terminal-step reward dominates the episode: survival is being punished
[anomaly] it 953: joint limit violated by 0.05 rad
[anomaly] it 953: contact force 16217 N > 50x robot weight
it  954 steps  93782016 sps  106,805 | ep_ret  -18.73 ep_len  553.2 (n=166) | pg -0.008 vf 0.048 kl 0.0156 lr 3.4e-05
[anomaly] it 954: terminal-step reward dominates the episode: survival is being punished
[anomaly] it 954: contact force 18464 N > 50x robot weight
it  955 steps  93880320 sps  106,807 | ep_ret  -18.69 ep_len  552.2 (n=162) | pg -0.008 vf 0.047 kl 0.0100 lr 5.1e-05
[anomaly] it 955: terminal-step reward dominates the episode: survival is being punished
it  956 steps  93978624 sps  106,811 | ep_ret  -18.46 ep_len  561.8 (n=175) | pg -0.007 vf 0.049 kl 0.0141 lr 3.4e-05
[anomaly] it 956: terminal-step reward dominates the episode: survival is being punished
[anomaly] it 956: joint limit violated by 0.05 rad
it  957 steps  94076928 sps  106,813 | ep_ret  -18.73 ep_len  562.0 (n=166) | pg -0.007 vf 0.050 kl 0.0125 lr 7.6e-05
[anomaly] it 957: terminal-step reward dominates the episode: survival is being punished
it  958 steps  94175232 sps  106,816 | ep_ret  -19.05 ep_len  571.5 (n=172) | pg -0.007 vf 0.050 kl 0.0152 lr 5.1e-05
[anomaly] it 958: explained variance -0.06 < 0 after warm-up: value function not predicting returns
[anomaly] it 958: terminal-step reward dominates the episode: survival is being punished
it  959 steps  94273536 sps  106,818 | ep_ret  -18.74 ep_len  567.9 (n=193) | pg -0.007 vf 0.055 kl 0.0135 lr 7.6e-05
[anomaly] it 959: terminal-step reward dominates the episode: survival is being punished
[anomaly] it 959: joint limit violated by 0.05 rad
it  960 steps  94371840 sps  106,821 | ep_ret  -17.91 ep_len  536.9 (n=199) | pg -0.004 vf 0.055 kl 0.0133 lr 5.1e-05
[anomaly] it 960: terminal-step reward dominates the episode: survival is being punished
it  961 steps  94470144 sps  106,824 | ep_ret  -18.05 ep_len  546.1 (n=167) | pg -0.003 vf 0.049 kl 0.0100 lr 2.3e-05
[anomaly] it 961: terminal-step reward dominates the episode: survival is being punished
it  962 steps  94568448 sps  106,827 | ep_ret  -19.41 ep_len  590.6 (n=181) | pg -0.008 vf 0.051 kl 0.0110 lr 5.1e-05
[anomaly] it 962: explained variance -0.10 < 0 after warm-up: value function not predicting returns
[anomaly] it 962: terminal-step reward dominates the episode: survival is being punished
[anomaly] it 962: joint limit violated by 0.08 rad
it  963 steps  94666752 sps  106,830 | ep_ret  -17.62 ep_len  534.7 (n=188) | pg -0.008 vf 0.054 kl 0.0133 lr 7.6e-05
[anomaly] it 963: terminal-step reward dominates the episode: survival is being punished
[anomaly] it 963: joint limit violated by 0.07 rad
it  964 steps  94765056 sps  106,832 | ep_ret  -18.68 ep_len  555.4 (n=179) | pg -0.006 vf 0.049 kl 0.0150 lr 7.6e-05
[anomaly] it 964: terminal-step reward dominates the episode: survival is being punished
[anomaly] it 964: joint limit violated by 0.06 rad
it  965 steps  94863360 sps  106,835 | ep_ret  -19.23 ep_len  583.8 (n=191) | pg -0.007 vf 0.057 kl 0.0159 lr 3.4e-05
[anomaly] it 965: terminal-step reward dominates the episode: survival is being punished
[anomaly] it 965: joint limit violated by 0.06 rad
[anomaly] it 965: contact force 19011 N > 50x robot weight
it  966 steps  94961664 sps  106,838 | ep_ret  -18.99 ep_len  579.2 (n=183) | pg -0.003 vf 0.055 kl 0.0107 lr 3.4e-05
[anomaly] it 966: terminal-step reward dominates the episode: survival is being punished
it  967 steps  95059968 sps  106,840 | ep_ret  -19.84 ep_len  610.1 (n=168) | pg -0.006 vf 0.056 kl 0.0100 lr 3.4e-05
[anomaly] it 967: explained variance -0.07 < 0 after warm-up: value function not predicting returns
[anomaly] it 967: terminal-step reward dominates the episode: survival is being punished
it  968 steps  95158272 sps  106,844 | ep_ret  -18.83 ep_len  570.6 (n=162) | pg -0.007 vf 0.049 kl 0.0106 lr 5.1e-05
[anomaly] it 968: explained variance -0.06 < 0 after warm-up: value function not predicting returns
[anomaly] it 968: terminal-step reward dominates the episode: survival is being punished
it  969 steps  95256576 sps  106,843 | ep_ret  -18.94 ep_len  592.3 (n=181) | pg -0.007 vf 0.055 kl 0.0116 lr 7.6e-05
[anomaly] it 969: explained variance -0.05 < 0 after warm-up: value function not predicting returns
[anomaly] it 969: terminal-step reward dominates the episode: survival is being punished
[anomaly] it 969: joint limit violated by 0.07 rad
it  970 steps  95354880 sps  106,838 | ep_ret  -19.07 ep_len  579.7 (n=143) | pg -0.007 vf 0.049 kl 0.0171 lr 3.4e-05
[anomaly] it 970: explained variance -0.11 < 0 after warm-up: value function not predicting returns
[anomaly] it 970: terminal-step reward dominates the episode: survival is being punished
[anomaly] it 970: joint limit violated by 0.06 rad
it  971 steps  95453184 sps  106,836 | ep_ret  -19.27 ep_len  600.7 (n=166) | pg -0.008 vf 0.052 kl 0.0112 lr 7.6e-05
[anomaly] it 971: explained variance -0.01 < 0 after warm-up: value function not predicting returns
[anomaly] it 971: terminal-step reward dominates the episode: survival is being punished
[anomaly] it 971: joint limit violated by 0.14 rad
it  972 steps  95551488 sps  106,836 | ep_ret  -18.34 ep_len  551.8 (n=176) | pg -0.005 vf 0.051 kl 0.0129 lr 5.1e-05
[anomaly] it 972: terminal-step reward dominates the episode: survival is being punished
[anomaly] it 972: joint limit violated by 0.06 rad
it  973 steps  95649792 sps  106,838 | ep_ret  -18.44 ep_len  562.9 (n=199) | pg -0.007 vf 0.058 kl 0.0138 lr 7.6e-05
[anomaly] it 973: terminal-step reward dominates the episode: survival is being punished
[anomaly] it 973: joint limit violated by 0.06 rad
[anomaly] it 973: contact force 16203 N > 50x robot weight
it  974 steps  95748096 sps  106,841 | ep_ret  -18.87 ep_len  562.2 (n=178) | pg -0.007 vf 0.053 kl 0.0134 lr 7.6e-05
[anomaly] it 974: terminal-step reward dominates the episode: survival is being punished
it  975 steps  95846400 sps  106,837 | ep_ret  -18.31 ep_len  551.2 (n=173) | pg -0.006 vf 0.054 kl 0.0157 lr 5.1e-05
[anomaly] it 975: terminal-step reward dominates the episode: survival is being punished
[anomaly] it 975: joint limit violated by 0.25 rad
it  976 steps  95944704 sps  106,836 | ep_ret  -18.39 ep_len  558.9 (n=189) | pg -0.008 vf 0.052 kl 0.0121 lr 7.6e-05
[anomaly] it 976: terminal-step reward dominates the episode: survival is being punished
[anomaly] it 976: joint limit violated by 0.08 rad
it  977 steps  96043008 sps  106,836 | ep_ret  -18.72 ep_len  569.5 (n=158) | pg -0.004 vf 0.049 kl 0.0128 lr 5.1e-05
[anomaly] it 977: explained variance -0.03 < 0 after warm-up: value function not predicting returns
[anomaly] it 977: terminal-step reward dominates the episode: survival is being punished
it  978 steps  96141312 sps  106,836 | ep_ret  -18.95 ep_len  595.2 (n=177) | pg -0.005 vf 0.052 kl 0.0134 lr 7.6e-05
[anomaly] it 978: explained variance -0.06 < 0 after warm-up: value function not predicting returns
[anomaly] it 978: terminal-step reward dominates the episode: survival is being punished
[anomaly] it 978: joint limit violated by 0.05 rad
it  979 steps  96239616 sps  106,837 | ep_ret  -18.41 ep_len  576.5 (n=173) | pg -0.006 vf 0.047 kl 0.0148 lr 1.1e-04
[anomaly] it 979: explained variance -0.07 < 0 after warm-up: value function not predicting returns
[anomaly] it 979: terminal-step reward dominates the episode: survival is being punished
[anomaly] it 979: joint limit violated by 0.06 rad
it  980 steps  96337920 sps  106,839 | ep_ret  -18.15 ep_len  565.6 (n=172) | pg -0.005 vf 0.050 kl 0.0150 lr 7.6e-05
[anomaly] it 980: explained variance -0.09 < 0 after warm-up: value function not predicting returns
[anomaly] it 980: terminal-step reward dominates the episode: survival is being punished
it  981 steps  96436224 sps  106,839 | ep_ret  -18.39 ep_len  555.1 (n=178) | pg -0.006 vf 0.048 kl 0.0137 lr 7.6e-05
[anomaly] it 981: terminal-step reward dominates the episode: survival is being punished
[anomaly] it 981: joint limit violated by 0.07 rad
it  982 steps  96534528 sps  106,839 | ep_ret  -18.82 ep_len  598.4 (n=164) | pg -0.009 vf 0.054 kl 0.0154 lr 5.1e-05
[anomaly] it 982: explained variance -0.09 < 0 after warm-up: value function not predicting returns
[anomaly] it 982: terminal-step reward dominates the episode: survival is being punished
it  983 steps  96632832 sps  106,840 | ep_ret  -19.11 ep_len  581.4 (n=173) | pg -0.009 vf 0.052 kl 0.0123 lr 7.6e-05
[anomaly] it 983: explained variance -0.02 < 0 after warm-up: value function not predicting returns
[anomaly] it 983: terminal-step reward dominates the episode: survival is being punished
[anomaly] it 983: joint limit violated by 0.06 rad
it  984 steps  96731136 sps  106,841 | ep_ret  -17.69 ep_len  536.6 (n=179) | pg -0.008 vf 0.046 kl 0.0132 lr 5.1e-05
[anomaly] it 984: terminal-step reward dominates the episode: survival is being punished
[anomaly] it 984: joint limit violated by 0.05 rad
it  985 steps  96829440 sps  106,841 | ep_ret  -18.70 ep_len  579.5 (n=172) | pg -0.008 vf 0.050 kl 0.0131 lr 7.6e-05
[anomaly] it 985: terminal-step reward dominates the episode: survival is being punished
[anomaly] it 985: joint limit violated by 0.05 rad
it  986 steps  96927744 sps  106,842 | ep_ret  -19.35 ep_len  590.8 (n=155) | pg -0.001 vf 0.048 kl 0.0140 lr 2.3e-05
[anomaly] it 986: explained variance -0.09 < 0 after warm-up: value function not predicting returns
[anomaly] it 986: terminal-step reward dominates the episode: survival is being punished
it  987 steps  97026048 sps  106,842 | ep_ret  -19.51 ep_len  598.3 (n=156) | pg -0.008 vf 0.052 kl 0.0107 lr 5.1e-05
[anomaly] it 987: explained variance -0.09 < 0 after warm-up: value function not predicting returns
[anomaly] it 987: terminal-step reward dominates the episode: survival is being punished
it  988 steps  97124352 sps  106,843 | ep_ret  -18.31 ep_len  552.9 (n=163) | pg -0.008 vf 0.044 kl 0.0117 lr 7.6e-05
[anomaly] it 988: terminal-step reward dominates the episode: survival is being punished
it  989 steps  97222656 sps  106,844 | ep_ret  -19.08 ep_len  595.1 (n=150) | pg -0.006 vf 0.048 kl 0.0161 lr 7.6e-05
[anomaly] it 989: explained variance -0.10 < 0 after warm-up: value function not predicting returns
[anomaly] it 989: terminal-step reward dominates the episode: survival is being punished
[anomaly] it 989: joint limit violated by 0.06 rad
it  990 steps  97320960 sps  106,845 | ep_ret  -19.33 ep_len  574.1 (n=172) | pg -0.008 vf 0.052 kl 0.0136 lr 5.1e-05
[anomaly] it 990: terminal-step reward dominates the episode: survival is being punished
[anomaly] it 990: joint limit violated by 0.07 rad
it  991 steps  97419264 sps  106,846 | ep_ret  -19.27 ep_len  572.8 (n=150) | pg -0.004 vf 0.047 kl 0.0152 lr 2.3e-05
[anomaly] it 991: explained variance -0.07 < 0 after warm-up: value function not predicting returns
[anomaly] it 991: terminal-step reward dominates the episode: survival is being punished
it  992 steps  97517568 sps  106,846 | ep_ret  -18.01 ep_len  540.2 (n=171) | pg -0.008 vf 0.051 kl 0.0106 lr 5.1e-05
[anomaly] it 992: terminal-step reward dominates the episode: survival is being punished
[anomaly] it 992: joint limit violated by 0.05 rad
it  993 steps  97615872 sps  106,848 | ep_ret  -18.59 ep_len  555.3 (n=186) | pg -0.006 vf 0.053 kl 0.0135 lr 7.6e-05
[anomaly] it 993: terminal-step reward dominates the episode: survival is being punished
[anomaly] it 993: joint limit violated by 0.05 rad
it  994 steps  97714176 sps  106,850 | ep_ret  -17.93 ep_len  526.0 (n=157) | pg -0.004 vf 0.043 kl 0.0128 lr 5.1e-05
[anomaly] it 994: terminal-step reward dominates the episode: survival is being punished
[anomaly] it 994: joint limit violated by 0.06 rad
it  995 steps  97812480 sps  106,851 | ep_ret  -18.39 ep_len  569.9 (n=143) | pg -0.009 vf 0.048 kl 0.0125 lr 7.6e-05
[anomaly] it 995: explained variance -0.10 < 0 after warm-up: value function not predicting returns
[anomaly] it 995: terminal-step reward dominates the episode: survival is being punished
[anomaly] it 995: joint limit violated by 0.06 rad
it  996 steps  97910784 sps  106,850 | ep_ret  -18.78 ep_len  584.9 (n=156) | pg -0.006 vf 0.053 kl 0.0147 lr 5.1e-05
[anomaly] it 996: explained variance -0.10 < 0 after warm-up: value function not predicting returns
[anomaly] it 996: terminal-step reward dominates the episode: survival is being punished
[anomaly] it 996: joint limit violated by 0.05 rad
it  997 steps  98009088 sps  106,850 | ep_ret  -19.28 ep_len  583.1 (n=166) | pg -0.003 vf 0.155 kl 0.0156 lr 5.1e-05
[anomaly] it 997: terminal-step reward dominates the episode: survival is being punished
it  998 steps  98107392 sps  106,850 | ep_ret  -19.64 ep_len  592.3 (n=174) | pg -0.003 vf 0.052 kl 0.0115 lr 3.4e-05
[anomaly] it 998: explained variance -0.01 < 0 after warm-up: value function not predicting returns
[anomaly] it 998: terminal-step reward dominates the episode: survival is being punished
[anomaly] it 998: joint limit violated by 0.26 rad
it  999 steps  98205696 sps  106,850 | ep_ret  -19.13 ep_len  596.3 (n=186) | pg -0.004 vf 0.154 kl 0.0155 lr 3.4e-05
[anomaly] it 999: terminal-step reward dominates the episode: survival is being punished
[anomaly] it 999: joint limit violated by 3.54 rad
it 1000 steps  98304000 sps  106,851 | ep_ret  -19.42 ep_len  579.7 (n=153) | pg -0.006 vf 0.062 kl 0.0120 lr 5.1e-05
[anomaly] it 1000: explained variance -0.01 < 0 after warm-up: value function not predicting returns
[anomaly] it 1000: terminal-step reward dominates the episode: survival is being punished
[anomaly] it 1000: joint limit violated by 0.05 rad
it 1001 steps  98402304 sps  106,852 | ep_ret  -19.80 ep_len  588.3 (n=179) | pg -0.007 vf 0.058 kl 0.0137 lr 7.6e-05
[anomaly] it 1001: terminal-step reward dominates the episode: survival is being punished
[anomaly] it 1001: joint limit violated by 0.28 rad
it 1002 steps  98500608 sps  106,853 | ep_ret  -18.92 ep_len  570.6 (n=172) | pg -0.004 vf 0.056 kl 0.0131 lr 5.1e-05
[anomaly] it 1002: terminal-step reward dominates the episode: survival is being punished
[anomaly] it 1002: joint limit violated by 0.06 rad
it 1003 steps  98598912 sps  106,851 | ep_ret  -20.15 ep_len  607.1 (n=185) | pg -0.007 vf 0.062 kl 0.0144 lr 7.6e-05
[anomaly] it 1003: terminal-step reward dominates the episode: survival is being punished
[anomaly] it 1003: joint limit violated by 0.06 rad
[anomaly] it 1003: contact force 16374 N > 50x robot weight
it 1004 steps  98697216 sps  106,852 | ep_ret  -19.26 ep_len  582.8 (n=159) | pg -0.007 vf 0.050 kl 0.0158 lr 5.1e-05
[anomaly] it 1004: explained variance -0.01 < 0 after warm-up: value function not predicting returns
[anomaly] it 1004: terminal-step reward dominates the episode: survival is being punished
[anomaly] it 1004: joint limit violated by 0.06 rad
it 1005 steps  98795520 sps  106,855 | ep_ret  -19.46 ep_len  587.0 (n=189) | pg -0.007 vf 0.055 kl 0.0128 lr 7.6e-05
[anomaly] it 1005: terminal-step reward dominates the episode: survival is being punished
[anomaly] it 1005: joint limit violated by 0.05 rad
it 1006 steps  98893824 sps  106,857 | ep_ret  -19.77 ep_len  613.6 (n=169) | pg -0.005 vf 0.055 kl 0.0116 lr 5.1e-05
[anomaly] it 1006: explained variance -0.03 < 0 after warm-up: value function not predicting returns
[anomaly] it 1006: terminal-step reward dominates the episode: survival is being punished
[anomaly] it 1006: joint limit violated by 0.06 rad
it 1007 steps  98992128 sps  106,860 | ep_ret  -19.08 ep_len  590.5 (n=171) | pg -0.004 vf 0.058 kl 0.0124 lr 5.1e-05
[anomaly] it 1007: explained variance -0.08 < 0 after warm-up: value function not predicting returns
[anomaly] it 1007: terminal-step reward dominates the episode: survival is being punished
[anomaly] it 1007: joint limit violated by 0.06 rad
it 1008 steps  99090432 sps  106,862 | ep_ret  -19.39 ep_len  613.0 (n=198) | pg -0.009 vf 0.060 kl 0.0133 lr 7.6e-05
[anomaly] it 1008: terminal-step reward dominates the episode: survival is being punished
[anomaly] it 1008: joint limit violated by 0.06 rad
it 1009 steps  99188736 sps  106,864 | ep_ret  -19.02 ep_len  579.7 (n=184) | pg -0.008 vf 0.056 kl 0.0155 lr 5.1e-05
[anomaly] it 1009: terminal-step reward dominates the episode: survival is being punished
[anomaly] it 1009: joint limit violated by 0.12 rad
it 1010 steps  99287040 sps  106,866 | ep_ret  -19.83 ep_len  600.1 (n=149) | pg -0.005 vf 0.050 kl 0.0149 lr 7.6e-05
[anomaly] it 1010: explained variance -0.06 < 0 after warm-up: value function not predicting returns
[anomaly] it 1010: terminal-step reward dominates the episode: survival is being punished
it 1011 steps  99385344 sps  106,868 | ep_ret  -20.93 ep_len  645.7 (n=148) | pg -0.004 vf 0.053 kl 0.0144 lr 3.4e-05
[anomaly] it 1011: explained variance -0.23 < 0 after warm-up: value function not predicting returns
[anomaly] it 1011: terminal-step reward dominates the episode: survival is being punished
[anomaly] it 1011: joint limit violated by 0.06 rad
it 1012 steps  99483648 sps  106,870 | ep_ret  -19.50 ep_len  575.3 (n=141) | pg -0.007 vf 0.049 kl 0.0098 lr 5.1e-05
[anomaly] it 1012: explained variance -0.19 < 0 after warm-up: value function not predicting returns
[anomaly] it 1012: terminal-step reward dominates the episode: survival is being punished
[anomaly] it 1012: joint limit violated by 0.08 rad
it 1013 steps  99581952 sps  106,872 | ep_ret  -19.08 ep_len  560.9 (n=161) | pg -0.008 vf 0.052 kl 0.0124 lr 7.6e-05
[anomaly] it 1013: explained variance -0.01 < 0 after warm-up: value function not predicting returns
[anomaly] it 1013: terminal-step reward dominates the episode: survival is being punished
[anomaly] it 1013: joint limit violated by 0.09 rad
it 1014 steps  99680256 sps  106,874 | ep_ret  -19.39 ep_len  587.2 (n=163) | pg -0.007 vf 0.051 kl 0.0164 lr 3.4e-05
[anomaly] it 1014: explained variance -0.01 < 0 after warm-up: value function not predicting returns
[anomaly] it 1014: terminal-step reward dominates the episode: survival is being punished
[anomaly] it 1014: joint limit violated by 0.07 rad
it 1015 steps  99778560 sps  106,877 | ep_ret  -19.78 ep_len  608.4 (n=160) | pg -0.007 vf 0.051 kl 0.0103 lr 5.1e-05
[anomaly] it 1015: explained variance -0.06 < 0 after warm-up: value function not predicting returns
[anomaly] it 1015: terminal-step reward dominates the episode: survival is being punished
[anomaly] it 1015: joint limit violated by 0.05 rad
it 1016 steps  99876864 sps  106,879 | ep_ret  -20.30 ep_len  622.2 (n=158) | pg -0.005 vf 0.055 kl 0.0147 lr 5.1e-05
[anomaly] it 1016: explained variance -0.09 < 0 after warm-up: value function not predicting returns
[anomaly] it 1016: terminal-step reward dominates the episode: survival is being punished
it 1017 steps  99975168 sps  106,881 | ep_ret  -20.81 ep_len  661.6 (n=169) | pg -0.008 vf 0.056 kl 0.0136 lr 7.6e-05
[anomaly] it 1017: explained variance -0.13 < 0 after warm-up: value function not predicting returns
[anomaly] it 1017: terminal-step reward dominates the episode: survival is being punished
[anomaly] it 1017: joint limit violated by 0.22 rad
it 1018 steps 100073472 sps  106,879 | ep_ret  -29.28 ep_len  594.3 (n=160) | pg -0.001 vf 137.734 kl 0.0585 lr 1.0e-05
[anomaly] it 1018: terminal-step reward dominates the episode: survival is being punished
it 1019 steps 100171776 sps  106,876 | ep_ret  -19.87 ep_len  592.2 (n=179) | pg -0.004 vf 0.053 kl 0.0076 lr 2.3e-05
[anomaly] it 1019: terminal-step reward dominates the episode: survival is being punished
[anomaly] it 1019: joint limit violated by 0.05 rad
it 1020 steps 100270080 sps  106,877 | ep_ret  -20.35 ep_len  619.0 (n=171) | pg -0.005 vf 0.056 kl 0.0087 lr 3.4e-05
[anomaly] it 1020: explained variance -0.01 < 0 after warm-up: value function not predicting returns
[anomaly] it 1020: terminal-step reward dominates the episode: survival is being punished
it 1021 steps 100368384 sps  106,876 | ep_ret  -19.86 ep_len  593.2 (n=168) | pg -0.007 vf 0.050 kl 0.0138 lr 7.6e-05
[anomaly] it 1021: terminal-step reward dominates the episode: survival is being punished
[anomaly] it 1021: joint limit violated by 0.06 rad
it 1022 steps 100466688 sps  106,875 | ep_ret  -19.60 ep_len  602.2 (n=151) | pg -0.001 vf 0.055 kl 0.0136 lr 3.4e-05
[anomaly] it 1022: explained variance -0.11 < 0 after warm-up: value function not predicting returns
[anomaly] it 1022: terminal-step reward dominates the episode: survival is being punished
[anomaly] it 1022: joint limit violated by 0.05 rad
it 1023 steps 100564992 sps  106,874 | ep_ret  -19.12 ep_len  565.6 (n=179) | pg -0.007 vf 0.053 kl 0.0129 lr 7.6e-05
[anomaly] it 1023: terminal-step reward dominates the episode: survival is being punished
it 1024 steps 100663296 sps  106,874 | ep_ret  -19.77 ep_len  590.1 (n=149) | pg -0.004 vf 0.099 kl 0.0162 lr 3.4e-05
[anomaly] it 1024: terminal-step reward dominates the episode: survival is being punished
[anomaly] it 1024: joint limit violated by 3.38 rad
it 1025 steps 100761600 sps  106,875 | ep_ret  -20.14 ep_len  615.3 (n=163) | pg -0.005 vf 0.054 kl 0.0111 lr 5.1e-05 | blown 1 dropped 0
[anomaly] it 1025: terminal-step reward dominates the episode: survival is being punished
[anomaly] it 1025: joint limit violated by 0.06 rad
it 1026 steps 100859904 sps  106,877 | ep_ret  -20.03 ep_len  611.1 (n=165) | pg -0.005 vf 0.056 kl 0.0148 lr 5.1e-05
[anomaly] it 1026: explained variance -0.06 < 0 after warm-up: value function not predicting returns
[anomaly] it 1026: terminal-step reward dominates the episode: survival is being punished
[anomaly] it 1026: joint limit violated by 0.07 rad
it 1027 steps 100958208 sps  106,879 | ep_ret  -19.58 ep_len  602.8 (n=149) | pg -0.006 vf 0.049 kl 0.0125 lr 7.6e-05
[anomaly] it 1027: explained variance -0.11 < 0 after warm-up: value function not predicting returns
[anomaly] it 1027: terminal-step reward dominates the episode: survival is being punished
[anomaly] it 1027: joint limit violated by 0.07 rad
it 1028 steps 101056512 sps  106,878 | ep_ret  -18.89 ep_len  552.5 (n=174) | pg -0.006 vf 0.048 kl 0.0132 lr 5.1e-05
[anomaly] it 1028: terminal-step reward dominates the episode: survival is being punished
[anomaly] it 1028: joint limit violated by 0.06 rad
it 1029 steps 101154816 sps  106,878 | ep_ret  -19.84 ep_len  590.5 (n=164) | pg -0.008 vf 0.053 kl 0.0123 lr 7.6e-05
[anomaly] it 1029: explained variance -0.03 < 0 after warm-up: value function not predicting returns
[anomaly] it 1029: terminal-step reward dominates the episode: survival is being punished
[anomaly] it 1029: joint limit violated by 0.06 rad
it 1030 steps 101253120 sps  106,880 | ep_ret  -19.39 ep_len  572.2 (n=155) | pg -0.004 vf 0.049 kl 0.0141 lr 5.1e-05
[anomaly] it 1030: terminal-step reward dominates the episode: survival is being punished
it 1031 steps 101351424 sps  106,881 | ep_ret  -20.82 ep_len  605.5 (n=142) | pg -0.004 vf 0.065 kl 0.0145 lr 5.1e-05 | blown 1 dropped 0
[anomaly] it 1031: explained variance -0.06 < 0 after warm-up: value function not predicting returns
[anomaly] it 1031: terminal-step reward dominates the episode: survival is being punished
[anomaly] it 1031: joint limit violated by 0.06 rad
it 1032 steps 101449728 sps  106,883 | ep_ret  -19.70 ep_len  576.9 (n=152) | pg -0.006 vf 0.046 kl 0.0152 lr 7.6e-05
[anomaly] it 1032: explained variance -0.02 < 0 after warm-up: value function not predicting returns
[anomaly] it 1032: terminal-step reward dominates the episode: survival is being punished
[anomaly] it 1032: joint limit violated by 0.05 rad
it 1033 steps 101548032 sps  106,884 | ep_ret  -20.63 ep_len  624.1 (n=166) | pg -0.004 vf 0.048 kl 0.0141 lr 5.1e-05
[anomaly] it 1033: explained variance -0.05 < 0 after warm-up: value function not predicting returns
[anomaly] it 1033: terminal-step reward dominates the episode: survival is being punished
[anomaly] it 1033: joint limit violated by 0.06 rad
it 1034 steps 101646336 sps  106,886 | ep_ret  -20.01 ep_len  604.1 (n=161) | pg -0.004 vf 0.051 kl 0.0116 lr 5.1e-05
[anomaly] it 1034: explained variance -0.00 < 0 after warm-up: value function not predicting returns
[anomaly] it 1034: terminal-step reward dominates the episode: survival is being punished
[anomaly] it 1034: joint limit violated by 0.06 rad
it 1035 steps 101744640 sps  106,888 | ep_ret  -20.23 ep_len  616.5 (n=168) | pg -0.005 vf 0.055 kl 0.0116 lr 5.1e-05
[anomaly] it 1035: explained variance -0.08 < 0 after warm-up: value function not predicting returns
[anomaly] it 1035: terminal-step reward dominates the episode: survival is being punished
it 1036 steps 101842944 sps  106,890 | ep_ret  -19.52 ep_len  597.1 (n=145) | pg -0.007 vf 0.046 kl 0.0127 lr 7.6e-05
[anomaly] it 1036: explained variance -0.10 < 0 after warm-up: value function not predicting returns
[anomaly] it 1036: terminal-step reward dominates the episode: survival is being punished
it 1037 steps 101941248 sps  106,892 | ep_ret  -19.59 ep_len  594.0 (n=151) | pg -0.007 vf 0.045 kl 0.0138 lr 7.6e-05
[anomaly] it 1037: explained variance -0.09 < 0 after warm-up: value function not predicting returns
[anomaly] it 1037: terminal-step reward dominates the episode: survival is being punished
it 1038 steps 102039552 sps  106,895 | ep_ret  -19.77 ep_len  603.9 (n=151) | pg -0.003 vf 0.050 kl 0.0148 lr 5.1e-05
[anomaly] it 1038: explained variance -0.14 < 0 after warm-up: value function not predicting returns
[anomaly] it 1038: terminal-step reward dominates the episode: survival is being punished
[anomaly] it 1038: joint limit violated by 0.06 rad
it 1039 steps 102137856 sps  106,897 | ep_ret  -21.24 ep_len  652.6 (n=167) | pg -0.008 vf 0.057 kl 0.0138 lr 7.6e-05
[anomaly] it 1039: explained variance -0.07 < 0 after warm-up: value function not predicting returns
[anomaly] it 1039: terminal-step reward dominates the episode: survival is being punished
[anomaly] it 1039: joint limit violated by 0.05 rad
it 1040 steps 102236160 sps  106,899 | ep_ret  -20.21 ep_len  609.1 (n=150) | pg -0.006 vf 0.050 kl 0.0154 lr 7.6e-05
[anomaly] it 1040: explained variance -0.07 < 0 after warm-up: value function not predicting returns
[anomaly] it 1040: terminal-step reward dominates the episode: survival is being punished
[anomaly] it 1040: joint limit violated by 0.06 rad
it 1041 steps 102334464 sps  106,901 | ep_ret  -21.64 ep_len  623.6 (n=158) | pg -0.002 vf 1.364 kl 0.0144 lr 3.4e-05 | blown 1 dropped 0
[anomaly] it 1041: terminal-step reward dominates the episode: survival is being punished
it 1042 steps 102432768 sps  106,903 | ep_ret  -20.49 ep_len  642.1 (n=136) | pg -0.007 vf 0.049 kl 0.0128 lr 5.1e-05
[anomaly] it 1042: explained variance -0.20 < 0 after warm-up: value function not predicting returns
[anomaly] it 1042: terminal-step reward dominates the episode: survival is being punished
it 1043 steps 102531072 sps  106,905 | ep_ret  -20.22 ep_len  618.6 (n=164) | pg -0.007 vf 0.054 kl 0.0155 lr 7.6e-05
[anomaly] it 1043: explained variance -0.06 < 0 after warm-up: value function not predicting returns
[anomaly] it 1043: terminal-step reward dominates the episode: survival is being punished
[anomaly] it 1043: joint limit violated by 0.05 rad
it 1044 steps 102629376 sps  106,907 | ep_ret  -20.74 ep_len  629.1 (n=167) | pg -0.003 vf 0.056 kl 0.0140 lr 3.4e-05
[anomaly] it 1044: explained variance -0.06 < 0 after warm-up: value function not predicting returns
[anomaly] it 1044: terminal-step reward dominates the episode: survival is being punished
[anomaly] it 1044: joint limit violated by 0.06 rad
it 1045 steps 102727680 sps  106,909 | ep_ret  -21.45 ep_len  658.3 (n=179) | pg -0.006 vf 0.055 kl 0.0123 lr 5.1e-05
[anomaly] it 1045: terminal-step reward dominates the episode: survival is being punished
[anomaly] it 1045: joint limit violated by 0.45 rad
it 1046 steps 102825984 sps  106,911 | ep_ret  -20.70 ep_len  620.3 (n=155) | pg -0.005 vf 0.054 kl 0.0107 lr 5.1e-05
[anomaly] it 1046: explained variance -0.06 < 0 after warm-up: value function not predicting returns
[anomaly] it 1046: terminal-step reward dominates the episode: survival is being punished
it 1047 steps 102924288 sps  106,912 | ep_ret  -20.38 ep_len  601.5 (n=183) | pg -0.005 vf 0.056 kl 0.0123 lr 5.1e-05
[anomaly] it 1047: terminal-step reward dominates the episode: survival is being punished
[anomaly] it 1047: joint limit violated by 0.07 rad
it 1048 steps 103022592 sps  106,914 | ep_ret  -19.98 ep_len  607.9 (n=173) | pg -0.005 vf 0.062 kl 0.0119 lr 5.1e-05
[anomaly] it 1048: explained variance -0.07 < 0 after warm-up: value function not predicting returns
[anomaly] it 1048: terminal-step reward dominates the episode: survival is being punished
[anomaly] it 1048: joint limit violated by 0.06 rad
it 1049 steps 103120896 sps  106,917 | ep_ret  -19.41 ep_len  596.7 (n=170) | pg -0.004 vf 0.058 kl 0.0130 lr 5.1e-05
[anomaly] it 1049: explained variance -0.12 < 0 after warm-up: value function not predicting returns
[anomaly] it 1049: terminal-step reward dominates the episode: survival is being punished
[anomaly] it 1049: joint limit violated by 0.05 rad
it 1050 steps 103219200 sps  106,918 | ep_ret  -19.89 ep_len  591.1 (n=183) | pg -0.007 vf 0.056 kl 0.0125 lr 7.6e-05
[anomaly] it 1050: explained variance -0.04 < 0 after warm-up: value function not predicting returns
[anomaly] it 1050: terminal-step reward dominates the episode: survival is being punished
[anomaly] it 1050: joint limit violated by 0.06 rad
it 1051 steps 103317504 sps  106,920 | ep_ret  -19.46 ep_len  575.9 (n=181) | pg -0.006 vf 0.051 kl 0.0154 lr 7.6e-05
[anomaly] it 1051: terminal-step reward dominates the episode: survival is being punished
it 1052 steps 103415808 sps  106,922 | ep_ret  -20.49 ep_len  599.4 (n=185) | pg -0.003 vf 0.056 kl 0.0126 lr 5.1e-05
[anomaly] it 1052: terminal-step reward dominates the episode: survival is being punished
[anomaly] it 1052: joint limit violated by 0.05 rad
it 1053 steps 103514112 sps  106,924 | ep_ret  -18.65 ep_len  528.3 (n=167) | pg -0.006 vf 0.050 kl 0.0144 lr 5.1e-05
[anomaly] it 1053: terminal-step reward dominates the episode: survival is being punished
[anomaly] it 1053: joint limit violated by 0.07 rad
it 1054 steps 103612416 sps  106,926 | ep_ret  -19.33 ep_len  550.9 (n=171) | pg 0.001 vf 0.052 kl 0.0155 lr 1.5e-05
[anomaly] it 1054: explained variance -0.00 < 0 after warm-up: value function not predicting returns
[anomaly] it 1054: terminal-step reward dominates the episode: survival is being punished
[anomaly] it 1054: joint limit violated by 0.10 rad
it 1055 steps 103710720 sps  106,928 | ep_ret  -19.05 ep_len  550.0 (n=167) | pg -0.008 vf 0.055 kl 0.0098 lr 5.1e-05
[anomaly] it 1055: explained variance -0.01 < 0 after warm-up: value function not predicting returns
[anomaly] it 1055: terminal-step reward dominates the episode: survival is being punished
[anomaly] it 1055: joint speed 114 rad/s > 3x actuator velocity limit (37.0)
[anomaly] it 1055: joint limit violated by 0.06 rad
it 1056 steps 103809024 sps  106,930 | ep_ret  -19.65 ep_len  584.4 (n=197) | pg -0.008 vf 0.060 kl 0.0124 lr 7.6e-05
[anomaly] it 1056: explained variance -0.00 < 0 after warm-up: value function not predicting returns
[anomaly] it 1056: terminal-step reward dominates the episode: survival is being punished
[anomaly] it 1056: joint limit violated by 0.06 rad
it 1057 steps 103907328 sps  106,932 | ep_ret  -18.70 ep_len  535.9 (n=176) | pg -0.004 vf 0.050 kl 0.0121 lr 5.1e-05
[anomaly] it 1057: terminal-step reward dominates the episode: survival is being punished
[anomaly] it 1057: joint limit violated by 0.05 rad
it 1058 steps 104005632 sps  106,934 | ep_ret  -19.60 ep_len  582.2 (n=170) | pg -0.008 vf 0.057 kl 0.0128 lr 7.6e-05
[anomaly] it 1058: explained variance -0.00 < 0 after warm-up: value function not predicting returns
[anomaly] it 1058: terminal-step reward dominates the episode: survival is being punished
[anomaly] it 1058: joint limit violated by 0.06 rad
it 1059 steps 104103936 sps  106,935 | ep_ret  -19.44 ep_len  571.4 (n=182) | pg -0.002 vf 0.053 kl 0.0136 lr 3.4e-05
[anomaly] it 1059: terminal-step reward dominates the episode: survival is being punished
[anomaly] it 1059: joint limit violated by 0.06 rad
it 1060 steps 104202240 sps  106,937 | ep_ret  -20.63 ep_len  621.9 (n=191) | pg -0.006 vf 0.063 kl 0.0103 lr 5.1e-05
[anomaly] it 1060: explained variance -0.03 < 0 after warm-up: value function not predicting returns
[anomaly] it 1060: terminal-step reward dominates the episode: survival is being punished
[anomaly] it 1060: joint limit violated by 0.05 rad
it 1061 steps 104300544 sps  106,937 | ep_ret  -19.34 ep_len  556.4 (n=158) | pg -0.007 vf 0.050 kl 0.0130 lr 7.6e-05
[anomaly] it 1061: explained variance -0.08 < 0 after warm-up: value function not predicting returns
[anomaly] it 1061: terminal-step reward dominates the episode: survival is being punished
[anomaly] it 1061: joint limit violated by 0.09 rad
it 1062 steps 104398848 sps  106,932 | ep_ret  -19.71 ep_len  592.2 (n=210) | pg -0.000 vf 0.065 kl 0.0168 lr 2.3e-05
[anomaly] it 1062: terminal-step reward dominates the episode: survival is being punished
[anomaly] it 1062: joint limit violated by 0.06 rad
it 1063 steps 104497152 sps  106,931 | ep_ret  -19.04 ep_len  555.6 (n=174) | pg -0.004 vf 0.049 kl 0.0108 lr 3.4e-05
[anomaly] it 1063: terminal-step reward dominates the episode: survival is being punished
[anomaly] it 1063: joint limit violated by 0.07 rad
it 1064 steps 104595456 sps  106,930 | ep_ret  -19.79 ep_len  589.9 (n=178) | pg -0.006 vf 0.057 kl 0.0110 lr 5.1e-05
[anomaly] it 1064: terminal-step reward dominates the episode: survival is being punished
[anomaly] it 1064: joint limit violated by 0.08 rad
it 1065 steps 104693760 sps  106,930 | ep_ret  -19.86 ep_len  570.6 (n=165) | pg -0.006 vf 0.055 kl 0.0115 lr 7.6e-05
[anomaly] it 1065: explained variance -0.00 < 0 after warm-up: value function not predicting returns
[anomaly] it 1065: terminal-step reward dominates the episode: survival is being punished
[anomaly] it 1065: joint limit violated by 0.06 rad
it 1066 steps 104792064 sps  106,930 | ep_ret  -18.52 ep_len  532.0 (n=160) | pg -0.006 vf 0.046 kl 0.0165 lr 7.6e-05
[anomaly] it 1066: explained variance -0.01 < 0 after warm-up: value function not predicting returns
[anomaly] it 1066: terminal-step reward dominates the episode: survival is being punished
[anomaly] it 1066: joint limit violated by 0.05 rad
it 1067 steps 104890368 sps  106,930 | ep_ret  -20.37 ep_len  652.8 (n=154) | pg -0.006 vf 0.056 kl 0.0139 lr 7.6e-05
[anomaly] it 1067: explained variance -0.17 < 0 after warm-up: value function not predicting returns
[anomaly] it 1067: terminal-step reward dominates the episode: survival is being punished
[anomaly] it 1067: joint limit violated by 0.05 rad
it 1068 steps 104988672 sps  106,930 | ep_ret  -19.94 ep_len  590.0 (n=174) | pg -0.006 vf 0.055 kl 0.0157 lr 7.6e-05
[anomaly] it 1068: terminal-step reward dominates the episode: survival is being punished
[anomaly] it 1068: joint limit violated by 0.05 rad
it 1069 steps 105086976 sps  106,928 | ep_ret  -19.41 ep_len  561.0 (n=154) | pg -0.002 vf 22.638 kl 0.0243 lr 1.0e-05
[anomaly] it 1069: terminal-step reward dominates the episode: survival is being punished
[anomaly] it 1069: joint speed 191 rad/s > 3x actuator velocity limit (37.0)
[anomaly] it 1069: joint limit violated by 3.36 rad
it 1070 steps 105185280 sps  106,928 | ep_ret  -18.44 ep_len  543.9 (n=147) | pg -0.002 vf 6.406 kl 0.0104 lr 3.4e-05
[anomaly] it 1070: terminal-step reward dominates the episode: survival is being punished
[anomaly] it 1070: joint limit violated by 3.60 rad
it 1071 steps 105283584 sps  106,930 | ep_ret  -19.77 ep_len  586.9 (n=161) | pg -0.002 vf 0.124 kl 0.0132 lr 1.5e-05
[anomaly] it 1071: explained variance -0.05 < 0 after warm-up: value function not predicting returns
[anomaly] it 1071: terminal-step reward dominates the episode: survival is being punished
[anomaly] it 1071: joint limit violated by 3.39 rad
it 1072 steps 105381888 sps  106,932 | ep_ret  -25.64 ep_len  582.1 (n=169) | pg -0.007 vf 0.054 kl 0.0099 lr 5.1e-05
[anomaly] it 1072: explained variance -0.01 < 0 after warm-up: value function not predicting returns
[anomaly] it 1072: terminal-step reward dominates the episode: survival is being punished
[anomaly] it 1072: joint limit violated by 0.05 rad
it 1073 steps 105480192 sps  106,935 | ep_ret  -17.96 ep_len  507.1 (n=165) | pg -0.003 vf 0.046 kl 0.0104 lr 2.3e-05
[anomaly] it 1073: terminal-step reward dominates the episode: survival is being punished
[anomaly] it 1073: joint limit violated by 0.05 rad
it 1074 steps 105578496 sps  106,937 | ep_ret  -19.71 ep_len  571.1 (n=158) | pg -0.004 vf 0.051 kl 0.0107 lr 3.4e-05
[anomaly] it 1074: explained variance -0.04 < 0 after warm-up: value function not predicting returns
[anomaly] it 1074: terminal-step reward dominates the episode: survival is being punished
[anomaly] it 1074: joint limit violated by 0.05 rad
it 1075 steps 105676800 sps  106,939 | ep_ret  -20.52 ep_len  608.7 (n=156) | pg -0.006 vf 0.050 kl 0.0105 lr 5.1e-05
[anomaly] it 1075: explained variance -0.13 < 0 after warm-up: value function not predicting returns
[anomaly] it 1075: terminal-step reward dominates the episode: survival is being punished
it 1076 steps 105775104 sps  106,941 | ep_ret  -18.80 ep_len  549.1 (n=183) | pg -0.006 vf 0.057 kl 0.0141 lr 5.1e-05
[anomaly] it 1076: explained variance -0.00 < 0 after warm-up: value function not predicting returns
[anomaly] it 1076: terminal-step reward dominates the episode: survival is being punished
[anomaly] it 1076: joint limit violated by 0.06 rad
it 1077 steps 105873408 sps  106,943 | ep_ret  -19.65 ep_len  585.0 (n=174) | pg -0.005 vf 0.054 kl 0.0135 lr 3.4e-05
[anomaly] it 1077: terminal-step reward dominates the episode: survival is being punished
[anomaly] it 1077: joint limit violated by 0.06 rad
it 1078 steps 105971712 sps  106,945 | ep_ret  -21.06 ep_len  626.0 (n=161) | pg -0.005 vf 0.058 kl 0.0112 lr 5.1e-05
[anomaly] it 1078: explained variance -0.08 < 0 after warm-up: value function not predicting returns
[anomaly] it 1078: terminal-step reward dominates the episode: survival is being punished
it 1079 steps 106070016 sps  106,947 | ep_ret  -19.16 ep_len  547.7 (n=143) | pg -0.006 vf 0.048 kl 0.0136 lr 7.6e-05
[anomaly] it 1079: explained variance -0.04 < 0 after warm-up: value function not predicting returns
[anomaly] it 1079: terminal-step reward dominates the episode: survival is being punished
[anomaly] it 1079: joint limit violated by 0.06 rad
it 1080 steps 106168320 sps  106,950 | ep_ret  -18.46 ep_len  521.0 (n=151) | pg -0.005 vf 0.045 kl 0.0166 lr 7.6e-05
[anomaly] it 1080: explained variance -0.00 < 0 after warm-up: value function not predicting returns
[anomaly] it 1080: terminal-step reward dominates the episode: survival is being punished
[anomaly] it 1080: joint limit violated by 0.06 rad
it 1081 steps 106266624 sps  106,952 | ep_ret  -21.42 ep_len  656.3 (n=135) | pg 0.004 vf 0.050 kl 0.0233 lr 1.5e-05
[anomaly] it 1081: explained variance -0.17 < 0 after warm-up: value function not predicting returns
[anomaly] it 1081: terminal-step reward dominates the episode: survival is being punished
[anomaly] it 1081: joint limit violated by 0.05 rad
it 1082 steps 106364928 sps  106,954 | ep_ret  -19.97 ep_len  600.4 (n=161) | pg -0.007 vf 0.054 kl 0.0086 lr 3.4e-05
[anomaly] it 1082: explained variance -0.09 < 0 after warm-up: value function not predicting returns
[anomaly] it 1082: terminal-step reward dominates the episode: survival is being punished
[anomaly] it 1082: joint limit violated by 0.07 rad
it 1083 steps 106463232 sps  106,956 | ep_ret  -20.18 ep_len  598.9 (n=147) | pg -0.006 vf 0.047 kl 0.0125 lr 5.1e-05
[anomaly] it 1083: explained variance -0.06 < 0 after warm-up: value function not predicting returns
[anomaly] it 1083: terminal-step reward dominates the episode: survival is being punished
[anomaly] it 1083: joint limit violated by 0.41 rad
it 1084 steps 106561536 sps  106,958 | ep_ret  -19.72 ep_len  590.6 (n=164) | pg -0.006 vf 0.054 kl 0.0135 lr 7.6e-05
[anomaly] it 1084: explained variance -0.05 < 0 after warm-up: value function not predicting returns
[anomaly] it 1084: terminal-step reward dominates the episode: survival is being punished
it 1085 steps 106659840 sps  106,961 | ep_ret  -20.65 ep_len  624.7 (n=152) | pg -0.006 vf 0.053 kl 0.0162 lr 7.6e-05
[anomaly] it 1085: explained variance -0.15 < 0 after warm-up: value function not predicting returns
[anomaly] it 1085: terminal-step reward dominates the episode: survival is being punished
[anomaly] it 1085: joint limit violated by 0.08 rad
it 1086 steps 106758144 sps  106,963 | ep_ret  -20.05 ep_len  590.1 (n=149) | pg -0.006 vf 0.050 kl 0.0119 lr 5.1e-05
[anomaly] it 1086: explained variance -0.02 < 0 after warm-up: value function not predicting returns
[anomaly] it 1086: terminal-step reward dominates the episode: survival is being punished
[anomaly] it 1086: joint limit violated by 0.06 rad
it 1087 steps 106856448 sps  106,965 | ep_ret  -21.17 ep_len  645.1 (n=148) | pg -0.005 vf 0.053 kl 0.0140 lr 7.6e-05
[anomaly] it 1087: explained variance -0.13 < 0 after warm-up: value function not predicting returns
[anomaly] it 1087: terminal-step reward dominates the episode: survival is being punished
[anomaly] it 1087: joint limit violated by 0.05 rad
[anomaly] it 1087: contact force 18597 N > 50x robot weight
it 1088 steps 106954752 sps  106,966 | ep_ret  -21.19 ep_len  640.5 (n=154) | pg -0.004 vf 0.057 kl 0.0126 lr 5.1e-05
[anomaly] it 1088: explained variance -0.03 < 0 after warm-up: value function not predicting returns
[anomaly] it 1088: terminal-step reward dominates the episode: survival is being punished
[anomaly] it 1088: joint limit violated by 0.05 rad
it 1089 steps 107053056 sps  106,968 | ep_ret  -21.60 ep_len  656.2 (n=152) | pg -0.006 vf 0.056 kl 0.0128 lr 7.6e-05
[anomaly] it 1089: explained variance -0.04 < 0 after warm-up: value function not predicting returns
[anomaly] it 1089: terminal-step reward dominates the episode: survival is being punished
[anomaly] it 1089: joint limit violated by 0.40 rad
it 1090 steps 107151360 sps  106,970 | ep_ret  -21.19 ep_len  633.0 (n=150) | pg -0.004 vf 0.055 kl 0.0139 lr 5.1e-05
[anomaly] it 1090: explained variance -0.11 < 0 after warm-up: value function not predicting returns
[anomaly] it 1090: terminal-step reward dominates the episode: survival is being punished
it 1091 steps 107249664 sps  106,972 | ep_ret  -21.83 ep_len  669.7 (n=175) | pg -0.005 vf 0.061 kl 0.0112 lr 5.1e-05
[anomaly] it 1091: explained variance -0.00 < 0 after warm-up: value function not predicting returns
[anomaly] it 1091: terminal-step reward dominates the episode: survival is being punished
[anomaly] it 1091: joint limit violated by 0.06 rad
it 1092 steps 107347968 sps  106,974 | ep_ret  -20.78 ep_len  615.0 (n=165) | pg -0.006 vf 0.052 kl 0.0166 lr 2.3e-05
[anomaly] it 1092: terminal-step reward dominates the episode: survival is being punished
[anomaly] it 1092: joint limit violated by 0.06 rad
it 1093 steps 107446272 sps  106,976 | ep_ret  -22.03 ep_len  661.5 (n=160) | pg -0.006 vf 0.054 kl 0.0104 lr 5.1e-05
[anomaly] it 1093: explained variance -0.01 < 0 after warm-up: value function not predicting returns
[anomaly] it 1093: terminal-step reward dominates the episode: survival is being punished
[anomaly] it 1093: joint limit violated by 0.07 rad
it 1094 steps 107544576 sps  106,978 | ep_ret  -20.23 ep_len  615.1 (n=167) | pg -0.005 vf 0.055 kl 0.0122 lr 5.1e-05
[anomaly] it 1094: explained variance -0.02 < 0 after warm-up: value function not predicting returns
[anomaly] it 1094: terminal-step reward dominates the episode: survival is being punished
[anomaly] it 1094: joint limit violated by 0.30 rad
it 1095 steps 107642880 sps  106,980 | ep_ret  -20.45 ep_len  596.5 (n=164) | pg -0.005 vf 0.050 kl 0.0126 lr 5.1e-05
[anomaly] it 1095: terminal-step reward dominates the episode: survival is being punished
it 1096 steps 107741184 sps  106,981 | ep_ret  -19.70 ep_len  553.5 (n=170) | pg -0.006 vf 0.046 kl 0.0122 lr 3.4e-05
[anomaly] it 1096: terminal-step reward dominates the episode: survival is being punished
[anomaly] it 1096: joint limit violated by 0.05 rad
it 1097 steps 107839488 sps  106,983 | ep_ret  -20.33 ep_len  601.3 (n=188) | pg -0.004 vf 0.057 kl 0.0120 lr 5.1e-05
[anomaly] it 1097: terminal-step reward dominates the episode: survival is being punished
[anomaly] it 1097: joint limit violated by 0.06 rad
it 1098 steps 107937792 sps  106,985 | ep_ret  -21.22 ep_len  644.6 (n=165) | pg 0.000 vf 0.427 kl 0.0162 lr 2.3e-05
[anomaly] it 1098: terminal-step reward dominates the episode: survival is being punished
[anomaly] it 1098: joint limit violated by 0.07 rad
it 1099 steps 108036096 sps  106,987 | ep_ret  -20.40 ep_len  611.7 (n=169) | pg -0.005 vf 0.055 kl 0.0129 lr 5.1e-05
[anomaly] it 1099: terminal-step reward dominates the episode: survival is being punished
[anomaly] it 1099: joint limit violated by 0.44 rad
it 1100 steps 108134400 sps  106,989 | ep_ret  -21.22 ep_len  611.5 (n=175) | pg -0.006 vf 0.069 kl 0.0142 lr 5.1e-05
[anomaly] it 1100: terminal-step reward dominates the episode: survival is being punished
[anomaly] it 1100: joint limit violated by 0.05 rad
it 1101 steps 108232704 sps  106,988 | ep_ret  -19.86 ep_len  597.6 (n=179) | pg -0.006 vf 0.059 kl 0.0137 lr 5.1e-05
[anomaly] it 1101: explained variance -0.04 < 0 after warm-up: value function not predicting returns
[anomaly] it 1101: terminal-step reward dominates the episode: survival is being punished
it 1102 steps 108331008 sps  106,985 | ep_ret  -20.92 ep_len  621.7 (n=207) | pg -0.006 vf 0.069 kl 0.0124 lr 5.1e-05
[anomaly] it 1102: terminal-step reward dominates the episode: survival is being punished
[anomaly] it 1102: joint limit violated by 0.06 rad
it 1103 steps 108429312 sps  106,984 | ep_ret  -20.04 ep_len  582.8 (n=158) | pg -0.006 vf 0.050 kl 0.0132 lr 7.6e-05
[anomaly] it 1103: explained variance -0.04 < 0 after warm-up: value function not predicting returns
[anomaly] it 1103: terminal-step reward dominates the episode: survival is being punished
[anomaly] it 1103: joint limit violated by 0.24 rad
it 1104 steps 108527616 sps  106,981 | ep_ret  -21.07 ep_len  648.8 (n=166) | pg -0.003 vf 0.053 kl 0.0149 lr 5.1e-05
[anomaly] it 1104: explained variance -0.14 < 0 after warm-up: value function not predicting returns
[anomaly] it 1104: terminal-step reward dominates the episode: survival is being punished
[anomaly] it 1104: joint limit violated by 0.07 rad
it 1105 steps 108625920 sps  106,978 | ep_ret  -20.15 ep_len  594.3 (n=155) | pg -0.004 vf 0.048 kl 0.0135 lr 5.1e-05
[anomaly] it 1105: explained variance -0.06 < 0 after warm-up: value function not predicting returns
[anomaly] it 1105: terminal-step reward dominates the episode: survival is being punished
[anomaly] it 1105: joint limit violated by 0.05 rad
it 1106 steps 108724224 sps  106,976 | ep_ret  -20.94 ep_len  599.8 (n=156) | pg -0.007 vf 0.048 kl 0.0134 lr 7.6e-05
[anomaly] it 1106: terminal-step reward dominates the episode: survival is being punished
[anomaly] it 1106: joint limit violated by 0.05 rad
it 1107 steps 108822528 sps  106,978 | ep_ret  -20.80 ep_len  626.6 (n=157) | pg -0.005 vf 0.057 kl 0.0129 lr 5.1e-05
[anomaly] it 1107: explained variance -0.12 < 0 after warm-up: value function not predicting returns
[anomaly] it 1107: terminal-step reward dominates the episode: survival is being punished
[anomaly] it 1107: joint limit violated by 0.44 rad
it 1108 steps 108920832 sps  106,979 | ep_ret  -20.16 ep_len  585.2 (n=152) | pg -0.007 vf 0.052 kl 0.0138 lr 5.1e-05
[anomaly] it 1108: explained variance -0.06 < 0 after warm-up: value function not predicting returns
[anomaly] it 1108: terminal-step reward dominates the episode: survival is being punished
it 1109 steps 109019136 sps  106,981 | ep_ret  -21.77 ep_len  659.7 (n=171) | pg -0.008 vf 0.063 kl 0.0134 lr 3.4e-05
[anomaly] it 1109: explained variance -0.15 < 0 after warm-up: value function not predicting returns
[anomaly] it 1109: terminal-step reward dominates the episode: survival is being punished
[anomaly] it 1109: joint limit violated by 0.05 rad
it 1110 steps 109117440 sps  106,983 | ep_ret  -19.23 ep_len  558.7 (n=195) | pg -0.006 vf 0.060 kl 0.0135 lr 7.6e-05
[anomaly] it 1110: terminal-step reward dominates the episode: survival is being punished
it 1111 steps 109215744 sps  106,985 | ep_ret  -19.70 ep_len  565.7 (n=180) | pg -0.008 vf 0.055 kl 0.0130 lr 3.4e-05
[anomaly] it 1111: terminal-step reward dominates the episode: survival is being punished
[anomaly] it 1111: joint limit violated by 0.07 rad
it 1112 steps 109314048 sps  106,987 | ep_ret  -19.66 ep_len  551.3 (n=155) | pg -0.006 vf 0.052 kl 0.0144 lr 2.3e-05
[anomaly] it 1112: explained variance -0.01 < 0 after warm-up: value function not predicting returns
[anomaly] it 1112: terminal-step reward dominates the episode: survival is being punished
[anomaly] it 1112: joint limit violated by 0.05 rad
it 1113 steps 109412352 sps  106,988 | ep_ret  -19.59 ep_len  565.5 (n=184) | pg -0.006 vf 0.058 kl 0.0111 lr 5.1e-05
[anomaly] it 1113: terminal-step reward dominates the episode: survival is being punished
it 1114 steps 109510656 sps  106,991 | ep_ret  -20.43 ep_len  590.4 (n=181) | pg -0.005 vf 0.055 kl 0.0132 lr 5.1e-05
[anomaly] it 1114: terminal-step reward dominates the episode: survival is being punished
[anomaly] it 1114: joint limit violated by 0.08 rad
it 1115 steps 109608960 sps  106,992 | ep_ret  -18.89 ep_len  529.1 (n=162) | pg -0.004 vf 0.049 kl 0.0121 lr 5.1e-05
[anomaly] it 1115: terminal-step reward dominates the episode: survival is being punished
[anomaly] it 1115: joint limit violated by 0.07 rad
it 1116 steps 109707264 sps  106,993 | ep_ret  -18.84 ep_len  537.5 (n=171) | pg -0.007 vf 0.048 kl 0.0127 lr 7.6e-05
[anomaly] it 1116: terminal-step reward dominates the episode: survival is being punished
[anomaly] it 1116: joint limit violated by 0.14 rad
it 1117 steps 109805568 sps  106,995 | ep_ret  -19.64 ep_len  574.5 (n=182) | pg -0.004 vf 0.053 kl 0.0119 lr 3.4e-05
[anomaly] it 1117: terminal-step reward dominates the episode: survival is being punished
[anomaly] it 1117: joint limit violated by 0.06 rad
it 1118 steps 109903872 sps  106,997 | ep_ret  -19.81 ep_len  575.3 (n=178) | pg -0.008 vf 0.060 kl 0.0110 lr 5.1e-05
[anomaly] it 1118: explained variance -0.00 < 0 after warm-up: value function not predicting returns
[anomaly] it 1118: terminal-step reward dominates the episode: survival is being punished
[anomaly] it 1118: joint limit violated by 0.06 rad
it 1119 steps 110002176 sps  106,999 | ep_ret  -19.68 ep_len  577.9 (n=184) | pg -0.005 vf 0.055 kl 0.0125 lr 5.1e-05
[anomaly] it 1119: terminal-step reward dominates the episode: survival is being punished
[anomaly] it 1119: joint limit violated by 0.05 rad
it 1120 steps 110100480 sps  107,001 | ep_ret  -19.59 ep_len  571.7 (n=171) | pg -0.007 vf 0.055 kl 0.0126 lr 7.6e-05
[anomaly] it 1120: terminal-step reward dominates the episode: survival is being punished
[anomaly] it 1120: joint limit violated by 0.07 rad
it 1121 steps 110198784 sps  106,999 | ep_ret  -18.95 ep_len  547.0 (n=181) | pg -0.005 vf 0.049 kl 0.0135 lr 5.1e-05
[anomaly] it 1121: terminal-step reward dominates the episode: survival is being punished
[anomaly] it 1121: joint limit violated by 0.05 rad
it 1122 steps 110297088 sps  106,999 | ep_ret  -19.84 ep_len  572.0 (n=149) | pg -0.006 vf 0.050 kl 0.0139 lr 7.6e-05
[anomaly] it 1122: explained variance -0.04 < 0 after warm-up: value function not predicting returns
[anomaly] it 1122: terminal-step reward dominates the episode: survival is being punished
[anomaly] it 1122: joint limit violated by 0.06 rad
it 1123 steps 110395392 sps  106,998 | ep_ret  -20.30 ep_len  583.1 (n=183) | pg -0.000 vf 0.057 kl 0.0153 lr 2.3e-05
[anomaly] it 1123: terminal-step reward dominates the episode: survival is being punished
[anomaly] it 1123: joint limit violated by 0.06 rad
it 1124 steps 110493696 sps  106,999 | ep_ret  -19.23 ep_len  540.8 (n=193) | pg -0.006 vf 0.056 kl 0.0123 lr 5.1e-05
[anomaly] it 1124: terminal-step reward dominates the episode: survival is being punished
[anomaly] it 1124: joint limit violated by 0.06 rad
it 1125 steps 110592000 sps  106,996 | ep_ret  -19.08 ep_len  519.8 (n=181) | pg -0.007 vf 0.051 kl 0.0140 lr 7.6e-05
[anomaly] it 1125: terminal-step reward dominates the episode: survival is being punished
[anomaly] it 1125: joint limit violated by 0.06 rad
it 1126 steps 110690304 sps  106,994 | ep_ret  -20.35 ep_len  599.7 (n=173) | pg -0.007 vf 0.058 kl 0.0141 lr 5.1e-05
[anomaly] it 1126: explained variance -0.00 < 0 after warm-up: value function not predicting returns
[anomaly] it 1126: terminal-step reward dominates the episode: survival is being punished
[anomaly] it 1126: joint limit violated by 0.08 rad
it 1127 steps 110788608 sps  106,996 | ep_ret  -19.72 ep_len  554.2 (n=177) | pg -0.006 vf 0.058 kl 0.0124 lr 5.1e-05
[anomaly] it 1127: terminal-step reward dominates the episode: survival is being punished
[anomaly] it 1127: joint limit violated by 0.06 rad
it 1128 steps 110886912 sps  106,995 | ep_ret  -19.72 ep_len  549.2 (n=172) | pg -0.007 vf 0.051 kl 0.0134 lr 7.6e-05
[anomaly] it 1128: terminal-step reward dominates the episode: survival is being punished
[anomaly] it 1128: joint limit violated by 0.06 rad
it 1129 steps 110985216 sps  106,993 | ep_ret  -19.86 ep_len  553.0 (n=143) | pg -0.005 vf 0.045 kl 0.0149 lr 7.6e-05
[anomaly] it 1129: explained variance -0.11 < 0 after warm-up: value function not predicting returns
[anomaly] it 1129: terminal-step reward dominates the episode: survival is being punished
[anomaly] it 1129: joint limit violated by 0.06 rad
it 1130 steps 111083520 sps  106,991 | ep_ret  -20.87 ep_len  611.4 (n=167) | pg -0.004 vf 0.060 kl 0.0130 lr 5.1e-05
[anomaly] it 1130: explained variance -0.11 < 0 after warm-up: value function not predicting returns
[anomaly] it 1130: terminal-step reward dominates the episode: survival is being punished
[anomaly] it 1130: joint limit violated by 0.05 rad
it 1131 steps 111181824 sps  106,991 | ep_ret  -19.74 ep_len  581.7 (n=166) | pg -0.007 vf 0.056 kl 0.0124 lr 7.6e-05
[anomaly] it 1131: explained variance -0.07 < 0 after warm-up: value function not predicting returns
[anomaly] it 1131: terminal-step reward dominates the episode: survival is being punished
[anomaly] it 1131: joint limit violated by 0.20 rad
it 1132 steps 111280128 sps  106,988 | ep_ret  -19.23 ep_len  545.9 (n=172) | pg -0.006 vf 0.054 kl 0.0129 lr 7.6e-05
[anomaly] it 1132: terminal-step reward dominates the episode: survival is being punished
[anomaly] it 1132: joint limit violated by 0.06 rad
[anomaly] it 1132: contact force 18489 N > 50x robot weight
it 1133 steps 111378432 sps  106,988 | ep_ret  -20.41 ep_len  608.6 (n=179) | pg -0.006 vf 0.057 kl 0.0163 lr 7.6e-05
[anomaly] it 1133: explained variance -0.06 < 0 after warm-up: value function not predicting returns
[anomaly] it 1133: terminal-step reward dominates the episode: survival is being punished
[anomaly] it 1133: joint limit violated by 0.07 rad
it 1134 steps 111476736 sps  106,990 | ep_ret  -19.50 ep_len  559.3 (n=152) | pg -0.005 vf 0.047 kl 0.0157 lr 7.6e-05
[anomaly] it 1134: explained variance -0.06 < 0 after warm-up: value function not predicting returns
[anomaly] it 1134: terminal-step reward dominates the episode: survival is being punished
[anomaly] it 1134: joint limit violated by 0.13 rad
it 1135 steps 111575040 sps  106,991 | ep_ret  -19.71 ep_len  568.1 (n=167) | pg -0.007 vf 0.054 kl 0.0134 lr 7.6e-05
[anomaly] it 1135: explained variance -0.01 < 0 after warm-up: value function not predicting returns
[anomaly] it 1135: terminal-step reward dominates the episode: survival is being punished
[anomaly] it 1135: joint limit violated by 0.06 rad
it 1136 steps 111673344 sps  106,992 | ep_ret  -21.08 ep_len  608.8 (n=151) | pg -0.004 vf 0.054 kl 0.0154 lr 2.3e-05
[anomaly] it 1136: explained variance -0.09 < 0 after warm-up: value function not predicting returns
[anomaly] it 1136: terminal-step reward dominates the episode: survival is being punished
[anomaly] it 1136: joint limit violated by 0.05 rad
it 1137 steps 111771648 sps  106,993 | ep_ret  -17.74 ep_len  492.7 (n=152) | pg -0.005 vf 0.043 kl 0.0096 lr 3.4e-05
[anomaly] it 1137: terminal-step reward dominates the episode: survival is being punished
[anomaly] it 1137: joint limit violated by 0.13 rad
it 1138 steps 111869952 sps  106,995 | ep_ret  -20.77 ep_len  613.1 (n=134) | pg -0.005 vf 0.048 kl 0.0136 lr 5.1e-05
[anomaly] it 1138: explained variance -0.15 < 0 after warm-up: value function not predicting returns
[anomaly] it 1138: terminal-step reward dominates the episode: survival is being punished
[anomaly] it 1138: joint limit violated by 0.06 rad
it 1139 steps 111968256 sps  106,997 | ep_ret  -21.20 ep_len  648.2 (n=164) | pg -0.007 vf 0.062 kl 0.0143 lr 7.6e-05
[anomaly] it 1139: explained variance -0.15 < 0 after warm-up: value function not predicting returns
[anomaly] it 1139: terminal-step reward dominates the episode: survival is being punished
[anomaly] it 1139: joint limit violated by 0.08 rad
it 1140 steps 112066560 sps  106,998 | ep_ret  -21.57 ep_len  625.9 (n=149) | pg -0.000 vf 0.055 kl 0.0168 lr 1.5e-05
[anomaly] it 1140: explained variance -0.07 < 0 after warm-up: value function not predicting returns
[anomaly] it 1140: terminal-step reward dominates the episode: survival is being punished
it 1141 steps 112164864 sps  107,000 | ep_ret  -21.10 ep_len  617.4 (n=153) | pg -0.005 vf 0.053 kl 0.0106 lr 3.4e-05
[anomaly] it 1141: explained variance -0.13 < 0 after warm-up: value function not predicting returns
[anomaly] it 1141: terminal-step reward dominates the episode: survival is being punished
it 1142 steps 112263168 sps  107,002 | ep_ret  -20.62 ep_len  602.8 (n=176) | pg -0.004 vf 0.056 kl 0.0112 lr 5.1e-05
[anomaly] it 1142: explained variance -0.00 < 0 after warm-up: value function not predicting returns
[anomaly] it 1142: terminal-step reward dominates the episode: survival is being punished
[anomaly] it 1142: joint limit violated by 0.06 rad
it 1143 steps 112361472 sps  107,003 | ep_ret  -22.15 ep_len  654.7 (n=146) | pg -0.007 vf 0.051 kl 0.0121 lr 7.6e-05
[anomaly] it 1143: explained variance -0.15 < 0 after warm-up: value function not predicting returns
[anomaly] it 1143: terminal-step reward dominates the episode: survival is being punished
[anomaly] it 1143: joint limit violated by 0.05 rad
[anomaly] it 1143: contact force 18179 N > 50x robot weight
it 1144 steps 112459776 sps  107,005 | ep_ret  -21.59 ep_len  644.5 (n=170) | pg -0.004 vf 0.060 kl 0.0141 lr 3.4e-05
[anomaly] it 1144: explained variance -0.13 < 0 after warm-up: value function not predicting returns
[anomaly] it 1144: terminal-step reward dominates the episode: survival is being punished
[anomaly] it 1144: joint limit violated by 0.06 rad
it 1145 steps 112558080 sps  107,007 | ep_ret  -22.21 ep_len  668.8 (n=164) | pg -0.006 vf 0.065 kl 0.0117 lr 5.1e-05
[anomaly] it 1145: explained variance -0.10 < 0 after warm-up: value function not predicting returns
[anomaly] it 1145: terminal-step reward dominates the episode: survival is being punished
it 1146 steps 112656384 sps  107,008 | ep_ret  -18.69 ep_len  542.6 (n=150) | pg -0.007 vf 0.045 kl 0.0132 lr 7.6e-05
[anomaly] it 1146: explained variance -0.08 < 0 after warm-up: value function not predicting returns
[anomaly] it 1146: terminal-step reward dominates the episode: survival is being punished
it 1147 steps 112754688 sps  107,010 | ep_ret  -20.72 ep_len  603.1 (n=150) | pg -0.005 vf 0.052 kl 0.0159 lr 3.4e-05
[anomaly] it 1147: explained variance -0.15 < 0 after warm-up: value function not predicting returns
[anomaly] it 1147: terminal-step reward dominates the episode: survival is being punished
[anomaly] it 1147: joint limit violated by 0.06 rad
it 1148 steps 112852992 sps  107,012 | ep_ret  -20.80 ep_len  595.9 (n=153) | pg -0.007 vf 0.053 kl 0.0096 lr 5.1e-05
[anomaly] it 1148: explained variance -0.05 < 0 after warm-up: value function not predicting returns
[anomaly] it 1148: terminal-step reward dominates the episode: survival is being punished
[anomaly] it 1148: joint limit violated by 0.05 rad
it 1149 steps 112951296 sps  107,014 | ep_ret  -21.08 ep_len  621.4 (n=148) | pg -0.008 vf 0.047 kl 0.0141 lr 7.6e-05
[anomaly] it 1149: explained variance -0.05 < 0 after warm-up: value function not predicting returns
[anomaly] it 1149: terminal-step reward dominates the episode: survival is being punished
[anomaly] it 1149: joint limit violated by 0.05 rad
it 1150 steps 113049600 sps  107,016 | ep_ret  -20.71 ep_len  612.3 (n=170) | pg -0.005 vf 0.052 kl 0.0155 lr 5.1e-05
[anomaly] it 1150: terminal-step reward dominates the episode: survival is being punished
[anomaly] it 1150: joint limit violated by 0.06 rad
it 1151 steps 113147904 sps  107,018 | ep_ret  -20.69 ep_len  601.0 (n=138) | pg -0.006 vf 0.048 kl 0.0161 lr 3.4e-05
[anomaly] it 1151: explained variance -0.19 < 0 after warm-up: value function not predicting returns
[anomaly] it 1151: terminal-step reward dominates the episode: survival is being punished
it 1152 steps 113246208 sps  107,019 | ep_ret  -22.21 ep_len  669.2 (n=177) | pg -0.001 vf 0.060 kl 0.0122 lr 2.3e-05
[anomaly] it 1152: explained variance -0.05 < 0 after warm-up: value function not predicting returns
[anomaly] it 1152: terminal-step reward dominates the episode: survival is being punished
[anomaly] it 1152: joint limit violated by 0.06 rad
it 1153 steps 113344512 sps  107,021 | ep_ret  -20.72 ep_len  596.2 (n=155) | pg -0.005 vf 0.051 kl 0.0096 lr 3.4e-05
[anomaly] it 1153: explained variance -0.00 < 0 after warm-up: value function not predicting returns
[anomaly] it 1153: terminal-step reward dominates the episode: survival is being punished
[anomaly] it 1153: joint limit violated by 0.05 rad
it 1154 steps 113442816 sps  107,023 | ep_ret  -23.08 ep_len  694.8 (n=158) | pg -0.007 vf 0.058 kl 0.0109 lr 5.1e-05
[anomaly] it 1154: explained variance -0.06 < 0 after warm-up: value function not predicting returns
[anomaly] it 1154: terminal-step reward dominates the episode: survival is being punished
[anomaly] it 1154: joint limit violated by 0.06 rad
it 1155 steps 113541120 sps  107,024 | ep_ret  -20.88 ep_len  620.2 (n=165) | pg -0.007 vf 0.056 kl 0.0149 lr 5.1e-05
[anomaly] it 1155: explained variance -0.10 < 0 after warm-up: value function not predicting returns
[anomaly] it 1155: terminal-step reward dominates the episode: survival is being punished
[anomaly] it 1155: joint limit violated by 0.06 rad
it 1156 steps 113639424 sps  107,026 | ep_ret  -21.28 ep_len  616.6 (n=150) | pg -0.007 vf 0.050 kl 0.0146 lr 5.1e-05
[anomaly] it 1156: explained variance -0.09 < 0 after warm-up: value function not predicting returns
[anomaly] it 1156: terminal-step reward dominates the episode: survival is being punished
[anomaly] it 1156: joint limit violated by 0.05 rad
it 1157 steps 113737728 sps  107,028 | ep_ret  -20.24 ep_len  583.7 (n=153) | pg -0.001 vf 0.047 kl 0.0127 lr 2.3e-05
[anomaly] it 1157: explained variance -0.09 < 0 after warm-up: value function not predicting returns
[anomaly] it 1157: terminal-step reward dominates the episode: survival is being punished
[anomaly] it 1157: joint limit violated by 0.06 rad
it 1158 steps 113836032 sps  107,029 | ep_ret  -21.07 ep_len  631.4 (n=163) | pg -0.007 vf 0.055 kl 0.0086 lr 3.4e-05
[anomaly] it 1158: explained variance -0.07 < 0 after warm-up: value function not predicting returns
[anomaly] it 1158: terminal-step reward dominates the episode: survival is being punished
[anomaly] it 1158: joint limit violated by 0.05 rad
it 1159 steps 113934336 sps  107,031 | ep_ret  -21.59 ep_len  639.2 (n=149) | pg -0.006 vf 0.053 kl 0.0147 lr 5.1e-05
[anomaly] it 1159: explained variance -0.06 < 0 after warm-up: value function not predicting returns
[anomaly] it 1159: terminal-step reward dominates the episode: survival is being punished
[anomaly] it 1159: joint limit violated by 0.07 rad
it 1160 steps 114032640 sps  107,033 | ep_ret  -21.88 ep_len  665.0 (n=148) | pg -0.003 vf 0.056 kl 0.0115 lr 3.4e-05
[anomaly] it 1160: explained variance -0.20 < 0 after warm-up: value function not predicting returns
[anomaly] it 1160: terminal-step reward dominates the episode: survival is being punished
[anomaly] it 1160: joint limit violated by 0.07 rad
it 1161 steps 114130944 sps  107,035 | ep_ret  -21.26 ep_len  620.1 (n=146) | pg -0.007 vf 0.050 kl 0.0151 lr 5.1e-05
[anomaly] it 1161: explained variance -0.06 < 0 after warm-up: value function not predicting returns
[anomaly] it 1161: terminal-step reward dominates the episode: survival is being punished
[anomaly] it 1161: joint limit violated by 0.07 rad
it 1162 steps 114229248 sps  107,037 | ep_ret  -22.65 ep_len  684.7 (n=144) | pg -0.007 vf 0.056 kl 0.0132 lr 7.6e-05
[anomaly] it 1162: explained variance -0.19 < 0 after warm-up: value function not predicting returns
[anomaly] it 1162: terminal-step reward dominates the episode: survival is being punished
[anomaly] it 1162: joint limit violated by 0.05 rad
it 1163 steps 114327552 sps  107,038 | ep_ret  -21.62 ep_len  646.3 (n=153) | pg -0.007 vf 0.057 kl 0.0151 lr 7.6e-05
[anomaly] it 1163: explained variance -0.17 < 0 after warm-up: value function not predicting returns
[anomaly] it 1163: terminal-step reward dominates the episode: survival is being punished
[anomaly] it 1163: joint limit violated by 0.07 rad
it 1164 steps 114425856 sps  107,040 | ep_ret  -21.14 ep_len  613.5 (n=143) | pg -0.005 vf 0.051 kl 0.0153 lr 7.6e-05
[anomaly] it 1164: explained variance -0.20 < 0 after warm-up: value function not predicting returns
[anomaly] it 1164: terminal-step reward dominates the episode: survival is being punished
[anomaly] it 1164: joint limit violated by 0.46 rad
it 1165 steps 114524160 sps  107,042 | ep_ret  -22.91 ep_len  665.0 (n=156) | pg -0.000 vf 0.052 kl 0.0156 lr 2.3e-05
[anomaly] it 1165: explained variance -0.11 < 0 after warm-up: value function not predicting returns
[anomaly] it 1165: terminal-step reward dominates the episode: survival is being punished
[anomaly] it 1165: joint limit violated by 0.12 rad
[anomaly] it 1165: contact force 16011 N > 50x robot weight
it 1166 steps 114622464 sps  107,043 | ep_ret  -21.65 ep_len  643.3 (n=156) | pg -0.006 vf 0.053 kl 0.0123 lr 5.1e-05
[anomaly] it 1166: explained variance -0.09 < 0 after warm-up: value function not predicting returns
[anomaly] it 1166: terminal-step reward dominates the episode: survival is being punished
[anomaly] it 1166: joint limit violated by 0.05 rad
it 1167 steps 114720768 sps  107,045 | ep_ret  -21.50 ep_len  635.1 (n=151) | pg -0.005 vf 0.058 kl 0.0137 lr 5.1e-05
[anomaly] it 1167: explained variance -0.13 < 0 after warm-up: value function not predicting returns
[anomaly] it 1167: terminal-step reward dominates the episode: survival is being punished
[anomaly] it 1167: joint limit violated by 0.06 rad
it 1168 steps 114819072 sps  107,046 | ep_ret  -20.17 ep_len  568.9 (n=154) | pg -0.006 vf 0.046 kl 0.0109 lr 5.1e-05
[anomaly] it 1168: explained variance -0.08 < 0 after warm-up: value function not predicting returns
[anomaly] it 1168: terminal-step reward dominates the episode: survival is being punished
[anomaly] it 1168: joint limit violated by 0.05 rad
it 1169 steps 114917376 sps  107,048 | ep_ret  -22.57 ep_len  676.7 (n=160) | pg -0.006 vf 0.055 kl 0.0124 lr 5.1e-05
[anomaly] it 1169: explained variance -0.17 < 0 after warm-up: value function not predicting returns
[anomaly] it 1169: terminal-step reward dominates the episode: survival is being punished
[anomaly] it 1169: joint limit violated by 0.17 rad
it 1170 steps 115015680 sps  107,050 | ep_ret  -20.70 ep_len  609.1 (n=168) | pg -0.004 vf 0.051 kl 0.0124 lr 5.1e-05
[anomaly] it 1170: explained variance -0.06 < 0 after warm-up: value function not predicting returns
[anomaly] it 1170: terminal-step reward dominates the episode: survival is being punished
[anomaly] it 1170: joint limit violated by 0.09 rad
it 1171 steps 115113984 sps  107,051 | ep_ret  -22.14 ep_len  651.9 (n=138) | pg -0.004 vf 0.051 kl 0.0120 lr 5.1e-05
[anomaly] it 1171: explained variance -0.19 < 0 after warm-up: value function not predicting returns
[anomaly] it 1171: terminal-step reward dominates the episode: survival is being punished
[anomaly] it 1171: joint limit violated by 0.11 rad
it 1172 steps 115212288 sps  107,053 | ep_ret  -21.79 ep_len  653.6 (n=161) | pg -0.003 vf 0.055 kl 0.0118 lr 3.4e-05
[anomaly] it 1172: explained variance -0.07 < 0 after warm-up: value function not predicting returns
[anomaly] it 1172: terminal-step reward dominates the episode: survival is being punished
[anomaly] it 1172: joint limit violated by 0.06 rad
it 1173 steps 115310592 sps  107,055 | ep_ret  -22.20 ep_len  668.6 (n=149) | pg -0.002 vf 0.056 kl 0.0124 lr 2.3e-05
[anomaly] it 1173: explained variance -0.18 < 0 after warm-up: value function not predicting returns
[anomaly] it 1173: terminal-step reward dominates the episode: survival is being punished
[anomaly] it 1173: joint limit violated by 0.11 rad
it 1174 steps 115408896 sps  107,056 | ep_ret  -22.47 ep_len  679.8 (n=166) | pg -0.005 vf 0.063 kl 0.0109 lr 3.4e-05
[anomaly] it 1174: explained variance -0.14 < 0 after warm-up: value function not predicting returns
[anomaly] it 1174: terminal-step reward dominates the episode: survival is being punished
[anomaly] it 1174: joint limit violated by 0.06 rad
it 1175 steps 115507200 sps  107,058 | ep_ret  -22.24 ep_len  670.2 (n=142) | pg -0.005 vf 0.049 kl 0.0114 lr 5.1e-05
[anomaly] it 1175: explained variance -0.15 < 0 after warm-up: value function not predicting returns
[anomaly] it 1175: terminal-step reward dominates the episode: survival is being punished
[anomaly] it 1175: joint limit violated by 0.10 rad
it 1176 steps 115605504 sps  107,060 | ep_ret  -20.60 ep_len  589.8 (n=153) | pg -0.007 vf 0.046 kl 0.0138 lr 7.6e-05
[anomaly] it 1176: explained variance -0.10 < 0 after warm-up: value function not predicting returns
[anomaly] it 1176: terminal-step reward dominates the episode: survival is being punished
it 1177 steps 115703808 sps  107,061 | ep_ret  -20.38 ep_len  605.2 (n=153) | pg 0.001 vf 0.053 kl 0.0184 lr 2.3e-05
[anomaly] it 1177: explained variance -0.16 < 0 after warm-up: value function not predicting returns
[anomaly] it 1177: terminal-step reward dominates the episode: survival is being punished
[anomaly] it 1177: joint limit violated by 0.06 rad
it 1178 steps 115802112 sps  107,063 | ep_ret  -22.12 ep_len  640.5 (n=172) | pg -0.006 vf 0.055 kl 0.0113 lr 5.1e-05
[anomaly] it 1178: explained variance -0.04 < 0 after warm-up: value function not predicting returns
[anomaly] it 1178: terminal-step reward dominates the episode: survival is being punished
it 1179 steps 115900416 sps  107,065 | ep_ret  -21.15 ep_len  623.4 (n=156) | pg -0.004 vf 0.084 kl 0.0167 lr 7.6e-05
[anomaly] it 1179: terminal-step reward dominates the episode: survival is being punished
[anomaly] it 1179: joint limit violated by 0.07 rad
it 1180 steps 115998720 sps  107,066 | ep_ret  -21.29 ep_len  612.5 (n=141) | pg -0.005 vf 0.050 kl 0.0145 lr 5.1e-05
[anomaly] it 1180: explained variance -0.09 < 0 after warm-up: value function not predicting returns
[anomaly] it 1180: terminal-step reward dominates the episode: survival is being punished
[anomaly] it 1180: joint limit violated by 0.06 rad
it 1181 steps 116097024 sps  107,068 | ep_ret  -21.71 ep_len  637.3 (n=154) | pg -0.005 vf 0.052 kl 0.0141 lr 7.6e-05
[anomaly] it 1181: explained variance -0.21 < 0 after warm-up: value function not predicting returns
[anomaly] it 1181: terminal-step reward dominates the episode: survival is being punished
[anomaly] it 1181: joint limit violated by 0.06 rad
it 1182 steps 116195328 sps  107,070 | ep_ret  -21.29 ep_len  606.2 (n=171) | pg -0.004 vf 0.053 kl 0.0129 lr 5.1e-05
[anomaly] it 1182: explained variance -0.09 < 0 after warm-up: value function not predicting returns
[anomaly] it 1182: terminal-step reward dominates the episode: survival is being punished
[anomaly] it 1182: joint limit violated by 0.17 rad
it 1183 steps 116293632 sps  107,071 | ep_ret  -21.80 ep_len  646.9 (n=152) | pg -0.006 vf 0.056 kl 0.0125 lr 7.6e-05
[anomaly] it 1183: explained variance -0.15 < 0 after warm-up: value function not predicting returns
[anomaly] it 1183: terminal-step reward dominates the episode: survival is being punished
[anomaly] it 1183: joint limit violated by 0.06 rad
it 1184 steps 116391936 sps  107,073 | ep_ret  -21.11 ep_len  605.2 (n=171) | pg -0.004 vf 0.051 kl 0.0129 lr 5.1e-05
[anomaly] it 1184: terminal-step reward dominates the episode: survival is being punished
[anomaly] it 1184: joint limit violated by 0.06 rad
it 1185 steps 116490240 sps  107,075 | ep_ret  -22.17 ep_len  632.2 (n=157) | pg -0.004 vf 0.054 kl 0.0139 lr 1.5e-05
[anomaly] it 1185: explained variance -0.16 < 0 after warm-up: value function not predicting returns
[anomaly] it 1185: terminal-step reward dominates the episode: survival is being punished
it 1186 steps 116588544 sps  107,076 | ep_ret  -22.13 ep_len  646.6 (n=158) | pg -0.002 vf 0.053 kl 0.0105 lr 1.5e-05
[anomaly] it 1186: explained variance -0.09 < 0 after warm-up: value function not predicting returns
[anomaly] it 1186: terminal-step reward dominates the episode: survival is being punished
[anomaly] it 1186: joint limit violated by 0.06 rad
it 1187 steps 116686848 sps  107,078 | ep_ret  -20.65 ep_len  601.5 (n=176) | pg -0.007 vf 0.056 kl 0.0090 lr 3.4e-05
[anomaly] it 1187: explained variance -0.03 < 0 after warm-up: value function not predicting returns
[anomaly] it 1187: terminal-step reward dominates the episode: survival is being punished
[anomaly] it 1187: joint limit violated by 0.05 rad
it 1188 steps 116785152 sps  107,080 | ep_ret  -20.70 ep_len  592.2 (n=159) | pg -0.006 vf 0.050 kl 0.0109 lr 5.1e-05
[anomaly] it 1188: explained variance -0.08 < 0 after warm-up: value function not predicting returns
[anomaly] it 1188: terminal-step reward dominates the episode: survival is being punished
[anomaly] it 1188: joint limit violated by 0.06 rad
it 1189 steps 116883456 sps  107,081 | ep_ret  -21.30 ep_len  625.8 (n=145) | pg -0.007 vf 0.050 kl 0.0124 lr 7.6e-05
[anomaly] it 1189: explained variance -0.12 < 0 after warm-up: value function not predicting returns
[anomaly] it 1189: terminal-step reward dominates the episode: survival is being punished
[anomaly] it 1189: joint limit violated by 0.06 rad
it 1190 steps 116981760 sps  107,083 | ep_ret  -21.25 ep_len  620.6 (n=154) | pg -0.004 vf 0.058 kl 0.0148 lr 5.1e-05
[anomaly] it 1190: explained variance -0.12 < 0 after warm-up: value function not predicting returns
[anomaly] it 1190: terminal-step reward dominates the episode: survival is being punished
[anomaly] it 1190: joint limit violated by 0.05 rad
it 1191 steps 117080064 sps  107,085 | ep_ret  -21.83 ep_len  634.3 (n=152) | pg -0.004 vf 0.055 kl 0.0100 lr 2.3e-05
[anomaly] it 1191: explained variance -0.09 < 0 after warm-up: value function not predicting returns
[anomaly] it 1191: terminal-step reward dominates the episode: survival is being punished
[anomaly] it 1191: joint limit violated by 0.07 rad
it 1192 steps 117178368 sps  107,086 | ep_ret  -21.38 ep_len  628.6 (n=161) | pg -0.006 vf 0.055 kl 0.0113 lr 5.1e-05
[anomaly] it 1192: explained variance -0.08 < 0 after warm-up: value function not predicting returns
[anomaly] it 1192: terminal-step reward dominates the episode: survival is being punished
[anomaly] it 1192: joint limit violated by 0.05 rad
it 1193 steps 117276672 sps  107,088 | ep_ret  -20.53 ep_len  608.3 (n=169) | pg -0.005 vf 0.058 kl 0.0145 lr 7.6e-05 | blown 1 dropped 0
[anomaly] it 1193: explained variance -0.10 < 0 after warm-up: value function not predicting returns
[anomaly] it 1193: terminal-step reward dominates the episode: survival is being punished
[anomaly] it 1193: joint limit violated by 0.05 rad
it 1194 steps 117374976 sps  107,090 | ep_ret  -21.73 ep_len  648.3 (n=168) | pg -0.006 vf 0.056 kl 0.0149 lr 5.1e-05
[anomaly] it 1194: explained variance -0.18 < 0 after warm-up: value function not predicting returns
[anomaly] it 1194: terminal-step reward dominates the episode: survival is being punished
[anomaly] it 1194: joint limit violated by 0.61 rad
it 1195 steps 117473280 sps  107,091 | ep_ret  -20.64 ep_len  591.0 (n=190) | pg -0.007 vf 0.057 kl 0.0136 lr 5.1e-05
[anomaly] it 1195: terminal-step reward dominates the episode: survival is being punished
[anomaly] it 1195: joint limit violated by 0.06 rad
it 1196 steps 117571584 sps  107,093 | ep_ret  -21.78 ep_len  638.0 (n=181) | pg -0.005 vf 0.062 kl 0.0139 lr 5.1e-05
[anomaly] it 1196: explained variance -0.11 < 0 after warm-up: value function not predicting returns
[anomaly] it 1196: terminal-step reward dominates the episode: survival is being punished
[anomaly] it 1196: joint limit violated by 0.33 rad
it 1197 steps 117669888 sps  107,095 | ep_ret  -19.85 ep_len  563.9 (n=173) | pg -0.001 vf 0.520 kl 0.0164 lr 2.3e-05
[anomaly] it 1197: terminal-step reward dominates the episode: survival is being punished
[anomaly] it 1197: joint limit violated by 0.38 rad
it 1198 steps 117768192 sps  107,097 | ep_ret  -21.91 ep_len  623.0 (n=171) | pg -0.006 vf 0.056 kl 0.0103 lr 5.1e-05
[anomaly] it 1198: explained variance -0.10 < 0 after warm-up: value function not predicting returns
[anomaly] it 1198: terminal-step reward dominates the episode: survival is being punished
[anomaly] it 1198: joint limit violated by 0.05 rad
[anomaly] it 1198: contact force 19818 N > 50x robot weight
it 1199 steps 117866496 sps  107,099 | ep_ret  -19.76 ep_len  555.7 (n=160) | pg -0.006 vf 0.048 kl 0.0135 lr 7.6e-05
[anomaly] it 1199: explained variance -0.05 < 0 after warm-up: value function not predicting returns
[anomaly] it 1199: terminal-step reward dominates the episode: survival is being punished
[anomaly] it 1199: joint limit violated by 0.06 rad
it 1200 steps 117964800 sps  107,100 | ep_ret  -19.76 ep_len  579.2 (n=158) | pg -0.003 vf 0.050 kl 0.0143 lr 5.1e-05
[anomaly] it 1200: explained variance -0.13 < 0 after warm-up: value function not predicting returns
[anomaly] it 1200: terminal-step reward dominates the episode: survival is being punished
[anomaly] it 1200: joint limit violated by 0.51 rad
it 1201 steps 118063104 sps  107,102 | ep_ret  -21.56 ep_len  633.9 (n=137) | pg -0.006 vf 0.053 kl 0.0133 lr 7.6e-05
[anomaly] it 1201: explained variance -0.11 < 0 after warm-up: value function not predicting returns
[anomaly] it 1201: terminal-step reward dominates the episode: survival is being punished
[anomaly] it 1201: joint limit violated by 0.05 rad
it 1202 steps 118161408 sps  107,103 | ep_ret  -20.35 ep_len  587.9 (n=173) | pg -0.006 vf 0.055 kl 0.0138 lr 5.1e-05
[anomaly] it 1202: explained variance -0.05 < 0 after warm-up: value function not predicting returns
[anomaly] it 1202: terminal-step reward dominates the episode: survival is being punished
[anomaly] it 1202: joint limit violated by 0.06 rad
it 1203 steps 118259712 sps  107,105 | ep_ret  -19.93 ep_len  575.4 (n=156) | pg -0.007 vf 0.051 kl 0.0132 lr 7.6e-05
[anomaly] it 1203: explained variance -0.09 < 0 after warm-up: value function not predicting returns
[anomaly] it 1203: terminal-step reward dominates the episode: survival is being punished
[anomaly] it 1203: joint limit violated by 0.05 rad
it 1204 steps 118358016 sps  107,106 | ep_ret  -20.92 ep_len  609.0 (n=131) | pg -0.002 vf 0.047 kl 0.0145 lr 3.4e-05
[anomaly] it 1204: explained variance -0.15 < 0 after warm-up: value function not predicting returns
[anomaly] it 1204: terminal-step reward dominates the episode: survival is being punished
[anomaly] it 1204: joint limit violated by 0.07 rad
it 1205 steps 118456320 sps  107,108 | ep_ret  -22.19 ep_len  668.5 (n=137) | pg -0.005 vf 0.053 kl 0.0126 lr 5.1e-05
[anomaly] it 1205: explained variance -0.28 < 0 after warm-up: value function not predicting returns
[anomaly] it 1205: terminal-step reward dominates the episode: survival is being punished
[anomaly] it 1205: joint limit violated by 0.05 rad
it 1206 steps 118554624 sps  107,110 | ep_ret  -22.46 ep_len  657.3 (n=148) | pg -0.005 vf 0.056 kl 0.0149 lr 7.6e-05
[anomaly] it 1206: explained variance -0.20 < 0 after warm-up: value function not predicting returns
[anomaly] it 1206: terminal-step reward dominates the episode: survival is being punished
[anomaly] it 1206: joint limit violated by 0.07 rad
it 1207 steps 118652928 sps  107,112 | ep_ret  -24.64 ep_len  612.5 (n=155) | pg -0.001 vf 16.888 kl 0.0350 lr 1.0e-05 | blown 1 dropped 0
[anomaly] it 1207: terminal-step reward dominates the episode: survival is being punished
[anomaly] it 1207: joint limit violated by 0.06 rad
it 1208 steps 118751232 sps  107,114 | ep_ret  -21.31 ep_len  615.4 (n=143) | pg -0.007 vf 0.050 kl 0.0077 lr 3.4e-05
[anomaly] it 1208: explained variance -0.07 < 0 after warm-up: value function not predicting returns
[anomaly] it 1208: terminal-step reward dominates the episode: survival is being punished
[anomaly] it 1208: joint limit violated by 0.05 rad
it 1209 steps 118849536 sps  107,115 | ep_ret  -22.87 ep_len  688.4 (n=155) | pg -0.003 vf 0.075 kl 0.0111 lr 3.4e-05
[anomaly] it 1209: explained variance -0.19 < 0 after warm-up: value function not predicting returns
[anomaly] it 1209: terminal-step reward dominates the episode: survival is being punished
[anomaly] it 1209: joint limit violated by 0.11 rad
it 1210 steps 118947840 sps  107,116 | ep_ret  -22.10 ep_len  654.1 (n=143) | pg -0.007 vf 0.053 kl 0.0100 lr 5.1e-05
[anomaly] it 1210: explained variance -0.24 < 0 after warm-up: value function not predicting returns
[anomaly] it 1210: terminal-step reward dominates the episode: survival is being punished
[anomaly] it 1210: joint limit violated by 0.05 rad
it 1211 steps 119046144 sps  107,118 | ep_ret  -21.77 ep_len  654.3 (n=138) | pg -0.005 vf 0.054 kl 0.0106 lr 5.1e-05
[anomaly] it 1211: explained variance -0.29 < 0 after warm-up: value function not predicting returns
[anomaly] it 1211: terminal-step reward dominates the episode: survival is being punished
[anomaly] it 1211: joint limit violated by 0.10 rad
it 1212 steps 119144448 sps  107,119 | ep_ret  -21.47 ep_len  627.3 (n=163) | pg -0.005 vf 0.055 kl 0.0123 lr 5.1e-05
[anomaly] it 1212: explained variance -0.21 < 0 after warm-up: value function not predicting returns
[anomaly] it 1212: terminal-step reward dominates the episode: survival is being punished
it 1213 steps 119242752 sps  107,121 | ep_ret  -22.23 ep_len  662.3 (n=151) | pg -0.005 vf 0.054 kl 0.0110 lr 3.4e-05
[anomaly] it 1213: explained variance -0.30 < 0 after warm-up: value function not predicting returns
[anomaly] it 1213: terminal-step reward dominates the episode: survival is being punished
[anomaly] it 1213: joint limit violated by 0.18 rad
it 1214 steps 119341056 sps  107,123 | ep_ret  -23.53 ep_len  719.9 (n=132) | pg -0.006 vf 0.053 kl 0.0100 lr 5.1e-05
[anomaly] it 1214: explained variance -0.29 < 0 after warm-up: value function not predicting returns
[anomaly] it 1214: terminal-step reward dominates the episode: survival is being punished
[anomaly] it 1214: returns fall as episodes lengthen (corr -0.92): the reward punishes survival
[anomaly] it 1214: joint limit violated by 0.05 rad
it 1215 steps 119439360 sps  107,125 | ep_ret  -22.66 ep_len  669.6 (n=147) | pg -0.005 vf 0.057 kl 0.0134 lr 3.4e-05
[anomaly] it 1215: explained variance -0.16 < 0 after warm-up: value function not predicting returns
[anomaly] it 1215: terminal-step reward dominates the episode: survival is being punished
[anomaly] it 1215: joint limit violated by 0.05 rad
it 1216 steps 119537664 sps  107,126 | ep_ret  -23.35 ep_len  692.8 (n=162) | pg -0.005 vf 0.063 kl 0.0132 lr 2.3e-05
[anomaly] it 1216: explained variance -0.12 < 0 after warm-up: value function not predicting returns
[anomaly] it 1216: terminal-step reward dominates the episode: survival is being punished
[anomaly] it 1216: joint limit violated by 0.06 rad
it 1217 steps 119635968 sps  107,128 | ep_ret  -21.23 ep_len  615.3 (n=153) | pg -0.006 vf 0.054 kl 0.0120 lr 5.1e-05
[anomaly] it 1217: explained variance -0.12 < 0 after warm-up: value function not predicting returns
[anomaly] it 1217: terminal-step reward dominates the episode: survival is being punished
[anomaly] it 1217: joint limit violated by 0.08 rad
it 1218 steps 119734272 sps  107,129 | ep_ret  -22.06 ep_len  651.8 (n=126) | pg -0.007 vf 0.047 kl 0.0127 lr 5.1e-05
[anomaly] it 1218: explained variance -0.21 < 0 after warm-up: value function not predicting returns
[anomaly] it 1218: terminal-step reward dominates the episode: survival is being punished
[anomaly] it 1218: joint limit violated by 0.05 rad
it 1219 steps 119832576 sps  107,131 | ep_ret  -21.24 ep_len  617.1 (n=166) | pg -0.005 vf 0.060 kl 0.0138 lr 3.4e-05
[anomaly] it 1219: explained variance -0.10 < 0 after warm-up: value function not predicting returns
[anomaly] it 1219: terminal-step reward dominates the episode: survival is being punished
[anomaly] it 1219: joint limit violated by 0.08 rad
it 1220 steps 119930880 sps  107,133 | ep_ret  -22.30 ep_len  665.2 (n=161) | pg -0.006 vf 0.057 kl 0.0109 lr 5.1e-05
[anomaly] it 1220: explained variance -0.10 < 0 after warm-up: value function not predicting returns
[anomaly] it 1220: terminal-step reward dominates the episode: survival is being punished
[anomaly] it 1220: joint limit violated by 0.07 rad
it 1221 steps 120029184 sps  107,135 | ep_ret  -20.43 ep_len  597.6 (n=127) | pg -0.004 vf 0.047 kl 0.0149 lr 7.6e-05
[anomaly] it 1221: explained variance -0.19 < 0 after warm-up: value function not predicting returns
[anomaly] it 1221: terminal-step reward dominates the episode: survival is being punished
[anomaly] it 1221: joint limit violated by 0.07 rad
it 1222 steps 120127488 sps  107,136 | ep_ret  -22.47 ep_len  663.6 (n=153) | pg 0.001 vf 0.058 kl 0.0182 lr 2.3e-05
[anomaly] it 1222: explained variance -0.18 < 0 after warm-up: value function not predicting returns
[anomaly] it 1222: terminal-step reward dominates the episode: survival is being punished
[anomaly] it 1222: joint limit violated by 0.05 rad
it 1223 steps 120225792 sps  107,138 | ep_ret  -23.11 ep_len  683.5 (n=160) | pg -0.006 vf 0.060 kl 0.0120 lr 5.1e-05
[anomaly] it 1223: explained variance -0.10 < 0 after warm-up: value function not predicting returns
[anomaly] it 1223: terminal-step reward dominates the episode: survival is being punished
[anomaly] it 1223: joint limit violated by 0.07 rad
it 1224 steps 120324096 sps  107,139 | ep_ret  -22.04 ep_len  638.7 (n=141) | pg -0.002 vf 0.051 kl 0.0106 lr 2.3e-05
[anomaly] it 1224: explained variance -0.17 < 0 after warm-up: value function not predicting returns
[anomaly] it 1224: terminal-step reward dominates the episode: survival is being punished
[anomaly] it 1224: joint limit violated by 0.06 rad
it 1225 steps 120422400 sps  107,141 | ep_ret  -21.86 ep_len  651.6 (n=152) | pg -0.003 vf 0.057 kl 0.0114 lr 3.4e-05
[anomaly] it 1225: explained variance -0.16 < 0 after warm-up: value function not predicting returns
[anomaly] it 1225: terminal-step reward dominates the episode: survival is being punished
[anomaly] it 1225: joint limit violated by 0.07 rad
it 1226 steps 120520704 sps  107,143 | ep_ret  -21.35 ep_len  646.7 (n=158) | pg -0.007 vf 0.053 kl 0.0104 lr 5.1e-05
[anomaly] it 1226: explained variance -0.15 < 0 after warm-up: value function not predicting returns
[anomaly] it 1226: terminal-step reward dominates the episode: survival is being punished
[anomaly] it 1226: joint limit violated by 0.07 rad
it 1227 steps 120619008 sps  107,144 | ep_ret  -21.66 ep_len  631.0 (n=150) | pg -0.004 vf 0.057 kl 0.0150 lr 3.4e-05
[anomaly] it 1227: explained variance -0.18 < 0 after warm-up: value function not predicting returns
[anomaly] it 1227: terminal-step reward dominates the episode: survival is being punished
[anomaly] it 1227: joint limit violated by 0.75 rad
it 1228 steps 120717312 sps  107,146 | ep_ret  -21.99 ep_len  641.5 (n=155) | pg -0.003 vf 0.057 kl 0.0120 lr 3.4e-05
[anomaly] it 1228: explained variance -0.10 < 0 after warm-up: value function not predicting returns
[anomaly] it 1228: terminal-step reward dominates the episode: survival is being punished
[anomaly] it 1228: joint limit violated by 0.05 rad
it 1229 steps 120815616 sps  107,148 | ep_ret  -22.51 ep_len  667.6 (n=158) | pg -0.003 vf 0.055 kl 0.0120 lr 2.3e-05
[anomaly] it 1229: explained variance -0.17 < 0 after warm-up: value function not predicting returns
[anomaly] it 1229: terminal-step reward dominates the episode: survival is being punished
[anomaly] it 1229: joint limit violated by 0.06 rad
it 1230 steps 120913920 sps  107,149 | ep_ret  -21.21 ep_len  613.3 (n=140) | pg -0.006 vf 0.047 kl 0.0120 lr 5.1e-05
[anomaly] it 1230: explained variance -0.06 < 0 after warm-up: value function not predicting returns
[anomaly] it 1230: terminal-step reward dominates the episode: survival is being punished
[anomaly] it 1230: joint limit violated by 0.06 rad
it 1231 steps 121012224 sps  107,150 | ep_ret  -23.87 ep_len  693.5 (n=127) | pg -0.005 vf 0.048 kl 0.0137 lr 7.6e-05
[anomaly] it 1231: explained variance -0.26 < 0 after warm-up: value function not predicting returns
[anomaly] it 1231: terminal-step reward dominates the episode: survival is being punished
[anomaly] it 1231: joint limit violated by 0.10 rad
it 1232 steps 121110528 sps  107,152 | ep_ret  -23.33 ep_len  695.6 (n=142) | pg -0.004 vf 0.055 kl 0.0142 lr 5.1e-05
[anomaly] it 1232: explained variance -0.27 < 0 after warm-up: value function not predicting returns
[anomaly] it 1232: terminal-step reward dominates the episode: survival is being punished
[anomaly] it 1232: joint limit violated by 0.06 rad
it 1233 steps 121208832 sps  107,154 | ep_ret  -22.86 ep_len  681.2 (n=147) | pg -0.004 vf 0.056 kl 0.0162 lr 7.6e-05
[anomaly] it 1233: explained variance -0.26 < 0 after warm-up: value function not predicting returns
[anomaly] it 1233: terminal-step reward dominates the episode: survival is being punished
[anomaly] it 1233: joint limit violated by 0.05 rad
it 1234 steps 121307136 sps  107,155 | ep_ret  -21.76 ep_len  640.9 (n=154) | pg -0.005 vf 0.050 kl 0.0134 lr 5.1e-05
[anomaly] it 1234: explained variance -0.06 < 0 after warm-up: value function not predicting returns
[anomaly] it 1234: terminal-step reward dominates the episode: survival is being punished
[anomaly] it 1234: joint limit violated by 0.06 rad
it 1235 steps 121405440 sps  107,156 | ep_ret  -22.40 ep_len  679.1 (n=136) | pg -0.007 vf 0.050 kl 0.0151 lr 2.3e-05
[anomaly] it 1235: explained variance -0.21 < 0 after warm-up: value function not predicting returns
[anomaly] it 1235: terminal-step reward dominates the episode: survival is being punished
[anomaly] it 1235: joint limit violated by 0.05 rad
it 1236 steps 121503744 sps  107,158 | ep_ret  -22.06 ep_len  650.5 (n=161) | pg -0.006 vf 0.055 kl 0.0114 lr 5.1e-05
[anomaly] it 1236: explained variance -0.15 < 0 after warm-up: value function not predicting returns
[anomaly] it 1236: terminal-step reward dominates the episode: survival is being punished
[anomaly] it 1236: returns fall as episodes lengthen (corr -0.90): the reward punishes survival
[anomaly] it 1236: joint limit violated by 0.05 rad
it 1237 steps 121602048 sps  107,160 | ep_ret  -21.73 ep_len  644.6 (n=161) | pg -0.006 vf 0.055 kl 0.0142 lr 5.1e-05
[anomaly] it 1237: explained variance -0.18 < 0 after warm-up: value function not predicting returns
[anomaly] it 1237: terminal-step reward dominates the episode: survival is being punished
[anomaly] it 1237: joint limit violated by 0.05 rad
it 1238 steps 121700352 sps  107,161 | ep_ret  -23.55 ep_len  718.9 (n=147) | pg -0.005 vf 0.056 kl 0.0138 lr 7.6e-05
[anomaly] it 1238: explained variance -0.27 < 0 after warm-up: value function not predicting returns
[anomaly] it 1238: terminal-step reward dominates the episode: survival is being punished
[anomaly] it 1238: joint limit violated by 0.05 rad
it 1239 steps 121798656 sps  107,163 | ep_ret  -22.14 ep_len  655.4 (n=160) | pg -0.005 vf 0.059 kl 0.0148 lr 3.4e-05
[anomaly] it 1239: explained variance -0.10 < 0 after warm-up: value function not predicting returns
[anomaly] it 1239: terminal-step reward dominates the episode: survival is being punished
[anomaly] it 1239: joint limit violated by 0.05 rad
it 1240 steps 121896960 sps  107,164 | ep_ret  -22.03 ep_len  655.5 (n=148) | pg -0.006 vf 0.055 kl 0.0117 lr 5.1e-05
[anomaly] it 1240: explained variance -0.17 < 0 after warm-up: value function not predicting returns
[anomaly] it 1240: terminal-step reward dominates the episode: survival is being punished
[anomaly] it 1240: joint limit violated by 0.33 rad
[anomaly] it 1240: contact force 17520 N > 50x robot weight
it 1241 steps 121995264 sps  107,166 | ep_ret  -21.86 ep_len  649.8 (n=145) | pg -0.007 vf 0.053 kl 0.0158 lr 7.6e-05
[anomaly] it 1241: explained variance -0.20 < 0 after warm-up: value function not predicting returns
[anomaly] it 1241: terminal-step reward dominates the episode: survival is being punished
it 1242 steps 122093568 sps  107,168 | ep_ret  -21.57 ep_len  640.8 (n=142) | pg -0.004 vf 0.049 kl 0.0148 lr 7.6e-05
[anomaly] it 1242: explained variance -0.08 < 0 after warm-up: value function not predicting returns
[anomaly] it 1242: terminal-step reward dominates the episode: survival is being punished
[anomaly] it 1242: joint limit violated by 0.07 rad
it 1243 steps 122191872 sps  107,170 | ep_ret  -23.13 ep_len  681.9 (n=138) | pg -0.001 vf 0.057 kl 0.0153 lr 2.3e-05
[anomaly] it 1243: explained variance -0.27 < 0 after warm-up: value function not predicting returns
[anomaly] it 1243: terminal-step reward dominates the episode: survival is being punished
[anomaly] it 1243: joint limit violated by 0.07 rad
it 1244 steps 122290176 sps  107,171 | ep_ret  -21.26 ep_len  631.1 (n=154) | pg -0.005 vf 0.053 kl 0.0088 lr 3.4e-05
[anomaly] it 1244: explained variance -0.10 < 0 after warm-up: value function not predicting returns
[anomaly] it 1244: terminal-step reward dominates the episode: survival is being punished
[anomaly] it 1244: joint limit violated by 0.09 rad
it 1245 steps 122388480 sps  107,172 | ep_ret  -21.46 ep_len  635.7 (n=137) | pg -0.005 vf 0.047 kl 0.0105 lr 5.1e-05
[anomaly] it 1245: explained variance -0.18 < 0 after warm-up: value function not predicting returns
[anomaly] it 1245: terminal-step reward dominates the episode: survival is being punished
[anomaly] it 1245: joint limit violated by 0.12 rad
[anomaly] it 1245: contact force 19071 N > 50x robot weight
it 1246 steps 122486784 sps  107,174 | ep_ret  -24.82 ep_len  711.3 (n=131) | pg -0.002 vf 0.975 kl 0.0161 lr 5.1e-05
[anomaly] it 1246: terminal-step reward dominates the episode: survival is being punished
[anomaly] it 1246: joint limit violated by 0.08 rad
it 1247 steps 122585088 sps  107,176 | ep_ret  -23.45 ep_len  707.0 (n=152) | pg -0.004 vf 0.065 kl 0.0129 lr 3.4e-05
[anomaly] it 1247: explained variance -0.14 < 0 after warm-up: value function not predicting returns
[anomaly] it 1247: terminal-step reward dominates the episode: survival is being punished
[anomaly] it 1247: joint limit violated by 0.05 rad
it 1248 steps 122683392 sps  107,178 | ep_ret  -24.62 ep_len  690.3 (n=143) | pg -0.002 vf 1.763 kl 0.0135 lr 2.3e-05
[anomaly] it 1248: terminal-step reward dominates the episode: survival is being punished
[anomaly] it 1248: joint limit violated by 0.85 rad
it 1249 steps 122781696 sps  107,179 | ep_ret  -22.84 ep_len  677.4 (n=144) | pg -0.006 vf 0.055 kl 0.0112 lr 5.1e-05
[anomaly] it 1249: explained variance -0.25 < 0 after warm-up: value function not predicting returns
[anomaly] it 1249: terminal-step reward dominates the episode: survival is being punished
[anomaly] it 1249: joint limit violated by 0.06 rad
it 1250 steps 122880000 sps  107,181 | ep_ret  -23.33 ep_len  690.1 (n=131) | pg -0.005 vf 0.052 kl 0.0127 lr 3.4e-05
[anomaly] it 1250: explained variance -0.23 < 0 after warm-up: value function not predicting returns
[anomaly] it 1250: terminal-step reward dominates the episode: survival is being punished
[anomaly] it 1250: joint limit violated by 0.06 rad
it 1251 steps 122978304 sps  107,183 | ep_ret  -23.05 ep_len  683.7 (n=125) | pg -0.003 vf 0.049 kl 0.0118 lr 3.4e-05
[anomaly] it 1251: explained variance -0.25 < 0 after warm-up: value function not predicting returns
[anomaly] it 1251: terminal-step reward dominates the episode: survival is being punished
[anomaly] it 1251: joint limit violated by 0.26 rad
it 1252 steps 123076608 sps  107,184 | ep_ret  -23.17 ep_len  690.0 (n=155) | pg -0.005 vf 0.065 kl 0.0125 lr 5.1e-05
[anomaly] it 1252: explained variance -0.07 < 0 after warm-up: value function not predicting returns
[anomaly] it 1252: terminal-step reward dominates the episode: survival is being punished
[anomaly] it 1252: joint limit violated by 0.05 rad
it 1253 steps 123174912 sps  107,186 | ep_ret  -22.60 ep_len  669.8 (n=140) | pg -0.006 vf 0.056 kl 0.0124 lr 5.1e-05
[anomaly] it 1253: explained variance -0.26 < 0 after warm-up: value function not predicting returns
[anomaly] it 1253: terminal-step reward dominates the episode: survival is being punished
[anomaly] it 1253: joint limit violated by 0.05 rad
it 1254 steps 123273216 sps  107,188 | ep_ret  -23.45 ep_len  703.3 (n=151) | pg -0.003 vf 0.057 kl 0.0141 lr 3.4e-05
[anomaly] it 1254: explained variance -0.21 < 0 after warm-up: value function not predicting returns
[anomaly] it 1254: terminal-step reward dominates the episode: survival is being punished
[anomaly] it 1254: joint limit violated by 0.05 rad
it 1255 steps 123371520 sps  107,189 | ep_ret  -23.24 ep_len  702.2 (n=147) | pg -0.006 vf 0.060 kl 0.0108 lr 5.1e-05
[anomaly] it 1255: explained variance -0.22 < 0 after warm-up: value function not predicting returns
[anomaly] it 1255: terminal-step reward dominates the episode: survival is being punished
[anomaly] it 1255: joint limit violated by 0.20 rad
it 1256 steps 123469824 sps  107,191 | ep_ret  -23.42 ep_len  707.4 (n=140) | pg -0.004 vf 0.057 kl 0.0156 lr 3.4e-05
[anomaly] it 1256: explained variance -0.23 < 0 after warm-up: value function not predicting returns
[anomaly] it 1256: terminal-step reward dominates the episode: survival is being punished
[anomaly] it 1256: joint limit violated by 0.54 rad
it 1257 steps 123568128 sps  107,193 | ep_ret  -22.27 ep_len  664.4 (n=144) | pg -0.005 vf 0.058 kl 0.0095 lr 3.4e-05
[anomaly] it 1257: explained variance -0.13 < 0 after warm-up: value function not predicting returns
[anomaly] it 1257: terminal-step reward dominates the episode: survival is being punished
[anomaly] it 1257: joint limit violated by 0.06 rad
it 1258 steps 123666432 sps  107,195 | ep_ret  -24.81 ep_len  755.2 (n=146) | pg -0.004 vf 0.060 kl 0.0128 lr 5.1e-05
[anomaly] it 1258: explained variance -0.31 < 0 after warm-up: value function not predicting returns
[anomaly] it 1258: terminal-step reward dominates the episode: survival is being punished
[anomaly] it 1258: joint limit violated by 0.05 rad
it 1259 steps 123764736 sps  107,197 | ep_ret  -21.51 ep_len  605.1 (n=151) | pg -0.004 vf 0.054 kl 0.0121 lr 3.4e-05
[anomaly] it 1259: explained variance -0.04 < 0 after warm-up: value function not predicting returns
[anomaly] it 1259: terminal-step reward dominates the episode: survival is being punished
[anomaly] it 1259: joint limit violated by 0.06 rad
it 1260 steps 123863040 sps  107,198 | ep_ret  -22.31 ep_len  666.0 (n=140) | pg -0.005 vf 0.053 kl 0.0111 lr 5.1e-05
[anomaly] it 1260: explained variance -0.14 < 0 after warm-up: value function not predicting returns
[anomaly] it 1260: terminal-step reward dominates the episode: survival is being punished
[anomaly] it 1260: joint limit violated by 0.06 rad
it 1261 steps 123961344 sps  107,200 | ep_ret  -23.18 ep_len  686.6 (n=154) | pg -0.005 vf 0.059 kl 0.0149 lr 3.4e-05
[anomaly] it 1261: explained variance -0.16 < 0 after warm-up: value function not predicting returns
[anomaly] it 1261: terminal-step reward dominates the episode: survival is being punished
[anomaly] it 1261: joint limit violated by 0.06 rad
it 1262 steps 124059648 sps  107,202 | ep_ret  -23.62 ep_len  692.7 (n=148) | pg -0.005 vf 0.056 kl 0.0136 lr 3.4e-05
[anomaly] it 1262: explained variance -0.09 < 0 after warm-up: value function not predicting returns
[anomaly] it 1262: terminal-step reward dominates the episode: survival is being punished
[anomaly] it 1262: joint limit violated by 0.24 rad
it 1263 steps 124157952 sps  107,204 | ep_ret  -21.44 ep_len  612.0 (n=122) | pg -0.005 vf 0.048 kl 0.0126 lr 5.1e-05
[anomaly] it 1263: explained variance -0.30 < 0 after warm-up: value function not predicting returns
[anomaly] it 1263: terminal-step reward dominates the episode: survival is being punished
[anomaly] it 1263: joint limit violated by 0.55 rad
it 1264 steps 124256256 sps  107,205 | ep_ret  -23.88 ep_len  720.5 (n=135) | pg -0.002 vf 0.059 kl 0.0113 lr 2.3e-05
[anomaly] it 1264: explained variance -0.31 < 0 after warm-up: value function not predicting returns
[anomaly] it 1264: terminal-step reward dominates the episode: survival is being punished
[anomaly] it 1264: joint speed 212 rad/s > 3x actuator velocity limit (37.0)
[anomaly] it 1264: joint limit violated by 1.15 rad
it 1265 steps 124354560 sps  107,207 | ep_ret  -23.10 ep_len  671.2 (n=142) | pg -0.006 vf 0.058 kl 0.0106 lr 5.1e-05
[anomaly] it 1265: explained variance -0.20 < 0 after warm-up: value function not predicting returns
[anomaly] it 1265: terminal-step reward dominates the episode: survival is being punished
[anomaly] it 1265: joint limit violated by 0.05 rad
it 1266 steps 124452864 sps  107,209 | ep_ret  -23.71 ep_len  701.3 (n=153) | pg -0.006 vf 0.061 kl 0.0151 lr 5.1e-05
[anomaly] it 1266: explained variance -0.31 < 0 after warm-up: value function not predicting returns
[anomaly] it 1266: terminal-step reward dominates the episode: survival is being punished
[anomaly] it 1266: joint limit violated by 0.31 rad
it 1267 steps 124551168 sps  107,211 | ep_ret  -23.05 ep_len  687.1 (n=158) | pg -0.003 vf 0.060 kl 0.0105 lr 3.4e-05
[anomaly] it 1267: explained variance -0.14 < 0 after warm-up: value function not predicting returns
[anomaly] it 1267: terminal-step reward dominates the episode: survival is being punished
[anomaly] it 1267: joint limit violated by 1.93 rad
it 1268 steps 124649472 sps  107,213 | ep_ret  -23.46 ep_len  671.1 (n=148) | pg -0.007 vf 0.054 kl 0.0109 lr 5.1e-05
[anomaly] it 1268: explained variance -0.18 < 0 after warm-up: value function not predicting returns
[anomaly] it 1268: terminal-step reward dominates the episode: survival is being punished
[anomaly] it 1268: joint limit violated by 0.09 rad
it 1269 steps 124747776 sps  107,215 | ep_ret  -22.68 ep_len  651.5 (n=165) | pg -0.006 vf 0.058 kl 0.0125 lr 5.1e-05
[anomaly] it 1269: explained variance -0.07 < 0 after warm-up: value function not predicting returns
[anomaly] it 1269: terminal-step reward dominates the episode: survival is being punished
[anomaly] it 1269: joint limit violated by 0.92 rad
it 1270 steps 124846080 sps  107,216 | ep_ret  -23.47 ep_len  717.2 (n=151) | pg -0.006 vf 0.066 kl 0.0111 lr 3.4e-05 | blown 1 dropped 0
[anomaly] it 1270: explained variance -0.29 < 0 after warm-up: value function not predicting returns
[anomaly] it 1270: terminal-step reward dominates the episode: survival is being punished
[anomaly] it 1270: joint limit violated by 0.25 rad
[anomaly] it 1270: contact force 18296 N > 50x robot weight
it 1271 steps 124944384 sps  107,218 | ep_ret  -22.08 ep_len  627.3 (n=141) | pg -0.006 vf 0.051 kl 0.0104 lr 5.1e-05
[anomaly] it 1271: explained variance -0.07 < 0 after warm-up: value function not predicting returns
[anomaly] it 1271: terminal-step reward dominates the episode: survival is being punished
[anomaly] it 1271: joint limit violated by 0.06 rad
it 1272 steps 125042688 sps  107,220 | ep_ret  -21.91 ep_len  633.4 (n=145) | pg -0.003 vf 0.049 kl 0.0114 lr 3.4e-05
[anomaly] it 1272: explained variance -0.14 < 0 after warm-up: value function not predicting returns
[anomaly] it 1272: terminal-step reward dominates the episode: survival is being punished
[anomaly] it 1272: joint limit violated by 0.14 rad
it 1273 steps 125140992 sps  107,221 | ep_ret  -24.01 ep_len  709.5 (n=138) | pg -0.004 vf 0.055 kl 0.0129 lr 5.1e-05
[anomaly] it 1273: explained variance -0.29 < 0 after warm-up: value function not predicting returns
[anomaly] it 1273: terminal-step reward dominates the episode: survival is being punished
[anomaly] it 1273: joint limit violated by 0.11 rad
it 1274 steps 125239296 sps  107,223 | ep_ret  -22.22 ep_len  663.7 (n=143) | pg -0.001 vf 0.057 kl 0.0123 lr 1.5e-05 | blown 1 dropped 0
[anomaly] it 1274: explained variance -0.20 < 0 after warm-up: value function not predicting returns
[anomaly] it 1274: terminal-step reward dominates the episode: survival is being punished
[anomaly] it 1274: joint limit violated by 0.06 rad
it 1275 steps 125337600 sps  107,224 | ep_ret  -23.88 ep_len  701.1 (n=155) | pg -0.005 vf 0.079 kl 0.0107 lr 3.4e-05
[anomaly] it 1275: explained variance -0.14 < 0 after warm-up: value function not predicting returns
[anomaly] it 1275: terminal-step reward dominates the episode: survival is being punished
[anomaly] it 1275: joint limit violated by 0.45 rad
it 1276 steps 125435904 sps  107,226 | ep_ret  -23.17 ep_len  649.7 (n=130) | pg -0.003 vf 0.052 kl 0.0108 lr 2.3e-05
[anomaly] it 1276: explained variance -0.25 < 0 after warm-up: value function not predicting returns
[anomaly] it 1276: terminal-step reward dominates the episode: survival is being punished
[anomaly] it 1276: joint limit violated by 0.72 rad
it 1277 steps 125534208 sps  107,228 | ep_ret  -22.96 ep_len  683.6 (n=159) | pg -0.005 vf 0.062 kl 0.0129 lr 5.1e-05
[anomaly] it 1277: explained variance -0.07 < 0 after warm-up: value function not predicting returns
[anomaly] it 1277: terminal-step reward dominates the episode: survival is being punished
[anomaly] it 1277: joint limit violated by 0.11 rad
it 1278 steps 125632512 sps  107,229 | ep_ret  -22.20 ep_len  640.7 (n=147) | pg -0.005 vf 0.059 kl 0.0128 lr 5.1e-05
[anomaly] it 1278: explained variance -0.17 < 0 after warm-up: value function not predicting returns
[anomaly] it 1278: terminal-step reward dominates the episode: survival is being punished
[anomaly] it 1278: joint limit violated by 1.00 rad
it 1279 steps 125730816 sps  107,231 | ep_ret  -24.31 ep_len  737.5 (n=153) | pg -0.006 vf 0.063 kl 0.0130 lr 5.1e-05
[anomaly] it 1279: explained variance -0.23 < 0 after warm-up: value function not predicting returns
[anomaly] it 1279: terminal-step reward dominates the episode: survival is being punished
it 1280 steps 125829120 sps  107,233 | ep_ret  -21.33 ep_len  614.8 (n=138) | pg -0.004 vf 0.048 kl 0.0124 lr 5.1e-05
[anomaly] it 1280: explained variance -0.10 < 0 after warm-up: value function not predicting returns
[anomaly] it 1280: terminal-step reward dominates the episode: survival is being punished
[anomaly] it 1280: joint limit violated by 0.07 rad
it 1281 steps 125927424 sps  107,235 | ep_ret  -23.73 ep_len  694.7 (n=155) | pg -0.005 vf 0.060 kl 0.0143 lr 5.1e-05
[anomaly] it 1281: explained variance -0.17 < 0 after warm-up: value function not predicting returns
[anomaly] it 1281: terminal-step reward dominates the episode: survival is being punished
[anomaly] it 1281: joint limit violated by 0.08 rad
it 1282 steps 126025728 sps  107,236 | ep_ret  -27.46 ep_len  736.7 (n=132) | pg -0.002 vf 20.552 kl 0.0276 lr 1.0e-05 | blown 1 dropped 0
[anomaly] it 1282: terminal-step reward dominates the episode: survival is being punished
[anomaly] it 1282: joint limit violated by 0.27 rad
it 1283 steps 126124032 sps  107,238 | ep_ret  -26.91 ep_len  701.7 (n=138) | pg -0.004 vf 0.059 kl 0.0094 lr 2.3e-05
[anomaly] it 1283: explained variance -0.25 < 0 after warm-up: value function not predicting returns
[anomaly] it 1283: terminal-step reward dominates the episode: survival is being punished
[anomaly] it 1283: joint limit violated by 0.06 rad
it 1284 steps 126222336 sps  107,240 | ep_ret  -24.49 ep_len  729.7 (n=129) | pg -0.005 vf 0.058 kl 0.0092 lr 3.4e-05
[anomaly] it 1284: explained variance -0.26 < 0 after warm-up: value function not predicting returns
[anomaly] it 1284: terminal-step reward dominates the episode: survival is being punished
[anomaly] it 1284: joint limit violated by 0.05 rad
it 1285 steps 126320640 sps  107,241 | ep_ret  -24.67 ep_len  733.6 (n=134) | pg -0.004 vf 0.056 kl 0.0129 lr 5.1e-05
[anomaly] it 1285: explained variance -0.22 < 0 after warm-up: value function not predicting returns
[anomaly] it 1285: terminal-step reward dominates the episode: survival is being punished
[anomaly] it 1285: joint limit violated by 0.41 rad
it 1286 steps 126418944 sps  107,243 | ep_ret  -22.66 ep_len  668.5 (n=117) | pg -0.001 vf 0.058 kl 0.0131 lr 2.3e-05
[anomaly] it 1286: explained variance -0.16 < 0 after warm-up: value function not predicting returns
[anomaly] it 1286: terminal-step reward dominates the episode: survival is being punished
[anomaly] it 1286: joint limit violated by 0.06 rad
it 1287 steps 126517248 sps  107,245 | ep_ret  -23.62 ep_len  687.0 (n=139) | pg -0.004 vf 0.055 kl 0.0137 lr 5.1e-05
[anomaly] it 1287: explained variance -0.22 < 0 after warm-up: value function not predicting returns
[anomaly] it 1287: terminal-step reward dominates the episode: survival is being punished
[anomaly] it 1287: joint limit violated by 0.15 rad
it 1288 steps 126615552 sps  107,246 | ep_ret  -22.81 ep_len  659.2 (n=142) | pg 0.003 vf 0.057 kl 0.0188 lr 1.0e-05
[anomaly] it 1288: explained variance -0.14 < 0 after warm-up: value function not predicting returns
[anomaly] it 1288: terminal-step reward dominates the episode: survival is being punished
[anomaly] it 1288: joint limit violated by 0.76 rad
it 1289 steps 126713856 sps  107,247 | ep_ret  -23.47 ep_len  689.2 (n=145) | pg -0.005 vf 0.057 kl 0.0080 lr 2.3e-05
[anomaly] it 1289: explained variance -0.23 < 0 after warm-up: value function not predicting returns
[anomaly] it 1289: terminal-step reward dominates the episode: survival is being punished
[anomaly] it 1289: joint limit violated by 0.15 rad
it 1290 steps 126812160 sps  107,249 | ep_ret  -24.87 ep_len  739.2 (n=131) | pg -0.006 vf 0.058 kl 0.0121 lr 5.1e-05
[anomaly] it 1290: explained variance -0.46 < 0 after warm-up: value function not predicting returns
[anomaly] it 1290: terminal-step reward dominates the episode: survival is being punished
it 1291 steps 126910464 sps  107,250 | ep_ret  -23.40 ep_len  691.0 (n=128) | pg -0.005 vf 0.053 kl 0.0146 lr 5.1e-05
[anomaly] it 1291: explained variance -0.34 < 0 after warm-up: value function not predicting returns
[anomaly] it 1291: terminal-step reward dominates the episode: survival is being punished
[anomaly] it 1291: joint limit violated by 0.75 rad
it 1292 steps 127008768 sps  107,252 | ep_ret  -23.33 ep_len  675.7 (n=142) | pg -0.003 vf 0.054 kl 0.0136 lr 5.1e-05
[anomaly] it 1292: explained variance -0.23 < 0 after warm-up: value function not predicting returns
[anomaly] it 1292: terminal-step reward dominates the episode: survival is being punished
[anomaly] it 1292: joint limit violated by 0.16 rad
it 1293 steps 127107072 sps  107,253 | ep_ret  -23.49 ep_len  669.5 (n=116) | pg -0.005 vf 0.044 kl 0.0133 lr 5.1e-05
[anomaly] it 1293: explained variance -0.26 < 0 after warm-up: value function not predicting returns
[anomaly] it 1293: terminal-step reward dominates the episode: survival is being punished
[anomaly] it 1293: joint limit violated by 0.89 rad
it 1294 steps 127205376 sps  107,253 | ep_ret  -24.91 ep_len  750.7 (n=150) | pg -0.005 vf 0.061 kl 0.0149 lr 3.4e-05
[anomaly] it 1294: explained variance -0.34 < 0 after warm-up: value function not predicting returns
[anomaly] it 1294: terminal-step reward dominates the episode: survival is being punished
[anomaly] it 1294: joint limit violated by 2.66 rad
it 1295 steps 127303680 sps  107,255 | ep_ret  -23.52 ep_len  696.4 (n=150) | pg -0.005 vf 0.060 kl 0.0118 lr 5.1e-05
[anomaly] it 1295: explained variance -0.26 < 0 after warm-up: value function not predicting returns
[anomaly] it 1295: terminal-step reward dominates the episode: survival is being punished
[anomaly] it 1295: joint limit violated by 0.16 rad
it 1296 steps 127401984 sps  107,256 | ep_ret  -24.37 ep_len  706.7 (n=135) | pg -0.005 vf 0.051 kl 0.0139 lr 3.4e-05
[anomaly] it 1296: explained variance -0.37 < 0 after warm-up: value function not predicting returns
[anomaly] it 1296: terminal-step reward dominates the episode: survival is being punished
[anomaly] it 1296: joint limit violated by 0.12 rad
it 1297 steps 127500288 sps  107,258 | ep_ret  -24.73 ep_len  730.0 (n=135) | pg -0.004 vf 0.062 kl 0.0120 lr 3.4e-05 | blown 2 dropped 0
[anomaly] it 1297: explained variance -0.46 < 0 after warm-up: value function not predicting returns
[anomaly] it 1297: terminal-step reward dominates the episode: survival is being punished
[anomaly] it 1297: joint limit violated by 1.03 rad
it 1298 steps 127598592 sps  107,258 | ep_ret  -22.25 ep_len  642.6 (n=150) | pg -0.006 vf 0.060 kl 0.0137 lr 5.1e-05
[anomaly] it 1298: explained variance -0.16 < 0 after warm-up: value function not predicting returns
[anomaly] it 1298: terminal-step reward dominates the episode: survival is being punished
[anomaly] it 1298: joint limit violated by 0.07 rad
it 1299 steps 127696896 sps  107,259 | ep_ret  -22.73 ep_len  691.2 (n=138) | pg -0.000 vf 0.057 kl 0.0133 lr 1.5e-05
[anomaly] it 1299: explained variance -0.40 < 0 after warm-up: value function not predicting returns
[anomaly] it 1299: terminal-step reward dominates the episode: survival is being punished
[anomaly] it 1299: joint limit violated by 0.78 rad
it 1300 steps 127795200 sps  107,261 | ep_ret  -22.45 ep_len  660.1 (n=159) | pg -0.005 vf 0.056 kl 0.0097 lr 3.4e-05
[anomaly] it 1300: explained variance -0.12 < 0 after warm-up: value function not predicting returns
[anomaly] it 1300: terminal-step reward dominates the episode: survival is being punished
[anomaly] it 1300: joint limit violated by 0.05 rad
it 1301 steps 127893504 sps  107,262 | ep_ret  -23.92 ep_len  687.1 (n=146) | pg -0.005 vf 0.055 kl 0.0121 lr 5.1e-05 | blown 1 dropped 0
[anomaly] it 1301: explained variance -0.12 < 0 after warm-up: value function not predicting returns
[anomaly] it 1301: terminal-step reward dominates the episode: survival is being punished
[anomaly] it 1301: joint limit violated by 0.25 rad
it 1302 steps 127991808 sps  107,263 | ep_ret  -23.62 ep_len  711.0 (n=143) | pg -0.005 vf 0.056 kl 0.0138 lr 3.4e-05
[anomaly] it 1302: explained variance -0.25 < 0 after warm-up: value function not predicting returns
[anomaly] it 1302: terminal-step reward dominates the episode: survival is being punished
[anomaly] it 1302: joint limit violated by 0.43 rad
it 1303 steps 128090112 sps  107,265 | ep_ret  -23.03 ep_len  679.0 (n=160) | pg -0.004 vf 0.062 kl 0.0136 lr 5.1e-05
[anomaly] it 1303: explained variance -0.26 < 0 after warm-up: value function not predicting returns
[anomaly] it 1303: terminal-step reward dominates the episode: survival is being punished
[anomaly] it 1303: joint limit violated by 0.50 rad
it 1304 steps 128188416 sps  107,266 | ep_ret  -22.83 ep_len  661.6 (n=145) | pg -0.004 vf 0.051 kl 0.0139 lr 3.4e-05
[anomaly] it 1304: explained variance -0.19 < 0 after warm-up: value function not predicting returns
[anomaly] it 1304: terminal-step reward dominates the episode: survival is being punished
[anomaly] it 1304: joint limit violated by 0.95 rad
it 1305 steps 128286720 sps  107,268 | ep_ret  -22.92 ep_len  660.6 (n=128) | pg -0.007 vf 0.051 kl 0.0133 lr 7.6e-05
[anomaly] it 1305: explained variance -0.21 < 0 after warm-up: value function not predicting returns
[anomaly] it 1305: terminal-step reward dominates the episode: survival is being punished
[anomaly] it 1305: joint limit violated by 0.07 rad
it 1306 steps 128385024 sps  107,269 | ep_ret  -22.64 ep_len  659.3 (n=127) | pg -0.003 vf 0.045 kl 0.0129 lr 3.4e-05
[anomaly] it 1306: explained variance -0.20 < 0 after warm-up: value function not predicting returns
[anomaly] it 1306: terminal-step reward dominates the episode: survival is being punished
[anomaly] it 1306: joint limit violated by 0.56 rad
it 1307 steps 128483328 sps  107,271 | ep_ret  -25.83 ep_len  755.4 (n=139) | pg -0.005 vf 0.061 kl 0.0116 lr 5.1e-05
[anomaly] it 1307: explained variance -0.32 < 0 after warm-up: value function not predicting returns
[anomaly] it 1307: terminal-step reward dominates the episode: survival is being punished
[anomaly] it 1307: joint limit violated by 0.13 rad
it 1308 steps 128581632 sps  107,272 | ep_ret  -24.19 ep_len  713.5 (n=146) | pg -0.003 vf 0.094 kl 0.0130 lr 3.4e-05
[anomaly] it 1308: explained variance -0.13 < 0 after warm-up: value function not predicting returns
[anomaly] it 1308: terminal-step reward dominates the episode: survival is being punished
[anomaly] it 1308: joint limit violated by 0.07 rad
it 1309 steps 128679936 sps  107,273 | ep_ret  -24.01 ep_len  712.7 (n=146) | pg -0.005 vf 0.062 kl 0.0122 lr 5.1e-05
[anomaly] it 1309: explained variance -0.24 < 0 after warm-up: value function not predicting returns
[anomaly] it 1309: terminal-step reward dominates the episode: survival is being punished
[anomaly] it 1309: joint limit violated by 0.07 rad
[anomaly] it 1309: contact force 17379 N > 50x robot weight
it 1310 steps 128778240 sps  107,275 | ep_ret  -24.96 ep_len  724.6 (n=149) | pg -0.001 vf 0.062 kl 0.0122 lr 1.5e-05
[anomaly] it 1310: explained variance -0.30 < 0 after warm-up: value function not predicting returns
[anomaly] it 1310: terminal-step reward dominates the episode: survival is being punished
[anomaly] it 1310: joint limit violated by 0.51 rad
it 1311 steps 128876544 sps  107,277 | ep_ret  -23.26 ep_len  679.9 (n=155) | pg -0.004 vf 0.077 kl 0.0124 lr 3.4e-05
[anomaly] it 1311: explained variance -0.12 < 0 after warm-up: value function not predicting returns
[anomaly] it 1311: terminal-step reward dominates the episode: survival is being punished
[anomaly] it 1311: joint limit violated by 0.67 rad
it 1312 steps 128974848 sps  107,278 | ep_ret  -23.60 ep_len  676.5 (n=162) | pg -0.004 vf 0.061 kl 0.0148 lr 5.1e-05
[anomaly] it 1312: explained variance -0.06 < 0 after warm-up: value function not predicting returns
[anomaly] it 1312: terminal-step reward dominates the episode: survival is being punished
[anomaly] it 1312: joint limit violated by 0.70 rad
it 1313 steps 129073152 sps  107,279 | ep_ret  -23.92 ep_len  672.7 (n=138) | pg -0.003 vf 0.186 kl 0.0134 lr 3.4e-05 | blown 1 dropped 0
[anomaly] it 1313: explained variance -0.04 < 0 after warm-up: value function not predicting returns
[anomaly] it 1313: terminal-step reward dominates the episode: survival is being punished
[anomaly] it 1313: joint limit violated by 0.10 rad
it 1314 steps 129171456 sps  107,281 | ep_ret  -23.81 ep_len  672.8 (n=145) | pg -0.005 vf 0.055 kl 0.0123 lr 5.1e-05
[anomaly] it 1314: explained variance -0.07 < 0 after warm-up: value function not predicting returns
[anomaly] it 1314: terminal-step reward dominates the episode: survival is being punished
[anomaly] it 1314: joint limit violated by 0.37 rad
it 1315 steps 129269760 sps  107,283 | ep_ret  -23.11 ep_len  657.2 (n=146) | pg -0.003 vf 0.059 kl 0.0135 lr 3.4e-05
[anomaly] it 1315: explained variance -0.26 < 0 after warm-up: value function not predicting returns
[anomaly] it 1315: terminal-step reward dominates the episode: survival is being punished
[anomaly] it 1315: joint limit violated by 0.85 rad
it 1316 steps 129368064 sps  107,284 | ep_ret  -23.27 ep_len  675.1 (n=160) | pg -0.005 vf 0.073 kl 0.0129 lr 5.1e-05
[anomaly] it 1316: explained variance -0.24 < 0 after warm-up: value function not predicting returns
[anomaly] it 1316: terminal-step reward dominates the episode: survival is being punished
[anomaly] it 1316: joint limit violated by 0.35 rad
it 1317 steps 129466368 sps  107,286 | ep_ret  -27.54 ep_len  666.9 (n=146) | pg -0.002 vf 30.948 kl 0.0293 lr 1.0e-05
[anomaly] it 1317: terminal-step reward dominates the episode: survival is being punished
[anomaly] it 1317: joint limit violated by 0.52 rad
it 1318 steps 129564672 sps  107,287 | ep_ret  -23.24 ep_len  669.7 (n=133) | pg -0.005 vf 0.059 kl 0.0091 lr 3.4e-05
[anomaly] it 1318: explained variance -0.25 < 0 after warm-up: value function not predicting returns
[anomaly] it 1318: terminal-step reward dominates the episode: survival is being punished
[anomaly] it 1318: joint limit violated by 0.08 rad
[anomaly] it 1318: contact force 19823 N > 50x robot weight
it 1319 steps 129662976 sps  107,289 | ep_ret  -24.33 ep_len  712.2 (n=146) | pg -0.006 vf 0.062 kl 0.0112 lr 5.1e-05
[anomaly] it 1319: explained variance -0.30 < 0 after warm-up: value function not predicting returns
[anomaly] it 1319: terminal-step reward dominates the episode: survival is being punished
[anomaly] it 1319: joint limit violated by 0.79 rad
it 1320 steps 129761280 sps  107,290 | ep_ret  -23.66 ep_len  683.9 (n=168) | pg -0.004 vf 0.070 kl 0.0134 lr 3.4e-05
[anomaly] it 1320: explained variance -0.07 < 0 after warm-up: value function not predicting returns
[anomaly] it 1320: terminal-step reward dominates the episode: survival is being punished
[anomaly] it 1320: joint limit violated by 1.16 rad
it 1321 steps 129859584 sps  107,292 | ep_ret  -24.68 ep_len  716.7 (n=168) | pg -0.002 vf 0.072 kl 0.0111 lr 2.3e-05
[anomaly] it 1321: explained variance -0.20 < 0 after warm-up: value function not predicting returns
[anomaly] it 1321: terminal-step reward dominates the episode: survival is being punished
[anomaly] it 1321: joint limit violated by 0.17 rad
it 1322 steps 129957888 sps  107,293 | ep_ret  -22.00 ep_len  626.4 (n=139) | pg -0.006 vf 0.057 kl 0.0085 lr 3.4e-05
[anomaly] it 1322: explained variance -0.23 < 0 after warm-up: value function not predicting returns
[anomaly] it 1322: terminal-step reward dominates the episode: survival is being punished
[anomaly] it 1322: joint limit violated by 0.20 rad
it 1323 steps 130056192 sps  107,294 | ep_ret  -22.87 ep_len  651.1 (n=167) | pg -0.005 vf 0.059 kl 0.0119 lr 5.1e-05
[anomaly] it 1323: explained variance -0.12 < 0 after warm-up: value function not predicting returns
[anomaly] it 1323: terminal-step reward dominates the episode: survival is being punished
[anomaly] it 1323: joint limit violated by 0.66 rad
it 1324 steps 130154496 sps  107,296 | ep_ret  -25.19 ep_len  668.4 (n=166) | pg -0.002 vf 7.808 kl 0.0137 lr 5.1e-05
[anomaly] it 1324: terminal-step reward dominates the episode: survival is being punished
[anomaly] it 1324: joint limit violated by 0.11 rad
it 1325 steps 130252800 sps  107,297 | ep_ret  -21.81 ep_len  626.2 (n=153) | pg -0.003 vf 0.063 kl 0.0131 lr 3.4e-05
[anomaly] it 1325: explained variance -0.19 < 0 after warm-up: value function not predicting returns
[anomaly] it 1325: terminal-step reward dominates the episode: survival is being punished
[anomaly] it 1325: joint limit violated by 0.52 rad
it 1326 steps 130351104 sps  107,299 | ep_ret  -22.37 ep_len  619.2 (n=151) | pg -0.007 vf 0.058 kl 0.0136 lr 5.1e-05
[anomaly] it 1326: explained variance -0.12 < 0 after warm-up: value function not predicting returns
[anomaly] it 1326: terminal-step reward dominates the episode: survival is being punished
[anomaly] it 1326: joint limit violated by 0.20 rad
it 1327 steps 130449408 sps  107,301 | ep_ret  -21.46 ep_len  598.3 (n=158) | pg -0.005 vf 0.057 kl 0.0121 lr 5.1e-05
[anomaly] it 1327: explained variance -0.06 < 0 after warm-up: value function not predicting returns
[anomaly] it 1327: terminal-step reward dominates the episode: survival is being punished
[anomaly] it 1327: joint limit violated by 0.17 rad
it 1328 steps 130547712 sps  107,302 | ep_ret  -21.14 ep_len  585.1 (n=163) | pg -0.003 vf 0.059 kl 0.0106 lr 2.3e-05
[anomaly] it 1328: explained variance -0.05 < 0 after warm-up: value function not predicting returns
[anomaly] it 1328: terminal-step reward dominates the episode: survival is being punished
[anomaly] it 1328: joint limit violated by 0.16 rad
it 1329 steps 130646016 sps  107,304 | ep_ret  -22.34 ep_len  613.2 (n=159) | pg -0.006 vf 0.062 kl 0.0092 lr 3.4e-05
[anomaly] it 1329: explained variance -0.13 < 0 after warm-up: value function not predicting returns
[anomaly] it 1329: terminal-step reward dominates the episode: survival is being punished
[anomaly] it 1329: joint limit violated by 0.52 rad
it 1330 steps 130744320 sps  107,305 | ep_ret  -22.41 ep_len  634.7 (n=162) | pg -0.005 vf 0.060 kl 0.0115 lr 3.4e-05
[anomaly] it 1330: explained variance -0.08 < 0 after warm-up: value function not predicting returns
[anomaly] it 1330: terminal-step reward dominates the episode: survival is being punished
[anomaly] it 1330: joint limit violated by 0.83 rad
it 1331 steps 130842624 sps  107,307 | ep_ret  -23.84 ep_len  683.5 (n=161) | pg -0.006 vf 0.064 kl 0.0105 lr 5.1e-05
[anomaly] it 1331: explained variance -0.25 < 0 after warm-up: value function not predicting returns
[anomaly] it 1331: terminal-step reward dominates the episode: survival is being punished
[anomaly] it 1331: joint limit violated by 0.09 rad
it 1332 steps 130940928 sps  107,308 | ep_ret  -23.58 ep_len  660.1 (n=151) | pg -0.005 vf 0.060 kl 0.0135 lr 5.1e-05
[anomaly] it 1332: explained variance -0.19 < 0 after warm-up: value function not predicting returns
[anomaly] it 1332: terminal-step reward dominates the episode: survival is being punished
[anomaly] it 1332: joint limit violated by 0.71 rad
it 1333 steps 131039232 sps  107,309 | ep_ret  -20.69 ep_len  564.1 (n=156) | pg -0.005 vf 0.057 kl 0.0144 lr 2.3e-05
[anomaly] it 1333: explained variance -0.05 < 0 after warm-up: value function not predicting returns
[anomaly] it 1333: terminal-step reward dominates the episode: survival is being punished
[anomaly] it 1333: joint limit violated by 1.55 rad
it 1334 steps 131137536 sps  107,310 | ep_ret  -22.59 ep_len  628.8 (n=157) | pg -0.005 vf 0.057 kl 0.0087 lr 3.4e-05
[anomaly] it 1334: explained variance -0.04 < 0 after warm-up: value function not predicting returns
[anomaly] it 1334: terminal-step reward dominates the episode: survival is being punished
[anomaly] it 1334: joint limit violated by 0.71 rad
it 1335 steps 131235840 sps  107,311 | ep_ret  -20.94 ep_len  593.8 (n=151) | pg -0.002 vf 0.058 kl 0.0116 lr 3.4e-05
[anomaly] it 1335: explained variance -0.09 < 0 after warm-up: value function not predicting returns
[anomaly] it 1335: terminal-step reward dominates the episode: survival is being punished
[anomaly] it 1335: joint limit violated by 0.07 rad
it 1336 steps 131334144 sps  107,309 | ep_ret  -21.87 ep_len  616.3 (n=178) | pg -0.004 vf 0.060 kl 0.0120 lr 3.4e-05
[anomaly] it 1336: terminal-step reward dominates the episode: survival is being punished
[anomaly] it 1336: joint limit violated by 0.08 rad
it 1337 steps 131432448 sps  107,307 | ep_ret  -23.34 ep_len  662.5 (n=151) | pg -0.001 vf 4.436 kl 0.0135 lr 1.0e-05
[anomaly] it 1337: terminal-step reward dominates the episode: survival is being punished
[anomaly] it 1337: joint limit violated by 0.08 rad
it 1338 steps 131530752 sps  107,307 | ep_ret  -25.38 ep_len  651.1 (n=164) | pg -0.006 vf 0.068 kl 0.0089 lr 3.4e-05
[anomaly] it 1338: explained variance -0.09 < 0 after warm-up: value function not predicting returns
[anomaly] it 1338: terminal-step reward dominates the episode: survival is being punished
[anomaly] it 1338: joint limit violated by 3.28 rad
it 1339 steps 131629056 sps  107,307 | ep_ret  -20.20 ep_len  546.1 (n=152) | pg -0.005 vf 0.047 kl 0.0112 lr 5.1e-05
[anomaly] it 1339: explained variance -0.05 < 0 after warm-up: value function not predicting returns
[anomaly] it 1339: terminal-step reward dominates the episode: survival is being punished
[anomaly] it 1339: joint limit violated by 0.10 rad
it 1340 steps 131727360 sps  107,308 | ep_ret  -22.38 ep_len  631.0 (n=176) | pg -0.005 vf 0.070 kl 0.0147 lr 3.4e-05 | blown 1 dropped 0
[anomaly] it 1340: explained variance -0.20 < 0 after warm-up: value function not predicting returns
[anomaly] it 1340: terminal-step reward dominates the episode: survival is being punished
[anomaly] it 1340: joint limit violated by 0.37 rad
it 1341 steps 131825664 sps  107,309 | ep_ret  -22.31 ep_len  638.3 (n=170) | pg -0.000 vf 1.004 kl 0.0236 lr 1.0e-05
[anomaly] it 1341: terminal-step reward dominates the episode: survival is being punished
[anomaly] it 1341: joint speed 161 rad/s > 3x actuator velocity limit (37.0)
[anomaly] it 1341: joint limit violated by 4.14 rad
it 1342 steps 131923968 sps  107,308 | ep_ret  -23.34 ep_len  597.1 (n=154) | pg -0.002 vf 0.238 kl 0.0108 lr 3.4e-05 | blown 1 dropped 0
[anomaly] it 1342: terminal-step reward dominates the episode: survival is being punished
[anomaly] it 1342: joint limit violated by 0.58 rad
it 1343 steps 132022272 sps  107,309 | ep_ret  -22.03 ep_len  604.1 (n=185) | pg -0.005 vf 0.069 kl 0.0143 lr 5.1e-05
[anomaly] it 1343: terminal-step reward dominates the episode: survival is being punished
[anomaly] it 1343: joint limit violated by 0.85 rad
it 1344 steps 132120576 sps  107,309 | ep_ret  -21.12 ep_len  571.1 (n=179) | pg -0.002 vf 0.062 kl 0.0123 lr 3.4e-05
[anomaly] it 1344: terminal-step reward dominates the episode: survival is being punished
[anomaly] it 1344: joint limit violated by 0.06 rad
it 1345 steps 132218880 sps  107,309 | ep_ret  -22.15 ep_len  623.3 (n=166) | pg -0.006 vf 0.066 kl 0.0116 lr 5.1e-05
[anomaly] it 1345: explained variance -0.10 < 0 after warm-up: value function not predicting returns
[anomaly] it 1345: terminal-step reward dominates the episode: survival is being punished
[anomaly] it 1345: joint limit violated by 3.09 rad
it 1346 steps 132317184 sps  107,309 | ep_ret  -20.32 ep_len  562.0 (n=153) | pg -0.006 vf 0.054 kl 0.0117 lr 5.1e-05 | blown 1 dropped 0
[anomaly] it 1346: explained variance -0.05 < 0 after warm-up: value function not predicting returns
[anomaly] it 1346: terminal-step reward dominates the episode: survival is being punished
[anomaly] it 1346: joint limit violated by 1.22 rad
it 1347 steps 132415488 sps  107,309 | ep_ret  -21.45 ep_len  584.2 (n=152) | pg -0.004 vf 0.058 kl 0.0144 lr 3.4e-05
[anomaly] it 1347: explained variance -0.04 < 0 after warm-up: value function not predicting returns
[anomaly] it 1347: terminal-step reward dominates the episode: survival is being punished
[anomaly] it 1347: joint limit violated by 0.10 rad
it 1348 steps 132513792 sps  107,309 | ep_ret  -20.21 ep_len  557.1 (n=173) | pg -0.002 vf 31.276 kl 0.0213 lr 1.0e-05
[anomaly] it 1348: terminal-step reward dominates the episode: survival is being punished
[anomaly] it 1348: joint speed 346 rad/s > 3x actuator velocity limit (37.0)
[anomaly] it 1348: joint limit violated by 3.68 rad
it 1349 steps 132612096 sps  107,309 | ep_ret  -20.53 ep_len  555.8 (n=143) | pg -0.001 vf 169.041 kl 0.0244 lr 1.0e-05
[anomaly] it 1349: terminal-step reward dominates the episode: survival is being punished
[anomaly] it 1349: joint limit violated by 2.32 rad
it 1350 steps 132710400 sps  107,309 | ep_ret  -34.61 ep_len  618.9 (n=175) | pg -0.005 vf 0.069 kl 0.0064 lr 2.3e-05
[anomaly] it 1350: explained variance -0.02 < 0 after warm-up: value function not predicting returns
[anomaly] it 1350: terminal-step reward dominates the episode: survival is being punished
[anomaly] it 1350: joint speed 111 rad/s > 3x actuator velocity limit (37.0)
[anomaly] it 1350: joint limit violated by 0.53 rad
it 1351 steps 132808704 sps  107,307 | ep_ret  -21.92 ep_len  598.3 (n=171) | pg -0.005 vf 0.065 kl 0.0119 lr 5.1e-05
[anomaly] it 1351: explained variance -0.01 < 0 after warm-up: value function not predicting returns
[anomaly] it 1351: terminal-step reward dominates the episode: survival is being punished
[anomaly] it 1351: joint limit violated by 0.08 rad
it 1352 steps 132907008 sps  107,307 | ep_ret  -22.80 ep_len  644.5 (n=169) | pg -0.001 vf 0.070 kl 0.0126 lr 2.3e-05
[anomaly] it 1352: explained variance -0.03 < 0 after warm-up: value function not predicting returns
[anomaly] it 1352: terminal-step reward dominates the episode: survival is being punished
[anomaly] it 1352: joint limit violated by 0.12 rad
it 1353 steps 133005312 sps  107,308 | ep_ret  -22.90 ep_len  648.8 (n=160) | pg -0.003 vf 0.115 kl 0.0140 lr 3.4e-05
[anomaly] it 1353: terminal-step reward dominates the episode: survival is being punished
[anomaly] it 1353: joint limit violated by 3.43 rad
it 1354 steps 133103616 sps  107,308 | ep_ret  -21.93 ep_len  592.8 (n=164) | pg -0.005 vf 0.068 kl 0.0113 lr 5.1e-05
[anomaly] it 1354: explained variance -0.04 < 0 after warm-up: value function not predicting returns
[anomaly] it 1354: terminal-step reward dominates the episode: survival is being punished
[anomaly] it 1354: joint limit violated by 0.29 rad
it 1355 steps 133201920 sps  107,309 | ep_ret  -22.60 ep_len  621.9 (n=157) | pg -0.003 vf 0.063 kl 0.0120 lr 3.4e-05
[anomaly] it 1355: explained variance -0.03 < 0 after warm-up: value function not predicting returns
[anomaly] it 1355: terminal-step reward dominates the episode: survival is being punished
[anomaly] it 1355: joint limit violated by 0.52 rad
it 1356 steps 133300224 sps  107,310 | ep_ret  -21.26 ep_len  581.1 (n=132) | pg -0.006 vf 0.056 kl 0.0113 lr 5.1e-05
[anomaly] it 1356: explained variance -0.12 < 0 after warm-up: value function not predicting returns
[anomaly] it 1356: terminal-step reward dominates the episode: survival is being punished
[anomaly] it 1356: joint limit violated by 0.07 rad
it 1357 steps 133398528 sps  107,309 | ep_ret  -22.95 ep_len  644.1 (n=160) | pg -0.004 vf 0.067 kl 0.0134 lr 5.1e-05
[anomaly] it 1357: explained variance -0.17 < 0 after warm-up: value function not predicting returns
[anomaly] it 1357: terminal-step reward dominates the episode: survival is being punished
[anomaly] it 1357: joint limit violated by 0.06 rad
it 1358 steps 133496832 sps  107,309 | ep_ret  -22.19 ep_len  608.5 (n=184) | pg -0.006 vf 0.068 kl 0.0144 lr 5.1e-05
[anomaly] it 1358: terminal-step reward dominates the episode: survival is being punished
[anomaly] it 1358: joint limit violated by 1.35 rad
it 1359 steps 133595136 sps  107,309 | ep_ret  -21.29 ep_len  586.0 (n=141) | pg -0.004 vf 0.051 kl 0.0140 lr 5.1e-05
[anomaly] it 1359: explained variance -0.13 < 0 after warm-up: value function not predicting returns
[anomaly] it 1359: terminal-step reward dominates the episode: survival is being punished
[anomaly] it 1359: joint limit violated by 0.97 rad
it 1360 steps 133693440 sps  107,308 | ep_ret  -21.28 ep_len  572.7 (n=144) | pg -0.005 vf 0.056 kl 0.0122 lr 5.1e-05
[anomaly] it 1360: explained variance -0.12 < 0 after warm-up: value function not predicting returns
[anomaly] it 1360: terminal-step reward dominates the episode: survival is being punished
[anomaly] it 1360: joint limit violated by 0.14 rad
it 1361 steps 133791744 sps  107,307 | ep_ret  -22.35 ep_len  608.9 (n=181) | pg -0.006 vf 0.069 kl 0.0137 lr 3.4e-05
[anomaly] it 1361: explained variance -0.02 < 0 after warm-up: value function not predicting returns
[anomaly] it 1361: terminal-step reward dominates the episode: survival is being punished
[anomaly] it 1361: joint limit violated by 0.62 rad
it 1362 steps 133890048 sps  107,306 | ep_ret  -23.49 ep_len  656.5 (n=169) | pg -0.005 vf 0.067 kl 0.0106 lr 5.1e-05
[anomaly] it 1362: explained variance -0.03 < 0 after warm-up: value function not predicting returns
[anomaly] it 1362: terminal-step reward dominates the episode: survival is being punished
[anomaly] it 1362: joint limit violated by 0.14 rad
it 1363 steps 133988352 sps  107,305 | ep_ret  -21.64 ep_len  592.8 (n=176) | pg -0.001 vf 0.061 kl 0.0137 lr 2.3e-05
[anomaly] it 1363: explained variance -0.05 < 0 after warm-up: value function not predicting returns
[anomaly] it 1363: terminal-step reward dominates the episode: survival is being punished
[anomaly] it 1363: joint limit violated by 1.03 rad
it 1364 steps 134086656 sps  107,304 | ep_ret  -22.34 ep_len  606.2 (n=156) | pg -0.006 vf 0.062 kl 0.0109 lr 5.1e-05
[anomaly] it 1364: explained variance -0.21 < 0 after warm-up: value function not predicting returns
[anomaly] it 1364: terminal-step reward dominates the episode: survival is being punished
[anomaly] it 1364: joint limit violated by 0.53 rad
it 1365 steps 134184960 sps  107,304 | ep_ret  -21.53 ep_len  580.7 (n=175) | pg -0.004 vf 0.058 kl 0.0132 lr 5.1e-05
[anomaly] it 1365: terminal-step reward dominates the episode: survival is being punished
[anomaly] it 1365: joint limit violated by 1.16 rad
it 1366 steps 134283264 sps  107,304 | ep_ret  -22.64 ep_len  631.0 (n=176) | pg -0.002 vf 0.066 kl 0.0127 lr 3.4e-05
[anomaly] it 1366: explained variance -0.08 < 0 after warm-up: value function not predicting returns
[anomaly] it 1366: terminal-step reward dominates the episode: survival is being punished
[anomaly] it 1366: joint limit violated by 0.13 rad
it 1367 steps 134381568 sps  107,305 | ep_ret  -20.51 ep_len  542.8 (n=170) | pg -0.006 vf 0.057 kl 0.0118 lr 5.1e-05
[anomaly] it 1367: terminal-step reward dominates the episode: survival is being punished
[anomaly] it 1367: joint limit violated by 0.62 rad
it 1368 steps 134479872 sps  107,305 | ep_ret  -20.46 ep_len  550.7 (n=151) | pg -0.001 vf 0.051 kl 0.0141 lr 2.3e-05
[anomaly] it 1368: explained variance -0.09 < 0 after warm-up: value function not predicting returns
[anomaly] it 1368: terminal-step reward dominates the episode: survival is being punished
[anomaly] it 1368: joint limit violated by 0.43 rad
it 1369 steps 134578176 sps  107,304 | ep_ret  -21.16 ep_len  581.4 (n=178) | pg -0.003 vf 0.063 kl 0.0112 lr 3.4e-05
[anomaly] it 1369: explained variance -0.02 < 0 after warm-up: value function not predicting returns
[anomaly] it 1369: terminal-step reward dominates the episode: survival is being punished
[anomaly] it 1369: joint limit violated by 0.68 rad
it 1370 steps 134676480 sps  107,304 | ep_ret  -21.43 ep_len  579.6 (n=169) | pg -0.005 vf 0.059 kl 0.0106 lr 5.1e-05
[anomaly] it 1370: explained variance -0.01 < 0 after warm-up: value function not predicting returns
[anomaly] it 1370: terminal-step reward dominates the episode: survival is being punished
[anomaly] it 1370: joint limit violated by 1.86 rad
it 1371 steps 134774784 sps  107,305 | ep_ret  -22.93 ep_len  628.8 (n=152) | pg -0.004 vf 0.060 kl 0.0137 lr 5.1e-05
[anomaly] it 1371: explained variance -0.20 < 0 after warm-up: value function not predicting returns
[anomaly] it 1371: terminal-step reward dominates the episode: survival is being punished
[anomaly] it 1371: joint limit violated by 0.78 rad
it 1372 steps 134873088 sps  107,307 | ep_ret  -23.10 ep_len  636.9 (n=167) | pg -0.003 vf 0.070 kl 0.0125 lr 2.3e-05
[anomaly] it 1372: explained variance -0.08 < 0 after warm-up: value function not predicting returns
[anomaly] it 1372: terminal-step reward dominates the episode: survival is being punished
[anomaly] it 1372: joint limit violated by 0.84 rad
it 1373 steps 134971392 sps  107,308 | ep_ret  -23.22 ep_len  633.2 (n=161) | pg -0.004 vf 0.064 kl 0.0141 lr 3.4e-05
[anomaly] it 1373: explained variance -0.15 < 0 after warm-up: value function not predicting returns
[anomaly] it 1373: terminal-step reward dominates the episode: survival is being punished
[anomaly] it 1373: joint limit violated by 1.23 rad
it 1374 steps 135069696 sps  107,309 | ep_ret  -21.16 ep_len  555.6 (n=163) | pg -0.004 vf 0.131 kl 0.0129 lr 5.1e-05
[anomaly] it 1374: terminal-step reward dominates the episode: survival is being punished
[anomaly] it 1374: joint limit violated by 2.44 rad
it 1375 steps 135168000 sps  107,310 | ep_ret  -19.97 ep_len  512.7 (n=150) | pg -0.005 vf 0.063 kl 0.0145 lr 5.1e-05
[anomaly] it 1375: terminal-step reward dominates the episode: survival is being punished
[anomaly] it 1375: joint limit violated by 0.11 rad
it 1376 steps 135266304 sps  107,311 | ep_ret  -21.97 ep_len  587.4 (n=155) | pg -0.005 vf 0.062 kl 0.0139 lr 3.4e-05 | blown 1 dropped 0
[anomaly] it 1376: explained variance -0.05 < 0 after warm-up: value function not predicting returns
[anomaly] it 1376: terminal-step reward dominates the episode: survival is being punished
[anomaly] it 1376: joint limit violated by 0.53 rad
it 1377 steps 135364608 sps  107,312 | ep_ret  -22.48 ep_len  609.2 (n=187) | pg -0.005 vf 0.074 kl 0.0151 lr 5.1e-05
[anomaly] it 1377: explained variance -0.09 < 0 after warm-up: value function not predicting returns
[anomaly] it 1377: terminal-step reward dominates the episode: survival is being punished
[anomaly] it 1377: joint limit violated by 0.99 rad
it 1378 steps 135462912 sps  107,313 | ep_ret  -22.06 ep_len  595.4 (n=179) | pg -0.003 vf 0.121 kl 0.0152 lr 2.3e-05
[anomaly] it 1378: terminal-step reward dominates the episode: survival is being punished
[anomaly] it 1378: joint limit violated by 0.65 rad
it 1379 steps 135561216 sps  107,315 | ep_ret  -22.51 ep_len  593.9 (n=158) | pg -0.005 vf 0.060 kl 0.0124 lr 5.1e-05
[anomaly] it 1379: explained variance -0.16 < 0 after warm-up: value function not predicting returns
[anomaly] it 1379: terminal-step reward dominates the episode: survival is being punished
[anomaly] it 1379: joint limit violated by 0.72 rad
it 1380 steps 135659520 sps  107,316 | ep_ret  -21.13 ep_len  567.2 (n=182) | pg -0.003 vf 0.062 kl 0.0148 lr 5.1e-05
[anomaly] it 1380: explained variance -0.08 < 0 after warm-up: value function not predicting returns
[anomaly] it 1380: terminal-step reward dominates the episode: survival is being punished
[anomaly] it 1380: joint limit violated by 0.58 rad
it 1381 steps 135757824 sps  107,317 | ep_ret  -20.81 ep_len  570.7 (n=155) | pg -0.003 vf 0.067 kl 0.0130 lr 3.4e-05
[anomaly] it 1381: explained variance -0.08 < 0 after warm-up: value function not predicting returns
[anomaly] it 1381: terminal-step reward dominates the episode: survival is being punished
[anomaly] it 1381: joint limit violated by 3.41 rad
it 1382 steps 135856128 sps  107,318 | ep_ret  -22.28 ep_len  613.5 (n=171) | pg -0.005 vf 0.066 kl 0.0125 lr 3.4e-05 | blown 1 dropped 0
[anomaly] it 1382: explained variance -0.08 < 0 after warm-up: value function not predicting returns
[anomaly] it 1382: terminal-step reward dominates the episode: survival is being punished
[anomaly] it 1382: joint limit violated by 0.52 rad
it 1383 steps 135954432 sps  107,319 | ep_ret  -22.12 ep_len  603.5 (n=170) | pg -0.005 vf 0.059 kl 0.0114 lr 5.1e-05
[anomaly] it 1383: explained variance -0.06 < 0 after warm-up: value function not predicting returns
[anomaly] it 1383: terminal-step reward dominates the episode: survival is being punished
[anomaly] it 1383: joint limit violated by 1.56 rad
it 1384 steps 136052736 sps  107,321 | ep_ret  -22.59 ep_len  624.2 (n=166) | pg -0.006 vf 0.070 kl 0.0132 lr 7.6e-05
[anomaly] it 1384: explained variance -0.08 < 0 after warm-up: value function not predicting returns
[anomaly] it 1384: terminal-step reward dominates the episode: survival is being punished
[anomaly] it 1384: joint limit violated by 0.55 rad
it 1385 steps 136151040 sps  107,322 | ep_ret  -23.08 ep_len  637.9 (n=154) | pg -0.001 vf 0.064 kl 0.0170 lr 1.5e-05
[anomaly] it 1385: explained variance -0.20 < 0 after warm-up: value function not predicting returns
[anomaly] it 1385: terminal-step reward dominates the episode: survival is being punished
[anomaly] it 1385: joint limit violated by 0.75 rad
it 1386 steps 136249344 sps  107,323 | ep_ret  -22.14 ep_len  603.9 (n=158) | pg -0.006 vf 0.062 kl 0.0095 lr 3.4e-05 | blown 1 dropped 0
[anomaly] it 1386: explained variance -0.09 < 0 after warm-up: value function not predicting returns
[anomaly] it 1386: terminal-step reward dominates the episode: survival is being punished
[anomaly] it 1386: joint limit violated by 0.60 rad
it 1387 steps 136347648 sps  107,324 | ep_ret  -22.04 ep_len  589.3 (n=190) | pg -0.006 vf 0.068 kl 0.0099 lr 5.1e-05
[anomaly] it 1387: terminal-step reward dominates the episode: survival is being punished
[anomaly] it 1387: joint limit violated by 0.17 rad
it 1388 steps 136445952 sps  107,325 | ep_ret  -21.17 ep_len  557.8 (n=145) | pg -0.005 vf 0.055 kl 0.0139 lr 2.3e-05
[anomaly] it 1388: explained variance -0.08 < 0 after warm-up: value function not predicting returns
[anomaly] it 1388: terminal-step reward dominates the episode: survival is being punished
[anomaly] it 1388: joint limit violated by 0.35 rad
it 1389 steps 136544256 sps  107,323 | ep_ret  -24.00 ep_len  679.2 (n=162) | pg -0.006 vf 0.073 kl 0.0115 lr 5.1e-05
[anomaly] it 1389: explained variance -0.21 < 0 after warm-up: value function not predicting returns
[anomaly] it 1389: terminal-step reward dominates the episode: survival is being punished
[anomaly] it 1389: joint limit violated by 0.08 rad
it 1390 steps 136642560 sps  107,318 | ep_ret  -20.43 ep_len  532.4 (n=156) | pg -0.004 vf 0.064 kl 0.0134 lr 5.1e-05
[anomaly] it 1390: terminal-step reward dominates the episode: survival is being punished
[anomaly] it 1390: joint limit violated by 3.87 rad
it 1391 steps 136740864 sps  107,317 | ep_ret  -28.80 ep_len  620.2 (n=179) | pg -0.000 vf 11.997 kl 0.0127 lr 1.5e-05 | blown 1 dropped 0
[anomaly] it 1391: terminal-step reward dominates the episode: survival is being punished
[anomaly] it 1391: joint limit violated by 0.10 rad
it 1392 steps 136839168 sps  107,316 | ep_ret  -22.59 ep_len  620.4 (n=163) | pg -0.006 vf 0.060 kl 0.0085 lr 3.4e-05
[anomaly] it 1392: explained variance -0.13 < 0 after warm-up: value function not predicting returns
[anomaly] it 1392: terminal-step reward dominates the episode: survival is being punished
[anomaly] it 1392: joint limit violated by 0.38 rad
it 1393 steps 136937472 sps  107,315 | ep_ret  -25.44 ep_len  642.0 (n=163) | pg -0.002 vf 16.713 kl 0.0152 lr 1.0e-05 | blown 1 dropped 0
[anomaly] it 1393: terminal-step reward dominates the episode: survival is being punished
[anomaly] it 1393: joint limit violated by 1.06 rad
it 1394 steps 137035776 sps  107,315 | ep_ret  -28.50 ep_len  608.0 (n=179) | pg -0.001 vf 19.270 kl 0.0082 lr 3.4e-05
[anomaly] it 1394: terminal-step reward dominates the episode: survival is being punished
[anomaly] it 1394: joint limit violated by 0.94 rad
it 1395 steps 137134080 sps  107,315 | ep_ret  -23.15 ep_len  649.4 (n=153) | pg -0.005 vf 0.067 kl 0.0107 lr 5.1e-05
[anomaly] it 1395: explained variance -0.21 < 0 after warm-up: value function not predicting returns
[anomaly] it 1395: terminal-step reward dominates the episode: survival is being punished
[anomaly] it 1395: joint limit violated by 0.06 rad
it 1396 steps 137232384 sps  107,315 | ep_ret  -23.13 ep_len  654.1 (n=118) | pg -0.005 vf 0.052 kl 0.0144 lr 5.1e-05
[anomaly] it 1396: explained variance -0.29 < 0 after warm-up: value function not predicting returns
[anomaly] it 1396: terminal-step reward dominates the episode: survival is being punished
[anomaly] it 1396: joint limit violated by 0.16 rad
it 1397 steps 137330688 sps  107,315 | ep_ret  -22.69 ep_len  602.2 (n=150) | pg -0.002 vf 0.056 kl 0.0119 lr 2.3e-05
[anomaly] it 1397: explained variance -0.13 < 0 after warm-up: value function not predicting returns
[anomaly] it 1397: terminal-step reward dominates the episode: survival is being punished
[anomaly] it 1397: joint limit violated by 0.06 rad
it 1398 steps 137428992 sps  107,316 | ep_ret  -22.32 ep_len  612.0 (n=141) | pg -0.006 vf 0.054 kl 0.0110 lr 5.1e-05
[anomaly] it 1398: explained variance -0.15 < 0 after warm-up: value function not predicting returns
[anomaly] it 1398: terminal-step reward dominates the episode: survival is being punished
[anomaly] it 1398: joint limit violated by 2.44 rad
it 1399 steps 137527296 sps  107,315 | ep_ret  -21.77 ep_len  590.3 (n=138) | pg -0.001 vf 0.051 kl 0.0119 lr 2.3e-05
[anomaly] it 1399: explained variance -0.04 < 0 after warm-up: value function not predicting returns
[anomaly] it 1399: terminal-step reward dominates the episode: survival is being punished
[anomaly] it 1399: joint limit violated by 0.09 rad
it 1400 steps 137625600 sps  107,315 | ep_ret  -24.70 ep_len  691.9 (n=152) | pg -0.003 vf 0.070 kl 0.0107 lr 2.3e-05
[anomaly] it 1400: explained variance -0.27 < 0 after warm-up: value function not predicting returns
[anomaly] it 1400: terminal-step reward dominates the episode: survival is being punished
[anomaly] it 1400: joint limit violated by 0.56 rad
it 1401 steps 137723904 sps  107,315 | ep_ret  -22.11 ep_len  604.3 (n=140) | pg -0.004 vf 0.059 kl 0.0117 lr 3.4e-05
[anomaly] it 1401: explained variance -0.05 < 0 after warm-up: value function not predicting returns
[anomaly] it 1401: terminal-step reward dominates the episode: survival is being punished
[anomaly] it 1401: joint limit violated by 1.10 rad
it 1402 steps 137822208 sps  107,315 | ep_ret  -23.00 ep_len  643.7 (n=140) | pg -0.004 vf 0.062 kl 0.0139 lr 2.3e-05
[anomaly] it 1402: explained variance -0.29 < 0 after warm-up: value function not predicting returns
[anomaly] it 1402: terminal-step reward dominates the episode: survival is being punished
[anomaly] it 1402: joint limit violated by 0.11 rad
it 1403 steps 137920512 sps  107,316 | ep_ret  -23.99 ep_len  666.3 (n=143) | pg -0.005 vf 0.063 kl 0.0094 lr 3.4e-05
[anomaly] it 1403: explained variance -0.15 < 0 after warm-up: value function not predicting returns
[anomaly] it 1403: terminal-step reward dominates the episode: survival is being punished
[anomaly] it 1403: joint limit violated by 0.28 rad
it 1404 steps 138018816 sps  107,317 | ep_ret  -24.25 ep_len  677.0 (n=176) | pg -0.004 vf 0.073 kl 0.0138 lr 2.3e-05
[anomaly] it 1404: explained variance -0.04 < 0 after warm-up: value function not predicting returns
[anomaly] it 1404: terminal-step reward dominates the episode: survival is being punished
[anomaly] it 1404: joint limit violated by 1.14 rad
it 1405 steps 138117120 sps  107,317 | ep_ret  -23.84 ep_len  654.7 (n=147) | pg -0.005 vf 0.055 kl 0.0096 lr 3.4e-05
[anomaly] it 1405: explained variance -0.22 < 0 after warm-up: value function not predicting returns
[anomaly] it 1405: terminal-step reward dominates the episode: survival is being punished
[anomaly] it 1405: joint limit violated by 0.07 rad
it 1406 steps 138215424 sps  107,318 | ep_ret  -22.27 ep_len  589.6 (n=157) | pg -0.002 vf 0.056 kl 0.0106 lr 3.4e-05 | blown 1 dropped 0
[anomaly] it 1406: explained variance -0.04 < 0 after warm-up: value function not predicting returns
[anomaly] it 1406: terminal-step reward dominates the episode: survival is being punished
[anomaly] it 1406: joint limit violated by 0.44 rad
it 1407 steps 138313728 sps  107,318 | ep_ret  -24.22 ep_len  674.3 (n=146) | pg -0.006 vf 0.066 kl 0.0132 lr 5.1e-05
[anomaly] it 1407: explained variance -0.17 < 0 after warm-up: value function not predicting returns
[anomaly] it 1407: terminal-step reward dominates the episode: survival is being punished
[anomaly] it 1407: joint limit violated by 0.06 rad
it 1408 steps 138412032 sps  107,318 | ep_ret  -23.20 ep_len  630.9 (n=172) | pg -0.004 vf 0.063 kl 0.0108 lr 3.4e-05
[anomaly] it 1408: explained variance -0.06 < 0 after warm-up: value function not predicting returns
[anomaly] it 1408: terminal-step reward dominates the episode: survival is being punished
[anomaly] it 1408: joint limit violated by 0.07 rad
it 1409 steps 138510336 sps  107,317 | ep_ret  -22.18 ep_len  600.1 (n=149) | pg -0.005 vf 0.057 kl 0.0114 lr 5.1e-05
[anomaly] it 1409: explained variance -0.14 < 0 after warm-up: value function not predicting returns
[anomaly] it 1409: terminal-step reward dominates the episode: survival is being punished
[anomaly] it 1409: joint limit violated by 0.12 rad
it 1410 steps 138608640 sps  107,317 | ep_ret  -21.81 ep_len  587.6 (n=163) | pg -0.004 vf 0.060 kl 0.0127 lr 5.1e-05
[anomaly] it 1410: explained variance -0.02 < 0 after warm-up: value function not predicting returns
[anomaly] it 1410: terminal-step reward dominates the episode: survival is being punished
[anomaly] it 1410: joint limit violated by 0.20 rad
it 1411 steps 138706944 sps  107,316 | ep_ret  -23.96 ep_len  643.5 (n=167) | pg -0.004 vf 0.065 kl 0.0140 lr 3.4e-05
[anomaly] it 1411: explained variance -0.05 < 0 after warm-up: value function not predicting returns
[anomaly] it 1411: terminal-step reward dominates the episode: survival is being punished
[anomaly] it 1411: joint limit violated by 0.06 rad
it 1412 steps 138805248 sps  107,315 | ep_ret  -22.97 ep_len  615.3 (n=162) | pg -0.006 vf 0.060 kl 0.0120 lr 3.4e-05
[anomaly] it 1412: explained variance -0.15 < 0 after warm-up: value function not predicting returns
[anomaly] it 1412: terminal-step reward dominates the episode: survival is being punished
[anomaly] it 1412: joint limit violated by 0.74 rad
it 1413 steps 138903552 sps  107,315 | ep_ret  -21.07 ep_len  547.5 (n=179) | pg -0.004 vf 0.058 kl 0.0141 lr 3.4e-05
[anomaly] it 1413: terminal-step reward dominates the episode: survival is being punished
[anomaly] it 1413: joint limit violated by 0.61 rad
it 1414 steps 139001856 sps  107,315 | ep_ret  -22.80 ep_len  618.1 (n=171) | pg -0.002 vf 0.075 kl 0.0118 lr 3.4e-05 | blown 1 dropped 0
[anomaly] it 1414: explained variance -0.08 < 0 after warm-up: value function not predicting returns
[anomaly] it 1414: terminal-step reward dominates the episode: survival is being punished
[anomaly] it 1414: joint limit violated by 2.50 rad
it 1415 steps 139100160 sps  107,316 | ep_ret  -22.45 ep_len  587.5 (n=170) | pg -0.004 vf 0.059 kl 0.0112 lr 3.4e-05
[anomaly] it 1415: terminal-step reward dominates the episode: survival is being punished
[anomaly] it 1415: joint limit violated by 0.18 rad
it 1416 steps 139198464 sps  107,315 | ep_ret  -22.23 ep_len  598.0 (n=166) | pg -0.003 vf 0.066 kl 0.0132 lr 2.3e-05
[anomaly] it 1416: explained variance -0.07 < 0 after warm-up: value function not predicting returns
[anomaly] it 1416: terminal-step reward dominates the episode: survival is being punished
[anomaly] it 1416: joint limit violated by 0.10 rad
it 1417 steps 139296768 sps  107,315 | ep_ret  -21.77 ep_len  565.6 (n=181) | pg -0.004 vf 0.066 kl 0.0098 lr 3.4e-05 | blown 1 dropped 0
[anomaly] it 1417: terminal-step reward dominates the episode: survival is being punished
[anomaly] it 1417: joint limit violated by 0.21 rad
it 1418 steps 139395072 sps  107,316 | ep_ret  -22.15 ep_len  605.1 (n=147) | pg -0.002 vf 115.415 kl 0.0229 lr 1.0e-05
[anomaly] it 1418: terminal-step reward dominates the episode: survival is being punished
[anomaly] it 1418: joint limit violated by 3.37 rad
it 1419 steps 139493376 sps  107,316 | ep_ret  -29.25 ep_len  582.5 (n=199) | pg -0.003 vf 0.069 kl 0.0091 lr 2.3e-05
[anomaly] it 1419: terminal-step reward dominates the episode: survival is being punished
[anomaly] it 1419: joint limit violated by 0.06 rad
it 1420 steps 139591680 sps  107,317 | ep_ret  -23.16 ep_len  628.6 (n=180) | pg -0.002 vf 0.063 kl 0.0099 lr 2.3e-05
[anomaly] it 1420: explained variance -0.05 < 0 after warm-up: value function not predicting returns
[anomaly] it 1420: terminal-step reward dominates the episode: survival is being punished
[anomaly] it 1420: joint limit violated by 1.32 rad
it 1421 steps 139689984 sps  107,318 | ep_ret  -22.16 ep_len  576.8 (n=164) | pg -0.003 vf 0.069 kl 0.0123 lr 3.4e-05
[anomaly] it 1421: terminal-step reward dominates the episode: survival is being punished
[anomaly] it 1421: joint limit violated by 0.24 rad
it 1422 steps 139788288 sps  107,319 | ep_ret  -21.80 ep_len  580.0 (n=156) | pg -0.003 vf 0.055 kl 0.0101 lr 3.4e-05
[anomaly] it 1422: explained variance -0.12 < 0 after warm-up: value function not predicting returns
[anomaly] it 1422: terminal-step reward dominates the episode: survival is being punished
[anomaly] it 1422: joint limit violated by 0.06 rad
it 1423 steps 139886592 sps  107,319 | ep_ret  -22.15 ep_len  608.8 (n=176) | pg -0.004 vf 0.069 kl 0.0134 lr 5.1e-05
[anomaly] it 1423: explained variance -0.05 < 0 after warm-up: value function not predicting returns
[anomaly] it 1423: terminal-step reward dominates the episode: survival is being punished
[anomaly] it 1423: joint limit violated by 0.07 rad
it 1424 steps 139984896 sps  107,319 | ep_ret  -21.09 ep_len  583.5 (n=179) | pg -0.004 vf 0.068 kl 0.0122 lr 5.1e-05
[anomaly] it 1424: explained variance -0.02 < 0 after warm-up: value function not predicting returns
[anomaly] it 1424: terminal-step reward dominates the episode: survival is being punished
[anomaly] it 1424: joint limit violated by 0.87 rad
it 1425 steps 140083200 sps  107,319 | ep_ret  -22.02 ep_len  605.5 (n=165) | pg -0.004 vf 0.060 kl 0.0136 lr 5.1e-05
[anomaly] it 1425: explained variance -0.06 < 0 after warm-up: value function not predicting returns
[anomaly] it 1425: terminal-step reward dominates the episode: survival is being punished
[anomaly] it 1425: joint limit violated by 0.64 rad
it 1426 steps 140181504 sps  107,319 | ep_ret  -23.63 ep_len  640.6 (n=162) | pg -0.003 vf 0.064 kl 0.0130 lr 2.3e-05
[anomaly] it 1426: explained variance -0.07 < 0 after warm-up: value function not predicting returns
[anomaly] it 1426: terminal-step reward dominates the episode: survival is being punished
[anomaly] it 1426: joint limit violated by 4.24 rad
it 1427 steps 140279808 sps  107,319 | ep_ret  -22.66 ep_len  607.6 (n=152) | pg -0.004 vf 0.059 kl 0.0119 lr 5.1e-05
[anomaly] it 1427: explained variance -0.09 < 0 after warm-up: value function not predicting returns
[anomaly] it 1427: terminal-step reward dominates the episode: survival is being punished
[anomaly] it 1427: joint limit violated by 0.34 rad
it 1428 steps 140378112 sps  107,319 | ep_ret  -23.02 ep_len  610.6 (n=166) | pg -0.005 vf 0.064 kl 0.0137 lr 5.1e-05
[anomaly] it 1428: explained variance -0.02 < 0 after warm-up: value function not predicting returns
[anomaly] it 1428: terminal-step reward dominates the episode: survival is being punished
[anomaly] it 1428: joint limit violated by 0.07 rad
it 1429 steps 140476416 sps  107,319 | ep_ret  -22.39 ep_len  601.2 (n=163) | pg -0.005 vf 0.060 kl 0.0135 lr 5.1e-05 | blown 1 dropped 0
[anomaly] it 1429: explained variance -0.05 < 0 after warm-up: value function not predicting returns
[anomaly] it 1429: terminal-step reward dominates the episode: survival is being punished
[anomaly] it 1429: joint limit violated by 0.06 rad
it 1430 steps 140574720 sps  107,319 | ep_ret  -22.82 ep_len  620.8 (n=130) | pg -0.005 vf 0.055 kl 0.0124 lr 3.4e-05
[anomaly] it 1430: explained variance -0.16 < 0 after warm-up: value function not predicting returns
[anomaly] it 1430: terminal-step reward dominates the episode: survival is being punished
[anomaly] it 1430: joint limit violated by 0.54 rad
it 1431 steps 140673024 sps  107,319 | ep_ret  -22.25 ep_len  593.7 (n=168) | pg -0.004 vf 0.064 kl 0.0107 lr 5.1e-05
[anomaly] it 1431: terminal-step reward dominates the episode: survival is being punished
[anomaly] it 1431: joint limit violated by 1.08 rad
it 1432 steps 140771328 sps  107,319 | ep_ret  -22.29 ep_len  596.3 (n=163) | pg -0.003 vf 0.059 kl 0.0113 lr 3.4e-05
[anomaly] it 1432: explained variance -0.10 < 0 after warm-up: value function not predicting returns
[anomaly] it 1432: terminal-step reward dominates the episode: survival is being punished
[anomaly] it 1432: joint limit violated by 0.63 rad
it 1433 steps 140869632 sps  107,319 | ep_ret  -22.16 ep_len  597.5 (n=193) | pg -0.005 vf 0.070 kl 0.0098 lr 3.4e-05
[anomaly] it 1433: explained variance -0.05 < 0 after warm-up: value function not predicting returns
[anomaly] it 1433: terminal-step reward dominates the episode: survival is being punished
[anomaly] it 1433: joint limit violated by 0.35 rad
it 1434 steps 140967936 sps  107,318 | ep_ret  -23.10 ep_len  628.4 (n=165) | pg -0.005 vf 0.066 kl 0.0115 lr 5.1e-05
[anomaly] it 1434: explained variance -0.12 < 0 after warm-up: value function not predicting returns
[anomaly] it 1434: terminal-step reward dominates the episode: survival is being punished
[anomaly] it 1434: joint limit violated by 0.09 rad
it 1435 steps 141066240 sps  107,318 | ep_ret  -22.37 ep_len  588.7 (n=186) | pg -0.005 vf 0.065 kl 0.0134 lr 5.1e-05
[anomaly] it 1435: terminal-step reward dominates the episode: survival is being punished
[anomaly] it 1435: joint limit violated by 0.53 rad
it 1436 steps 141164544 sps  107,318 | ep_ret  -21.93 ep_len  589.4 (n=178) | pg -0.003 vf 0.063 kl 0.0108 lr 3.4e-05
[anomaly] it 1436: explained variance -0.05 < 0 after warm-up: value function not predicting returns
[anomaly] it 1436: terminal-step reward dominates the episode: survival is being punished
[anomaly] it 1436: joint limit violated by 0.82 rad
it 1437 steps 141262848 sps  107,319 | ep_ret  -22.45 ep_len  594.4 (n=160) | pg -0.005 vf 0.059 kl 0.0133 lr 5.1e-05
[anomaly] it 1437: explained variance -0.04 < 0 after warm-up: value function not predicting returns
[anomaly] it 1437: terminal-step reward dominates the episode: survival is being punished
[anomaly] it 1437: joint limit violated by 0.11 rad
it 1438 steps 141361152 sps  107,320 | ep_ret  -22.33 ep_len  598.3 (n=138) | pg -0.002 vf 0.137 kl 0.0140 lr 3.4e-05
[anomaly] it 1438: terminal-step reward dominates the episode: survival is being punished
[anomaly] it 1438: joint limit violated by 3.29 rad
it 1439 steps 141459456 sps  107,320 | ep_ret  -22.19 ep_len  574.8 (n=153) | pg -0.005 vf 0.057 kl 0.0117 lr 5.1e-05
[anomaly] it 1439: explained variance -0.10 < 0 after warm-up: value function not predicting returns
[anomaly] it 1439: terminal-step reward dominates the episode: survival is being punished
[anomaly] it 1439: joint limit violated by 0.12 rad
it 1440 steps 141557760 sps  107,320 | ep_ret  -20.26 ep_len  521.9 (n=165) | pg -0.004 vf 0.056 kl 0.0155 lr 2.3e-05
[anomaly] it 1440: explained variance -0.00 < 0 after warm-up: value function not predicting returns
[anomaly] it 1440: terminal-step reward dominates the episode: survival is being punished
[anomaly] it 1440: joint limit violated by 0.19 rad
it 1441 steps 141656064 sps  107,320 | ep_ret  -22.77 ep_len  605.2 (n=161) | pg -0.004 vf 0.062 kl 0.0101 lr 3.4e-05
[anomaly] it 1441: explained variance -0.07 < 0 after warm-up: value function not predicting returns
[anomaly] it 1441: terminal-step reward dominates the episode: survival is being punished
[anomaly] it 1441: joint speed 129 rad/s > 3x actuator velocity limit (37.0)
[anomaly] it 1441: joint limit violated by 0.07 rad
it 1442 steps 141754368 sps  107,321 | ep_ret  -21.76 ep_len  576.0 (n=137) | pg -0.003 vf 0.054 kl 0.0133 lr 3.4e-05
[anomaly] it 1442: explained variance -0.18 < 0 after warm-up: value function not predicting returns
[anomaly] it 1442: terminal-step reward dominates the episode: survival is being punished
[anomaly] it 1442: joint limit violated by 0.82 rad
it 1443 steps 141852672 sps  107,321 | ep_ret  -21.46 ep_len  573.1 (n=176) | pg -0.002 vf 0.059 kl 0.0119 lr 3.4e-05
[anomaly] it 1443: terminal-step reward dominates the episode: survival is being punished
[anomaly] it 1443: joint limit violated by 0.13 rad
it 1444 steps 141950976 sps  107,321 | ep_ret  -21.81 ep_len  581.1 (n=158) | pg -0.004 vf 0.057 kl 0.0110 lr 2.3e-05
[anomaly] it 1444: explained variance -0.05 < 0 after warm-up: value function not predicting returns
[anomaly] it 1444: terminal-step reward dominates the episode: survival is being punished
[anomaly] it 1444: joint limit violated by 1.14 rad
it 1445 steps 142049280 sps  107,321 | ep_ret  -23.34 ep_len  638.8 (n=173) | pg -0.003 vf 0.073 kl 0.0124 lr 3.4e-05
[anomaly] it 1445: explained variance -0.24 < 0 after warm-up: value function not predicting returns
[anomaly] it 1445: terminal-step reward dominates the episode: survival is being punished
[anomaly] it 1445: joint limit violated by 0.21 rad
it 1446 steps 142147584 sps  107,320 | ep_ret  -22.50 ep_len  601.1 (n=199) | pg -0.003 vf 0.077 kl 0.0115 lr 2.3e-05
[anomaly] it 1446: explained variance -0.04 < 0 after warm-up: value function not predicting returns
[anomaly] it 1446: terminal-step reward dominates the episode: survival is being punished
[anomaly] it 1446: joint limit violated by 0.12 rad
it 1447 steps 142245888 sps  107,320 | ep_ret  -21.98 ep_len  585.9 (n=143) | pg -0.006 vf 0.057 kl 0.0088 lr 3.4e-05 | blown 1 dropped 0
[anomaly] it 1447: explained variance -0.12 < 0 after warm-up: value function not predicting returns
[anomaly] it 1447: terminal-step reward dominates the episode: survival is being punished
[anomaly] it 1447: joint limit violated by 0.33 rad
[anomaly] it 1447: contact force 27671 N > 50x robot weight
it 1448 steps 142344192 sps  107,320 | ep_ret  -20.73 ep_len  541.4 (n=150) | pg -0.002 vf 0.053 kl 0.0121 lr 2.3e-05
[anomaly] it 1448: explained variance -0.08 < 0 after warm-up: value function not predicting returns
[anomaly] it 1448: terminal-step reward dominates the episode: survival is being punished
[anomaly] it 1448: joint limit violated by 2.74 rad
it 1449 steps 142442496 sps  107,320 | ep_ret  -22.52 ep_len  613.7 (n=148) | pg -0.003 vf 0.060 kl 0.0116 lr 3.4e-05
[anomaly] it 1449: explained variance -0.19 < 0 after warm-up: value function not predicting returns
[anomaly] it 1449: terminal-step reward dominates the episode: survival is being punished
[anomaly] it 1449: joint limit violated by 0.21 rad
it 1450 steps 142540800 sps  107,320 | ep_ret  -21.78 ep_len  590.0 (n=165) | pg -0.005 vf 0.063 kl 0.0114 lr 5.1e-05
[anomaly] it 1450: explained variance -0.18 < 0 after warm-up: value function not predicting returns
[anomaly] it 1450: terminal-step reward dominates the episode: survival is being punished
[anomaly] it 1450: joint limit violated by 0.82 rad
it 1451 steps 142639104 sps  107,321 | ep_ret  -23.36 ep_len  614.4 (n=142) | pg -0.003 vf 0.054 kl 0.0140 lr 7.6e-05 | blown 1 dropped 0
[anomaly] it 1451: explained variance -0.23 < 0 after warm-up: value function not predicting returns
[anomaly] it 1451: terminal-step reward dominates the episode: survival is being punished
[anomaly] it 1451: joint limit violated by 0.13 rad
it 1452 steps 142737408 sps  107,321 | ep_ret  -22.70 ep_len  600.3 (n=152) | pg -0.000 vf 0.058 kl 0.0163 lr 2.3e-05
[anomaly] it 1452: explained variance -0.12 < 0 after warm-up: value function not predicting returns
[anomaly] it 1452: terminal-step reward dominates the episode: survival is being punished
[anomaly] it 1452: joint limit violated by 0.74 rad
it 1453 steps 142835712 sps  107,322 | ep_ret  -22.94 ep_len  636.6 (n=148) | pg -0.005 vf 0.064 kl 0.0122 lr 5.1e-05
[anomaly] it 1453: explained variance -0.16 < 0 after warm-up: value function not predicting returns
[anomaly] it 1453: terminal-step reward dominates the episode: survival is being punished
[anomaly] it 1453: joint limit violated by 2.36 rad
it 1454 steps 142934016 sps  107,322 | ep_ret  -21.73 ep_len  580.9 (n=141) | pg -0.000 vf 0.058 kl 0.0138 lr 2.3e-05
[anomaly] it 1454: explained variance -0.15 < 0 after warm-up: value function not predicting returns
[anomaly] it 1454: terminal-step reward dominates the episode: survival is being punished
[anomaly] it 1454: joint limit violated by 0.54 rad
it 1455 steps 143032320 sps  107,323 | ep_ret  -23.77 ep_len  646.5 (n=137) | pg -0.005 vf 0.055 kl 0.0088 lr 3.4e-05
[anomaly] it 1455: explained variance -0.25 < 0 after warm-up: value function not predicting returns
[anomaly] it 1455: terminal-step reward dominates the episode: survival is being punished
[anomaly] it 1455: joint limit violated by 0.19 rad
it 1456 steps 143130624 sps  107,323 | ep_ret  -23.84 ep_len  676.2 (n=136) | pg -0.002 vf 0.058 kl 0.0118 lr 3.4e-05
[anomaly] it 1456: explained variance -0.40 < 0 after warm-up: value function not predicting returns
[anomaly] it 1456: terminal-step reward dominates the episode: survival is being punished
[anomaly] it 1456: joint limit violated by 0.12 rad
it 1457 steps 143228928 sps  107,323 | ep_ret  -24.08 ep_len  669.2 (n=140) | pg -0.002 vf 0.058 kl 0.0121 lr 2.3e-05
[anomaly] it 1457: explained variance -0.28 < 0 after warm-up: value function not predicting returns
[anomaly] it 1457: terminal-step reward dominates the episode: survival is being punished
[anomaly] it 1457: joint limit violated by 0.08 rad
it 1458 steps 143327232 sps  107,322 | ep_ret  -23.39 ep_len  636.8 (n=137) | pg -0.002 vf 0.057 kl 0.0103 lr 2.3e-05
[anomaly] it 1458: explained variance -0.25 < 0 after warm-up: value function not predicting returns
[anomaly] it 1458: terminal-step reward dominates the episode: survival is being punished
[anomaly] it 1458: joint limit violated by 0.06 rad
[anomaly] it 1458: contact force 16330 N > 50x robot weight
it 1459 steps 143425536 sps  107,322 | ep_ret  -26.44 ep_len  740.2 (n=133) | pg -0.005 vf 0.065 kl 0.0123 lr 5.1e-05
[anomaly] it 1459: explained variance -0.34 < 0 after warm-up: value function not predicting returns
[anomaly] it 1459: terminal-step reward dominates the episode: survival is being punished
[anomaly] it 1459: joint limit violated by 0.08 rad
it 1460 steps 143523840 sps  107,322 | ep_ret  -24.28 ep_len  658.3 (n=153) | pg -0.001 vf 0.063 kl 0.0120 lr 2.3e-05
[anomaly] it 1460: explained variance -0.24 < 0 after warm-up: value function not predicting returns
[anomaly] it 1460: terminal-step reward dominates the episode: survival is being punished
[anomaly] it 1460: joint limit violated by 1.79 rad
it 1461 steps 143622144 sps  107,322 | ep_ret  -24.66 ep_len  685.3 (n=165) | pg -0.004 vf 0.072 kl 0.0122 lr 5.1e-05
[anomaly] it 1461: explained variance -0.16 < 0 after warm-up: value function not predicting returns
[anomaly] it 1461: terminal-step reward dominates the episode: survival is being punished
[anomaly] it 1461: joint limit violated by 0.08 rad
it 1462 steps 143720448 sps  107,322 | ep_ret  -26.06 ep_len  736.1 (n=127) | pg -0.002 vf 0.061 kl 0.0113 lr 2.3e-05
[anomaly] it 1462: explained variance -0.48 < 0 after warm-up: value function not predicting returns
[anomaly] it 1462: terminal-step reward dominates the episode: survival is being punished
[anomaly] it 1462: joint limit violated by 0.09 rad
it 1463 steps 143818752 sps  107,322 | ep_ret  -25.21 ep_len  689.4 (n=153) | pg -0.004 vf 0.064 kl 0.0124 lr 5.1e-05
[anomaly] it 1463: explained variance -0.27 < 0 after warm-up: value function not predicting returns
[anomaly] it 1463: terminal-step reward dominates the episode: survival is being punished
[anomaly] it 1463: joint limit violated by 0.05 rad
it 1464 steps 143917056 sps  107,322 | ep_ret  -23.63 ep_len  613.2 (n=133) | pg -0.003 vf 0.054 kl 0.0135 lr 5.1e-05
[anomaly] it 1464: explained variance -0.15 < 0 after warm-up: value function not predicting returns
[anomaly] it 1464: terminal-step reward dominates the episode: survival is being punished
[anomaly] it 1464: joint limit violated by 0.12 rad
it 1465 steps 144015360 sps  107,322 | ep_ret  -25.45 ep_len  700.1 (n=155) | pg -0.002 vf 0.065 kl 0.0137 lr 3.4e-05
[anomaly] it 1465: explained variance -0.23 < 0 after warm-up: value function not predicting returns
[anomaly] it 1465: terminal-step reward dominates the episode: survival is being punished
[anomaly] it 1465: joint limit violated by 0.24 rad
it 1466 steps 144113664 sps  107,322 | ep_ret  -25.58 ep_len  722.7 (n=154) | pg -0.003 vf 0.062 kl 0.0131 lr 5.1e-05
[anomaly] it 1466: explained variance -0.28 < 0 after warm-up: value function not predicting returns
[anomaly] it 1466: terminal-step reward dominates the episode: survival is being punished
[anomaly] it 1466: returns fall as episodes lengthen (corr -0.70): the reward punishes survival
[anomaly] it 1466: joint limit violated by 0.07 rad
it 1467 steps 144211968 sps  107,321 | ep_ret  -25.62 ep_len  718.4 (n=147) | pg -0.002 vf 0.152 kl 0.0143 lr 3.4e-05
[anomaly] it 1467: explained variance -0.07 < 0 after warm-up: value function not predicting returns
[anomaly] it 1467: terminal-step reward dominates the episode: survival is being punished
[anomaly] it 1467: returns fall as episodes lengthen (corr -0.70): the reward punishes survival
[anomaly] it 1467: joint limit violated by 0.14 rad
it 1468 steps 144310272 sps  107,321 | ep_ret  -24.78 ep_len  687.4 (n=149) | pg -0.002 vf 6.152 kl 0.0167 lr 1.0e-05
[anomaly] it 1468: terminal-step reward dominates the episode: survival is being punished
[anomaly] it 1468: joint limit violated by 0.53 rad
it 1469 steps 144408576 sps  107,322 | ep_ret  -29.11 ep_len  747.0 (n=132) | pg -0.005 vf 0.067 kl 0.0075 lr 2.3e-05
[anomaly] it 1469: explained variance -0.49 < 0 after warm-up: value function not predicting returns
[anomaly] it 1469: terminal-step reward dominates the episode: survival is being punished
[anomaly] it 1469: joint limit violated by 0.89 rad
it 1470 steps 144506880 sps  107,323 | ep_ret  -24.39 ep_len  656.7 (n=143) | pg -0.004 vf 0.060 kl 0.0123 lr 3.4e-05
[anomaly] it 1470: explained variance -0.21 < 0 after warm-up: value function not predicting returns
[anomaly] it 1470: terminal-step reward dominates the episode: survival is being punished
[anomaly] it 1470: joint limit violated by 1.25 rad
it 1471 steps 144605184 sps  107,324 | ep_ret  -23.47 ep_len  644.6 (n=139) | pg -0.005 vf 0.062 kl 0.0123 lr 5.1e-05
[anomaly] it 1471: explained variance -0.22 < 0 after warm-up: value function not predicting returns
[anomaly] it 1471: terminal-step reward dominates the episode: survival is being punished
[anomaly] it 1471: joint limit violated by 1.12 rad
it 1472 steps 144703488 sps  107,325 | ep_ret  -23.66 ep_len  635.9 (n=132) | pg -0.001 vf 44.387 kl 0.0384 lr 1.0e-05
[anomaly] it 1472: terminal-step reward dominates the episode: survival is being punished
[anomaly] it 1472: joint limit violated by 3.47 rad
it 1473 steps 144801792 sps  107,327 | ep_ret  -32.09 ep_len  733.2 (n=138) | pg -0.004 vf 0.093 kl 0.0075 lr 2.3e-05
[anomaly] it 1473: explained variance -0.10 < 0 after warm-up: value function not predicting returns
[anomaly] it 1473: terminal-step reward dominates the episode: survival is being punished
[anomaly] it 1473: returns fall as episodes lengthen (corr -0.74): the reward punishes survival
[anomaly] it 1473: joint limit violated by 0.22 rad
it 1474 steps 144900096 sps  107,328 | ep_ret  -25.35 ep_len  691.4 (n=136) | pg -0.005 vf 0.064 kl 0.0106 lr 5.1e-05
[anomaly] it 1474: explained variance -0.21 < 0 after warm-up: value function not predicting returns
[anomaly] it 1474: terminal-step reward dominates the episode: survival is being punished
[anomaly] it 1474: returns fall as episodes lengthen (corr -0.74): the reward punishes survival
[anomaly] it 1474: joint limit violated by 0.30 rad
it 1475 steps 144998400 sps  107,329 | ep_ret  -25.61 ep_len  714.5 (n=156) | pg -0.004 vf 0.066 kl 0.0119 lr 3.4e-05
[anomaly] it 1475: explained variance -0.16 < 0 after warm-up: value function not predicting returns
[anomaly] it 1475: terminal-step reward dominates the episode: survival is being punished
[anomaly] it 1475: joint limit violated by 0.06 rad
it 1476 steps 145096704 sps  107,330 | ep_ret  -26.70 ep_len  751.1 (n=144) | pg -0.005 vf 0.070 kl 0.0117 lr 5.1e-05
[anomaly] it 1476: explained variance -0.25 < 0 after warm-up: value function not predicting returns
[anomaly] it 1476: terminal-step reward dominates the episode: survival is being punished
[anomaly] it 1476: joint limit violated by 0.12 rad
it 1477 steps 145195008 sps  107,331 | ep_ret  -24.89 ep_len  691.9 (n=167) | pg -0.003 vf 0.077 kl 0.0119 lr 3.4e-05
[anomaly] it 1477: explained variance -0.11 < 0 after warm-up: value function not predicting returns
[anomaly] it 1477: terminal-step reward dominates the episode: survival is being punished
[anomaly] it 1477: joint limit violated by 0.67 rad
it 1478 steps 145293312 sps  107,332 | ep_ret  -24.26 ep_len  660.1 (n=157) | pg -0.005 vf 0.064 kl 0.0115 lr 5.1e-05
[anomaly] it 1478: explained variance -0.07 < 0 after warm-up: value function not predicting returns
[anomaly] it 1478: terminal-step reward dominates the episode: survival is being punished
[anomaly] it 1478: joint limit violated by 0.13 rad
it 1479 steps 145391616 sps  107,333 | ep_ret  -23.65 ep_len  627.9 (n=140) | pg -0.002 vf 0.057 kl 0.0123 lr 3.4e-05 | blown 1 dropped 0
[anomaly] it 1479: explained variance -0.07 < 0 after warm-up: value function not predicting returns
[anomaly] it 1479: terminal-step reward dominates the episode: survival is being punished
[anomaly] it 1479: joint limit violated by 0.09 rad
[anomaly] it 1479: contact force 19151 N > 50x robot weight
it 1480 steps 145489920 sps  107,334 | ep_ret  -24.75 ep_len  673.2 (n=138) | pg -0.004 vf 0.060 kl 0.0126 lr 5.1e-05
[anomaly] it 1480: explained variance -0.20 < 0 after warm-up: value function not predicting returns
[anomaly] it 1480: terminal-step reward dominates the episode: survival is being punished
[anomaly] it 1480: joint limit violated by 0.13 rad
it 1481 steps 145588224 sps  107,336 | ep_ret  -23.01 ep_len  606.9 (n=148) | pg -0.002 vf 0.056 kl 0.0145 lr 1.5e-05
[anomaly] it 1481: explained variance -0.02 < 0 after warm-up: value function not predicting returns
[anomaly] it 1481: terminal-step reward dominates the episode: survival is being punished
[anomaly] it 1481: joint limit violated by 0.10 rad
it 1482 steps 145686528 sps  107,337 | ep_ret  -25.19 ep_len  679.7 (n=144) | pg -0.003 vf 0.063 kl 0.0091 lr 2.3e-05
[anomaly] it 1482: explained variance -0.16 < 0 after warm-up: value function not predicting returns
[anomaly] it 1482: terminal-step reward dominates the episode: survival is being punished
[anomaly] it 1482: joint limit violated by 0.52 rad
it 1483 steps 145784832 sps  107,338 | ep_ret  -24.70 ep_len  677.1 (n=140) | pg -0.005 vf 0.063 kl 0.0133 lr 5.1e-05
[anomaly] it 1483: explained variance -0.16 < 0 after warm-up: value function not predicting returns
[anomaly] it 1483: terminal-step reward dominates the episode: survival is being punished
[anomaly] it 1483: joint limit violated by 0.37 rad
it 1484 steps 145883136 sps  107,339 | ep_ret  -24.20 ep_len  651.9 (n=128) | pg 0.001 vf 0.048 kl 0.0156 lr 1.5e-05
[anomaly] it 1484: explained variance -0.12 < 0 after warm-up: value function not predicting returns
[anomaly] it 1484: terminal-step reward dominates the episode: survival is being punished
[anomaly] it 1484: joint limit violated by 0.14 rad
it 1485 steps 145981440 sps  107,340 | ep_ret  -24.57 ep_len  664.4 (n=161) | pg -0.003 vf 0.063 kl 0.0107 lr 2.3e-05
[anomaly] it 1485: terminal-step reward dominates the episode: survival is being punished
[anomaly] it 1485: joint limit violated by 0.08 rad
it 1486 steps 146079744 sps  107,341 | ep_ret  -25.67 ep_len  705.1 (n=179) | pg -0.005 vf 0.081 kl 0.0094 lr 3.4e-05 | blown 1 dropped 0
[anomaly] it 1486: explained variance -0.09 < 0 after warm-up: value function not predicting returns
[anomaly] it 1486: terminal-step reward dominates the episode: survival is being punished
[anomaly] it 1486: joint limit violated by 0.85 rad
it 1487 steps 146178048 sps  107,342 | ep_ret  -24.53 ep_len  665.2 (n=169) | pg -0.005 vf 0.072 kl 0.0118 lr 5.1e-05
[anomaly] it 1487: explained variance -0.09 < 0 after warm-up: value function not predicting returns
[anomaly] it 1487: terminal-step reward dominates the episode: survival is being punished
[anomaly] it 1487: joint limit violated by 0.05 rad
it 1488 steps 146276352 sps  107,343 | ep_ret  -24.12 ep_len  650.8 (n=183) | pg 0.003 vf 0.068 kl 0.0191 lr 1.0e-05
[anomaly] it 1488: explained variance -0.06 < 0 after warm-up: value function not predicting returns
[anomaly] it 1488: terminal-step reward dominates the episode: survival is being punished
[anomaly] it 1488: joint limit violated by 0.11 rad
it 1489 steps 146374656 sps  107,344 | ep_ret  -23.86 ep_len  632.5 (n=147) | pg -0.001 vf 0.170 kl 0.0113 lr 2.3e-05 | blown 1 dropped 0
[anomaly] it 1489: terminal-step reward dominates the episode: survival is being punished
[anomaly] it 1489: joint limit violated by 0.30 rad
it 1490 steps 146472960 sps  107,345 | ep_ret  -23.89 ep_len  611.3 (n=155) | pg -0.001 vf 0.334 kl 0.0118 lr 1.5e-05
[anomaly] it 1490: explained variance -0.02 < 0 after warm-up: value function not predicting returns
[anomaly] it 1490: terminal-step reward dominates the episode: survival is being punished
[anomaly] it 1490: joint limit violated by 1.65 rad
it 1491 steps 146571264 sps  107,346 | ep_ret  -22.71 ep_len  609.5 (n=160) | pg -0.004 vf 0.065 kl 0.0106 lr 3.4e-05
[anomaly] it 1491: explained variance -0.13 < 0 after warm-up: value function not predicting returns
[anomaly] it 1491: terminal-step reward dominates the episode: survival is being punished
[anomaly] it 1491: joint limit violated by 1.27 rad
it 1492 steps 146669568 sps  107,347 | ep_ret  -23.86 ep_len  642.0 (n=158) | pg -0.005 vf 0.067 kl 0.0128 lr 5.1e-05
[anomaly] it 1492: explained variance -0.06 < 0 after warm-up: value function not predicting returns
[anomaly] it 1492: terminal-step reward dominates the episode: survival is being punished
[anomaly] it 1492: joint limit violated by 0.14 rad
it 1493 steps 146767872 sps  107,348 | ep_ret  -23.51 ep_len  619.7 (n=135) | pg -0.003 vf 0.059 kl 0.0119 lr 3.4e-05
[anomaly] it 1493: explained variance -0.23 < 0 after warm-up: value function not predicting returns
[anomaly] it 1493: terminal-step reward dominates the episode: survival is being punished
[anomaly] it 1493: joint limit violated by 0.83 rad
it 1494 steps 146866176 sps  107,349 | ep_ret  -23.35 ep_len  614.1 (n=145) | pg -0.004 vf 0.056 kl 0.0122 lr 5.1e-05
[anomaly] it 1494: explained variance -0.11 < 0 after warm-up: value function not predicting returns
[anomaly] it 1494: terminal-step reward dominates the episode: survival is being punished
[anomaly] it 1494: joint limit violated by 1.56 rad
it 1495 steps 146964480 sps  107,350 | ep_ret  -23.38 ep_len  633.4 (n=150) | pg -0.001 vf 0.327 kl 0.0230 lr 1.0e-05
[anomaly] it 1495: explained variance -0.02 < 0 after warm-up: value function not predicting returns
[anomaly] it 1495: terminal-step reward dominates the episode: survival is being punished
[anomaly] it 1495: joint speed 676 rad/s > 3x actuator velocity limit (37.0)
[anomaly] it 1495: joint limit violated by 3.15 rad
it 1496 steps 147062784 sps  107,351 | ep_ret  -23.75 ep_len  626.9 (n=160) | pg -0.002 vf 0.067 kl 0.0074 lr 2.3e-05 | blown 1 dropped 0
[anomaly] it 1496: explained variance -0.04 < 0 after warm-up: value function not predicting returns
[anomaly] it 1496: terminal-step reward dominates the episode: survival is being punished
[anomaly] it 1496: joint limit violated by 0.36 rad
it 1497 steps 147161088 sps  107,352 | ep_ret  -24.18 ep_len  651.9 (n=151) | pg -0.003 vf 0.066 kl 0.0103 lr 1.5e-05
[anomaly] it 1497: explained variance -0.19 < 0 after warm-up: value function not predicting returns
[anomaly] it 1497: terminal-step reward dominates the episode: survival is being punished
[anomaly] it 1497: joint limit violated by 0.46 rad
it 1498 steps 147259392 sps  107,353 | ep_ret  -23.95 ep_len  643.6 (n=140) | pg -0.004 vf 0.075 kl 0.0106 lr 3.4e-05
[anomaly] it 1498: explained variance -0.07 < 0 after warm-up: value function not predicting returns
[anomaly] it 1498: terminal-step reward dominates the episode: survival is being punished
[anomaly] it 1498: joint limit violated by 2.61 rad
it 1499 steps 147357696 sps  107,354 | ep_ret  -23.62 ep_len  620.6 (n=144) | pg -0.005 vf 0.058 kl 0.0122 lr 5.1e-05
[anomaly] it 1499: explained variance -0.10 < 0 after warm-up: value function not predicting returns
[anomaly] it 1499: terminal-step reward dominates the episode: survival is being punished
[anomaly] it 1499: joint limit violated by 0.60 rad
it 1500 steps 147456000 sps  107,355 | ep_ret  -22.64 ep_len  596.2 (n=160) | pg -0.001 vf 0.061 kl 0.0136 lr 2.3e-05
[anomaly] it 1500: explained variance -0.07 < 0 after warm-up: value function not predicting returns
[anomaly] it 1500: terminal-step reward dominates the episode: survival is being punished
[anomaly] it 1500: joint limit violated by 0.07 rad
saved policy to runs/policies/g1_flat_newton.pt
