G1 flat PPO: N=4096 obs_dim 123 act_dim 37 rollout 24 x 1000 iterations, engine newton XPBD 4 it {'limit_margin': None, 'drive': 'solver', 'relaxation': 0.5, 'relaxation_angular': 0.4}, physics dt 0.000625 (decimation 32), seed 0
it    1 steps     98304 sps   29,701 | ep_ret   -5.75 ep_len   23.6 (n=5) | pg 0.004 vf 0.149 kl 0.0296 lr 1.3e-04
it    2 steps    196608 sps   35,450 | ep_ret   -5.90 ep_len   37.5 (n=3358) | pg -0.005 vf 3.583 kl 0.0090 lr 6.7e-04
[anomaly] it 2: contact force 31116 N > 50x robot weight
it    3 steps    294912 sps   37,810 | ep_ret   -6.06 ep_len   42.4 (n=1705) | pg -0.005 vf 1.522 kl 0.0138 lr 6.7e-04
[anomaly] it 3: contact force 30190 N > 50x robot weight
it    4 steps    393216 sps   39,068 | ep_ret   -6.03 ep_len   41.9 (n=2601) | pg -0.002 vf 1.621 kl 0.0118 lr 6.7e-04
[anomaly] it 4: contact force 31143 N > 50x robot weight
it    5 steps    491520 sps   39,843 | ep_ret   -5.98 ep_len   40.4 (n=2423) | pg 0.002 vf 1.480 kl 0.0148 lr 4.4e-04
[anomaly] it 5: contact force 46425 N > 50x robot weight
it    6 steps    589824 sps   40,360 | ep_ret   -6.02 ep_len   42.1 (n=2303) | pg -0.003 vf 1.066 kl 0.0102 lr 6.7e-04
[anomaly] it 6: contact force 38795 N > 50x robot weight
it    7 steps    688128 sps   40,740 | ep_ret   -5.96 ep_len   40.9 (n=2435) | pg -0.003 vf 0.934 kl 0.0138 lr 1.5e-03
[anomaly] it 7: contact force 30221 N > 50x robot weight
it    8 steps    786432 sps   41,019 | ep_ret   -5.98 ep_len   41.4 (n=2318) | pg -0.002 vf 0.665 kl 0.0143 lr 1.0e-03
[anomaly] it 8: contact force 34517 N > 50x robot weight
it    9 steps    884736 sps   41,233 | ep_ret   -5.97 ep_len   41.7 (n=2330) | pg -0.002 vf 0.497 kl 0.0139 lr 6.7e-04
[anomaly] it 9: contact force 29377 N > 50x robot weight
it   10 steps    983040 sps   41,396 | ep_ret   -5.96 ep_len   41.9 (n=2405) | pg -0.004 vf 0.417 kl 0.0131 lr 6.7e-04
[anomaly] it 10: contact force 30457 N > 50x robot weight
it   11 steps   1081344 sps   41,530 | ep_ret   -5.94 ep_len   42.0 (n=2280) | pg -0.000 vf 0.280 kl 0.0126 lr 4.4e-04
[anomaly] it 11: contact force 39520 N > 50x robot weight
it   12 steps   1179648 sps   41,646 | ep_ret   -5.92 ep_len   42.0 (n=2345) | pg -0.005 vf 0.211 kl 0.0109 lr 1.0e-03
[anomaly] it 12: contact force 29312 N > 50x robot weight
it   13 steps   1277952 sps   41,742 | ep_ret   -5.90 ep_len   42.4 (n=2329) | pg -0.006 vf 0.139 kl 0.0154 lr 1.5e-03
[anomaly] it 13: contact force 33994 N > 50x robot weight
it   14 steps   1376256 sps   41,823 | ep_ret   -5.86 ep_len   42.2 (n=2314) | pg -0.008 vf 0.083 kl 0.0145 lr 1.5e-03
[anomaly] it 14: contact force 29912 N > 50x robot weight
it   15 steps   1474560 sps   41,886 | ep_ret   -5.84 ep_len   42.6 (n=2251) | pg -0.011 vf 0.052 kl 0.0127 lr 1.0e-03
[anomaly] it 15: contact force 22528 N > 50x robot weight
it   16 steps   1572864 sps   41,935 | ep_ret   -5.82 ep_len   43.3 (n=2241) | pg -0.008 vf 0.039 kl 0.0133 lr 3.0e-04
[anomaly] it 16: contact force 27720 N > 50x robot weight
it   17 steps   1671168 sps   41,980 | ep_ret   -5.80 ep_len   44.2 (n=2202) | pg -0.013 vf 0.026 kl 0.0134 lr 1.0e-03
[anomaly] it 17: contact force 30723 N > 50x robot weight
it   18 steps   1769472 sps   42,022 | ep_ret   -5.76 ep_len   44.5 (n=2235) | pg -0.014 vf 0.016 kl 0.0137 lr 1.0e-03
[anomaly] it 18: contact force 39306 N > 50x robot weight
it   19 steps   1867776 sps   42,058 | ep_ret   -5.72 ep_len   44.5 (n=2184) | pg -0.015 vf 0.011 kl 0.0138 lr 1.0e-03
[anomaly] it 19: contact force 22395 N > 50x robot weight
it   20 steps   1966080 sps   42,089 | ep_ret   -5.68 ep_len   45.0 (n=2093) | pg -0.016 vf 0.010 kl 0.0148 lr 1.0e-03
[anomaly] it 20: contact force 37626 N > 50x robot weight
it   21 steps   2064384 sps   42,118 | ep_ret   -5.65 ep_len   46.0 (n=2148) | pg -0.014 vf 0.010 kl 0.0150 lr 1.0e-03
[anomaly] it 21: contact force 29881 N > 50x robot weight
it   22 steps   2162688 sps   42,143 | ep_ret   -5.60 ep_len   46.2 (n=2137) | pg -0.016 vf 0.010 kl 0.0152 lr 1.0e-03
[anomaly] it 22: contact force 24153 N > 50x robot weight
it   23 steps   2260992 sps   42,169 | ep_ret   -5.56 ep_len   46.6 (n=2037) | pg -0.014 vf 0.010 kl 0.0174 lr 1.0e-03
[anomaly] it 23: contact force 28670 N > 50x robot weight
it   24 steps   2359296 sps   42,190 | ep_ret   -5.53 ep_len   47.4 (n=2058) | pg -0.014 vf 0.010 kl 0.0172 lr 1.5e-03
[anomaly] it 24: contact force 36743 N > 50x robot weight
it   25 steps   2457600 sps   42,209 | ep_ret   -5.51 ep_len   48.2 (n=2019) | pg -0.015 vf 0.010 kl 0.0171 lr 1.5e-03
[anomaly] it 25: contact force 24202 N > 50x robot weight
it   26 steps   2555904 sps   42,226 | ep_ret   -5.47 ep_len   48.4 (n=2010) | pg -0.014 vf 0.011 kl 0.0168 lr 1.5e-03
[anomaly] it 26: contact force 32226 N > 50x robot weight
it   27 steps   2654208 sps   42,242 | ep_ret   -5.45 ep_len   49.1 (n=1977) | pg -0.014 vf 0.011 kl 0.0185 lr 1.5e-03
[anomaly] it 27: contact force 44895 N > 50x robot weight
it   28 steps   2752512 sps   42,256 | ep_ret   -5.43 ep_len   49.5 (n=1973) | pg -0.014 vf 0.011 kl 0.0166 lr 1.5e-03
[anomaly] it 28: contact force 22248 N > 50x robot weight
it   29 steps   2850816 sps   42,272 | ep_ret   -5.41 ep_len   50.3 (n=1926) | pg -0.014 vf 0.011 kl 0.0172 lr 6.7e-04
[anomaly] it 29: terminal-step reward dominates the episode: survival is being punished
[anomaly] it 29: contact force 17817 N > 50x robot weight
it   30 steps   2949120 sps   42,288 | ep_ret   -5.37 ep_len   50.0 (n=1999) | pg -0.014 vf 0.011 kl 0.0167 lr 1.0e-03
[anomaly] it 30: terminal-step reward dominates the episode: survival is being punished
[anomaly] it 30: contact force 27093 N > 50x robot weight
it   31 steps   3047424 sps   42,300 | ep_ret   -5.35 ep_len   50.6 (n=1924) | pg -0.013 vf 0.011 kl 0.0171 lr 1.5e-03
[anomaly] it 31: terminal-step reward dominates the episode: survival is being punished
[anomaly] it 31: contact force 31376 N > 50x robot weight
it   32 steps   3145728 sps   42,310 | ep_ret   -5.33 ep_len   50.9 (n=1871) | pg -0.014 vf 0.011 kl 0.0160 lr 6.7e-04
[anomaly] it 32: terminal-step reward dominates the episode: survival is being punished
[anomaly] it 32: contact force 20543 N > 50x robot weight
it   33 steps   3244032 sps   42,319 | ep_ret   -5.32 ep_len   51.3 (n=1901) | pg -0.014 vf 0.012 kl 0.0142 lr 1.0e-03
[anomaly] it 33: terminal-step reward dominates the episode: survival is being punished
[anomaly] it 33: contact force 26503 N > 50x robot weight
it   34 steps   3342336 sps   42,328 | ep_ret   -5.30 ep_len   52.2 (n=1863) | pg -0.014 vf 0.011 kl 0.0164 lr 6.7e-04
[anomaly] it 34: terminal-step reward dominates the episode: survival is being punished
[anomaly] it 34: contact force 23517 N > 50x robot weight
it   35 steps   3440640 sps   42,336 | ep_ret   -5.28 ep_len   52.2 (n=1891) | pg -0.013 vf 0.011 kl 0.0146 lr 1.0e-03
[anomaly] it 35: terminal-step reward dominates the episode: survival is being punished
[anomaly] it 35: contact force 17753 N > 50x robot weight
it   36 steps   3538944 sps   42,343 | ep_ret   -5.26 ep_len   52.7 (n=1800) | pg -0.015 vf 0.011 kl 0.0155 lr 6.7e-04
[anomaly] it 36: terminal-step reward dominates the episode: survival is being punished
[anomaly] it 36: contact force 17471 N > 50x robot weight
it   37 steps   3637248 sps   42,350 | ep_ret   -5.25 ep_len   53.5 (n=1892) | pg -0.014 vf 0.011 kl 0.0144 lr 1.0e-03
[anomaly] it 37: terminal-step reward dominates the episode: survival is being punished
[anomaly] it 37: contact force 20511 N > 50x robot weight
it   38 steps   3735552 sps   42,357 | ep_ret   -5.23 ep_len   53.7 (n=1791) | pg -0.015 vf 0.011 kl 0.0156 lr 6.7e-04
[anomaly] it 38: terminal-step reward dominates the episode: survival is being punished
[anomaly] it 38: contact force 20091 N > 50x robot weight
it   39 steps   3833856 sps   42,362 | ep_ret   -5.22 ep_len   53.8 (n=1782) | pg -0.013 vf 0.010 kl 0.0150 lr 1.0e-03
[anomaly] it 39: terminal-step reward dominates the episode: survival is being punished
[anomaly] it 39: contact force 20387 N > 50x robot weight
it   40 steps   3932160 sps   42,366 | ep_ret   -5.21 ep_len   55.0 (n=1804) | pg -0.013 vf 0.012 kl 0.0155 lr 1.0e-03
[anomaly] it 40: terminal-step reward dominates the episode: survival is being punished
[anomaly] it 40: contact force 20937 N > 50x robot weight
it   41 steps   4030464 sps   42,371 | ep_ret   -5.18 ep_len   54.8 (n=1738) | pg -0.013 vf 0.011 kl 0.0154 lr 1.0e-03
[anomaly] it 41: terminal-step reward dominates the episode: survival is being punished
[anomaly] it 41: contact force 20746 N > 50x robot weight
it   42 steps   4128768 sps   42,375 | ep_ret   -5.17 ep_len   55.8 (n=1755) | pg -0.013 vf 0.011 kl 0.0158 lr 1.0e-03
[anomaly] it 42: terminal-step reward dominates the episode: survival is being punished
[anomaly] it 42: contact force 23044 N > 50x robot weight
it   43 steps   4227072 sps   42,378 | ep_ret   -5.14 ep_len   55.8 (n=1744) | pg -0.014 vf 0.011 kl 0.0168 lr 1.0e-03
[anomaly] it 43: terminal-step reward dominates the episode: survival is being punished
[anomaly] it 43: contact force 21084 N > 50x robot weight
it   44 steps   4325376 sps   42,380 | ep_ret   -5.13 ep_len   56.4 (n=1690) | pg -0.012 vf 0.010 kl 0.0172 lr 1.0e-03
[anomaly] it 44: terminal-step reward dominates the episode: survival is being punished
[anomaly] it 44: contact force 24136 N > 50x robot weight
it   45 steps   4423680 sps   42,356 | ep_ret   -5.11 ep_len   57.0 (n=1777) | pg -0.013 vf 0.011 kl 0.0163 lr 6.7e-04
[anomaly] it 45: terminal-step reward dominates the episode: survival is being punished
[anomaly] it 45: contact force 25061 N > 50x robot weight
it   46 steps   4521984 sps   42,305 | ep_ret   -5.09 ep_len   57.2 (n=1673) | pg -0.013 vf 0.010 kl 0.0178 lr 6.7e-04
[anomaly] it 46: terminal-step reward dominates the episode: survival is being punished
[anomaly] it 46: contact force 31483 N > 50x robot weight
it   47 steps   4620288 sps   42,304 | ep_ret   -5.08 ep_len   57.7 (n=1700) | pg -0.013 vf 0.010 kl 0.0157 lr 1.0e-03
[anomaly] it 47: terminal-step reward dominates the episode: survival is being punished
[anomaly] it 47: contact force 22794 N > 50x robot weight
it   48 steps   4718592 sps   42,306 | ep_ret   -5.07 ep_len   58.2 (n=1648) | pg -0.014 vf 0.010 kl 0.0168 lr 1.0e-03
[anomaly] it 48: terminal-step reward dominates the episode: survival is being punished
[anomaly] it 48: contact force 22850 N > 50x robot weight
it   49 steps   4816896 sps   42,309 | ep_ret   -5.05 ep_len   58.6 (n=1690) | pg -0.014 vf 0.011 kl 0.0170 lr 6.7e-04
[anomaly] it 49: terminal-step reward dominates the episode: survival is being punished
[anomaly] it 49: contact force 19285 N > 50x robot weight
it   50 steps   4915200 sps   42,309 | ep_ret   -5.04 ep_len   58.8 (n=1642) | pg -0.014 vf 0.010 kl 0.0165 lr 1.0e-03
[anomaly] it 50: terminal-step reward dominates the episode: survival is being punished
[anomaly] it 50: contact force 25012 N > 50x robot weight
it   51 steps   5013504 sps   42,305 | ep_ret   -5.02 ep_len   58.9 (n=1639) | pg -0.012 vf 0.010 kl 0.0165 lr 1.0e-03
[anomaly] it 51: terminal-step reward dominates the episode: survival is being punished
[anomaly] it 51: contact force 24539 N > 50x robot weight
it   52 steps   5111808 sps   42,305 | ep_ret   -5.01 ep_len   59.4 (n=1722) | pg -0.012 vf 0.010 kl 0.0161 lr 1.0e-03
[anomaly] it 52: terminal-step reward dominates the episode: survival is being punished
[anomaly] it 52: contact force 27314 N > 50x robot weight
it   53 steps   5210112 sps   42,277 | ep_ret   -5.00 ep_len   59.9 (n=1563) | pg -0.013 vf 0.010 kl 0.0170 lr 1.0e-03
[anomaly] it 53: terminal-step reward dominates the episode: survival is being punished
[anomaly] it 53: contact force 21813 N > 50x robot weight
it   54 steps   5308416 sps   42,272 | ep_ret   -4.98 ep_len   59.9 (n=1610) | pg -0.013 vf 0.011 kl 0.0175 lr 1.0e-03
[anomaly] it 54: terminal-step reward dominates the episode: survival is being punished
[anomaly] it 54: contact force 22713 N > 50x robot weight
it   55 steps   5406720 sps   42,274 | ep_ret   -4.99 ep_len   60.9 (n=1635) | pg -0.012 vf 0.012 kl 0.0166 lr 1.0e-03
[anomaly] it 55: terminal-step reward dominates the episode: survival is being punished
[anomaly] it 55: contact force 36575 N > 50x robot weight
it   56 steps   5505024 sps   42,275 | ep_ret   -4.97 ep_len   60.8 (n=1579) | pg -0.013 vf 0.012 kl 0.0171 lr 1.0e-03
[anomaly] it 56: terminal-step reward dominates the episode: survival is being punished
[anomaly] it 56: contact force 35154 N > 50x robot weight
it   57 steps   5603328 sps   42,257 | ep_ret   -4.97 ep_len   61.4 (n=1571) | pg -0.013 vf 0.012 kl 0.0159 lr 6.7e-04
[anomaly] it 57: terminal-step reward dominates the episode: survival is being punished
[anomaly] it 57: contact force 20490 N > 50x robot weight
it   58 steps   5701632 sps   42,247 | ep_ret   -4.97 ep_len   63.0 (n=1565) | pg -0.012 vf 0.011 kl 0.0163 lr 1.0e-03
[anomaly] it 58: terminal-step reward dominates the episode: survival is being punished
[anomaly] it 58: contact force 25704 N > 50x robot weight
it   59 steps   5799936 sps   42,245 | ep_ret   -4.97 ep_len   62.8 (n=1575) | pg -0.013 vf 0.011 kl 0.0167 lr 6.7e-04
[anomaly] it 59: terminal-step reward dominates the episode: survival is being punished
[anomaly] it 59: contact force 28865 N > 50x robot weight
it   60 steps   5898240 sps   42,232 | ep_ret   -4.94 ep_len   62.7 (n=1526) | pg -0.013 vf 0.011 kl 0.0159 lr 6.7e-04
[anomaly] it 60: terminal-step reward dominates the episode: survival is being punished
[anomaly] it 60: contact force 32659 N > 50x robot weight
it   61 steps   5996544 sps   42,210 | ep_ret   -4.93 ep_len   62.8 (n=1560) | pg -0.012 vf 0.011 kl 0.0170 lr 1.0e-03
[anomaly] it 61: terminal-step reward dominates the episode: survival is being punished
[anomaly] it 61: contact force 34228 N > 50x robot weight
it   62 steps   6094848 sps   42,196 | ep_ret   -4.94 ep_len   63.5 (n=1531) | pg -0.013 vf 0.011 kl 0.0171 lr 1.0e-03
[anomaly] it 62: terminal-step reward dominates the episode: survival is being punished
[anomaly] it 62: contact force 28606 N > 50x robot weight
it   63 steps   6193152 sps   42,192 | ep_ret   -4.93 ep_len   63.5 (n=1529) | pg -0.012 vf 0.011 kl 0.0175 lr 1.0e-03
[anomaly] it 63: terminal-step reward dominates the episode: survival is being punished
[anomaly] it 63: contact force 42421 N > 50x robot weight
it   64 steps   6291456 sps   42,168 | ep_ret   -4.92 ep_len   64.8 (n=1484) | pg -0.012 vf 0.011 kl 0.0169 lr 1.0e-03
[anomaly] it 64: terminal-step reward dominates the episode: survival is being punished
[anomaly] it 64: contact force 29883 N > 50x robot weight
it   65 steps   6389760 sps   42,142 | ep_ret   -4.92 ep_len   65.0 (n=1534) | pg -0.013 vf 0.012 kl 0.0166 lr 1.0e-03
[anomaly] it 65: terminal-step reward dominates the episode: survival is being punished
[anomaly] it 65: contact force 29213 N > 50x robot weight
it   66 steps   6488064 sps   42,131 | ep_ret   -4.92 ep_len   65.2 (n=1468) | pg -0.011 vf 0.012 kl 0.0179 lr 1.0e-03
[anomaly] it 66: terminal-step reward dominates the episode: survival is being punished
[anomaly] it 66: contact force 27024 N > 50x robot weight
it   67 steps   6586368 sps   42,119 | ep_ret   -4.94 ep_len   66.0 (n=1471) | pg -0.012 vf 0.012 kl 0.0174 lr 6.7e-04
[anomaly] it 67: terminal-step reward dominates the episode: survival is being punished
[anomaly] it 67: contact force 28487 N > 50x robot weight
it   68 steps   6684672 sps   42,096 | ep_ret   -4.93 ep_len   66.9 (n=1492) | pg -0.013 vf 0.012 kl 0.0152 lr 1.0e-03
[anomaly] it 68: terminal-step reward dominates the episode: survival is being punished
[anomaly] it 68: contact force 40181 N > 50x robot weight
it   69 steps   6782976 sps   42,070 | ep_ret   -4.92 ep_len   66.6 (n=1455) | pg -0.012 vf 0.012 kl 0.0180 lr 6.7e-04
[anomaly] it 69: terminal-step reward dominates the episode: survival is being punished
[anomaly] it 69: contact force 27650 N > 50x robot weight
it   70 steps   6881280 sps   42,048 | ep_ret   -4.93 ep_len   67.0 (n=1441) | pg -0.012 vf 0.012 kl 0.0158 lr 6.7e-04
[anomaly] it 70: terminal-step reward dominates the episode: survival is being punished
[anomaly] it 70: contact force 43543 N > 50x robot weight
it   71 steps   6979584 sps   42,021 | ep_ret   -4.92 ep_len   67.7 (n=1416) | pg -0.013 vf 0.012 kl 0.0180 lr 6.7e-04
[anomaly] it 71: terminal-step reward dominates the episode: survival is being punished
[anomaly] it 71: contact force 26182 N > 50x robot weight
it   72 steps   7077888 sps   41,990 | ep_ret   -4.91 ep_len   68.6 (n=1436) | pg -0.012 vf 0.012 kl 0.0152 lr 6.7e-04
[anomaly] it 72: terminal-step reward dominates the episode: survival is being punished
[anomaly] it 72: contact force 23842 N > 50x robot weight
it   73 steps   7176192 sps   41,964 | ep_ret   -4.91 ep_len   68.4 (n=1411) | pg -0.012 vf 0.012 kl 0.0163 lr 6.7e-04
[anomaly] it 73: terminal-step reward dominates the episode: survival is being punished
[anomaly] it 73: contact force 22896 N > 50x robot weight
it   74 steps   7274496 sps   41,941 | ep_ret   -4.92 ep_len   69.0 (n=1428) | pg -0.012 vf 0.013 kl 0.0158 lr 4.4e-04
[anomaly] it 74: terminal-step reward dominates the episode: survival is being punished
[anomaly] it 74: contact force 38855 N > 50x robot weight
it   75 steps   7372800 sps   41,917 | ep_ret   -4.91 ep_len   69.3 (n=1426) | pg -0.013 vf 0.013 kl 0.0164 lr 6.7e-04
[anomaly] it 75: terminal-step reward dominates the episode: survival is being punished
[anomaly] it 75: contact force 24069 N > 50x robot weight
it   76 steps   7471104 sps   41,893 | ep_ret   -4.91 ep_len   70.2 (n=1333) | pg -0.013 vf 0.014 kl 0.0159 lr 4.4e-04
[anomaly] it 76: terminal-step reward dominates the episode: survival is being punished
[anomaly] it 76: contact force 25305 N > 50x robot weight
it   77 steps   7569408 sps   41,869 | ep_ret   -4.91 ep_len   70.7 (n=1404) | pg -0.012 vf 0.013 kl 0.0147 lr 6.7e-04
[anomaly] it 77: terminal-step reward dominates the episode: survival is being punished
[anomaly] it 77: contact force 31418 N > 50x robot weight
it   78 steps   7667712 sps   41,832 | ep_ret   -4.90 ep_len   71.2 (n=1330) | pg -0.012 vf 0.014 kl 0.0175 lr 6.7e-04
[anomaly] it 78: terminal-step reward dominates the episode: survival is being punished
[anomaly] it 78: contact force 20883 N > 50x robot weight
it   79 steps   7766016 sps   41,805 | ep_ret   -4.91 ep_len   71.8 (n=1393) | pg -0.012 vf 0.013 kl 0.0155 lr 6.7e-04
[anomaly] it 79: terminal-step reward dominates the episode: survival is being punished
[anomaly] it 79: contact force 27301 N > 50x robot weight
it   80 steps   7864320 sps   41,784 | ep_ret   -4.88 ep_len   71.9 (n=1336) | pg -0.013 vf 0.014 kl 0.0159 lr 6.7e-04
[anomaly] it 80: terminal-step reward dominates the episode: survival is being punished
[anomaly] it 80: contact force 26112 N > 50x robot weight
it   81 steps   7962624 sps   41,764 | ep_ret   -4.88 ep_len   71.8 (n=1361) | pg -0.012 vf 0.014 kl 0.0155 lr 6.7e-04
[anomaly] it 81: terminal-step reward dominates the episode: survival is being punished
[anomaly] it 81: contact force 48526 N > 50x robot weight
it   82 steps   8060928 sps   41,744 | ep_ret   -4.90 ep_len   72.9 (n=1364) | pg -0.013 vf 0.015 kl 0.0170 lr 6.7e-04
[anomaly] it 82: terminal-step reward dominates the episode: survival is being punished
[anomaly] it 82: contact force 42411 N > 50x robot weight
it   83 steps   8159232 sps   41,724 | ep_ret   -4.89 ep_len   73.3 (n=1253) | pg -0.012 vf 0.015 kl 0.0176 lr 6.7e-04
[anomaly] it 83: terminal-step reward dominates the episode: survival is being punished
[anomaly] it 83: contact force 28211 N > 50x robot weight
it   84 steps   8257536 sps   41,705 | ep_ret   -4.89 ep_len   73.7 (n=1372) | pg -0.012 vf 0.014 kl 0.0156 lr 6.7e-04
[anomaly] it 84: terminal-step reward dominates the episode: survival is being punished
[anomaly] it 84: contact force 16897 N > 50x robot weight
it   85 steps   8355840 sps   41,688 | ep_ret   -4.90 ep_len   74.3 (n=1309) | pg -0.013 vf 0.014 kl 0.0162 lr 6.7e-04
[anomaly] it 85: terminal-step reward dominates the episode: survival is being punished
[anomaly] it 85: contact force 36656 N > 50x robot weight
it   86 steps   8454144 sps   41,669 | ep_ret   -4.90 ep_len   74.8 (n=1261) | pg -0.011 vf 0.015 kl 0.0155 lr 6.7e-04
[anomaly] it 86: terminal-step reward dominates the episode: survival is being punished
[anomaly] it 86: contact force 27382 N > 50x robot weight
it   87 steps   8552448 sps   41,651 | ep_ret   -4.90 ep_len   75.5 (n=1305) | pg -0.012 vf 0.014 kl 0.0180 lr 4.4e-04
[anomaly] it 87: terminal-step reward dominates the episode: survival is being punished
[anomaly] it 87: contact force 29436 N > 50x robot weight
it   88 steps   8650752 sps   41,635 | ep_ret   -4.88 ep_len   75.8 (n=1291) | pg -0.013 vf 0.015 kl 0.0172 lr 6.7e-04
[anomaly] it 88: terminal-step reward dominates the episode: survival is being punished
[anomaly] it 88: contact force 33608 N > 50x robot weight
it   89 steps   8749056 sps   41,622 | ep_ret   -4.89 ep_len   76.4 (n=1259) | pg -0.013 vf 0.015 kl 0.0153 lr 6.7e-04
[anomaly] it 89: terminal-step reward dominates the episode: survival is being punished
[anomaly] it 89: contact force 36878 N > 50x robot weight
it   90 steps   8847360 sps   41,608 | ep_ret   -4.89 ep_len   77.1 (n=1262) | pg -0.013 vf 0.015 kl 0.0167 lr 6.7e-04
[anomaly] it 90: terminal-step reward dominates the episode: survival is being punished
[anomaly] it 90: contact force 29257 N > 50x robot weight
it   91 steps   8945664 sps   41,596 | ep_ret   -4.88 ep_len   77.3 (n=1279) | pg -0.012 vf 0.016 kl 0.0176 lr 6.7e-04
[anomaly] it 91: terminal-step reward dominates the episode: survival is being punished
[anomaly] it 91: contact force 28360 N > 50x robot weight
it   92 steps   9043968 sps   41,585 | ep_ret   -4.88 ep_len   77.8 (n=1236) | pg -0.012 vf 0.016 kl 0.0154 lr 4.4e-04
[anomaly] it 92: terminal-step reward dominates the episode: survival is being punished
[anomaly] it 92: contact force 20203 N > 50x robot weight
it   93 steps   9142272 sps   41,575 | ep_ret   -4.89 ep_len   78.7 (n=1231) | pg -0.012 vf 0.015 kl 0.0169 lr 6.7e-04
[anomaly] it 93: terminal-step reward dominates the episode: survival is being punished
[anomaly] it 93: contact force 33056 N > 50x robot weight
it   94 steps   9240576 sps   41,565 | ep_ret   -4.88 ep_len   78.7 (n=1222) | pg -0.013 vf 0.016 kl 0.0167 lr 4.4e-04
[anomaly] it 94: terminal-step reward dominates the episode: survival is being punished
[anomaly] it 94: contact force 36499 N > 50x robot weight
it   95 steps   9338880 sps   41,544 | ep_ret   -4.90 ep_len   80.6 (n=1197) | pg -0.013 vf 0.017 kl 0.0162 lr 6.7e-04
[anomaly] it 95: terminal-step reward dominates the episode: survival is being punished
[anomaly] it 95: contact force 29650 N > 50x robot weight
it   96 steps   9437184 sps   41,520 | ep_ret   -4.91 ep_len   80.0 (n=1220) | pg -0.013 vf 0.017 kl 0.0170 lr 6.7e-04
[anomaly] it 96: terminal-step reward dominates the episode: survival is being punished
[anomaly] it 96: contact force 25575 N > 50x robot weight
it   97 steps   9535488 sps   41,509 | ep_ret   -4.89 ep_len   81.3 (n=1143) | pg -0.011 vf 0.017 kl 0.0148 lr 6.7e-04
[anomaly] it 97: terminal-step reward dominates the episode: survival is being punished
[anomaly] it 97: contact force 28976 N > 50x robot weight
it   98 steps   9633792 sps   41,505 | ep_ret   -4.91 ep_len   82.0 (n=1238) | pg -0.012 vf 0.018 kl 0.0145 lr 6.7e-04
[anomaly] it 98: terminal-step reward dominates the episode: survival is being punished
[anomaly] it 98: contact force 29041 N > 50x robot weight
it   99 steps   9732096 sps   41,504 | ep_ret   -4.91 ep_len   83.2 (n=1160) | pg -0.013 vf 0.017 kl 0.0171 lr 6.7e-04
[anomaly] it 99: terminal-step reward dominates the episode: survival is being punished
[anomaly] it 99: contact force 31380 N > 50x robot weight
it  100 steps   9830400 sps   41,503 | ep_ret   -4.91 ep_len   83.0 (n=1186) | pg -0.012 vf 0.017 kl 0.0151 lr 6.7e-04
[anomaly] it 100: terminal-step reward dominates the episode: survival is being punished
[anomaly] it 100: contact force 22073 N > 50x robot weight
it  101 steps   9928704 sps   41,502 | ep_ret   -4.90 ep_len   83.2 (n=1166) | pg -0.012 vf 0.018 kl 0.0178 lr 4.4e-04
[anomaly] it 101: terminal-step reward dominates the episode: survival is being punished
[anomaly] it 101: contact force 43071 N > 50x robot weight
it  102 steps  10027008 sps   41,502 | ep_ret   -4.90 ep_len   85.0 (n=1092) | pg -0.012 vf 0.018 kl 0.0169 lr 6.7e-04
[anomaly] it 102: terminal-step reward dominates the episode: survival is being punished
[anomaly] it 102: contact force 24487 N > 50x robot weight
it  103 steps  10125312 sps   41,498 | ep_ret   -4.92 ep_len   85.3 (n=1160) | pg -0.013 vf 0.019 kl 0.0166 lr 4.4e-04
[anomaly] it 103: terminal-step reward dominates the episode: survival is being punished
[anomaly] it 103: contact force 25419 N > 50x robot weight
it  104 steps  10223616 sps   41,490 | ep_ret   -4.92 ep_len   85.8 (n=1104) | pg -0.012 vf 0.019 kl 0.0170 lr 6.7e-04
[anomaly] it 104: terminal-step reward dominates the episode: survival is being punished
[anomaly] it 104: contact force 30784 N > 50x robot weight
it  105 steps  10321920 sps   41,491 | ep_ret   -4.94 ep_len   87.7 (n=1072) | pg -0.012 vf 0.019 kl 0.0161 lr 6.7e-04
[anomaly] it 105: terminal-step reward dominates the episode: survival is being punished
[anomaly] it 105: contact force 24414 N > 50x robot weight
it  106 steps  10420224 sps   41,491 | ep_ret   -4.92 ep_len   87.7 (n=1106) | pg -0.013 vf 0.019 kl 0.0167 lr 4.4e-04
[anomaly] it 106: terminal-step reward dominates the episode: survival is being punished
[anomaly] it 106: contact force 22818 N > 50x robot weight
it  107 steps  10518528 sps   41,493 | ep_ret   -4.93 ep_len   88.9 (n=1137) | pg -0.012 vf 0.019 kl 0.0167 lr 6.7e-04
[anomaly] it 107: terminal-step reward dominates the episode: survival is being punished
[anomaly] it 107: contact force 32238 N > 50x robot weight
it  108 steps  10616832 sps   41,496 | ep_ret   -4.96 ep_len   89.8 (n=1056) | pg -0.012 vf 0.021 kl 0.0166 lr 4.4e-04
[anomaly] it 108: terminal-step reward dominates the episode: survival is being punished
[anomaly] it 108: contact force 31679 N > 50x robot weight
it  109 steps  10715136 sps   41,498 | ep_ret   -4.96 ep_len   91.5 (n=986) | pg -0.012 vf 0.020 kl 0.0166 lr 6.7e-04
[anomaly] it 109: terminal-step reward dominates the episode: survival is being punished
[anomaly] it 109: contact force 16484 N > 50x robot weight
it  110 steps  10813440 sps   41,505 | ep_ret   -4.94 ep_len   91.3 (n=1096) | pg -0.012 vf 0.021 kl 0.0162 lr 4.4e-04
[anomaly] it 110: terminal-step reward dominates the episode: survival is being punished
[anomaly] it 110: contact force 27231 N > 50x robot weight
it  111 steps  10911744 sps   41,505 | ep_ret   -4.97 ep_len   93.1 (n=1008) | pg -0.012 vf 0.022 kl 0.0175 lr 6.7e-04
[anomaly] it 111: terminal-step reward dominates the episode: survival is being punished
[anomaly] it 111: contact force 25214 N > 50x robot weight
it  112 steps  11010048 sps   41,500 | ep_ret   -4.98 ep_len   95.5 (n=966) | pg -0.012 vf 0.022 kl 0.0169 lr 4.4e-04
[anomaly] it 112: terminal-step reward dominates the episode: survival is being punished
[anomaly] it 112: contact force 23028 N > 50x robot weight
it  113 steps  11108352 sps   41,468 | ep_ret   -5.01 ep_len   95.6 (n=991) | pg -0.013 vf 0.022 kl 0.0161 lr 4.4e-04
[anomaly] it 113: terminal-step reward dominates the episode: survival is being punished
[anomaly] it 113: contact force 24077 N > 50x robot weight
it  114 steps  11206656 sps   41,448 | ep_ret   -5.01 ep_len   96.6 (n=1040) | pg -0.012 vf 0.023 kl 0.0169 lr 4.4e-04
[anomaly] it 114: terminal-step reward dominates the episode: survival is being punished
it  115 steps  11304960 sps   41,434 | ep_ret   -5.02 ep_len   98.6 (n=940) | pg -0.012 vf 0.023 kl 0.0160 lr 4.4e-04
[anomaly] it 115: terminal-step reward dominates the episode: survival is being punished
[anomaly] it 115: contact force 18832 N > 50x robot weight
it  116 steps  11403264 sps   41,405 | ep_ret   -5.03 ep_len   98.7 (n=978) | pg -0.013 vf 0.024 kl 0.0161 lr 4.4e-04
[anomaly] it 116: terminal-step reward dominates the episode: survival is being punished
[anomaly] it 116: contact force 34494 N > 50x robot weight
it  117 steps  11501568 sps   41,377 | ep_ret   -5.02 ep_len  100.0 (n=957) | pg -0.013 vf 0.024 kl 0.0160 lr 6.7e-04
[anomaly] it 117: terminal-step reward dominates the episode: survival is being punished
[anomaly] it 117: contact force 37554 N > 50x robot weight
it  118 steps  11599872 sps   41,356 | ep_ret   -5.06 ep_len  101.2 (n=920) | pg -0.012 vf 0.025 kl 0.0164 lr 4.4e-04
[anomaly] it 118: terminal-step reward dominates the episode: survival is being punished
[anomaly] it 118: contact force 29697 N > 50x robot weight
it  119 steps  11698176 sps   41,332 | ep_ret   -5.08 ep_len  104.6 (n=880) | pg -0.011 vf 0.025 kl 0.0168 lr 6.7e-04
[anomaly] it 119: terminal-step reward dominates the episode: survival is being punished
[anomaly] it 119: contact force 27830 N > 50x robot weight
it  120 steps  11796480 sps   41,325 | ep_ret   -5.06 ep_len  104.5 (n=912) | pg -0.012 vf 0.025 kl 0.0174 lr 6.7e-04
[anomaly] it 120: terminal-step reward dominates the episode: survival is being punished
[anomaly] it 120: contact force 43539 N > 50x robot weight
it  121 steps  11894784 sps   41,335 | ep_ret   -5.09 ep_len  104.8 (n=933) | pg -0.011 vf 0.024 kl 0.0168 lr 6.7e-04
[anomaly] it 121: terminal-step reward dominates the episode: survival is being punished
[anomaly] it 121: contact force 25930 N > 50x robot weight
it  122 steps  11993088 sps   41,331 | ep_ret   -5.10 ep_len  108.9 (n=868) | pg -0.013 vf 0.025 kl 0.0172 lr 6.7e-04
[anomaly] it 122: terminal-step reward dominates the episode: survival is being punished
[anomaly] it 122: contact force 24628 N > 50x robot weight
it  123 steps  12091392 sps   41,298 | ep_ret   -5.10 ep_len  107.6 (n=851) | pg -0.013 vf 0.027 kl 0.0156 lr 4.4e-04
[anomaly] it 123: terminal-step reward dominates the episode: survival is being punished
[anomaly] it 123: contact force 28510 N > 50x robot weight
it  124 steps  12189696 sps   41,278 | ep_ret   -5.12 ep_len  110.1 (n=870) | pg -0.012 vf 0.027 kl 0.0152 lr 4.4e-04
[anomaly] it 124: terminal-step reward dominates the episode: survival is being punished
[anomaly] it 124: contact force 27932 N > 50x robot weight
it  125 steps  12288000 sps   41,255 | ep_ret   -5.13 ep_len  110.7 (n=831) | pg -0.012 vf 0.029 kl 0.0170 lr 4.4e-04
[anomaly] it 125: terminal-step reward dominates the episode: survival is being punished
[anomaly] it 125: contact force 28404 N > 50x robot weight
it  126 steps  12386304 sps   41,230 | ep_ret   -5.15 ep_len  113.4 (n=772) | pg -0.012 vf 0.030 kl 0.0161 lr 6.7e-04
[anomaly] it 126: terminal-step reward dominates the episode: survival is being punished
[anomaly] it 126: contact force 21094 N > 50x robot weight
it  127 steps  12484608 sps   41,212 | ep_ret   -5.16 ep_len  116.0 (n=807) | pg -0.012 vf 0.031 kl 0.0168 lr 4.4e-04
[anomaly] it 127: terminal-step reward dominates the episode: survival is being punished
[anomaly] it 127: contact force 23845 N > 50x robot weight
it  128 steps  12582912 sps   41,211 | ep_ret   -5.18 ep_len  116.5 (n=768) | pg -0.011 vf 0.031 kl 0.0164 lr 4.4e-04
[anomaly] it 128: terminal-step reward dominates the episode: survival is being punished
[anomaly] it 128: contact force 40420 N > 50x robot weight
it  129 steps  12681216 sps   41,185 | ep_ret   -5.24 ep_len  122.4 (n=779) | pg -0.012 vf 0.032 kl 0.0162 lr 4.4e-04
[anomaly] it 129: terminal-step reward dominates the episode: survival is being punished
[anomaly] it 129: contact force 20220 N > 50x robot weight
it  130 steps  12779520 sps   41,162 | ep_ret   -5.25 ep_len  123.1 (n=725) | pg -0.011 vf 0.032 kl 0.0167 lr 4.4e-04
[anomaly] it 130: terminal-step reward dominates the episode: survival is being punished
[anomaly] it 130: contact force 28453 N > 50x robot weight
it  131 steps  12877824 sps   41,143 | ep_ret   -5.31 ep_len  128.1 (n=745) | pg -0.011 vf 0.033 kl 0.0165 lr 4.4e-04
[anomaly] it 131: terminal-step reward dominates the episode: survival is being punished
[anomaly] it 131: contact force 30463 N > 50x robot weight
it  132 steps  12976128 sps   41,135 | ep_ret   -5.30 ep_len  129.8 (n=727) | pg -0.011 vf 0.034 kl 0.0177 lr 4.4e-04
[anomaly] it 132: terminal-step reward dominates the episode: survival is being punished
[anomaly] it 132: contact force 21691 N > 50x robot weight
it  133 steps  13074432 sps   41,139 | ep_ret   -5.33 ep_len  130.8 (n=653) | pg -0.011 vf 0.036 kl 0.0162 lr 4.4e-04
[anomaly] it 133: terminal-step reward dominates the episode: survival is being punished
[anomaly] it 133: contact force 26942 N > 50x robot weight
it  134 steps  13172736 sps   41,147 | ep_ret   -5.33 ep_len  130.4 (n=657) | pg -0.010 vf 0.035 kl 0.0167 lr 4.4e-04
[anomaly] it 134: terminal-step reward dominates the episode: survival is being punished
[anomaly] it 134: contact force 22485 N > 50x robot weight
it  135 steps  13271040 sps   41,157 | ep_ret   -5.36 ep_len  130.8 (n=630) | pg -0.012 vf 0.035 kl 0.0174 lr 4.4e-04
[anomaly] it 135: terminal-step reward dominates the episode: survival is being punished
[anomaly] it 135: contact force 26743 N > 50x robot weight
it  136 steps  13369344 sps   41,166 | ep_ret   -5.47 ep_len  137.9 (n=644) | pg -0.011 vf 0.035 kl 0.0165 lr 4.4e-04
[anomaly] it 136: terminal-step reward dominates the episode: survival is being punished
[anomaly] it 136: contact force 15877 N > 50x robot weight
it  137 steps  13467648 sps   41,176 | ep_ret   -5.49 ep_len  148.2 (n=590) | pg -0.011 vf 0.036 kl 0.0162 lr 4.4e-04
[anomaly] it 137: terminal-step reward dominates the episode: survival is being punished
[anomaly] it 137: contact force 33325 N > 50x robot weight
it  138 steps  13565952 sps   41,185 | ep_ret   -5.51 ep_len  140.0 (n=548) | pg -0.011 vf 0.037 kl 0.0155 lr 4.4e-04
[anomaly] it 138: terminal-step reward dominates the episode: survival is being punished
[anomaly] it 138: returns fall as episodes lengthen (corr -0.64): the reward punishes survival
[anomaly] it 138: contact force 29558 N > 50x robot weight
it  139 steps  13664256 sps   41,194 | ep_ret   -5.53 ep_len  150.3 (n=498) | pg -0.012 vf 0.037 kl 0.0174 lr 3.0e-04
[anomaly] it 139: terminal-step reward dominates the episode: survival is being punished
[anomaly] it 139: returns fall as episodes lengthen (corr -0.70): the reward punishes survival
[anomaly] it 139: contact force 36996 N > 50x robot weight
it  140 steps  13762560 sps   41,203 | ep_ret   -5.61 ep_len  159.1 (n=590) | pg -0.013 vf 0.037 kl 0.0151 lr 6.7e-04
[anomaly] it 140: terminal-step reward dominates the episode: survival is being punished
[anomaly] it 140: returns fall as episodes lengthen (corr -0.75): the reward punishes survival
[anomaly] it 140: contact force 25379 N > 50x robot weight
it  141 steps  13860864 sps   41,212 | ep_ret   -5.62 ep_len  160.3 (n=496) | pg -0.010 vf 0.038 kl 0.0173 lr 4.4e-04
[anomaly] it 141: terminal-step reward dominates the episode: survival is being punished
[anomaly] it 141: returns fall as episodes lengthen (corr -0.79): the reward punishes survival
[anomaly] it 141: contact force 39484 N > 50x robot weight
it  142 steps  13959168 sps   41,220 | ep_ret   -5.73 ep_len  164.5 (n=496) | pg -0.012 vf 0.039 kl 0.0160 lr 4.4e-04
[anomaly] it 142: terminal-step reward dominates the episode: survival is being punished
[anomaly] it 142: returns fall as episodes lengthen (corr -0.83): the reward punishes survival
[anomaly] it 142: contact force 17953 N > 50x robot weight
it  143 steps  14057472 sps   41,229 | ep_ret   -5.78 ep_len  170.0 (n=438) | pg -0.011 vf 0.039 kl 0.0171 lr 6.7e-04
[anomaly] it 143: terminal-step reward dominates the episode: survival is being punished
[anomaly] it 143: returns fall as episodes lengthen (corr -0.86): the reward punishes survival
[anomaly] it 143: contact force 20786 N > 50x robot weight
it  144 steps  14155776 sps   41,237 | ep_ret   -5.76 ep_len  174.5 (n=449) | pg -0.012 vf 0.039 kl 0.0161 lr 4.4e-04
[anomaly] it 144: terminal-step reward dominates the episode: survival is being punished
[anomaly] it 144: returns fall as episodes lengthen (corr -0.88): the reward punishes survival
[anomaly] it 144: contact force 24399 N > 50x robot weight
it  145 steps  14254080 sps   41,245 | ep_ret   -5.87 ep_len  185.3 (n=399) | pg -0.012 vf 0.037 kl 0.0172 lr 6.7e-04
[anomaly] it 145: terminal-step reward dominates the episode: survival is being punished
[anomaly] it 145: returns fall as episodes lengthen (corr -0.90): the reward punishes survival
[anomaly] it 145: contact force 21097 N > 50x robot weight
it  146 steps  14352384 sps   41,253 | ep_ret   -5.82 ep_len  180.1 (n=377) | pg -0.009 vf 0.045 kl 0.0158 lr 4.4e-04
[anomaly] it 146: terminal-step reward dominates the episode: survival is being punished
[anomaly] it 146: returns fall as episodes lengthen (corr -0.92): the reward punishes survival
[anomaly] it 146: contact force 39075 N > 50x robot weight
it  147 steps  14450688 sps   41,262 | ep_ret   -5.94 ep_len  188.4 (n=370) | pg -0.011 vf 0.038 kl 0.0161 lr 4.4e-04
[anomaly] it 147: terminal-step reward dominates the episode: survival is being punished
[anomaly] it 147: returns fall as episodes lengthen (corr -0.93): the reward punishes survival
[anomaly] it 147: contact force 18814 N > 50x robot weight
it  148 steps  14548992 sps   41,270 | ep_ret   -6.01 ep_len  195.0 (n=326) | pg -0.012 vf 0.037 kl 0.0174 lr 4.4e-04
[anomaly] it 148: terminal-step reward dominates the episode: survival is being punished
[anomaly] it 148: returns fall as episodes lengthen (corr -0.94): the reward punishes survival
[anomaly] it 148: contact force 30034 N > 50x robot weight
it  149 steps  14647296 sps   41,278 | ep_ret   -6.03 ep_len  203.4 (n=323) | pg -0.011 vf 0.037 kl 0.0168 lr 4.4e-04
[anomaly] it 149: terminal-step reward dominates the episode: survival is being punished
[anomaly] it 149: returns fall as episodes lengthen (corr -0.95): the reward punishes survival
[anomaly] it 149: contact force 16844 N > 50x robot weight
it  150 steps  14745600 sps   41,286 | ep_ret   -6.14 ep_len  211.1 (n=294) | pg -0.012 vf 0.033 kl 0.0156 lr 4.4e-04
[anomaly] it 150: terminal-step reward dominates the episode: survival is being punished
[anomaly] it 150: returns fall as episodes lengthen (corr -0.96): the reward punishes survival
it  151 steps  14843904 sps   41,293 | ep_ret   -6.32 ep_len  226.7 (n=252) | pg -0.012 vf 0.032 kl 0.0167 lr 4.4e-04
[anomaly] it 151: terminal-step reward dominates the episode: survival is being punished
[anomaly] it 151: returns fall as episodes lengthen (corr -0.96): the reward punishes survival
[anomaly] it 151: contact force 26419 N > 50x robot weight
it  152 steps  14942208 sps   41,300 | ep_ret   -6.34 ep_len  235.9 (n=222) | pg -0.011 vf 0.030 kl 0.0154 lr 4.4e-04
[anomaly] it 152: terminal-step reward dominates the episode: survival is being punished
[anomaly] it 152: returns fall as episodes lengthen (corr -0.97): the reward punishes survival
it  153 steps  15040512 sps   41,307 | ep_ret   -6.42 ep_len  245.9 (n=225) | pg -0.011 vf 0.031 kl 0.0149 lr 4.4e-04
[anomaly] it 153: terminal-step reward dominates the episode: survival is being punished
[anomaly] it 153: returns fall as episodes lengthen (corr -0.98): the reward punishes survival
[anomaly] it 153: contact force 32252 N > 50x robot weight
it  154 steps  15138816 sps   41,314 | ep_ret   -6.58 ep_len  253.0 (n=190) | pg -0.011 vf 0.030 kl 0.0172 lr 4.4e-04
[anomaly] it 154: explained variance -0.06 < 0 after warm-up: value function not predicting returns
[anomaly] it 154: terminal-step reward dominates the episode: survival is being punished
[anomaly] it 154: returns fall as episodes lengthen (corr -0.98): the reward punishes survival
it  155 steps  15237120 sps   41,321 | ep_ret   -6.86 ep_len  272.2 (n=201) | pg -0.011 vf 0.029 kl 0.0175 lr 4.4e-04
[anomaly] it 155: terminal-step reward dominates the episode: survival is being punished
[anomaly] it 155: returns fall as episodes lengthen (corr -0.98): the reward punishes survival
it  156 steps  15335424 sps   41,329 | ep_ret   -6.66 ep_len  261.6 (n=169) | pg -0.011 vf 0.031 kl 0.0147 lr 4.4e-04
[anomaly] it 156: explained variance -0.06 < 0 after warm-up: value function not predicting returns
[anomaly] it 156: terminal-step reward dominates the episode: survival is being punished
[anomaly] it 156: returns fall as episodes lengthen (corr -0.98): the reward punishes survival
it  157 steps  15433728 sps   41,336 | ep_ret   -7.01 ep_len  288.1 (n=150) | pg -0.013 vf 0.027 kl 0.0161 lr 3.0e-04
[anomaly] it 157: explained variance -0.07 < 0 after warm-up: value function not predicting returns
[anomaly] it 157: terminal-step reward dominates the episode: survival is being punished
[anomaly] it 157: returns fall as episodes lengthen (corr -0.99): the reward punishes survival
it  158 steps  15532032 sps   41,343 | ep_ret   -7.14 ep_len  295.1 (n=133) | pg -0.013 vf 0.027 kl 0.0163 lr 4.4e-04
[anomaly] it 158: explained variance -0.15 < 0 after warm-up: value function not predicting returns
[anomaly] it 158: terminal-step reward dominates the episode: survival is being punished
[anomaly] it 158: returns fall as episodes lengthen (corr -0.99): the reward punishes survival
it  159 steps  15630336 sps   41,350 | ep_ret   -7.30 ep_len  320.4 (n=129) | pg -0.012 vf 0.027 kl 0.0170 lr 4.4e-04
[anomaly] it 159: explained variance -0.13 < 0 after warm-up: value function not predicting returns
[anomaly] it 159: terminal-step reward dominates the episode: survival is being punished
[anomaly] it 159: returns fall as episodes lengthen (corr -0.99): the reward punishes survival
[anomaly] it 159: contact force 16708 N > 50x robot weight
it  160 steps  15728640 sps   41,357 | ep_ret   -7.27 ep_len  323.8 (n=125) | pg -0.011 vf 0.027 kl 0.0157 lr 3.0e-04
[anomaly] it 160: explained variance -0.15 < 0 after warm-up: value function not predicting returns
[anomaly] it 160: terminal-step reward dominates the episode: survival is being punished
[anomaly] it 160: returns fall as episodes lengthen (corr -0.99): the reward punishes survival
it  161 steps  15826944 sps   41,364 | ep_ret   -7.17 ep_len  330.6 (n=117) | pg -0.011 vf 0.026 kl 0.0147 lr 3.0e-04
[anomaly] it 161: explained variance -0.19 < 0 after warm-up: value function not predicting returns
[anomaly] it 161: terminal-step reward dominates the episode: survival is being punished
[anomaly] it 161: returns fall as episodes lengthen (corr -0.99): the reward punishes survival
[anomaly] it 161: contact force 27422 N > 50x robot weight
it  162 steps  15925248 sps   41,370 | ep_ret   -7.91 ep_len  373.4 (n=111) | pg -0.012 vf 0.023 kl 0.0145 lr 4.4e-04
[anomaly] it 162: explained variance -0.21 < 0 after warm-up: value function not predicting returns
[anomaly] it 162: terminal-step reward dominates the episode: survival is being punished
[anomaly] it 162: returns fall as episodes lengthen (corr -0.99): the reward punishes survival
it  163 steps  16023552 sps   41,377 | ep_ret   -7.90 ep_len  382.5 (n=94) | pg -0.011 vf 0.027 kl 0.0158 lr 4.4e-04
[anomaly] it 163: explained variance -0.27 < 0 after warm-up: value function not predicting returns
[anomaly] it 163: terminal-step reward dominates the episode: survival is being punished
[anomaly] it 163: returns fall as episodes lengthen (corr -0.99): the reward punishes survival
it  164 steps  16121856 sps   41,383 | ep_ret   -7.95 ep_len  380.6 (n=87) | pg -0.011 vf 0.025 kl 0.0166 lr 3.0e-04
[anomaly] it 164: explained variance -0.62 < 0 after warm-up: value function not predicting returns
[anomaly] it 164: terminal-step reward dominates the episode: survival is being punished
[anomaly] it 164: returns fall as episodes lengthen (corr -0.99): the reward punishes survival
it  165 steps  16220160 sps   41,390 | ep_ret   -7.99 ep_len  406.0 (n=94) | pg -0.011 vf 0.024 kl 0.0145 lr 3.0e-04
[anomaly] it 165: explained variance -0.40 < 0 after warm-up: value function not predicting returns
[anomaly] it 165: terminal-step reward dominates the episode: survival is being punished
[anomaly] it 165: returns fall as episodes lengthen (corr -1.00): the reward punishes survival
it  166 steps  16318464 sps   41,396 | ep_ret   -8.03 ep_len  382.7 (n=78) | pg -0.012 vf 0.022 kl 0.0156 lr 4.4e-04
[anomaly] it 166: explained variance -0.79 < 0 after warm-up: value function not predicting returns
[anomaly] it 166: terminal-step reward dominates the episode: survival is being punished
[anomaly] it 166: returns fall as episodes lengthen (corr -1.00): the reward punishes survival
[anomaly] it 166: contact force 16043 N > 50x robot weight
it  167 steps  16416768 sps   41,402 | ep_ret   -8.28 ep_len  452.4 (n=88) | pg -0.011 vf 0.020 kl 0.0146 lr 4.4e-04
[anomaly] it 167: explained variance -0.44 < 0 after warm-up: value function not predicting returns
[anomaly] it 167: terminal-step reward dominates the episode: survival is being punished
[anomaly] it 167: returns fall as episodes lengthen (corr -1.00): the reward punishes survival
it  168 steps  16515072 sps   41,408 | ep_ret   -8.26 ep_len  459.6 (n=87) | pg -0.011 vf 0.021 kl 0.0152 lr 4.4e-04
[anomaly] it 168: explained variance -0.12 < 0 after warm-up: value function not predicting returns
[anomaly] it 168: terminal-step reward dominates the episode: survival is being punished
[anomaly] it 168: returns fall as episodes lengthen (corr -1.00): the reward punishes survival
it  169 steps  16613376 sps   41,415 | ep_ret   -8.66 ep_len  477.8 (n=52) | pg -0.011 vf 0.021 kl 0.0155 lr 4.4e-04
[anomaly] it 169: explained variance -0.87 < 0 after warm-up: value function not predicting returns
[anomaly] it 169: terminal-step reward dominates the episode: survival is being punished
[anomaly] it 169: returns fall as episodes lengthen (corr -1.00): the reward punishes survival
[anomaly] it 169: contact force 37822 N > 50x robot weight
it  170 steps  16711680 sps   41,421 | ep_ret   -8.47 ep_len  492.7 (n=78) | pg -0.010 vf 0.021 kl 0.0138 lr 3.0e-04
[anomaly] it 170: explained variance -0.29 < 0 after warm-up: value function not predicting returns
[anomaly] it 170: terminal-step reward dominates the episode: survival is being punished
[anomaly] it 170: returns fall as episodes lengthen (corr -1.00): the reward punishes survival
it  171 steps  16809984 sps   41,427 | ep_ret   -8.39 ep_len  482.1 (n=62) | pg -0.012 vf 0.017 kl 0.0168 lr 4.4e-04
[anomaly] it 171: explained variance -0.87 < 0 after warm-up: value function not predicting returns
[anomaly] it 171: terminal-step reward dominates the episode: survival is being punished
[anomaly] it 171: returns fall as episodes lengthen (corr -1.00): the reward punishes survival
it  172 steps  16908288 sps   41,432 | ep_ret   -8.69 ep_len  542.9 (n=72) | pg -0.010 vf 0.018 kl 0.0158 lr 4.4e-04
[anomaly] it 172: explained variance -0.51 < 0 after warm-up: value function not predicting returns
[anomaly] it 172: terminal-step reward dominates the episode: survival is being punished
[anomaly] it 172: returns fall as episodes lengthen (corr -1.00): the reward punishes survival
it  173 steps  17006592 sps   41,438 | ep_ret   -8.77 ep_len  607.6 (n=68) | pg -0.011 vf 0.017 kl 0.0173 lr 4.4e-04
[anomaly] it 173: explained variance -0.60 < 0 after warm-up: value function not predicting returns
[anomaly] it 173: terminal-step reward dominates the episode: survival is being punished
[anomaly] it 173: returns fall as episodes lengthen (corr -0.99): the reward punishes survival
it  174 steps  17104896 sps   41,444 | ep_ret   -8.64 ep_len  639.0 (n=71) | pg -0.011 vf 0.017 kl 0.0151 lr 4.4e-04
[anomaly] it 174: explained variance -0.85 < 0 after warm-up: value function not predicting returns
[anomaly] it 174: terminal-step reward dominates the episode: survival is being punished
[anomaly] it 174: returns fall as episodes lengthen (corr -0.99): the reward punishes survival
it  175 steps  17203200 sps   41,450 | ep_ret   -8.84 ep_len  651.3 (n=75) | pg -0.012 vf 0.016 kl 0.0149 lr 4.4e-04
[anomaly] it 175: explained variance -0.52 < 0 after warm-up: value function not predicting returns
[anomaly] it 175: terminal-step reward dominates the episode: survival is being punished
[anomaly] it 175: returns fall as episodes lengthen (corr -0.98): the reward punishes survival
it  176 steps  17301504 sps   41,456 | ep_ret   -8.94 ep_len  646.2 (n=69) | pg -0.012 vf 0.016 kl 0.0152 lr 4.4e-04
[anomaly] it 176: explained variance -0.71 < 0 after warm-up: value function not predicting returns
[anomaly] it 176: terminal-step reward dominates the episode: survival is being punished
[anomaly] it 176: returns fall as episodes lengthen (corr -0.98): the reward punishes survival
it  177 steps  17399808 sps   41,461 | ep_ret   -9.46 ep_len  768.0 (n=64) | pg -0.010 vf 0.016 kl 0.0153 lr 4.4e-04
[anomaly] it 177: explained variance -1.54 < 0 after warm-up: value function not predicting returns
[anomaly] it 177: terminal-step reward dominates the episode: survival is being punished
[anomaly] it 177: returns fall as episodes lengthen (corr -0.98): the reward punishes survival
it  178 steps  17498112 sps   41,466 | ep_ret   -8.92 ep_len  775.1 (n=105) | pg -0.011 vf 0.015 kl 0.0144 lr 4.4e-04
[anomaly] it 178: explained variance -0.54 < 0 after warm-up: value function not predicting returns
[anomaly] it 178: terminal-step reward dominates the episode: survival is being punished
[anomaly] it 178: returns fall as episodes lengthen (corr -0.98): the reward punishes survival
it  179 steps  17596416 sps   41,472 | ep_ret   -9.17 ep_len  765.5 (n=81) | pg -0.011 vf 0.015 kl 0.0157 lr 4.4e-04
[anomaly] it 179: explained variance -0.74 < 0 after warm-up: value function not predicting returns
[anomaly] it 179: terminal-step reward dominates the episode: survival is being punished
[anomaly] it 179: returns fall as episodes lengthen (corr -0.97): the reward punishes survival
[anomaly] it 179: contact force 27079 N > 50x robot weight
it  180 steps  17694720 sps   41,477 | ep_ret   -9.21 ep_len  833.1 (n=101) | pg -0.010 vf 0.015 kl 0.0156 lr 4.4e-04
[anomaly] it 180: explained variance -0.90 < 0 after warm-up: value function not predicting returns
[anomaly] it 180: terminal-step reward dominates the episode: survival is being punished
[anomaly] it 180: returns fall as episodes lengthen (corr -0.97): the reward punishes survival
it  181 steps  17793024 sps   41,482 | ep_ret   -9.15 ep_len  876.0 (n=107) | pg -0.011 vf 0.016 kl 0.0134 lr 3.0e-04
[anomaly] it 181: explained variance -1.08 < 0 after warm-up: value function not predicting returns
[anomaly] it 181: terminal-step reward dominates the episode: survival is being punished
[anomaly] it 181: returns fall as episodes lengthen (corr -0.97): the reward punishes survival
it  182 steps  17891328 sps   41,488 | ep_ret   -8.52 ep_len  907.0 (n=138) | pg -0.012 vf 0.015 kl 0.0164 lr 4.4e-04
[anomaly] it 182: explained variance -1.23 < 0 after warm-up: value function not predicting returns
[anomaly] it 182: terminal-step reward dominates the episode: survival is being punished
[anomaly] it 182: returns fall as episodes lengthen (corr -0.96): the reward punishes survival
[anomaly] it 182: contact force 17712 N > 50x robot weight
it  183 steps  17989632 sps   41,493 | ep_ret   -9.11 ep_len  899.0 (n=121) | pg -0.010 vf 0.015 kl 0.0159 lr 3.0e-04
[anomaly] it 183: explained variance -0.95 < 0 after warm-up: value function not predicting returns
[anomaly] it 183: terminal-step reward dominates the episode: survival is being punished
[anomaly] it 183: returns fall as episodes lengthen (corr -0.95): the reward punishes survival
it  184 steps  18087936 sps   41,498 | ep_ret   -8.64 ep_len  876.9 (n=141) | pg -0.011 vf 0.014 kl 0.0139 lr 3.0e-04
[anomaly] it 184: explained variance -0.88 < 0 after warm-up: value function not predicting returns
[anomaly] it 184: terminal-step reward dominates the episode: survival is being punished
[anomaly] it 184: returns fall as episodes lengthen (corr -0.95): the reward punishes survival
it  185 steps  18186240 sps   41,503 | ep_ret   -8.44 ep_len  898.7 (n=118) | pg -0.010 vf 0.013 kl 0.0142 lr 3.0e-04
[anomaly] it 185: explained variance -2.00 < 0 after warm-up: value function not predicting returns
[anomaly] it 185: terminal-step reward dominates the episode: survival is being punished
[anomaly] it 185: returns fall as episodes lengthen (corr -0.94): the reward punishes survival
it  186 steps  18284544 sps   41,508 | ep_ret   -8.47 ep_len  919.1 (n=160) | pg -0.011 vf 0.012 kl 0.0145 lr 4.4e-04
[anomaly] it 186: explained variance -1.46 < 0 after warm-up: value function not predicting returns
[anomaly] it 186: terminal-step reward dominates the episode: survival is being punished
[anomaly] it 186: returns fall as episodes lengthen (corr -0.94): the reward punishes survival
it  187 steps  18382848 sps   41,513 | ep_ret   -8.71 ep_len  917.0 (n=144) | pg -0.010 vf 0.012 kl 0.0143 lr 3.0e-04
[anomaly] it 187: explained variance -1.62 < 0 after warm-up: value function not predicting returns
[anomaly] it 187: terminal-step reward dominates the episode: survival is being punished
[anomaly] it 187: returns fall as episodes lengthen (corr -0.94): the reward punishes survival
it  188 steps  18481152 sps   41,518 | ep_ret   -8.49 ep_len  925.8 (n=156) | pg -0.011 vf 0.014 kl 0.0131 lr 3.0e-04
[anomaly] it 188: explained variance -1.41 < 0 after warm-up: value function not predicting returns
[anomaly] it 188: terminal-step reward dominates the episode: survival is being punished
[anomaly] it 188: returns fall as episodes lengthen (corr -0.93): the reward punishes survival
it  189 steps  18579456 sps   41,523 | ep_ret   -8.34 ep_len  952.3 (n=169) | pg -0.012 vf 0.013 kl 0.0161 lr 4.4e-04
[anomaly] it 189: explained variance -1.91 < 0 after warm-up: value function not predicting returns
[anomaly] it 189: terminal-step reward dominates the episode: survival is being punished
[anomaly] it 189: returns fall as episodes lengthen (corr -0.93): the reward punishes survival
it  190 steps  18677760 sps   41,528 | ep_ret   -8.51 ep_len  912.8 (n=167) | pg -0.010 vf 0.012 kl 0.0155 lr 4.4e-04
[anomaly] it 190: explained variance -1.09 < 0 after warm-up: value function not predicting returns
[anomaly] it 190: terminal-step reward dominates the episode: survival is being punished
[anomaly] it 190: returns fall as episodes lengthen (corr -0.93): the reward punishes survival
[anomaly] it 190: contact force 19480 N > 50x robot weight
it  191 steps  18776064 sps   41,532 | ep_ret   -7.86 ep_len  937.8 (n=175) | pg -0.009 vf 0.012 kl 0.0163 lr 4.4e-04
[anomaly] it 191: explained variance -1.68 < 0 after warm-up: value function not predicting returns
[anomaly] it 191: terminal-step reward dominates the episode: survival is being punished
[anomaly] it 191: returns fall as episodes lengthen (corr -0.92): the reward punishes survival
it  192 steps  18874368 sps   41,537 | ep_ret   -8.49 ep_len  907.4 (n=149) | pg -0.010 vf 0.013 kl 0.0156 lr 4.4e-04
[anomaly] it 192: explained variance -1.44 < 0 after warm-up: value function not predicting returns
[anomaly] it 192: terminal-step reward dominates the episode: survival is being punished
[anomaly] it 192: returns fall as episodes lengthen (corr -0.92): the reward punishes survival
it  193 steps  18972672 sps   41,542 | ep_ret   -7.84 ep_len  917.7 (n=139) | pg -0.012 vf 0.012 kl 0.0162 lr 4.4e-04
[anomaly] it 193: explained variance -1.95 < 0 after warm-up: value function not predicting returns
[anomaly] it 193: terminal-step reward dominates the episode: survival is being punished
[anomaly] it 193: returns fall as episodes lengthen (corr -0.91): the reward punishes survival
it  194 steps  19070976 sps   41,546 | ep_ret   -7.99 ep_len  915.4 (n=144) | pg -0.010 vf 0.011 kl 0.0154 lr 4.4e-04
[anomaly] it 194: explained variance -1.69 < 0 after warm-up: value function not predicting returns
[anomaly] it 194: terminal-step reward dominates the episode: survival is being punished
[anomaly] it 194: returns fall as episodes lengthen (corr -0.91): the reward punishes survival
it  195 steps  19169280 sps   41,551 | ep_ret   -7.59 ep_len  895.4 (n=146) | pg -0.009 vf 0.012 kl 0.0143 lr 3.0e-04
[anomaly] it 195: explained variance -2.21 < 0 after warm-up: value function not predicting returns
[anomaly] it 195: terminal-step reward dominates the episode: survival is being punished
[anomaly] it 195: returns fall as episodes lengthen (corr -0.90): the reward punishes survival
it  196 steps  19267584 sps   41,555 | ep_ret   -7.81 ep_len  901.7 (n=137) | pg -0.010 vf 0.012 kl 0.0151 lr 3.0e-04
[anomaly] it 196: explained variance -1.82 < 0 after warm-up: value function not predicting returns
[anomaly] it 196: terminal-step reward dominates the episode: survival is being punished
[anomaly] it 196: returns fall as episodes lengthen (corr -0.90): the reward punishes survival
it  197 steps  19365888 sps   41,560 | ep_ret   -8.06 ep_len  883.0 (n=149) | pg -0.011 vf 0.011 kl 0.0152 lr 4.4e-04
[anomaly] it 197: explained variance -1.10 < 0 after warm-up: value function not predicting returns
[anomaly] it 197: terminal-step reward dominates the episode: survival is being punished
[anomaly] it 197: returns fall as episodes lengthen (corr -0.90): the reward punishes survival
it  198 steps  19464192 sps   41,564 | ep_ret   -7.85 ep_len  879.1 (n=129) | pg -0.011 vf 0.012 kl 0.0161 lr 4.4e-04
[anomaly] it 198: explained variance -1.37 < 0 after warm-up: value function not predicting returns
[anomaly] it 198: terminal-step reward dominates the episode: survival is being punished
[anomaly] it 198: returns fall as episodes lengthen (corr -0.89): the reward punishes survival
it  199 steps  19562496 sps   41,568 | ep_ret   -7.48 ep_len  870.3 (n=118) | pg -0.010 vf 0.012 kl 0.0148 lr 4.4e-04
[anomaly] it 199: explained variance -1.32 < 0 after warm-up: value function not predicting returns
[anomaly] it 199: terminal-step reward dominates the episode: survival is being punished
[anomaly] it 199: returns fall as episodes lengthen (corr -0.89): the reward punishes survival
it  200 steps  19660800 sps   41,573 | ep_ret   -7.85 ep_len  901.3 (n=106) | pg -0.010 vf 0.012 kl 0.0134 lr 2.0e-04
[anomaly] it 200: explained variance -2.28 < 0 after warm-up: value function not predicting returns
[anomaly] it 200: terminal-step reward dominates the episode: survival is being punished
[anomaly] it 200: returns fall as episodes lengthen (corr -0.89): the reward punishes survival
it  201 steps  19759104 sps   41,577 | ep_ret   -7.64 ep_len  855.9 (n=118) | pg -0.011 vf 0.014 kl 0.0131 lr 4.4e-04
[anomaly] it 201: explained variance -0.76 < 0 after warm-up: value function not predicting returns
[anomaly] it 201: terminal-step reward dominates the episode: survival is being punished
[anomaly] it 201: returns fall as episodes lengthen (corr -0.88): the reward punishes survival
[anomaly] it 201: contact force 19232 N > 50x robot weight
it  202 steps  19857408 sps   41,582 | ep_ret   -7.22 ep_len  868.0 (n=105) | pg -0.010 vf 0.013 kl 0.0174 lr 4.4e-04
[anomaly] it 202: explained variance -1.70 < 0 after warm-up: value function not predicting returns
[anomaly] it 202: terminal-step reward dominates the episode: survival is being punished
[anomaly] it 202: returns fall as episodes lengthen (corr -0.88): the reward punishes survival
it  203 steps  19955712 sps   41,586 | ep_ret   -6.95 ep_len  924.7 (n=89) | pg -0.010 vf 0.012 kl 0.0145 lr 3.0e-04
[anomaly] it 203: explained variance -2.40 < 0 after warm-up: value function not predicting returns
[anomaly] it 203: terminal-step reward dominates the episode: survival is being punished
[anomaly] it 203: returns fall as episodes lengthen (corr -0.87): the reward punishes survival
it  204 steps  20054016 sps   41,590 | ep_ret   -7.56 ep_len  844.7 (n=98) | pg -0.011 vf 0.013 kl 0.0143 lr 2.0e-04
[anomaly] it 204: explained variance -1.47 < 0 after warm-up: value function not predicting returns
[anomaly] it 204: terminal-step reward dominates the episode: survival is being punished
[anomaly] it 204: returns fall as episodes lengthen (corr -0.86): the reward punishes survival
it  205 steps  20152320 sps   41,595 | ep_ret   -7.23 ep_len  821.8 (n=87) | pg -0.011 vf 0.012 kl 0.0126 lr 4.4e-04
[anomaly] it 205: explained variance -1.22 < 0 after warm-up: value function not predicting returns
[anomaly] it 205: terminal-step reward dominates the episode: survival is being punished
[anomaly] it 205: returns fall as episodes lengthen (corr -0.86): the reward punishes survival
it  206 steps  20250624 sps   41,599 | ep_ret   -7.31 ep_len  814.1 (n=87) | pg -0.009 vf 0.012 kl 0.0166 lr 4.4e-04
[anomaly] it 206: explained variance -0.82 < 0 after warm-up: value function not predicting returns
[anomaly] it 206: terminal-step reward dominates the episode: survival is being punished
[anomaly] it 206: returns fall as episodes lengthen (corr -0.85): the reward punishes survival
it  207 steps  20348928 sps   41,603 | ep_ret   -6.55 ep_len  906.2 (n=81) | pg -0.009 vf 0.012 kl 0.0160 lr 3.0e-04
[anomaly] it 207: explained variance -3.31 < 0 after warm-up: value function not predicting returns
[anomaly] it 207: terminal-step reward dominates the episode: survival is being punished
[anomaly] it 207: returns fall as episodes lengthen (corr -0.84): the reward punishes survival
it  208 steps  20447232 sps   41,607 | ep_ret   -7.10 ep_len  881.0 (n=80) | pg -0.011 vf 0.010 kl 0.0141 lr 3.0e-04
[anomaly] it 208: explained variance -2.34 < 0 after warm-up: value function not predicting returns
[anomaly] it 208: terminal-step reward dominates the episode: survival is being punished
[anomaly] it 208: returns fall as episodes lengthen (corr -0.83): the reward punishes survival
it  209 steps  20545536 sps   41,611 | ep_ret   -7.60 ep_len  869.7 (n=81) | pg -0.011 vf 0.009 kl 0.0150 lr 3.0e-04
[anomaly] it 209: explained variance -0.73 < 0 after warm-up: value function not predicting returns
[anomaly] it 209: terminal-step reward dominates the episode: survival is being punished
[anomaly] it 209: returns fall as episodes lengthen (corr -0.83): the reward punishes survival
it  210 steps  20643840 sps   41,615 | ep_ret   -6.75 ep_len  832.6 (n=77) | pg -0.010 vf 0.011 kl 0.0142 lr 3.0e-04
[anomaly] it 210: explained variance -0.76 < 0 after warm-up: value function not predicting returns
[anomaly] it 210: terminal-step reward dominates the episode: survival is being punished
[anomaly] it 210: returns fall as episodes lengthen (corr -0.82): the reward punishes survival
it  211 steps  20742144 sps   41,619 | ep_ret   -7.10 ep_len  850.5 (n=54) | pg -0.009 vf 0.011 kl 0.0152 lr 2.0e-04
[anomaly] it 211: explained variance -2.33 < 0 after warm-up: value function not predicting returns
[anomaly] it 211: terminal-step reward dominates the episode: survival is being punished
[anomaly] it 211: returns fall as episodes lengthen (corr -0.81): the reward punishes survival
it  212 steps  20840448 sps   41,623 | ep_ret   -6.10 ep_len  914.3 (n=74) | pg -0.011 vf 0.012 kl 0.0133 lr 4.4e-04
[anomaly] it 212: explained variance -2.11 < 0 after warm-up: value function not predicting returns
[anomaly] it 212: terminal-step reward dominates the episode: survival is being punished
[anomaly] it 212: returns fall as episodes lengthen (corr -0.79): the reward punishes survival
it  213 steps  20938752 sps   41,627 | ep_ret   -6.82 ep_len  881.5 (n=67) | pg -0.009 vf 0.010 kl 0.0164 lr 4.4e-04
[anomaly] it 213: explained variance -2.34 < 0 after warm-up: value function not predicting returns
[anomaly] it 213: terminal-step reward dominates the episode: survival is being punished
[anomaly] it 213: returns fall as episodes lengthen (corr -0.78): the reward punishes survival
[anomaly] it 213: contact force 16517 N > 50x robot weight
it  214 steps  21037056 sps   41,630 | ep_ret   -6.28 ep_len  868.0 (n=76) | pg -0.010 vf 0.012 kl 0.0159 lr 3.0e-04
[anomaly] it 214: explained variance -1.42 < 0 after warm-up: value function not predicting returns
[anomaly] it 214: terminal-step reward dominates the episode: survival is being punished
[anomaly] it 214: returns fall as episodes lengthen (corr -0.77): the reward punishes survival
[anomaly] it 214: contact force 18368 N > 50x robot weight
it  215 steps  21135360 sps   41,634 | ep_ret   -6.77 ep_len  896.1 (n=77) | pg -0.010 vf 0.009 kl 0.0143 lr 3.0e-04
[anomaly] it 215: explained variance -1.28 < 0 after warm-up: value function not predicting returns
[anomaly] it 215: terminal-step reward dominates the episode: survival is being punished
[anomaly] it 215: returns fall as episodes lengthen (corr -0.76): the reward punishes survival
it  216 steps  21233664 sps   41,638 | ep_ret   -6.64 ep_len  885.9 (n=59) | pg -0.011 vf 0.010 kl 0.0146 lr 3.0e-04
[anomaly] it 216: explained variance -1.79 < 0 after warm-up: value function not predicting returns
[anomaly] it 216: terminal-step reward dominates the episode: survival is being punished
[anomaly] it 216: returns fall as episodes lengthen (corr -0.74): the reward punishes survival
[anomaly] it 216: contact force 28568 N > 50x robot weight
it  217 steps  21331968 sps   41,642 | ep_ret   -6.27 ep_len  867.8 (n=78) | pg -0.010 vf 0.009 kl 0.0161 lr 3.0e-04
[anomaly] it 217: explained variance -1.13 < 0 after warm-up: value function not predicting returns
[anomaly] it 217: terminal-step reward dominates the episode: survival is being punished
[anomaly] it 217: returns fall as episodes lengthen (corr -0.73): the reward punishes survival
[anomaly] it 217: contact force 24355 N > 50x robot weight
it  218 steps  21430272 sps   41,646 | ep_ret   -6.29 ep_len  925.6 (n=61) | pg -0.010 vf 0.008 kl 0.0150 lr 3.0e-04
[anomaly] it 218: explained variance -1.38 < 0 after warm-up: value function not predicting returns
[anomaly] it 218: terminal-step reward dominates the episode: survival is being punished
[anomaly] it 218: returns fall as episodes lengthen (corr -0.71): the reward punishes survival
it  219 steps  21528576 sps   41,649 | ep_ret   -5.78 ep_len  925.3 (n=77) | pg -0.009 vf 0.009 kl 0.0157 lr 2.0e-04
[anomaly] it 219: explained variance -1.81 < 0 after warm-up: value function not predicting returns
[anomaly] it 219: terminal-step reward dominates the episode: survival is being punished
[anomaly] it 219: returns fall as episodes lengthen (corr -0.69): the reward punishes survival
it  220 steps  21626880 sps   41,653 | ep_ret   -5.72 ep_len  928.4 (n=88) | pg -0.011 vf 0.009 kl 0.0147 lr 4.4e-04
[anomaly] it 220: explained variance -1.08 < 0 after warm-up: value function not predicting returns
[anomaly] it 220: terminal-step reward dominates the episode: survival is being punished
[anomaly] it 220: returns fall as episodes lengthen (corr -0.66): the reward punishes survival
it  221 steps  21725184 sps   41,657 | ep_ret   -4.77 ep_len  941.0 (n=83) | pg -0.010 vf 0.008 kl 0.0140 lr 1.3e-04
[anomaly] it 221: explained variance -2.69 < 0 after warm-up: value function not predicting returns
[anomaly] it 221: terminal-step reward dominates the episode: survival is being punished
[anomaly] it 221: returns fall as episodes lengthen (corr -0.62): the reward punishes survival
it  222 steps  21823488 sps   41,660 | ep_ret   -5.62 ep_len  944.2 (n=93) | pg -0.010 vf 0.008 kl 0.0123 lr 3.0e-04
[anomaly] it 222: explained variance -1.07 < 0 after warm-up: value function not predicting returns
[anomaly] it 222: terminal-step reward dominates the episode: survival is being punished
it  223 steps  21921792 sps   41,664 | ep_ret   -5.27 ep_len  961.8 (n=96) | pg -0.010 vf 0.012 kl 0.0166 lr 3.0e-04
[anomaly] it 223: explained variance -2.77 < 0 after warm-up: value function not predicting returns
[anomaly] it 223: terminal-step reward dominates the episode: survival is being punished
it  224 steps  22020096 sps   41,667 | ep_ret   -5.30 ep_len  934.5 (n=135) | pg -0.009 vf 0.009 kl 0.0149 lr 3.0e-04
[anomaly] it 224: explained variance -0.51 < 0 after warm-up: value function not predicting returns
[anomaly] it 224: terminal-step reward dominates the episode: survival is being punished
[anomaly] it 224: contact force 19274 N > 50x robot weight
it  225 steps  22118400 sps   41,671 | ep_ret   -5.02 ep_len  943.5 (n=109) | pg -0.010 vf 0.009 kl 0.0142 lr 3.0e-04
[anomaly] it 225: explained variance -1.36 < 0 after warm-up: value function not predicting returns
[anomaly] it 225: terminal-step reward dominates the episode: survival is being punished
it  226 steps  22216704 sps   41,672 | ep_ret   -5.11 ep_len  953.3 (n=119) | pg -0.010 vf 0.009 kl 0.0154 lr 3.0e-04
[anomaly] it 226: explained variance -1.97 < 0 after warm-up: value function not predicting returns
[anomaly] it 226: terminal-step reward dominates the episode: survival is being punished
it  227 steps  22315008 sps   41,676 | ep_ret   -5.21 ep_len  939.4 (n=136) | pg -0.009 vf 0.009 kl 0.0165 lr 4.4e-04
[anomaly] it 227: explained variance -0.55 < 0 after warm-up: value function not predicting returns
[anomaly] it 227: terminal-step reward dominates the episode: survival is being punished
it  228 steps  22413312 sps   41,679 | ep_ret   -4.94 ep_len  951.6 (n=130) | pg -0.009 vf 0.008 kl 0.0139 lr 3.0e-04
[anomaly] it 228: explained variance -1.12 < 0 after warm-up: value function not predicting returns
[anomaly] it 228: terminal-step reward dominates the episode: survival is being punished
it  229 steps  22511616 sps   41,682 | ep_ret   -4.62 ep_len  964.0 (n=124) | pg -0.010 vf 0.010 kl 0.0163 lr 4.4e-04
[anomaly] it 229: explained variance -1.38 < 0 after warm-up: value function not predicting returns
[anomaly] it 229: terminal-step reward dominates the episode: survival is being punished
it  230 steps  22609920 sps   41,685 | ep_ret   -4.69 ep_len  937.0 (n=144) | pg -0.010 vf 0.009 kl 0.0145 lr 3.0e-04
[anomaly] it 230: explained variance -0.38 < 0 after warm-up: value function not predicting returns
[anomaly] it 230: terminal-step reward dominates the episode: survival is being punished
it  231 steps  22708224 sps   41,689 | ep_ret   -4.33 ep_len  967.1 (n=151) | pg -0.010 vf 0.009 kl 0.0145 lr 3.0e-04
[anomaly] it 231: explained variance -2.01 < 0 after warm-up: value function not predicting returns
[anomaly] it 231: terminal-step reward dominates the episode: survival is being punished
it  232 steps  22806528 sps   41,692 | ep_ret   -4.37 ep_len  961.1 (n=159) | pg -0.010 vf 0.008 kl 0.0149 lr 2.0e-04
[anomaly] it 232: explained variance -1.11 < 0 after warm-up: value function not predicting returns
[anomaly] it 232: terminal-step reward dominates the episode: survival is being punished
it  233 steps  22904832 sps   41,694 | ep_ret   -3.94 ep_len  970.3 (n=141) | pg -0.011 vf 0.009 kl 0.0143 lr 4.4e-04
[anomaly] it 233: explained variance -2.12 < 0 after warm-up: value function not predicting returns
[anomaly] it 233: terminal-step reward dominates the episode: survival is being punished
it  234 steps  23003136 sps   41,697 | ep_ret   -4.07 ep_len  954.1 (n=137) | pg -0.007 vf 0.008 kl 0.0154 lr 1.3e-04
[anomaly] it 234: explained variance -4.03 < 0 after warm-up: value function not predicting returns
[anomaly] it 234: terminal-step reward dominates the episode: survival is being punished
it  235 steps  23101440 sps   41,700 | ep_ret   -4.09 ep_len  946.6 (n=133) | pg -0.010 vf 0.008 kl 0.0151 lr 4.4e-04
[anomaly] it 235: explained variance -0.48 < 0 after warm-up: value function not predicting returns
[anomaly] it 235: terminal-step reward dominates the episode: survival is being punished
it  236 steps  23199744 sps   41,702 | ep_ret   -4.13 ep_len  964.2 (n=131) | pg -0.010 vf 0.009 kl 0.0148 lr 3.0e-04
[anomaly] it 236: explained variance -1.71 < 0 after warm-up: value function not predicting returns
[anomaly] it 236: terminal-step reward dominates the episode: survival is being punished
it  237 steps  23298048 sps   41,705 | ep_ret   -3.81 ep_len  971.3 (n=121) | pg -0.010 vf 0.012 kl 0.0157 lr 3.0e-04
[anomaly] it 237: explained variance -2.72 < 0 after warm-up: value function not predicting returns
[anomaly] it 237: terminal-step reward dominates the episode: survival is being punished
it  238 steps  23396352 sps   41,708 | ep_ret   -3.71 ep_len  940.1 (n=137) | pg -0.010 vf 0.009 kl 0.0141 lr 3.0e-04
[anomaly] it 238: explained variance -0.93 < 0 after warm-up: value function not predicting returns
[anomaly] it 238: terminal-step reward dominates the episode: survival is being punished
it  239 steps  23494656 sps   41,711 | ep_ret   -3.45 ep_len  946.8 (n=138) | pg -0.010 vf 0.008 kl 0.0145 lr 3.0e-04
[anomaly] it 239: explained variance -0.85 < 0 after warm-up: value function not predicting returns
[anomaly] it 239: terminal-step reward dominates the episode: survival is being punished
[anomaly] it 239: contact force 35073 N > 50x robot weight
it  240 steps  23592960 sps   41,715 | ep_ret   -3.63 ep_len  917.6 (n=111) | pg -0.009 vf 0.009 kl 0.0144 lr 2.0e-04
[anomaly] it 240: explained variance -0.71 < 0 after warm-up: value function not predicting returns
[anomaly] it 240: terminal-step reward dominates the episode: survival is being punished
[anomaly] it 240: contact force 18694 N > 50x robot weight
it  241 steps  23691264 sps   41,717 | ep_ret   -3.61 ep_len  951.3 (n=129) | pg -0.010 vf 0.008 kl 0.0148 lr 3.0e-04
[anomaly] it 241: explained variance -1.17 < 0 after warm-up: value function not predicting returns
[anomaly] it 241: terminal-step reward dominates the episode: survival is being punished
it  242 steps  23789568 sps   41,720 | ep_ret   -3.55 ep_len  930.9 (n=98) | pg -0.010 vf 0.007 kl 0.0145 lr 2.0e-04
[anomaly] it 242: explained variance -0.41 < 0 after warm-up: value function not predicting returns
[anomaly] it 242: terminal-step reward dominates the episode: survival is being punished
it  243 steps  23887872 sps   41,723 | ep_ret   -3.17 ep_len  955.7 (n=119) | pg -0.010 vf 0.008 kl 0.0148 lr 4.4e-04
[anomaly] it 243: explained variance -0.94 < 0 after warm-up: value function not predicting returns
[anomaly] it 243: terminal-step reward dominates the episode: survival is being punished
it  244 steps  23986176 sps   41,726 | ep_ret   -3.31 ep_len  917.8 (n=89) | pg -0.010 vf 0.007 kl 0.0146 lr 3.0e-04
[anomaly] it 244: explained variance -0.66 < 0 after warm-up: value function not predicting returns
[anomaly] it 244: terminal-step reward dominates the episode: survival is being punished
it  245 steps  24084480 sps   41,729 | ep_ret   -2.84 ep_len  946.4 (n=96) | pg -0.009 vf 0.007 kl 0.0137 lr 3.0e-04
[anomaly] it 245: explained variance -1.64 < 0 after warm-up: value function not predicting returns
[anomaly] it 245: terminal-step reward dominates the episode: survival is being punished
it  246 steps  24182784 sps   41,732 | ep_ret   -2.94 ep_len  941.9 (n=82) | pg -0.008 vf 0.008 kl 0.0135 lr 2.0e-04
[anomaly] it 246: explained variance -0.38 < 0 after warm-up: value function not predicting returns
[anomaly] it 246: terminal-step reward dominates the episode: survival is being punished
it  247 steps  24281088 sps   41,735 | ep_ret   -2.85 ep_len  950.9 (n=87) | pg -0.010 vf 0.009 kl 0.0147 lr 3.0e-04
[anomaly] it 247: explained variance -1.27 < 0 after warm-up: value function not predicting returns
[anomaly] it 247: terminal-step reward dominates the episode: survival is being punished
it  248 steps  24379392 sps   41,738 | ep_ret   -2.87 ep_len  934.7 (n=82) | pg -0.009 vf 0.009 kl 0.0136 lr 1.3e-04
[anomaly] it 248: explained variance -0.93 < 0 after warm-up: value function not predicting returns
[anomaly] it 248: terminal-step reward dominates the episode: survival is being punished
it  249 steps  24477696 sps   41,741 | ep_ret   -2.71 ep_len  943.0 (n=75) | pg -0.009 vf 0.009 kl 0.0139 lr 3.0e-04
[anomaly] it 249: explained variance -3.52 < 0 after warm-up: value function not predicting returns
[anomaly] it 249: terminal-step reward dominates the episode: survival is being punished
it  250 steps  24576000 sps   41,744 | ep_ret   -2.94 ep_len  891.4 (n=91) | pg -0.010 vf 0.007 kl 0.0156 lr 4.4e-04
[anomaly] it 250: explained variance -0.35 < 0 after warm-up: value function not predicting returns
[anomaly] it 250: terminal-step reward dominates the episode: survival is being punished
it  251 steps  24674304 sps   41,747 | ep_ret   -2.76 ep_len  930.0 (n=88) | pg -0.009 vf 0.007 kl 0.0139 lr 3.0e-04
[anomaly] it 251: explained variance -0.39 < 0 after warm-up: value function not predicting returns
[anomaly] it 251: terminal-step reward dominates the episode: survival is being punished
it  252 steps  24772608 sps   41,750 | ep_ret   -2.31 ep_len  954.6 (n=61) | pg -0.009 vf 0.007 kl 0.0146 lr 3.0e-04
[anomaly] it 252: explained variance -1.38 < 0 after warm-up: value function not predicting returns
[anomaly] it 252: terminal-step reward dominates the episode: survival is being punished
it  253 steps  24870912 sps   41,752 | ep_ret   -2.48 ep_len  929.5 (n=67) | pg -0.008 vf 0.008 kl 0.0132 lr 2.0e-04
[anomaly] it 253: explained variance -1.10 < 0 after warm-up: value function not predicting returns
[anomaly] it 253: terminal-step reward dominates the episode: survival is being punished
it  254 steps  24969216 sps   41,755 | ep_ret   -2.30 ep_len  929.7 (n=78) | pg -0.011 vf 0.005 kl 0.0148 lr 4.4e-04
[anomaly] it 254: explained variance -0.92 < 0 after warm-up: value function not predicting returns
[anomaly] it 254: terminal-step reward dominates the episode: survival is being punished
it  255 steps  25067520 sps   41,758 | ep_ret   -2.02 ep_len  907.8 (n=60) | pg -0.005 vf 0.009 kl 0.0161 lr 5.9e-05
[anomaly] it 255: explained variance -1.45 < 0 after warm-up: value function not predicting returns
[anomaly] it 255: terminal-step reward dominates the episode: survival is being punished
it  256 steps  25165824 sps   41,761 | ep_ret   -1.98 ep_len  937.5 (n=83) | pg -0.009 vf 0.006 kl 0.0118 lr 3.0e-04
[anomaly] it 256: explained variance -0.75 < 0 after warm-up: value function not predicting returns
[anomaly] it 256: terminal-step reward dominates the episode: survival is being punished
it  257 steps  25264128 sps   41,764 | ep_ret   -2.01 ep_len  972.3 (n=75) | pg -0.009 vf 0.007 kl 0.0138 lr 2.0e-04
[anomaly] it 257: explained variance -3.25 < 0 after warm-up: value function not predicting returns
[anomaly] it 257: terminal-step reward dominates the episode: survival is being punished
it  258 steps  25362432 sps   41,766 | ep_ret   -2.00 ep_len  948.1 (n=65) | pg -0.010 vf 0.006 kl 0.0137 lr 3.0e-04
[anomaly] it 258: explained variance -2.62 < 0 after warm-up: value function not predicting returns
[anomaly] it 258: terminal-step reward dominates the episode: survival is being punished
it  259 steps  25460736 sps   41,769 | ep_ret   -2.03 ep_len  940.2 (n=80) | pg -0.009 vf 0.008 kl 0.0132 lr 2.0e-04
[anomaly] it 259: explained variance -0.18 < 0 after warm-up: value function not predicting returns
[anomaly] it 259: terminal-step reward dominates the episode: survival is being punished
it  260 steps  25559040 sps   41,772 | ep_ret   -2.00 ep_len  943.2 (n=63) | pg -0.009 vf 0.008 kl 0.0158 lr 4.4e-04
[anomaly] it 260: explained variance -1.36 < 0 after warm-up: value function not predicting returns
[anomaly] it 260: terminal-step reward dominates the episode: survival is being punished
it  261 steps  25657344 sps   41,775 | ep_ret   -1.61 ep_len  941.8 (n=87) | pg -0.010 vf 0.005 kl 0.0151 lr 3.0e-04
[anomaly] it 261: explained variance -0.78 < 0 after warm-up: value function not predicting returns
[anomaly] it 261: terminal-step reward dominates the episode: survival is being punished
it  262 steps  25755648 sps   41,777 | ep_ret   -1.55 ep_len  959.9 (n=74) | pg -0.009 vf 0.005 kl 0.0138 lr 2.0e-04
[anomaly] it 262: explained variance -0.77 < 0 after warm-up: value function not predicting returns
[anomaly] it 262: terminal-step reward dominates the episode: survival is being punished
it  263 steps  25853952 sps   41,780 | ep_ret   -1.27 ep_len  981.2 (n=85) | pg -0.009 vf 0.008 kl 0.0138 lr 2.0e-04
[anomaly] it 263: explained variance -3.02 < 0 after warm-up: value function not predicting returns
[anomaly] it 263: terminal-step reward dominates the episode: survival is being punished
it  264 steps  25952256 sps   41,782 | ep_ret   -1.35 ep_len  957.8 (n=96) | pg -0.009 vf 0.007 kl 0.0151 lr 4.4e-04
[anomaly] it 264: explained variance -2.64 < 0 after warm-up: value function not predicting returns
[anomaly] it 264: terminal-step reward dominates the episode: survival is being punished
it  265 steps  26050560 sps   41,785 | ep_ret   -1.49 ep_len  943.5 (n=115) | pg -0.008 vf 0.008 kl 0.0153 lr 3.0e-04
[anomaly] it 265: explained variance -0.31 < 0 after warm-up: value function not predicting returns
[anomaly] it 265: terminal-step reward dominates the episode: survival is being punished
it  266 steps  26148864 sps   41,788 | ep_ret   -1.02 ep_len  962.8 (n=110) | pg -0.009 vf 0.007 kl 0.0137 lr 2.0e-04
[anomaly] it 266: explained variance -2.37 < 0 after warm-up: value function not predicting returns
[anomaly] it 266: terminal-step reward dominates the episode: survival is being punished
it  267 steps  26247168 sps   41,790 | ep_ret   -1.17 ep_len  947.1 (n=115) | pg -0.009 vf 0.006 kl 0.0143 lr 2.0e-04
[anomaly] it 267: explained variance -0.56 < 0 after warm-up: value function not predicting returns
[anomaly] it 267: terminal-step reward dominates the episode: survival is being punished
it  268 steps  26345472 sps   41,793 | ep_ret   -0.61 ep_len  983.3 (n=109) | pg -0.009 vf 0.007 kl 0.0157 lr 4.4e-04
[anomaly] it 268: explained variance -3.32 < 0 after warm-up: value function not predicting returns
[anomaly] it 268: terminal-step reward dominates the episode: survival is being punished
it  269 steps  26443776 sps   41,795 | ep_ret   -0.62 ep_len  970.5 (n=141) | pg -0.009 vf 0.008 kl 0.0160 lr 3.0e-04
[anomaly] it 269: explained variance -1.11 < 0 after warm-up: value function not predicting returns
[anomaly] it 269: terminal-step reward dominates the episode: survival is being punished
it  270 steps  26542080 sps   41,798 | ep_ret   -0.75 ep_len  975.6 (n=121) | pg -0.007 vf 0.008 kl 0.0146 lr 1.3e-04
[anomaly] it 270: explained variance -2.08 < 0 after warm-up: value function not predicting returns
[anomaly] it 270: terminal-step reward dominates the episode: survival is being punished
it  271 steps  26640384 sps   41,800 | ep_ret   -0.58 ep_len  982.0 (n=124) | pg -0.009 vf 0.008 kl 0.0126 lr 3.0e-04
[anomaly] it 271: explained variance -1.62 < 0 after warm-up: value function not predicting returns
[anomaly] it 271: terminal-step reward dominates the episode: survival is being punished
it  272 steps  26738688 sps   41,803 | ep_ret   -0.92 ep_len  949.1 (n=137) | pg -0.009 vf 0.007 kl 0.0151 lr 3.0e-04
[anomaly] it 272: explained variance -0.36 < 0 after warm-up: value function not predicting returns
[anomaly] it 272: terminal-step reward dominates the episode: survival is being punished
it  273 steps  26836992 sps   41,805 | ep_ret   -0.30 ep_len  968.2 (n=151) | pg -0.009 vf 0.009 kl 0.0140 lr 2.0e-04
[anomaly] it 273: explained variance -0.76 < 0 after warm-up: value function not predicting returns
[anomaly] it 273: terminal-step reward dominates the episode: survival is being punished
it  274 steps  26935296 sps   41,808 | ep_ret   -0.25 ep_len  967.3 (n=149) | pg -0.008 vf 0.010 kl 0.0147 lr 2.0e-04
[anomaly] it 274: explained variance -2.65 < 0 after warm-up: value function not predicting returns
[anomaly] it 274: terminal-step reward dominates the episode: survival is being punished
it  275 steps  27033600 sps   41,810 | ep_ret   -0.50 ep_len  930.7 (n=157) | pg -0.010 vf 0.006 kl 0.0156 lr 4.4e-04
[anomaly] it 275: explained variance -0.50 < 0 after warm-up: value function not predicting returns
[anomaly] it 275: terminal-step reward dominates the episode: survival is being punished
it  276 steps  27131904 sps   41,812 | ep_ret   -0.29 ep_len  956.1 (n=129) | pg -0.009 vf 0.007 kl 0.0148 lr 3.0e-04
[anomaly] it 276: explained variance -1.16 < 0 after warm-up: value function not predicting returns
[anomaly] it 276: terminal-step reward dominates the episode: survival is being punished
it  277 steps  27230208 sps   41,815 | ep_ret   -0.21 ep_len  960.6 (n=128) | pg -0.010 vf 0.004 kl 0.0132 lr 2.0e-04
[anomaly] it 277: explained variance -1.02 < 0 after warm-up: value function not predicting returns
[anomaly] it 277: terminal-step reward dominates the episode: survival is being punished
it  278 steps  27328512 sps   41,817 | ep_ret    0.02 ep_len  953.6 (n=127) | pg -0.009 vf 0.006 kl 0.0161 lr 4.4e-04
[anomaly] it 278: explained variance -1.25 < 0 after warm-up: value function not predicting returns
[anomaly] it 278: terminal-step reward dominates the episode: survival is being punished
it  279 steps  27426816 sps   41,820 | ep_ret    0.19 ep_len  992.0 (n=108) | pg -0.009 vf 0.007 kl 0.0149 lr 2.0e-04
[anomaly] it 279: explained variance -5.44 < 0 after warm-up: value function not predicting returns
[anomaly] it 279: terminal-step reward dominates the episode: survival is being punished
it  280 steps  27525120 sps   41,822 | ep_ret    0.25 ep_len  967.9 (n=132) | pg -0.009 vf 0.006 kl 0.0136 lr 2.0e-04
[anomaly] it 280: explained variance -1.20 < 0 after warm-up: value function not predicting returns
[anomaly] it 280: terminal-step reward dominates the episode: survival is being punished
it  281 steps  27623424 sps   41,825 | ep_ret    0.14 ep_len  949.9 (n=135) | pg -0.009 vf 0.005 kl 0.0142 lr 3.0e-04
[anomaly] it 281: explained variance -0.35 < 0 after warm-up: value function not predicting returns
[anomaly] it 281: terminal-step reward dominates the episode: survival is being punished
it  282 steps  27721728 sps   41,827 | ep_ret    0.43 ep_len  970.8 (n=111) | pg -0.008 vf 0.006 kl 0.0134 lr 2.0e-04
[anomaly] it 282: explained variance -0.56 < 0 after warm-up: value function not predicting returns
[anomaly] it 282: terminal-step reward dominates the episode: survival is being punished
it  283 steps  27820032 sps   41,829 | ep_ret    0.51 ep_len  987.1 (n=108) | pg -0.009 vf 0.007 kl 0.0138 lr 2.0e-04
[anomaly] it 283: explained variance -3.49 < 0 after warm-up: value function not predicting returns
[anomaly] it 283: terminal-step reward dominates the episode: survival is being punished
it  284 steps  27918336 sps   41,831 | ep_ret    0.51 ep_len  962.1 (n=102) | pg -0.009 vf 0.007 kl 0.0149 lr 3.0e-04
[anomaly] it 284: explained variance -2.08 < 0 after warm-up: value function not predicting returns
[anomaly] it 284: terminal-step reward dominates the episode: survival is being punished
it  285 steps  28016640 sps   41,833 | ep_ret    0.23 ep_len  937.0 (n=113) | pg -0.008 vf 0.006 kl 0.0146 lr 2.0e-04
[anomaly] it 285: explained variance -0.76 < 0 after warm-up: value function not predicting returns
[anomaly] it 285: terminal-step reward dominates the episode: survival is being punished
it  286 steps  28114944 sps   41,835 | ep_ret    0.31 ep_len  944.3 (n=98) | pg -0.010 vf 0.004 kl 0.0153 lr 4.4e-04
[anomaly] it 286: explained variance -0.33 < 0 after warm-up: value function not predicting returns
[anomaly] it 286: terminal-step reward dominates the episode: survival is being punished
it  287 steps  28213248 sps   41,838 | ep_ret    0.62 ep_len  972.8 (n=87) | pg -0.009 vf 0.006 kl 0.0157 lr 3.0e-04
[anomaly] it 287: explained variance -0.77 < 0 after warm-up: value function not predicting returns
[anomaly] it 287: terminal-step reward dominates the episode: survival is being punished
it  288 steps  28311552 sps   41,840 | ep_ret    0.91 ep_len  990.3 (n=87) | pg -0.007 vf 0.007 kl 0.0144 lr 1.3e-04
[anomaly] it 288: explained variance -7.44 < 0 after warm-up: value function not predicting returns
[anomaly] it 288: terminal-step reward dominates the episode: survival is being punished
it  289 steps  28409856 sps   41,842 | ep_ret    0.46 ep_len  937.4 (n=78) | pg -0.009 vf 0.005 kl 0.0123 lr 3.0e-04
[anomaly] it 289: explained variance -0.64 < 0 after warm-up: value function not predicting returns
[anomaly] it 289: terminal-step reward dominates the episode: survival is being punished
it  290 steps  28508160 sps   41,844 | ep_ret    0.79 ep_len  968.3 (n=78) | pg -0.008 vf 0.007 kl 0.0142 lr 2.0e-04
[anomaly] it 290: explained variance -3.89 < 0 after warm-up: value function not predicting returns
[anomaly] it 290: terminal-step reward dominates the episode: survival is being punished
it  291 steps  28606464 sps   41,846 | ep_ret    0.87 ep_len  961.2 (n=84) | pg -0.009 vf 0.007 kl 0.0138 lr 2.0e-04
[anomaly] it 291: explained variance -2.24 < 0 after warm-up: value function not predicting returns
[anomaly] it 291: terminal-step reward dominates the episode: survival is being punished
it  292 steps  28704768 sps   41,848 | ep_ret    0.70 ep_len  941.8 (n=93) | pg -0.008 vf 0.007 kl 0.0149 lr 3.0e-04
[anomaly] it 292: explained variance -0.68 < 0 after warm-up: value function not predicting returns
[anomaly] it 292: terminal-step reward dominates the episode: survival is being punished
it  293 steps  28803072 sps   41,850 | ep_ret    0.62 ep_len  951.6 (n=89) | pg -0.008 vf 0.007 kl 0.0152 lr 8.8e-05
[anomaly] it 293: explained variance -0.54 < 0 after warm-up: value function not predicting returns
[anomaly] it 293: terminal-step reward dominates the episode: survival is being punished
it  294 steps  28901376 sps   41,853 | ep_ret    0.85 ep_len  943.7 (n=59) | pg -0.008 vf 0.007 kl 0.0135 lr 3.0e-04
[anomaly] it 294: explained variance -3.05 < 0 after warm-up: value function not predicting returns
[anomaly] it 294: terminal-step reward dominates the episode: survival is being punished
it  295 steps  28999680 sps   41,855 | ep_ret    0.22 ep_len  917.2 (n=86) | pg -0.008 vf 0.010 kl 0.0131 lr 1.3e-04
[anomaly] it 295: explained variance -0.09 < 0 after warm-up: value function not predicting returns
[anomaly] it 295: terminal-step reward dominates the episode: survival is being punished
it  296 steps  29097984 sps   41,857 | ep_ret    0.81 ep_len  952.6 (n=65) | pg -0.009 vf 0.006 kl 0.0134 lr 3.0e-04
[anomaly] it 296: explained variance -2.87 < 0 after warm-up: value function not predicting returns
[anomaly] it 296: terminal-step reward dominates the episode: survival is being punished
it  297 steps  29196288 sps   41,859 | ep_ret    0.69 ep_len  934.2 (n=88) | pg -0.008 vf 0.006 kl 0.0141 lr 2.0e-04
[anomaly] it 297: explained variance -0.49 < 0 after warm-up: value function not predicting returns
[anomaly] it 297: terminal-step reward dominates the episode: survival is being punished
it  298 steps  29294592 sps   41,861 | ep_ret    0.68 ep_len  935.9 (n=73) | pg -0.007 vf 0.007 kl 0.0146 lr 2.0e-04
[anomaly] it 298: explained variance -1.50 < 0 after warm-up: value function not predicting returns
[anomaly] it 298: terminal-step reward dominates the episode: survival is being punished
it  299 steps  29392896 sps   41,863 | ep_ret    1.37 ep_len  966.0 (n=73) | pg -0.007 vf 0.006 kl 0.0137 lr 2.0e-04
[anomaly] it 299: explained variance -2.69 < 0 after warm-up: value function not predicting returns
[anomaly] it 299: terminal-step reward dominates the episode: survival is being punished
it  300 steps  29491200 sps   41,865 | ep_ret    1.28 ep_len  950.8 (n=74) | pg -0.009 vf 0.005 kl 0.0148 lr 2.0e-04
[anomaly] it 300: explained variance -1.43 < 0 after warm-up: value function not predicting returns
[anomaly] it 300: terminal-step reward dominates the episode: survival is being punished
it  301 steps  29589504 sps   41,867 | ep_ret    1.34 ep_len  958.3 (n=80) | pg -0.008 vf 0.004 kl 0.0151 lr 3.0e-04
[anomaly] it 301: explained variance -1.46 < 0 after warm-up: value function not predicting returns
[anomaly] it 301: terminal-step reward dominates the episode: survival is being punished
it  302 steps  29687808 sps   41,869 | ep_ret    1.22 ep_len  962.7 (n=60) | pg -0.008 vf 0.004 kl 0.0143 lr 3.0e-04
[anomaly] it 302: explained variance -0.08 < 0 after warm-up: value function not predicting returns
[anomaly] it 302: terminal-step reward dominates the episode: survival is being punished
it  303 steps  29786112 sps   41,871 | ep_ret    1.99 ep_len  996.3 (n=84) | pg -0.009 vf 0.005 kl 0.0147 lr 3.0e-04
[anomaly] it 303: explained variance -4.26 < 0 after warm-up: value function not predicting returns
[anomaly] it 303: terminal-step reward dominates the episode: survival is being punished
it  304 steps  29884416 sps   41,873 | ep_ret    1.93 ep_len  987.2 (n=65) | pg -0.008 vf 0.004 kl 0.0142 lr 2.0e-04
[anomaly] it 304: explained variance -2.58 < 0 after warm-up: value function not predicting returns
[anomaly] it 304: terminal-step reward dominates the episode: survival is being punished
it  305 steps  29982720 sps   41,875 | ep_ret    1.58 ep_len  986.2 (n=82) | pg -0.008 vf 0.005 kl 0.0142 lr 2.0e-04
[anomaly] it 305: explained variance -0.23 < 0 after warm-up: value function not predicting returns
[anomaly] it 305: terminal-step reward dominates the episode: survival is being punished
it  306 steps  30081024 sps   41,877 | ep_ret    1.92 ep_len  982.9 (n=89) | pg -0.008 vf 0.006 kl 0.0140 lr 1.3e-04
[anomaly] it 306: explained variance -1.16 < 0 after warm-up: value function not predicting returns
[anomaly] it 306: terminal-step reward dominates the episode: survival is being punished
it  307 steps  30179328 sps   41,879 | ep_ret    1.98 ep_len  981.9 (n=119) | pg -0.008 vf 0.006 kl 0.0127 lr 3.0e-04
[anomaly] it 307: explained variance -0.81 < 0 after warm-up: value function not predicting returns
[anomaly] it 307: terminal-step reward dominates the episode: survival is being punished
it  308 steps  30277632 sps   41,881 | ep_ret    1.99 ep_len  968.4 (n=103) | pg -0.006 vf 0.007 kl 0.0165 lr 2.0e-04
[anomaly] it 308: explained variance -1.33 < 0 after warm-up: value function not predicting returns
[anomaly] it 308: terminal-step reward dominates the episode: survival is being punished
it  309 steps  30375936 sps   41,883 | ep_ret    1.96 ep_len  968.0 (n=121) | pg -0.008 vf 0.006 kl 0.0158 lr 3.0e-04
[anomaly] it 309: explained variance -0.90 < 0 after warm-up: value function not predicting returns
[anomaly] it 309: terminal-step reward dominates the episode: survival is being punished
it  310 steps  30474240 sps   41,884 | ep_ret    1.87 ep_len  978.9 (n=101) | pg -0.007 vf 0.007 kl 0.0152 lr 2.0e-04
[anomaly] it 310: explained variance -0.50 < 0 after warm-up: value function not predicting returns
[anomaly] it 310: terminal-step reward dominates the episode: survival is being punished
it  311 steps  30572544 sps   41,886 | ep_ret    2.13 ep_len  970.4 (n=138) | pg -0.009 vf 0.004 kl 0.0149 lr 3.0e-04
[anomaly] it 311: explained variance -0.79 < 0 after warm-up: value function not predicting returns
[anomaly] it 311: terminal-step reward dominates the episode: survival is being punished
it  312 steps  30670848 sps   41,889 | ep_ret    2.40 ep_len  990.0 (n=116) | pg -0.008 vf 0.005 kl 0.0129 lr 1.3e-04
[anomaly] it 312: explained variance -2.18 < 0 after warm-up: value function not predicting returns
[anomaly] it 312: terminal-step reward dominates the episode: survival is being punished
it  313 steps  30769152 sps   41,890 | ep_ret    2.42 ep_len  988.0 (n=127) | pg -0.008 vf 0.006 kl 0.0147 lr 3.0e-04
[anomaly] it 313: explained variance -4.33 < 0 after warm-up: value function not predicting returns
[anomaly] it 313: terminal-step reward dominates the episode: survival is being punished
it  314 steps  30867456 sps   41,892 | ep_ret    2.16 ep_len  979.6 (n=130) | pg -0.008 vf 0.005 kl 0.0146 lr 2.0e-04
[anomaly] it 314: explained variance -2.10 < 0 after warm-up: value function not predicting returns
[anomaly] it 314: terminal-step reward dominates the episode: survival is being punished
it  315 steps  30965760 sps   41,894 | ep_ret    2.52 ep_len  971.2 (n=157) | pg -0.009 vf 0.005 kl 0.0147 lr 3.0e-04
[anomaly] it 315: explained variance -0.67 < 0 after warm-up: value function not predicting returns
[anomaly] it 315: terminal-step reward dominates the episode: survival is being punished
it  316 steps  31064064 sps   41,896 | ep_ret    2.50 ep_len  978.4 (n=143) | pg -0.008 vf 0.004 kl 0.0144 lr 2.0e-04
[anomaly] it 316: explained variance -0.84 < 0 after warm-up: value function not predicting returns
[anomaly] it 316: terminal-step reward dominates the episode: survival is being punished
it  317 steps  31162368 sps   41,898 | ep_ret    2.68 ep_len  980.7 (n=134) | pg -0.008 vf 0.004 kl 0.0151 lr 3.0e-04
[anomaly] it 317: explained variance -0.64 < 0 after warm-up: value function not predicting returns
[anomaly] it 317: terminal-step reward dominates the episode: survival is being punished
it  318 steps  31260672 sps   41,899 | ep_ret    2.54 ep_len  975.1 (n=128) | pg -0.007 vf 0.006 kl 0.0155 lr 8.8e-05
[anomaly] it 318: explained variance -1.43 < 0 after warm-up: value function not predicting returns
[anomaly] it 318: terminal-step reward dominates the episode: survival is being punished
it  319 steps  31358976 sps   41,901 | ep_ret    2.55 ep_len  978.3 (n=118) | pg -0.008 vf 0.005 kl 0.0139 lr 3.0e-04
[anomaly] it 319: explained variance -1.40 < 0 after warm-up: value function not predicting returns
[anomaly] it 319: terminal-step reward dominates the episode: survival is being punished
it  320 steps  31457280 sps   41,903 | ep_ret    2.66 ep_len  970.4 (n=119) | pg -0.008 vf 0.005 kl 0.0147 lr 3.0e-04
[anomaly] it 320: explained variance -2.34 < 0 after warm-up: value function not predicting returns
[anomaly] it 320: terminal-step reward dominates the episode: survival is being punished
it  321 steps  31555584 sps   41,905 | ep_ret    2.86 ep_len  991.6 (n=109) | pg -0.009 vf 0.005 kl 0.0158 lr 3.0e-04
[anomaly] it 321: explained variance -2.56 < 0 after warm-up: value function not predicting returns
[anomaly] it 321: terminal-step reward dominates the episode: survival is being punished
it  322 steps  31653888 sps   41,907 | ep_ret    2.79 ep_len  980.2 (n=139) | pg -0.007 vf 0.007 kl 0.0162 lr 5.9e-05
[anomaly] it 322: explained variance -0.41 < 0 after warm-up: value function not predicting returns
[anomaly] it 322: terminal-step reward dominates the episode: survival is being punished
it  323 steps  31752192 sps   41,909 | ep_ret    2.93 ep_len  988.0 (n=124) | pg -0.008 vf 0.004 kl 0.0110 lr 2.0e-04
[anomaly] it 323: explained variance -3.51 < 0 after warm-up: value function not predicting returns
[anomaly] it 323: terminal-step reward dominates the episode: survival is being punished
it  324 steps  31850496 sps   41,910 | ep_ret    2.79 ep_len  974.7 (n=117) | pg -0.009 vf 0.005 kl 0.0151 lr 3.0e-04
[anomaly] it 324: explained variance -0.54 < 0 after warm-up: value function not predicting returns
[anomaly] it 324: terminal-step reward dominates the episode: survival is being punished
it  325 steps  31948800 sps   41,912 | ep_ret    2.80 ep_len  963.5 (n=97) | pg -0.008 vf 0.006 kl 0.0148 lr 1.3e-04
[anomaly] it 325: explained variance -0.84 < 0 after warm-up: value function not predicting returns
[anomaly] it 325: terminal-step reward dominates the episode: survival is being punished
it  326 steps  32047104 sps   41,914 | ep_ret    3.29 ep_len  987.8 (n=112) | pg -0.009 vf 0.006 kl 0.0143 lr 3.0e-04
[anomaly] it 326: explained variance -0.86 < 0 after warm-up: value function not predicting returns
[anomaly] it 326: terminal-step reward dominates the episode: survival is being punished
it  327 steps  32145408 sps   41,916 | ep_ret    3.16 ep_len  975.7 (n=106) | pg -0.007 vf 0.008 kl 0.0142 lr 2.0e-04
[anomaly] it 327: explained variance -2.62 < 0 after warm-up: value function not predicting returns
[anomaly] it 327: terminal-step reward dominates the episode: survival is being punished
it  328 steps  32243712 sps   41,917 | ep_ret    3.18 ep_len  988.7 (n=94) | pg -0.007 vf 0.006 kl 0.0144 lr 2.0e-04
[anomaly] it 328: explained variance -4.74 < 0 after warm-up: value function not predicting returns
[anomaly] it 328: terminal-step reward dominates the episode: survival is being punished
it  329 steps  32342016 sps   41,919 | ep_ret    2.53 ep_len  941.9 (n=83) | pg -0.009 vf 0.004 kl 0.0149 lr 3.0e-04
[anomaly] it 329: explained variance -1.06 < 0 after warm-up: value function not predicting returns
[anomaly] it 329: terminal-step reward dominates the episode: survival is being punished
[anomaly] it 329: contact force 15960 N > 50x robot weight
it  330 steps  32440320 sps   41,921 | ep_ret    2.87 ep_len  957.1 (n=92) | pg -0.009 vf 0.004 kl 0.0168 lr 3.0e-04
[anomaly] it 330: explained variance -2.76 < 0 after warm-up: value function not predicting returns
[anomaly] it 330: terminal-step reward dominates the episode: survival is being punished
it  331 steps  32538624 sps   41,922 | ep_ret    3.06 ep_len  960.4 (n=88) | pg -0.008 vf 0.003 kl 0.0149 lr 4.4e-04
[anomaly] it 331: terminal-step reward dominates the episode: survival is being punished
it  332 steps  32636928 sps   41,924 | ep_ret    3.79 ep_len 1000.0 (n=69) | pg -0.006 vf 0.003 kl 0.0149 lr 2.0e-04
[anomaly] it 332: explained variance -5.62 < 0 after warm-up: value function not predicting returns
it  333 steps  32735232 sps   41,926 | ep_ret    3.55 ep_len  987.9 (n=90) | pg -0.008 vf 0.004 kl 0.0148 lr 2.0e-04
[anomaly] it 333: explained variance -2.13 < 0 after warm-up: value function not predicting returns
[anomaly] it 333: terminal-step reward dominates the episode: survival is being punished
it  334 steps  32833536 sps   41,927 | ep_ret    3.50 ep_len  993.3 (n=85) | pg -0.009 vf 0.002 kl 0.0163 lr 3.0e-04
[anomaly] it 334: explained variance -0.95 < 0 after warm-up: value function not predicting returns
[anomaly] it 334: terminal-step reward dominates the episode: survival is being punished
it  335 steps  32931840 sps   41,929 | ep_ret    3.64 ep_len  991.2 (n=75) | pg -0.008 vf 0.003 kl 0.0151 lr 3.0e-04
[anomaly] it 335: explained variance -0.72 < 0 after warm-up: value function not predicting returns
[anomaly] it 335: terminal-step reward dominates the episode: survival is being punished
it  336 steps  33030144 sps   41,930 | ep_ret    3.70 ep_len  991.4 (n=57) | pg -0.008 vf 0.005 kl 0.0152 lr 3.0e-04
[anomaly] it 336: explained variance -2.42 < 0 after warm-up: value function not predicting returns
[anomaly] it 336: terminal-step reward dominates the episode: survival is being punished
it  337 steps  33128448 sps   41,932 | ep_ret    3.55 ep_len  976.0 (n=87) | pg -0.007 vf 0.004 kl 0.0133 lr 1.3e-04
[anomaly] it 337: explained variance -2.90 < 0 after warm-up: value function not predicting returns
[anomaly] it 337: terminal-step reward dominates the episode: survival is being punished
it  338 steps  33226752 sps   41,934 | ep_ret    3.55 ep_len  974.4 (n=67) | pg -0.009 vf 0.002 kl 0.0127 lr 3.0e-04
[anomaly] it 338: explained variance -1.16 < 0 after warm-up: value function not predicting returns
[anomaly] it 338: terminal-step reward dominates the episode: survival is being punished
it  339 steps  33325056 sps   41,936 | ep_ret    3.78 ep_len  985.8 (n=88) | pg -0.008 vf 0.003 kl 0.0144 lr 2.0e-04
[anomaly] it 339: terminal-step reward dominates the episode: survival is being punished
it  340 steps  33423360 sps   41,937 | ep_ret    4.09 ep_len 1000.0 (n=69) | pg -0.008 vf 0.004 kl 0.0146 lr 3.0e-04
[anomaly] it 340: explained variance -9.32 < 0 after warm-up: value function not predicting returns
it  341 steps  33521664 sps   41,939 | ep_ret    3.68 ep_len  972.4 (n=62) | pg -0.006 vf 0.006 kl 0.0145 lr 8.8e-05
[anomaly] it 341: explained variance -1.28 < 0 after warm-up: value function not predicting returns
[anomaly] it 341: terminal-step reward dominates the episode: survival is being punished
it  342 steps  33619968 sps   41,940 | ep_ret    3.76 ep_len  974.0 (n=82) | pg -0.008 vf 0.004 kl 0.0116 lr 3.0e-04
[anomaly] it 342: explained variance -1.77 < 0 after warm-up: value function not predicting returns
[anomaly] it 342: terminal-step reward dominates the episode: survival is being punished
it  343 steps  33718272 sps   41,942 | ep_ret    3.69 ep_len  965.7 (n=74) | pg -0.007 vf 0.003 kl 0.0140 lr 1.3e-04
[anomaly] it 343: explained variance -1.09 < 0 after warm-up: value function not predicting returns
[anomaly] it 343: terminal-step reward dominates the episode: survival is being punished
it  344 steps  33816576 sps   41,943 | ep_ret    3.91 ep_len  967.7 (n=68) | pg -0.008 vf 0.003 kl 0.0131 lr 3.0e-04
[anomaly] it 344: explained variance -1.40 < 0 after warm-up: value function not predicting returns
[anomaly] it 344: terminal-step reward dominates the episode: survival is being punished
it  345 steps  33914880 sps   41,945 | ep_ret    4.04 ep_len  971.7 (n=78) | pg -0.008 vf 0.003 kl 0.0135 lr 2.0e-04
[anomaly] it 345: explained variance -0.15 < 0 after warm-up: value function not predicting returns
[anomaly] it 345: terminal-step reward dominates the episode: survival is being punished
it  346 steps  34013184 sps   41,946 | ep_ret    4.30 ep_len  980.1 (n=68) | pg -0.007 vf 0.004 kl 0.0145 lr 3.0e-04
[anomaly] it 346: explained variance -1.02 < 0 after warm-up: value function not predicting returns
[anomaly] it 346: terminal-step reward dominates the episode: survival is being punished
it  347 steps  34111488 sps   41,948 | ep_ret    4.44 ep_len  999.3 (n=83) | pg -0.010 vf 0.002 kl 0.0154 lr 4.4e-04
[anomaly] it 347: explained variance -4.14 < 0 after warm-up: value function not predicting returns
[anomaly] it 347: terminal-step reward dominates the episode: survival is being punished
it  348 steps  34209792 sps   41,949 | ep_ret    4.37 ep_len  987.4 (n=91) | pg -0.006 vf 0.004 kl 0.0158 lr 2.0e-04
[anomaly] it 348: explained variance -0.47 < 0 after warm-up: value function not predicting returns
[anomaly] it 348: terminal-step reward dominates the episode: survival is being punished
it  349 steps  34308096 sps   41,951 | ep_ret    4.70 ep_len 1000.0 (n=112) | pg -0.007 vf 0.005 kl 0.0143 lr 3.0e-04
[anomaly] it 349: explained variance -8.68 < 0 after warm-up: value function not predicting returns
it  350 steps  34406400 sps   41,952 | ep_ret    4.52 ep_len  985.7 (n=103) | pg -0.007 vf 0.004 kl 0.0138 lr 2.0e-04
[anomaly] it 350: explained variance -1.01 < 0 after warm-up: value function not predicting returns
[anomaly] it 350: terminal-step reward dominates the episode: survival is being punished
it  351 steps  34504704 sps   41,954 | ep_ret    4.45 ep_len  979.5 (n=113) | pg -0.006 vf 0.007 kl 0.0137 lr 1.3e-04
[anomaly] it 351: explained variance -1.16 < 0 after warm-up: value function not predicting returns
[anomaly] it 351: terminal-step reward dominates the episode: survival is being punished
it  352 steps  34603008 sps   41,955 | ep_ret    4.51 ep_len  981.8 (n=127) | pg -0.009 vf 0.003 kl 0.0131 lr 3.0e-04
[anomaly] it 352: explained variance -1.22 < 0 after warm-up: value function not predicting returns
[anomaly] it 352: terminal-step reward dominates the episode: survival is being punished
it  353 steps  34701312 sps   41,957 | ep_ret    4.73 ep_len  990.7 (n=128) | pg -0.008 vf 0.005 kl 0.0158 lr 3.0e-04
[anomaly] it 353: explained variance -1.61 < 0 after warm-up: value function not predicting returns
[anomaly] it 353: terminal-step reward dominates the episode: survival is being punished
it  354 steps  34799616 sps   41,958 | ep_ret    4.63 ep_len  982.8 (n=113) | pg -0.007 vf 0.005 kl 0.0146 lr 2.0e-04
[anomaly] it 354: explained variance -2.51 < 0 after warm-up: value function not predicting returns
[anomaly] it 354: terminal-step reward dominates the episode: survival is being punished
it  355 steps  34897920 sps   41,960 | ep_ret    4.67 ep_len  979.0 (n=133) | pg -0.008 vf 0.004 kl 0.0159 lr 2.0e-04
[anomaly] it 355: explained variance -0.99 < 0 after warm-up: value function not predicting returns
[anomaly] it 355: terminal-step reward dominates the episode: survival is being punished
it  356 steps  34996224 sps   41,961 | ep_ret    5.03 ep_len  993.2 (n=143) | pg -0.007 vf 0.005 kl 0.0135 lr 1.3e-04
[anomaly] it 356: explained variance -1.22 < 0 after warm-up: value function not predicting returns
[anomaly] it 356: terminal-step reward dominates the episode: survival is being punished
it  357 steps  35094528 sps   41,962 | ep_ret    5.03 ep_len  994.4 (n=151) | pg -0.008 vf 0.003 kl 0.0132 lr 3.0e-04
[anomaly] it 357: explained variance -2.93 < 0 after warm-up: value function not predicting returns
[anomaly] it 357: terminal-step reward dominates the episode: survival is being punished
it  358 steps  35192832 sps   41,964 | ep_ret    5.02 ep_len  988.6 (n=137) | pg -0.007 vf 0.004 kl 0.0151 lr 2.0e-04
[anomaly] it 358: explained variance -1.67 < 0 after warm-up: value function not predicting returns
[anomaly] it 358: terminal-step reward dominates the episode: survival is being punished
it  359 steps  35291136 sps   41,965 | ep_ret    5.19 ep_len  988.5 (n=131) | pg -0.008 vf 0.003 kl 0.0152 lr 3.0e-04
[anomaly] it 359: terminal-step reward dominates the episode: survival is being punished
it  360 steps  35389440 sps   41,966 | ep_ret    5.18 ep_len  994.8 (n=118) | pg -0.007 vf 0.003 kl 0.0146 lr 2.0e-04
[anomaly] it 360: explained variance -2.66 < 0 after warm-up: value function not predicting returns
[anomaly] it 360: terminal-step reward dominates the episode: survival is being punished
it  361 steps  35487744 sps   41,968 | ep_ret    5.15 ep_len  993.5 (n=122) | pg -0.008 vf 0.003 kl 0.0163 lr 3.0e-04
[anomaly] it 361: explained variance -0.65 < 0 after warm-up: value function not predicting returns
[anomaly] it 361: terminal-step reward dominates the episode: survival is being punished
it  362 steps  35586048 sps   41,969 | ep_ret    5.50 ep_len  999.6 (n=110) | pg -0.007 vf 0.005 kl 0.0153 lr 2.0e-04
[anomaly] it 362: explained variance -5.58 < 0 after warm-up: value function not predicting returns
[anomaly] it 362: terminal-step reward dominates the episode: survival is being punished
it  363 steps  35684352 sps   41,970 | ep_ret    5.49 ep_len  992.4 (n=113) | pg -0.008 vf 0.004 kl 0.0150 lr 3.0e-04
[anomaly] it 363: explained variance -4.44 < 0 after warm-up: value function not predicting returns
[anomaly] it 363: terminal-step reward dominates the episode: survival is being punished
it  364 steps  35782656 sps   41,972 | ep_ret    5.26 ep_len  974.2 (n=146) | pg -0.009 vf 0.003 kl 0.0172 lr 2.0e-04
[anomaly] it 364: explained variance -1.47 < 0 after warm-up: value function not predicting returns
[anomaly] it 364: terminal-step reward dominates the episode: survival is being punished
it  365 steps  35880960 sps   41,973 | ep_ret    5.44 ep_len  980.2 (n=108) | pg -0.007 vf 0.004 kl 0.0155 lr 3.0e-04
[anomaly] it 365: explained variance -0.81 < 0 after warm-up: value function not predicting returns
[anomaly] it 365: terminal-step reward dominates the episode: survival is being punished
it  366 steps  35979264 sps   41,974 | ep_ret    5.50 ep_len  978.7 (n=122) | pg -0.007 vf 0.004 kl 0.0153 lr 2.0e-04
[anomaly] it 366: explained variance -0.52 < 0 after warm-up: value function not predicting returns
[anomaly] it 366: terminal-step reward dominates the episode: survival is being punished
it  367 steps  36077568 sps   41,976 | ep_ret    5.67 ep_len  985.9 (n=89) | pg -0.006 vf 0.004 kl 0.0138 lr 2.0e-04
[anomaly] it 367: explained variance -1.69 < 0 after warm-up: value function not predicting returns
[anomaly] it 367: terminal-step reward dominates the episode: survival is being punished
it  368 steps  36175872 sps   41,977 | ep_ret    5.76 ep_len  985.3 (n=117) | pg -0.007 vf 0.005 kl 0.0144 lr 2.0e-04
[anomaly] it 368: explained variance -1.23 < 0 after warm-up: value function not predicting returns
[anomaly] it 368: terminal-step reward dominates the episode: survival is being punished
it  369 steps  36274176 sps   41,978 | ep_ret    5.72 ep_len  984.1 (n=97) | pg -0.006 vf 0.004 kl 0.0134 lr 1.3e-04
[anomaly] it 369: explained variance -3.71 < 0 after warm-up: value function not predicting returns
[anomaly] it 369: terminal-step reward dominates the episode: survival is being punished
it  370 steps  36372480 sps   41,979 | ep_ret    5.61 ep_len  988.1 (n=101) | pg -0.007 vf 0.004 kl 0.0130 lr 2.0e-04
[anomaly] it 370: explained variance -0.06 < 0 after warm-up: value function not predicting returns
[anomaly] it 370: terminal-step reward dominates the episode: survival is being punished
it  371 steps  36470784 sps   41,981 | ep_ret    5.94 ep_len  989.5 (n=82) | pg -0.007 vf 0.004 kl 0.0160 lr 3.0e-04
[anomaly] it 371: explained variance -2.99 < 0 after warm-up: value function not predicting returns
[anomaly] it 371: terminal-step reward dominates the episode: survival is being punished
it  372 steps  36569088 sps   41,982 | ep_ret    5.98 ep_len  988.1 (n=84) | pg -0.007 vf 0.004 kl 0.0159 lr 3.0e-04
[anomaly] it 372: explained variance -1.77 < 0 after warm-up: value function not predicting returns
[anomaly] it 372: terminal-step reward dominates the episode: survival is being punished
it  373 steps  36667392 sps   41,983 | ep_ret    5.92 ep_len  988.3 (n=82) | pg -0.005 vf 0.005 kl 0.0133 lr 2.0e-04
[anomaly] it 373: explained variance -3.66 < 0 after warm-up: value function not predicting returns
[anomaly] it 373: terminal-step reward dominates the episode: survival is being punished
it  374 steps  36765696 sps   41,985 | ep_ret    5.43 ep_len  949.5 (n=72) | pg -0.007 vf 0.003 kl 0.0162 lr 3.0e-04
[anomaly] it 374: explained variance -0.21 < 0 after warm-up: value function not predicting returns
[anomaly] it 374: terminal-step reward dominates the episode: survival is being punished
it  375 steps  36864000 sps   41,986 | ep_ret    6.14 ep_len  991.2 (n=90) | pg -0.007 vf 0.003 kl 0.0140 lr 3.0e-04
[anomaly] it 375: explained variance -1.50 < 0 after warm-up: value function not predicting returns
[anomaly] it 375: terminal-step reward dominates the episode: survival is being punished
it  376 steps  36962304 sps   41,987 | ep_ret    6.10 ep_len  977.2 (n=92) | pg -0.005 vf 0.004 kl 0.0137 lr 2.0e-04
[anomaly] it 376: explained variance -0.40 < 0 after warm-up: value function not predicting returns
[anomaly] it 376: terminal-step reward dominates the episode: survival is being punished
it  377 steps  37060608 sps   41,988 | ep_ret    6.30 ep_len  995.4 (n=59) | pg -0.007 vf 0.003 kl 0.0142 lr 2.0e-04
[anomaly] it 377: explained variance -2.84 < 0 after warm-up: value function not predicting returns
[anomaly] it 377: terminal-step reward dominates the episode: survival is being punished
it  378 steps  37158912 sps   41,990 | ep_ret    6.31 ep_len  984.8 (n=73) | pg -0.006 vf 0.005 kl 0.0148 lr 2.0e-04
[anomaly] it 378: explained variance -1.98 < 0 after warm-up: value function not predicting returns
[anomaly] it 378: terminal-step reward dominates the episode: survival is being punished
it  379 steps  37257216 sps   41,991 | ep_ret    6.14 ep_len  966.4 (n=82) | pg -0.007 vf 0.003 kl 0.0127 lr 1.3e-04
[anomaly] it 379: explained variance -0.06 < 0 after warm-up: value function not predicting returns
[anomaly] it 379: terminal-step reward dominates the episode: survival is being punished
it  380 steps  37355520 sps   41,992 | ep_ret    6.48 ep_len  993.5 (n=63) | pg -0.007 vf 0.003 kl 0.0139 lr 3.0e-04
[anomaly] it 380: explained variance -1.59 < 0 after warm-up: value function not predicting returns
[anomaly] it 380: terminal-step reward dominates the episode: survival is being punished
it  381 steps  37453824 sps   41,993 | ep_ret    6.67 ep_len  996.5 (n=81) | pg -0.006 vf 0.003 kl 0.0154 lr 3.0e-04
[anomaly] it 381: explained variance -3.68 < 0 after warm-up: value function not predicting returns
[anomaly] it 381: terminal-step reward dominates the episode: survival is being punished
it  382 steps  37552128 sps   41,995 | ep_ret    6.52 ep_len  989.7 (n=73) | pg -0.007 vf 0.003 kl 0.0154 lr 3.0e-04
[anomaly] it 382: explained variance -0.59 < 0 after warm-up: value function not predicting returns
[anomaly] it 382: terminal-step reward dominates the episode: survival is being punished
it  383 steps  37650432 sps   41,996 | ep_ret    6.74 ep_len  989.7 (n=71) | pg -0.007 vf 0.002 kl 0.0154 lr 3.0e-04
[anomaly] it 383: explained variance -2.29 < 0 after warm-up: value function not predicting returns
[anomaly] it 383: terminal-step reward dominates the episode: survival is being punished
it  384 steps  37748736 sps   41,997 | ep_ret    6.84 ep_len  993.2 (n=78) | pg -0.008 vf 0.002 kl 0.0172 lr 4.4e-04
[anomaly] it 384: explained variance -0.61 < 0 after warm-up: value function not predicting returns
[anomaly] it 384: terminal-step reward dominates the episode: survival is being punished
it  385 steps  37847040 sps   41,998 | ep_ret    6.88 ep_len  995.2 (n=68) | pg -0.006 vf 0.003 kl 0.0151 lr 2.0e-04
[anomaly] it 385: explained variance -1.57 < 0 after warm-up: value function not predicting returns
[anomaly] it 385: terminal-step reward dominates the episode: survival is being punished
it  386 steps  37945344 sps   41,999 | ep_ret    6.58 ep_len  982.6 (n=71) | pg -0.006 vf 0.005 kl 0.0144 lr 2.0e-04
[anomaly] it 386: explained variance -0.68 < 0 after warm-up: value function not predicting returns
[anomaly] it 386: terminal-step reward dominates the episode: survival is being punished
it  387 steps  38043648 sps   42,000 | ep_ret    6.68 ep_len  971.4 (n=68) | pg -0.006 vf 0.004 kl 0.0142 lr 2.0e-04
[anomaly] it 387: explained variance -1.28 < 0 after warm-up: value function not predicting returns
[anomaly] it 387: terminal-step reward dominates the episode: survival is being punished
it  388 steps  38141952 sps   42,001 | ep_ret    6.47 ep_len  970.6 (n=81) | pg -0.007 vf 0.003 kl 0.0143 lr 2.0e-04
[anomaly] it 388: explained variance -0.31 < 0 after warm-up: value function not predicting returns
[anomaly] it 388: terminal-step reward dominates the episode: survival is being punished
it  389 steps  38240256 sps   42,003 | ep_ret    6.82 ep_len  986.6 (n=87) | pg -0.007 vf 0.004 kl 0.0138 lr 2.0e-04
[anomaly] it 389: explained variance -1.06 < 0 after warm-up: value function not predicting returns
[anomaly] it 389: terminal-step reward dominates the episode: survival is being punished
it  390 steps  38338560 sps   42,004 | ep_ret    6.91 ep_len  975.7 (n=104) | pg -0.007 vf 0.004 kl 0.0150 lr 3.0e-04
[anomaly] it 390: explained variance -1.21 < 0 after warm-up: value function not predicting returns
[anomaly] it 390: terminal-step reward dominates the episode: survival is being punished
it  391 steps  38436864 sps   42,005 | ep_ret    7.12 ep_len  990.8 (n=98) | pg -0.006 vf 0.004 kl 0.0132 lr 2.0e-04
[anomaly] it 391: explained variance -0.52 < 0 after warm-up: value function not predicting returns
[anomaly] it 391: terminal-step reward dominates the episode: survival is being punished
it  392 steps  38535168 sps   42,006 | ep_ret    7.29 ep_len  997.4 (n=116) | pg -0.006 vf 0.004 kl 0.0136 lr 2.0e-04
[anomaly] it 392: explained variance -3.22 < 0 after warm-up: value function not predicting returns
[anomaly] it 392: terminal-step reward dominates the episode: survival is being punished
it  393 steps  38633472 sps   42,007 | ep_ret    7.02 ep_len  982.7 (n=110) | pg -0.007 vf 0.003 kl 0.0139 lr 2.0e-04
[anomaly] it 393: explained variance -0.49 < 0 after warm-up: value function not predicting returns
[anomaly] it 393: terminal-step reward dominates the episode: survival is being punished
it  394 steps  38731776 sps   42,008 | ep_ret    7.16 ep_len  989.5 (n=138) | pg -0.006 vf 0.003 kl 0.0129 lr 1.3e-04
[anomaly] it 394: terminal-step reward dominates the episode: survival is being punished
it  395 steps  38830080 sps   42,009 | ep_ret    7.57 ep_len 1000.0 (n=117) | pg -0.006 vf 0.005 kl 0.0147 lr 2.0e-04
[anomaly] it 395: explained variance -4.26 < 0 after warm-up: value function not predicting returns
it  396 steps  38928384 sps   42,011 | ep_ret    7.25 ep_len  976.2 (n=119) | pg -0.007 vf 0.005 kl 0.0134 lr 3.0e-04
[anomaly] it 396: terminal-step reward dominates the episode: survival is being punished
it  397 steps  39026688 sps   42,012 | ep_ret    7.43 ep_len  994.6 (n=134) | pg -0.005 vf 0.003 kl 0.0139 lr 2.0e-04
[anomaly] it 397: explained variance -0.94 < 0 after warm-up: value function not predicting returns
[anomaly] it 397: terminal-step reward dominates the episode: survival is being punished
it  398 steps  39124992 sps   42,013 | ep_ret    7.50 ep_len  986.7 (n=147) | pg -0.006 vf 0.004 kl 0.0136 lr 2.0e-04
[anomaly] it 398: explained variance -0.40 < 0 after warm-up: value function not predicting returns
[anomaly] it 398: terminal-step reward dominates the episode: survival is being punished
it  399 steps  39223296 sps   42,014 | ep_ret    7.67 ep_len  993.9 (n=136) | pg -0.007 vf 0.002 kl 0.0163 lr 3.0e-04
[anomaly] it 399: explained variance -2.78 < 0 after warm-up: value function not predicting returns
[anomaly] it 399: terminal-step reward dominates the episode: survival is being punished
it  400 steps  39321600 sps   42,015 | ep_ret    7.53 ep_len  988.8 (n=145) | pg -0.008 vf 0.003 kl 0.0168 lr 4.4e-04
[anomaly] it 400: explained variance -0.17 < 0 after warm-up: value function not predicting returns
[anomaly] it 400: terminal-step reward dominates the episode: survival is being punished
it  401 steps  39419904 sps   42,016 | ep_ret    7.72 ep_len 1000.0 (n=121) | pg -0.005 vf 0.004 kl 0.0145 lr 2.0e-04
[anomaly] it 401: explained variance -2.50 < 0 after warm-up: value function not predicting returns
it  402 steps  39518208 sps   42,017 | ep_ret    7.93 ep_len 1000.0 (n=122) | pg -0.004 vf 0.004 kl 0.0137 lr 8.8e-05
[anomaly] it 402: explained variance -2.66 < 0 after warm-up: value function not predicting returns
it  403 steps  39616512 sps   42,018 | ep_ret    7.89 ep_len  993.8 (n=123) | pg -0.005 vf 0.002 kl 0.0114 lr 2.0e-04
[anomaly] it 403: explained variance -0.49 < 0 after warm-up: value function not predicting returns
[anomaly] it 403: terminal-step reward dominates the episode: survival is being punished
it  404 steps  39714816 sps   42,019 | ep_ret    7.75 ep_len  991.5 (n=103) | pg -0.010 vf 0.001 kl 0.0116 lr 3.0e-04
[anomaly] it 404: explained variance -0.34 < 0 after warm-up: value function not predicting returns
[anomaly] it 404: terminal-step reward dominates the episode: survival is being punished
it  405 steps  39813120 sps   42,020 | ep_ret    7.99 ep_len  992.3 (n=119) | pg -0.006 vf 0.002 kl 0.0161 lr 3.0e-04
[anomaly] it 405: explained variance -0.77 < 0 after warm-up: value function not predicting returns
[anomaly] it 405: terminal-step reward dominates the episode: survival is being punished
it  406 steps  39911424 sps   42,021 | ep_ret    8.05 ep_len  994.1 (n=136) | pg -0.005 vf 0.001 kl 0.0164 lr 2.0e-04
[anomaly] it 406: explained variance -1.06 < 0 after warm-up: value function not predicting returns
[anomaly] it 406: terminal-step reward dominates the episode: survival is being punished
it  407 steps  40009728 sps   42,022 | ep_ret    7.95 ep_len  994.7 (n=107) | pg -0.008 vf 0.002 kl 0.0148 lr 3.0e-04
[anomaly] it 407: explained variance -0.23 < 0 after warm-up: value function not predicting returns
[anomaly] it 407: terminal-step reward dominates the episode: survival is being punished
it  408 steps  40108032 sps   42,023 | ep_ret    8.13 ep_len  992.8 (n=110) | pg -0.005 vf 0.002 kl 0.0139 lr 2.0e-04
[anomaly] it 408: explained variance -1.47 < 0 after warm-up: value function not predicting returns
[anomaly] it 408: terminal-step reward dominates the episode: survival is being punished
it  409 steps  40206336 sps   42,024 | ep_ret    8.03 ep_len  991.2 (n=95) | pg -0.007 vf 0.002 kl 0.0164 lr 4.4e-04
[anomaly] it 409: explained variance -0.31 < 0 after warm-up: value function not predicting returns
[anomaly] it 409: terminal-step reward dominates the episode: survival is being punished
it  410 steps  40304640 sps   42,026 | ep_ret    8.37 ep_len 1000.0 (n=111) | pg -0.006 vf 0.002 kl 0.0166 lr 3.0e-04
[anomaly] it 410: explained variance -1.56 < 0 after warm-up: value function not predicting returns
it  411 steps  40402944 sps   42,027 | ep_ret    8.14 ep_len  989.2 (n=99) | pg -0.007 vf 0.003 kl 0.0165 lr 3.0e-04
[anomaly] it 411: terminal-step reward dominates the episode: survival is being punished
it  412 steps  40501248 sps   42,027 | ep_ret    8.25 ep_len  998.0 (n=91) | pg -0.006 vf 0.002 kl 0.0128 lr 2.0e-04
[anomaly] it 412: explained variance -1.42 < 0 after warm-up: value function not predicting returns
[anomaly] it 412: terminal-step reward dominates the episode: survival is being punished
it  413 steps  40599552 sps   42,028 | ep_ret    8.15 ep_len  994.9 (n=83) | pg -0.007 vf 0.002 kl 0.0148 lr 3.0e-04
[anomaly] it 413: explained variance -1.68 < 0 after warm-up: value function not predicting returns
[anomaly] it 413: terminal-step reward dominates the episode: survival is being punished
it  414 steps  40697856 sps   42,029 | ep_ret    8.18 ep_len  977.4 (n=83) | pg -0.005 vf 0.004 kl 0.0137 lr 1.3e-04
[anomaly] it 414: explained variance -0.12 < 0 after warm-up: value function not predicting returns
[anomaly] it 414: terminal-step reward dominates the episode: survival is being punished
it  415 steps  40796160 sps   42,030 | ep_ret    8.27 ep_len  992.0 (n=73) | pg -0.007 vf 0.003 kl 0.0142 lr 3.0e-04
[anomaly] it 415: explained variance -2.23 < 0 after warm-up: value function not predicting returns
[anomaly] it 415: terminal-step reward dominates the episode: survival is being punished
it  416 steps  40894464 sps   42,031 | ep_ret    8.33 ep_len  977.7 (n=83) | pg -0.007 vf 0.003 kl 0.0150 lr 3.0e-04
[anomaly] it 416: explained variance -0.51 < 0 after warm-up: value function not predicting returns
[anomaly] it 416: terminal-step reward dominates the episode: survival is being punished
it  417 steps  40992768 sps   42,032 | ep_ret    8.53 ep_len  990.0 (n=87) | pg -0.006 vf 0.005 kl 0.0137 lr 1.3e-04
[anomaly] it 417: explained variance -0.67 < 0 after warm-up: value function not predicting returns
[anomaly] it 417: terminal-step reward dominates the episode: survival is being punished
it  418 steps  41091072 sps   42,033 | ep_ret    8.62 ep_len  997.2 (n=85) | pg -0.007 vf 0.002 kl 0.0140 lr 3.0e-04
[anomaly] it 418: explained variance -2.74 < 0 after warm-up: value function not predicting returns
[anomaly] it 418: terminal-step reward dominates the episode: survival is being punished
it  419 steps  41189376 sps   42,034 | ep_ret    8.53 ep_len  978.2 (n=55) | pg -0.007 vf 0.002 kl 0.0158 lr 3.0e-04
[anomaly] it 419: explained variance -1.20 < 0 after warm-up: value function not predicting returns
[anomaly] it 419: terminal-step reward dominates the episode: survival is being punished
it  420 steps  41287680 sps   42,035 | ep_ret    8.80 ep_len  994.0 (n=84) | pg -0.007 vf 0.003 kl 0.0161 lr 4.4e-04
[anomaly] it 420: explained variance -1.48 < 0 after warm-up: value function not predicting returns
[anomaly] it 420: terminal-step reward dominates the episode: survival is being punished
it  421 steps  41385984 sps   42,036 | ep_ret    8.73 ep_len  984.6 (n=66) | pg -0.008 vf 0.002 kl 0.0152 lr 2.0e-04
[anomaly] it 421: explained variance -0.46 < 0 after warm-up: value function not predicting returns
[anomaly] it 421: terminal-step reward dominates the episode: survival is being punished
it  422 steps  41484288 sps   42,037 | ep_ret    8.76 ep_len  992.3 (n=85) | pg -0.006 vf 0.003 kl 0.0122 lr 1.3e-04
[anomaly] it 422: explained variance -0.01 < 0 after warm-up: value function not predicting returns
[anomaly] it 422: terminal-step reward dominates the episode: survival is being punished
it  423 steps  41582592 sps   42,038 | ep_ret    9.22 ep_len 1000.0 (n=67) | pg -0.006 vf 0.002 kl 0.0140 lr 3.0e-04
[anomaly] it 423: explained variance -2.46 < 0 after warm-up: value function not predicting returns
it  424 steps  41680896 sps   42,040 | ep_ret    8.88 ep_len  976.9 (n=74) | pg -0.007 vf 0.002 kl 0.0142 lr 3.0e-04
[anomaly] it 424: explained variance -0.13 < 0 after warm-up: value function not predicting returns
[anomaly] it 424: terminal-step reward dominates the episode: survival is being punished
it  425 steps  41779200 sps   42,041 | ep_ret    9.04 ep_len  989.4 (n=78) | pg -0.005 vf 0.002 kl 0.0173 lr 2.0e-04
[anomaly] it 425: explained variance -0.45 < 0 after warm-up: value function not predicting returns
[anomaly] it 425: terminal-step reward dominates the episode: survival is being punished
it  426 steps  41877504 sps   42,042 | ep_ret    9.24 ep_len  994.2 (n=78) | pg -0.007 vf 0.003 kl 0.0138 lr 3.0e-04
[anomaly] it 426: explained variance -1.21 < 0 after warm-up: value function not predicting returns
[anomaly] it 426: terminal-step reward dominates the episode: survival is being punished
it  427 steps  41975808 sps   42,043 | ep_ret    9.08 ep_len  982.5 (n=60) | pg -0.006 vf 0.003 kl 0.0155 lr 3.0e-04
[anomaly] it 427: explained variance -1.32 < 0 after warm-up: value function not predicting returns
[anomaly] it 427: terminal-step reward dominates the episode: survival is being punished
it  428 steps  42074112 sps   42,044 | ep_ret    9.15 ep_len  977.7 (n=81) | pg -0.006 vf 0.003 kl 0.0139 lr 2.0e-04
[anomaly] it 428: terminal-step reward dominates the episode: survival is being punished
it  429 steps  42172416 sps   42,045 | ep_ret    9.47 ep_len 1000.0 (n=65) | pg -0.007 vf 0.003 kl 0.0132 lr 3.0e-04
[anomaly] it 429: explained variance -1.86 < 0 after warm-up: value function not predicting returns
it  430 steps  42270720 sps   42,046 | ep_ret    9.52 ep_len  989.3 (n=83) | pg -0.006 vf 0.003 kl 0.0154 lr 3.0e-04
[anomaly] it 430: explained variance -0.73 < 0 after warm-up: value function not predicting returns
[anomaly] it 430: terminal-step reward dominates the episode: survival is being punished
it  431 steps  42369024 sps   42,047 | ep_ret    9.54 ep_len  996.7 (n=89) | pg -0.005 vf 0.002 kl 0.0152 lr 3.0e-04
[anomaly] it 431: explained variance -1.18 < 0 after warm-up: value function not predicting returns
[anomaly] it 431: terminal-step reward dominates the episode: survival is being punished
it  432 steps  42467328 sps   42,048 | ep_ret    9.49 ep_len  990.5 (n=114) | pg -0.006 vf 0.003 kl 0.0146 lr 3.0e-04
[anomaly] it 432: explained variance -0.29 < 0 after warm-up: value function not predicting returns
[anomaly] it 432: terminal-step reward dominates the episode: survival is being punished
it  433 steps  42565632 sps   42,049 | ep_ret    9.86 ep_len 1000.0 (n=101) | pg -0.006 vf 0.003 kl 0.0153 lr 3.0e-04
[anomaly] it 433: explained variance -1.71 < 0 after warm-up: value function not predicting returns
it  434 steps  42663936 sps   42,050 | ep_ret    9.73 ep_len  993.8 (n=121) | pg -0.005 vf 0.003 kl 0.0141 lr 3.0e-04
[anomaly] it 434: explained variance -1.82 < 0 after warm-up: value function not predicting returns
[anomaly] it 434: terminal-step reward dominates the episode: survival is being punished
it  435 steps  42762240 sps   42,051 | ep_ret    9.59 ep_len  985.6 (n=102) | pg -0.006 vf 0.002 kl 0.0151 lr 2.0e-04
[anomaly] it 435: terminal-step reward dominates the episode: survival is being punished
it  436 steps  42860544 sps   42,052 | ep_ret   10.04 ep_len 1000.0 (n=139) | pg -0.006 vf 0.001 kl 0.0145 lr 3.0e-04
[anomaly] it 436: explained variance -1.08 < 0 after warm-up: value function not predicting returns
it  437 steps  42958848 sps   42,053 | ep_ret   10.07 ep_len  996.4 (n=118) | pg -0.007 vf 0.002 kl 0.0148 lr 3.0e-04
[anomaly] it 437: explained variance -0.19 < 0 after warm-up: value function not predicting returns
[anomaly] it 437: terminal-step reward dominates the episode: survival is being punished
it  438 steps  43057152 sps   42,054 | ep_ret   10.08 ep_len  996.8 (n=127) | pg -0.007 vf 0.002 kl 0.0143 lr 3.0e-04
[anomaly] it 438: explained variance -0.35 < 0 after warm-up: value function not predicting returns
[anomaly] it 438: terminal-step reward dominates the episode: survival is being punished
it  439 steps  43155456 sps   42,055 | ep_ret   10.10 ep_len  998.8 (n=135) | pg -0.006 vf 0.002 kl 0.0156 lr 3.0e-04
[anomaly] it 439: explained variance -0.56 < 0 after warm-up: value function not predicting returns
[anomaly] it 439: terminal-step reward dominates the episode: survival is being punished
it  440 steps  43253760 sps   42,056 | ep_ret   10.18 ep_len  997.9 (n=145) | pg -0.006 vf 0.001 kl 0.0144 lr 3.0e-04
[anomaly] it 440: explained variance -0.63 < 0 after warm-up: value function not predicting returns
[anomaly] it 440: terminal-step reward dominates the episode: survival is being punished
it  441 steps  43352064 sps   42,057 | ep_ret   10.25 ep_len  997.0 (n=141) | pg -0.005 vf 0.002 kl 0.0149 lr 3.0e-04
[anomaly] it 441: terminal-step reward dominates the episode: survival is being punished
it  442 steps  43450368 sps   42,058 | ep_ret   10.30 ep_len  998.2 (n=130) | pg -0.005 vf 0.002 kl 0.0159 lr 3.0e-04
[anomaly] it 442: explained variance -0.07 < 0 after warm-up: value function not predicting returns
[anomaly] it 442: terminal-step reward dominates the episode: survival is being punished
it  443 steps  43548672 sps   42,059 | ep_ret   10.31 ep_len  998.5 (n=120) | pg -0.006 vf 0.002 kl 0.0162 lr 2.0e-04
[anomaly] it 443: explained variance -0.00 < 0 after warm-up: value function not predicting returns
[anomaly] it 443: terminal-step reward dominates the episode: survival is being punished
it  444 steps  43646976 sps   42,060 | ep_ret   10.55 ep_len 1000.0 (n=113) | pg -0.005 vf 0.003 kl 0.0132 lr 2.0e-04
[anomaly] it 444: explained variance -1.35 < 0 after warm-up: value function not predicting returns
it  445 steps  43745280 sps   42,061 | ep_ret   10.29 ep_len  989.8 (n=117) | pg -0.005 vf 0.003 kl 0.0136 lr 2.0e-04
[anomaly] it 445: explained variance -0.40 < 0 after warm-up: value function not predicting returns
[anomaly] it 445: terminal-step reward dominates the episode: survival is being punished
it  446 steps  43843584 sps   42,062 | ep_ret   10.60 ep_len  996.7 (n=102) | pg -0.006 vf 0.002 kl 0.0159 lr 3.0e-04
[anomaly] it 446: explained variance -1.76 < 0 after warm-up: value function not predicting returns
[anomaly] it 446: terminal-step reward dominates the episode: survival is being punished
it  447 steps  43941888 sps   42,063 | ep_ret   10.55 ep_len  994.8 (n=140) | pg -0.007 vf 0.002 kl 0.0155 lr 3.0e-04
[anomaly] it 447: explained variance -0.17 < 0 after warm-up: value function not predicting returns
[anomaly] it 447: terminal-step reward dominates the episode: survival is being punished
it  448 steps  44040192 sps   42,063 | ep_ret   10.75 ep_len 1000.0 (n=115) | pg -0.005 vf 0.002 kl 0.0152 lr 2.0e-04
[anomaly] it 448: explained variance -2.15 < 0 after warm-up: value function not predicting returns
it  449 steps  44138496 sps   42,064 | ep_ret   10.57 ep_len  982.1 (n=121) | pg -0.007 vf 0.001 kl 0.0131 lr 2.0e-04
[anomaly] it 449: terminal-step reward dominates the episode: survival is being punished
it  450 steps  44236800 sps   42,065 | ep_ret   10.85 ep_len 1000.0 (n=94) | pg -0.006 vf 0.001 kl 0.0148 lr 3.0e-04
[anomaly] it 450: explained variance -0.27 < 0 after warm-up: value function not predicting returns
it  451 steps  44335104 sps   42,066 | ep_ret   10.99 ep_len 1000.0 (n=107) | pg -0.007 vf 0.002 kl 0.0147 lr 3.0e-04
[anomaly] it 451: explained variance -0.88 < 0 after warm-up: value function not predicting returns
it  452 steps  44433408 sps   42,067 | ep_ret   11.01 ep_len  994.2 (n=96) | pg -0.007 vf 0.002 kl 0.0141 lr 2.0e-04
[anomaly] it 452: explained variance -0.21 < 0 after warm-up: value function not predicting returns
[anomaly] it 452: terminal-step reward dominates the episode: survival is being punished
it  453 steps  44531712 sps   42,068 | ep_ret   11.17 ep_len 1000.0 (n=94) | pg -0.006 vf 0.003 kl 0.0143 lr 2.0e-04
[anomaly] it 453: explained variance -1.42 < 0 after warm-up: value function not predicting returns
it  454 steps  44630016 sps   42,069 | ep_ret   10.98 ep_len  987.3 (n=82) | pg -0.007 vf 0.002 kl 0.0122 lr 3.0e-04
[anomaly] it 454: explained variance -0.05 < 0 after warm-up: value function not predicting returns
[anomaly] it 454: terminal-step reward dominates the episode: survival is being punished
it  455 steps  44728320 sps   42,070 | ep_ret   11.03 ep_len  993.9 (n=90) | pg -0.006 vf 0.002 kl 0.0139 lr 2.0e-04
[anomaly] it 455: explained variance -0.50 < 0 after warm-up: value function not predicting returns
[anomaly] it 455: terminal-step reward dominates the episode: survival is being punished
it  456 steps  44826624 sps   42,070 | ep_ret   11.19 ep_len  992.1 (n=89) | pg -0.007 vf 0.002 kl 0.0135 lr 2.0e-04
[anomaly] it 456: explained variance -0.73 < 0 after warm-up: value function not predicting returns
[anomaly] it 456: terminal-step reward dominates the episode: survival is being punished
it  457 steps  44924928 sps   42,071 | ep_ret   11.25 ep_len  993.2 (n=68) | pg -0.006 vf 0.003 kl 0.0140 lr 3.0e-04
[anomaly] it 457: explained variance -0.90 < 0 after warm-up: value function not predicting returns
[anomaly] it 457: terminal-step reward dominates the episode: survival is being punished
it  458 steps  45023232 sps   42,072 | ep_ret   10.99 ep_len  984.4 (n=94) | pg -0.006 vf 0.002 kl 0.0136 lr 2.0e-04
[anomaly] it 458: terminal-step reward dominates the episode: survival is being punished
it  459 steps  45121536 sps   42,073 | ep_ret   11.04 ep_len  984.5 (n=81) | pg -0.005 vf 0.004 kl 0.0158 lr 3.0e-04
[anomaly] it 459: explained variance -0.21 < 0 after warm-up: value function not predicting returns
[anomaly] it 459: terminal-step reward dominates the episode: survival is being punished
it  460 steps  45219840 sps   42,074 | ep_ret   11.46 ep_len  992.1 (n=76) | pg -0.007 vf 0.002 kl 0.0136 lr 2.0e-04
[anomaly] it 460: explained variance -0.66 < 0 after warm-up: value function not predicting returns
[anomaly] it 460: terminal-step reward dominates the episode: survival is being punished
it  461 steps  45318144 sps   42,075 | ep_ret   11.36 ep_len  984.3 (n=58) | pg -0.007 vf 0.002 kl 0.0151 lr 3.0e-04
[anomaly] it 461: explained variance -0.21 < 0 after warm-up: value function not predicting returns
[anomaly] it 461: terminal-step reward dominates the episode: survival is being punished
it  462 steps  45416448 sps   42,076 | ep_ret   11.63 ep_len 1000.0 (n=87) | pg -0.006 vf 0.001 kl 0.0152 lr 3.0e-04
[anomaly] it 462: explained variance -0.40 < 0 after warm-up: value function not predicting returns
it  463 steps  45514752 sps   42,077 | ep_ret   11.66 ep_len 1000.0 (n=66) | pg -0.007 vf 0.001 kl 0.0155 lr 3.0e-04
[anomaly] it 463: explained variance -0.27 < 0 after warm-up: value function not predicting returns
it  464 steps  45613056 sps   42,078 | ep_ret   11.71 ep_len 1000.0 (n=87) | pg -0.004 vf 0.003 kl 0.0129 lr 1.3e-04
[anomaly] it 464: explained variance -0.81 < 0 after warm-up: value function not predicting returns
it  465 steps  45711360 sps   42,078 | ep_ret   11.71 ep_len 1000.0 (n=66) | pg -0.007 vf 0.001 kl 0.0145 lr 3.0e-04
[anomaly] it 465: explained variance -2.64 < 0 after warm-up: value function not predicting returns
it  466 steps  45809664 sps   42,079 | ep_ret   11.31 ep_len  973.4 (n=67) | pg -0.005 vf 0.001 kl 0.0157 lr 3.0e-04
[anomaly] it 466: terminal-step reward dominates the episode: survival is being punished
it  467 steps  45907968 sps   42,080 | ep_ret   11.82 ep_len  992.8 (n=82) | pg -0.004 vf 0.002 kl 0.0133 lr 2.0e-04
[anomaly] it 467: terminal-step reward dominates the episode: survival is being punished
it  468 steps  46006272 sps   42,081 | ep_ret   12.03 ep_len 1000.0 (n=74) | pg -0.007 vf 0.002 kl 0.0131 lr 3.0e-04
[anomaly] it 468: explained variance -0.86 < 0 after warm-up: value function not predicting returns
it  469 steps  46104576 sps   42,082 | ep_ret   11.77 ep_len  988.8 (n=70) | pg -0.006 vf 0.003 kl 0.0151 lr 2.0e-04
[anomaly] it 469: explained variance -1.41 < 0 after warm-up: value function not predicting returns
[anomaly] it 469: terminal-step reward dominates the episode: survival is being punished
it  470 steps  46202880 sps   42,083 | ep_ret   11.94 ep_len  985.7 (n=77) | pg -0.007 vf 0.002 kl 0.0139 lr 3.0e-04
[anomaly] it 470: explained variance -0.27 < 0 after warm-up: value function not predicting returns
[anomaly] it 470: terminal-step reward dominates the episode: survival is being punished
it  471 steps  46301184 sps   42,083 | ep_ret   12.09 ep_len  991.5 (n=73) | pg -0.006 vf 0.002 kl 0.0144 lr 3.0e-04
[anomaly] it 471: terminal-step reward dominates the episode: survival is being punished
it  472 steps  46399488 sps   42,084 | ep_ret   12.25 ep_len 1000.0 (n=84) | pg -0.006 vf 0.002 kl 0.0158 lr 3.0e-04
[anomaly] it 472: explained variance -0.40 < 0 after warm-up: value function not predicting returns
it  473 steps  46497792 sps   42,085 | ep_ret   12.31 ep_len 1000.0 (n=95) | pg -0.006 vf 0.002 kl 0.0153 lr 3.0e-04
[anomaly] it 473: explained variance -0.91 < 0 after warm-up: value function not predicting returns
it  474 steps  46596096 sps   42,086 | ep_ret   12.28 ep_len  996.7 (n=117) | pg -0.005 vf 0.002 kl 0.0136 lr 2.0e-04
[anomaly] it 474: explained variance -0.73 < 0 after warm-up: value function not predicting returns
[anomaly] it 474: terminal-step reward dominates the episode: survival is being punished
it  475 steps  46694400 sps   42,086 | ep_ret   12.29 ep_len  995.7 (n=103) | pg -0.006 vf 0.002 kl 0.0150 lr 3.0e-04
[anomaly] it 475: explained variance -0.27 < 0 after warm-up: value function not predicting returns
[anomaly] it 475: terminal-step reward dominates the episode: survival is being punished
it  476 steps  46792704 sps   42,087 | ep_ret   12.55 ep_len 1000.0 (n=110) | pg -0.007 vf 0.002 kl 0.0148 lr 3.0e-04
[anomaly] it 476: explained variance -0.36 < 0 after warm-up: value function not predicting returns
it  477 steps  46891008 sps   42,088 | ep_ret   12.65 ep_len 1000.0 (n=125) | pg -0.005 vf 0.004 kl 0.0159 lr 3.0e-04
[anomaly] it 477: explained variance -1.19 < 0 after warm-up: value function not predicting returns
it  478 steps  46989312 sps   42,089 | ep_ret   12.53 ep_len  993.0 (n=126) | pg -0.005 vf 0.003 kl 0.0142 lr 1.3e-04
[anomaly] it 478: explained variance -1.00 < 0 after warm-up: value function not predicting returns
[anomaly] it 478: terminal-step reward dominates the episode: survival is being punished
it  479 steps  47087616 sps   42,090 | ep_ret   12.43 ep_len  986.4 (n=113) | pg -0.004 vf 0.002 kl 0.0135 lr 1.3e-04
[anomaly] it 479: terminal-step reward dominates the episode: survival is being punished
it  480 steps  47185920 sps   42,090 | ep_ret   12.77 ep_len 1000.0 (n=132) | pg -0.003 vf 0.002 kl 0.0126 lr 1.3e-04
[anomaly] it 480: explained variance -1.09 < 0 after warm-up: value function not predicting returns
it  481 steps  47284224 sps   42,091 | ep_ret   12.57 ep_len  997.8 (n=141) | pg -0.007 vf 0.001 kl 0.0137 lr 3.0e-04
[anomaly] it 481: explained variance -0.35 < 0 after warm-up: value function not predicting returns
[anomaly] it 481: terminal-step reward dominates the episode: survival is being punished
it  482 steps  47382528 sps   42,092 | ep_ret   12.82 ep_len  997.5 (n=146) | pg -0.007 vf 0.002 kl 0.0156 lr 3.0e-04
[anomaly] it 482: terminal-step reward dominates the episode: survival is being punished
it  483 steps  47480832 sps   42,093 | ep_ret   12.99 ep_len 1000.0 (n=138) | pg -0.006 vf 0.001 kl 0.0146 lr 3.0e-04
[anomaly] it 483: explained variance -1.07 < 0 after warm-up: value function not predicting returns
it  484 steps  47579136 sps   42,094 | ep_ret   12.79 ep_len  994.3 (n=127) | pg -0.006 vf 0.001 kl 0.0149 lr 3.0e-04
[anomaly] it 484: explained variance -0.47 < 0 after warm-up: value function not predicting returns
[anomaly] it 484: terminal-step reward dominates the episode: survival is being punished
it  485 steps  47677440 sps   42,095 | ep_ret   12.85 ep_len  992.3 (n=107) | pg -0.006 vf 0.002 kl 0.0133 lr 2.0e-04
[anomaly] it 485: explained variance -0.26 < 0 after warm-up: value function not predicting returns
[anomaly] it 485: terminal-step reward dominates the episode: survival is being punished
it  486 steps  47775744 sps   42,095 | ep_ret   13.21 ep_len 1000.0 (n=118) | pg -0.008 vf 0.001 kl 0.0127 lr 3.0e-04
[anomaly] it 486: explained variance -0.47 < 0 after warm-up: value function not predicting returns
it  487 steps  47874048 sps   42,096 | ep_ret   13.14 ep_len 1000.0 (n=109) | pg -0.006 vf 0.002 kl 0.0152 lr 3.0e-04
[anomaly] it 487: explained variance -0.49 < 0 after warm-up: value function not predicting returns
it  488 steps  47972352 sps   42,097 | ep_ret   13.14 ep_len  996.4 (n=112) | pg -0.005 vf 0.002 kl 0.0144 lr 2.0e-04
[anomaly] it 488: terminal-step reward dominates the episode: survival is being punished
it  489 steps  48070656 sps   42,098 | ep_ret   13.26 ep_len 1000.0 (n=141) | pg -0.005 vf 0.002 kl 0.0148 lr 3.0e-04
[anomaly] it 489: explained variance -0.45 < 0 after warm-up: value function not predicting returns
it  490 steps  48168960 sps   42,098 | ep_ret   13.29 ep_len 1000.0 (n=100) | pg -0.005 vf 0.002 kl 0.0137 lr 2.0e-04
[anomaly] it 490: explained variance -0.51 < 0 after warm-up: value function not predicting returns
it  491 steps  48267264 sps   42,099 | ep_ret   13.43 ep_len 1000.0 (n=121) | pg -0.006 vf 0.002 kl 0.0140 lr 2.0e-04
[anomaly] it 491: explained variance -1.19 < 0 after warm-up: value function not predicting returns
it  492 steps  48365568 sps   42,100 | ep_ret   13.36 ep_len  995.9 (n=89) | pg -0.006 vf 0.002 kl 0.0134 lr 3.0e-04
[anomaly] it 492: explained variance -0.46 < 0 after warm-up: value function not predicting returns
[anomaly] it 492: terminal-step reward dominates the episode: survival is being punished
it  493 steps  48463872 sps   42,100 | ep_ret   13.43 ep_len  996.1 (n=111) | pg -0.005 vf 0.002 kl 0.0152 lr 2.0e-04
[anomaly] it 493: explained variance -0.38 < 0 after warm-up: value function not predicting returns
[anomaly] it 493: terminal-step reward dominates the episode: survival is being punished
it  494 steps  48562176 sps   42,101 | ep_ret   13.50 ep_len  995.5 (n=90) | pg -0.004 vf 0.002 kl 0.0146 lr 3.0e-04
[anomaly] it 494: explained variance -0.24 < 0 after warm-up: value function not predicting returns
[anomaly] it 494: terminal-step reward dominates the episode: survival is being punished
it  495 steps  48660480 sps   42,102 | ep_ret   13.42 ep_len  996.1 (n=101) | pg -0.006 vf 0.002 kl 0.0147 lr 3.0e-04
[anomaly] it 495: explained variance -0.35 < 0 after warm-up: value function not predicting returns
[anomaly] it 495: terminal-step reward dominates the episode: survival is being punished
it  496 steps  48758784 sps   42,102 | ep_ret   13.54 ep_len  991.8 (n=84) | pg -0.005 vf 0.003 kl 0.0170 lr 3.0e-04
[anomaly] it 496: explained variance -0.47 < 0 after warm-up: value function not predicting returns
[anomaly] it 496: terminal-step reward dominates the episode: survival is being punished
it  497 steps  48857088 sps   42,103 | ep_ret   13.72 ep_len 1000.0 (n=81) | pg -0.004 vf 0.003 kl 0.0155 lr 2.0e-04
[anomaly] it 497: explained variance -1.33 < 0 after warm-up: value function not predicting returns
it  498 steps  48955392 sps   42,104 | ep_ret   13.54 ep_len  990.2 (n=83) | pg -0.006 vf 0.002 kl 0.0124 lr 2.0e-04
[anomaly] it 498: terminal-step reward dominates the episode: survival is being punished
it  499 steps  49053696 sps   42,105 | ep_ret   13.77 ep_len 1000.0 (n=73) | pg -0.007 vf 0.001 kl 0.0140 lr 2.0e-04
[anomaly] it 499: explained variance -0.29 < 0 after warm-up: value function not predicting returns
it  500 steps  49152000 sps   42,106 | ep_ret   13.97 ep_len 1000.0 (n=92) | pg -0.005 vf 0.001 kl 0.0124 lr 2.0e-04
[anomaly] it 500: explained variance -0.66 < 0 after warm-up: value function not predicting returns
it  501 steps  49250304 sps   42,106 | ep_ret   13.67 ep_len  995.1 (n=87) | pg -0.007 vf 0.003 kl 0.0142 lr 3.0e-04
[anomaly] it 501: explained variance -0.36 < 0 after warm-up: value function not predicting returns
[anomaly] it 501: terminal-step reward dominates the episode: survival is being punished
it  502 steps  49348608 sps   42,107 | ep_ret   13.86 ep_len  993.0 (n=65) | pg -0.005 vf 0.003 kl 0.0139 lr 2.0e-04
[anomaly] it 502: explained variance -0.45 < 0 after warm-up: value function not predicting returns
[anomaly] it 502: terminal-step reward dominates the episode: survival is being punished
it  503 steps  49446912 sps   42,108 | ep_ret   13.75 ep_len  991.4 (n=73) | pg -0.007 vf 0.002 kl 0.0139 lr 3.0e-04
[anomaly] it 503: explained variance -0.99 < 0 after warm-up: value function not predicting returns
[anomaly] it 503: terminal-step reward dominates the episode: survival is being punished
[anomaly] it 503: contact force 31140 N > 50x robot weight
it  504 steps  49545216 sps   42,108 | ep_ret   13.78 ep_len  983.0 (n=82) | pg -0.006 vf 0.002 kl 0.0151 lr 2.0e-04
[anomaly] it 504: terminal-step reward dominates the episode: survival is being punished
it  505 steps  49643520 sps   42,109 | ep_ret   14.18 ep_len 1000.0 (n=62) | pg -0.005 vf 0.003 kl 0.0148 lr 2.0e-04
[anomaly] it 505: explained variance -0.97 < 0 after warm-up: value function not predicting returns
it  506 steps  49741824 sps   42,110 | ep_ret   14.06 ep_len  995.6 (n=81) | pg -0.006 vf 0.002 kl 0.0133 lr 2.0e-04
[anomaly] it 506: explained variance -1.25 < 0 after warm-up: value function not predicting returns
[anomaly] it 506: terminal-step reward dominates the episode: survival is being punished
it  507 steps  49840128 sps   42,110 | ep_ret   13.99 ep_len  994.0 (n=75) | pg -0.004 vf 0.001 kl 0.0148 lr 3.0e-04
[anomaly] it 507: explained variance -0.48 < 0 after warm-up: value function not predicting returns
[anomaly] it 507: terminal-step reward dominates the episode: survival is being punished
it  508 steps  49938432 sps   42,111 | ep_ret   13.90 ep_len  994.3 (n=73) | pg -0.006 vf 0.001 kl 0.0141 lr 3.0e-04
[anomaly] it 508: explained variance -0.09 < 0 after warm-up: value function not predicting returns
[anomaly] it 508: terminal-step reward dominates the episode: survival is being punished
it  509 steps  50036736 sps   42,112 | ep_ret   14.31 ep_len 1000.0 (n=79) | pg -0.006 vf 0.002 kl 0.0136 lr 2.0e-04
[anomaly] it 509: explained variance -0.23 < 0 after warm-up: value function not predicting returns
it  510 steps  50135040 sps   42,112 | ep_ret   14.24 ep_len 1000.0 (n=72) | pg -0.005 vf 0.003 kl 0.0141 lr 3.0e-04
[anomaly] it 510: explained variance -0.63 < 0 after warm-up: value function not predicting returns
it  511 steps  50233344 sps   42,113 | ep_ret   14.15 ep_len  989.5 (n=67) | pg -0.004 vf 0.002 kl 0.0136 lr 2.0e-04
[anomaly] it 511: explained variance -0.05 < 0 after warm-up: value function not predicting returns
[anomaly] it 511: terminal-step reward dominates the episode: survival is being punished
it  512 steps  50331648 sps   42,114 | ep_ret   14.52 ep_len 1000.0 (n=71) | pg -0.006 vf 0.002 kl 0.0134 lr 3.0e-04
[anomaly] it 512: explained variance -0.30 < 0 after warm-up: value function not predicting returns
it  513 steps  50429952 sps   42,114 | ep_ret   14.53 ep_len 1000.0 (n=83) | pg -0.006 vf 0.002 kl 0.0141 lr 3.0e-04
[anomaly] it 513: explained variance -0.72 < 0 after warm-up: value function not predicting returns
it  514 steps  50528256 sps   42,115 | ep_ret   14.38 ep_len  994.8 (n=87) | pg -0.005 vf 0.002 kl 0.0142 lr 3.0e-04
[anomaly] it 514: explained variance -0.45 < 0 after warm-up: value function not predicting returns
[anomaly] it 514: terminal-step reward dominates the episode: survival is being punished
it  515 steps  50626560 sps   42,116 | ep_ret   14.55 ep_len 1000.0 (n=108) | pg -0.005 vf 0.002 kl 0.0139 lr 2.0e-04
[anomaly] it 515: explained variance -0.67 < 0 after warm-up: value function not predicting returns
it  516 steps  50724864 sps   42,116 | ep_ret   14.45 ep_len  996.7 (n=97) | pg -0.004 vf 0.003 kl 0.0133 lr 1.3e-04
[anomaly] it 516: explained variance -0.31 < 0 after warm-up: value function not predicting returns
[anomaly] it 516: terminal-step reward dominates the episode: survival is being punished
it  517 steps  50823168 sps   42,117 | ep_ret   14.61 ep_len 1000.0 (n=114) | pg -0.005 vf 0.002 kl 0.0126 lr 1.3e-04
[anomaly] it 517: explained variance -1.53 < 0 after warm-up: value function not predicting returns
it  518 steps  50921472 sps   42,118 | ep_ret   14.45 ep_len  992.5 (n=107) | pg -0.007 vf 0.002 kl 0.0109 lr 2.0e-04
[anomaly] it 518: explained variance -0.72 < 0 after warm-up: value function not predicting returns
[anomaly] it 518: terminal-step reward dominates the episode: survival is being punished
it  519 steps  51019776 sps   42,118 | ep_ret   14.79 ep_len  997.3 (n=140) | pg -0.006 vf 0.002 kl 0.0144 lr 2.0e-04
[anomaly] it 519: explained variance -0.63 < 0 after warm-up: value function not predicting returns
[anomaly] it 519: terminal-step reward dominates the episode: survival is being punished
it  520 steps  51118080 sps   42,119 | ep_ret   14.73 ep_len  996.5 (n=119) | pg -0.004 vf 0.002 kl 0.0135 lr 2.0e-04
[anomaly] it 520: explained variance -0.63 < 0 after warm-up: value function not predicting returns
[anomaly] it 520: terminal-step reward dominates the episode: survival is being punished
it  521 steps  51216384 sps   42,120 | ep_ret   14.83 ep_len 1000.0 (n=116) | pg -0.005 vf 0.002 kl 0.0161 lr 2.0e-04
[anomaly] it 521: explained variance -0.99 < 0 after warm-up: value function not predicting returns
it  522 steps  51314688 sps   42,120 | ep_ret   14.71 ep_len  994.1 (n=136) | pg -0.005 vf 0.002 kl 0.0138 lr 2.0e-04
[anomaly] it 522: terminal-step reward dominates the episode: survival is being punished
it  523 steps  51412992 sps   42,121 | ep_ret   14.87 ep_len 1000.0 (n=142) | pg -0.005 vf 0.001 kl 0.0137 lr 2.0e-04
[anomaly] it 523: explained variance -0.35 < 0 after warm-up: value function not predicting returns
it  524 steps  51511296 sps   42,121 | ep_ret   15.06 ep_len 1000.0 (n=134) | pg -0.004 vf 0.004 kl 0.0138 lr 1.3e-04
[anomaly] it 524: explained variance -0.66 < 0 after warm-up: value function not predicting returns
it  525 steps  51609600 sps   42,122 | ep_ret   15.06 ep_len  999.3 (n=142) | pg -0.007 vf 0.002 kl 0.0147 lr 3.0e-04
[anomaly] it 525: explained variance -0.79 < 0 after warm-up: value function not predicting returns
[anomaly] it 525: terminal-step reward dominates the episode: survival is being punished
it  526 steps  51707904 sps   42,123 | ep_ret   14.94 ep_len  989.4 (n=120) | pg -0.007 vf 0.002 kl 0.0159 lr 2.0e-04
[anomaly] it 526: explained variance -0.17 < 0 after warm-up: value function not predicting returns
[anomaly] it 526: terminal-step reward dominates the episode: survival is being punished
it  527 steps  51806208 sps   42,123 | ep_ret   15.13 ep_len  998.6 (n=115) | pg -0.005 vf 0.002 kl 0.0163 lr 2.0e-04
[anomaly] it 527: explained variance -0.31 < 0 after warm-up: value function not predicting returns
[anomaly] it 527: terminal-step reward dominates the episode: survival is being punished
it  528 steps  51904512 sps   42,124 | ep_ret   15.25 ep_len 1000.0 (n=123) | pg -0.005 vf 0.003 kl 0.0156 lr 2.0e-04
[anomaly] it 528: explained variance -1.30 < 0 after warm-up: value function not predicting returns
it  529 steps  52002816 sps   42,124 | ep_ret   15.19 ep_len  995.6 (n=100) | pg -0.005 vf 0.002 kl 0.0148 lr 3.0e-04
[anomaly] it 529: explained variance -1.06 < 0 after warm-up: value function not predicting returns
[anomaly] it 529: terminal-step reward dominates the episode: survival is being punished
it  530 steps  52101120 sps   42,125 | ep_ret   15.10 ep_len  996.4 (n=120) | pg -0.004 vf 0.002 kl 0.0149 lr 2.0e-04
[anomaly] it 530: explained variance -0.57 < 0 after warm-up: value function not predicting returns
[anomaly] it 530: terminal-step reward dominates the episode: survival is being punished
it  531 steps  52199424 sps   42,125 | ep_ret   15.29 ep_len  999.5 (n=131) | pg -0.005 vf 0.002 kl 0.0142 lr 3.0e-04
[anomaly] it 531: explained variance -0.08 < 0 after warm-up: value function not predicting returns
[anomaly] it 531: terminal-step reward dominates the episode: survival is being punished
it  532 steps  52297728 sps   42,126 | ep_ret   15.21 ep_len  995.6 (n=103) | pg -0.003 vf 0.002 kl 0.0141 lr 1.3e-04
[anomaly] it 532: terminal-step reward dominates the episode: survival is being punished
it  533 steps  52396032 sps   42,126 | ep_ret   15.51 ep_len 1000.0 (n=109) | pg -0.007 vf 0.002 kl 0.0139 lr 3.0e-04
[anomaly] it 533: explained variance -0.61 < 0 after warm-up: value function not predicting returns
it  534 steps  52494336 sps   42,127 | ep_ret   15.39 ep_len  995.2 (n=92) | pg -0.002 vf 0.002 kl 0.0159 lr 2.0e-04
[anomaly] it 534: explained variance -0.34 < 0 after warm-up: value function not predicting returns
[anomaly] it 534: terminal-step reward dominates the episode: survival is being punished
it  535 steps  52592640 sps   42,128 | ep_ret   15.50 ep_len  995.7 (n=107) | pg -0.005 vf 0.002 kl 0.0148 lr 2.0e-04
[anomaly] it 535: explained variance -0.27 < 0 after warm-up: value function not predicting returns
[anomaly] it 535: terminal-step reward dominates the episode: survival is being punished
it  536 steps  52690944 sps   42,128 | ep_ret   15.62 ep_len 1000.0 (n=97) | pg -0.005 vf 0.002 kl 0.0141 lr 3.0e-04
[anomaly] it 536: explained variance -0.81 < 0 after warm-up: value function not predicting returns
it  537 steps  52789248 sps   42,129 | ep_ret   15.63 ep_len  999.9 (n=91) | pg -0.006 vf 0.003 kl 0.0142 lr 2.0e-04
[anomaly] it 537: explained variance -0.61 < 0 after warm-up: value function not predicting returns
[anomaly] it 537: terminal-step reward dominates the episode: survival is being punished
it  538 steps  52887552 sps   42,129 | ep_ret   15.21 ep_len  991.0 (n=82) | pg -0.006 vf 0.002 kl 0.0159 lr 3.0e-04
[anomaly] it 538: explained variance -0.85 < 0 after warm-up: value function not predicting returns
[anomaly] it 538: terminal-step reward dominates the episode: survival is being punished
it  539 steps  52985856 sps   42,130 | ep_ret   15.58 ep_len  994.7 (n=84) | pg -0.005 vf 0.003 kl 0.0149 lr 2.0e-04
[anomaly] it 539: explained variance -0.65 < 0 after warm-up: value function not predicting returns
[anomaly] it 539: terminal-step reward dominates the episode: survival is being punished
it  540 steps  53084160 sps   42,131 | ep_ret   15.51 ep_len 1000.0 (n=74) | pg -0.005 vf 0.003 kl 0.0156 lr 2.0e-04
[anomaly] it 540: explained variance -1.21 < 0 after warm-up: value function not predicting returns
it  541 steps  53182464 sps   42,131 | ep_ret   15.11 ep_len  978.3 (n=86) | pg -0.006 vf 0.002 kl 0.0136 lr 3.0e-04
[anomaly] it 541: explained variance -0.32 < 0 after warm-up: value function not predicting returns
[anomaly] it 541: terminal-step reward dominates the episode: survival is being punished
it  542 steps  53280768 sps   42,132 | ep_ret   15.70 ep_len  995.1 (n=88) | pg -0.004 vf 0.002 kl 0.0134 lr 2.0e-04
[anomaly] it 542: explained variance -0.84 < 0 after warm-up: value function not predicting returns
[anomaly] it 542: terminal-step reward dominates the episode: survival is being punished
it  543 steps  53379072 sps   42,132 | ep_ret   15.65 ep_len  995.0 (n=86) | pg -0.007 vf 0.003 kl 0.0130 lr 3.0e-04
[anomaly] it 543: explained variance -0.25 < 0 after warm-up: value function not predicting returns
[anomaly] it 543: terminal-step reward dominates the episode: survival is being punished
it  544 steps  53477376 sps   42,133 | ep_ret   15.79 ep_len 1000.0 (n=58) | pg -0.006 vf 0.003 kl 0.0166 lr 2.0e-04
[anomaly] it 544: explained variance -0.81 < 0 after warm-up: value function not predicting returns
it  545 steps  53575680 sps   42,133 | ep_ret   15.68 ep_len  995.4 (n=85) | pg -0.005 vf 0.002 kl 0.0131 lr 1.3e-04
[anomaly] it 545: explained variance -0.18 < 0 after warm-up: value function not predicting returns
[anomaly] it 545: terminal-step reward dominates the episode: survival is being punished
it  546 steps  53673984 sps   42,134 | ep_ret   15.92 ep_len  995.9 (n=70) | pg -0.004 vf 0.002 kl 0.0139 lr 2.0e-04
[anomaly] it 546: explained variance -0.05 < 0 after warm-up: value function not predicting returns
[anomaly] it 546: terminal-step reward dominates the episode: survival is being punished
it  547 steps  53772288 sps   42,134 | ep_ret   16.00 ep_len 1000.0 (n=84) | pg -0.005 vf 0.001 kl 0.0157 lr 3.0e-04
[anomaly] it 547: explained variance -0.33 < 0 after warm-up: value function not predicting returns
it  548 steps  53870592 sps   42,135 | ep_ret   16.03 ep_len 1000.0 (n=65) | pg -0.004 vf 0.002 kl 0.0149 lr 3.0e-04
[anomaly] it 548: explained variance -0.41 < 0 after warm-up: value function not predicting returns
it  549 steps  53968896 sps   42,135 | ep_ret   16.06 ep_len 1000.0 (n=77) | pg -0.005 vf 0.002 kl 0.0139 lr 2.0e-04
[anomaly] it 549: explained variance -0.74 < 0 after warm-up: value function not predicting returns
it  550 steps  54067200 sps   42,136 | ep_ret   15.89 ep_len  996.0 (n=80) | pg -0.006 vf 0.002 kl 0.0138 lr 2.0e-04
[anomaly] it 550: explained variance -0.35 < 0 after warm-up: value function not predicting returns
[anomaly] it 550: terminal-step reward dominates the episode: survival is being punished
it  551 steps  54165504 sps   42,136 | ep_ret   16.11 ep_len 1000.0 (n=77) | pg -0.005 vf 0.002 kl 0.0139 lr 2.0e-04
[anomaly] it 551: explained variance -0.96 < 0 after warm-up: value function not predicting returns
it  552 steps  54263808 sps   42,137 | ep_ret   15.79 ep_len  982.0 (n=61) | pg -0.005 vf 0.002 kl 0.0135 lr 1.3e-04
[anomaly] it 552: explained variance -0.32 < 0 after warm-up: value function not predicting returns
[anomaly] it 552: terminal-step reward dominates the episode: survival is being punished
it  553 steps  54362112 sps   42,137 | ep_ret   16.03 ep_len  992.6 (n=78) | pg -0.003 vf 0.003 kl 0.0143 lr 5.9e-05
[anomaly] it 553: explained variance -0.64 < 0 after warm-up: value function not predicting returns
[anomaly] it 553: terminal-step reward dominates the episode: survival is being punished
it  554 steps  54460416 sps   42,138 | ep_ret   16.05 ep_len  993.4 (n=69) | pg -0.005 vf 0.003 kl 0.0110 lr 1.3e-04
[anomaly] it 554: explained variance -0.42 < 0 after warm-up: value function not predicting returns
[anomaly] it 554: terminal-step reward dominates the episode: survival is being punished
it  555 steps  54558720 sps   42,138 | ep_ret   16.17 ep_len  994.7 (n=84) | pg -0.005 vf 0.002 kl 0.0146 lr 1.3e-04
[anomaly] it 555: explained variance -0.16 < 0 after warm-up: value function not predicting returns
[anomaly] it 555: terminal-step reward dominates the episode: survival is being punished
it  556 steps  54657024 sps   42,139 | ep_ret   16.51 ep_len 1000.0 (n=87) | pg -0.004 vf 0.002 kl 0.0137 lr 1.3e-04
[anomaly] it 556: explained variance -0.72 < 0 after warm-up: value function not predicting returns
it  557 steps  54755328 sps   42,139 | ep_ret   16.09 ep_len  993.0 (n=115) | pg -0.006 vf 0.001 kl 0.0154 lr 2.0e-04
[anomaly] it 557: explained variance -0.40 < 0 after warm-up: value function not predicting returns
[anomaly] it 557: terminal-step reward dominates the episode: survival is being punished
it  558 steps  54853632 sps   42,140 | ep_ret   16.38 ep_len  997.9 (n=100) | pg -0.005 vf 0.002 kl 0.0140 lr 3.0e-04
[anomaly] it 558: explained variance -0.29 < 0 after warm-up: value function not predicting returns
[anomaly] it 558: terminal-step reward dominates the episode: survival is being punished
it  559 steps  54951936 sps   42,140 | ep_ret   16.34 ep_len 1000.0 (n=120) | pg -0.004 vf 0.002 kl 0.0150 lr 3.0e-04
[anomaly] it 559: explained variance -0.45 < 0 after warm-up: value function not predicting returns
it  560 steps  55050240 sps   42,141 | ep_ret   16.56 ep_len 1000.0 (n=102) | pg -0.005 vf 0.001 kl 0.0150 lr 3.0e-04
[anomaly] it 560: explained variance -0.38 < 0 after warm-up: value function not predicting returns
it  561 steps  55148544 sps   42,141 | ep_ret   16.57 ep_len 1000.0 (n=135) | pg -0.004 vf 0.001 kl 0.0139 lr 2.0e-04
[anomaly] it 561: explained variance -0.34 < 0 after warm-up: value function not predicting returns
it  562 steps  55246848 sps   42,141 | ep_ret   16.66 ep_len 1000.0 (n=119) | pg -0.006 vf 0.001 kl 0.0143 lr 3.0e-04
[anomaly] it 562: explained variance -0.55 < 0 after warm-up: value function not predicting returns
it  563 steps  55345152 sps   42,142 | ep_ret   16.41 ep_len  995.7 (n=125) | pg -0.004 vf 0.002 kl 0.0156 lr 2.0e-04
[anomaly] it 563: explained variance -0.25 < 0 after warm-up: value function not predicting returns
[anomaly] it 563: terminal-step reward dominates the episode: survival is being punished
it  564 steps  55443456 sps   42,142 | ep_ret   16.69 ep_len 1000.0 (n=135) | pg -0.005 vf 0.001 kl 0.0135 lr 3.0e-04
[anomaly] it 564: explained variance -0.60 < 0 after warm-up: value function not predicting returns
it  565 steps  55541760 sps   42,143 | ep_ret   16.60 ep_len 1000.0 (n=143) | pg -0.005 vf 0.002 kl 0.0148 lr 2.0e-04
[anomaly] it 565: explained variance -0.62 < 0 after warm-up: value function not predicting returns
it  566 steps  55640064 sps   42,143 | ep_ret   16.73 ep_len  998.5 (n=142) | pg -0.006 vf 0.002 kl 0.0151 lr 2.0e-04
[anomaly] it 566: explained variance -0.54 < 0 after warm-up: value function not predicting returns
[anomaly] it 566: terminal-step reward dominates the episode: survival is being punished
it  567 steps  55738368 sps   42,144 | ep_ret   16.85 ep_len 1000.0 (n=126) | pg -0.006 vf 0.001 kl 0.0132 lr 3.0e-04
[anomaly] it 567: explained variance -0.65 < 0 after warm-up: value function not predicting returns
it  568 steps  55836672 sps   42,144 | ep_ret   16.68 ep_len 1000.0 (n=117) | pg -0.005 vf 0.001 kl 0.0165 lr 3.0e-04
[anomaly] it 568: explained variance -0.92 < 0 after warm-up: value function not predicting returns
it  569 steps  55934976 sps   42,145 | ep_ret   16.84 ep_len  996.5 (n=113) | pg -0.003 vf 0.002 kl 0.0150 lr 2.0e-04
[anomaly] it 569: explained variance -0.40 < 0 after warm-up: value function not predicting returns
[anomaly] it 569: terminal-step reward dominates the episode: survival is being punished
it  570 steps  56033280 sps   42,145 | ep_ret   16.90 ep_len 1000.0 (n=118) | pg -0.005 vf 0.002 kl 0.0137 lr 3.0e-04
[anomaly] it 570: explained variance -0.78 < 0 after warm-up: value function not predicting returns
it  571 steps  56131584 sps   42,146 | ep_ret   16.60 ep_len  992.4 (n=99) | pg -0.004 vf 0.002 kl 0.0154 lr 2.0e-04
[anomaly] it 571: explained variance -0.58 < 0 after warm-up: value function not predicting returns
[anomaly] it 571: terminal-step reward dominates the episode: survival is being punished
it  572 steps  56229888 sps   42,146 | ep_ret   16.76 ep_len  996.7 (n=141) | pg -0.005 vf 0.002 kl 0.0155 lr 2.0e-04
[anomaly] it 572: explained variance -0.97 < 0 after warm-up: value function not predicting returns
[anomaly] it 572: terminal-step reward dominates the episode: survival is being punished
it  573 steps  56328192 sps   42,147 | ep_ret   16.57 ep_len  984.9 (n=116) | pg -0.005 vf 0.001 kl 0.0144 lr 3.0e-04
[anomaly] it 573: explained variance -0.35 < 0 after warm-up: value function not predicting returns
[anomaly] it 573: terminal-step reward dominates the episode: survival is being punished
it  574 steps  56426496 sps   42,147 | ep_ret   17.06 ep_len 1000.0 (n=115) | pg -0.005 vf 0.001 kl 0.0157 lr 2.0e-04
[anomaly] it 574: explained variance -0.60 < 0 after warm-up: value function not predicting returns
it  575 steps  56524800 sps   42,147 | ep_ret   17.16 ep_len 1000.0 (n=93) | pg -0.005 vf 0.001 kl 0.0140 lr 3.0e-04
[anomaly] it 575: explained variance -0.44 < 0 after warm-up: value function not predicting returns
it  576 steps  56623104 sps   42,148 | ep_ret   17.05 ep_len 1000.0 (n=105) | pg -0.004 vf 0.002 kl 0.0139 lr 1.3e-04
[anomaly] it 576: explained variance -0.69 < 0 after warm-up: value function not predicting returns
it  577 steps  56721408 sps   42,148 | ep_ret   17.02 ep_len  995.5 (n=96) | pg -0.004 vf 0.001 kl 0.0127 lr 2.0e-04
[anomaly] it 577: explained variance -0.30 < 0 after warm-up: value function not predicting returns
[anomaly] it 577: terminal-step reward dominates the episode: survival is being punished
it  578 steps  56819712 sps   42,149 | ep_ret   17.31 ep_len 1000.0 (n=94) | pg -0.003 vf 0.003 kl 0.0115 lr 2.0e-04
[anomaly] it 578: explained variance -0.67 < 0 after warm-up: value function not predicting returns
it  579 steps  56918016 sps   42,149 | ep_ret   17.21 ep_len  994.3 (n=83) | pg -0.005 vf 0.002 kl 0.0150 lr 3.0e-04
[anomaly] it 579: explained variance -0.18 < 0 after warm-up: value function not predicting returns
[anomaly] it 579: terminal-step reward dominates the episode: survival is being punished
it  580 steps  57016320 sps   42,149 | ep_ret   17.33 ep_len 1000.0 (n=90) | pg -0.004 vf 0.002 kl 0.0148 lr 1.3e-04
[anomaly] it 580: explained variance -0.81 < 0 after warm-up: value function not predicting returns
it  581 steps  57114624 sps   42,150 | ep_ret   17.22 ep_len  995.0 (n=89) | pg -0.007 vf 0.002 kl 0.0114 lr 2.0e-04
[anomaly] it 581: explained variance -0.50 < 0 after warm-up: value function not predicting returns
[anomaly] it 581: terminal-step reward dominates the episode: survival is being punished
it  582 steps  57212928 sps   42,150 | ep_ret   17.33 ep_len 1000.0 (n=70) | pg -0.004 vf 0.002 kl 0.0155 lr 3.0e-04
[anomaly] it 582: explained variance -0.85 < 0 after warm-up: value function not predicting returns
it  583 steps  57311232 sps   42,151 | ep_ret   17.18 ep_len  997.7 (n=98) | pg -0.005 vf 0.002 kl 0.0159 lr 3.0e-04
[anomaly] it 583: explained variance -0.73 < 0 after warm-up: value function not predicting returns
[anomaly] it 583: terminal-step reward dominates the episode: survival is being punished
it  584 steps  57409536 sps   42,151 | ep_ret   17.54 ep_len 1000.0 (n=80) | pg -0.004 vf 0.001 kl 0.0119 lr 2.0e-04
[anomaly] it 584: explained variance -1.00 < 0 after warm-up: value function not predicting returns
it  585 steps  57507840 sps   42,152 | ep_ret   17.34 ep_len  994.4 (n=77) | pg -0.005 vf 0.001 kl 0.0140 lr 1.3e-04
[anomaly] it 585: explained variance -0.36 < 0 after warm-up: value function not predicting returns
[anomaly] it 585: terminal-step reward dominates the episode: survival is being punished
it  586 steps  57606144 sps   42,152 | ep_ret   17.57 ep_len 1000.0 (n=57) | pg -0.005 vf 0.002 kl 0.0122 lr 2.0e-04
[anomaly] it 586: explained variance -0.50 < 0 after warm-up: value function not predicting returns
it  587 steps  57704448 sps   42,152 | ep_ret   17.43 ep_len 1000.0 (n=91) | pg -0.006 vf 0.001 kl 0.0136 lr 3.0e-04
[anomaly] it 587: explained variance -0.81 < 0 after warm-up: value function not predicting returns
it  588 steps  57802752 sps   42,153 | ep_ret   17.36 ep_len  996.0 (n=67) | pg 0.004 vf 0.002 kl 0.0207 lr 2.6e-05
[anomaly] it 588: explained variance -0.57 < 0 after warm-up: value function not predicting returns
[anomaly] it 588: terminal-step reward dominates the episode: survival is being punished
it  589 steps  57901056 sps   42,153 | ep_ret   17.29 ep_len  994.6 (n=87) | pg -0.004 vf 0.001 kl 0.0083 lr 5.9e-05
[anomaly] it 589: explained variance -0.23 < 0 after warm-up: value function not predicting returns
[anomaly] it 589: terminal-step reward dominates the episode: survival is being punished
it  590 steps  57999360 sps   42,153 | ep_ret   17.53 ep_len 1000.0 (n=66) | pg -0.007 vf 0.001 kl 0.0112 lr 2.0e-04
[anomaly] it 590: explained variance -0.43 < 0 after warm-up: value function not predicting returns
it  591 steps  58097664 sps   42,154 | ep_ret   17.42 ep_len 1000.0 (n=66) | pg -0.003 vf 0.001 kl 0.0148 lr 1.3e-04
[anomaly] it 591: explained variance -0.43 < 0 after warm-up: value function not predicting returns
it  592 steps  58195968 sps   42,154 | ep_ret   17.53 ep_len 1000.0 (n=82) | pg -0.006 vf 0.001 kl 0.0126 lr 2.0e-04
[anomaly] it 592: explained variance -0.43 < 0 after warm-up: value function not predicting returns
it  593 steps  58294272 sps   42,155 | ep_ret   17.76 ep_len 1000.0 (n=74) | pg -0.004 vf 0.002 kl 0.0115 lr 1.3e-04
[anomaly] it 593: explained variance -0.41 < 0 after warm-up: value function not predicting returns
it  594 steps  58392576 sps   42,155 | ep_ret   17.78 ep_len 1000.0 (n=68) | pg -0.005 vf 0.002 kl 0.0139 lr 2.0e-04
[anomaly] it 594: explained variance -0.45 < 0 after warm-up: value function not predicting returns
it  595 steps  58490880 sps   42,155 | ep_ret   17.81 ep_len 1000.0 (n=73) | pg -0.005 vf 0.002 kl 0.0154 lr 2.0e-04
[anomaly] it 595: explained variance -0.84 < 0 after warm-up: value function not predicting returns
it  596 steps  58589184 sps   42,156 | ep_ret   17.51 ep_len  989.3 (n=75) | pg -0.005 vf 0.001 kl 0.0125 lr 2.0e-04
[anomaly] it 596: explained variance -0.33 < 0 after warm-up: value function not predicting returns
[anomaly] it 596: terminal-step reward dominates the episode: survival is being punished
it  597 steps  58687488 sps   42,156 | ep_ret   17.86 ep_len 1000.0 (n=85) | pg -0.001 vf 0.001 kl 0.0119 lr 8.8e-05
[anomaly] it 597: explained variance -0.43 < 0 after warm-up: value function not predicting returns
it  598 steps  58785792 sps   42,157 | ep_ret   17.87 ep_len 1000.0 (n=94) | pg -0.005 vf 0.002 kl 0.0129 lr 2.0e-04
[anomaly] it 598: explained variance -0.60 < 0 after warm-up: value function not predicting returns
it  599 steps  58884096 sps   42,157 | ep_ret   17.88 ep_len  998.2 (n=115) | pg -0.005 vf 0.001 kl 0.0152 lr 3.0e-04
[anomaly] it 599: explained variance -0.26 < 0 after warm-up: value function not predicting returns
[anomaly] it 599: terminal-step reward dominates the episode: survival is being punished
it  600 steps  58982400 sps   42,157 | ep_ret   17.82 ep_len 1000.0 (n=102) | pg -0.005 vf 0.002 kl 0.0145 lr 2.0e-04
[anomaly] it 600: explained variance -0.52 < 0 after warm-up: value function not predicting returns
it  601 steps  59080704 sps   42,158 | ep_ret   18.05 ep_len 1000.0 (n=111) | pg -0.006 vf 0.001 kl 0.0146 lr 2.0e-04
[anomaly] it 601: explained variance -0.45 < 0 after warm-up: value function not predicting returns
it  602 steps  59179008 sps   42,158 | ep_ret   17.97 ep_len 1000.0 (n=123) | pg -0.003 vf 0.002 kl 0.0124 lr 1.3e-04
[anomaly] it 602: explained variance -0.66 < 0 after warm-up: value function not predicting returns
it  603 steps  59277312 sps   42,158 | ep_ret   17.94 ep_len  996.4 (n=125) | pg -0.006 vf 0.002 kl 0.0122 lr 2.0e-04
[anomaly] it 603: explained variance -0.27 < 0 after warm-up: value function not predicting returns
[anomaly] it 603: terminal-step reward dominates the episode: survival is being punished
it  604 steps  59375616 sps   42,159 | ep_ret   17.97 ep_len 1000.0 (n=111) | pg -0.003 vf 0.002 kl 0.0145 lr 1.3e-04
[anomaly] it 604: explained variance -0.46 < 0 after warm-up: value function not predicting returns
it  605 steps  59473920 sps   42,159 | ep_ret   18.37 ep_len 1000.0 (n=132) | pg -0.007 vf 0.002 kl 0.0117 lr 2.0e-04
[anomaly] it 605: explained variance -0.45 < 0 after warm-up: value function not predicting returns
it  606 steps  59572224 sps   42,160 | ep_ret   18.22 ep_len 1000.0 (n=139) | pg -0.002 vf 0.002 kl 0.0146 lr 5.9e-05
[anomaly] it 606: explained variance -0.50 < 0 after warm-up: value function not predicting returns
it  607 steps  59670528 sps   42,160 | ep_ret   18.26 ep_len 1000.0 (n=146) | pg -0.005 vf 0.001 kl 0.0103 lr 1.3e-04
[anomaly] it 607: explained variance -0.48 < 0 after warm-up: value function not predicting returns
it  608 steps  59768832 sps   42,160 | ep_ret   18.40 ep_len 1000.0 (n=134) | pg -0.007 vf 0.001 kl 0.0116 lr 2.0e-04
[anomaly] it 608: explained variance -0.46 < 0 after warm-up: value function not predicting returns
it  609 steps  59867136 sps   42,161 | ep_ret   18.35 ep_len 1000.0 (n=125) | pg -0.005 vf 0.001 kl 0.0123 lr 2.0e-04
[anomaly] it 609: explained variance -0.46 < 0 after warm-up: value function not predicting returns
it  610 steps  59965440 sps   42,161 | ep_ret   18.20 ep_len 1000.0 (n=109) | pg -0.005 vf 0.001 kl 0.0134 lr 2.0e-04
[anomaly] it 610: explained variance -0.47 < 0 after warm-up: value function not predicting returns
it  611 steps  60063744 sps   42,161 | ep_ret   18.54 ep_len 1000.0 (n=120) | pg -0.006 vf 0.001 kl 0.0117 lr 1.3e-04
[anomaly] it 611: explained variance -0.46 < 0 after warm-up: value function not predicting returns
it  612 steps  60162048 sps   42,162 | ep_ret   18.38 ep_len 1000.0 (n=109) | pg -0.006 vf 0.001 kl 0.0120 lr 2.0e-04
[anomaly] it 612: explained variance -0.45 < 0 after warm-up: value function not predicting returns
it  613 steps  60260352 sps   42,162 | ep_ret   18.59 ep_len 1000.0 (n=111) | pg -0.006 vf 0.001 kl 0.0146 lr 2.0e-04
[anomaly] it 613: explained variance -0.45 < 0 after warm-up: value function not predicting returns
it  614 steps  60358656 sps   42,162 | ep_ret   18.47 ep_len 1000.0 (n=142) | pg -0.004 vf 0.001 kl 0.0162 lr 2.0e-04
[anomaly] it 614: explained variance -0.46 < 0 after warm-up: value function not predicting returns
it  615 steps  60456960 sps   42,163 | ep_ret   18.71 ep_len 1000.0 (n=101) | pg -0.004 vf 0.001 kl 0.0127 lr 1.3e-04
[anomaly] it 615: explained variance -0.47 < 0 after warm-up: value function not predicting returns
it  616 steps  60555264 sps   42,163 | ep_ret   18.60 ep_len 1000.0 (n=118) | pg -0.007 vf 0.002 kl 0.0122 lr 2.0e-04
[anomaly] it 616: explained variance -0.53 < 0 after warm-up: value function not predicting returns
it  617 steps  60653568 sps   42,163 | ep_ret   18.66 ep_len 1000.0 (n=87) | pg -0.004 vf 0.002 kl 0.0120 lr 1.3e-04
[anomaly] it 617: explained variance -0.48 < 0 after warm-up: value function not predicting returns
it  618 steps  60751872 sps   42,164 | ep_ret   18.67 ep_len 1000.0 (n=112) | pg -0.004 vf 0.002 kl 0.0130 lr 2.0e-04
[anomaly] it 618: explained variance -0.56 < 0 after warm-up: value function not predicting returns
it  619 steps  60850176 sps   42,164 | ep_ret   18.60 ep_len  993.9 (n=91) | pg -0.004 vf 0.001 kl 0.0144 lr 2.0e-04
[anomaly] it 619: explained variance -0.18 < 0 after warm-up: value function not predicting returns
[anomaly] it 619: terminal-step reward dominates the episode: survival is being punished
it  620 steps  60948480 sps   42,164 | ep_ret   18.86 ep_len 1000.0 (n=99) | pg -0.005 vf 0.001 kl 0.0133 lr 2.0e-04
[anomaly] it 620: explained variance -0.46 < 0 after warm-up: value function not predicting returns
it  621 steps  61046784 sps   42,165 | ep_ret   18.90 ep_len 1000.0 (n=85) | pg -0.003 vf 0.002 kl 0.0156 lr 8.8e-05
[anomaly] it 621: explained variance -0.59 < 0 after warm-up: value function not predicting returns
it  622 steps  61145088 sps   42,165 | ep_ret   18.67 ep_len 1000.0 (n=80) | pg -0.004 vf 0.003 kl 0.0119 lr 1.3e-04
[anomaly] it 622: explained variance -1.07 < 0 after warm-up: value function not predicting returns
it  623 steps  61243392 sps   42,166 | ep_ret   18.64 ep_len  984.6 (n=85) | pg -0.006 vf 0.002 kl 0.0120 lr 2.0e-04
[anomaly] it 623: explained variance -0.66 < 0 after warm-up: value function not predicting returns
[anomaly] it 623: terminal-step reward dominates the episode: survival is being punished
it  624 steps  61341696 sps   42,166 | ep_ret   18.70 ep_len  989.9 (n=76) | pg -0.003 vf 0.003 kl 0.0134 lr 1.3e-04
[anomaly] it 624: explained variance -0.39 < 0 after warm-up: value function not predicting returns
[anomaly] it 624: terminal-step reward dominates the episode: survival is being punished
it  625 steps  61440000 sps   42,166 | ep_ret   18.75 ep_len 1000.0 (n=94) | pg -0.003 vf 0.002 kl 0.0139 lr 1.3e-04
[anomaly] it 625: explained variance -0.50 < 0 after warm-up: value function not predicting returns
it  626 steps  61538304 sps   42,166 | ep_ret   18.83 ep_len 1000.0 (n=89) | pg -0.006 vf 0.002 kl 0.0120 lr 2.0e-04
[anomaly] it 626: explained variance -0.49 < 0 after warm-up: value function not predicting returns
it  627 steps  61636608 sps   42,167 | ep_ret   19.04 ep_len 1000.0 (n=62) | pg -0.001 vf 0.003 kl 0.0132 lr 5.9e-05
[anomaly] it 627: explained variance -0.77 < 0 after warm-up: value function not predicting returns
it  628 steps  61734912 sps   42,167 | ep_ret   19.01 ep_len  991.2 (n=75) | pg -0.003 vf 0.002 kl 0.0117 lr 1.3e-04
[anomaly] it 628: explained variance -0.31 < 0 after warm-up: value function not predicting returns
[anomaly] it 628: terminal-step reward dominates the episode: survival is being punished
it  629 steps  61833216 sps   42,167 | ep_ret   19.14 ep_len 1000.0 (n=82) | pg -0.002 vf 0.002 kl 0.0108 lr 8.8e-05
[anomaly] it 629: explained variance -0.48 < 0 after warm-up: value function not predicting returns
it  630 steps  61931520 sps   42,168 | ep_ret   19.26 ep_len  993.5 (n=63) | pg -0.005 vf 0.002 kl 0.0101 lr 1.3e-04
[anomaly] it 630: explained variance -0.15 < 0 after warm-up: value function not predicting returns
[anomaly] it 630: terminal-step reward dominates the episode: survival is being punished
it  631 steps  62029824 sps   42,168 | ep_ret   19.28 ep_len 1000.0 (n=81) | pg -0.004 vf 0.002 kl 0.0101 lr 8.8e-05
[anomaly] it 631: explained variance -0.50 < 0 after warm-up: value function not predicting returns
it  632 steps  62128128 sps   42,168 | ep_ret   19.10 ep_len 1000.0 (n=75) | pg -0.006 vf 0.001 kl 0.0100 lr 1.3e-04
[anomaly] it 632: explained variance -0.45 < 0 after warm-up: value function not predicting returns
it  633 steps  62226432 sps   42,169 | ep_ret   19.17 ep_len 1000.0 (n=72) | pg -0.007 vf 0.001 kl 0.0128 lr 2.0e-04
[anomaly] it 633: explained variance -0.44 < 0 after warm-up: value function not predicting returns
it  634 steps  62324736 sps   42,169 | ep_ret   19.41 ep_len 1000.0 (n=78) | pg -0.004 vf 0.002 kl 0.0121 lr 1.3e-04
[anomaly] it 634: explained variance -0.46 < 0 after warm-up: value function not predicting returns
it  635 steps  62423040 sps   42,169 | ep_ret   19.45 ep_len 1000.0 (n=72) | pg -0.005 vf 0.002 kl 0.0146 lr 1.3e-04
[anomaly] it 635: explained variance -0.52 < 0 after warm-up: value function not predicting returns
it  636 steps  62521344 sps   42,170 | ep_ret   19.38 ep_len 1000.0 (n=66) | pg -0.003 vf 0.003 kl 0.0141 lr 2.0e-04
[anomaly] it 636: explained variance -0.78 < 0 after warm-up: value function not predicting returns
it  637 steps  62619648 sps   42,170 | ep_ret   19.04 ep_len  988.5 (n=71) | pg -0.003 vf 0.003 kl 0.0132 lr 1.3e-04
[anomaly] it 637: explained variance -0.34 < 0 after warm-up: value function not predicting returns
[anomaly] it 637: terminal-step reward dominates the episode: survival is being punished
it  638 steps  62717952 sps   42,170 | ep_ret   19.23 ep_len  991.0 (n=86) | pg -0.004 vf 0.001 kl 0.0127 lr 1.3e-04
[anomaly] it 638: explained variance -0.20 < 0 after warm-up: value function not predicting returns
[anomaly] it 638: terminal-step reward dominates the episode: survival is being punished
it  639 steps  62816256 sps   42,170 | ep_ret   19.39 ep_len 1000.0 (n=87) | pg -0.005 vf 0.001 kl 0.0123 lr 2.0e-04
[anomaly] it 639: explained variance -0.49 < 0 after warm-up: value function not predicting returns
it  640 steps  62914560 sps   42,171 | ep_ret   19.64 ep_len 1000.0 (n=106) | pg -0.001 vf 0.001 kl 0.0144 lr 5.9e-05
[anomaly] it 640: explained variance -0.47 < 0 after warm-up: value function not predicting returns
it  641 steps  63012864 sps   42,171 | ep_ret   19.50 ep_len 1000.0 (n=96) | pg -0.005 vf 0.001 kl 0.0108 lr 1.3e-04
[anomaly] it 641: explained variance -0.46 < 0 after warm-up: value function not predicting returns
it  642 steps  63111168 sps   42,171 | ep_ret   19.63 ep_len 1000.0 (n=114) | pg -0.006 vf 0.001 kl 0.0116 lr 2.0e-04
[anomaly] it 642: explained variance -0.45 < 0 after warm-up: value function not predicting returns
it  643 steps  63209472 sps   42,172 | ep_ret   19.63 ep_len 1000.0 (n=105) | pg -0.005 vf 0.001 kl 0.0138 lr 2.0e-04
[anomaly] it 643: explained variance -0.45 < 0 after warm-up: value function not predicting returns
it  644 steps  63307776 sps   42,172 | ep_ret   19.58 ep_len 1000.0 (n=137) | pg -0.005 vf 0.002 kl 0.0136 lr 2.0e-04
[anomaly] it 644: explained variance -0.45 < 0 after warm-up: value function not predicting returns
it  645 steps  63406080 sps   42,172 | ep_ret   19.61 ep_len 1000.0 (n=118) | pg -0.005 vf 0.001 kl 0.0158 lr 1.3e-04
[anomaly] it 645: explained variance -0.45 < 0 after warm-up: value function not predicting returns
it  646 steps  63504384 sps   42,173 | ep_ret   19.76 ep_len 1000.0 (n=117) | pg -0.004 vf 0.001 kl 0.0129 lr 1.3e-04
[anomaly] it 646: explained variance -0.45 < 0 after warm-up: value function not predicting returns
it  647 steps  63602688 sps   42,173 | ep_ret   19.82 ep_len 1000.0 (n=133) | pg -0.001 vf 0.002 kl 0.0123 lr 8.8e-05
[anomaly] it 647: explained variance -0.66 < 0 after warm-up: value function not predicting returns
it  648 steps  63700992 sps   42,173 | ep_ret   19.91 ep_len  999.7 (n=143) | pg -0.005 vf 0.001 kl 0.0107 lr 1.3e-04
[anomaly] it 648: explained variance -0.28 < 0 after warm-up: value function not predicting returns
[anomaly] it 648: terminal-step reward dominates the episode: survival is being punished
it  649 steps  63799296 sps   42,174 | ep_ret   19.70 ep_len 1000.0 (n=132) | pg -0.006 vf 0.001 kl 0.0141 lr 2.0e-04
[anomaly] it 649: explained variance -0.44 < 0 after warm-up: value function not predicting returns
it  650 steps  63897600 sps   42,174 | ep_ret   19.64 ep_len 1000.0 (n=138) | pg -0.002 vf 0.001 kl 0.0137 lr 8.8e-05
[anomaly] it 650: explained variance -0.46 < 0 after warm-up: value function not predicting returns
it  651 steps  63995904 sps   42,174 | ep_ret   19.99 ep_len 1000.0 (n=120) | pg -0.005 vf 0.001 kl 0.0100 lr 1.3e-04
[anomaly] it 651: explained variance -0.47 < 0 after warm-up: value function not predicting returns
it  652 steps  64094208 sps   42,174 | ep_ret   19.92 ep_len 1000.0 (n=116) | pg -0.003 vf 0.001 kl 0.0120 lr 1.3e-04
[anomaly] it 652: explained variance -0.48 < 0 after warm-up: value function not predicting returns
it  653 steps  64192512 sps   42,175 | ep_ret   19.99 ep_len 1000.0 (n=122) | pg -0.005 vf 0.001 kl 0.0122 lr 2.0e-04
[anomaly] it 653: explained variance -0.47 < 0 after warm-up: value function not predicting returns
it  654 steps  64290816 sps   42,175 | ep_ret   19.88 ep_len 1000.0 (n=101) | pg -0.001 vf 0.001 kl 0.0143 lr 8.8e-05
[anomaly] it 654: explained variance -0.48 < 0 after warm-up: value function not predicting returns
it  655 steps  64389120 sps   42,175 | ep_ret   19.97 ep_len 1000.0 (n=119) | pg -0.006 vf 0.001 kl 0.0103 lr 1.3e-04
[anomaly] it 655: explained variance -0.48 < 0 after warm-up: value function not predicting returns
it  656 steps  64487424 sps   42,175 | ep_ret   20.11 ep_len 1000.0 (n=131) | pg -0.006 vf 0.001 kl 0.0122 lr 2.0e-04
[anomaly] it 656: explained variance -0.48 < 0 after warm-up: value function not predicting returns
it  657 steps  64585728 sps   42,176 | ep_ret   20.01 ep_len 1000.0 (n=102) | pg -0.004 vf 0.001 kl 0.0150 lr 3.0e-04
[anomaly] it 657: explained variance -0.48 < 0 after warm-up: value function not predicting returns
it  658 steps  64684032 sps   42,176 | ep_ret   19.99 ep_len 1000.0 (n=108) | pg 0.001 vf 0.001 kl 0.0180 lr 8.8e-05
[anomaly] it 658: explained variance -0.45 < 0 after warm-up: value function not predicting returns
it  659 steps  64782336 sps   42,176 | ep_ret   20.09 ep_len 1000.0 (n=92) | pg -0.004 vf 0.001 kl 0.0140 lr 2.0e-04
[anomaly] it 659: explained variance -0.44 < 0 after warm-up: value function not predicting returns
it  660 steps  64880640 sps   42,176 | ep_ret   20.21 ep_len 1000.0 (n=108) | pg -0.003 vf 0.001 kl 0.0132 lr 2.0e-04
[anomaly] it 660: explained variance -0.47 < 0 after warm-up: value function not predicting returns
it  661 steps  64978944 sps   42,177 | ep_ret   20.22 ep_len 1000.0 (n=97) | pg -0.005 vf 0.001 kl 0.0147 lr 2.0e-04
[anomaly] it 661: explained variance -0.46 < 0 after warm-up: value function not predicting returns
it  662 steps  65077248 sps   42,177 | ep_ret   20.18 ep_len 1000.0 (n=91) | pg -0.002 vf 0.002 kl 0.0156 lr 1.3e-04
[anomaly] it 662: explained variance -0.61 < 0 after warm-up: value function not predicting returns
it  663 steps  65175552 sps   42,177 | ep_ret   20.06 ep_len  988.8 (n=81) | pg -0.003 vf 0.002 kl 0.0109 lr 8.8e-05
[anomaly] it 663: explained variance -0.38 < 0 after warm-up: value function not predicting returns
[anomaly] it 663: terminal-step reward dominates the episode: survival is being punished
it  664 steps  65273856 sps   42,178 | ep_ret   20.24 ep_len 1000.0 (n=87) | pg -0.007 vf 0.001 kl 0.0107 lr 1.3e-04
[anomaly] it 664: explained variance -0.50 < 0 after warm-up: value function not predicting returns
it  665 steps  65372160 sps   42,178 | ep_ret   20.28 ep_len 1000.0 (n=74) | pg -0.004 vf 0.002 kl 0.0129 lr 1.3e-04
[anomaly] it 665: explained variance -0.50 < 0 after warm-up: value function not predicting returns
it  666 steps  65470464 sps   42,178 | ep_ret   20.30 ep_len 1000.0 (n=88) | pg -0.004 vf 0.003 kl 0.0135 lr 1.3e-04
[anomaly] it 666: explained variance -0.65 < 0 after warm-up: value function not predicting returns
it  667 steps  65568768 sps   42,178 | ep_ret   20.18 ep_len  995.1 (n=89) | pg -0.002 vf 0.002 kl 0.0145 lr 5.9e-05
[anomaly] it 667: explained variance -0.38 < 0 after warm-up: value function not predicting returns
[anomaly] it 667: terminal-step reward dominates the episode: survival is being punished
it  668 steps  65667072 sps   42,178 | ep_ret   20.36 ep_len  994.9 (n=87) | pg -0.004 vf 0.002 kl 0.0123 lr 8.8e-05
[anomaly] it 668: explained variance -0.32 < 0 after warm-up: value function not predicting returns
[anomaly] it 668: terminal-step reward dominates the episode: survival is being punished
it  669 steps  65765376 sps   42,179 | ep_ret   20.09 ep_len 1000.0 (n=57) | pg -0.005 vf 0.002 kl 0.0124 lr 2.0e-04
[anomaly] it 669: explained variance -0.51 < 0 after warm-up: value function not predicting returns
it  670 steps  65863680 sps   42,179 | ep_ret   20.26 ep_len 1000.0 (n=86) | pg -0.003 vf 0.002 kl 0.0138 lr 1.3e-04
[anomaly] it 670: explained variance -0.51 < 0 after warm-up: value function not predicting returns
it  671 steps  65961984 sps   42,179 | ep_ret   20.38 ep_len 1000.0 (n=68) | pg -0.003 vf 0.002 kl 0.0134 lr 1.3e-04
[anomaly] it 671: explained variance -0.49 < 0 after warm-up: value function not predicting returns
it  672 steps  66060288 sps   42,179 | ep_ret   20.47 ep_len 1000.0 (n=86) | pg -0.004 vf 0.001 kl 0.0126 lr 2.0e-04
[anomaly] it 672: explained variance -0.49 < 0 after warm-up: value function not predicting returns
it  673 steps  66158592 sps   42,180 | ep_ret   20.37 ep_len 1000.0 (n=65) | pg -0.003 vf 0.001 kl 0.0123 lr 1.3e-04
[anomaly] it 673: explained variance -0.49 < 0 after warm-up: value function not predicting returns
it  674 steps  66256896 sps   42,180 | ep_ret   20.60 ep_len 1000.0 (n=76) | pg -0.002 vf 0.003 kl 0.0125 lr 8.8e-05
[anomaly] it 674: explained variance -0.55 < 0 after warm-up: value function not predicting returns
it  675 steps  66355200 sps   42,180 | ep_ret   20.54 ep_len  996.6 (n=79) | pg -0.005 vf 0.002 kl 0.0117 lr 1.3e-04
[anomaly] it 675: explained variance -0.28 < 0 after warm-up: value function not predicting returns
[anomaly] it 675: terminal-step reward dominates the episode: survival is being punished
it  676 steps  66453504 sps   42,180 | ep_ret   20.61 ep_len 1000.0 (n=77) | pg -0.006 vf 0.002 kl 0.0136 lr 1.3e-04
[anomaly] it 676: explained variance -0.52 < 0 after warm-up: value function not predicting returns
it  677 steps  66551808 sps   42,181 | ep_ret   20.59 ep_len 1000.0 (n=61) | pg -0.004 vf 0.002 kl 0.0128 lr 8.8e-05
[anomaly] it 677: explained variance -0.63 < 0 after warm-up: value function not predicting returns
it  678 steps  66650112 sps   42,181 | ep_ret   20.44 ep_len  994.7 (n=78) | pg -0.006 vf 0.002 kl 0.0103 lr 1.3e-04
[anomaly] it 678: explained variance -0.31 < 0 after warm-up: value function not predicting returns
[anomaly] it 678: terminal-step reward dominates the episode: survival is being punished
it  679 steps  66748416 sps   42,181 | ep_ret   20.89 ep_len 1000.0 (n=71) | pg -0.003 vf 0.002 kl 0.0137 lr 8.8e-05
[anomaly] it 679: explained variance -0.66 < 0 after warm-up: value function not predicting returns
it  680 steps  66846720 sps   42,181 | ep_ret   20.40 ep_len  994.9 (n=86) | pg -0.005 vf 0.001 kl 0.0109 lr 1.3e-04
[anomaly] it 680: explained variance -0.22 < 0 after warm-up: value function not predicting returns
[anomaly] it 680: terminal-step reward dominates the episode: survival is being punished
it  681 steps  66945024 sps   42,182 | ep_ret   21.03 ep_len 1000.0 (n=87) | pg -0.005 vf 0.001 kl 0.0136 lr 2.0e-04
[anomaly] it 681: explained variance -0.44 < 0 after warm-up: value function not predicting returns
it  682 steps  67043328 sps   42,182 | ep_ret   20.77 ep_len 1000.0 (n=114) | pg -0.002 vf 0.001 kl 0.0135 lr 1.3e-04
[anomaly] it 682: explained variance -0.44 < 0 after warm-up: value function not predicting returns
it  683 steps  67141632 sps   42,182 | ep_ret   20.93 ep_len 1000.0 (n=99) | pg -0.004 vf 0.002 kl 0.0137 lr 2.0e-04
[anomaly] it 683: explained variance -0.46 < 0 after warm-up: value function not predicting returns
it  684 steps  67239936 sps   42,182 | ep_ret   20.75 ep_len 1000.0 (n=119) | pg -0.005 vf 0.002 kl 0.0133 lr 1.3e-04
[anomaly] it 684: explained variance -0.46 < 0 after warm-up: value function not predicting returns
it  685 steps  67338240 sps   42,183 | ep_ret   20.92 ep_len 1000.0 (n=101) | pg -0.002 vf 0.002 kl 0.0124 lr 1.3e-04
[anomaly] it 685: explained variance -0.52 < 0 after warm-up: value function not predicting returns
it  686 steps  67436544 sps   42,183 | ep_ret   20.82 ep_len 1000.0 (n=134) | pg -0.004 vf 0.002 kl 0.0144 lr 2.0e-04
[anomaly] it 686: explained variance -0.54 < 0 after warm-up: value function not predicting returns
it  687 steps  67534848 sps   42,183 | ep_ret   20.81 ep_len 1000.0 (n=117) | pg -0.003 vf 0.002 kl 0.0145 lr 1.3e-04
[anomaly] it 687: explained variance -0.53 < 0 after warm-up: value function not predicting returns
it  688 steps  67633152 sps   42,183 | ep_ret   20.90 ep_len  996.8 (n=126) | pg -0.003 vf 0.001 kl 0.0136 lr 1.3e-04
[anomaly] it 688: explained variance -0.27 < 0 after warm-up: value function not predicting returns
[anomaly] it 688: terminal-step reward dominates the episode: survival is being punished
it  689 steps  67731456 sps   42,184 | ep_ret   21.00 ep_len 1000.0 (n=134) | pg -0.004 vf 0.001 kl 0.0117 lr 8.8e-05
[anomaly] it 689: explained variance -0.51 < 0 after warm-up: value function not predicting returns
it  690 steps  67829760 sps   42,184 | ep_ret   21.11 ep_len 1000.0 (n=144) | pg -0.001 vf 0.002 kl 0.0123 lr 5.9e-05
[anomaly] it 690: explained variance -0.78 < 0 after warm-up: value function not predicting returns
it  691 steps  67928064 sps   42,184 | ep_ret   20.96 ep_len  996.8 (n=140) | pg -0.006 vf 0.001 kl 0.0099 lr 1.3e-04
[anomaly] it 691: explained variance -0.32 < 0 after warm-up: value function not predicting returns
[anomaly] it 691: terminal-step reward dominates the episode: survival is being punished
it  692 steps  68026368 sps   42,184 | ep_ret   21.04 ep_len 1000.0 (n=123) | pg -0.005 vf 0.001 kl 0.0122 lr 2.0e-04
[anomaly] it 692: explained variance -0.49 < 0 after warm-up: value function not predicting returns
it  693 steps  68124672 sps   42,184 | ep_ret   21.07 ep_len 1000.0 (n=117) | pg -0.002 vf 0.001 kl 0.0134 lr 1.3e-04
[anomaly] it 693: explained variance -0.49 < 0 after warm-up: value function not predicting returns
it  694 steps  68222976 sps   42,185 | ep_ret   21.14 ep_len 1000.0 (n=113) | pg -0.006 vf 0.001 kl 0.0125 lr 2.0e-04
[anomaly] it 694: explained variance -0.47 < 0 after warm-up: value function not predicting returns
it  695 steps  68321280 sps   42,185 | ep_ret   21.25 ep_len 1000.0 (n=116) | pg -0.001 vf 0.001 kl 0.0150 lr 8.8e-05
[anomaly] it 695: explained variance -0.48 < 0 after warm-up: value function not predicting returns
it  696 steps  68419584 sps   42,185 | ep_ret   21.05 ep_len 1000.0 (n=99) | pg -0.005 vf 0.001 kl 0.0110 lr 1.3e-04
[anomaly] it 696: explained variance -0.46 < 0 after warm-up: value function not predicting returns
it  697 steps  68517888 sps   42,185 | ep_ret   21.23 ep_len 1000.0 (n=140) | pg -0.004 vf 0.002 kl 0.0134 lr 2.0e-04
[anomaly] it 697: explained variance -0.47 < 0 after warm-up: value function not predicting returns
it  698 steps  68616192 sps   42,186 | ep_ret   21.30 ep_len 1000.0 (n=115) | pg -0.002 vf 0.001 kl 0.0151 lr 1.3e-04
[anomaly] it 698: explained variance -0.53 < 0 after warm-up: value function not predicting returns
it  699 steps  68714496 sps   42,186 | ep_ret   21.37 ep_len 1000.0 (n=114) | pg -0.002 vf 0.001 kl 0.0125 lr 1.3e-04
[anomaly] it 699: explained variance -0.50 < 0 after warm-up: value function not predicting returns
it  700 steps  68812800 sps   42,186 | ep_ret   21.22 ep_len 1000.0 (n=93) | pg -0.005 vf 0.001 kl 0.0130 lr 1.3e-04
[anomaly] it 700: explained variance -0.50 < 0 after warm-up: value function not predicting returns
it  701 steps  68911104 sps   42,186 | ep_ret   21.21 ep_len 1000.0 (n=104) | pg -0.003 vf 0.001 kl 0.0121 lr 5.9e-05
[anomaly] it 701: explained variance -0.50 < 0 after warm-up: value function not predicting returns
it  702 steps  69009408 sps   42,186 | ep_ret   21.26 ep_len 1000.0 (n=96) | pg -0.005 vf 0.001 kl 0.0095 lr 8.8e-05
[anomaly] it 702: explained variance -0.50 < 0 after warm-up: value function not predicting returns
it  703 steps  69107712 sps   42,187 | ep_ret   21.34 ep_len 1000.0 (n=95) | pg -0.005 vf 0.002 kl 0.0144 lr 1.3e-04
[anomaly] it 703: explained variance -0.47 < 0 after warm-up: value function not predicting returns
it  704 steps  69206016 sps   42,187 | ep_ret   21.15 ep_len 1000.0 (n=83) | pg -0.003 vf 0.001 kl 0.0126 lr 1.3e-04
[anomaly] it 704: explained variance -0.47 < 0 after warm-up: value function not predicting returns
it  705 steps  69304320 sps   42,187 | ep_ret   21.45 ep_len 1000.0 (n=89) | pg -0.003 vf 0.002 kl 0.0141 lr 1.3e-04
[anomaly] it 705: explained variance -0.48 < 0 after warm-up: value function not predicting returns
it  706 steps  69402624 sps   42,188 | ep_ret   21.47 ep_len 1000.0 (n=91) | pg -0.003 vf 0.001 kl 0.0120 lr 1.3e-04
[anomaly] it 706: explained variance -0.44 < 0 after warm-up: value function not predicting returns
it  707 steps  69500928 sps   42,188 | ep_ret   21.43 ep_len 1000.0 (n=71) | pg -0.004 vf 0.002 kl 0.0114 lr 1.3e-04
[anomaly] it 707: explained variance -0.45 < 0 after warm-up: value function not predicting returns
it  708 steps  69599232 sps   42,188 | ep_ret   21.66 ep_len 1000.0 (n=98) | pg -0.003 vf 0.002 kl 0.0144 lr 2.0e-04
[anomaly] it 708: explained variance -0.46 < 0 after warm-up: value function not predicting returns
it  709 steps  69697536 sps   42,188 | ep_ret   21.51 ep_len 1000.0 (n=81) | pg -0.004 vf 0.002 kl 0.0153 lr 1.3e-04
[anomaly] it 709: explained variance -0.46 < 0 after warm-up: value function not predicting returns
it  710 steps  69795840 sps   42,188 | ep_ret   21.52 ep_len 1000.0 (n=77) | pg -0.003 vf 0.002 kl 0.0161 lr 8.8e-05
[anomaly] it 710: explained variance -0.48 < 0 after warm-up: value function not predicting returns
it  711 steps  69894144 sps   42,189 | ep_ret   21.74 ep_len 1000.0 (n=58) | pg -0.002 vf 0.003 kl 0.0109 lr 5.9e-05
[anomaly] it 711: explained variance -0.56 < 0 after warm-up: value function not predicting returns
it  712 steps  69992448 sps   42,189 | ep_ret   21.67 ep_len 1000.0 (n=89) | pg -0.005 vf 0.002 kl 0.0106 lr 8.8e-05
[anomaly] it 712: explained variance -0.76 < 0 after warm-up: value function not predicting returns
it  713 steps  70090752 sps   42,189 | ep_ret   21.27 ep_len  993.4 (n=67) | pg -0.005 vf 0.002 kl 0.0115 lr 1.3e-04
[anomaly] it 713: explained variance -0.49 < 0 after warm-up: value function not predicting returns
it  714 steps  70189056 sps   42,189 | ep_ret   21.59 ep_len 1000.0 (n=88) | pg -0.003 vf 0.002 kl 0.0141 lr 2.0e-04
[anomaly] it 714: explained variance -0.63 < 0 after warm-up: value function not predicting returns
it  715 steps  70287360 sps   42,189 | ep_ret   21.46 ep_len  994.9 (n=67) | pg -0.003 vf 0.002 kl 0.0145 lr 1.3e-04
[anomaly] it 715: explained variance -0.44 < 0 after warm-up: value function not predicting returns
[anomaly] it 715: terminal-step reward dominates the episode: survival is being punished
it  716 steps  70385664 sps   42,190 | ep_ret   21.63 ep_len 1000.0 (n=66) | pg -0.003 vf 0.002 kl 0.0137 lr 1.3e-04
[anomaly] it 716: explained variance -0.52 < 0 after warm-up: value function not predicting returns
it  717 steps  70483968 sps   42,190 | ep_ret   21.57 ep_len 1000.0 (n=83) | pg -0.005 vf 0.002 kl 0.0146 lr 1.3e-04
[anomaly] it 717: explained variance -0.70 < 0 after warm-up: value function not predicting returns
it  718 steps  70582272 sps   42,190 | ep_ret   21.64 ep_len 1000.0 (n=74) | pg -0.004 vf 0.003 kl 0.0143 lr 2.0e-04
[anomaly] it 718: explained variance -0.58 < 0 after warm-up: value function not predicting returns
it  719 steps  70680576 sps   42,190 | ep_ret   21.46 ep_len 1000.0 (n=68) | pg -0.002 vf 0.002 kl 0.0150 lr 1.3e-04
[anomaly] it 719: explained variance -0.91 < 0 after warm-up: value function not predicting returns
it  720 steps  70778880 sps   42,190 | ep_ret   21.38 ep_len  994.2 (n=76) | pg -0.004 vf 0.002 kl 0.0151 lr 8.8e-05
[anomaly] it 720: explained variance -0.37 < 0 after warm-up: value function not predicting returns
[anomaly] it 720: terminal-step reward dominates the episode: survival is being punished
it  721 steps  70877184 sps   42,191 | ep_ret   21.67 ep_len 1000.0 (n=75) | pg -0.004 vf 0.002 kl 0.0123 lr 1.3e-04
[anomaly] it 721: explained variance -0.55 < 0 after warm-up: value function not predicting returns
it  722 steps  70975488 sps   42,191 | ep_ret   21.76 ep_len 1000.0 (n=87) | pg -0.002 vf 0.002 kl 0.0135 lr 8.8e-05
[anomaly] it 722: explained variance -0.48 < 0 after warm-up: value function not predicting returns
it  723 steps  71073792 sps   42,191 | ep_ret   21.96 ep_len 1000.0 (n=94) | pg -0.004 vf 0.001 kl 0.0093 lr 8.8e-05
[anomaly] it 723: explained variance -0.45 < 0 after warm-up: value function not predicting returns
it  724 steps  71172096 sps   42,191 | ep_ret   21.75 ep_len 1000.0 (n=115) | pg -0.005 vf 0.001 kl 0.0146 lr 1.3e-04
[anomaly] it 724: explained variance -0.46 < 0 after warm-up: value function not predicting returns
it  725 steps  71270400 sps   42,191 | ep_ret   21.92 ep_len 1000.0 (n=102) | pg -0.003 vf 0.001 kl 0.0133 lr 1.3e-04
[anomaly] it 725: explained variance -0.48 < 0 after warm-up: value function not predicting returns
it  726 steps  71368704 sps   42,192 | ep_ret   21.80 ep_len 1000.0 (n=110) | pg -0.005 vf 0.001 kl 0.0119 lr 1.3e-04
[anomaly] it 726: explained variance -0.45 < 0 after warm-up: value function not predicting returns
it  727 steps  71467008 sps   42,192 | ep_ret   22.05 ep_len 1000.0 (n=122) | pg -0.003 vf 0.002 kl 0.0103 lr 5.9e-05
[anomaly] it 727: explained variance -0.46 < 0 after warm-up: value function not predicting returns
it  728 steps  71565312 sps   42,192 | ep_ret   21.88 ep_len 1000.0 (n=123) | pg -0.006 vf 0.001 kl 0.0116 lr 1.3e-04
[anomaly] it 728: explained variance -0.75 < 0 after warm-up: value function not predicting returns
it  729 steps  71663616 sps   42,192 | ep_ret   21.67 ep_len  998.0 (n=111) | pg -0.003 vf 0.001 kl 0.0134 lr 1.3e-04
[anomaly] it 729: explained variance -0.37 < 0 after warm-up: value function not predicting returns
[anomaly] it 729: terminal-step reward dominates the episode: survival is being punished
it  730 steps  71761920 sps   42,192 | ep_ret   21.88 ep_len 1000.0 (n=133) | pg 0.001 vf 0.001 kl 0.0143 lr 2.6e-05
[anomaly] it 730: explained variance -0.45 < 0 after warm-up: value function not predicting returns
it  731 steps  71860224 sps   42,193 | ep_ret   21.94 ep_len 1000.0 (n=138) | pg -0.005 vf 0.001 kl 0.0097 lr 8.8e-05
[anomaly] it 731: explained variance -0.46 < 0 after warm-up: value function not predicting returns
it  732 steps  71958528 sps   42,193 | ep_ret   21.85 ep_len 1000.0 (n=146) | pg -0.003 vf 0.001 kl 0.0129 lr 1.3e-04
[anomaly] it 732: explained variance -0.47 < 0 after warm-up: value function not predicting returns
it  733 steps  72056832 sps   42,193 | ep_ret   22.21 ep_len 1000.0 (n=133) | pg -0.003 vf 0.001 kl 0.0141 lr 8.8e-05
[anomaly] it 733: explained variance -0.45 < 0 after warm-up: value function not predicting returns
it  734 steps  72155136 sps   42,193 | ep_ret   21.94 ep_len 1000.0 (n=124) | pg -0.005 vf 0.002 kl 0.0113 lr 1.3e-04
[anomaly] it 734: explained variance -0.49 < 0 after warm-up: value function not predicting returns
it  735 steps  72253440 sps   42,194 | ep_ret   22.02 ep_len 1000.0 (n=109) | pg -0.002 vf 0.002 kl 0.0145 lr 8.8e-05
[anomaly] it 735: explained variance -0.68 < 0 after warm-up: value function not predicting returns
it  736 steps  72351744 sps   42,194 | ep_ret   21.91 ep_len  996.3 (n=121) | pg -0.003 vf 0.001 kl 0.0129 lr 1.3e-04
[anomaly] it 736: explained variance -0.39 < 0 after warm-up: value function not predicting returns
[anomaly] it 736: terminal-step reward dominates the episode: survival is being punished
it  737 steps  72450048 sps   42,194 | ep_ret   22.03 ep_len 1000.0 (n=108) | pg -0.004 vf 0.001 kl 0.0148 lr 8.8e-05
[anomaly] it 737: explained variance -0.48 < 0 after warm-up: value function not predicting returns
it  738 steps  72548352 sps   42,194 | ep_ret   22.04 ep_len 1000.0 (n=109) | pg -0.005 vf 0.001 kl 0.0133 lr 1.3e-04
[anomaly] it 738: explained variance -0.51 < 0 after warm-up: value function not predicting returns
it  739 steps  72646656 sps   42,194 | ep_ret   22.14 ep_len 1000.0 (n=140) | pg -0.000 vf 0.001 kl 0.0140 lr 5.9e-05
[anomaly] it 739: explained variance -0.50 < 0 after warm-up: value function not predicting returns
it  740 steps  72744960 sps   42,194 | ep_ret   22.04 ep_len 1000.0 (n=100) | pg -0.003 vf 0.001 kl 0.0097 lr 8.8e-05
[anomaly] it 740: explained variance -0.51 < 0 after warm-up: value function not predicting returns
it  741 steps  72843264 sps   42,195 | ep_ret   22.40 ep_len 1000.0 (n=118) | pg -0.005 vf 0.002 kl 0.0120 lr 1.3e-04
[anomaly] it 741: explained variance -0.73 < 0 after warm-up: value function not predicting returns
it  742 steps  72941568 sps   42,195 | ep_ret   21.95 ep_len  999.6 (n=87) | pg -0.003 vf 0.001 kl 0.0118 lr 1.3e-04
[anomaly] it 742: explained variance -0.28 < 0 after warm-up: value function not predicting returns
[anomaly] it 742: terminal-step reward dominates the episode: survival is being punished
it  743 steps  73039872 sps   42,195 | ep_ret   22.18 ep_len 1000.0 (n=112) | pg -0.004 vf 0.001 kl 0.0156 lr 1.3e-04
[anomaly] it 743: explained variance -0.46 < 0 after warm-up: value function not predicting returns
it  744 steps  73138176 sps   42,195 | ep_ret   22.31 ep_len 1000.0 (n=90) | pg -0.004 vf 0.002 kl 0.0152 lr 8.8e-05
[anomaly] it 744: explained variance -0.48 < 0 after warm-up: value function not predicting returns
it  745 steps  73236480 sps   42,195 | ep_ret   22.21 ep_len 1000.0 (n=99) | pg -0.005 vf 0.002 kl 0.0117 lr 1.3e-04
[anomaly] it 745: explained variance -0.48 < 0 after warm-up: value function not predicting returns
it  746 steps  73334784 sps   42,196 | ep_ret   22.19 ep_len 1000.0 (n=86) | pg -0.003 vf 0.002 kl 0.0100 lr 5.9e-05
[anomaly] it 746: explained variance -0.48 < 0 after warm-up: value function not predicting returns
it  747 steps  73433088 sps   42,196 | ep_ret   22.52 ep_len 1000.0 (n=79) | pg -0.004 vf 0.002 kl 0.0120 lr 8.8e-05
[anomaly] it 747: explained variance -0.50 < 0 after warm-up: value function not predicting returns
it  748 steps  73531392 sps   42,196 | ep_ret   22.07 ep_len  993.4 (n=86) | pg -0.004 vf 0.002 kl 0.0125 lr 5.9e-05
[anomaly] it 748: explained variance -0.25 < 0 after warm-up: value function not predicting returns
[anomaly] it 748: terminal-step reward dominates the episode: survival is being punished
it  749 steps  73629696 sps   42,196 | ep_ret   22.42 ep_len 1000.0 (n=76) | pg -0.004 vf 0.002 kl 0.0123 lr 1.3e-04
[anomaly] it 749: explained variance -0.46 < 0 after warm-up: value function not predicting returns
it  750 steps  73728000 sps   42,196 | ep_ret   22.40 ep_len 1000.0 (n=94) | pg -0.002 vf 0.003 kl 0.0154 lr 3.9e-05
[anomaly] it 750: explained variance -0.56 < 0 after warm-up: value function not predicting returns
it  751 steps  73826304 sps   42,197 | ep_ret   22.20 ep_len  995.0 (n=91) | pg -0.005 vf 0.002 kl 0.0121 lr 8.8e-05
[anomaly] it 751: explained variance -0.34 < 0 after warm-up: value function not predicting returns
[anomaly] it 751: terminal-step reward dominates the episode: survival is being punished
it  752 steps  73924608 sps   42,197 | ep_ret   22.40 ep_len 1000.0 (n=62) | pg -0.002 vf 0.002 kl 0.0141 lr 8.8e-05
[anomaly] it 752: explained variance -0.50 < 0 after warm-up: value function not predicting returns
it  753 steps  74022912 sps   42,197 | ep_ret   22.12 ep_len 1000.0 (n=75) | pg -0.006 vf 0.002 kl 0.0140 lr 8.8e-05
[anomaly] it 753: explained variance -0.51 < 0 after warm-up: value function not predicting returns
it  754 steps  74121216 sps   42,197 | ep_ret   22.45 ep_len 1000.0 (n=80) | pg -0.005 vf 0.002 kl 0.0123 lr 1.3e-04
[anomaly] it 754: explained variance -0.51 < 0 after warm-up: value function not predicting returns
it  755 steps  74219520 sps   42,197 | ep_ret   22.49 ep_len 1000.0 (n=63) | pg -0.004 vf 0.002 kl 0.0149 lr 1.3e-04
[anomaly] it 755: explained variance -0.48 < 0 after warm-up: value function not predicting returns
it  756 steps  74317824 sps   42,197 | ep_ret   22.47 ep_len 1000.0 (n=82) | pg -0.004 vf 0.002 kl 0.0117 lr 1.3e-04
[anomaly] it 756: explained variance -0.53 < 0 after warm-up: value function not predicting returns
it  757 steps  74416128 sps   42,198 | ep_ret   22.35 ep_len 1000.0 (n=75) | pg -0.004 vf 0.002 kl 0.0145 lr 8.8e-05
[anomaly] it 757: explained variance -0.73 < 0 after warm-up: value function not predicting returns
it  758 steps  74514432 sps   42,198 | ep_ret   22.19 ep_len  994.0 (n=73) | pg -0.001 vf 0.002 kl 0.0106 lr 5.9e-05
[anomaly] it 758: explained variance -0.51 < 0 after warm-up: value function not predicting returns
[anomaly] it 758: terminal-step reward dominates the episode: survival is being punished
it  759 steps  74612736 sps   42,198 | ep_ret   22.41 ep_len 1000.0 (n=79) | pg -0.004 vf 0.002 kl 0.0096 lr 8.8e-05
[anomaly] it 759: explained variance -0.46 < 0 after warm-up: value function not predicting returns
it  760 steps  74711040 sps   42,198 | ep_ret   22.60 ep_len 1000.0 (n=72) | pg -0.004 vf 0.002 kl 0.0160 lr 8.8e-05
[anomaly] it 760: explained variance -0.46 < 0 after warm-up: value function not predicting returns
it  761 steps  74809344 sps   42,198 | ep_ret   22.37 ep_len 1000.0 (n=67) | pg -0.006 vf 0.002 kl 0.0118 lr 1.3e-04
[anomaly] it 761: explained variance -0.46 < 0 after warm-up: value function not predicting returns
it  762 steps  74907648 sps   42,198 | ep_ret   22.55 ep_len 1000.0 (n=72) | pg -0.003 vf 0.003 kl 0.0112 lr 8.8e-05
[anomaly] it 762: explained variance -0.52 < 0 after warm-up: value function not predicting returns
it  763 steps  75005952 sps   42,199 | ep_ret   22.54 ep_len 1000.0 (n=86) | pg -0.004 vf 0.003 kl 0.0113 lr 1.3e-04
[anomaly] it 763: explained variance -0.51 < 0 after warm-up: value function not predicting returns
it  764 steps  75104256 sps   42,199 | ep_ret   22.61 ep_len 1000.0 (n=88) | pg -0.001 vf 0.002 kl 0.0124 lr 5.9e-05
[anomaly] it 764: explained variance -0.53 < 0 after warm-up: value function not predicting returns
it  765 steps  75202560 sps   42,199 | ep_ret   22.52 ep_len 1000.0 (n=106) | pg -0.004 vf 0.002 kl 0.0122 lr 1.3e-04
[anomaly] it 765: explained variance -0.51 < 0 after warm-up: value function not predicting returns
it  766 steps  75300864 sps   42,199 | ep_ret   22.48 ep_len 1000.0 (n=96) | pg -0.001 vf 0.003 kl 0.0127 lr 5.9e-05
[anomaly] it 766: explained variance -0.48 < 0 after warm-up: value function not predicting returns
it  767 steps  75399168 sps   42,199 | ep_ret   22.75 ep_len 1000.0 (n=114) | pg -0.005 vf 0.002 kl 0.0095 lr 8.8e-05
[anomaly] it 767: explained variance -0.48 < 0 after warm-up: value function not predicting returns
it  768 steps  75497472 sps   42,199 | ep_ret   22.57 ep_len 1000.0 (n=105) | pg -0.006 vf 0.002 kl 0.0107 lr 1.3e-04
[anomaly] it 768: explained variance -0.55 < 0 after warm-up: value function not predicting returns
it  769 steps  75595776 sps   42,200 | ep_ret   22.61 ep_len 1000.0 (n=136) | pg -0.002 vf 0.002 kl 0.0147 lr 1.3e-04
[anomaly] it 769: explained variance -0.53 < 0 after warm-up: value function not predicting returns
it  770 steps  75694080 sps   42,200 | ep_ret   22.78 ep_len 1000.0 (n=116) | pg -0.002 vf 0.002 kl 0.0147 lr 8.8e-05
[anomaly] it 770: explained variance -0.48 < 0 after warm-up: value function not predicting returns
it  771 steps  75792384 sps   42,200 | ep_ret   22.82 ep_len 1000.0 (n=116) | pg -0.005 vf 0.002 kl 0.0117 lr 1.3e-04
[anomaly] it 771: explained variance -0.53 < 0 after warm-up: value function not predicting returns
it  772 steps  75890688 sps   42,200 | ep_ret   22.69 ep_len 1000.0 (n=133) | pg -0.002 vf 0.002 kl 0.0140 lr 3.9e-05
[anomaly] it 772: explained variance -0.51 < 0 after warm-up: value function not predicting returns
it  773 steps  75988992 sps   42,200 | ep_ret   22.56 ep_len 1000.0 (n=142) | pg -0.003 vf 0.001 kl 0.0099 lr 8.8e-05
[anomaly] it 773: explained variance -0.57 < 0 after warm-up: value function not predicting returns
it  774 steps  76087296 sps   42,200 | ep_ret   22.72 ep_len 1000.0 (n=133) | pg 0.005 vf 0.001 kl 0.0190 lr 1.5e-05
[anomaly] it 774: explained variance -0.51 < 0 after warm-up: value function not predicting returns
it  775 steps  76185600 sps   42,201 | ep_ret   22.67 ep_len 1000.0 (n=138) | pg -0.002 vf 0.001 kl 0.0087 lr 3.4e-05
[anomaly] it 775: explained variance -0.48 < 0 after warm-up: value function not predicting returns
it  776 steps  76283904 sps   42,201 | ep_ret   22.65 ep_len 1000.0 (n=119) | pg -0.004 vf 0.002 kl 0.0100 lr 7.6e-05
[anomaly] it 776: explained variance -0.52 < 0 after warm-up: value function not predicting returns
it  777 steps  76382208 sps   42,201 | ep_ret   22.68 ep_len 1000.0 (n=117) | pg -0.006 vf 0.001 kl 0.0100 lr 1.1e-04
[anomaly] it 777: explained variance -0.48 < 0 after warm-up: value function not predicting returns
it  778 steps  76480512 sps   42,201 | ep_ret   22.81 ep_len 1000.0 (n=121) | pg -0.004 vf 0.002 kl 0.0139 lr 1.7e-04
[anomaly] it 778: explained variance -0.56 < 0 after warm-up: value function not predicting returns
it  779 steps  76578816 sps   42,201 | ep_ret   22.85 ep_len 1000.0 (n=101) | pg -0.001 vf 0.002 kl 0.0138 lr 5.1e-05
[anomaly] it 779: explained variance -0.52 < 0 after warm-up: value function not predicting returns
it  780 steps  76677120 sps   42,201 | ep_ret   22.76 ep_len 1000.0 (n=117) | pg -0.004 vf 0.001 kl 0.0090 lr 7.6e-05
[anomaly] it 780: explained variance -0.48 < 0 after warm-up: value function not predicting returns
it  781 steps  76775424 sps   42,202 | ep_ret   22.69 ep_len 1000.0 (n=131) | pg -0.004 vf 0.001 kl 0.0133 lr 1.1e-04
[anomaly] it 781: explained variance -0.51 < 0 after warm-up: value function not predicting returns
it  782 steps  76873728 sps   42,202 | ep_ret   22.97 ep_len 1000.0 (n=101) | pg -0.004 vf 0.002 kl 0.0135 lr 1.7e-04
[anomaly] it 782: explained variance -0.51 < 0 after warm-up: value function not predicting returns
it  783 steps  76972032 sps   42,202 | ep_ret   22.82 ep_len 1000.0 (n=108) | pg -0.001 vf 0.001 kl 0.0130 lr 7.6e-05
[anomaly] it 783: explained variance -0.51 < 0 after warm-up: value function not predicting returns
it  784 steps  77070336 sps   42,202 | ep_ret   22.74 ep_len 1000.0 (n=92) | pg -0.004 vf 0.002 kl 0.0110 lr 1.1e-04
[anomaly] it 784: explained variance -0.51 < 0 after warm-up: value function not predicting returns
it  785 steps  77168640 sps   42,202 | ep_ret   22.72 ep_len 1000.0 (n=108) | pg -0.003 vf 0.001 kl 0.0128 lr 7.6e-05
[anomaly] it 785: explained variance -0.47 < 0 after warm-up: value function not predicting returns
it  786 steps  77266944 sps   42,202 | ep_ret   22.86 ep_len 1000.0 (n=96) | pg -0.001 vf 0.001 kl 0.0146 lr 5.1e-05
[anomaly] it 786: explained variance -0.46 < 0 after warm-up: value function not predicting returns
it  787 steps  77365248 sps   42,202 | ep_ret   22.91 ep_len 1000.0 (n=91) | pg -0.005 vf 0.002 kl 0.0092 lr 7.6e-05
[anomaly] it 787: explained variance -0.45 < 0 after warm-up: value function not predicting returns
it  788 steps  77463552 sps   42,202 | ep_ret   23.05 ep_len 1000.0 (n=81) | pg -0.005 vf 0.002 kl 0.0109 lr 1.1e-04
[anomaly] it 788: explained variance -0.46 < 0 after warm-up: value function not predicting returns
it  789 steps  77561856 sps   42,203 | ep_ret   22.88 ep_len 1000.0 (n=86) | pg 0.001 vf 0.002 kl 0.0120 lr 3.4e-05
[anomaly] it 789: explained variance -0.51 < 0 after warm-up: value function not predicting returns
it  790 steps  77660160 sps   42,203 | ep_ret   22.99 ep_len 1000.0 (n=75) | pg -0.002 vf 0.002 kl 0.0086 lr 5.1e-05
[anomaly] it 790: explained variance -0.48 < 0 after warm-up: value function not predicting returns
it  791 steps  77758464 sps   42,203 | ep_ret   22.88 ep_len 1000.0 (n=88) | pg -0.004 vf 0.002 kl 0.0104 lr 7.6e-05
[anomaly] it 791: explained variance -0.46 < 0 after warm-up: value function not predicting returns
it  792 steps  77856768 sps   42,203 | ep_ret   22.84 ep_len 1000.0 (n=89) | pg -0.001 vf 0.002 kl 0.0126 lr 5.1e-05
[anomaly] it 792: explained variance -0.49 < 0 after warm-up: value function not predicting returns
it  793 steps  77955072 sps   42,203 | ep_ret   22.98 ep_len 1000.0 (n=87) | pg -0.005 vf 0.002 kl 0.0102 lr 1.1e-04
[anomaly] it 793: explained variance -0.46 < 0 after warm-up: value function not predicting returns
it  794 steps  78053376 sps   42,203 | ep_ret   22.91 ep_len 1000.0 (n=57) | pg -0.004 vf 0.002 kl 0.0142 lr 5.1e-05
[anomaly] it 794: explained variance -0.48 < 0 after warm-up: value function not predicting returns
it  795 steps  78151680 sps   42,203 | ep_ret   23.17 ep_len 1000.0 (n=86) | pg -0.004 vf 0.002 kl 0.0122 lr 7.6e-05
[anomaly] it 795: explained variance -0.48 < 0 after warm-up: value function not predicting returns
it  796 steps  78249984 sps   42,203 | ep_ret   23.20 ep_len 1000.0 (n=68) | pg -0.004 vf 0.002 kl 0.0108 lr 1.1e-04
[anomaly] it 796: explained variance -0.54 < 0 after warm-up: value function not predicting returns
it  797 steps  78348288 sps   42,204 | ep_ret   23.10 ep_len 1000.0 (n=86) | pg -0.003 vf 0.002 kl 0.0146 lr 1.1e-04
[anomaly] it 797: explained variance -0.65 < 0 after warm-up: value function not predicting returns
it  798 steps  78446592 sps   42,204 | ep_ret   22.72 ep_len  987.8 (n=67) | pg -0.004 vf 0.002 kl 0.0130 lr 7.6e-05
[anomaly] it 798: explained variance -0.47 < 0 after warm-up: value function not predicting returns
it  799 steps  78544896 sps   42,204 | ep_ret   22.91 ep_len 1000.0 (n=77) | pg -0.004 vf 0.002 kl 0.0129 lr 1.1e-04
[anomaly] it 799: explained variance -0.54 < 0 after warm-up: value function not predicting returns
it  800 steps  78643200 sps   42,204 | ep_ret   22.81 ep_len  994.5 (n=80) | pg -0.001 vf 0.002 kl 0.0116 lr 5.1e-05
[anomaly] it 800: explained variance -0.29 < 0 after warm-up: value function not predicting returns
[anomaly] it 800: terminal-step reward dominates the episode: survival is being punished
it  801 steps  78741504 sps   42,204 | ep_ret   22.90 ep_len 1000.0 (n=77) | pg -0.005 vf 0.002 kl 0.0098 lr 7.6e-05
[anomaly] it 801: explained variance -0.43 < 0 after warm-up: value function not predicting returns
it  802 steps  78839808 sps   42,204 | ep_ret   22.73 ep_len 1000.0 (n=61) | pg -0.003 vf 0.002 kl 0.0108 lr 5.1e-05
[anomaly] it 802: explained variance -0.44 < 0 after warm-up: value function not predicting returns
it  803 steps  78938112 sps   42,204 | ep_ret   23.01 ep_len 1000.0 (n=79) | pg -0.001 vf 0.001 kl 0.0116 lr 3.4e-05
[anomaly] it 803: explained variance -0.42 < 0 after warm-up: value function not predicting returns
it  804 steps  79036416 sps   42,205 | ep_ret   23.09 ep_len 1000.0 (n=71) | pg -0.002 vf 0.001 kl 0.0097 lr 3.4e-05
[anomaly] it 804: explained variance -0.42 < 0 after warm-up: value function not predicting returns
it  805 steps  79134720 sps   42,205 | ep_ret   23.03 ep_len 1000.0 (n=86) | pg -0.004 vf 0.002 kl 0.0119 lr 7.6e-05
[anomaly] it 805: explained variance -0.41 < 0 after warm-up: value function not predicting returns
it  806 steps  79233024 sps   42,205 | ep_ret   23.10 ep_len 1000.0 (n=87) | pg -0.006 vf 0.002 kl 0.0104 lr 1.1e-04
[anomaly] it 806: explained variance -0.44 < 0 after warm-up: value function not predicting returns
it  807 steps  79331328 sps   42,205 | ep_ret   23.15 ep_len 1000.0 (n=114) | pg -0.002 vf 0.002 kl 0.0135 lr 7.6e-05
[anomaly] it 807: explained variance -0.45 < 0 after warm-up: value function not predicting returns
it  808 steps  79429632 sps   42,205 | ep_ret   23.12 ep_len 1000.0 (n=99) | pg -0.005 vf 0.002 kl 0.0116 lr 1.1e-04
[anomaly] it 808: explained variance -0.54 < 0 after warm-up: value function not predicting returns
it  809 steps  79527936 sps   42,205 | ep_ret   22.96 ep_len  992.7 (n=120) | pg -0.001 vf 0.002 kl 0.0111 lr 5.1e-05
[anomaly] it 809: explained variance -0.28 < 0 after warm-up: value function not predicting returns
[anomaly] it 809: terminal-step reward dominates the episode: survival is being punished
it  810 steps  79626240 sps   42,205 | ep_ret   23.15 ep_len 1000.0 (n=101) | pg -0.005 vf 0.002 kl 0.0086 lr 7.6e-05
[anomaly] it 810: explained variance -0.53 < 0 after warm-up: value function not predicting returns
it  811 steps  79724544 sps   42,206 | ep_ret   23.27 ep_len 1000.0 (n=133) | pg -0.003 vf 0.001 kl 0.0095 lr 5.1e-05
[anomaly] it 811: explained variance -0.66 < 0 after warm-up: value function not predicting returns
it  812 steps  79822848 sps   42,206 | ep_ret   23.00 ep_len  996.7 (n=118) | pg -0.001 vf 0.002 kl 0.0115 lr 3.4e-05
[anomaly] it 812: explained variance -0.44 < 0 after warm-up: value function not predicting returns
[anomaly] it 812: terminal-step reward dominates the episode: survival is being punished
it  813 steps  79921152 sps   42,206 | ep_ret   23.12 ep_len 1000.0 (n=126) | pg -0.001 vf 0.001 kl 0.0090 lr 3.4e-05
[anomaly] it 813: explained variance -0.53 < 0 after warm-up: value function not predicting returns
it  814 steps  80019456 sps   42,206 | ep_ret   23.07 ep_len 1000.0 (n=132) | pg -0.005 vf 0.002 kl 0.0088 lr 7.6e-05
[anomaly] it 814: explained variance -0.52 < 0 after warm-up: value function not predicting returns
it  815 steps  80117760 sps   42,206 | ep_ret   23.21 ep_len 1000.0 (n=144) | pg -0.002 vf 0.001 kl 0.0103 lr 7.6e-05
[anomaly] it 815: explained variance -0.53 < 0 after warm-up: value function not predicting returns
it  816 steps  80216064 sps   42,206 | ep_ret   23.11 ep_len 1000.0 (n=140) | pg -0.005 vf 0.001 kl 0.0117 lr 1.1e-04
[anomaly] it 816: explained variance -0.48 < 0 after warm-up: value function not predicting returns
it  817 steps  80314368 sps   42,206 | ep_ret   23.35 ep_len 1000.0 (n=123) | pg -0.003 vf 0.001 kl 0.0134 lr 1.7e-04
[anomaly] it 817: explained variance -0.48 < 0 after warm-up: value function not predicting returns
it  818 steps  80412672 sps   42,206 | ep_ret   23.22 ep_len 1000.0 (n=115) | pg -0.002 vf 0.002 kl 0.0157 lr 1.1e-04
[anomaly] it 818: explained variance -0.48 < 0 after warm-up: value function not predicting returns
it  819 steps  80510976 sps   42,207 | ep_ret   23.05 ep_len 1000.0 (n=114) | pg -0.003 vf 0.001 kl 0.0134 lr 1.1e-04
[anomaly] it 819: explained variance -0.47 < 0 after warm-up: value function not predicting returns
it  820 steps  80609280 sps   42,207 | ep_ret   23.33 ep_len 1000.0 (n=116) | pg -0.005 vf 0.001 kl 0.0130 lr 1.7e-04
[anomaly] it 820: explained variance -0.49 < 0 after warm-up: value function not predicting returns
it  821 steps  80707584 sps   42,207 | ep_ret   23.29 ep_len 1000.0 (n=97) | pg 0.002 vf 0.001 kl 0.0182 lr 5.1e-05
[anomaly] it 821: explained variance -0.48 < 0 after warm-up: value function not predicting returns
it  822 steps  80805888 sps   42,207 | ep_ret   23.24 ep_len 1000.0 (n=140) | pg -0.004 vf 0.001 kl 0.0083 lr 7.6e-05
[anomaly] it 822: explained variance -0.47 < 0 after warm-up: value function not predicting returns
it  823 steps  80904192 sps   42,207 | ep_ret   23.38 ep_len 1000.0 (n=115) | pg -0.001 vf 0.001 kl 0.0107 lr 5.1e-05
[anomaly] it 823: explained variance -0.49 < 0 after warm-up: value function not predicting returns
it  824 steps  81002496 sps   42,207 | ep_ret   23.43 ep_len 1000.0 (n=114) | pg -0.003 vf 0.001 kl 0.0118 lr 7.6e-05
[anomaly] it 824: explained variance -0.49 < 0 after warm-up: value function not predicting returns
it  825 steps  81100800 sps   42,208 | ep_ret   23.30 ep_len 1000.0 (n=93) | pg 0.003 vf 0.002 kl 0.0140 lr 3.4e-05
[anomaly] it 825: explained variance -0.51 < 0 after warm-up: value function not predicting returns
it  826 steps  81199104 sps   42,208 | ep_ret   23.27 ep_len 1000.0 (n=105) | pg -0.005 vf 0.001 kl 0.0087 lr 7.6e-05
[anomaly] it 826: explained variance -0.50 < 0 after warm-up: value function not predicting returns
it  827 steps  81297408 sps   42,208 | ep_ret   23.40 ep_len 1000.0 (n=95) | pg -0.004 vf 0.001 kl 0.0117 lr 1.1e-04
[anomaly] it 827: explained variance -0.50 < 0 after warm-up: value function not predicting returns
it  828 steps  81395712 sps   42,208 | ep_ret   23.37 ep_len 1000.0 (n=94) | pg -0.002 vf 0.002 kl 0.0131 lr 1.1e-04
[anomaly] it 828: explained variance -0.49 < 0 after warm-up: value function not predicting returns
it  829 steps  81494016 sps   42,208 | ep_ret   23.48 ep_len 1000.0 (n=83) | pg -0.001 vf 0.002 kl 0.0133 lr 7.6e-05
[anomaly] it 829: explained variance -0.48 < 0 after warm-up: value function not predicting returns
it  830 steps  81592320 sps   42,208 | ep_ret   23.43 ep_len 1000.0 (n=89) | pg -0.005 vf 0.002 kl 0.0141 lr 7.6e-05
[anomaly] it 830: explained variance -0.48 < 0 after warm-up: value function not predicting returns
it  831 steps  81690624 sps   42,209 | ep_ret   23.34 ep_len 1000.0 (n=91) | pg -0.001 vf 0.002 kl 0.0108 lr 5.1e-05
[anomaly] it 831: explained variance -0.49 < 0 after warm-up: value function not predicting returns
it  832 steps  81788928 sps   42,209 | ep_ret   23.36 ep_len 1000.0 (n=71) | pg -0.005 vf 0.002 kl 0.0109 lr 1.1e-04
[anomaly] it 832: explained variance -0.48 < 0 after warm-up: value function not predicting returns
it  833 steps  81887232 sps   42,209 | ep_ret   23.20 ep_len 1000.0 (n=98) | pg -0.004 vf 0.002 kl 0.0142 lr 1.1e-04
[anomaly] it 833: explained variance -0.47 < 0 after warm-up: value function not predicting returns
it  834 steps  81985536 sps   42,209 | ep_ret   23.34 ep_len 1000.0 (n=82) | pg -0.003 vf 0.002 kl 0.0148 lr 1.1e-04
[anomaly] it 834: explained variance -0.49 < 0 after warm-up: value function not predicting returns
it  835 steps  82083840 sps   42,209 | ep_ret   23.47 ep_len 1000.0 (n=77) | pg -0.004 vf 0.002 kl 0.0154 lr 7.6e-05
[anomaly] it 835: explained variance -0.53 < 0 after warm-up: value function not predicting returns
it  836 steps  82182144 sps   42,209 | ep_ret   23.53 ep_len 1000.0 (n=58) | pg -0.003 vf 0.004 kl 0.0154 lr 7.6e-05
[anomaly] it 836: explained variance -0.56 < 0 after warm-up: value function not predicting returns
it  837 steps  82280448 sps   42,209 | ep_ret   23.16 ep_len 1000.0 (n=88) | pg -0.004 vf 0.002 kl 0.0117 lr 1.1e-04
[anomaly] it 837: explained variance -0.69 < 0 after warm-up: value function not predicting returns
it  838 steps  82378752 sps   42,210 | ep_ret   22.91 ep_len  993.7 (n=68) | pg -0.001 vf 0.002 kl 0.0110 lr 3.4e-05
[anomaly] it 838: explained variance -0.64 < 0 after warm-up: value function not predicting returns
it  839 steps  82477056 sps   42,210 | ep_ret   23.26 ep_len  995.3 (n=90) | pg -0.004 vf 0.002 kl 0.0110 lr 7.6e-05
[anomaly] it 839: explained variance -0.37 < 0 after warm-up: value function not predicting returns
[anomaly] it 839: terminal-step reward dominates the episode: survival is being punished
it  840 steps  82575360 sps   42,210 | ep_ret   23.35 ep_len 1000.0 (n=67) | pg -0.003 vf 0.002 kl 0.0121 lr 7.6e-05
[anomaly] it 840: explained variance -0.45 < 0 after warm-up: value function not predicting returns
it  841 steps  82673664 sps   42,210 | ep_ret   23.28 ep_len 1000.0 (n=67) | pg -0.002 vf 0.002 kl 0.0146 lr 7.6e-05
[anomaly] it 841: explained variance -0.46 < 0 after warm-up: value function not predicting returns
it  842 steps  82771968 sps   42,210 | ep_ret   23.39 ep_len 1000.0 (n=84) | pg 0.001 vf 0.002 kl 0.0122 lr 2.3e-05
[anomaly] it 842: explained variance -0.48 < 0 after warm-up: value function not predicting returns
it  843 steps  82870272 sps   42,210 | ep_ret   23.49 ep_len 1000.0 (n=74) | pg -0.004 vf 0.003 kl 0.0098 lr 5.1e-05
[anomaly] it 843: explained variance -0.50 < 0 after warm-up: value function not predicting returns
it  844 steps  82968576 sps   42,210 | ep_ret   23.53 ep_len 1000.0 (n=68) | pg -0.005 vf 0.002 kl 0.0092 lr 7.6e-05
[anomaly] it 844: explained variance -0.57 < 0 after warm-up: value function not predicting returns
it  845 steps  83066880 sps   42,211 | ep_ret   23.49 ep_len 1000.0 (n=76) | pg -0.005 vf 0.002 kl 0.0135 lr 1.1e-04
[anomaly] it 845: explained variance -0.63 < 0 after warm-up: value function not predicting returns
it  846 steps  83165184 sps   42,211 | ep_ret   23.54 ep_len 1000.0 (n=74) | pg -0.003 vf 0.002 kl 0.0120 lr 1.1e-04
[anomaly] it 846: explained variance -0.73 < 0 after warm-up: value function not predicting returns
it  847 steps  83263488 sps   42,211 | ep_ret   23.27 ep_len  995.7 (n=88) | pg -0.003 vf 0.002 kl 0.0123 lr 7.6e-05
[anomaly] it 847: explained variance -0.31 < 0 after warm-up: value function not predicting returns
[anomaly] it 847: terminal-step reward dominates the episode: survival is being punished
it  848 steps  83361792 sps   42,211 | ep_ret   23.46 ep_len 1000.0 (n=94) | pg -0.004 vf 0.001 kl 0.0106 lr 7.6e-05
[anomaly] it 848: explained variance -0.53 < 0 after warm-up: value function not predicting returns
it  849 steps  83460096 sps   42,211 | ep_ret   23.45 ep_len 1000.0 (n=115) | pg -0.005 vf 0.002 kl 0.0107 lr 1.1e-04
[anomaly] it 849: explained variance -0.53 < 0 after warm-up: value function not predicting returns
it  850 steps  83558400 sps   42,211 | ep_ret   23.48 ep_len 1000.0 (n=102) | pg -0.001 vf 0.002 kl 0.0141 lr 5.1e-05
[anomaly] it 850: explained variance -0.53 < 0 after warm-up: value function not predicting returns
it  851 steps  83656704 sps   42,211 | ep_ret   23.46 ep_len 1000.0 (n=111) | pg -0.005 vf 0.002 kl 0.0110 lr 7.6e-05
[anomaly] it 851: explained variance -0.55 < 0 after warm-up: value function not predicting returns
it  852 steps  83755008 sps   42,212 | ep_ret   23.66 ep_len 1000.0 (n=122) | pg -0.002 vf 0.003 kl 0.0137 lr 7.6e-05
[anomaly] it 852: explained variance -0.69 < 0 after warm-up: value function not predicting returns
it  853 steps  83853312 sps   42,212 | ep_ret   23.18 ep_len  995.4 (n=124) | pg -0.002 vf 0.002 kl 0.0115 lr 5.1e-05
[anomaly] it 853: explained variance -0.22 < 0 after warm-up: value function not predicting returns
[anomaly] it 853: terminal-step reward dominates the episode: survival is being punished
it  854 steps  83951616 sps   42,212 | ep_ret   23.56 ep_len 1000.0 (n=112) | pg -0.004 vf 0.001 kl 0.0085 lr 7.6e-05
[anomaly] it 854: explained variance -0.53 < 0 after warm-up: value function not predicting returns
it  855 steps  84049920 sps   42,212 | ep_ret   23.53 ep_len 1000.0 (n=131) | pg -0.005 vf 0.002 kl 0.0114 lr 1.1e-04
[anomaly] it 855: explained variance -0.54 < 0 after warm-up: value function not predicting returns
it  856 steps  84148224 sps   42,212 | ep_ret   23.56 ep_len 1000.0 (n=138) | pg -0.003 vf 0.001 kl 0.0149 lr 1.1e-04
[anomaly] it 856: explained variance -0.55 < 0 after warm-up: value function not predicting returns
it  857 steps  84246528 sps   42,212 | ep_ret   23.61 ep_len 1000.0 (n=145) | pg -0.002 vf 0.001 kl 0.0153 lr 1.1e-04
[anomaly] it 857: explained variance -0.54 < 0 after warm-up: value function not predicting returns
it  858 steps  84344832 sps   42,212 | ep_ret   23.60 ep_len 1000.0 (n=132) | pg -0.004 vf 0.001 kl 0.0130 lr 1.1e-04
[anomaly] it 858: explained variance -0.56 < 0 after warm-up: value function not predicting returns
it  859 steps  84443136 sps   42,213 | ep_ret   23.56 ep_len 1000.0 (n=123) | pg -0.004 vf 0.002 kl 0.0100 lr 5.1e-05
[anomaly] it 859: explained variance -0.56 < 0 after warm-up: value function not predicting returns
it  860 steps  84541440 sps   42,213 | ep_ret   23.45 ep_len 1000.0 (n=108) | pg -0.002 vf 0.002 kl 0.0135 lr 7.6e-05
[anomaly] it 860: explained variance -0.64 < 0 after warm-up: value function not predicting returns
it  861 steps  84639744 sps   42,213 | ep_ret   23.59 ep_len  996.6 (n=122) | pg -0.004 vf 0.001 kl 0.0117 lr 1.1e-04
[anomaly] it 861: explained variance -0.42 < 0 after warm-up: value function not predicting returns
[anomaly] it 861: terminal-step reward dominates the episode: survival is being punished
it  862 steps  84738048 sps   42,213 | ep_ret   23.48 ep_len 1000.0 (n=108) | pg -0.003 vf 0.001 kl 0.0149 lr 7.6e-05
[anomaly] it 862: explained variance -0.56 < 0 after warm-up: value function not predicting returns
it  863 steps  84836352 sps   42,213 | ep_ret   23.39 ep_len 1000.0 (n=108) | pg -0.003 vf 0.001 kl 0.0125 lr 1.1e-04
[anomaly] it 863: explained variance -0.51 < 0 after warm-up: value function not predicting returns
it  864 steps  84934656 sps   42,213 | ep_ret   23.28 ep_len 1000.0 (n=140) | pg -0.004 vf 0.001 kl 0.0123 lr 5.1e-05
[anomaly] it 864: explained variance -0.49 < 0 after warm-up: value function not predicting returns
it  865 steps  85032960 sps   42,213 | ep_ret   23.42 ep_len 1000.0 (n=100) | pg -0.005 vf 0.002 kl 0.0112 lr 1.1e-04
[anomaly] it 865: explained variance -0.53 < 0 after warm-up: value function not predicting returns
it  866 steps  85131264 sps   42,214 | ep_ret   23.57 ep_len 1000.0 (n=118) | pg 0.001 vf 0.003 kl 0.0169 lr 1.5e-05
[anomaly] it 866: explained variance -0.64 < 0 after warm-up: value function not predicting returns
it  867 steps  85229568 sps   42,214 | ep_ret   23.38 ep_len  994.8 (n=88) | pg -0.005 vf 0.002 kl 0.0084 lr 5.1e-05
[anomaly] it 867: explained variance -0.74 < 0 after warm-up: value function not predicting returns
[anomaly] it 867: terminal-step reward dominates the episode: survival is being punished
it  868 steps  85327872 sps   42,214 | ep_ret   23.13 ep_len  990.0 (n=114) | pg -0.005 vf 0.002 kl 0.0113 lr 1.1e-04
[anomaly] it 868: explained variance -0.29 < 0 after warm-up: value function not predicting returns
[anomaly] it 868: terminal-step reward dominates the episode: survival is being punished
it  869 steps  85426176 sps   42,214 | ep_ret   23.91 ep_len 1000.0 (n=90) | pg -0.005 vf 0.002 kl 0.0139 lr 1.7e-04
[anomaly] it 869: explained variance -0.50 < 0 after warm-up: value function not predicting returns
it  870 steps  85524480 sps   42,214 | ep_ret   23.53 ep_len 1000.0 (n=98) | pg -0.002 vf 0.002 kl 0.0139 lr 1.1e-04
[anomaly] it 870: explained variance -0.69 < 0 after warm-up: value function not predicting returns
it  871 steps  85622784 sps   42,214 | ep_ret   23.30 ep_len  994.8 (n=87) | pg -0.001 vf 0.002 kl 0.0131 lr 7.6e-05
[anomaly] it 871: explained variance -0.46 < 0 after warm-up: value function not predicting returns
[anomaly] it 871: terminal-step reward dominates the episode: survival is being punished
it  872 steps  85721088 sps   42,214 | ep_ret   23.74 ep_len 1000.0 (n=78) | pg -0.004 vf 0.002 kl 0.0119 lr 1.1e-04
[anomaly] it 872: explained variance -0.49 < 0 after warm-up: value function not predicting returns
it  873 steps  85819392 sps   42,214 | ep_ret   23.62 ep_len 1000.0 (n=85) | pg -0.003 vf 0.003 kl 0.0142 lr 7.6e-05
[anomaly] it 873: explained variance -0.62 < 0 after warm-up: value function not predicting returns
it  874 steps  85917696 sps   42,215 | ep_ret   23.70 ep_len 1000.0 (n=76) | pg -0.003 vf 0.002 kl 0.0114 lr 7.6e-05
[anomaly] it 874: explained variance -0.85 < 0 after warm-up: value function not predicting returns
it  875 steps  86016000 sps   42,215 | ep_ret   23.49 ep_len  995.6 (n=95) | pg -0.004 vf 0.002 kl 0.0137 lr 5.1e-05
[anomaly] it 875: explained variance -0.49 < 0 after warm-up: value function not predicting returns
[anomaly] it 875: terminal-step reward dominates the episode: survival is being punished
it  876 steps  86114304 sps   42,215 | ep_ret   23.58 ep_len 1000.0 (n=91) | pg -0.003 vf 0.002 kl 0.0139 lr 1.1e-04
[anomaly] it 876: explained variance -0.48 < 0 after warm-up: value function not predicting returns
it  877 steps  86212608 sps   42,215 | ep_ret   23.63 ep_len 1000.0 (n=62) | pg -0.004 vf 0.002 kl 0.0142 lr 7.6e-05
[anomaly] it 877: explained variance -0.49 < 0 after warm-up: value function not predicting returns
it  878 steps  86310912 sps   42,215 | ep_ret   23.69 ep_len 1000.0 (n=74) | pg -0.002 vf 0.002 kl 0.0099 lr 5.1e-05
[anomaly] it 878: explained variance -0.51 < 0 after warm-up: value function not predicting returns
it  879 steps  86409216 sps   42,215 | ep_ret   23.86 ep_len 1000.0 (n=80) | pg -0.004 vf 0.003 kl 0.0132 lr 1.1e-04
[anomaly] it 879: explained variance -0.51 < 0 after warm-up: value function not predicting returns
it  880 steps  86507520 sps   42,215 | ep_ret   23.63 ep_len 1000.0 (n=63) | pg -0.003 vf 0.002 kl 0.0126 lr 7.6e-05
[anomaly] it 880: explained variance -0.53 < 0 after warm-up: value function not predicting returns
it  881 steps  86605824 sps   42,215 | ep_ret   23.88 ep_len 1000.0 (n=84) | pg -0.003 vf 0.002 kl 0.0123 lr 1.1e-04
[anomaly] it 881: explained variance -0.54 < 0 after warm-up: value function not predicting returns
it  882 steps  86704128 sps   42,216 | ep_ret   23.84 ep_len 1000.0 (n=75) | pg -0.001 vf 0.002 kl 0.0137 lr 7.6e-05
[anomaly] it 882: explained variance -0.56 < 0 after warm-up: value function not predicting returns
it  883 steps  86802432 sps   42,216 | ep_ret   23.81 ep_len 1000.0 (n=74) | pg -0.004 vf 0.002 kl 0.0105 lr 7.6e-05
[anomaly] it 883: explained variance -0.64 < 0 after warm-up: value function not predicting returns
it  884 steps  86900736 sps   42,216 | ep_ret   23.86 ep_len 1000.0 (n=79) | pg -0.005 vf 0.002 kl 0.0113 lr 1.1e-04
[anomaly] it 884: explained variance -0.57 < 0 after warm-up: value function not predicting returns
it  885 steps  86999040 sps   42,216 | ep_ret   23.37 ep_len  991.3 (n=73) | pg -0.004 vf 0.002 kl 0.0122 lr 7.6e-05
[anomaly] it 885: explained variance -0.24 < 0 after warm-up: value function not predicting returns
it  886 steps  87097344 sps   42,216 | ep_ret   23.73 ep_len 1000.0 (n=66) | pg -0.004 vf 0.001 kl 0.0110 lr 7.6e-05
[anomaly] it 886: explained variance -0.43 < 0 after warm-up: value function not predicting returns
it  887 steps  87195648 sps   42,216 | ep_ret   24.00 ep_len 1000.0 (n=71) | pg -0.005 vf 0.001 kl 0.0139 lr 1.1e-04
[anomaly] it 887: explained variance -0.40 < 0 after warm-up: value function not predicting returns
it  888 steps  87293952 sps   42,216 | ep_ret   23.55 ep_len 1000.0 (n=86) | pg -0.001 vf 0.001 kl 0.0114 lr 5.1e-05
[anomaly] it 888: explained variance -0.40 < 0 after warm-up: value function not predicting returns
it  889 steps  87392256 sps   42,216 | ep_ret   23.78 ep_len 1000.0 (n=89) | pg -0.004 vf 0.002 kl 0.0124 lr 7.6e-05
[anomaly] it 889: explained variance -0.41 < 0 after warm-up: value function not predicting returns
it  890 steps  87490560 sps   42,217 | ep_ret   23.80 ep_len 1000.0 (n=105) | pg -0.002 vf 0.001 kl 0.0139 lr 1.1e-04
[anomaly] it 890: explained variance -0.40 < 0 after warm-up: value function not predicting returns
it  891 steps  87588864 sps   42,217 | ep_ret   23.75 ep_len 1000.0 (n=96) | pg -0.005 vf 0.002 kl 0.0130 lr 1.1e-04
[anomaly] it 891: explained variance -0.44 < 0 after warm-up: value function not predicting returns
it  892 steps  87687168 sps   42,217 | ep_ret   23.85 ep_len 1000.0 (n=113) | pg -0.005 vf 0.001 kl 0.0135 lr 1.7e-04
[anomaly] it 892: explained variance -0.43 < 0 after warm-up: value function not predicting returns
it  893 steps  87785472 sps   42,217 | ep_ret   23.88 ep_len 1000.0 (n=106) | pg -0.002 vf 0.001 kl 0.0150 lr 1.1e-04
[anomaly] it 893: explained variance -0.43 < 0 after warm-up: value function not predicting returns
it  894 steps  87883776 sps   42,217 | ep_ret   23.89 ep_len 1000.0 (n=136) | pg -0.002 vf 0.001 kl 0.0121 lr 7.6e-05
[anomaly] it 894: explained variance -0.43 < 0 after warm-up: value function not predicting returns
it  895 steps  87982080 sps   42,217 | ep_ret   23.83 ep_len 1000.0 (n=119) | pg -0.003 vf 0.002 kl 0.0146 lr 5.1e-05
[anomaly] it 895: explained variance -0.44 < 0 after warm-up: value function not predicting returns
it  896 steps  88080384 sps   42,217 | ep_ret   23.77 ep_len 1000.0 (n=116) | pg -0.004 vf 0.001 kl 0.0100 lr 7.6e-05
[anomaly] it 896: explained variance -0.47 < 0 after warm-up: value function not predicting returns
it  897 steps  88178688 sps   42,217 | ep_ret   23.72 ep_len 1000.0 (n=132) | pg -0.001 vf 0.001 kl 0.0107 lr 5.1e-05
[anomaly] it 897: explained variance -0.47 < 0 after warm-up: value function not predicting returns
it  898 steps  88276992 sps   42,217 | ep_ret   23.82 ep_len 1000.0 (n=141) | pg -0.001 vf 0.002 kl 0.0124 lr 2.3e-05
[anomaly] it 898: explained variance -0.54 < 0 after warm-up: value function not predicting returns
it  899 steps  88375296 sps   42,217 | ep_ret   23.77 ep_len 1000.0 (n=133) | pg -0.000 vf 0.002 kl 0.0095 lr 2.3e-05
[anomaly] it 899: explained variance -0.84 < 0 after warm-up: value function not predicting returns
it  900 steps  88473600 sps   42,218 | ep_ret   23.78 ep_len  997.1 (n=138) | pg -0.004 vf 0.001 kl 0.0074 lr 5.1e-05
[anomaly] it 900: explained variance -0.49 < 0 after warm-up: value function not predicting returns
[anomaly] it 900: terminal-step reward dominates the episode: survival is being punished
it  901 steps  88571904 sps   42,218 | ep_ret   23.85 ep_len 1000.0 (n=119) | pg -0.003 vf 0.002 kl 0.0134 lr 5.1e-05
[anomaly] it 901: explained variance -0.51 < 0 after warm-up: value function not predicting returns
it  902 steps  88670208 sps   42,218 | ep_ret   23.85 ep_len 1000.0 (n=116) | pg -0.003 vf 0.001 kl 0.0130 lr 7.6e-05
[anomaly] it 902: explained variance -0.53 < 0 after warm-up: value function not predicting returns
it  903 steps  88768512 sps   42,218 | ep_ret   24.10 ep_len 1000.0 (n=122) | pg -0.000 vf 0.001 kl 0.0111 lr 3.4e-05
[anomaly] it 903: explained variance -0.50 < 0 after warm-up: value function not predicting returns
it  904 steps  88866816 sps   42,218 | ep_ret   23.85 ep_len 1000.0 (n=101) | pg -0.005 vf 0.002 kl 0.0097 lr 7.6e-05
[anomaly] it 904: explained variance -0.52 < 0 after warm-up: value function not predicting returns
it  905 steps  88965120 sps   42,218 | ep_ret   23.94 ep_len 1000.0 (n=115) | pg -0.006 vf 0.002 kl 0.0113 lr 1.1e-04
[anomaly] it 905: explained variance -0.55 < 0 after warm-up: value function not predicting returns
it  906 steps  89063424 sps   42,218 | ep_ret   24.11 ep_len 1000.0 (n=131) | pg -0.002 vf 0.001 kl 0.0128 lr 5.1e-05
[anomaly] it 906: explained variance -0.55 < 0 after warm-up: value function not predicting returns
it  907 steps  89161728 sps   42,218 | ep_ret   23.99 ep_len 1000.0 (n=101) | pg -0.005 vf 0.001 kl 0.0114 lr 1.1e-04
[anomaly] it 907: explained variance -0.50 < 0 after warm-up: value function not predicting returns
it  908 steps  89260032 sps   42,218 | ep_ret   23.90 ep_len 1000.0 (n=108) | pg -0.002 vf 0.001 kl 0.0148 lr 7.6e-05
[anomaly] it 908: explained variance -0.49 < 0 after warm-up: value function not predicting returns
it  909 steps  89358336 sps   42,218 | ep_ret   23.94 ep_len 1000.0 (n=93) | pg -0.003 vf 0.001 kl 0.0126 lr 7.6e-05
[anomaly] it 909: explained variance -0.47 < 0 after warm-up: value function not predicting returns
it  910 steps  89456640 sps   42,218 | ep_ret   24.08 ep_len 1000.0 (n=110) | pg -0.004 vf 0.002 kl 0.0119 lr 1.1e-04
[anomaly] it 910: explained variance -0.46 < 0 after warm-up: value function not predicting returns
it  911 steps  89554944 sps   42,218 | ep_ret   24.02 ep_len 1000.0 (n=95) | pg 0.006 vf 0.002 kl 0.0231 lr 1.5e-05
[anomaly] it 911: explained variance -0.48 < 0 after warm-up: value function not predicting returns
it  912 steps  89653248 sps   42,218 | ep_ret   23.95 ep_len 1000.0 (n=91) | pg -0.003 vf 0.002 kl 0.0071 lr 3.4e-05
[anomaly] it 912: explained variance -0.48 < 0 after warm-up: value function not predicting returns
it  913 steps  89751552 sps   42,219 | ep_ret   23.96 ep_len 1000.0 (n=80) | pg -0.006 vf 0.002 kl 0.0122 lr 7.6e-05
[anomaly] it 913: explained variance -0.48 < 0 after warm-up: value function not predicting returns
it  914 steps  89849856 sps   42,219 | ep_ret   24.13 ep_len 1000.0 (n=86) | pg -0.004 vf 0.002 kl 0.0120 lr 1.1e-04
[anomaly] it 914: explained variance -0.48 < 0 after warm-up: value function not predicting returns
it  915 steps  89948160 sps   42,219 | ep_ret   23.93 ep_len 1000.0 (n=74) | pg -0.002 vf 0.002 kl 0.0143 lr 5.1e-05
[anomaly] it 915: explained variance -0.49 < 0 after warm-up: value function not predicting returns
it  916 steps  90046464 sps   42,219 | ep_ret   24.15 ep_len 1000.0 (n=88) | pg -0.003 vf 0.002 kl 0.0109 lr 7.6e-05
[anomaly] it 916: explained variance -0.48 < 0 after warm-up: value function not predicting returns
it  917 steps  90144768 sps   42,219 | ep_ret   24.10 ep_len 1000.0 (n=89) | pg -0.004 vf 0.003 kl 0.0145 lr 1.1e-04
[anomaly] it 917: explained variance -0.47 < 0 after warm-up: value function not predicting returns
it  918 steps  90243072 sps   42,219 | ep_ret   24.06 ep_len 1000.0 (n=87) | pg -0.002 vf 0.002 kl 0.0138 lr 7.6e-05
[anomaly] it 918: explained variance -0.48 < 0 after warm-up: value function not predicting returns
it  919 steps  90341376 sps   42,219 | ep_ret   23.67 ep_len 1000.0 (n=57) | pg -0.004 vf 0.003 kl 0.0137 lr 1.1e-04
[anomaly] it 919: explained variance -0.49 < 0 after warm-up: value function not predicting returns
it  920 steps  90439680 sps   42,219 | ep_ret   23.44 ep_len  989.7 (n=85) | pg -0.003 vf 0.002 kl 0.0161 lr 5.1e-05
[anomaly] it 920: explained variance -0.24 < 0 after warm-up: value function not predicting returns
[anomaly] it 920: terminal-step reward dominates the episode: survival is being punished
it  921 steps  90537984 sps   42,219 | ep_ret   24.17 ep_len 1000.0 (n=69) | pg -0.003 vf 0.002 kl 0.0116 lr 7.6e-05
[anomaly] it 921: explained variance -0.47 < 0 after warm-up: value function not predicting returns
it  922 steps  90636288 sps   42,220 | ep_ret   24.03 ep_len 1000.0 (n=87) | pg -0.004 vf 0.002 kl 0.0159 lr 3.4e-05
[anomaly] it 922: explained variance -0.48 < 0 after warm-up: value function not predicting returns
it  923 steps  90734592 sps   42,220 | ep_ret   24.17 ep_len 1000.0 (n=67) | pg 0.003 vf 0.002 kl 0.0148 lr 1.5e-05
[anomaly] it 923: explained variance -0.46 < 0 after warm-up: value function not predicting returns
it  924 steps  90832896 sps   42,220 | ep_ret   23.99 ep_len 1000.0 (n=77) | pg -0.002 vf 0.003 kl 0.0087 lr 2.3e-05
[anomaly] it 924: explained variance -0.48 < 0 after warm-up: value function not predicting returns
it  925 steps  90931200 sps   42,220 | ep_ret   24.22 ep_len 1000.0 (n=80) | pg -0.005 vf 0.002 kl 0.0092 lr 5.1e-05
[anomaly] it 925: explained variance -0.57 < 0 after warm-up: value function not predicting returns
it  926 steps  91029504 sps   42,220 | ep_ret   24.03 ep_len 1000.0 (n=77) | pg -0.005 vf 0.002 kl 0.0136 lr 7.6e-05
[anomaly] it 926: explained variance -0.74 < 0 after warm-up: value function not predicting returns
it  927 steps  91127808 sps   42,220 | ep_ret   23.70 ep_len  989.6 (n=63) | pg -0.001 vf 0.002 kl 0.0111 lr 5.1e-05
[anomaly] it 927: explained variance -0.42 < 0 after warm-up: value function not predicting returns
it  928 steps  91226112 sps   42,220 | ep_ret   24.18 ep_len 1000.0 (n=78) | pg -0.005 vf 0.002 kl 0.0108 lr 7.6e-05
[anomaly] it 928: explained variance -0.43 < 0 after warm-up: value function not predicting returns
it  929 steps  91324416 sps   42,220 | ep_ret   24.15 ep_len 1000.0 (n=70) | pg -0.005 vf 0.001 kl 0.0135 lr 7.6e-05
[anomaly] it 929: explained variance -0.44 < 0 after warm-up: value function not predicting returns
it  930 steps  91422720 sps   42,220 | ep_ret   24.38 ep_len 1000.0 (n=86) | pg -0.003 vf 0.002 kl 0.0112 lr 7.6e-05
[anomaly] it 930: explained variance -0.44 < 0 after warm-up: value function not predicting returns
it  931 steps  91521024 sps   42,221 | ep_ret   24.02 ep_len 1000.0 (n=87) | pg -0.002 vf 0.002 kl 0.0146 lr 7.6e-05
[anomaly] it 931: explained variance -0.48 < 0 after warm-up: value function not predicting returns
it  932 steps  91619328 sps   42,221 | ep_ret   23.99 ep_len 1000.0 (n=114) | pg -0.000 vf 0.003 kl 0.0134 lr 3.4e-05
[anomaly] it 932: explained variance -0.61 < 0 after warm-up: value function not predicting returns
it  933 steps  91717632 sps   42,221 | ep_ret   24.12 ep_len  997.1 (n=100) | pg -0.004 vf 0.002 kl 0.0108 lr 7.6e-05
[anomaly] it 933: explained variance -0.40 < 0 after warm-up: value function not predicting returns
[anomaly] it 933: terminal-step reward dominates the episode: survival is being punished
it  934 steps  91815936 sps   42,221 | ep_ret   24.11 ep_len 1000.0 (n=119) | pg -0.003 vf 0.001 kl 0.0134 lr 7.6e-05
[anomaly] it 934: explained variance -0.46 < 0 after warm-up: value function not predicting returns
it  935 steps  91914240 sps   42,221 | ep_ret   24.13 ep_len 1000.0 (n=101) | pg -0.004 vf 0.002 kl 0.0140 lr 1.1e-04
[anomaly] it 935: explained variance -0.45 < 0 after warm-up: value function not predicting returns
it  936 steps  92012544 sps   42,221 | ep_ret   24.16 ep_len 1000.0 (n=134) | pg -0.003 vf 0.001 kl 0.0127 lr 7.6e-05
[anomaly] it 936: explained variance -0.47 < 0 after warm-up: value function not predicting returns
it  937 steps  92110848 sps   42,221 | ep_ret   24.17 ep_len 1000.0 (n=119) | pg -0.004 vf 0.001 kl 0.0125 lr 1.1e-04
[anomaly] it 937: explained variance -0.47 < 0 after warm-up: value function not predicting returns
it  938 steps  92209152 sps   42,221 | ep_ret   24.17 ep_len 1000.0 (n=126) | pg -0.001 vf 0.003 kl 0.0122 lr 3.4e-05
[anomaly] it 938: explained variance -0.56 < 0 after warm-up: value function not predicting returns
it  939 steps  92307456 sps   42,221 | ep_ret   24.21 ep_len  996.5 (n=132) | pg -0.003 vf 0.002 kl 0.0132 lr 7.6e-05
[anomaly] it 939: explained variance -0.39 < 0 after warm-up: value function not predicting returns
[anomaly] it 939: terminal-step reward dominates the episode: survival is being punished
it  940 steps  92405760 sps   42,221 | ep_ret   24.10 ep_len 1000.0 (n=143) | pg -0.001 vf 0.001 kl 0.0132 lr 3.4e-05
[anomaly] it 940: explained variance -0.60 < 0 after warm-up: value function not predicting returns
it  941 steps  92504064 sps   42,222 | ep_ret   24.31 ep_len 1000.0 (n=141) | pg -0.005 vf 0.002 kl 0.0095 lr 7.6e-05
[anomaly] it 941: explained variance -0.60 < 0 after warm-up: value function not predicting returns
it  942 steps  92602368 sps   42,222 | ep_ret   24.18 ep_len 1000.0 (n=122) | pg -0.005 vf 0.002 kl 0.0119 lr 1.1e-04
[anomaly] it 942: explained variance -0.51 < 0 after warm-up: value function not predicting returns
it  943 steps  92700672 sps   42,222 | ep_ret   24.19 ep_len  996.0 (n=116) | pg -0.001 vf 0.002 kl 0.0126 lr 5.1e-05
[anomaly] it 943: explained variance -0.32 < 0 after warm-up: value function not predicting returns
[anomaly] it 943: terminal-step reward dominates the episode: survival is being punished
it  944 steps  92798976 sps   42,222 | ep_ret   24.29 ep_len 1000.0 (n=115) | pg -0.004 vf 0.002 kl 0.0110 lr 7.6e-05
[anomaly] it 944: explained variance -0.53 < 0 after warm-up: value function not predicting returns
it  945 steps  92897280 sps   42,222 | ep_ret   24.14 ep_len 1000.0 (n=115) | pg -0.001 vf 0.003 kl 0.0141 lr 3.4e-05
[anomaly] it 945: explained variance -0.57 < 0 after warm-up: value function not predicting returns
it  946 steps  92995584 sps   42,222 | ep_ret   24.02 ep_len  993.0 (n=97) | pg -0.005 vf 0.002 kl 0.0103 lr 7.6e-05
[anomaly] it 946: explained variance -0.33 < 0 after warm-up: value function not predicting returns
[anomaly] it 946: terminal-step reward dominates the episode: survival is being punished
it  947 steps  93093888 sps   42,222 | ep_ret   24.26 ep_len 1000.0 (n=139) | pg -0.003 vf 0.002 kl 0.0101 lr 5.1e-05
[anomaly] it 947: explained variance -0.47 < 0 after warm-up: value function not predicting returns
it  948 steps  93192192 sps   42,222 | ep_ret   24.18 ep_len 1000.0 (n=115) | pg -0.004 vf 0.001 kl 0.0126 lr 1.1e-04
[anomaly] it 948: explained variance -0.54 < 0 after warm-up: value function not predicting returns
it  949 steps  93290496 sps   42,222 | ep_ret   24.31 ep_len 1000.0 (n=114) | pg -0.002 vf 0.002 kl 0.0149 lr 7.6e-05
[anomaly] it 949: explained variance -0.74 < 0 after warm-up: value function not predicting returns
it  950 steps  93388800 sps   42,223 | ep_ret   24.11 ep_len  995.6 (n=94) | pg -0.003 vf 0.003 kl 0.0119 lr 1.1e-04
[anomaly] it 950: explained variance -0.51 < 0 after warm-up: value function not predicting returns
[anomaly] it 950: terminal-step reward dominates the episode: survival is being punished
it  951 steps  93487104 sps   42,223 | ep_ret   23.85 ep_len  991.8 (n=109) | pg -0.002 vf 0.002 kl 0.0133 lr 7.6e-05
[anomaly] it 951: explained variance -0.13 < 0 after warm-up: value function not predicting returns
[anomaly] it 951: terminal-step reward dominates the episode: survival is being punished
it  952 steps  93585408 sps   42,223 | ep_ret   24.18 ep_len 1000.0 (n=96) | pg -0.003 vf 0.003 kl 0.0135 lr 7.6e-05
[anomaly] it 952: explained variance -0.63 < 0 after warm-up: value function not predicting returns
it  953 steps  93683712 sps   42,223 | ep_ret   23.88 ep_len  993.5 (n=94) | pg -0.004 vf 0.002 kl 0.0133 lr 1.1e-04
[anomaly] it 953: explained variance -0.42 < 0 after warm-up: value function not predicting returns
[anomaly] it 953: terminal-step reward dominates the episode: survival is being punished
it  954 steps  93782016 sps   42,223 | ep_ret   24.12 ep_len 1000.0 (n=83) | pg 0.000 vf 0.003 kl 0.0137 lr 3.4e-05
[anomaly] it 954: explained variance -0.55 < 0 after warm-up: value function not predicting returns
it  955 steps  93880320 sps   42,223 | ep_ret   24.03 ep_len  991.3 (n=89) | pg -0.002 vf 0.002 kl 0.0124 lr 5.1e-05
[anomaly] it 955: explained variance -0.34 < 0 after warm-up: value function not predicting returns
[anomaly] it 955: terminal-step reward dominates the episode: survival is being punished
it  956 steps  93978624 sps   42,223 | ep_ret   24.26 ep_len 1000.0 (n=91) | pg -0.003 vf 0.002 kl 0.0138 lr 1.1e-04
[anomaly] it 956: explained variance -0.48 < 0 after warm-up: value function not predicting returns
it  957 steps  94076928 sps   42,223 | ep_ret   24.21 ep_len 1000.0 (n=70) | pg -0.003 vf 0.002 kl 0.0141 lr 7.6e-05
[anomaly] it 957: explained variance -0.48 < 0 after warm-up: value function not predicting returns
it  958 steps  94175232 sps   42,223 | ep_ret   24.31 ep_len 1000.0 (n=97) | pg -0.004 vf 0.002 kl 0.0120 lr 7.6e-05
[anomaly] it 958: explained variance -0.51 < 0 after warm-up: value function not predicting returns
it  959 steps  94273536 sps   42,223 | ep_ret   24.10 ep_len 1000.0 (n=82) | pg -0.005 vf 0.003 kl 0.0118 lr 7.6e-05
[anomaly] it 959: explained variance -0.54 < 0 after warm-up: value function not predicting returns
it  960 steps  94371840 sps   42,224 | ep_ret   24.39 ep_len 1000.0 (n=77) | pg -0.003 vf 0.003 kl 0.0139 lr 7.6e-05
[anomaly] it 960: explained variance -0.67 < 0 after warm-up: value function not predicting returns
it  961 steps  94470144 sps   42,224 | ep_ret   23.82 ep_len  992.4 (n=58) | pg -0.004 vf 0.003 kl 0.0146 lr 1.1e-04
[anomaly] it 961: explained variance -0.55 < 0 after warm-up: value function not predicting returns
it  962 steps  94568448 sps   42,224 | ep_ret   24.25 ep_len 1000.0 (n=88) | pg -0.001 vf 0.002 kl 0.0125 lr 3.4e-05
[anomaly] it 962: explained variance -0.75 < 0 after warm-up: value function not predicting returns
it  963 steps  94666752 sps   42,224 | ep_ret   24.20 ep_len 1000.0 (n=67) | pg -0.005 vf 0.002 kl 0.0110 lr 7.6e-05
[anomaly] it 963: explained variance -0.63 < 0 after warm-up: value function not predicting returns
it  964 steps  94765056 sps   42,224 | ep_ret   24.25 ep_len 1000.0 (n=90) | pg -0.004 vf 0.003 kl 0.0137 lr 5.1e-05
[anomaly] it 964: explained variance -0.61 < 0 after warm-up: value function not predicting returns
it  965 steps  94863360 sps   42,224 | ep_ret   24.16 ep_len 1000.0 (n=67) | pg -0.004 vf 0.003 kl 0.0091 lr 7.6e-05
[anomaly] it 965: explained variance -0.63 < 0 after warm-up: value function not predicting returns
it  966 steps  94961664 sps   42,224 | ep_ret   24.36 ep_len 1000.0 (n=67) | pg -0.005 vf 0.002 kl 0.0113 lr 1.1e-04
[anomaly] it 966: explained variance -0.80 < 0 after warm-up: value function not predicting returns
it  967 steps  95059968 sps   42,224 | ep_ret   24.16 ep_len  994.7 (n=84) | pg -0.002 vf 0.003 kl 0.0112 lr 7.6e-05
[anomaly] it 967: explained variance -0.47 < 0 after warm-up: value function not predicting returns
[anomaly] it 967: terminal-step reward dominates the episode: survival is being punished
it  968 steps  95158272 sps   42,224 | ep_ret   24.16 ep_len 1000.0 (n=75) | pg -0.002 vf 0.002 kl 0.0105 lr 5.1e-05
[anomaly] it 968: explained variance -0.57 < 0 after warm-up: value function not predicting returns
it  969 steps  95256576 sps   42,224 | ep_ret   24.53 ep_len 1000.0 (n=69) | pg -0.003 vf 0.002 kl 0.0139 lr 7.6e-05
[anomaly] it 969: explained variance -0.64 < 0 after warm-up: value function not predicting returns
it  970 steps  95354880 sps   42,225 | ep_ret   24.13 ep_len 1000.0 (n=73) | pg -0.004 vf 0.002 kl 0.0121 lr 1.1e-04
[anomaly] it 970: explained variance -0.64 < 0 after warm-up: value function not predicting returns
it  971 steps  95453184 sps   42,225 | ep_ret   24.15 ep_len 1000.0 (n=74) | pg -0.002 vf 0.003 kl 0.0150 lr 1.1e-04
[anomaly] it 971: explained variance -0.84 < 0 after warm-up: value function not predicting returns
it  972 steps  95551488 sps   42,225 | ep_ret   24.00 ep_len  994.0 (n=90) | pg -0.001 vf 0.002 kl 0.0129 lr 3.4e-05
[anomaly] it 972: explained variance -0.39 < 0 after warm-up: value function not predicting returns
[anomaly] it 972: terminal-step reward dominates the episode: survival is being punished
it  973 steps  95649792 sps   42,225 | ep_ret   24.20 ep_len 1000.0 (n=93) | pg -0.003 vf 0.001 kl 0.0121 lr 7.6e-05
[anomaly] it 973: explained variance -0.47 < 0 after warm-up: value function not predicting returns
it  974 steps  95748096 sps   42,225 | ep_ret   24.53 ep_len 1000.0 (n=115) | pg -0.005 vf 0.002 kl 0.0129 lr 5.1e-05
[anomaly] it 974: explained variance -0.49 < 0 after warm-up: value function not predicting returns
it  975 steps  95846400 sps   42,225 | ep_ret   24.52 ep_len 1000.0 (n=101) | pg -0.005 vf 0.001 kl 0.0094 lr 7.6e-05
[anomaly] it 975: explained variance -0.48 < 0 after warm-up: value function not predicting returns
it  976 steps  95944704 sps   42,225 | ep_ret   24.30 ep_len 1000.0 (n=111) | pg -0.004 vf 0.001 kl 0.0131 lr 1.1e-04
[anomaly] it 976: explained variance -0.48 < 0 after warm-up: value function not predicting returns
it  977 steps  96043008 sps   42,225 | ep_ret   24.36 ep_len 1000.0 (n=121) | pg 0.003 vf 0.002 kl 0.0177 lr 1.5e-05
[anomaly] it 977: explained variance -0.56 < 0 after warm-up: value function not predicting returns
it  978 steps  96141312 sps   42,225 | ep_ret   24.21 ep_len 1000.0 (n=123) | pg -0.004 vf 0.002 kl 0.0085 lr 5.1e-05
[anomaly] it 978: explained variance -0.76 < 0 after warm-up: value function not predicting returns
it  979 steps  96239616 sps   42,225 | ep_ret   24.02 ep_len  995.5 (n=112) | pg -0.004 vf 0.001 kl 0.0141 lr 1.1e-04
[anomaly] it 979: explained variance -0.42 < 0 after warm-up: value function not predicting returns
[anomaly] it 979: terminal-step reward dominates the episode: survival is being punished
it  980 steps  96337920 sps   42,225 | ep_ret   24.42 ep_len 1000.0 (n=131) | pg -0.002 vf 0.002 kl 0.0155 lr 5.1e-05
[anomaly] it 980: explained variance -0.45 < 0 after warm-up: value function not predicting returns
it  981 steps  96436224 sps   42,226 | ep_ret   24.44 ep_len 1000.0 (n=139) | pg -0.003 vf 0.002 kl 0.0130 lr 1.1e-04
[anomaly] it 981: explained variance -0.47 < 0 after warm-up: value function not predicting returns
it  982 steps  96534528 sps   42,226 | ep_ret   24.43 ep_len 1000.0 (n=145) | pg -0.000 vf 0.002 kl 0.0123 lr 5.1e-05
[anomaly] it 982: explained variance -0.69 < 0 after warm-up: value function not predicting returns
it  983 steps  96632832 sps   42,226 | ep_ret   24.40 ep_len  996.8 (n=134) | pg -0.002 vf 0.002 kl 0.0104 lr 3.4e-05
[anomaly] it 983: explained variance -0.42 < 0 after warm-up: value function not predicting returns
[anomaly] it 983: terminal-step reward dominates the episode: survival is being punished
it  984 steps  96731136 sps   42,226 | ep_ret   24.18 ep_len 1000.0 (n=123) | pg -0.003 vf 0.003 kl 0.0105 lr 7.6e-05
[anomaly] it 984: explained variance -0.57 < 0 after warm-up: value function not predicting returns
it  985 steps  96829440 sps   42,226 | ep_ret   24.26 ep_len 1000.0 (n=108) | pg -0.003 vf 0.003 kl 0.0119 lr 7.6e-05
[anomaly] it 985: explained variance -1.07 < 0 after warm-up: value function not predicting returns
it  986 steps  96927744 sps   42,226 | ep_ret   24.08 ep_len  989.9 (n=123) | pg -0.004 vf 0.002 kl 0.0131 lr 1.1e-04
[anomaly] it 986: explained variance -0.38 < 0 after warm-up: value function not predicting returns
[anomaly] it 986: terminal-step reward dominates the episode: survival is being punished
it  987 steps  97026048 sps   42,226 | ep_ret   24.48 ep_len  996.2 (n=108) | pg -0.003 vf 0.003 kl 0.0114 lr 7.6e-05
[anomaly] it 987: explained variance -0.28 < 0 after warm-up: value function not predicting returns
[anomaly] it 987: terminal-step reward dominates the episode: survival is being punished
it  988 steps  97124352 sps   42,226 | ep_ret   24.35 ep_len 1000.0 (n=108) | pg -0.003 vf 0.003 kl 0.0151 lr 5.1e-05
[anomaly] it 988: explained variance -0.66 < 0 after warm-up: value function not predicting returns
it  989 steps  97222656 sps   42,226 | ep_ret   24.47 ep_len 1000.0 (n=139) | pg -0.004 vf 0.002 kl 0.0128 lr 1.1e-04
[anomaly] it 989: explained variance -0.96 < 0 after warm-up: value function not predicting returns
it  990 steps  97320960 sps   42,226 | ep_ret   23.86 ep_len  995.7 (n=101) | pg -0.000 vf 0.002 kl 0.0132 lr 5.1e-05
[anomaly] it 990: explained variance -0.69 < 0 after warm-up: value function not predicting returns
[anomaly] it 990: terminal-step reward dominates the episode: survival is being punished
it  991 steps  97419264 sps   42,227 | ep_ret   24.43 ep_len 1000.0 (n=118) | pg -0.002 vf 0.002 kl 0.0143 lr 7.6e-05
[anomaly] it 991: explained variance -0.61 < 0 after warm-up: value function not predicting returns
it  992 steps  97517568 sps   42,227 | ep_ret   24.40 ep_len 1000.0 (n=89) | pg -0.001 vf 0.002 kl 0.0138 lr 3.4e-05
[anomaly] it 992: explained variance -0.51 < 0 after warm-up: value function not predicting returns
it  993 steps  97615872 sps   42,227 | ep_ret   24.19 ep_len 1000.0 (n=116) | pg -0.003 vf 0.002 kl 0.0091 lr 5.1e-05
[anomaly] it 993: explained variance -0.51 < 0 after warm-up: value function not predicting returns
it  994 steps  97714176 sps   42,227 | ep_ret   24.39 ep_len 1000.0 (n=90) | pg -0.004 vf 0.002 kl 0.0141 lr 7.6e-05
[anomaly] it 994: explained variance -0.46 < 0 after warm-up: value function not predicting returns
it  995 steps  97812480 sps   42,227 | ep_ret   24.51 ep_len 1000.0 (n=98) | pg -0.001 vf 0.002 kl 0.0121 lr 3.4e-05
[anomaly] it 995: explained variance -0.46 < 0 after warm-up: value function not predicting returns
it  996 steps  97910784 sps   42,227 | ep_ret   24.41 ep_len 1000.0 (n=86) | pg -0.003 vf 0.002 kl 0.0132 lr 5.1e-05
[anomaly] it 996: explained variance -0.47 < 0 after warm-up: value function not predicting returns
it  997 steps  98009088 sps   42,227 | ep_ret   24.29 ep_len 1000.0 (n=79) | pg -0.004 vf 0.002 kl 0.0103 lr 7.6e-05
[anomaly] it 997: explained variance -0.47 < 0 after warm-up: value function not predicting returns
it  998 steps  98107392 sps   42,227 | ep_ret   24.44 ep_len 1000.0 (n=84) | pg -0.003 vf 0.002 kl 0.0132 lr 7.6e-05
[anomaly] it 998: explained variance -0.47 < 0 after warm-up: value function not predicting returns
it  999 steps  98205696 sps   42,227 | ep_ret   24.31 ep_len 1000.0 (n=76) | pg -0.004 vf 0.003 kl 0.0128 lr 7.6e-05
[anomaly] it 999: explained variance -0.60 < 0 after warm-up: value function not predicting returns
it 1000 steps  98304000 sps   42,227 | ep_ret   24.53 ep_len 1000.0 (n=92) | pg -0.003 vf 0.003 kl 0.0113 lr 5.1e-05
[anomaly] it 1000: explained variance -1.02 < 0 after warm-up: value function not predicting returns
saved policy to runs/policies/g1_flat_newton_forksolver0625_fixed.pt
