G1 flat PPO: N=4096 obs_dim 123 act_dim 37 rollout 24 x 1500 iterations, physics dt 0.0025 (decimation 8)
it    1 steps     98304 sps   27,015 | ep_ret    0.00 ep_len    0.0 (n=0) | pg 0.007 vf 0.597 kl 0.0515 lr 1.0e-05
it    2 steps    196608 sps   28,886 | ep_ret    0.00 ep_len    0.0 (n=0) | pg -0.004 vf 0.540 kl 0.0058 lr 2.6e-04
it    3 steps    294912 sps   29,558 | ep_ret    0.00 ep_len    0.0 (n=0) | pg -0.009 vf 0.542 kl 0.0115 lr 3.8e-04
it    4 steps    393216 sps   29,929 | ep_ret  -13.87 ep_len   95.7 (n=7) | pg -0.012 vf 0.505 kl 0.0122 lr 8.6e-04
it    5 steps    491520 sps   29,672 | ep_ret  -14.37 ep_len  111.5 (n=3804) | pg -0.003 vf 3.385 kl 0.0138 lr 3.8e-04
it    6 steps    589824 sps   29,314 | ep_ret   -8.17 ep_len   48.8 (n=1363) | pg -0.004 vf 1.150 kl 0.0126 lr 3.8e-04
it    7 steps    688128 sps   29,047 | ep_ret   -6.82 ep_len   39.8 (n=2926) | pg -0.001 vf 1.312 kl 0.0106 lr 3.8e-04
it    8 steps    786432 sps   28,880 | ep_ret   -6.69 ep_len   38.1 (n=2517) | pg 0.002 vf 1.103 kl 0.0126 lr 1.7e-04
it    9 steps    884736 sps   28,732 | ep_ret   -6.75 ep_len   39.7 (n=2502) | pg -0.005 vf 0.908 kl 0.0120 lr 3.8e-04
it   10 steps    983040 sps   28,622 | ep_ret   -6.66 ep_len   38.3 (n=2511) | pg 0.004 vf 0.641 kl 0.0128 lr 1.1e-04
it   11 steps   1081344 sps   28,529 | ep_ret   -6.67 ep_len   39.1 (n=2547) | pg -0.004 vf 0.559 kl 0.0097 lr 5.8e-04
it   12 steps   1179648 sps   28,448 | ep_ret   -6.66 ep_len   39.2 (n=2426) | pg 0.001 vf 0.355 kl 0.0173 lr 2.3e-05
it   13 steps   1277952 sps   28,386 | ep_ret   -6.63 ep_len   39.3 (n=2541) | pg 0.001 vf 0.274 kl 0.0084 lr 2.6e-04
it   14 steps   1376256 sps   28,325 | ep_ret   -6.64 ep_len   39.9 (n=2461) | pg -0.007 vf 0.217 kl 0.0119 lr 2.6e-04
it   15 steps   1474560 sps   28,268 | ep_ret   -6.60 ep_len   39.9 (n=2431) | pg -0.006 vf 0.154 kl 0.0126 lr 2.6e-04
it   16 steps   1572864 sps   28,221 | ep_ret   -6.56 ep_len   40.0 (n=2424) | pg -0.007 vf 0.091 kl 0.0085 lr 2.6e-04
it   17 steps   1671168 sps   28,178 | ep_ret   -6.54 ep_len   40.5 (n=2465) | pg -0.011 vf 0.076 kl 0.0099 lr 3.8e-04
it   18 steps   1769472 sps   28,140 | ep_ret   -6.49 ep_len   40.5 (n=2395) | pg -0.011 vf 0.057 kl 0.0114 lr 3.8e-04
it   19 steps   1867776 sps   28,102 | ep_ret   -6.45 ep_len   40.9 (n=2415) | pg -0.014 vf 0.042 kl 0.0131 lr 3.8e-04
it   20 steps   1966080 sps   28,065 | ep_ret   -6.39 ep_len   41.1 (n=2350) | pg -0.015 vf 0.036 kl 0.0136 lr 3.8e-04
it   21 steps   2064384 sps   28,029 | ep_ret   -6.35 ep_len   41.5 (n=2325) | pg -0.014 vf 0.031 kl 0.0140 lr 5.8e-04
it   22 steps   2162688 sps   27,997 | ep_ret   -6.31 ep_len   41.9 (n=2389) | pg -0.015 vf 0.027 kl 0.0153 lr 3.8e-04
it   23 steps   2260992 sps   27,969 | ep_ret   -6.25 ep_len   41.8 (n=2291) | pg -0.014 vf 0.024 kl 0.0146 lr 5.8e-04
it   24 steps   2359296 sps   27,943 | ep_ret   -6.21 ep_len   42.3 (n=2306) | pg -0.016 vf 0.021 kl 0.0157 lr 3.8e-04
it   25 steps   2457600 sps   27,917 | ep_ret   -6.17 ep_len   42.5 (n=2377) | pg -0.015 vf 0.019 kl 0.0151 lr 5.8e-04
it   26 steps   2555904 sps   27,891 | ep_ret   -6.11 ep_len   42.5 (n=2194) | pg -0.016 vf 0.017 kl 0.0160 lr 3.8e-04
it   27 steps   2654208 sps   27,865 | ep_ret   -6.09 ep_len   43.3 (n=2348) | pg -0.016 vf 0.015 kl 0.0145 lr 3.8e-04
it   28 steps   2752512 sps   27,844 | ep_ret   -6.03 ep_len   43.0 (n=2242) | pg -0.016 vf 0.014 kl 0.0154 lr 3.8e-04
it   29 steps   2850816 sps   27,824 | ep_ret   -6.00 ep_len   43.6 (n=2266) | pg -0.016 vf 0.014 kl 0.0157 lr 5.8e-04
it   30 steps   2949120 sps   27,805 | ep_ret   -5.95 ep_len   43.3 (n=2194) | pg -0.016 vf 0.013 kl 0.0163 lr 2.6e-04
it   31 steps   3047424 sps   27,787 | ep_ret   -5.92 ep_len   44.0 (n=2320) | pg -0.016 vf 0.013 kl 0.0151 lr 3.8e-04
it   32 steps   3145728 sps   27,770 | ep_ret   -5.88 ep_len   43.9 (n=2151) | pg -0.016 vf 0.012 kl 0.0167 lr 3.8e-04
it   33 steps   3244032 sps   27,754 | ep_ret   -5.85 ep_len   44.3 (n=2267) | pg -0.016 vf 0.013 kl 0.0153 lr 3.8e-04
it   34 steps   3342336 sps   27,739 | ep_ret   -5.81 ep_len   44.0 (n=2217) | pg -0.015 vf 0.013 kl 0.0172 lr 3.8e-04
it   35 steps   3440640 sps   27,725 | ep_ret   -5.79 ep_len   44.4 (n=2210) | pg -0.014 vf 0.013 kl 0.0140 lr 3.8e-04
it   36 steps   3538944 sps   27,711 | ep_ret   -5.75 ep_len   44.0 (n=2255) | pg -0.014 vf 0.013 kl 0.0173 lr 3.8e-04
it   37 steps   3637248 sps   27,696 | ep_ret   -5.74 ep_len   44.6 (n=2142) | pg -0.013 vf 0.013 kl 0.0156 lr 3.8e-04
it   38 steps   3735552 sps   27,683 | ep_ret   -5.71 ep_len   44.5 (n=2200) | pg -0.012 vf 0.013 kl 0.0171 lr 3.8e-04
it   39 steps   3833856 sps   27,668 | ep_ret   -5.69 ep_len   44.9 (n=2234) | pg -0.014 vf 0.014 kl 0.0161 lr 3.8e-04
it   40 steps   3932160 sps   27,655 | ep_ret   -5.66 ep_len   44.6 (n=2199) | pg -0.013 vf 0.014 kl 0.0162 lr 3.8e-04
it   41 steps   4030464 sps   27,643 | ep_ret   -5.65 ep_len   45.2 (n=2171) | pg -0.014 vf 0.013 kl 0.0152 lr 2.6e-04
it   42 steps   4128768 sps   27,632 | ep_ret   -5.62 ep_len   44.7 (n=2150) | pg -0.014 vf 0.014 kl 0.0160 lr 2.6e-04
it   43 steps   4227072 sps   27,621 | ep_ret   -5.61 ep_len   45.3 (n=2181) | pg -0.013 vf 0.013 kl 0.0169 lr 3.8e-04
it   44 steps   4325376 sps   27,611 | ep_ret   -5.60 ep_len   45.5 (n=2170) | pg -0.016 vf 0.014 kl 0.0166 lr 3.8e-04
it   45 steps   4423680 sps   27,603 | ep_ret   -5.57 ep_len   45.4 (n=2143) | pg -0.013 vf 0.015 kl 0.0161 lr 3.8e-04
it   46 steps   4521984 sps   27,593 | ep_ret   -5.57 ep_len   45.9 (n=2122) | pg -0.014 vf 0.016 kl 0.0156 lr 2.6e-04
it   47 steps   4620288 sps   27,583 | ep_ret   -5.56 ep_len   46.0 (n=2110) | pg -0.014 vf 0.016 kl 0.0175 lr 3.8e-04
it   48 steps   4718592 sps   27,574 | ep_ret   -5.56 ep_len   46.5 (n=2128) | pg -0.015 vf 0.016 kl 0.0169 lr 2.6e-04
it   49 steps   4816896 sps   27,566 | ep_ret   -5.55 ep_len   46.6 (n=2095) | pg -0.014 vf 0.015 kl 0.0148 lr 2.6e-04
it   50 steps   4915200 sps   27,557 | ep_ret   -5.53 ep_len   46.5 (n=2115) | pg -0.014 vf 0.015 kl 0.0164 lr 3.8e-04
it   51 steps   5013504 sps   27,549 | ep_ret   -5.52 ep_len   46.8 (n=2093) | pg -0.014 vf 0.015 kl 0.0174 lr 3.8e-04
it   52 steps   5111808 sps   27,541 | ep_ret   -5.52 ep_len   47.0 (n=2110) | pg -0.015 vf 0.015 kl 0.0167 lr 2.6e-04
it   53 steps   5210112 sps   27,534 | ep_ret   -5.50 ep_len   46.8 (n=2046) | pg -0.014 vf 0.016 kl 0.0167 lr 3.8e-04
it   54 steps   5308416 sps   27,528 | ep_ret   -5.49 ep_len   47.2 (n=2126) | pg -0.014 vf 0.016 kl 0.0157 lr 2.6e-04
it   55 steps   5406720 sps   27,521 | ep_ret   -5.48 ep_len   47.3 (n=2034) | pg -0.014 vf 0.015 kl 0.0143 lr 2.6e-04
it   56 steps   5505024 sps   27,515 | ep_ret   -5.48 ep_len   47.7 (n=2047) | pg -0.014 vf 0.015 kl 0.0172 lr 3.8e-04
it   57 steps   5603328 sps   27,509 | ep_ret   -5.46 ep_len   47.4 (n=2092) | pg -0.014 vf 0.015 kl 0.0172 lr 2.6e-04
it   58 steps   5701632 sps   27,503 | ep_ret   -5.46 ep_len   47.8 (n=2028) | pg -0.014 vf 0.015 kl 0.0166 lr 3.8e-04
it   59 steps   5799936 sps   27,497 | ep_ret   -5.44 ep_len   47.7 (n=2095) | pg -0.014 vf 0.014 kl 0.0178 lr 3.8e-04
it   60 steps   5898240 sps   27,492 | ep_ret   -5.42 ep_len   47.4 (n=2040) | pg -0.014 vf 0.014 kl 0.0175 lr 2.6e-04
it   61 steps   5996544 sps   27,486 | ep_ret   -5.42 ep_len   47.6 (n=2069) | pg -0.014 vf 0.014 kl 0.0146 lr 2.6e-04
it   62 steps   6094848 sps   27,481 | ep_ret   -5.42 ep_len   48.2 (n=1988) | pg -0.014 vf 0.013 kl 0.0156 lr 2.6e-04
it   63 steps   6193152 sps   27,476 | ep_ret   -5.42 ep_len   48.5 (n=2092) | pg -0.013 vf 0.014 kl 0.0142 lr 1.7e-04
it   64 steps   6291456 sps   27,472 | ep_ret   -5.39 ep_len   47.9 (n=2037) | pg -0.014 vf 0.013 kl 0.0143 lr 1.7e-04
it   65 steps   6389760 sps   27,468 | ep_ret   -5.37 ep_len   48.2 (n=2039) | pg -0.012 vf 0.013 kl 0.0126 lr 1.7e-04
it   66 steps   6488064 sps   27,464 | ep_ret   -5.35 ep_len   47.7 (n=2082) | pg -0.015 vf 0.013 kl 0.0180 lr 2.6e-04
it   67 steps   6586368 sps   27,460 | ep_ret   -5.34 ep_len   47.4 (n=2080) | pg -0.012 vf 0.013 kl 0.0136 lr 1.7e-04
it   68 steps   6684672 sps   27,457 | ep_ret   -5.33 ep_len   47.4 (n=2022) | pg -0.014 vf 0.012 kl 0.0178 lr 2.6e-04
it   69 steps   6782976 sps   27,453 | ep_ret   -5.33 ep_len   47.9 (n=2092) | pg -0.014 vf 0.012 kl 0.0150 lr 2.6e-04
it   70 steps   6881280 sps   27,449 | ep_ret   -5.34 ep_len   48.3 (n=2030) | pg -0.012 vf 0.012 kl 0.0141 lr 1.7e-04
it   71 steps   6979584 sps   27,445 | ep_ret   -5.30 ep_len   47.4 (n=2048) | pg -0.015 vf 0.012 kl 0.0177 lr 2.6e-04
it   72 steps   7077888 sps   27,442 | ep_ret   -5.32 ep_len   48.1 (n=2087) | pg -0.012 vf 0.012 kl 0.0140 lr 1.7e-04
it   73 steps   7176192 sps   27,439 | ep_ret   -5.30 ep_len   47.8 (n=2013) | pg -0.014 vf 0.011 kl 0.0148 lr 1.7e-04
it   74 steps   7274496 sps   27,436 | ep_ret   -5.30 ep_len   47.8 (n=2029) | pg -0.014 vf 0.011 kl 0.0161 lr 2.6e-04
it   75 steps   7372800 sps   27,433 | ep_ret   -5.31 ep_len   48.7 (n=2061) | pg -0.014 vf 0.011 kl 0.0156 lr 2.6e-04
it   76 steps   7471104 sps   27,430 | ep_ret   -5.29 ep_len   47.9 (n=2053) | pg -0.013 vf 0.011 kl 0.0141 lr 1.7e-04
it   77 steps   7569408 sps   27,427 | ep_ret   -5.26 ep_len   47.7 (n=2065) | pg -0.014 vf 0.011 kl 0.0139 lr 1.7e-04
it   78 steps   7667712 sps   27,425 | ep_ret   -5.28 ep_len   48.1 (n=2019) | pg -0.014 vf 0.011 kl 0.0144 lr 2.6e-04
it   79 steps   7766016 sps   27,422 | ep_ret   -5.27 ep_len   48.0 (n=2080) | pg -0.012 vf 0.010 kl 0.0135 lr 1.7e-04
it   80 steps   7864320 sps   27,420 | ep_ret   -5.28 ep_len   48.3 (n=2024) | pg -0.014 vf 0.010 kl 0.0182 lr 2.6e-04
it   81 steps   7962624 sps   27,417 | ep_ret   -5.27 ep_len   48.1 (n=2013) | pg -0.015 vf 0.010 kl 0.0173 lr 1.7e-04
it   82 steps   8060928 sps   27,415 | ep_ret   -5.26 ep_len   48.2 (n=2040) | pg -0.016 vf 0.009 kl 0.0170 lr 2.6e-04
it   83 steps   8159232 sps   27,414 | ep_ret   -5.25 ep_len   48.4 (n=2028) | pg -0.012 vf 0.009 kl 0.0137 lr 1.7e-04
it   84 steps   8257536 sps   27,411 | ep_ret   -5.26 ep_len   48.5 (n=2035) | pg -0.013 vf 0.009 kl 0.0151 lr 2.6e-04
it   85 steps   8355840 sps   27,410 | ep_ret   -5.24 ep_len   48.3 (n=2016) | pg -0.013 vf 0.009 kl 0.0143 lr 1.7e-04
it   86 steps   8454144 sps   27,408 | ep_ret   -5.25 ep_len   48.4 (n=2048) | pg -0.015 vf 0.009 kl 0.0159 lr 2.6e-04
it   87 steps   8552448 sps   27,405 | ep_ret   -5.25 ep_len   48.8 (n=2013) | pg -0.013 vf 0.009 kl 0.0146 lr 1.7e-04
it   88 steps   8650752 sps   27,403 | ep_ret   -5.23 ep_len   48.4 (n=2002) | pg -0.015 vf 0.009 kl 0.0149 lr 2.6e-04
it   89 steps   8749056 sps   27,401 | ep_ret   -5.23 ep_len   48.6 (n=2036) | pg -0.015 vf 0.008 kl 0.0178 lr 2.6e-04
it   90 steps   8847360 sps   27,399 | ep_ret   -5.24 ep_len   48.9 (n=1990) | pg -0.013 vf 0.008 kl 0.0137 lr 1.7e-04
it   91 steps   8945664 sps   27,397 | ep_ret   -5.25 ep_len   49.2 (n=2001) | pg -0.014 vf 0.008 kl 0.0147 lr 1.7e-04
it   92 steps   9043968 sps   27,396 | ep_ret   -5.24 ep_len   49.0 (n=1992) | pg -0.013 vf 0.008 kl 0.0156 lr 2.6e-04
it   93 steps   9142272 sps   27,394 | ep_ret   -5.23 ep_len   49.3 (n=2005) | pg -0.013 vf 0.008 kl 0.0139 lr 1.7e-04
it   94 steps   9240576 sps   27,393 | ep_ret   -5.22 ep_len   49.4 (n=1985) | pg -0.016 vf 0.008 kl 0.0170 lr 2.6e-04
it   95 steps   9338880 sps   27,391 | ep_ret   -5.25 ep_len   49.9 (n=1980) | pg -0.016 vf 0.008 kl 0.0173 lr 1.1e-04
it   96 steps   9437184 sps   27,389 | ep_ret   -5.23 ep_len   49.3 (n=1957) | pg -0.015 vf 0.008 kl 0.0129 lr 2.6e-04
it   97 steps   9535488 sps   27,387 | ep_ret   -5.23 ep_len   49.8 (n=1993) | pg -0.015 vf 0.008 kl 0.0140 lr 1.7e-04
it   98 steps   9633792 sps   27,385 | ep_ret   -5.23 ep_len   50.2 (n=1927) | pg -0.015 vf 0.007 kl 0.0153 lr 2.6e-04
it   99 steps   9732096 sps   27,384 | ep_ret   -5.22 ep_len   50.0 (n=1987) | pg -0.014 vf 0.007 kl 0.0151 lr 2.6e-04
it  100 steps   9830400 sps   27,383 | ep_ret   -5.23 ep_len   50.3 (n=1970) | pg -0.014 vf 0.007 kl 0.0172 lr 2.6e-04
it  101 steps   9928704 sps   27,381 | ep_ret   -5.19 ep_len   49.7 (n=1934) | pg -0.016 vf 0.007 kl 0.0171 lr 2.6e-04
it  102 steps  10027008 sps   27,380 | ep_ret   -5.23 ep_len   50.8 (n=1926) | pg -0.015 vf 0.007 kl 0.0169 lr 2.6e-04
it  103 steps  10125312 sps   27,379 | ep_ret   -5.22 ep_len   50.7 (n=1946) | pg -0.013 vf 0.007 kl 0.0136 lr 1.7e-04
it  104 steps  10223616 sps   27,377 | ep_ret   -5.22 ep_len   50.7 (n=1901) | pg -0.014 vf 0.007 kl 0.0134 lr 1.7e-04
it  105 steps  10321920 sps   27,376 | ep_ret   -5.22 ep_len   51.1 (n=1937) | pg -0.013 vf 0.007 kl 0.0127 lr 1.7e-04
it  106 steps  10420224 sps   27,374 | ep_ret   -5.22 ep_len   51.1 (n=1880) | pg -0.015 vf 0.007 kl 0.0161 lr 2.6e-04
it  107 steps  10518528 sps   27,373 | ep_ret   -5.21 ep_len   51.0 (n=1983) | pg -0.016 vf 0.007 kl 0.0170 lr 1.7e-04
it  108 steps  10616832 sps   27,371 | ep_ret   -5.22 ep_len   51.7 (n=1852) | pg -0.014 vf 0.007 kl 0.0148 lr 2.6e-04
it  109 steps  10715136 sps   27,369 | ep_ret   -5.22 ep_len   51.7 (n=1912) | pg -0.014 vf 0.007 kl 0.0139 lr 1.7e-04
it  110 steps  10813440 sps   27,368 | ep_ret   -5.22 ep_len   51.9 (n=1873) | pg -0.015 vf 0.007 kl 0.0156 lr 2.6e-04
it  111 steps  10911744 sps   27,366 | ep_ret   -5.22 ep_len   52.0 (n=1852) | pg -0.015 vf 0.007 kl 0.0169 lr 2.6e-04
it  112 steps  11010048 sps   27,365 | ep_ret   -5.22 ep_len   52.5 (n=1955) | pg -0.014 vf 0.007 kl 0.0142 lr 1.7e-04
it  113 steps  11108352 sps   27,363 | ep_ret   -5.21 ep_len   52.1 (n=1781) | pg -0.015 vf 0.007 kl 0.0141 lr 1.7e-04
it  114 steps  11206656 sps   27,362 | ep_ret   -5.22 ep_len   52.6 (n=1906) | pg -0.015 vf 0.007 kl 0.0154 lr 2.6e-04
it  115 steps  11304960 sps   27,360 | ep_ret   -5.23 ep_len   53.2 (n=1869) | pg -0.013 vf 0.007 kl 0.0149 lr 1.7e-04
it  116 steps  11403264 sps   27,358 | ep_ret   -5.20 ep_len   52.4 (n=1848) | pg -0.013 vf 0.007 kl 0.0141 lr 2.6e-04
it  117 steps  11501568 sps   27,356 | ep_ret   -5.22 ep_len   53.0 (n=1875) | pg -0.015 vf 0.007 kl 0.0140 lr 1.7e-04
it  118 steps  11599872 sps   27,355 | ep_ret   -5.22 ep_len   53.0 (n=1813) | pg -0.015 vf 0.007 kl 0.0179 lr 1.7e-04
it  119 steps  11698176 sps   27,353 | ep_ret   -5.22 ep_len   53.4 (n=1896) | pg -0.015 vf 0.007 kl 0.0147 lr 2.6e-04
it  120 steps  11796480 sps   27,351 | ep_ret   -5.21 ep_len   53.3 (n=1765) | pg -0.013 vf 0.007 kl 0.0145 lr 1.7e-04
it  121 steps  11894784 sps   27,350 | ep_ret   -5.21 ep_len   53.5 (n=1860) | pg -0.014 vf 0.007 kl 0.0129 lr 1.7e-04
it  122 steps  11993088 sps   27,348 | ep_ret   -5.22 ep_len   53.9 (n=1824) | pg -0.015 vf 0.007 kl 0.0171 lr 2.6e-04
it  123 steps  12091392 sps   27,346 | ep_ret   -5.22 ep_len   53.9 (n=1820) | pg -0.016 vf 0.007 kl 0.0172 lr 1.7e-04
it  124 steps  12189696 sps   27,344 | ep_ret   -5.21 ep_len   53.7 (n=1815) | pg -0.012 vf 0.007 kl 0.0134 lr 1.1e-04
it  125 steps  12288000 sps   27,342 | ep_ret   -5.21 ep_len   53.9 (n=1811) | pg -0.015 vf 0.007 kl 0.0150 lr 2.6e-04
it  126 steps  12386304 sps   27,340 | ep_ret   -5.23 ep_len   54.6 (n=1846) | pg -0.014 vf 0.007 kl 0.0143 lr 1.7e-04
it  127 steps  12484608 sps   27,338 | ep_ret   -5.20 ep_len   54.1 (n=1771) | pg -0.016 vf 0.007 kl 0.0170 lr 2.6e-04
it  128 steps  12582912 sps   27,337 | ep_ret   -5.21 ep_len   54.3 (n=1857) | pg -0.016 vf 0.007 kl 0.0174 lr 1.7e-04
it  129 steps  12681216 sps   27,335 | ep_ret   -5.21 ep_len   54.4 (n=1767) | pg -0.013 vf 0.007 kl 0.0159 lr 2.6e-04
it  130 steps  12779520 sps   27,333 | ep_ret   -5.21 ep_len   54.3 (n=1790) | pg -0.016 vf 0.007 kl 0.0174 lr 2.6e-04
it  131 steps  12877824 sps   27,331 | ep_ret   -5.20 ep_len   54.4 (n=1799) | pg -0.016 vf 0.007 kl 0.0178 lr 2.6e-04
it  132 steps  12976128 sps   27,329 | ep_ret   -5.20 ep_len   54.8 (n=1820) | pg -0.013 vf 0.007 kl 0.0128 lr 1.1e-04
it  133 steps  13074432 sps   27,328 | ep_ret   -5.20 ep_len   55.0 (n=1802) | pg -0.015 vf 0.007 kl 0.0148 lr 2.6e-04
it  134 steps  13172736 sps   27,326 | ep_ret   -5.19 ep_len   54.8 (n=1731) | pg -0.015 vf 0.007 kl 0.0159 lr 2.6e-04
it  135 steps  13271040 sps   27,319 | ep_ret   -5.20 ep_len   55.4 (n=1769) | pg -0.016 vf 0.007 kl 0.0171 lr 2.6e-04
it  136 steps  13369344 sps   27,315 | ep_ret   -5.19 ep_len   55.0 (n=1787) | pg -0.014 vf 0.007 kl 0.0139 lr 1.7e-04
it  137 steps  13467648 sps   27,313 | ep_ret   -5.21 ep_len   55.8 (n=1783) | pg -0.013 vf 0.007 kl 0.0134 lr 1.7e-04
it  138 steps  13565952 sps   27,311 | ep_ret   -5.20 ep_len   55.3 (n=1781) | pg -0.013 vf 0.007 kl 0.0133 lr 1.7e-04
it  139 steps  13664256 sps   27,309 | ep_ret   -5.20 ep_len   55.8 (n=1762) | pg -0.015 vf 0.007 kl 0.0160 lr 2.6e-04
it  140 steps  13762560 sps   27,305 | ep_ret   -5.20 ep_len   55.2 (n=1784) | pg -0.014 vf 0.007 kl 0.0134 lr 1.7e-04
it  141 steps  13860864 sps   27,303 | ep_ret   -5.19 ep_len   55.4 (n=1756) | pg -0.015 vf 0.007 kl 0.0154 lr 2.6e-04
it  142 steps  13959168 sps   27,300 | ep_ret   -5.19 ep_len   55.5 (n=1740) | pg -0.015 vf 0.007 kl 0.0164 lr 2.6e-04
it  143 steps  14057472 sps   27,299 | ep_ret   -5.22 ep_len   56.2 (n=1769) | pg -0.016 vf 0.007 kl 0.0173 lr 1.7e-04
it  144 steps  14155776 sps   27,297 | ep_ret   -5.18 ep_len   55.9 (n=1798) | pg -0.015 vf 0.007 kl 0.0158 lr 2.6e-04
it  145 steps  14254080 sps   27,295 | ep_ret   -5.19 ep_len   55.9 (n=1693) | pg -0.015 vf 0.007 kl 0.0172 lr 2.6e-04
it  146 steps  14352384 sps   27,293 | ep_ret   -5.19 ep_len   56.0 (n=1775) | pg -0.015 vf 0.007 kl 0.0172 lr 1.7e-04
it  147 steps  14450688 sps   27,291 | ep_ret   -5.20 ep_len   56.7 (n=1731) | pg -0.013 vf 0.007 kl 0.0133 lr 1.7e-04
it  148 steps  14548992 sps   27,289 | ep_ret   -5.19 ep_len   56.3 (n=1756) | pg -0.015 vf 0.007 kl 0.0153 lr 2.6e-04
it  149 steps  14647296 sps   27,287 | ep_ret   -5.18 ep_len   56.6 (n=1723) | pg -0.016 vf 0.007 kl 0.0168 lr 1.7e-04
it  150 steps  14745600 sps   27,285 | ep_ret   -5.18 ep_len   56.2 (n=1739) | pg -0.014 vf 0.007 kl 0.0136 lr 1.7e-04
it  151 steps  14843904 sps   27,283 | ep_ret   -5.18 ep_len   56.8 (n=1740) | pg -0.013 vf 0.007 kl 0.0136 lr 1.7e-04
it  152 steps  14942208 sps   27,281 | ep_ret   -5.18 ep_len   56.6 (n=1707) | pg -0.013 vf 0.007 kl 0.0159 lr 2.6e-04
it  153 steps  15040512 sps   27,280 | ep_ret   -5.18 ep_len   56.5 (n=1783) | pg -0.016 vf 0.007 kl 0.0183 lr 2.6e-04
it  154 steps  15138816 sps   27,278 | ep_ret   -5.18 ep_len   57.1 (n=1711) | pg -0.016 vf 0.007 kl 0.0158 lr 1.7e-04
it  155 steps  15237120 sps   27,276 | ep_ret   -5.17 ep_len   56.6 (n=1694) | pg -0.013 vf 0.007 kl 0.0146 lr 1.7e-04
it  156 steps  15335424 sps   27,274 | ep_ret   -5.17 ep_len   57.3 (n=1676) | pg -0.014 vf 0.007 kl 0.0139 lr 1.7e-04
it  157 steps  15433728 sps   27,272 | ep_ret   -5.19 ep_len   57.8 (n=1735) | pg -0.014 vf 0.007 kl 0.0149 lr 1.7e-04
it  158 steps  15532032 sps   27,270 | ep_ret   -5.17 ep_len   57.5 (n=1713) | pg -0.014 vf 0.007 kl 0.0158 lr 2.6e-04
it  159 steps  15630336 sps   27,269 | ep_ret   -5.16 ep_len   56.8 (n=1737) | pg -0.015 vf 0.007 kl 0.0157 lr 2.6e-04
it  160 steps  15728640 sps   27,267 | ep_ret   -5.17 ep_len   57.5 (n=1723) | pg -0.015 vf 0.007 kl 0.0157 lr 2.6e-04
it  161 steps  15826944 sps   27,265 | ep_ret   -5.17 ep_len   57.4 (n=1692) | pg -0.015 vf 0.007 kl 0.0170 lr 2.6e-04
it  162 steps  15925248 sps   27,263 | ep_ret   -5.17 ep_len   57.7 (n=1736) | pg -0.015 vf 0.007 kl 0.0164 lr 2.6e-04
it  163 steps  16023552 sps   27,261 | ep_ret   -5.16 ep_len   57.5 (n=1667) | pg -0.014 vf 0.007 kl 0.0142 lr 1.7e-04
it  164 steps  16121856 sps   27,259 | ep_ret   -5.16 ep_len   57.6 (n=1737) | pg -0.015 vf 0.007 kl 0.0153 lr 2.6e-04
it  165 steps  16220160 sps   27,257 | ep_ret   -5.15 ep_len   57.2 (n=1712) | pg -0.015 vf 0.007 kl 0.0162 lr 2.6e-04
it  166 steps  16318464 sps   27,255 | ep_ret   -5.14 ep_len   57.1 (n=1710) | pg -0.014 vf 0.007 kl 0.0167 lr 2.6e-04
it  167 steps  16416768 sps   27,254 | ep_ret   -5.16 ep_len   57.5 (n=1724) | pg -0.014 vf 0.007 kl 0.0163 lr 2.6e-04
it  168 steps  16515072 sps   27,252 | ep_ret   -5.15 ep_len   57.7 (n=1699) | pg -0.015 vf 0.007 kl 0.0166 lr 2.6e-04
it  169 steps  16613376 sps   27,250 | ep_ret   -5.14 ep_len   57.2 (n=1695) | pg -0.015 vf 0.007 kl 0.0156 lr 2.6e-04
it  170 steps  16711680 sps   27,248 | ep_ret   -5.16 ep_len   58.0 (n=1721) | pg -0.016 vf 0.007 kl 0.0157 lr 1.7e-04
it  171 steps  16809984 sps   27,247 | ep_ret   -5.15 ep_len   57.9 (n=1737) | pg -0.015 vf 0.007 kl 0.0167 lr 2.6e-04
it  172 steps  16908288 sps   27,244 | ep_ret   -5.14 ep_len   57.4 (n=1614) | pg -0.016 vf 0.007 kl 0.0163 lr 2.6e-04
it  173 steps  17006592 sps   27,242 | ep_ret   -5.14 ep_len   57.7 (n=1722) | pg -0.013 vf 0.007 kl 0.0134 lr 1.1e-04
it  174 steps  17104896 sps   27,240 | ep_ret   -5.16 ep_len   58.3 (n=1732) | pg -0.014 vf 0.007 kl 0.0152 lr 2.6e-04
it  175 steps  17203200 sps   27,239 | ep_ret   -5.15 ep_len   57.9 (n=1664) | pg -0.014 vf 0.007 kl 0.0165 lr 2.6e-04
it  176 steps  17301504 sps   27,237 | ep_ret   -5.14 ep_len   58.1 (n=1717) | pg -0.016 vf 0.007 kl 0.0168 lr 1.7e-04
it  177 steps  17399808 sps   27,235 | ep_ret   -5.14 ep_len   58.0 (n=1642) | pg -0.016 vf 0.007 kl 0.0159 lr 2.6e-04
it  178 steps  17498112 sps   27,233 | ep_ret   -5.13 ep_len   57.9 (n=1732) | pg -0.016 vf 0.007 kl 0.0177 lr 1.7e-04
it  179 steps  17596416 sps   27,231 | ep_ret   -5.14 ep_len   58.5 (n=1642) | pg -0.013 vf 0.007 kl 0.0131 lr 1.7e-04
it  180 steps  17694720 sps   27,229 | ep_ret   -5.15 ep_len   58.5 (n=1692) | pg -0.014 vf 0.007 kl 0.0143 lr 1.7e-04
it  181 steps  17793024 sps   27,228 | ep_ret   -5.15 ep_len   58.8 (n=1666) | pg -0.014 vf 0.007 kl 0.0135 lr 1.7e-04
it  182 steps  17891328 sps   27,226 | ep_ret   -5.14 ep_len   58.8 (n=1706) | pg -0.013 vf 0.007 kl 0.0147 lr 1.7e-04
it  183 steps  17989632 sps   27,224 | ep_ret   -5.13 ep_len   58.5 (n=1654) | pg -0.014 vf 0.007 kl 0.0138 lr 1.7e-04
it  184 steps  18087936 sps   27,222 | ep_ret   -5.14 ep_len   59.0 (n=1637) | pg -0.014 vf 0.007 kl 0.0156 lr 2.6e-04
it  185 steps  18186240 sps   27,220 | ep_ret   -5.13 ep_len   58.7 (n=1688) | pg -0.015 vf 0.007 kl 0.0156 lr 2.6e-04
it  186 steps  18284544 sps   27,219 | ep_ret   -5.15 ep_len   59.2 (n=1628) | pg -0.016 vf 0.007 kl 0.0168 lr 2.6e-04
it  187 steps  18382848 sps   27,217 | ep_ret   -5.14 ep_len   59.2 (n=1686) | pg -0.016 vf 0.007 kl 0.0180 lr 2.6e-04
it  188 steps  18481152 sps   27,216 | ep_ret   -5.14 ep_len   59.2 (n=1639) | pg -0.016 vf 0.007 kl 0.0171 lr 1.1e-04
it  189 steps  18579456 sps   27,214 | ep_ret   -5.15 ep_len   59.0 (n=1681) | pg -0.014 vf 0.007 kl 0.0150 lr 2.6e-04
it  190 steps  18677760 sps   27,212 | ep_ret   -5.13 ep_len   58.9 (n=1640) | pg -0.014 vf 0.007 kl 0.0167 lr 2.6e-04
it  191 steps  18776064 sps   27,211 | ep_ret   -5.14 ep_len   59.5 (n=1702) | pg -0.016 vf 0.007 kl 0.0175 lr 1.1e-04
it  192 steps  18874368 sps   27,209 | ep_ret   -5.12 ep_len   59.2 (n=1602) | pg -0.015 vf 0.007 kl 0.0146 lr 2.6e-04
it  193 steps  18972672 sps   27,208 | ep_ret   -5.13 ep_len   59.6 (n=1636) | pg -0.016 vf 0.007 kl 0.0149 lr 1.7e-04
it  194 steps  19070976 sps   27,206 | ep_ret   -5.15 ep_len   60.0 (n=1675) | pg -0.014 vf 0.007 kl 0.0142 lr 1.7e-04
it  195 steps  19169280 sps   27,204 | ep_ret   -5.14 ep_len   59.9 (n=1631) | pg -0.013 vf 0.007 kl 0.0143 lr 1.7e-04
it  196 steps  19267584 sps   27,202 | ep_ret   -5.12 ep_len   59.4 (n=1634) | pg -0.014 vf 0.007 kl 0.0164 lr 2.6e-04
it  197 steps  19365888 sps   27,201 | ep_ret   -5.15 ep_len   60.2 (n=1663) | pg -0.016 vf 0.007 kl 0.0171 lr 2.6e-04
it  198 steps  19464192 sps   27,199 | ep_ret   -5.13 ep_len   59.6 (n=1650) | pg -0.016 vf 0.007 kl 0.0159 lr 2.6e-04
it  199 steps  19562496 sps   27,198 | ep_ret   -5.14 ep_len   60.1 (n=1666) | pg -0.015 vf 0.007 kl 0.0160 lr 2.6e-04
it  200 steps  19660800 sps   27,196 | ep_ret   -5.11 ep_len   59.0 (n=1649) | pg -0.015 vf 0.007 kl 0.0170 lr 2.6e-04
it  201 steps  19759104 sps   27,195 | ep_ret   -5.12 ep_len   59.3 (n=1637) | pg -0.015 vf 0.007 kl 0.0164 lr 2.6e-04
it  202 steps  19857408 sps   27,193 | ep_ret   -5.14 ep_len   59.9 (n=1635) | pg -0.016 vf 0.007 kl 0.0172 lr 2.6e-04
it  203 steps  19955712 sps   27,192 | ep_ret   -5.14 ep_len   60.4 (n=1606) | pg -0.016 vf 0.007 kl 0.0162 lr 2.6e-04
it  204 steps  20054016 sps   27,190 | ep_ret   -5.14 ep_len   59.9 (n=1662) | pg -0.014 vf 0.007 kl 0.0151 lr 1.7e-04
it  205 steps  20152320 sps   27,189 | ep_ret   -5.14 ep_len   60.7 (n=1623) | pg -0.014 vf 0.007 kl 0.0130 lr 1.7e-04
it  206 steps  20250624 sps   27,187 | ep_ret   -5.12 ep_len   59.5 (n=1614) | pg -0.014 vf 0.007 kl 0.0163 lr 1.7e-04
it  207 steps  20348928 sps   27,186 | ep_ret   -5.14 ep_len   60.5 (n=1653) | pg -0.014 vf 0.007 kl 0.0142 lr 1.7e-04
it  208 steps  20447232 sps   27,184 | ep_ret   -5.13 ep_len   60.4 (n=1651) | pg -0.015 vf 0.007 kl 0.0149 lr 2.6e-04
it  209 steps  20545536 sps   27,183 | ep_ret   -5.12 ep_len   59.8 (n=1603) | pg -0.015 vf 0.007 kl 0.0150 lr 1.7e-04
it  210 steps  20643840 sps   27,181 | ep_ret   -5.11 ep_len   60.3 (n=1638) | pg -0.013 vf 0.007 kl 0.0136 lr 1.7e-04
it  211 steps  20742144 sps   27,180 | ep_ret   -5.13 ep_len   60.6 (n=1613) | pg -0.014 vf 0.007 kl 0.0135 lr 1.7e-04
it  212 steps  20840448 sps   27,178 | ep_ret   -5.13 ep_len   60.1 (n=1611) | pg -0.015 vf 0.007 kl 0.0173 lr 2.6e-04
it  213 steps  20938752 sps   27,177 | ep_ret   -5.13 ep_len   61.0 (n=1648) | pg -0.016 vf 0.007 kl 0.0163 lr 1.7e-04
it  214 steps  21037056 sps   27,176 | ep_ret   -5.10 ep_len   60.4 (n=1605) | pg -0.013 vf 0.007 kl 0.0134 lr 1.1e-04
it  215 steps  21135360 sps   27,174 | ep_ret   -5.12 ep_len   60.7 (n=1566) | pg -0.015 vf 0.007 kl 0.0152 lr 2.6e-04
it  216 steps  21233664 sps   27,173 | ep_ret   -5.14 ep_len   62.0 (n=1627) | pg -0.015 vf 0.007 kl 0.0146 lr 1.7e-04
it  217 steps  21331968 sps   27,172 | ep_ret   -5.11 ep_len   61.1 (n=1633) | pg -0.016 vf 0.007 kl 0.0166 lr 2.6e-04
it  218 steps  21430272 sps   27,170 | ep_ret   -5.11 ep_len   60.6 (n=1587) | pg -0.016 vf 0.007 kl 0.0168 lr 2.6e-04
it  219 steps  21528576 sps   27,169 | ep_ret   -5.11 ep_len   61.0 (n=1650) | pg -0.016 vf 0.007 kl 0.0162 lr 2.6e-04
it  220 steps  21626880 sps   27,168 | ep_ret   -5.11 ep_len   60.6 (n=1583) | pg -0.015 vf 0.007 kl 0.0156 lr 1.7e-04
it  221 steps  21725184 sps   27,166 | ep_ret   -5.11 ep_len   61.3 (n=1621) | pg -0.015 vf 0.007 kl 0.0137 lr 1.7e-04
it  222 steps  21823488 sps   27,165 | ep_ret   -5.10 ep_len   60.6 (n=1613) | pg -0.015 vf 0.007 kl 0.0166 lr 2.6e-04
it  223 steps  21921792 sps   27,164 | ep_ret   -5.12 ep_len   61.3 (n=1567) | pg -0.016 vf 0.007 kl 0.0147 lr 1.7e-04
it  224 steps  22020096 sps   27,162 | ep_ret   -5.11 ep_len   61.2 (n=1646) | pg -0.014 vf 0.007 kl 0.0163 lr 1.7e-04
it  225 steps  22118400 sps   27,161 | ep_ret   -5.12 ep_len   62.1 (n=1538) | pg -0.012 vf 0.007 kl 0.0132 lr 1.1e-04
it  226 steps  22216704 sps   27,159 | ep_ret   -5.10 ep_len   61.0 (n=1674) | pg -0.014 vf 0.007 kl 0.0156 lr 2.6e-04
it  227 steps  22315008 sps   27,158 | ep_ret   -5.12 ep_len   61.8 (n=1522) | pg -0.015 vf 0.007 kl 0.0142 lr 1.7e-04
it  228 steps  22413312 sps   27,156 | ep_ret   -5.11 ep_len   61.4 (n=1669) | pg -0.015 vf 0.007 kl 0.0159 lr 2.6e-04
it  229 steps  22511616 sps   27,155 | ep_ret   -5.10 ep_len   61.3 (n=1580) | pg -0.015 vf 0.007 kl 0.0158 lr 1.7e-04
it  230 steps  22609920 sps   27,153 | ep_ret   -5.10 ep_len   61.3 (n=1584) | pg -0.014 vf 0.007 kl 0.0141 lr 1.7e-04
it  231 steps  22708224 sps   27,152 | ep_ret   -5.10 ep_len   61.4 (n=1631) | pg -0.015 vf 0.007 kl 0.0137 lr 1.7e-04
it  232 steps  22806528 sps   27,151 | ep_ret   -5.12 ep_len   62.2 (n=1531) | pg -0.014 vf 0.007 kl 0.0128 lr 1.7e-04
it  233 steps  22904832 sps   27,149 | ep_ret   -5.10 ep_len   61.5 (n=1653) | pg -0.014 vf 0.007 kl 0.0137 lr 1.7e-04
it  234 steps  23003136 sps   27,148 | ep_ret   -5.12 ep_len   62.1 (n=1539) | pg -0.013 vf 0.007 kl 0.0137 lr 1.1e-04
it  235 steps  23101440 sps   27,147 | ep_ret   -5.11 ep_len   62.1 (n=1564) | pg -0.014 vf 0.007 kl 0.0158 lr 2.6e-04
it  236 steps  23199744 sps   27,145 | ep_ret   -5.11 ep_len   61.9 (n=1631) | pg -0.015 vf 0.007 kl 0.0168 lr 2.6e-04
it  237 steps  23298048 sps   27,144 | ep_ret   -5.10 ep_len   62.6 (n=1571) | pg -0.015 vf 0.007 kl 0.0162 lr 2.6e-04
it  238 steps  23396352 sps   27,143 | ep_ret   -5.10 ep_len   61.8 (n=1549) | pg -0.015 vf 0.007 kl 0.0168 lr 2.6e-04
it  239 steps  23494656 sps   27,142 | ep_ret   -5.11 ep_len   62.1 (n=1594) | pg -0.016 vf 0.007 kl 0.0169 lr 2.6e-04
it  240 steps  23592960 sps   27,141 | ep_ret   -5.10 ep_len   62.6 (n=1584) | pg -0.016 vf 0.007 kl 0.0173 lr 2.6e-04
it  241 steps  23691264 sps   27,139 | ep_ret   -5.11 ep_len   62.5 (n=1590) | pg -0.015 vf 0.007 kl 0.0172 lr 2.6e-04
it  242 steps  23789568 sps   27,138 | ep_ret   -5.09 ep_len   61.6 (n=1599) | pg -0.015 vf 0.007 kl 0.0164 lr 2.6e-04
it  243 steps  23887872 sps   27,137 | ep_ret   -5.10 ep_len   62.0 (n=1537) | pg -0.015 vf 0.007 kl 0.0173 lr 2.6e-04
it  244 steps  23986176 sps   27,136 | ep_ret   -5.09 ep_len   62.1 (n=1602) | pg -0.016 vf 0.007 kl 0.0181 lr 2.6e-04
it  245 steps  24084480 sps   27,134 | ep_ret   -5.11 ep_len   62.7 (n=1581) | pg -0.015 vf 0.007 kl 0.0170 lr 2.6e-04
it  246 steps  24182784 sps   27,133 | ep_ret   -5.10 ep_len   62.4 (n=1576) | pg -0.016 vf 0.007 kl 0.0157 lr 2.6e-04
it  247 steps  24281088 sps   27,131 | ep_ret   -5.10 ep_len   62.1 (n=1598) | pg -0.015 vf 0.007 kl 0.0168 lr 1.7e-04
it  248 steps  24379392 sps   27,130 | ep_ret   -5.10 ep_len   61.8 (n=1555) | pg -0.014 vf 0.007 kl 0.0154 lr 2.6e-04
it  249 steps  24477696 sps   27,129 | ep_ret   -5.09 ep_len   62.3 (n=1582) | pg -0.013 vf 0.007 kl 0.0166 lr 2.6e-04
it  250 steps  24576000 sps   27,127 | ep_ret   -5.09 ep_len   62.3 (n=1543) | pg -0.015 vf 0.008 kl 0.0162 lr 1.7e-04
it  251 steps  24674304 sps   27,125 | ep_ret   -5.09 ep_len   62.2 (n=1548) | pg -0.014 vf 0.007 kl 0.0132 lr 1.7e-04
it  252 steps  24772608 sps   27,123 | ep_ret   -5.11 ep_len   63.4 (n=1618) | pg -0.014 vf 0.007 kl 0.0143 lr 1.7e-04
it  253 steps  24870912 sps   27,122 | ep_ret   -5.11 ep_len   63.3 (n=1543) | pg -0.014 vf 0.007 kl 0.0152 lr 2.6e-04
it  254 steps  24969216 sps   27,120 | ep_ret   -5.10 ep_len   63.1 (n=1504) | pg -0.013 vf 0.007 kl 0.0151 lr 1.7e-04
it  255 steps  25067520 sps   27,119 | ep_ret   -5.09 ep_len   62.6 (n=1643) | pg -0.011 vf 0.007 kl 0.0133 lr 1.1e-04
it  256 steps  25165824 sps   27,117 | ep_ret   -5.09 ep_len   63.0 (n=1531) | pg -0.016 vf 0.007 kl 0.0154 lr 1.7e-04
it  257 steps  25264128 sps   27,116 | ep_ret   -5.09 ep_len   62.7 (n=1557) | pg -0.017 vf 0.007 kl 0.0142 lr 1.7e-04
it  258 steps  25362432 sps   27,114 | ep_ret   -5.08 ep_len   62.8 (n=1620) | pg -0.014 vf 0.007 kl 0.0144 lr 1.7e-04
it  259 steps  25460736 sps   27,113 | ep_ret   -5.10 ep_len   63.0 (n=1458) | pg -0.014 vf 0.007 kl 0.0151 lr 1.7e-04
it  260 steps  25559040 sps   27,111 | ep_ret   -5.10 ep_len   62.9 (n=1618) | pg -0.012 vf 0.007 kl 0.0126 lr 1.1e-04
it  261 steps  25657344 sps   27,110 | ep_ret   -5.11 ep_len   63.7 (n=1568) | pg -0.015 vf 0.007 kl 0.0162 lr 1.7e-04
it  262 steps  25755648 sps   27,108 | ep_ret   -5.09 ep_len   62.8 (n=1561) | pg -0.014 vf 0.007 kl 0.0151 lr 1.7e-04
it  263 steps  25853952 sps   27,107 | ep_ret   -5.10 ep_len   63.1 (n=1538) | pg -0.013 vf 0.007 kl 0.0130 lr 1.1e-04
it  264 steps  25952256 sps   27,105 | ep_ret   -5.07 ep_len   62.9 (n=1534) | pg -0.015 vf 0.007 kl 0.0172 lr 1.1e-04
it  265 steps  26050560 sps   27,104 | ep_ret   -5.10 ep_len   63.6 (n=1589) | pg -0.014 vf 0.007 kl 0.0160 lr 2.6e-04
it  266 steps  26148864 sps   27,102 | ep_ret   -5.10 ep_len   63.6 (n=1511) | pg -0.015 vf 0.007 kl 0.0174 lr 1.1e-04
it  267 steps  26247168 sps   27,101 | ep_ret   -5.09 ep_len   63.5 (n=1563) | pg -0.015 vf 0.007 kl 0.0147 lr 2.6e-04
it  268 steps  26345472 sps   27,100 | ep_ret   -5.11 ep_len   64.0 (n=1569) | pg -0.015 vf 0.008 kl 0.0170 lr 1.7e-04
it  269 steps  26443776 sps   27,098 | ep_ret   -5.08 ep_len   62.8 (n=1523) | pg -0.013 vf 0.007 kl 0.0135 lr 1.1e-04
it  270 steps  26542080 sps   27,097 | ep_ret   -5.10 ep_len   63.3 (n=1571) | pg -0.015 vf 0.007 kl 0.0158 lr 1.7e-04
it  271 steps  26640384 sps   27,095 | ep_ret   -5.09 ep_len   63.3 (n=1516) | pg -0.014 vf 0.007 kl 0.0143 lr 1.7e-04
it  272 steps  26738688 sps   27,094 | ep_ret   -5.11 ep_len   63.6 (n=1605) | pg -0.014 vf 0.007 kl 0.0146 lr 1.7e-04
it  273 steps  26836992 sps   27,092 | ep_ret   -5.10 ep_len   63.1 (n=1524) | pg -0.014 vf 0.007 kl 0.0153 lr 1.7e-04
it  274 steps  26935296 sps   27,091 | ep_ret   -5.09 ep_len   63.2 (n=1534) | pg -0.014 vf 0.007 kl 0.0138 lr 1.1e-04
it  275 steps  27033600 sps   27,089 | ep_ret   -5.09 ep_len   63.7 (n=1574) | pg -0.015 vf 0.007 kl 0.0161 lr 1.7e-04
it  276 steps  27131904 sps   27,088 | ep_ret   -5.08 ep_len   63.6 (n=1512) | pg -0.014 vf 0.008 kl 0.0153 lr 1.7e-04
it  277 steps  27230208 sps   27,087 | ep_ret   -5.09 ep_len   63.7 (n=1530) | pg -0.014 vf 0.007 kl 0.0165 lr 1.7e-04
it  278 steps  27328512 sps   27,085 | ep_ret   -5.10 ep_len   64.1 (n=1556) | pg -0.013 vf 0.008 kl 0.0139 lr 1.7e-04
it  279 steps  27426816 sps   27,084 | ep_ret   -5.08 ep_len   63.4 (n=1538) | pg -0.014 vf 0.008 kl 0.0132 lr 1.1e-04
it  280 steps  27525120 sps   27,083 | ep_ret   -5.09 ep_len   63.7 (n=1540) | pg -0.015 vf 0.007 kl 0.0158 lr 1.7e-04
it  281 steps  27623424 sps   27,081 | ep_ret   -5.09 ep_len   64.1 (n=1571) | pg -0.015 vf 0.008 kl 0.0172 lr 1.1e-04
it  282 steps  27721728 sps   27,079 | ep_ret   -5.06 ep_len   64.0 (n=1536) | pg -0.015 vf 0.008 kl 0.0145 lr 1.7e-04
it  283 steps  27820032 sps   27,078 | ep_ret   -5.08 ep_len   63.5 (n=1517) | pg -0.015 vf 0.008 kl 0.0171 lr 1.7e-04
it  284 steps  27918336 sps   27,076 | ep_ret   -5.08 ep_len   63.8 (n=1520) | pg -0.014 vf 0.008 kl 0.0164 lr 1.7e-04
it  285 steps  28016640 sps   27,074 | ep_ret   -5.09 ep_len   64.6 (n=1515) | pg -0.015 vf 0.008 kl 0.0159 lr 1.7e-04
it  286 steps  28114944 sps   27,073 | ep_ret   -5.10 ep_len   64.6 (n=1538) | pg -0.015 vf 0.008 kl 0.0169 lr 1.1e-04
it  287 steps  28213248 sps   27,072 | ep_ret   -5.07 ep_len   64.5 (n=1544) | pg -0.013 vf 0.008 kl 0.0142 lr 1.7e-04
it  288 steps  28311552 sps   27,070 | ep_ret   -5.08 ep_len   64.0 (n=1517) | pg -0.015 vf 0.008 kl 0.0166 lr 1.1e-04
it  289 steps  28409856 sps   27,069 | ep_ret   -5.08 ep_len   64.3 (n=1520) | pg -0.015 vf 0.008 kl 0.0168 lr 1.7e-04
it  290 steps  28508160 sps   27,067 | ep_ret   -5.09 ep_len   64.3 (n=1555) | pg -0.014 vf 0.008 kl 0.0152 lr 1.7e-04
it  291 steps  28606464 sps   27,066 | ep_ret   -5.09 ep_len   64.2 (n=1525) | pg -0.016 vf 0.008 kl 0.0155 lr 1.1e-04
it  292 steps  28704768 sps   27,064 | ep_ret   -5.09 ep_len   64.2 (n=1520) | pg -0.014 vf 0.008 kl 0.0165 lr 1.7e-04
it  293 steps  28803072 sps   27,063 | ep_ret   -5.08 ep_len   64.3 (n=1519) | pg -0.014 vf 0.008 kl 0.0152 lr 1.7e-04
it  294 steps  28901376 sps   27,061 | ep_ret   -5.07 ep_len   64.7 (n=1504) | pg -0.016 vf 0.008 kl 0.0153 lr 1.7e-04
it  295 steps  28999680 sps   27,059 | ep_ret   -5.09 ep_len   64.7 (n=1535) | pg -0.014 vf 0.008 kl 0.0144 lr 1.7e-04
it  296 steps  29097984 sps   27,058 | ep_ret   -5.10 ep_len   65.1 (n=1510) | pg -0.015 vf 0.008 kl 0.0173 lr 1.1e-04
it  297 steps  29196288 sps   27,056 | ep_ret   -5.08 ep_len   64.4 (n=1544) | pg -0.016 vf 0.008 kl 0.0160 lr 1.1e-04
it  298 steps  29294592 sps   27,055 | ep_ret   -5.08 ep_len   64.4 (n=1498) | pg -0.015 vf 0.008 kl 0.0160 lr 1.7e-04
it  299 steps  29392896 sps   27,054 | ep_ret   -5.09 ep_len   65.0 (n=1496) | pg -0.014 vf 0.008 kl 0.0148 lr 1.7e-04
it  300 steps  29491200 sps   27,052 | ep_ret   -5.08 ep_len   65.0 (n=1525) | pg -0.014 vf 0.008 kl 0.0162 lr 1.7e-04
it  301 steps  29589504 sps   27,051 | ep_ret   -5.09 ep_len   65.2 (n=1531) | pg -0.014 vf 0.008 kl 0.0154 lr 1.7e-04
it  302 steps  29687808 sps   27,049 | ep_ret   -5.08 ep_len   64.8 (n=1498) | pg -0.015 vf 0.008 kl 0.0138 lr 1.7e-04
it  303 steps  29786112 sps   27,048 | ep_ret   -5.08 ep_len   64.9 (n=1530) | pg -0.016 vf 0.008 kl 0.0160 lr 1.7e-04
it  304 steps  29884416 sps   27,047 | ep_ret   -5.08 ep_len   65.0 (n=1512) | pg -0.014 vf 0.008 kl 0.0139 lr 1.7e-04
it  305 steps  29982720 sps   27,045 | ep_ret   -5.09 ep_len   65.0 (n=1488) | pg -0.014 vf 0.008 kl 0.0146 lr 1.7e-04
it  306 steps  30081024 sps   27,043 | ep_ret   -5.09 ep_len   64.9 (n=1493) | pg -0.014 vf 0.008 kl 0.0152 lr 1.7e-04
it  307 steps  30179328 sps   27,042 | ep_ret   -5.09 ep_len   65.4 (n=1523) | pg -0.015 vf 0.008 kl 0.0168 lr 1.1e-04
it  308 steps  30277632 sps   27,041 | ep_ret   -5.07 ep_len   65.4 (n=1471) | pg -0.015 vf 0.008 kl 0.0180 lr 1.7e-04
it  309 steps  30375936 sps   27,039 | ep_ret   -5.09 ep_len   65.4 (n=1576) | pg -0.015 vf 0.008 kl 0.0157 lr 1.7e-04
it  310 steps  30474240 sps   27,038 | ep_ret   -5.09 ep_len   65.3 (n=1429) | pg -0.015 vf 0.008 kl 0.0169 lr 1.7e-04
it  311 steps  30572544 sps   27,037 | ep_ret   -5.08 ep_len   65.0 (n=1557) | pg -0.016 vf 0.008 kl 0.0161 lr 1.1e-04
it  312 steps  30670848 sps   27,035 | ep_ret   -5.09 ep_len   65.8 (n=1469) | pg -0.016 vf 0.008 kl 0.0169 lr 1.7e-04
it  313 steps  30769152 sps   27,034 | ep_ret   -5.07 ep_len   65.2 (n=1483) | pg -0.013 vf 0.008 kl 0.0146 lr 1.7e-04
it  314 steps  30867456 sps   27,033 | ep_ret   -5.09 ep_len   66.0 (n=1528) | pg -0.015 vf 0.008 kl 0.0165 lr 1.7e-04
it  315 steps  30965760 sps   27,031 | ep_ret   -5.09 ep_len   65.7 (n=1509) | pg -0.014 vf 0.008 kl 0.0168 lr 2.6e-04
it  316 steps  31064064 sps   27,030 | ep_ret   -5.09 ep_len   65.6 (n=1517) | pg -0.015 vf 0.008 kl 0.0155 lr 1.7e-04
it  317 steps  31162368 sps   27,029 | ep_ret   -5.08 ep_len   64.7 (n=1517) | pg -0.014 vf 0.008 kl 0.0153 lr 1.7e-04
it  318 steps  31260672 sps   27,027 | ep_ret   -5.09 ep_len   65.6 (n=1446) | pg -0.014 vf 0.008 kl 0.0149 lr 1.7e-04
it  319 steps  31358976 sps   27,026 | ep_ret   -5.08 ep_len   65.4 (n=1479) | pg -0.015 vf 0.008 kl 0.0167 lr 1.1e-04
it  320 steps  31457280 sps   27,025 | ep_ret   -5.10 ep_len   66.4 (n=1548) | pg -0.012 vf 0.008 kl 0.0123 lr 1.1e-04
it  321 steps  31555584 sps   27,023 | ep_ret   -5.09 ep_len   66.1 (n=1501) | pg -0.014 vf 0.008 kl 0.0153 lr 1.1e-04
it  322 steps  31653888 sps   27,022 | ep_ret   -5.08 ep_len   65.5 (n=1431) | pg -0.015 vf 0.008 kl 0.0170 lr 1.1e-04
it  323 steps  31752192 sps   27,020 | ep_ret   -5.07 ep_len   65.3 (n=1501) | pg -0.016 vf 0.008 kl 0.0155 lr 1.7e-04
it  324 steps  31850496 sps   27,019 | ep_ret   -5.09 ep_len   66.0 (n=1524) | pg -0.016 vf 0.008 kl 0.0163 lr 1.1e-04
it  325 steps  31948800 sps   27,017 | ep_ret   -5.09 ep_len   65.9 (n=1446) | pg -0.015 vf 0.008 kl 0.0163 lr 1.1e-04
it  326 steps  32047104 sps   27,016 | ep_ret   -5.08 ep_len   65.7 (n=1527) | pg -0.014 vf 0.008 kl 0.0140 lr 1.1e-04
it  327 steps  32145408 sps   27,014 | ep_ret   -5.12 ep_len   67.2 (n=1444) | pg -0.015 vf 0.008 kl 0.0151 lr 1.7e-04
it  328 steps  32243712 sps   27,013 | ep_ret   -5.10 ep_len   65.9 (n=1483) | pg -0.014 vf 0.008 kl 0.0141 lr 1.7e-04
it  329 steps  32342016 sps   27,012 | ep_ret   -5.10 ep_len   66.8 (n=1460) | pg -0.016 vf 0.008 kl 0.0155 lr 1.1e-04
it  330 steps  32440320 sps   27,010 | ep_ret   -5.09 ep_len   66.0 (n=1511) | pg -0.014 vf 0.008 kl 0.0141 lr 1.7e-04
it  331 steps  32538624 sps   27,009 | ep_ret   -5.10 ep_len   66.2 (n=1476) | pg -0.015 vf 0.008 kl 0.0157 lr 1.7e-04
it  332 steps  32636928 sps   27,007 | ep_ret   -5.10 ep_len   66.4 (n=1478) | pg -0.016 vf 0.008 kl 0.0173 lr 1.1e-04
it  333 steps  32735232 sps   27,006 | ep_ret   -5.10 ep_len   66.6 (n=1503) | pg -0.014 vf 0.008 kl 0.0147 lr 1.7e-04
it  334 steps  32833536 sps   27,004 | ep_ret   -5.09 ep_len   66.4 (n=1461) | pg -0.015 vf 0.009 kl 0.0158 lr 1.1e-04
it  335 steps  32931840 sps   27,003 | ep_ret   -5.11 ep_len   66.4 (n=1463) | pg -0.014 vf 0.009 kl 0.0163 lr 1.7e-04
it  336 steps  33030144 sps   27,001 | ep_ret   -5.12 ep_len   66.5 (n=1473) | pg -0.013 vf 0.008 kl 0.0160 lr 1.7e-04
it  337 steps  33128448 sps   27,000 | ep_ret   -5.10 ep_len   67.4 (n=1459) | pg -0.015 vf 0.008 kl 0.0150 lr 1.7e-04
it  338 steps  33226752 sps   26,998 | ep_ret   -5.11 ep_len   67.1 (n=1473) | pg -0.015 vf 0.009 kl 0.0148 lr 1.7e-04
it  339 steps  33325056 sps   26,996 | ep_ret   -5.11 ep_len   66.7 (n=1405) | pg -0.014 vf 0.009 kl 0.0142 lr 1.1e-04
it  340 steps  33423360 sps   26,994 | ep_ret   -5.13 ep_len   67.7 (n=1506) | pg -0.015 vf 0.008 kl 0.0166 lr 1.1e-04
it  341 steps  33521664 sps   26,993 | ep_ret   -5.12 ep_len   67.1 (n=1455) | pg -0.016 vf 0.009 kl 0.0168 lr 1.1e-04
it  342 steps  33619968 sps   26,991 | ep_ret   -5.13 ep_len   67.7 (n=1464) | pg -0.014 vf 0.008 kl 0.0148 lr 1.7e-04
it  343 steps  33718272 sps   26,990 | ep_ret   -5.12 ep_len   67.4 (n=1456) | pg -0.015 vf 0.008 kl 0.0162 lr 1.7e-04
it  344 steps  33816576 sps   26,988 | ep_ret   -5.12 ep_len   67.2 (n=1454) | pg -0.015 vf 0.008 kl 0.0154 lr 1.7e-04
it  345 steps  33914880 sps   26,987 | ep_ret   -5.13 ep_len   67.9 (n=1421) | pg -0.016 vf 0.009 kl 0.0165 lr 1.1e-04
it  346 steps  34013184 sps   26,985 | ep_ret   -5.12 ep_len   67.4 (n=1460) | pg -0.013 vf 0.008 kl 0.0134 lr 1.1e-04
it  347 steps  34111488 sps   26,984 | ep_ret   -5.12 ep_len   67.8 (n=1503) | pg -0.015 vf 0.008 kl 0.0159 lr 1.1e-04
it  348 steps  34209792 sps   26,982 | ep_ret   -5.13 ep_len   67.3 (n=1402) | pg -0.014 vf 0.009 kl 0.0147 lr 1.7e-04
it  349 steps  34308096 sps   26,980 | ep_ret   -5.13 ep_len   68.1 (n=1442) | pg -0.014 vf 0.009 kl 0.0152 lr 1.7e-04
it  350 steps  34406400 sps   26,979 | ep_ret   -5.12 ep_len   67.8 (n=1464) | pg -0.015 vf 0.009 kl 0.0178 lr 1.1e-04
it  351 steps  34504704 sps   26,977 | ep_ret   -5.14 ep_len   68.5 (n=1409) | pg -0.016 vf 0.009 kl 0.0166 lr 1.7e-04
it  352 steps  34603008 sps   26,975 | ep_ret   -5.12 ep_len   68.1 (n=1473) | pg -0.016 vf 0.009 kl 0.0171 lr 1.1e-04
it  353 steps  34701312 sps   26,974 | ep_ret   -5.13 ep_len   68.5 (n=1416) | pg -0.014 vf 0.009 kl 0.0151 lr 1.7e-04
it  354 steps  34799616 sps   26,972 | ep_ret   -5.14 ep_len   68.7 (n=1399) | pg -0.015 vf 0.009 kl 0.0166 lr 1.7e-04
it  355 steps  34897920 sps   26,971 | ep_ret   -5.15 ep_len   68.6 (n=1455) | pg -0.013 vf 0.009 kl 0.0160 lr 1.1e-04
it  356 steps  34996224 sps   26,969 | ep_ret   -5.16 ep_len   68.9 (n=1389) | pg -0.016 vf 0.009 kl 0.0152 lr 1.7e-04
it  357 steps  35094528 sps   26,967 | ep_ret   -5.16 ep_len   68.9 (n=1416) | pg -0.016 vf 0.009 kl 0.0160 lr 1.7e-04
it  358 steps  35192832 sps   26,966 | ep_ret   -5.17 ep_len   69.9 (n=1414) | pg -0.013 vf 0.009 kl 0.0132 lr 1.1e-04
it  359 steps  35291136 sps   26,964 | ep_ret   -5.16 ep_len   70.2 (n=1414) | pg -0.014 vf 0.009 kl 0.0167 lr 1.7e-04
it  360 steps  35389440 sps   26,962 | ep_ret   -5.16 ep_len   69.2 (n=1400) | pg -0.015 vf 0.009 kl 0.0152 lr 1.7e-04
it  361 steps  35487744 sps   26,961 | ep_ret   -5.17 ep_len   69.4 (n=1459) | pg -0.012 vf 0.009 kl 0.0165 lr 1.7e-04
it  362 steps  35586048 sps   26,959 | ep_ret   -5.17 ep_len   69.3 (n=1397) | pg -0.014 vf 0.009 kl 0.0148 lr 1.1e-04
it  363 steps  35684352 sps   26,958 | ep_ret   -5.15 ep_len   69.5 (n=1367) | pg -0.014 vf 0.009 kl 0.0149 lr 1.7e-04
it  364 steps  35782656 sps   26,956 | ep_ret   -5.17 ep_len   69.7 (n=1401) | pg -0.015 vf 0.009 kl 0.0157 lr 1.7e-04
it  365 steps  35880960 sps   26,955 | ep_ret   -5.16 ep_len   70.6 (n=1402) | pg -0.014 vf 0.009 kl 0.0162 lr 1.7e-04
it  366 steps  35979264 sps   26,953 | ep_ret   -5.17 ep_len   70.4 (n=1379) | pg -0.012 vf 0.010 kl 0.0167 lr 1.7e-04
it  367 steps  36077568 sps   26,952 | ep_ret   -5.14 ep_len   69.4 (n=1441) | pg -0.012 vf 0.009 kl 0.0162 lr 1.1e-04
it  368 steps  36175872 sps   26,950 | ep_ret   -5.18 ep_len   71.0 (n=1317) | pg -0.016 vf 0.010 kl 0.0158 lr 1.7e-04
it  369 steps  36274176 sps   26,949 | ep_ret   -5.19 ep_len   71.1 (n=1404) | pg -0.015 vf 0.009 kl 0.0156 lr 1.1e-04
it  370 steps  36372480 sps   26,948 | ep_ret   -5.20 ep_len   71.4 (n=1408) | pg -0.014 vf 0.010 kl 0.0165 lr 1.7e-04
it  371 steps  36470784 sps   26,946 | ep_ret   -5.19 ep_len   71.1 (n=1313) | pg -0.014 vf 0.010 kl 0.0154 lr 1.7e-04
it  372 steps  36569088 sps   26,944 | ep_ret   -5.18 ep_len   70.9 (n=1381) | pg -0.015 vf 0.010 kl 0.0153 lr 1.7e-04
it  373 steps  36667392 sps   26,943 | ep_ret   -5.20 ep_len   71.8 (n=1394) | pg -0.015 vf 0.010 kl 0.0170 lr 1.7e-04
it  374 steps  36765696 sps   26,941 | ep_ret   -5.20 ep_len   72.1 (n=1337) | pg -0.015 vf 0.010 kl 0.0157 lr 1.7e-04
it  375 steps  36864000 sps   26,940 | ep_ret   -5.20 ep_len   71.4 (n=1360) | pg -0.015 vf 0.010 kl 0.0167 lr 1.7e-04
it  376 steps  36962304 sps   26,938 | ep_ret   -5.24 ep_len   73.9 (n=1375) | pg -0.015 vf 0.010 kl 0.0165 lr 1.7e-04
it  377 steps  37060608 sps   26,937 | ep_ret   -5.21 ep_len   72.0 (n=1278) | pg -0.014 vf 0.010 kl 0.0167 lr 1.7e-04
it  378 steps  37158912 sps   26,935 | ep_ret   -5.24 ep_len   73.1 (n=1378) | pg -0.016 vf 0.010 kl 0.0157 lr 1.1e-04
it  379 steps  37257216 sps   26,934 | ep_ret   -5.23 ep_len   72.9 (n=1404) | pg -0.014 vf 0.010 kl 0.0147 lr 1.7e-04
it  380 steps  37355520 sps   26,932 | ep_ret   -5.23 ep_len   72.9 (n=1290) | pg -0.015 vf 0.011 kl 0.0162 lr 1.1e-04
it  381 steps  37453824 sps   26,931 | ep_ret   -5.22 ep_len   72.8 (n=1321) | pg -0.015 vf 0.011 kl 0.0178 lr 1.7e-04
it  382 steps  37552128 sps   26,929 | ep_ret   -5.26 ep_len   74.2 (n=1325) | pg -0.015 vf 0.011 kl 0.0154 lr 1.7e-04
it  383 steps  37650432 sps   26,927 | ep_ret   -5.25 ep_len   73.9 (n=1323) | pg -0.014 vf 0.011 kl 0.0159 lr 1.7e-04
it  384 steps  37748736 sps   26,925 | ep_ret   -5.24 ep_len   73.3 (n=1262) | pg -0.015 vf 0.011 kl 0.0171 lr 1.1e-04
it  385 steps  37847040 sps   26,924 | ep_ret   -5.29 ep_len   75.3 (n=1314) | pg -0.014 vf 0.011 kl 0.0159 lr 1.7e-04
it  386 steps  37945344 sps   26,922 | ep_ret   -5.29 ep_len   75.8 (n=1310) | pg -0.015 vf 0.011 kl 0.0164 lr 1.7e-04
it  387 steps  38043648 sps   26,920 | ep_ret   -5.26 ep_len   74.5 (n=1269) | pg -0.013 vf 0.011 kl 0.0158 lr 1.7e-04
it  388 steps  38141952 sps   26,919 | ep_ret   -5.30 ep_len   76.5 (n=1291) | pg -0.016 vf 0.011 kl 0.0169 lr 1.7e-04
it  389 steps  38240256 sps   26,917 | ep_ret   -5.29 ep_len   76.0 (n=1313) | pg -0.014 vf 0.011 kl 0.0151 lr 1.1e-04
it  390 steps  38338560 sps   26,916 | ep_ret   -5.30 ep_len   76.5 (n=1281) | pg -0.016 vf 0.011 kl 0.0160 lr 1.7e-04
it  391 steps  38436864 sps   26,914 | ep_ret   -5.31 ep_len   76.9 (n=1236) | pg -0.015 vf 0.011 kl 0.0161 lr 1.7e-04
it  392 steps  38535168 sps   26,912 | ep_ret   -5.28 ep_len   75.9 (n=1312) | pg -0.015 vf 0.011 kl 0.0159 lr 1.7e-04
it  393 steps  38633472 sps   26,911 | ep_ret   -5.30 ep_len   76.7 (n=1253) | pg -0.014 vf 0.011 kl 0.0152 lr 1.7e-04
it  394 steps  38731776 sps   26,909 | ep_ret   -5.33 ep_len   77.6 (n=1203) | pg -0.016 vf 0.012 kl 0.0157 lr 1.7e-04
it  395 steps  38830080 sps   26,908 | ep_ret   -5.32 ep_len   78.1 (n=1320) | pg -0.015 vf 0.012 kl 0.0154 lr 1.7e-04
it  396 steps  38928384 sps   26,906 | ep_ret   -5.33 ep_len   78.5 (n=1201) | pg -0.016 vf 0.012 kl 0.0155 lr 1.1e-04
it  397 steps  39026688 sps   26,905 | ep_ret   -5.32 ep_len   78.3 (n=1219) | pg -0.014 vf 0.012 kl 0.0135 lr 1.7e-04
it  398 steps  39124992 sps   26,903 | ep_ret   -5.34 ep_len   78.3 (n=1249) | pg -0.016 vf 0.012 kl 0.0158 lr 1.1e-04
it  399 steps  39223296 sps   26,902 | ep_ret   -5.34 ep_len   78.7 (n=1187) | pg -0.015 vf 0.013 kl 0.0159 lr 1.7e-04
it  400 steps  39321600 sps   26,900 | ep_ret   -5.34 ep_len   79.8 (n=1253) | pg -0.015 vf 0.012 kl 0.0157 lr 1.7e-04
it  401 steps  39419904 sps   26,899 | ep_ret   -5.36 ep_len   80.8 (n=1221) | pg -0.014 vf 0.012 kl 0.0153 lr 1.7e-04
it  402 steps  39518208 sps   26,898 | ep_ret   -5.39 ep_len   81.7 (n=1214) | pg -0.014 vf 0.012 kl 0.0165 lr 1.7e-04
it  403 steps  39616512 sps   26,896 | ep_ret   -5.35 ep_len   79.6 (n=1244) | pg -0.016 vf 0.013 kl 0.0158 lr 1.1e-04
it  404 steps  39714816 sps   26,895 | ep_ret   -5.36 ep_len   79.1 (n=1167) | pg -0.014 vf 0.013 kl 0.0150 lr 1.7e-04
it  405 steps  39813120 sps   26,894 | ep_ret   -5.39 ep_len   80.8 (n=1205) | pg -0.015 vf 0.013 kl 0.0164 lr 1.7e-04
it  406 steps  39911424 sps   26,892 | ep_ret   -5.37 ep_len   80.7 (n=1209) | pg -0.015 vf 0.013 kl 0.0162 lr 1.7e-04
it  407 steps  40009728 sps   26,891 | ep_ret   -5.41 ep_len   81.7 (n=1180) | pg -0.016 vf 0.013 kl 0.0171 lr 1.7e-04
it  408 steps  40108032 sps   26,890 | ep_ret   -5.41 ep_len   82.0 (n=1243) | pg -0.016 vf 0.013 kl 0.0155 lr 1.7e-04
it  409 steps  40206336 sps   26,889 | ep_ret   -5.42 ep_len   82.9 (n=1117) | pg -0.017 vf 0.014 kl 0.0164 lr 1.7e-04
it  410 steps  40304640 sps   26,887 | ep_ret   -5.40 ep_len   80.6 (n=1177) | pg -0.013 vf 0.014 kl 0.0149 lr 1.1e-04
it  411 steps  40402944 sps   26,886 | ep_ret   -5.45 ep_len   84.1 (n=1194) | pg -0.015 vf 0.013 kl 0.0130 lr 1.7e-04
it  412 steps  40501248 sps   26,885 | ep_ret   -5.44 ep_len   82.8 (n=1227) | pg -0.016 vf 0.013 kl 0.0158 lr 1.7e-04
it  413 steps  40599552 sps   26,884 | ep_ret   -5.44 ep_len   83.1 (n=1120) | pg -0.015 vf 0.013 kl 0.0166 lr 1.7e-04
it  414 steps  40697856 sps   26,883 | ep_ret   -5.42 ep_len   82.8 (n=1187) | pg -0.016 vf 0.013 kl 0.0161 lr 1.1e-04
it  415 steps  40796160 sps   26,882 | ep_ret   -5.45 ep_len   83.7 (n=1182) | pg -0.016 vf 0.013 kl 0.0165 lr 1.7e-04
it  416 steps  40894464 sps   26,880 | ep_ret   -5.46 ep_len   84.3 (n=1180) | pg -0.014 vf 0.013 kl 0.0153 lr 1.7e-04
it  417 steps  40992768 sps   26,879 | ep_ret   -5.43 ep_len   82.8 (n=1140) | pg -0.016 vf 0.013 kl 0.0170 lr 1.7e-04
it  418 steps  41091072 sps   26,878 | ep_ret   -5.47 ep_len   85.2 (n=1120) | pg -0.015 vf 0.014 kl 0.0137 lr 1.7e-04
it  419 steps  41189376 sps   26,876 | ep_ret   -5.48 ep_len   85.0 (n=1140) | pg -0.014 vf 0.013 kl 0.0139 lr 1.1e-04
it  420 steps  41287680 sps   26,875 | ep_ret   -5.51 ep_len   85.4 (n=1165) | pg -0.014 vf 0.014 kl 0.0158 lr 1.1e-04
it  421 steps  41385984 sps   26,874 | ep_ret   -5.50 ep_len   85.4 (n=1118) | pg -0.015 vf 0.014 kl 0.0146 lr 1.1e-04
it  422 steps  41484288 sps   26,873 | ep_ret   -5.51 ep_len   85.5 (n=1113) | pg -0.014 vf 0.014 kl 0.0160 lr 1.1e-04
it  423 steps  41582592 sps   26,871 | ep_ret   -5.53 ep_len   86.3 (n=1110) | pg -0.013 vf 0.014 kl 0.0135 lr 1.7e-04
it  424 steps  41680896 sps   26,870 | ep_ret   -5.55 ep_len   87.9 (n=1135) | pg -0.015 vf 0.014 kl 0.0166 lr 1.7e-04
it  425 steps  41779200 sps   26,869 | ep_ret   -5.51 ep_len   86.0 (n=1113) | pg -0.016 vf 0.014 kl 0.0160 lr 1.1e-04
it  426 steps  41877504 sps   26,868 | ep_ret   -5.56 ep_len   86.7 (n=1113) | pg -0.015 vf 0.014 kl 0.0132 lr 1.7e-04
it  427 steps  41975808 sps   26,867 | ep_ret   -5.58 ep_len   88.1 (n=1112) | pg -0.015 vf 0.014 kl 0.0139 lr 1.1e-04
it  428 steps  42074112 sps   26,865 | ep_ret   -5.59 ep_len   89.0 (n=1137) | pg -0.015 vf 0.014 kl 0.0137 lr 1.7e-04
it  429 steps  42172416 sps   26,864 | ep_ret   -5.57 ep_len   88.3 (n=1063) | pg -0.013 vf 0.015 kl 0.0169 lr 1.1e-04
it  430 steps  42270720 sps   26,863 | ep_ret   -5.58 ep_len   88.6 (n=1071) | pg -0.015 vf 0.015 kl 0.0157 lr 1.7e-04
it  431 steps  42369024 sps   26,862 | ep_ret   -5.55 ep_len   87.2 (n=1047) | pg -0.014 vf 0.015 kl 0.0158 lr 1.7e-04
it  432 steps  42467328 sps   26,861 | ep_ret   -5.63 ep_len   90.3 (n=1150) | pg -0.016 vf 0.015 kl 0.0159 lr 1.7e-04
it  433 steps  42565632 sps   26,860 | ep_ret   -5.63 ep_len   90.6 (n=1020) | pg -0.011 vf 0.016 kl 0.0158 lr 1.7e-04
it  434 steps  42663936 sps   26,859 | ep_ret   -5.58 ep_len   88.5 (n=1051) | pg -0.014 vf 0.015 kl 0.0157 lr 1.7e-04
it  435 steps  42762240 sps   26,858 | ep_ret   -5.62 ep_len   90.8 (n=1103) | pg -0.015 vf 0.015 kl 0.0156 lr 1.7e-04
it  436 steps  42860544 sps   26,856 | ep_ret   -5.68 ep_len   93.0 (n=1025) | pg -0.014 vf 0.015 kl 0.0161 lr 1.7e-04
it  437 steps  42958848 sps   26,855 | ep_ret   -5.64 ep_len   90.9 (n=1064) | pg -0.016 vf 0.015 kl 0.0150 lr 1.1e-04
it  438 steps  43057152 sps   26,854 | ep_ret   -5.64 ep_len   91.2 (n=1057) | pg -0.015 vf 0.015 kl 0.0161 lr 1.7e-04
it  439 steps  43155456 sps   26,853 | ep_ret   -5.71 ep_len   94.1 (n=1057) | pg -0.015 vf 0.015 kl 0.0170 lr 1.7e-04
it  440 steps  43253760 sps   26,852 | ep_ret   -5.70 ep_len   93.3 (n=1049) | pg -0.016 vf 0.015 kl 0.0158 lr 1.7e-04
it  441 steps  43352064 sps   26,851 | ep_ret   -5.69 ep_len   92.7 (n=1029) | pg -0.015 vf 0.016 kl 0.0165 lr 7.6e-05
it  442 steps  43450368 sps   26,850 | ep_ret   -5.71 ep_len   93.2 (n=1065) | pg -0.016 vf 0.015 kl 0.0130 lr 1.7e-04
it  443 steps  43548672 sps   26,849 | ep_ret   -5.67 ep_len   91.2 (n=1032) | pg -0.016 vf 0.015 kl 0.0163 lr 1.1e-04
it  444 steps  43646976 sps   26,848 | ep_ret   -5.70 ep_len   92.6 (n=978) | pg -0.016 vf 0.015 kl 0.0139 lr 1.7e-04
it  445 steps  43745280 sps   26,847 | ep_ret   -5.77 ep_len   95.5 (n=1046) | pg -0.015 vf 0.015 kl 0.0169 lr 1.7e-04
it  446 steps  43843584 sps   26,846 | ep_ret   -5.78 ep_len   96.3 (n=1014) | pg -0.012 vf 0.016 kl 0.0138 lr 1.1e-04
it  447 steps  43941888 sps   26,845 | ep_ret   -5.76 ep_len   95.6 (n=994) | pg -0.015 vf 0.016 kl 0.0137 lr 1.1e-04
it  448 steps  44040192 sps   26,844 | ep_ret   -5.77 ep_len   98.0 (n=984) | pg -0.014 vf 0.016 kl 0.0170 lr 1.7e-04
it  449 steps  44138496 sps   26,843 | ep_ret   -5.78 ep_len   96.5 (n=1055) | pg -0.016 vf 0.016 kl 0.0167 lr 1.7e-04
it  450 steps  44236800 sps   26,842 | ep_ret   -5.75 ep_len   95.5 (n=998) | pg -0.017 vf 0.016 kl 0.0166 lr 1.1e-04
it  451 steps  44335104 sps   26,841 | ep_ret   -5.75 ep_len   96.4 (n=1034) | pg -0.015 vf 0.016 kl 0.0164 lr 1.7e-04
it  452 steps  44433408 sps   26,840 | ep_ret   -5.82 ep_len   98.4 (n=974) | pg -0.015 vf 0.016 kl 0.0172 lr 1.7e-04
it  453 steps  44531712 sps   26,839 | ep_ret   -5.77 ep_len   96.0 (n=972) | pg -0.012 vf 0.016 kl 0.0164 lr 1.7e-04
it  454 steps  44630016 sps   26,838 | ep_ret   -5.81 ep_len   97.9 (n=1026) | pg -0.014 vf 0.016 kl 0.0164 lr 1.7e-04
it  455 steps  44728320 sps   26,837 | ep_ret   -5.82 ep_len  100.3 (n=1016) | pg -0.009 vf 0.017 kl 0.0163 lr 1.1e-04
it  456 steps  44826624 sps   26,836 | ep_ret   -5.82 ep_len   97.9 (n=950) | pg -0.014 vf 0.017 kl 0.0145 lr 1.1e-04
it  457 steps  44924928 sps   26,835 | ep_ret   -5.85 ep_len   99.4 (n=992) | pg -0.013 vf 0.016 kl 0.0137 lr 1.7e-04
it  458 steps  45023232 sps   26,834 | ep_ret   -5.85 ep_len   98.9 (n=1020) | pg -0.013 vf 0.016 kl 0.0160 lr 1.7e-04
it  459 steps  45121536 sps   26,833 | ep_ret   -5.86 ep_len   98.6 (n=945) | pg -0.016 vf 0.016 kl 0.0151 lr 1.1e-04
it  460 steps  45219840 sps   26,832 | ep_ret   -5.92 ep_len  100.4 (n=966) | pg -0.016 vf 0.017 kl 0.0164 lr 1.1e-04
it  461 steps  45318144 sps   26,831 | ep_ret   -5.86 ep_len   99.3 (n=943) | pg -0.014 vf 0.017 kl 0.0136 lr 1.7e-04
it  462 steps  45416448 sps   26,830 | ep_ret   -5.88 ep_len   99.8 (n=984) | pg -0.016 vf 0.017 kl 0.0164 lr 1.7e-04
it  463 steps  45514752 sps   26,830 | ep_ret   -5.89 ep_len  100.5 (n=927) | pg -0.014 vf 0.018 kl 0.0163 lr 1.7e-04
it  464 steps  45613056 sps   26,829 | ep_ret   -5.93 ep_len  102.1 (n=915) | pg -0.014 vf 0.017 kl 0.0159 lr 1.7e-04
it  465 steps  45711360 sps   26,828 | ep_ret   -5.92 ep_len  102.7 (n=962) | pg -0.016 vf 0.017 kl 0.0162 lr 1.1e-04
it  466 steps  45809664 sps   26,827 | ep_ret   -6.01 ep_len  106.2 (n=891) | pg -0.015 vf 0.017 kl 0.0160 lr 1.1e-04
it  467 steps  45907968 sps   26,826 | ep_ret   -5.95 ep_len  103.5 (n=922) | pg -0.013 vf 0.017 kl 0.0164 lr 1.7e-04
it  468 steps  46006272 sps   26,825 | ep_ret   -5.96 ep_len  103.1 (n=969) | pg -0.015 vf 0.017 kl 0.0161 lr 7.6e-05
it  469 steps  46104576 sps   26,824 | ep_ret   -6.02 ep_len  105.5 (n=894) | pg -0.015 vf 0.018 kl 0.0144 lr 1.1e-04
it  470 steps  46202880 sps   26,824 | ep_ret   -6.03 ep_len  105.5 (n=907) | pg -0.014 vf 0.018 kl 0.0140 lr 1.7e-04
it  471 steps  46301184 sps   26,823 | ep_ret   -6.04 ep_len  107.2 (n=931) | pg -0.016 vf 0.018 kl 0.0161 lr 1.7e-04
it  472 steps  46399488 sps   26,822 | ep_ret   -6.01 ep_len  104.5 (n=853) | pg -0.014 vf 0.018 kl 0.0169 lr 1.7e-04
it  473 steps  46497792 sps   26,821 | ep_ret   -6.03 ep_len  106.8 (n=919) | pg -0.015 vf 0.018 kl 0.0161 lr 1.1e-04
it  474 steps  46596096 sps   26,820 | ep_ret   -6.09 ep_len  108.3 (n=913) | pg -0.013 vf 0.017 kl 0.0134 lr 1.7e-04
it  475 steps  46694400 sps   26,819 | ep_ret   -6.10 ep_len  108.6 (n=874) | pg -0.014 vf 0.018 kl 0.0165 lr 7.6e-05
it  476 steps  46792704 sps   26,819 | ep_ret   -6.11 ep_len  108.6 (n=892) | pg -0.014 vf 0.017 kl 0.0150 lr 1.7e-04
it  477 steps  46891008 sps   26,818 | ep_ret   -6.03 ep_len  106.0 (n=896) | pg -0.016 vf 0.018 kl 0.0170 lr 1.1e-04
it  478 steps  46989312 sps   26,817 | ep_ret   -6.13 ep_len  109.0 (n=900) | pg -0.015 vf 0.018 kl 0.0156 lr 1.7e-04
it  479 steps  47087616 sps   26,816 | ep_ret   -6.13 ep_len  110.7 (n=886) | pg -0.015 vf 0.018 kl 0.0162 lr 1.7e-04
it  480 steps  47185920 sps   26,815 | ep_ret   -6.12 ep_len  108.0 (n=870) | pg -0.015 vf 0.018 kl 0.0163 lr 1.7e-04
it  481 steps  47284224 sps   26,814 | ep_ret   -6.12 ep_len  109.6 (n=846) | pg -0.016 vf 0.018 kl 0.0159 lr 1.1e-04
it  482 steps  47382528 sps   26,813 | ep_ret   -6.15 ep_len  109.5 (n=886) | pg -0.013 vf 0.018 kl 0.0163 lr 1.7e-04
it  483 steps  47480832 sps   26,812 | ep_ret   -6.19 ep_len  111.1 (n=871) | pg -0.013 vf 0.018 kl 0.0156 lr 1.7e-04
it  484 steps  47579136 sps   26,811 | ep_ret   -6.22 ep_len  113.1 (n=879) | pg -0.013 vf 0.018 kl 0.0167 lr 1.7e-04
it  485 steps  47677440 sps   26,810 | ep_ret   -6.20 ep_len  112.9 (n=848) | pg -0.014 vf 0.019 kl 0.0156 lr 1.7e-04
it  486 steps  47775744 sps   26,809 | ep_ret   -6.30 ep_len  116.1 (n=888) | pg -0.015 vf 0.018 kl 0.0148 lr 7.6e-05
it  487 steps  47874048 sps   26,808 | ep_ret   -6.17 ep_len  110.2 (n=882) | pg -0.014 vf 0.018 kl 0.0115 lr 1.1e-04
it  488 steps  47972352 sps   26,807 | ep_ret   -6.19 ep_len  112.5 (n=851) | pg -0.015 vf 0.018 kl 0.0137 lr 1.1e-04
it  489 steps  48070656 sps   26,807 | ep_ret   -6.25 ep_len  113.0 (n=813) | pg -0.015 vf 0.018 kl 0.0146 lr 1.1e-04
it  490 steps  48168960 sps   26,806 | ep_ret   -6.22 ep_len  111.2 (n=875) | pg -0.015 vf 0.018 kl 0.0162 lr 1.1e-04
it  491 steps  48267264 sps   26,805 | ep_ret   -6.23 ep_len  110.7 (n=830) | pg -0.014 vf 0.018 kl 0.0149 lr 1.7e-04
it  492 steps  48365568 sps   26,804 | ep_ret   -6.24 ep_len  113.5 (n=809) | pg -0.014 vf 0.019 kl 0.0151 lr 1.1e-04
it  493 steps  48463872 sps   26,803 | ep_ret   -6.28 ep_len  115.4 (n=879) | pg -0.015 vf 0.019 kl 0.0157 lr 1.7e-04
it  494 steps  48562176 sps   26,802 | ep_ret   -6.28 ep_len  113.5 (n=853) | pg -0.014 vf 0.020 kl 0.0155 lr 1.1e-04
it  495 steps  48660480 sps   26,801 | ep_ret   -6.39 ep_len  119.3 (n=811) | pg -0.014 vf 0.019 kl 0.0130 lr 1.7e-04
it  496 steps  48758784 sps   26,800 | ep_ret   -6.29 ep_len  114.7 (n=863) | pg -0.012 vf 0.018 kl 0.0139 lr 1.1e-04
it  497 steps  48857088 sps   26,800 | ep_ret   -6.32 ep_len  116.4 (n=879) | pg -0.014 vf 0.019 kl 0.0150 lr 1.7e-04
it  498 steps  48955392 sps   26,799 | ep_ret   -6.36 ep_len  117.7 (n=831) | pg -0.014 vf 0.018 kl 0.0169 lr 1.7e-04
it  499 steps  49053696 sps   26,798 | ep_ret   -6.37 ep_len  115.6 (n=824) | pg -0.015 vf 0.018 kl 0.0156 lr 1.1e-04
it  500 steps  49152000 sps   26,797 | ep_ret   -6.32 ep_len  114.6 (n=825) | pg -0.016 vf 0.019 kl 0.0156 lr 7.6e-05
it  501 steps  49250304 sps   26,796 | ep_ret   -6.41 ep_len  119.0 (n=822) | pg -0.014 vf 0.019 kl 0.0154 lr 1.1e-04
it  502 steps  49348608 sps   26,795 | ep_ret   -6.38 ep_len  117.0 (n=792) | pg -0.015 vf 0.019 kl 0.0148 lr 1.1e-04
it  503 steps  49446912 sps   26,794 | ep_ret   -6.50 ep_len  122.9 (n=826) | pg -0.016 vf 0.019 kl 0.0143 lr 1.1e-04
it  504 steps  49545216 sps   26,794 | ep_ret   -6.42 ep_len  118.1 (n=837) | pg -0.014 vf 0.019 kl 0.0146 lr 1.1e-04
it  505 steps  49643520 sps   26,793 | ep_ret   -6.42 ep_len  118.9 (n=829) | pg -0.015 vf 0.019 kl 0.0159 lr 1.1e-04
it  506 steps  49741824 sps   26,792 | ep_ret   -6.44 ep_len  119.6 (n=793) | pg -0.016 vf 0.019 kl 0.0155 lr 1.1e-04
it  507 steps  49840128 sps   26,791 | ep_ret   -6.47 ep_len  121.5 (n=816) | pg -0.014 vf 0.020 kl 0.0138 lr 1.1e-04
it  508 steps  49938432 sps   26,790 | ep_ret   -6.39 ep_len  116.7 (n=784) | pg -0.015 vf 0.019 kl 0.0157 lr 1.1e-04
it  509 steps  50036736 sps   26,789 | ep_ret   -6.37 ep_len  116.3 (n=833) | pg -0.016 vf 0.018 kl 0.0143 lr 1.1e-04
it  510 steps  50135040 sps   26,788 | ep_ret   -6.56 ep_len  123.8 (n=804) | pg -0.014 vf 0.019 kl 0.0151 lr 1.7e-04
it  511 steps  50233344 sps   26,788 | ep_ret   -6.47 ep_len  119.4 (n=795) | pg -0.016 vf 0.020 kl 0.0166 lr 1.1e-04
it  512 steps  50331648 sps   26,787 | ep_ret   -6.44 ep_len  118.2 (n=755) | pg -0.014 vf 0.019 kl 0.0155 lr 1.1e-04
it  513 steps  50429952 sps   26,786 | ep_ret   -6.55 ep_len  122.3 (n=801) | pg -0.015 vf 0.020 kl 0.0133 lr 1.1e-04
it  514 steps  50528256 sps   26,785 | ep_ret   -6.45 ep_len  118.6 (n=778) | pg -0.014 vf 0.019 kl 0.0130 lr 7.6e-05
it  515 steps  50626560 sps   26,785 | ep_ret   -6.59 ep_len  126.3 (n=788) | pg -0.015 vf 0.019 kl 0.0148 lr 1.1e-04
it  516 steps  50724864 sps   26,784 | ep_ret   -6.59 ep_len  122.7 (n=785) | pg -0.015 vf 0.019 kl 0.0160 lr 1.1e-04
it  517 steps  50823168 sps   26,783 | ep_ret   -6.58 ep_len  124.9 (n=792) | pg -0.015 vf 0.020 kl 0.0157 lr 1.7e-04
it  518 steps  50921472 sps   26,782 | ep_ret   -6.54 ep_len  122.4 (n=779) | pg -0.013 vf 0.019 kl 0.0153 lr 1.1e-04
it  519 steps  51019776 sps   26,782 | ep_ret   -6.63 ep_len  125.4 (n=788) | pg -0.014 vf 0.018 kl 0.0136 lr 1.7e-04
it  520 steps  51118080 sps   26,781 | ep_ret   -6.54 ep_len  120.6 (n=740) | pg -0.015 vf 0.019 kl 0.0172 lr 1.7e-04
it  521 steps  51216384 sps   26,780 | ep_ret   -6.66 ep_len  126.4 (n=732) | pg -0.016 vf 0.019 kl 0.0165 lr 1.7e-04
it  522 steps  51314688 sps   26,779 | ep_ret   -6.67 ep_len  125.9 (n=717) | pg -0.012 vf 0.019 kl 0.0163 lr 1.7e-04
it  523 steps  51412992 sps   26,779 | ep_ret   -6.70 ep_len  126.8 (n=780) | pg -0.013 vf 0.019 kl 0.0154 lr 1.1e-04
it  524 steps  51511296 sps   26,778 | ep_ret   -6.70 ep_len  128.1 (n=738) | pg -0.016 vf 0.019 kl 0.0157 lr 1.1e-04
it  525 steps  51609600 sps   26,777 | ep_ret   -6.77 ep_len  132.4 (n=704) | pg -0.014 vf 0.020 kl 0.0144 lr 1.1e-04
it  526 steps  51707904 sps   26,776 | ep_ret   -6.69 ep_len  126.7 (n=727) | pg -0.014 vf 0.020 kl 0.0143 lr 1.1e-04
it  527 steps  51806208 sps   26,776 | ep_ret   -6.80 ep_len  131.8 (n=770) | pg -0.016 vf 0.019 kl 0.0142 lr 1.1e-04
it  528 steps  51904512 sps   26,775 | ep_ret   -6.85 ep_len  135.2 (n=727) | pg -0.014 vf 0.019 kl 0.0166 lr 1.1e-04
it  529 steps  52002816 sps   26,774 | ep_ret   -6.75 ep_len  129.2 (n=719) | pg -0.016 vf 0.019 kl 0.0142 lr 1.1e-04
it  530 steps  52101120 sps   26,773 | ep_ret   -6.79 ep_len  132.3 (n=692) | pg -0.016 vf 0.020 kl 0.0151 lr 1.1e-04
it  531 steps  52199424 sps   26,773 | ep_ret   -6.92 ep_len  136.3 (n=739) | pg -0.014 vf 0.020 kl 0.0156 lr 1.1e-04
it  532 steps  52297728 sps   26,772 | ep_ret   -6.81 ep_len  131.0 (n=751) | pg -0.013 vf 0.020 kl 0.0167 lr 7.6e-05
it  533 steps  52396032 sps   26,771 | ep_ret   -6.96 ep_len  137.1 (n=721) | pg -0.014 vf 0.020 kl 0.0112 lr 1.1e-04
it  534 steps  52494336 sps   26,771 | ep_ret   -6.87 ep_len  132.7 (n=677) | pg -0.016 vf 0.020 kl 0.0166 lr 1.1e-04
it  535 steps  52592640 sps   26,770 | ep_ret   -6.88 ep_len  131.9 (n=725) | pg -0.014 vf 0.020 kl 0.0159 lr 1.1e-04
it  536 steps  52690944 sps   26,770 | ep_ret   -7.01 ep_len  141.0 (n=742) | pg -0.015 vf 0.019 kl 0.0142 lr 1.1e-04
it  537 steps  52789248 sps   26,769 | ep_ret   -6.90 ep_len  134.8 (n=751) | pg -0.015 vf 0.019 kl 0.0160 lr 1.1e-04
it  538 steps  52887552 sps   26,768 | ep_ret   -7.06 ep_len  142.7 (n=720) | pg -0.015 vf 0.020 kl 0.0163 lr 1.7e-04
it  539 steps  52985856 sps   26,768 | ep_ret   -6.85 ep_len  130.7 (n=698) | pg -0.013 vf 0.020 kl 0.0166 lr 1.7e-04
it  540 steps  53084160 sps   26,767 | ep_ret   -6.75 ep_len  128.3 (n=698) | pg -0.013 vf 0.020 kl 0.0155 lr 1.1e-04
it  541 steps  53182464 sps   26,766 | ep_ret   -6.80 ep_len  128.1 (n=712) | pg -0.012 vf 0.020 kl 0.0157 lr 7.6e-05
it  542 steps  53280768 sps   26,766 | ep_ret   -6.97 ep_len  135.7 (n=692) | pg -0.014 vf 0.021 kl 0.0149 lr 1.7e-04
it  543 steps  53379072 sps   26,765 | ep_ret   -6.93 ep_len  134.7 (n=677) | pg -0.013 vf 0.021 kl 0.0138 lr 1.1e-04
it  544 steps  53477376 sps   26,765 | ep_ret   -7.05 ep_len  142.4 (n=666) | pg -0.015 vf 0.020 kl 0.0142 lr 1.7e-04
it  545 steps  53575680 sps   26,764 | ep_ret   -7.13 ep_len  144.0 (n=713) | pg -0.013 vf 0.021 kl 0.0156 lr 1.1e-04
it  546 steps  53673984 sps   26,763 | ep_ret   -7.29 ep_len  148.6 (n=691) | pg -0.014 vf 0.020 kl 0.0136 lr 1.1e-04
it  547 steps  53772288 sps   26,763 | ep_ret   -7.15 ep_len  144.5 (n=717) | pg -0.016 vf 0.020 kl 0.0139 lr 1.1e-04
it  548 steps  53870592 sps   26,762 | ep_ret   -7.16 ep_len  142.6 (n=699) | pg -0.015 vf 0.020 kl 0.0159 lr 1.1e-04
it  549 steps  53968896 sps   26,762 | ep_ret   -7.18 ep_len  143.1 (n=705) | pg -0.014 vf 0.020 kl 0.0149 lr 1.1e-04
it  550 steps  54067200 sps   26,761 | ep_ret   -7.14 ep_len  142.3 (n=710) | pg -0.013 vf 0.020 kl 0.0147 lr 1.7e-04
it  551 steps  54165504 sps   26,760 | ep_ret   -7.14 ep_len  144.1 (n=668) | pg -0.014 vf 0.020 kl 0.0158 lr 1.1e-04
it  552 steps  54263808 sps   26,760 | ep_ret   -7.01 ep_len  134.9 (n=655) | pg -0.015 vf 0.020 kl 0.0154 lr 1.1e-04
it  553 steps  54362112 sps   26,759 | ep_ret   -7.02 ep_len  136.1 (n=688) | pg -0.014 vf 0.021 kl 0.0142 lr 1.7e-04
it  554 steps  54460416 sps   26,759 | ep_ret   -7.18 ep_len  142.7 (n=645) | pg -0.015 vf 0.020 kl 0.0145 lr 1.1e-04
it  555 steps  54558720 sps   26,758 | ep_ret   -7.16 ep_len  142.1 (n=674) | pg -0.015 vf 0.020 kl 0.0154 lr 1.1e-04
it  556 steps  54657024 sps   26,758 | ep_ret   -7.15 ep_len  142.4 (n=671) | pg -0.014 vf 0.021 kl 0.0147 lr 1.1e-04
it  557 steps  54755328 sps   26,757 | ep_ret   -7.16 ep_len  143.5 (n=670) | pg -0.016 vf 0.021 kl 0.0158 lr 1.1e-04
it  558 steps  54853632 sps   26,757 | ep_ret   -7.23 ep_len  145.0 (n=675) | pg -0.015 vf 0.020 kl 0.0155 lr 1.7e-04
it  559 steps  54951936 sps   26,756 | ep_ret   -7.27 ep_len  146.4 (n=649) | pg -0.013 vf 0.022 kl 0.0174 lr 7.6e-05
it  560 steps  55050240 sps   26,756 | ep_ret   -7.15 ep_len  142.5 (n=649) | pg -0.015 vf 0.020 kl 0.0159 lr 1.1e-04
it  561 steps  55148544 sps   26,755 | ep_ret   -7.21 ep_len  145.0 (n=671) | pg -0.014 vf 0.021 kl 0.0164 lr 1.7e-04
it  562 steps  55246848 sps   26,755 | ep_ret   -7.14 ep_len  143.9 (n=652) | pg -0.012 vf 0.021 kl 0.0138 lr 1.1e-04
it  563 steps  55345152 sps   26,754 | ep_ret   -7.19 ep_len  141.2 (n=605) | pg -0.015 vf 0.020 kl 0.0154 lr 1.1e-04
it  564 steps  55443456 sps   26,754 | ep_ret   -7.27 ep_len  146.0 (n=623) | pg -0.016 vf 0.021 kl 0.0155 lr 1.1e-04
it  565 steps  55541760 sps   26,753 | ep_ret   -7.27 ep_len  146.1 (n=574) | pg -0.012 vf 0.021 kl 0.0163 lr 1.7e-04
it  566 steps  55640064 sps   26,752 | ep_ret   -7.29 ep_len  146.6 (n=653) | pg -0.009 vf 0.021 kl 0.0152 lr 1.1e-04
it  567 steps  55738368 sps   26,752 | ep_ret   -7.39 ep_len  149.8 (n=600) | pg -0.011 vf 0.022 kl 0.0162 lr 1.1e-04
it  568 steps  55836672 sps   26,751 | ep_ret   -7.52 ep_len  156.2 (n=592) | pg -0.010 vf 0.021 kl 0.0131 lr 1.1e-04
it  569 steps  55934976 sps   26,751 | ep_ret   -7.39 ep_len  151.0 (n=609) | pg -0.013 vf 0.021 kl 0.0151 lr 1.1e-04
it  570 steps  56033280 sps   26,750 | ep_ret   -7.53 ep_len  157.1 (n=629) | pg -0.015 vf 0.023 kl 0.0155 lr 7.6e-05
it  571 steps  56131584 sps   26,750 | ep_ret   -7.54 ep_len  155.4 (n=566) | pg -0.015 vf 0.022 kl 0.0155 lr 1.1e-04
it  572 steps  56229888 sps   26,749 | ep_ret   -7.37 ep_len  148.9 (n=602) | pg -0.014 vf 0.021 kl 0.0155 lr 7.6e-05
it  573 steps  56328192 sps   26,748 | ep_ret   -7.57 ep_len  161.1 (n=575) | pg -0.015 vf 0.023 kl 0.0166 lr 1.1e-04
it  574 steps  56426496 sps   26,748 | ep_ret   -7.68 ep_len  164.1 (n=602) | pg -0.016 vf 0.022 kl 0.0150 lr 1.1e-04
it  575 steps  56524800 sps   26,748 | ep_ret   -7.65 ep_len  159.7 (n=600) | pg -0.015 vf 0.022 kl 0.0155 lr 7.6e-05
it  576 steps  56623104 sps   26,747 | ep_ret   -7.75 ep_len  164.2 (n=571) | pg -0.013 vf 0.024 kl 0.0144 lr 1.1e-04
it  577 steps  56721408 sps   26,747 | ep_ret   -7.67 ep_len  158.8 (n=564) | pg -0.014 vf 0.023 kl 0.0161 lr 1.1e-04
it  578 steps  56819712 sps   26,746 | ep_ret   -7.70 ep_len  161.7 (n=599) | pg -0.014 vf 0.023 kl 0.0149 lr 1.1e-04
it  579 steps  56918016 sps   26,746 | ep_ret   -7.75 ep_len  164.2 (n=572) | pg -0.013 vf 0.024 kl 0.0160 lr 7.6e-05
it  580 steps  57016320 sps   26,745 | ep_ret   -7.80 ep_len  165.6 (n=598) | pg -0.015 vf 0.021 kl 0.0151 lr 7.6e-05
it  581 steps  57114624 sps   26,745 | ep_ret   -7.72 ep_len  162.1 (n=537) | pg -0.015 vf 0.024 kl 0.0162 lr 1.1e-04
it  582 steps  57212928 sps   26,745 | ep_ret   -7.98 ep_len  172.6 (n=566) | pg -0.014 vf 0.022 kl 0.0148 lr 1.1e-04
it  583 steps  57311232 sps   26,744 | ep_ret   -7.83 ep_len  169.6 (n=602) | pg -0.014 vf 0.023 kl 0.0147 lr 1.1e-04
it  584 steps  57409536 sps   26,744 | ep_ret   -7.69 ep_len  160.9 (n=563) | pg -0.015 vf 0.022 kl 0.0149 lr 1.1e-04
it  585 steps  57507840 sps   26,743 | ep_ret   -7.78 ep_len  165.2 (n=553) | pg -0.013 vf 0.022 kl 0.0151 lr 7.6e-05
it  586 steps  57606144 sps   26,743 | ep_ret   -8.15 ep_len  183.7 (n=537) | pg -0.015 vf 0.025 kl 0.0148 lr 1.1e-04
it  587 steps  57704448 sps   26,743 | ep_ret   -7.87 ep_len  167.5 (n=574) | pg -0.013 vf 0.023 kl 0.0157 lr 1.1e-04
it  588 steps  57802752 sps   26,742 | ep_ret   -7.77 ep_len  161.5 (n=532) | pg -0.013 vf 0.021 kl 0.0143 lr 7.6e-05
it  589 steps  57901056 sps   26,742 | ep_ret   -7.97 ep_len  170.0 (n=507) | pg -0.016 vf 0.023 kl 0.0154 lr 7.6e-05
it  590 steps  57999360 sps   26,741 | ep_ret   -7.96 ep_len  169.7 (n=516) | pg -0.015 vf 0.023 kl 0.0158 lr 1.1e-04
it  591 steps  58097664 sps   26,741 | ep_ret   -8.20 ep_len  184.1 (n=544) | pg -0.014 vf 0.022 kl 0.0138 lr 7.6e-05
it  592 steps  58195968 sps   26,740 | ep_ret   -8.08 ep_len  174.4 (n=551) | pg -0.015 vf 0.022 kl 0.0142 lr 7.6e-05
it  593 steps  58294272 sps   26,740 | ep_ret   -8.38 ep_len  188.3 (n=549) | pg -0.012 vf 0.023 kl 0.0143 lr 1.1e-04
it  594 steps  58392576 sps   26,739 | ep_ret   -8.27 ep_len  186.1 (n=493) | pg -0.014 vf 0.024 kl 0.0160 lr 1.1e-04
it  595 steps  58490880 sps   26,739 | ep_ret   -7.96 ep_len  169.7 (n=492) | pg -0.015 vf 0.023 kl 0.0170 lr 7.6e-05
it  596 steps  58589184 sps   26,739 | ep_ret   -8.44 ep_len  189.0 (n=501) | pg -0.014 vf 0.023 kl 0.0150 lr 1.1e-04
it  597 steps  58687488 sps   26,738 | ep_ret   -8.14 ep_len  176.4 (n=506) | pg -0.016 vf 0.022 kl 0.0151 lr 1.1e-04
it  598 steps  58785792 sps   26,737 | ep_ret   -8.33 ep_len  186.7 (n=497) | pg -0.014 vf 0.024 kl 0.0149 lr 1.1e-04
it  599 steps  58884096 sps   26,737 | ep_ret   -8.27 ep_len  182.4 (n=493) | pg -0.016 vf 0.023 kl 0.0155 lr 1.1e-04
it  600 steps  58982400 sps   26,736 | ep_ret   -8.45 ep_len  193.3 (n=496) | pg -0.014 vf 0.026 kl 0.0159 lr 1.1e-04
it  601 steps  59080704 sps   26,736 | ep_ret   -8.38 ep_len  188.6 (n=488) | pg -0.012 vf 0.026 kl 0.0164 lr 1.1e-04
it  602 steps  59179008 sps   26,735 | ep_ret   -8.27 ep_len  181.8 (n=523) | pg -0.012 vf 0.023 kl 0.0153 lr 7.6e-05
it  603 steps  59277312 sps   26,735 | ep_ret   -8.36 ep_len  184.9 (n=454) | pg -0.013 vf 0.023 kl 0.0140 lr 1.1e-04
it  604 steps  59375616 sps   26,734 | ep_ret   -8.71 ep_len  197.3 (n=467) | pg -0.014 vf 0.025 kl 0.0148 lr 7.6e-05
it  605 steps  59473920 sps   26,734 | ep_ret   -8.68 ep_len  197.3 (n=484) | pg -0.014 vf 0.024 kl 0.0153 lr 1.1e-04
it  606 steps  59572224 sps   26,733 | ep_ret   -8.51 ep_len  192.0 (n=458) | pg -0.013 vf 0.026 kl 0.0152 lr 7.6e-05
it  607 steps  59670528 sps   26,733 | ep_ret   -8.81 ep_len  205.0 (n=472) | pg -0.013 vf 0.026 kl 0.0128 lr 1.1e-04
it  608 steps  59768832 sps   26,732 | ep_ret   -8.82 ep_len  207.4 (n=452) | pg -0.015 vf 0.027 kl 0.0158 lr 1.1e-04
it  609 steps  59867136 sps   26,732 | ep_ret   -8.93 ep_len  208.9 (n=468) | pg -0.013 vf 0.028 kl 0.0158 lr 1.1e-04
it  610 steps  59965440 sps   26,731 | ep_ret   -8.42 ep_len  188.5 (n=465) | pg -0.016 vf 0.025 kl 0.0163 lr 7.6e-05
it  611 steps  60063744 sps   26,731 | ep_ret   -8.93 ep_len  208.4 (n=417) | pg -0.014 vf 0.027 kl 0.0146 lr 1.1e-04
it  612 steps  60162048 sps   26,730 | ep_ret   -8.78 ep_len  194.8 (n=410) | pg -0.014 vf 0.023 kl 0.0161 lr 7.6e-05
it  613 steps  60260352 sps   26,729 | ep_ret   -8.84 ep_len  202.4 (n=453) | pg -0.015 vf 0.025 kl 0.0153 lr 1.1e-04
it  614 steps  60358656 sps   26,729 | ep_ret   -9.07 ep_len  213.5 (n=414) | pg -0.013 vf 0.025 kl 0.0163 lr 1.1e-04
it  615 steps  60456960 sps   26,728 | ep_ret   -8.94 ep_len  205.8 (n=421) | pg -0.012 vf 0.024 kl 0.0156 lr 1.1e-04
it  616 steps  60555264 sps   26,728 | ep_ret   -8.82 ep_len  199.1 (n=398) | pg -0.014 vf 0.024 kl 0.0156 lr 1.7e-04
it  617 steps  60653568 sps   26,727 | ep_ret   -9.07 ep_len  212.7 (n=405) | pg -0.013 vf 0.027 kl 0.0175 lr 1.1e-04
it  618 steps  60751872 sps   26,726 | ep_ret   -9.44 ep_len  226.5 (n=395) | pg -0.013 vf 0.027 kl 0.0152 lr 7.6e-05
it  619 steps  60850176 sps   26,726 | ep_ret   -9.24 ep_len  216.6 (n=417) | pg -0.013 vf 0.026 kl 0.0130 lr 1.1e-04
it  620 steps  60948480 sps   26,725 | ep_ret   -9.42 ep_len  227.4 (n=414) | pg -0.013 vf 0.026 kl 0.0158 lr 1.1e-04
it  621 steps  61046784 sps   26,725 | ep_ret   -9.19 ep_len  214.1 (n=414) | pg -0.014 vf 0.026 kl 0.0157 lr 1.1e-04
it  622 steps  61145088 sps   26,724 | ep_ret   -9.56 ep_len  230.4 (n=381) | pg -0.012 vf 0.024 kl 0.0151 lr 7.6e-05
it  623 steps  61243392 sps   26,724 | ep_ret   -9.70 ep_len  234.5 (n=420) | pg -0.014 vf 0.030 kl 0.0155 lr 1.1e-04
it  624 steps  61341696 sps   26,723 | ep_ret   -9.87 ep_len  247.1 (n=362) | pg -0.011 vf 0.028 kl 0.0143 lr 1.1e-04
it  625 steps  61440000 sps   26,723 | ep_ret   -9.71 ep_len  238.6 (n=425) | pg -0.014 vf 0.032 kl 0.0153 lr 1.1e-04
it  626 steps  61538304 sps   26,715 | ep_ret   -9.53 ep_len  229.9 (n=364) | pg -0.013 vf 0.028 kl 0.0156 lr 1.1e-04
it  627 steps  61636608 sps   26,707 | ep_ret   -9.70 ep_len  239.5 (n=384) | pg -0.015 vf 0.030 kl 0.0160 lr 7.6e-05
it  628 steps  61734912 sps   26,698 | ep_ret   -9.27 ep_len  222.0 (n=413) | pg -0.013 vf 0.028 kl 0.0164 lr 7.6e-05
it  629 steps  61833216 sps   26,690 | ep_ret   -9.99 ep_len  246.0 (n=352) | pg -0.013 vf 0.026 kl 0.0175 lr 1.1e-04
it  630 steps  61931520 sps   26,681 | ep_ret  -10.62 ep_len  279.2 (n=347) | pg -0.014 vf 0.032 kl 0.0153 lr 1.1e-04
it  631 steps  62029824 sps   26,672 | ep_ret   -9.88 ep_len  244.3 (n=371) | pg -0.014 vf 0.027 kl 0.0159 lr 7.6e-05
it  632 steps  62128128 sps   26,663 | ep_ret   -9.62 ep_len  235.7 (n=383) | pg -0.013 vf 0.029 kl 0.0165 lr 1.1e-04
it  633 steps  62226432 sps   26,654 | ep_ret  -10.26 ep_len  255.2 (n=343) | pg -0.015 vf 0.024 kl 0.0161 lr 1.1e-04
it  634 steps  62324736 sps   26,645 | ep_ret   -9.98 ep_len  252.1 (n=355) | pg -0.015 vf 0.029 kl 0.0158 lr 7.6e-05
it  635 steps  62423040 sps   26,636 | ep_ret  -10.19 ep_len  259.4 (n=338) | pg -0.011 vf 0.030 kl 0.0135 lr 7.6e-05
it  636 steps  62521344 sps   26,627 | ep_ret  -10.08 ep_len  247.9 (n=365) | pg -0.013 vf 0.028 kl 0.0143 lr 7.6e-05
it  637 steps  62619648 sps   26,618 | ep_ret  -10.25 ep_len  252.1 (n=363) | pg -0.014 vf 0.027 kl 0.0128 lr 1.1e-04
it  638 steps  62717952 sps   26,609 | ep_ret  -10.58 ep_len  268.7 (n=327) | pg -0.013 vf 0.029 kl 0.0166 lr 5.1e-05
it  639 steps  62816256 sps   26,602 | ep_ret  -10.32 ep_len  260.6 (n=339) | pg -0.014 vf 0.028 kl 0.0137 lr 1.1e-04
it  640 steps  62914560 sps   26,594 | ep_ret   -9.77 ep_len  241.8 (n=309) | pg -0.012 vf 0.027 kl 0.0159 lr 1.1e-04
it  641 steps  63012864 sps   26,586 | ep_ret  -10.73 ep_len  268.7 (n=302) | pg -0.014 vf 0.025 kl 0.0164 lr 1.1e-04
it  642 steps  63111168 sps   26,578 | ep_ret  -11.10 ep_len  292.1 (n=296) | pg -0.013 vf 0.029 kl 0.0170 lr 1.1e-04
it  643 steps  63209472 sps   26,569 | ep_ret  -10.41 ep_len  264.5 (n=339) | pg -0.011 vf 0.029 kl 0.0164 lr 1.1e-04
it  644 steps  63307776 sps   26,561 | ep_ret  -10.80 ep_len  273.5 (n=309) | pg -0.013 vf 0.027 kl 0.0160 lr 7.6e-05
it  645 steps  63406080 sps   26,553 | ep_ret  -11.16 ep_len  292.5 (n=308) | pg -0.014 vf 0.030 kl 0.0165 lr 1.1e-04
it  646 steps  63504384 sps   26,545 | ep_ret  -11.00 ep_len  284.3 (n=307) | pg -0.015 vf 0.031 kl 0.0155 lr 7.6e-05
it  647 steps  63602688 sps   26,536 | ep_ret  -10.97 ep_len  290.3 (n=315) | pg -0.011 vf 0.029 kl 0.0165 lr 1.1e-04
it  648 steps  63700992 sps   26,528 | ep_ret  -11.91 ep_len  330.5 (n=295) | pg -0.013 vf 0.032 kl 0.0150 lr 1.1e-04
it  649 steps  63799296 sps   26,520 | ep_ret  -11.09 ep_len  292.1 (n=297) | pg -0.015 vf 0.030 kl 0.0163 lr 1.1e-04
it  650 steps  63897600 sps   26,512 | ep_ret  -11.47 ep_len  307.8 (n=283) | pg -0.011 vf 0.031 kl 0.0153 lr 7.6e-05
it  651 steps  63995904 sps   26,504 | ep_ret  -11.63 ep_len  315.1 (n=283) | pg -0.013 vf 0.034 kl 0.0146 lr 1.1e-04
it  652 steps  64094208 sps   26,497 | ep_ret  -11.13 ep_len  295.8 (n=264) | pg -0.014 vf 0.029 kl 0.0165 lr 7.6e-05
it  653 steps  64192512 sps   26,497 | ep_ret  -11.22 ep_len  298.3 (n=301) | pg -0.013 vf 0.032 kl 0.0165 lr 1.1e-04
it  654 steps  64290816 sps   26,497 | ep_ret  -12.25 ep_len  331.6 (n=293) | pg -0.012 vf 0.032 kl 0.0166 lr 1.1e-04
it  655 steps  64389120 sps   26,497 | ep_ret  -11.68 ep_len  314.1 (n=268) | pg -0.014 vf 0.029 kl 0.0162 lr 7.6e-05
it  656 steps  64487424 sps   26,496 | ep_ret  -12.16 ep_len  338.6 (n=266) | pg -0.013 vf 0.035 kl 0.0154 lr 5.1e-05
it  657 steps  64585728 sps   26,496 | ep_ret  -12.17 ep_len  337.3 (n=261) | pg -0.014 vf 0.032 kl 0.0147 lr 1.1e-04
it  658 steps  64684032 sps   26,496 | ep_ret  -11.55 ep_len  308.0 (n=269) | pg -0.013 vf 0.030 kl 0.0161 lr 1.1e-04
it  659 steps  64782336 sps   26,496 | ep_ret  -12.45 ep_len  357.4 (n=254) | pg -0.013 vf 0.034 kl 0.0155 lr 7.6e-05
it  660 steps  64880640 sps   26,496 | ep_ret  -12.20 ep_len  338.4 (n=253) | pg -0.013 vf 0.036 kl 0.0139 lr 1.1e-04
it  661 steps  64978944 sps   26,496 | ep_ret  -11.88 ep_len  317.2 (n=247) | pg -0.014 vf 0.029 kl 0.0166 lr 1.1e-04
it  662 steps  65077248 sps   26,496 | ep_ret  -12.58 ep_len  352.5 (n=244) | pg -0.014 vf 0.034 kl 0.0160 lr 7.6e-05
it  663 steps  65175552 sps   26,496 | ep_ret  -12.35 ep_len  348.8 (n=235) | pg -0.013 vf 0.034 kl 0.0156 lr 7.6e-05
it  664 steps  65273856 sps   26,496 | ep_ret  -11.92 ep_len  327.3 (n=234) | pg -0.013 vf 0.031 kl 0.0144 lr 7.6e-05
it  665 steps  65372160 sps   26,496 | ep_ret  -13.31 ep_len  387.7 (n=231) | pg -0.012 vf 0.035 kl 0.0156 lr 7.6e-05
it  666 steps  65470464 sps   26,495 | ep_ret  -12.66 ep_len  361.8 (n=231) | pg -0.013 vf 0.034 kl 0.0172 lr 1.1e-04
it  667 steps  65568768 sps   26,495 | ep_ret  -13.43 ep_len  390.0 (n=234) | pg -0.013 vf 0.035 kl 0.0175 lr 1.1e-04
it  668 steps  65667072 sps   26,495 | ep_ret  -13.69 ep_len  401.7 (n=227) | pg -0.012 vf 0.038 kl 0.0159 lr 7.6e-05
it  669 steps  65765376 sps   26,495 | ep_ret  -13.09 ep_len  380.1 (n=244) | pg -0.009 vf 0.032 kl 0.0130 lr 7.6e-05
it  670 steps  65863680 sps   26,495 | ep_ret  -13.77 ep_len  401.8 (n=213) | pg -0.012 vf 0.034 kl 0.0145 lr 1.1e-04
it  671 steps  65961984 sps   26,495 | ep_ret  -13.60 ep_len  401.6 (n=220) | pg -0.013 vf 0.031 kl 0.0164 lr 1.1e-04
it  672 steps  66060288 sps   26,495 | ep_ret  -13.89 ep_len  408.7 (n=225) | pg -0.013 vf 0.032 kl 0.0162 lr 7.6e-05
it  673 steps  66158592 sps   26,495 | ep_ret  -14.08 ep_len  431.3 (n=224) | pg -0.013 vf 0.039 kl 0.0160 lr 7.6e-05
it  674 steps  66256896 sps   26,495 | ep_ret  -13.79 ep_len  424.7 (n=198) | pg -0.013 vf 0.038 kl 0.0158 lr 7.6e-05
it  675 steps  66355200 sps   26,494 | ep_ret  -13.47 ep_len  407.8 (n=212) | pg -0.012 vf 0.037 kl 0.0149 lr 5.1e-05
it  676 steps  66453504 sps   26,494 | ep_ret  -13.87 ep_len  416.5 (n=235) | pg -0.012 vf 0.038 kl 0.0155 lr 1.1e-04
it  677 steps  66551808 sps   26,494 | ep_ret  -13.34 ep_len  394.3 (n=211) | pg -0.013 vf 0.035 kl 0.0155 lr 7.6e-05
it  678 steps  66650112 sps   26,494 | ep_ret  -13.71 ep_len  410.4 (n=206) | pg -0.013 vf 0.033 kl 0.0169 lr 7.6e-05
it  679 steps  66748416 sps   26,494 | ep_ret  -14.26 ep_len  435.0 (n=203) | pg -0.013 vf 0.037 kl 0.0163 lr 7.6e-05
it  680 steps  66846720 sps   26,494 | ep_ret  -14.49 ep_len  434.1 (n=223) | pg -0.013 vf 0.036 kl 0.0158 lr 7.6e-05
it  681 steps  66945024 sps   26,494 | ep_ret  -14.66 ep_len  448.3 (n=216) | pg -0.013 vf 0.038 kl 0.0168 lr 7.6e-05
it  682 steps  67043328 sps   26,494 | ep_ret  -14.40 ep_len  428.8 (n=205) | pg -0.011 vf 0.032 kl 0.0142 lr 7.6e-05
it  683 steps  67141632 sps   26,494 | ep_ret  -14.12 ep_len  425.4 (n=202) | pg -0.012 vf 0.035 kl 0.0168 lr 1.1e-04
it  684 steps  67239936 sps   26,494 | ep_ret  -15.55 ep_len  483.4 (n=221) | pg -0.012 vf 0.042 kl 0.0167 lr 7.6e-05
it  685 steps  67338240 sps   26,494 | ep_ret  -15.64 ep_len  492.3 (n=197) | pg -0.013 vf 0.038 kl 0.0152 lr 1.1e-04
it  686 steps  67436544 sps   26,493 | ep_ret  -14.71 ep_len  450.3 (n=201) | pg -0.012 vf 0.038 kl 0.0177 lr 7.6e-05
it  687 steps  67534848 sps   26,493 | ep_ret  -13.95 ep_len  427.0 (n=207) | pg -0.014 vf 0.037 kl 0.0164 lr 1.1e-04
it  688 steps  67633152 sps   26,493 | ep_ret  -14.44 ep_len  441.4 (n=197) | pg -0.014 vf 0.037 kl 0.0170 lr 7.6e-05
it  689 steps  67731456 sps   26,493 | ep_ret  -15.78 ep_len  514.6 (n=189) | pg -0.012 vf 0.043 kl 0.0165 lr 7.6e-05
it  690 steps  67829760 sps   26,493 | ep_ret  -15.45 ep_len  501.5 (n=198) | pg -0.010 vf 0.040 kl 0.0143 lr 5.1e-05
it  691 steps  67928064 sps   26,493 | ep_ret  -14.76 ep_len  454.3 (n=199) | pg -0.014 vf 0.037 kl 0.0141 lr 1.1e-04
it  692 steps  68026368 sps   26,492 | ep_ret  -14.25 ep_len  429.3 (n=179) | pg -0.012 vf 0.034 kl 0.0153 lr 7.6e-05
it  693 steps  68124672 sps   26,492 | ep_ret  -15.44 ep_len  502.1 (n=165) | pg -0.011 vf 0.038 kl 0.0151 lr 7.6e-05
it  694 steps  68222976 sps   26,491 | ep_ret  -14.01 ep_len  419.0 (n=198) | pg -0.011 vf 0.031 kl 0.0167 lr 1.1e-04
it  695 steps  68321280 sps   26,490 | ep_ret  -15.07 ep_len  474.6 (n=201) | pg -0.014 vf 0.039 kl 0.0174 lr 5.1e-05
it  696 steps  68419584 sps   26,489 | ep_ret  -15.88 ep_len  510.2 (n=191) | pg -0.012 vf 0.040 kl 0.0163 lr 5.1e-05
it  697 steps  68517888 sps   26,489 | ep_ret  -15.31 ep_len  488.5 (n=179) | pg -0.013 vf 0.036 kl 0.0157 lr 7.6e-05
it  698 steps  68616192 sps   26,488 | ep_ret  -15.66 ep_len  505.8 (n=212) | pg -0.013 vf 0.042 kl 0.0158 lr 5.1e-05
it  699 steps  68714496 sps   26,488 | ep_ret  -16.38 ep_len  538.6 (n=184) | pg -0.013 vf 0.041 kl 0.0162 lr 7.6e-05
it  700 steps  68812800 sps   26,488 | ep_ret  -16.50 ep_len  528.3 (n=189) | pg -0.013 vf 0.040 kl 0.0147 lr 1.1e-04
it  701 steps  68911104 sps   26,488 | ep_ret  -16.57 ep_len  536.5 (n=178) | pg -0.013 vf 0.040 kl 0.0158 lr 7.6e-05
it  702 steps  69009408 sps   26,488 | ep_ret  -16.34 ep_len  527.3 (n=198) | pg -0.012 vf 0.043 kl 0.0147 lr 5.1e-05
it  703 steps  69107712 sps   26,488 | ep_ret  -14.99 ep_len  475.1 (n=167) | pg -0.012 vf 0.035 kl 0.0157 lr 7.6e-05
it  704 steps  69206016 sps   26,488 | ep_ret  -16.85 ep_len  548.5 (n=192) | pg -0.012 vf 0.042 kl 0.0153 lr 7.6e-05
it  705 steps  69304320 sps   26,487 | ep_ret  -16.49 ep_len  540.3 (n=164) | pg -0.011 vf 0.036 kl 0.0142 lr 7.6e-05
it  706 steps  69402624 sps   26,487 | ep_ret  -15.67 ep_len  512.0 (n=166) | pg -0.012 vf 0.041 kl 0.0158 lr 5.1e-05
it  707 steps  69500928 sps   26,487 | ep_ret  -16.59 ep_len  552.4 (n=161) | pg -0.012 vf 0.039 kl 0.0155 lr 7.6e-05
it  708 steps  69599232 sps   26,487 | ep_ret  -16.07 ep_len  519.2 (n=168) | pg -0.011 vf 0.038 kl 0.0159 lr 5.1e-05
it  709 steps  69697536 sps   26,487 | ep_ret  -16.62 ep_len  550.0 (n=209) | pg -0.012 vf 0.045 kl 0.0155 lr 7.6e-05
it  710 steps  69795840 sps   26,487 | ep_ret  -16.82 ep_len  556.9 (n=173) | pg -0.012 vf 0.040 kl 0.0157 lr 5.1e-05
it  711 steps  69894144 sps   26,487 | ep_ret  -17.65 ep_len  588.8 (n=149) | pg -0.012 vf 0.039 kl 0.0153 lr 5.1e-05
it  712 steps  69992448 sps   26,487 | ep_ret  -16.41 ep_len  539.3 (n=167) | pg -0.012 vf 0.042 kl 0.0160 lr 7.6e-05
it  713 steps  70090752 sps   26,487 | ep_ret  -17.08 ep_len  563.1 (n=174) | pg -0.010 vf 0.040 kl 0.0151 lr 7.6e-05
it  714 steps  70189056 sps   26,487 | ep_ret  -15.29 ep_len  485.5 (n=159) | pg -0.012 vf 0.034 kl 0.0155 lr 1.1e-04
it  715 steps  70287360 sps   26,487 | ep_ret  -16.90 ep_len  566.5 (n=158) | pg -0.013 vf 0.040 kl 0.0159 lr 1.1e-04
it  716 steps  70385664 sps   26,487 | ep_ret  -17.79 ep_len  600.5 (n=160) | pg -0.012 vf 0.042 kl 0.0170 lr 7.6e-05
it  717 steps  70483968 sps   26,487 | ep_ret  -16.86 ep_len  541.7 (n=175) | pg -0.011 vf 0.039 kl 0.0139 lr 5.1e-05
it  718 steps  70582272 sps   26,487 | ep_ret  -17.60 ep_len  594.8 (n=173) | pg -0.013 vf 0.042 kl 0.0160 lr 5.1e-05
it  719 steps  70680576 sps   26,487 | ep_ret  -17.03 ep_len  560.4 (n=163) | pg -0.012 vf 0.040 kl 0.0164 lr 5.1e-05
it  720 steps  70778880 sps   26,487 | ep_ret  -16.30 ep_len  535.1 (n=166) | pg -0.012 vf 0.035 kl 0.0162 lr 5.1e-05
it  721 steps  70877184 sps   26,487 | ep_ret  -18.30 ep_len  624.9 (n=137) | pg -0.013 vf 0.038 kl 0.0154 lr 7.6e-05
it  722 steps  70975488 sps   26,487 | ep_ret  -17.14 ep_len  578.0 (n=169) | pg -0.013 vf 0.044 kl 0.0150 lr 7.6e-05
it  723 steps  71073792 sps   26,487 | ep_ret  -17.94 ep_len  606.9 (n=132) | pg -0.011 vf 0.035 kl 0.0152 lr 5.1e-05
it  724 steps  71172096 sps   26,487 | ep_ret  -16.96 ep_len  569.0 (n=157) | pg -0.011 vf 0.042 kl 0.0152 lr 7.6e-05
it  725 steps  71270400 sps   26,487 | ep_ret  -18.70 ep_len  642.5 (n=162) | pg -0.014 vf 0.044 kl 0.0159 lr 7.6e-05
it  726 steps  71368704 sps   26,487 | ep_ret  -17.44 ep_len  609.4 (n=147) | pg -0.012 vf 0.040 kl 0.0170 lr 5.1e-05
it  727 steps  71467008 sps   26,487 | ep_ret  -18.33 ep_len  623.3 (n=170) | pg -0.012 vf 0.046 kl 0.0153 lr 7.6e-05
it  728 steps  71565312 sps   26,487 | ep_ret  -16.65 ep_len  538.9 (n=167) | pg -0.011 vf 0.038 kl 0.0148 lr 7.6e-05
it  729 steps  71663616 sps   26,487 | ep_ret  -18.62 ep_len  627.7 (n=158) | pg -0.012 vf 0.040 kl 0.0153 lr 7.6e-05
it  730 steps  71761920 sps   26,488 | ep_ret  -18.16 ep_len  618.6 (n=165) | pg -0.011 vf 0.046 kl 0.0165 lr 3.4e-05
it  731 steps  71860224 sps   26,488 | ep_ret  -17.55 ep_len  613.3 (n=155) | pg -0.011 vf 0.039 kl 0.0126 lr 7.6e-05
it  732 steps  71958528 sps   26,488 | ep_ret  -18.53 ep_len  652.0 (n=156) | pg -0.012 vf 0.040 kl 0.0153 lr 7.6e-05
it  733 steps  72056832 sps   26,488 | ep_ret  -17.41 ep_len  566.7 (n=171) | pg -0.012 vf 0.038 kl 0.0171 lr 1.1e-04
it  734 steps  72155136 sps   26,488 | ep_ret  -18.07 ep_len  603.4 (n=141) | pg -0.011 vf 0.037 kl 0.0140 lr 5.1e-05
it  735 steps  72253440 sps   26,488 | ep_ret  -18.54 ep_len  627.8 (n=167) | pg -0.012 vf 0.042 kl 0.0161 lr 7.6e-05
it  736 steps  72351744 sps   26,488 | ep_ret  -17.67 ep_len  587.2 (n=147) | pg -0.011 vf 0.038 kl 0.0179 lr 5.1e-05
it  737 steps  72450048 sps   26,488 | ep_ret  -18.09 ep_len  602.2 (n=137) | pg -0.013 vf 0.039 kl 0.0153 lr 5.1e-05
it  738 steps  72548352 sps   26,488 | ep_ret  -18.08 ep_len  613.9 (n=180) | pg -0.011 vf 0.045 kl 0.0158 lr 7.6e-05
it  739 steps  72646656 sps   26,488 | ep_ret  -18.29 ep_len  639.3 (n=131) | pg -0.012 vf 0.042 kl 0.0149 lr 1.1e-04
it  740 steps  72744960 sps   26,488 | ep_ret  -18.33 ep_len  633.6 (n=162) | pg -0.012 vf 0.046 kl 0.0166 lr 7.6e-05
it  741 steps  72843264 sps   26,488 | ep_ret  -19.03 ep_len  637.6 (n=165) | pg -0.012 vf 0.045 kl 0.0160 lr 5.1e-05
it  742 steps  72941568 sps   26,489 | ep_ret  -17.87 ep_len  611.5 (n=171) | pg -0.013 vf 0.044 kl 0.0150 lr 7.6e-05
it  743 steps  73039872 sps   26,489 | ep_ret  -18.27 ep_len  624.1 (n=178) | pg -0.011 vf 0.048 kl 0.0159 lr 7.6e-05
it  744 steps  73138176 sps   26,489 | ep_ret  -19.02 ep_len  669.8 (n=167) | pg -0.012 vf 0.050 kl 0.0169 lr 7.6e-05
it  745 steps  73236480 sps   26,489 | ep_ret  -18.49 ep_len  625.4 (n=153) | pg -0.011 vf 0.044 kl 0.0148 lr 7.6e-05
it  746 steps  73334784 sps   26,489 | ep_ret  -19.48 ep_len  656.7 (n=163) | pg -0.012 vf 0.044 kl 0.0166 lr 7.6e-05
it  747 steps  73433088 sps   26,489 | ep_ret  -17.76 ep_len  601.2 (n=160) | pg -0.012 vf 0.039 kl 0.0155 lr 7.6e-05
it  748 steps  73531392 sps   26,489 | ep_ret  -18.72 ep_len  643.6 (n=138) | pg -0.011 vf 0.043 kl 0.0161 lr 7.6e-05
it  749 steps  73629696 sps   26,490 | ep_ret  -19.71 ep_len  679.8 (n=139) | pg -0.012 vf 0.044 kl 0.0167 lr 7.6e-05
it  750 steps  73728000 sps   26,490 | ep_ret  -18.02 ep_len  599.2 (n=150) | pg -0.011 vf 0.041 kl 0.0142 lr 7.6e-05
it  751 steps  73826304 sps   26,490 | ep_ret  -19.10 ep_len  660.4 (n=164) | pg -0.010 vf 0.046 kl 0.0161 lr 7.6e-05
it  752 steps  73924608 sps   26,490 | ep_ret  -18.59 ep_len  663.5 (n=150) | pg -0.012 vf 0.043 kl 0.0163 lr 1.1e-04
it  753 steps  74022912 sps   26,490 | ep_ret  -18.05 ep_len  615.1 (n=142) | pg -0.012 vf 0.040 kl 0.0166 lr 7.6e-05
it  754 steps  74121216 sps   26,491 | ep_ret  -18.56 ep_len  627.6 (n=145) | pg -0.013 vf 0.044 kl 0.0162 lr 5.1e-05
it  755 steps  74219520 sps   26,491 | ep_ret  -18.09 ep_len  597.2 (n=143) | pg -0.012 vf 0.037 kl 0.0164 lr 7.6e-05
it  756 steps  74317824 sps   26,491 | ep_ret  -19.72 ep_len  697.8 (n=142) | pg -0.012 vf 0.050 kl 0.0159 lr 7.6e-05
it  757 steps  74416128 sps   26,491 | ep_ret  -18.91 ep_len  648.7 (n=140) | pg -0.012 vf 0.039 kl 0.0153 lr 1.1e-04
it  758 steps  74514432 sps   26,491 | ep_ret  -19.18 ep_len  654.2 (n=150) | pg -0.010 vf 0.039 kl 0.0174 lr 1.1e-04
it  759 steps  74612736 sps   26,491 | ep_ret  -20.46 ep_len  706.1 (n=138) | pg -0.013 vf 0.044 kl 0.0158 lr 7.6e-05
it  760 steps  74711040 sps   26,491 | ep_ret  -19.93 ep_len  696.0 (n=129) | pg -0.010 vf 0.040 kl 0.0151 lr 3.4e-05
it  761 steps  74809344 sps   26,491 | ep_ret  -18.97 ep_len  647.6 (n=154) | pg -0.013 vf 0.043 kl 0.0153 lr 3.4e-05
it  762 steps  74907648 sps   26,491 | ep_ret  -17.97 ep_len  584.4 (n=148) | pg -0.010 vf 0.036 kl 0.0132 lr 7.6e-05
it  763 steps  75005952 sps   26,491 | ep_ret  -19.84 ep_len  687.9 (n=139) | pg -0.013 vf 0.042 kl 0.0168 lr 1.1e-04
it  764 steps  75104256 sps   26,491 | ep_ret  -18.93 ep_len  642.6 (n=144) | pg -0.010 vf 0.037 kl 0.0152 lr 7.6e-05
it  765 steps  75202560 sps   26,492 | ep_ret  -19.48 ep_len  677.5 (n=120) | pg -0.012 vf 0.040 kl 0.0162 lr 5.1e-05
it  766 steps  75300864 sps   26,492 | ep_ret  -19.84 ep_len  683.4 (n=148) | pg -0.012 vf 0.044 kl 0.0172 lr 5.1e-05
it  767 steps  75399168 sps   26,492 | ep_ret  -19.21 ep_len  674.5 (n=153) | pg -0.013 vf 0.045 kl 0.0164 lr 5.1e-05
it  768 steps  75497472 sps   26,492 | ep_ret  -18.96 ep_len  664.0 (n=144) | pg -0.012 vf 0.044 kl 0.0152 lr 7.6e-05
it  769 steps  75595776 sps   26,492 | ep_ret  -18.68 ep_len  621.7 (n=148) | pg -0.010 vf 0.043 kl 0.0170 lr 7.6e-05
it  770 steps  75694080 sps   26,492 | ep_ret  -19.68 ep_len  673.7 (n=151) | pg -0.012 vf 0.045 kl 0.0159 lr 7.6e-05
it  771 steps  75792384 sps   26,492 | ep_ret  -18.94 ep_len  660.5 (n=133) | pg -0.011 vf 0.040 kl 0.0169 lr 7.6e-05
it  772 steps  75890688 sps   26,493 | ep_ret  -20.26 ep_len  725.0 (n=149) | pg -0.010 vf 0.046 kl 0.0144 lr 5.1e-05
it  773 steps  75988992 sps   26,493 | ep_ret  -19.69 ep_len  684.1 (n=133) | pg -0.011 vf 0.040 kl 0.0159 lr 5.1e-05
it  774 steps  76087296 sps   26,493 | ep_ret  -19.52 ep_len  665.3 (n=126) | pg -0.011 vf 0.038 kl 0.0166 lr 7.6e-05
it  775 steps  76185600 sps   26,493 | ep_ret  -20.45 ep_len  716.0 (n=149) | pg -0.012 vf 0.044 kl 0.0157 lr 1.1e-04
it  776 steps  76283904 sps   26,493 | ep_ret  -18.78 ep_len  644.5 (n=118) | pg -0.012 vf 0.038 kl 0.0157 lr 7.6e-05
it  777 steps  76382208 sps   26,494 | ep_ret  -21.02 ep_len  741.3 (n=138) | pg -0.012 vf 0.042 kl 0.0173 lr 7.6e-05
it  778 steps  76480512 sps   26,494 | ep_ret  -18.73 ep_len  634.8 (n=148) | pg -0.011 vf 0.039 kl 0.0146 lr 7.6e-05
it  779 steps  76578816 sps   26,494 | ep_ret  -20.33 ep_len  712.5 (n=147) | pg -0.013 vf 0.044 kl 0.0166 lr 7.6e-05
it  780 steps  76677120 sps   26,494 | ep_ret  -20.63 ep_len  751.4 (n=138) | pg -0.011 vf 0.045 kl 0.0163 lr 1.1e-04
it  781 steps  76775424 sps   26,494 | ep_ret  -19.08 ep_len  647.5 (n=134) | pg -0.012 vf 0.042 kl 0.0158 lr 7.6e-05
it  782 steps  76873728 sps   26,495 | ep_ret  -20.51 ep_len  706.9 (n=151) | pg -0.011 vf 0.046 kl 0.0169 lr 7.6e-05
it  783 steps  76972032 sps   26,495 | ep_ret  -20.98 ep_len  737.7 (n=120) | pg -0.013 vf 0.042 kl 0.0159 lr 7.6e-05
it  784 steps  77070336 sps   26,495 | ep_ret  -20.65 ep_len  742.2 (n=156) | pg -0.012 vf 0.053 kl 0.0160 lr 1.1e-04
it  785 steps  77168640 sps   26,495 | ep_ret  -20.81 ep_len  752.7 (n=140) | pg -0.012 vf 0.046 kl 0.0152 lr 5.1e-05
it  786 steps  77266944 sps   26,495 | ep_ret  -21.03 ep_len  750.8 (n=126) | pg -0.011 vf 0.047 kl 0.0156 lr 7.6e-05
it  787 steps  77365248 sps   26,496 | ep_ret  -21.05 ep_len  741.5 (n=125) | pg -0.011 vf 0.042 kl 0.0155 lr 1.1e-04
it  788 steps  77463552 sps   26,496 | ep_ret  -20.85 ep_len  728.0 (n=152) | pg -0.013 vf 0.047 kl 0.0163 lr 7.6e-05
it  789 steps  77561856 sps   26,496 | ep_ret  -20.34 ep_len  704.6 (n=118) | pg -0.011 vf 0.035 kl 0.0158 lr 1.1e-04
it  790 steps  77660160 sps   26,496 | ep_ret  -20.93 ep_len  733.2 (n=119) | pg -0.011 vf 0.039 kl 0.0153 lr 5.1e-05
it  791 steps  77758464 sps   26,497 | ep_ret  -21.00 ep_len  729.9 (n=118) | pg -0.011 vf 0.039 kl 0.0125 lr 7.6e-05
it  792 steps  77856768 sps   26,497 | ep_ret  -20.44 ep_len  712.2 (n=156) | pg -0.011 vf 0.049 kl 0.0170 lr 7.6e-05
it  793 steps  77955072 sps   26,497 | ep_ret  -21.20 ep_len  776.0 (n=127) | pg -0.012 vf 0.047 kl 0.0175 lr 5.1e-05
it  794 steps  78053376 sps   26,497 | ep_ret  -19.99 ep_len  710.1 (n=148) | pg -0.011 vf 0.047 kl 0.0158 lr 7.6e-05
it  795 steps  78151680 sps   26,497 | ep_ret  -20.20 ep_len  714.2 (n=137) | pg -0.010 vf 0.043 kl 0.0137 lr 5.1e-05
it  796 steps  78249984 sps   26,497 | ep_ret  -21.29 ep_len  743.0 (n=136) | pg -0.011 vf 0.043 kl 0.0164 lr 5.1e-05
it  797 steps  78348288 sps   26,498 | ep_ret  -19.89 ep_len  687.8 (n=128) | pg -0.011 vf 0.042 kl 0.0158 lr 5.1e-05
it  798 steps  78446592 sps   26,498 | ep_ret  -21.14 ep_len  733.9 (n=128) | pg -0.011 vf 0.043 kl 0.0167 lr 7.6e-05
it  799 steps  78544896 sps   26,498 | ep_ret  -20.56 ep_len  723.2 (n=138) | pg -0.012 vf 0.044 kl 0.0163 lr 7.6e-05
it  800 steps  78643200 sps   26,498 | ep_ret  -20.41 ep_len  703.5 (n=157) | pg -0.011 vf 0.046 kl 0.0143 lr 7.6e-05
it  801 steps  78741504 sps   26,498 | ep_ret  -19.75 ep_len  659.0 (n=136) | pg -0.011 vf 0.040 kl 0.0132 lr 5.1e-05
it  802 steps  78839808 sps   26,498 | ep_ret  -21.44 ep_len  759.3 (n=137) | pg -0.012 vf 0.046 kl 0.0156 lr 7.6e-05
it  803 steps  78938112 sps   26,498 | ep_ret  -20.49 ep_len  712.8 (n=129) | pg -0.012 vf 0.039 kl 0.0158 lr 1.1e-04
it  804 steps  79036416 sps   26,498 | ep_ret  -20.18 ep_len  685.3 (n=140) | pg -0.013 vf 0.044 kl 0.0163 lr 7.6e-05
it  805 steps  79134720 sps   26,498 | ep_ret  -21.28 ep_len  734.4 (n=126) | pg -0.012 vf 0.044 kl 0.0153 lr 5.1e-05
it  806 steps  79233024 sps   26,499 | ep_ret  -21.13 ep_len  728.9 (n=129) | pg -0.011 vf 0.041 kl 0.0142 lr 7.6e-05
it  807 steps  79331328 sps   26,499 | ep_ret  -20.79 ep_len  716.9 (n=145) | pg -0.012 vf 0.046 kl 0.0175 lr 1.1e-04
it  808 steps  79429632 sps   26,499 | ep_ret  -21.09 ep_len  730.6 (n=151) | pg -0.013 vf 0.047 kl 0.0166 lr 5.1e-05
it  809 steps  79527936 sps   26,499 | ep_ret  -20.16 ep_len  686.3 (n=145) | pg -0.012 vf 0.043 kl 0.0161 lr 7.6e-05
it  810 steps  79626240 sps   26,499 | ep_ret  -20.91 ep_len  751.8 (n=134) | pg -0.012 vf 0.044 kl 0.0153 lr 7.6e-05
it  811 steps  79724544 sps   26,499 | ep_ret  -20.21 ep_len  691.8 (n=130) | pg -0.011 vf 0.045 kl 0.0148 lr 7.6e-05
it  812 steps  79822848 sps   26,499 | ep_ret  -20.34 ep_len  716.3 (n=136) | pg -0.011 vf 0.042 kl 0.0147 lr 7.6e-05
it  813 steps  79921152 sps   26,499 | ep_ret  -20.97 ep_len  740.7 (n=136) | pg -0.012 vf 0.045 kl 0.0164 lr 5.1e-05
it  814 steps  80019456 sps   26,500 | ep_ret  -20.99 ep_len  741.5 (n=121) | pg -0.011 vf 0.044 kl 0.0159 lr 7.6e-05
it  815 steps  80117760 sps   26,500 | ep_ret  -20.56 ep_len  721.9 (n=132) | pg -0.013 vf 0.043 kl 0.0155 lr 7.6e-05
it  816 steps  80216064 sps   26,500 | ep_ret  -21.41 ep_len  754.9 (n=134) | pg -0.012 vf 0.049 kl 0.0175 lr 5.1e-05
it  817 steps  80314368 sps   26,500 | ep_ret  -20.35 ep_len  696.6 (n=121) | pg -0.011 vf 0.039 kl 0.0152 lr 7.6e-05
it  818 steps  80412672 sps   26,501 | ep_ret  -21.00 ep_len  731.0 (n=128) | pg -0.010 vf 0.046 kl 0.0138 lr 7.6e-05
it  819 steps  80510976 sps   26,501 | ep_ret  -20.30 ep_len  707.5 (n=133) | pg -0.011 vf 0.043 kl 0.0146 lr 7.6e-05
it  820 steps  80609280 sps   26,501 | ep_ret  -20.39 ep_len  718.9 (n=143) | pg -0.012 vf 0.047 kl 0.0159 lr 7.6e-05
it  821 steps  80707584 sps   26,501 | ep_ret  -21.58 ep_len  764.9 (n=142) | pg -0.011 vf 0.049 kl 0.0149 lr 7.6e-05
it  822 steps  80805888 sps   26,501 | ep_ret  -20.27 ep_len  710.0 (n=148) | pg -0.012 vf 0.046 kl 0.0173 lr 7.6e-05
it  823 steps  80904192 sps   26,501 | ep_ret  -20.88 ep_len  748.5 (n=131) | pg -0.012 vf 0.049 kl 0.0151 lr 7.6e-05
it  824 steps  81002496 sps   26,502 | ep_ret  -20.90 ep_len  722.4 (n=150) | pg -0.011 vf 0.044 kl 0.0148 lr 5.1e-05
it  825 steps  81100800 sps   26,502 | ep_ret  -21.64 ep_len  737.9 (n=124) | pg -0.011 vf 0.042 kl 0.0163 lr 5.1e-05
it  826 steps  81199104 sps   26,502 | ep_ret  -20.63 ep_len  734.9 (n=158) | pg -0.012 vf 0.053 kl 0.0160 lr 7.6e-05
it  827 steps  81297408 sps   26,502 | ep_ret  -19.86 ep_len  680.3 (n=143) | pg -0.011 vf 0.046 kl 0.0148 lr 7.6e-05
it  828 steps  81395712 sps   26,503 | ep_ret  -20.82 ep_len  719.5 (n=142) | pg -0.013 vf 0.049 kl 0.0154 lr 7.6e-05
it  829 steps  81494016 sps   26,503 | ep_ret  -20.67 ep_len  701.8 (n=145) | pg -0.012 vf 0.048 kl 0.0162 lr 7.6e-05
it  830 steps  81592320 sps   26,503 | ep_ret  -21.47 ep_len  746.2 (n=146) | pg -0.012 vf 0.049 kl 0.0144 lr 7.6e-05
it  831 steps  81690624 sps   26,503 | ep_ret  -20.26 ep_len  705.1 (n=109) | pg -0.012 vf 0.043 kl 0.0159 lr 7.6e-05
it  832 steps  81788928 sps   26,503 | ep_ret  -19.28 ep_len  635.5 (n=145) | pg -0.011 vf 0.038 kl 0.0150 lr 7.6e-05
it  833 steps  81887232 sps   26,503 | ep_ret  -20.14 ep_len  688.1 (n=127) | pg -0.012 vf 0.044 kl 0.0171 lr 5.1e-05
it  834 steps  81985536 sps   26,503 | ep_ret  -21.16 ep_len  721.6 (n=146) | pg -0.012 vf 0.049 kl 0.0158 lr 5.1e-05
it  835 steps  82083840 sps   26,504 | ep_ret  -21.17 ep_len  728.8 (n=149) | pg -0.011 vf 0.049 kl 0.0124 lr 7.6e-05
it  836 steps  82182144 sps   26,504 | ep_ret  -21.14 ep_len  742.1 (n=144) | pg -0.013 vf 0.052 kl 0.0149 lr 7.6e-05
it  837 steps  82280448 sps   26,504 | ep_ret  -20.99 ep_len  722.5 (n=142) | pg -0.011 vf 0.049 kl 0.0176 lr 7.6e-05
it  838 steps  82378752 sps   26,504 | ep_ret  -20.29 ep_len  702.8 (n=135) | pg -0.011 vf 0.042 kl 0.0160 lr 1.1e-04
it  839 steps  82477056 sps   26,504 | ep_ret  -20.82 ep_len  706.2 (n=125) | pg -0.011 vf 0.043 kl 0.0155 lr 7.6e-05
it  840 steps  82575360 sps   26,504 | ep_ret  -20.53 ep_len  697.6 (n=134) | pg -0.013 vf 0.045 kl 0.0164 lr 7.6e-05
it  841 steps  82673664 sps   26,505 | ep_ret  -22.66 ep_len  811.5 (n=133) | pg -0.011 vf 0.049 kl 0.0168 lr 7.6e-05
it  842 steps  82771968 sps   26,505 | ep_ret  -21.18 ep_len  726.0 (n=137) | pg -0.010 vf 0.048 kl 0.0156 lr 1.1e-04
it  843 steps  82870272 sps   26,505 | ep_ret  -21.02 ep_len  721.9 (n=121) | pg -0.012 vf 0.044 kl 0.0167 lr 7.6e-05
it  844 steps  82968576 sps   26,505 | ep_ret  -22.23 ep_len  789.3 (n=135) | pg -0.011 vf 0.053 kl 0.0147 lr 5.1e-05
it  845 steps  83066880 sps   26,506 | ep_ret  -19.95 ep_len  658.5 (n=119) | pg -0.012 vf 0.040 kl 0.0152 lr 7.6e-05
it  846 steps  83165184 sps   26,506 | ep_ret  -21.47 ep_len  731.6 (n=143) | pg -0.011 vf 0.046 kl 0.0145 lr 7.6e-05
it  847 steps  83263488 sps   26,506 | ep_ret  -21.44 ep_len  731.3 (n=123) | pg -0.012 vf 0.043 kl 0.0154 lr 5.1e-05
it  848 steps  83361792 sps   26,506 | ep_ret  -22.47 ep_len  757.3 (n=120) | pg -0.010 vf 0.041 kl 0.0122 lr 7.6e-05
it  849 steps  83460096 sps   26,506 | ep_ret  -21.70 ep_len  759.8 (n=145) | pg -0.012 vf 0.050 kl 0.0166 lr 1.1e-04
it  850 steps  83558400 sps   26,506 | ep_ret  -22.07 ep_len  768.7 (n=137) | pg -0.010 vf 0.047 kl 0.0167 lr 7.6e-05
it  851 steps  83656704 sps   26,507 | ep_ret  -20.81 ep_len  704.7 (n=125) | pg -0.012 vf 0.042 kl 0.0144 lr 3.4e-05
it  852 steps  83755008 sps   26,507 | ep_ret  -21.24 ep_len  713.4 (n=136) | pg -0.011 vf 0.045 kl 0.0125 lr 7.6e-05
it  853 steps  83853312 sps   26,507 | ep_ret  -22.43 ep_len  764.8 (n=124) | pg -0.012 vf 0.046 kl 0.0172 lr 7.6e-05
it  854 steps  83951616 sps   26,507 | ep_ret  -22.15 ep_len  772.0 (n=118) | pg -0.011 vf 0.048 kl 0.0150 lr 7.6e-05
it  855 steps  84049920 sps   26,508 | ep_ret  -21.73 ep_len  747.5 (n=127) | pg -0.012 vf 0.047 kl 0.0168 lr 7.6e-05
it  856 steps  84148224 sps   26,508 | ep_ret  -20.97 ep_len  701.4 (n=128) | pg -0.012 vf 0.042 kl 0.0148 lr 7.6e-05
it  857 steps  84246528 sps   26,508 | ep_ret  -21.01 ep_len  703.5 (n=147) | pg -0.011 vf 0.046 kl 0.0160 lr 7.6e-05
it  858 steps  84344832 sps   26,508 | ep_ret  -21.81 ep_len  747.4 (n=146) | pg -0.009 vf 0.049 kl 0.0155 lr 7.6e-05
it  859 steps  84443136 sps   26,508 | ep_ret  -21.69 ep_len  712.2 (n=105) | pg -0.012 vf 0.039 kl 0.0157 lr 5.1e-05
it  860 steps  84541440 sps   26,509 | ep_ret  -22.12 ep_len  773.4 (n=131) | pg -0.012 vf 0.044 kl 0.0152 lr 7.6e-05
it  861 steps  84639744 sps   26,509 | ep_ret  -21.79 ep_len  750.7 (n=111) | pg -0.012 vf 0.042 kl 0.0165 lr 7.6e-05
it  862 steps  84738048 sps   26,509 | ep_ret  -21.41 ep_len  711.1 (n=143) | pg -0.011 vf 0.046 kl 0.0156 lr 5.1e-05
it  863 steps  84836352 sps   26,509 | ep_ret  -22.72 ep_len  788.2 (n=135) | pg -0.012 vf 0.048 kl 0.0166 lr 7.6e-05
it  864 steps  84934656 sps   26,509 | ep_ret  -21.29 ep_len  732.2 (n=147) | pg -0.012 vf 0.051 kl 0.0153 lr 7.6e-05
it  865 steps  85032960 sps   26,509 | ep_ret  -20.46 ep_len  676.2 (n=131) | pg -0.013 vf 0.045 kl 0.0161 lr 7.6e-05
it  866 steps  85131264 sps   26,510 | ep_ret  -21.51 ep_len  748.7 (n=134) | pg -0.012 vf 0.049 kl 0.0150 lr 7.6e-05
it  867 steps  85229568 sps   26,510 | ep_ret  -21.44 ep_len  733.0 (n=122) | pg -0.012 vf 0.045 kl 0.0159 lr 5.1e-05
it  868 steps  85327872 sps   26,510 | ep_ret  -22.44 ep_len  811.1 (n=133) | pg -0.010 vf 0.052 kl 0.0154 lr 7.6e-05
it  869 steps  85426176 sps   26,510 | ep_ret  -22.57 ep_len  785.7 (n=129) | pg -0.012 vf 0.048 kl 0.0159 lr 7.6e-05
it  870 steps  85524480 sps   26,510 | ep_ret  -21.55 ep_len  743.0 (n=113) | pg -0.011 vf 0.041 kl 0.0140 lr 7.6e-05
it  871 steps  85622784 sps   26,511 | ep_ret  -23.23 ep_len  788.1 (n=130) | pg -0.012 vf 0.050 kl 0.0154 lr 7.6e-05
it  872 steps  85721088 sps   26,511 | ep_ret  -21.56 ep_len  729.8 (n=128) | pg -0.011 vf 0.043 kl 0.0157 lr 7.6e-05
it  873 steps  85819392 sps   26,511 | ep_ret  -22.54 ep_len  762.1 (n=129) | pg -0.012 vf 0.050 kl 0.0153 lr 5.1e-05
it  874 steps  85917696 sps   26,511 | ep_ret  -21.62 ep_len  722.2 (n=139) | pg -0.012 vf 0.050 kl 0.0164 lr 7.6e-05
it  875 steps  86016000 sps   26,512 | ep_ret  -22.90 ep_len  781.3 (n=134) | pg -0.012 vf 0.052 kl 0.0168 lr 7.6e-05
it  876 steps  86114304 sps   26,512 | ep_ret  -22.57 ep_len  754.9 (n=150) | pg -0.012 vf 0.055 kl 0.0150 lr 7.6e-05
it  877 steps  86212608 sps   26,512 | ep_ret  -21.55 ep_len  724.9 (n=160) | pg -0.012 vf 0.056 kl 0.0158 lr 7.6e-05
it  878 steps  86310912 sps   26,512 | ep_ret  -22.07 ep_len  756.7 (n=146) | pg -0.012 vf 0.052 kl 0.0170 lr 7.6e-05
it  879 steps  86409216 sps   26,513 | ep_ret  -21.59 ep_len  743.8 (n=148) | pg -0.012 vf 0.058 kl 0.0133 lr 5.1e-05
it  880 steps  86507520 sps   26,513 | ep_ret  -21.90 ep_len  719.9 (n=128) | pg -0.012 vf 0.046 kl 0.0164 lr 7.6e-05
it  881 steps  86605824 sps   26,513 | ep_ret  -22.01 ep_len  762.7 (n=132) | pg -0.012 vf 0.051 kl 0.0151 lr 5.1e-05
it  882 steps  86704128 sps   26,513 | ep_ret  -21.70 ep_len  707.8 (n=152) | pg -0.011 vf 0.053 kl 0.0170 lr 5.1e-05
it  883 steps  86802432 sps   26,513 | ep_ret  -22.63 ep_len  776.6 (n=126) | pg -0.012 vf 0.053 kl 0.0166 lr 7.6e-05
it  884 steps  86900736 sps   26,514 | ep_ret  -21.75 ep_len  715.8 (n=134) | pg -0.012 vf 0.048 kl 0.0156 lr 7.6e-05
it  885 steps  86999040 sps   26,514 | ep_ret  -22.27 ep_len  735.8 (n=137) | pg -0.012 vf 0.050 kl 0.0167 lr 5.1e-05
it  886 steps  87097344 sps   26,514 | ep_ret  -21.37 ep_len  741.7 (n=105) | pg -0.011 vf 0.043 kl 0.0150 lr 7.6e-05
it  887 steps  87195648 sps   26,514 | ep_ret  -22.45 ep_len  765.1 (n=130) | pg -0.012 vf 0.051 kl 0.0166 lr 5.1e-05
it  888 steps  87293952 sps   26,514 | ep_ret  -21.66 ep_len  722.0 (n=128) | pg -0.011 vf 0.046 kl 0.0149 lr 7.6e-05
it  889 steps  87392256 sps   26,514 | ep_ret  -22.19 ep_len  763.9 (n=127) | pg -0.012 vf 0.046 kl 0.0160 lr 7.6e-05
it  890 steps  87490560 sps   26,515 | ep_ret  -21.94 ep_len  741.2 (n=120) | pg -0.010 vf 0.046 kl 0.0150 lr 3.4e-05
it  891 steps  87588864 sps   26,515 | ep_ret  -24.55 ep_len  836.3 (n=116) | pg -0.011 vf 0.049 kl 0.0142 lr 5.1e-05
it  892 steps  87687168 sps   26,515 | ep_ret  -21.68 ep_len  729.2 (n=137) | pg -0.012 vf 0.048 kl 0.0157 lr 7.6e-05
it  893 steps  87785472 sps   26,515 | ep_ret  -22.45 ep_len  750.0 (n=140) | pg -0.011 vf 0.045 kl 0.0150 lr 5.1e-05
it  894 steps  87883776 sps   26,515 | ep_ret  -21.90 ep_len  729.3 (n=112) | pg -0.012 vf 0.042 kl 0.0155 lr 3.4e-05
it  895 steps  87982080 sps   26,516 | ep_ret  -21.98 ep_len  743.5 (n=112) | pg -0.011 vf 0.043 kl 0.0124 lr 7.6e-05
it  896 steps  88080384 sps   26,516 | ep_ret  -23.11 ep_len  785.8 (n=121) | pg -0.012 vf 0.047 kl 0.0169 lr 5.1e-05
it  897 steps  88178688 sps   26,516 | ep_ret  -22.86 ep_len  796.3 (n=121) | pg -0.012 vf 0.048 kl 0.0157 lr 5.1e-05
it  898 steps  88276992 sps   26,516 | ep_ret  -21.65 ep_len  713.9 (n=114) | pg -0.011 vf 0.042 kl 0.0167 lr 5.1e-05
it  899 steps  88375296 sps   26,517 | ep_ret  -23.69 ep_len  818.3 (n=136) | pg -0.012 vf 0.056 kl 0.0161 lr 7.6e-05
it  900 steps  88473600 sps   26,517 | ep_ret  -23.45 ep_len  798.2 (n=120) | pg -0.011 vf 0.044 kl 0.0169 lr 7.6e-05
it  901 steps  88571904 sps   26,517 | ep_ret  -23.39 ep_len  781.8 (n=99) | pg -0.010 vf 0.040 kl 0.0145 lr 5.1e-05
it  902 steps  88670208 sps   26,517 | ep_ret  -22.47 ep_len  764.0 (n=106) | pg -0.010 vf 0.039 kl 0.0135 lr 7.6e-05
it  903 steps  88768512 sps   26,517 | ep_ret  -22.96 ep_len  795.2 (n=105) | pg -0.011 vf 0.045 kl 0.0163 lr 7.6e-05
it  904 steps  88866816 sps   26,517 | ep_ret  -23.38 ep_len  789.8 (n=134) | pg -0.012 vf 0.050 kl 0.0148 lr 1.1e-04
it  905 steps  88965120 sps   26,518 | ep_ret  -23.40 ep_len  793.8 (n=138) | pg -0.009 vf 0.051 kl 0.0148 lr 5.1e-05
it  906 steps  89063424 sps   26,518 | ep_ret  -22.57 ep_len  761.2 (n=131) | pg -0.010 vf 0.050 kl 0.0152 lr 7.6e-05
it  907 steps  89161728 sps   26,518 | ep_ret  -22.99 ep_len  772.6 (n=123) | pg -0.012 vf 0.048 kl 0.0169 lr 5.1e-05
it  908 steps  89260032 sps   26,518 | ep_ret  -23.58 ep_len  799.3 (n=126) | pg -0.011 vf 0.048 kl 0.0151 lr 7.6e-05
it  909 steps  89358336 sps   26,518 | ep_ret  -23.60 ep_len  815.1 (n=131) | pg -0.010 vf 0.054 kl 0.0141 lr 3.4e-05
it  910 steps  89456640 sps   26,519 | ep_ret  -23.10 ep_len  783.4 (n=126) | pg -0.010 vf 0.049 kl 0.0125 lr 7.6e-05
it  911 steps  89554944 sps   26,519 | ep_ret  -23.13 ep_len  770.4 (n=129) | pg -0.012 vf 0.046 kl 0.0150 lr 5.1e-05
it  912 steps  89653248 sps   26,519 | ep_ret  -23.51 ep_len  777.2 (n=118) | pg -0.010 vf 0.044 kl 0.0163 lr 5.1e-05
it  913 steps  89751552 sps   26,519 | ep_ret  -23.99 ep_len  802.4 (n=129) | pg -0.012 vf 0.052 kl 0.0149 lr 7.6e-05
it  914 steps  89849856 sps   26,519 | ep_ret  -22.07 ep_len  745.8 (n=121) | pg -0.011 vf 0.042 kl 0.0160 lr 7.6e-05
it  915 steps  89948160 sps   26,519 | ep_ret  -23.61 ep_len  800.7 (n=118) | pg -0.012 vf 0.049 kl 0.0154 lr 7.6e-05
it  916 steps  90046464 sps   26,520 | ep_ret  -22.42 ep_len  739.6 (n=115) | pg -0.012 vf 0.047 kl 0.0159 lr 5.1e-05
it  917 steps  90144768 sps   26,520 | ep_ret  -23.87 ep_len  825.3 (n=148) | pg -0.012 vf 0.060 kl 0.0149 lr 5.1e-05
it  918 steps  90243072 sps   26,520 | ep_ret  -24.11 ep_len  814.8 (n=139) | pg -0.011 vf 0.053 kl 0.0160 lr 7.6e-05
it  919 steps  90341376 sps   26,520 | ep_ret  -23.05 ep_len  780.7 (n=143) | pg -0.012 vf 0.055 kl 0.0161 lr 7.6e-05
it  920 steps  90439680 sps   26,520 | ep_ret  -23.77 ep_len  806.4 (n=132) | pg -0.012 vf 0.053 kl 0.0160 lr 7.6e-05
it  921 steps  90537984 sps   26,521 | ep_ret  -23.69 ep_len  807.1 (n=129) | pg -0.011 vf 0.052 kl 0.0158 lr 1.1e-04
it  922 steps  90636288 sps   26,521 | ep_ret  -23.04 ep_len  762.4 (n=136) | pg -0.012 vf 0.050 kl 0.0160 lr 7.6e-05
it  923 steps  90734592 sps   26,521 | ep_ret  -24.36 ep_len  833.6 (n=113) | pg -0.012 vf 0.053 kl 0.0159 lr 5.1e-05
it  924 steps  90832896 sps   26,521 | ep_ret  -22.74 ep_len  753.5 (n=135) | pg -0.012 vf 0.051 kl 0.0161 lr 7.6e-05
it  925 steps  90931200 sps   26,521 | ep_ret  -24.36 ep_len  823.4 (n=126) | pg -0.012 vf 0.055 kl 0.0157 lr 5.1e-05
it  926 steps  91029504 sps   26,522 | ep_ret  -24.59 ep_len  828.8 (n=138) | pg -0.010 vf 0.056 kl 0.0171 lr 7.6e-05
it  927 steps  91127808 sps   26,522 | ep_ret  -24.26 ep_len  827.2 (n=129) | pg -0.012 vf 0.051 kl 0.0161 lr 1.1e-04
it  928 steps  91226112 sps   26,522 | ep_ret  -23.63 ep_len  785.9 (n=108) | pg -0.012 vf 0.042 kl 0.0158 lr 5.1e-05
it  929 steps  91324416 sps   26,522 | ep_ret  -22.97 ep_len  790.0 (n=113) | pg -0.011 vf 0.050 kl 0.0152 lr 5.1e-05
it  930 steps  91422720 sps   26,523 | ep_ret  -22.97 ep_len  746.5 (n=116) | pg -0.011 vf 0.046 kl 0.0146 lr 7.6e-05
it  931 steps  91521024 sps   26,523 | ep_ret  -23.28 ep_len  771.4 (n=118) | pg -0.012 vf 0.044 kl 0.0159 lr 7.6e-05
it  932 steps  91619328 sps   26,523 | ep_ret  -23.79 ep_len  788.8 (n=120) | pg -0.011 vf 0.050 kl 0.0152 lr 7.6e-05
it  933 steps  91717632 sps   26,523 | ep_ret  -23.08 ep_len  747.6 (n=112) | pg -0.012 vf 0.044 kl 0.0167 lr 5.1e-05
it  934 steps  91815936 sps   26,524 | ep_ret  -23.20 ep_len  755.9 (n=149) | pg -0.012 vf 0.053 kl 0.0152 lr 5.1e-05
it  935 steps  91914240 sps   26,524 | ep_ret  -23.17 ep_len  782.3 (n=127) | pg -0.011 vf 0.048 kl 0.0150 lr 5.1e-05
it  936 steps  92012544 sps   26,524 | ep_ret  -23.23 ep_len  763.5 (n=129) | pg -0.011 vf 0.051 kl 0.0172 lr 7.6e-05
it  937 steps  92110848 sps   26,524 | ep_ret  -22.14 ep_len  734.4 (n=105) | pg -0.011 vf 0.044 kl 0.0144 lr 5.1e-05
it  938 steps  92209152 sps   26,525 | ep_ret  -23.53 ep_len  794.4 (n=119) | pg -0.012 vf 0.050 kl 0.0161 lr 5.1e-05
it  939 steps  92307456 sps   26,525 | ep_ret  -23.90 ep_len  814.4 (n=128) | pg -0.011 vf 0.056 kl 0.0157 lr 5.1e-05
it  940 steps  92405760 sps   26,525 | ep_ret  -22.71 ep_len  753.2 (n=111) | pg -0.009 vf 0.047 kl 0.0142 lr 7.6e-05
it  941 steps  92504064 sps   26,526 | ep_ret  -25.63 ep_len  870.5 (n=140) | pg -0.011 vf 0.064 kl 0.0148 lr 7.6e-05
it  942 steps  92602368 sps   26,526 | ep_ret  -22.75 ep_len  755.8 (n=105) | pg -0.011 vf 0.040 kl 0.0166 lr 5.1e-05
it  943 steps  92700672 sps   26,526 | ep_ret  -23.45 ep_len  765.5 (n=124) | pg -0.013 vf 0.052 kl 0.0151 lr 3.4e-05
it  944 steps  92798976 sps   26,526 | ep_ret  -23.28 ep_len  758.9 (n=117) | pg -0.011 vf 0.047 kl 0.0122 lr 7.6e-05
it  945 steps  92897280 sps   26,527 | ep_ret  -22.48 ep_len  750.8 (n=132) | pg -0.011 vf 0.053 kl 0.0138 lr 7.6e-05
it  946 steps  92995584 sps   26,527 | ep_ret  -22.99 ep_len  771.4 (n=145) | pg -0.013 vf 0.059 kl 0.0177 lr 2.3e-05
it  947 steps  93093888 sps   26,527 | ep_ret  -23.75 ep_len  788.8 (n=136) | pg -0.011 vf 0.058 kl 0.0143 lr 7.6e-05
it  948 steps  93192192 sps   26,528 | ep_ret  -23.97 ep_len  783.0 (n=136) | pg -0.011 vf 0.056 kl 0.0137 lr 5.1e-05
it  949 steps  93290496 sps   26,528 | ep_ret  -23.75 ep_len  779.3 (n=124) | pg -0.011 vf 0.051 kl 0.0158 lr 3.4e-05
it  950 steps  93388800 sps   26,528 | ep_ret  -24.14 ep_len  800.1 (n=110) | pg -0.010 vf 0.048 kl 0.0128 lr 7.6e-05
it  951 steps  93487104 sps   26,529 | ep_ret  -23.76 ep_len  796.0 (n=133) | pg -0.013 vf 0.057 kl 0.0142 lr 7.6e-05
it  952 steps  93585408 sps   26,529 | ep_ret  -24.05 ep_len  789.0 (n=119) | pg -0.010 vf 0.053 kl 0.0170 lr 7.6e-05
it  953 steps  93683712 sps   26,529 | ep_ret  -24.19 ep_len  804.8 (n=106) | pg -0.012 vf 0.047 kl 0.0163 lr 7.6e-05
it  954 steps  93782016 sps   26,529 | ep_ret  -23.38 ep_len  767.2 (n=128) | pg -0.012 vf 0.051 kl 0.0160 lr 5.1e-05
it  955 steps  93880320 sps   26,530 | ep_ret  -23.72 ep_len  801.2 (n=123) | pg -0.011 vf 0.052 kl 0.0167 lr 7.6e-05
it  956 steps  93978624 sps   26,530 | ep_ret  -24.06 ep_len  787.0 (n=109) | pg -0.012 vf 0.046 kl 0.0172 lr 7.6e-05
it  957 steps  94076928 sps   26,530 | ep_ret  -24.77 ep_len  820.7 (n=124) | pg -0.011 vf 0.053 kl 0.0154 lr 1.1e-04
it  958 steps  94175232 sps   26,530 | ep_ret  -24.11 ep_len  781.9 (n=127) | pg -0.012 vf 0.052 kl 0.0181 lr 7.6e-05
it  959 steps  94273536 sps   26,531 | ep_ret  -24.34 ep_len  806.0 (n=150) | pg -0.013 vf 0.062 kl 0.0161 lr 5.1e-05
it  960 steps  94371840 sps   26,531 | ep_ret  -24.32 ep_len  804.3 (n=133) | pg -0.010 vf 0.051 kl 0.0142 lr 5.1e-05
it  961 steps  94470144 sps   26,531 | ep_ret  -24.24 ep_len  796.7 (n=146) | pg -0.012 vf 0.060 kl 0.0150 lr 7.6e-05
it  962 steps  94568448 sps   26,531 | ep_ret  -24.43 ep_len  794.3 (n=142) | pg -0.011 vf 0.057 kl 0.0153 lr 7.6e-05
it  963 steps  94666752 sps   26,531 | ep_ret  -21.96 ep_len  704.4 (n=124) | pg -0.011 vf 0.047 kl 0.0165 lr 5.1e-05
it  964 steps  94765056 sps   26,532 | ep_ret  -25.20 ep_len  819.8 (n=119) | pg -0.013 vf 0.054 kl 0.0163 lr 7.6e-05
it  965 steps  94863360 sps   26,532 | ep_ret  -23.61 ep_len  763.1 (n=107) | pg -0.012 vf 0.050 kl 0.0160 lr 7.6e-05
it  966 steps  94961664 sps   26,532 | ep_ret  -23.23 ep_len  768.3 (n=139) | pg -0.012 vf 0.053 kl 0.0151 lr 7.6e-05
it  967 steps  95059968 sps   26,533 | ep_ret  -23.76 ep_len  771.0 (n=133) | pg -0.011 vf 0.057 kl 0.0149 lr 7.6e-05
it  968 steps  95158272 sps   26,533 | ep_ret  -24.34 ep_len  787.4 (n=145) | pg -0.012 vf 0.059 kl 0.0162 lr 1.1e-04
it  969 steps  95256576 sps   26,533 | ep_ret  -24.55 ep_len  799.4 (n=126) | pg -0.010 vf 0.050 kl 0.0167 lr 5.1e-05
it  970 steps  95354880 sps   26,533 | ep_ret  -24.12 ep_len  792.3 (n=105) | pg -0.013 vf 0.045 kl 0.0144 lr 1.1e-04
it  971 steps  95453184 sps   26,534 | ep_ret  -23.41 ep_len  768.3 (n=132) | pg -0.011 vf 0.056 kl 0.0141 lr 7.6e-05
it  972 steps  95551488 sps   26,534 | ep_ret  -23.55 ep_len  741.2 (n=128) | pg -0.011 vf 0.054 kl 0.0131 lr 5.1e-05
it  973 steps  95649792 sps   26,534 | ep_ret  -22.68 ep_len  726.1 (n=109) | pg -0.012 vf 0.045 kl 0.0151 lr 7.6e-05
it  974 steps  95748096 sps   26,535 | ep_ret  -25.32 ep_len  818.3 (n=110) | pg -0.011 vf 0.047 kl 0.0152 lr 5.1e-05
it  975 steps  95846400 sps   26,535 | ep_ret  -24.69 ep_len  818.7 (n=120) | pg -0.012 vf 0.057 kl 0.0157 lr 5.1e-05
it  976 steps  95944704 sps   26,535 | ep_ret  -25.07 ep_len  793.2 (n=124) | pg -0.011 vf 0.051 kl 0.0159 lr 5.1e-05
it  977 steps  96043008 sps   26,535 | ep_ret  -25.44 ep_len  807.4 (n=128) | pg -0.012 vf 0.055 kl 0.0165 lr 7.6e-05
it  978 steps  96141312 sps   26,536 | ep_ret  -23.20 ep_len  729.1 (n=129) | pg -0.012 vf 0.054 kl 0.0160 lr 5.1e-05
it  979 steps  96239616 sps   26,536 | ep_ret  -24.01 ep_len  782.8 (n=101) | pg -0.012 vf 0.049 kl 0.0157 lr 5.1e-05
it  980 steps  96337920 sps   26,536 | ep_ret  -23.36 ep_len  734.5 (n=144) | pg -0.012 vf 0.055 kl 0.0161 lr 5.1e-05
it  981 steps  96436224 sps   26,537 | ep_ret  -22.56 ep_len  726.1 (n=139) | pg -0.012 vf 0.048 kl 0.0157 lr 7.6e-05
it  982 steps  96534528 sps   26,537 | ep_ret  -22.92 ep_len  745.8 (n=124) | pg -0.010 vf 0.050 kl 0.0149 lr 5.1e-05
it  983 steps  96632832 sps   26,537 | ep_ret  -24.70 ep_len  809.6 (n=156) | pg -0.010 vf 0.064 kl 0.0158 lr 7.6e-05
it  984 steps  96731136 sps   26,538 | ep_ret  -24.24 ep_len  743.9 (n=101) | pg -0.010 vf 0.046 kl 0.0143 lr 3.4e-05
it  985 steps  96829440 sps   26,538 | ep_ret  -23.79 ep_len  763.2 (n=101) | pg -0.011 vf 0.045 kl 0.0144 lr 5.1e-05
it  986 steps  96927744 sps   26,538 | ep_ret  -25.11 ep_len  819.5 (n=112) | pg -0.010 vf 0.053 kl 0.0157 lr 7.6e-05
it  987 steps  97026048 sps   26,539 | ep_ret  -24.81 ep_len  805.4 (n=129) | pg -0.012 vf 0.057 kl 0.0164 lr 5.1e-05
it  988 steps  97124352 sps   26,539 | ep_ret  -24.68 ep_len  782.7 (n=145) | pg -0.012 vf 0.056 kl 0.0162 lr 5.1e-05
it  989 steps  97222656 sps   26,540 | ep_ret  -24.74 ep_len  796.9 (n=151) | pg -0.012 vf 0.064 kl 0.0151 lr 5.1e-05
it  990 steps  97320960 sps   26,540 | ep_ret  -26.32 ep_len  851.5 (n=115) | pg -0.011 vf 0.055 kl 0.0154 lr 7.6e-05
it  991 steps  97419264 sps   26,540 | ep_ret  -23.74 ep_len  764.3 (n=127) | pg -0.012 vf 0.054 kl 0.0158 lr 5.1e-05
it  992 steps  97517568 sps   26,541 | ep_ret  -25.64 ep_len  799.7 (n=113) | pg -0.011 vf 0.052 kl 0.0166 lr 7.6e-05
it  993 steps  97615872 sps   26,541 | ep_ret  -24.54 ep_len  768.2 (n=132) | pg -0.010 vf 0.056 kl 0.0144 lr 5.1e-05
it  994 steps  97714176 sps   26,541 | ep_ret  -24.83 ep_len  800.8 (n=124) | pg -0.012 vf 0.051 kl 0.0157 lr 1.1e-04
it  995 steps  97812480 sps   26,542 | ep_ret  -24.09 ep_len  752.9 (n=133) | pg -0.009 vf 0.051 kl 0.0152 lr 7.6e-05
it  996 steps  97910784 sps   26,542 | ep_ret  -23.93 ep_len  762.1 (n=134) | pg -0.012 vf 0.054 kl 0.0149 lr 7.6e-05
it  997 steps  98009088 sps   26,543 | ep_ret  -24.49 ep_len  788.1 (n=119) | pg -0.012 vf 0.052 kl 0.0177 lr 7.6e-05
it  998 steps  98107392 sps   26,543 | ep_ret  -24.14 ep_len  756.7 (n=126) | pg -0.012 vf 0.055 kl 0.0161 lr 5.1e-05
it  999 steps  98205696 sps   26,543 | ep_ret  -23.48 ep_len  744.5 (n=127) | pg -0.011 vf 0.052 kl 0.0135 lr 7.6e-05
it 1000 steps  98304000 sps   26,544 | ep_ret  -24.41 ep_len  763.9 (n=140) | pg -0.011 vf 0.061 kl 0.0152 lr 7.6e-05
it 1001 steps  98402304 sps   26,544 | ep_ret  -25.37 ep_len  830.1 (n=147) | pg -0.011 vf 0.066 kl 0.0152 lr 7.6e-05
it 1002 steps  98500608 sps   26,544 | ep_ret  -24.57 ep_len  793.8 (n=122) | pg -0.010 vf 0.057 kl 0.0131 lr 5.1e-05
it 1003 steps  98598912 sps   26,545 | ep_ret  -24.78 ep_len  803.2 (n=119) | pg -0.012 vf 0.058 kl 0.0157 lr 5.1e-05
it 1004 steps  98697216 sps   26,545 | ep_ret  -24.00 ep_len  743.5 (n=141) | pg -0.012 vf 0.056 kl 0.0157 lr 5.1e-05
it 1005 steps  98795520 sps   26,545 | ep_ret  -24.08 ep_len  757.6 (n=119) | pg -0.011 vf 0.052 kl 0.0171 lr 3.4e-05
it 1006 steps  98893824 sps   26,545 | ep_ret  -24.89 ep_len  776.4 (n=135) | pg -0.010 vf 0.058 kl 0.0125 lr 7.6e-05
it 1007 steps  98992128 sps   26,546 | ep_ret  -24.61 ep_len  783.2 (n=120) | pg -0.011 vf 0.056 kl 0.0170 lr 7.6e-05
it 1008 steps  99090432 sps   26,546 | ep_ret  -25.70 ep_len  812.7 (n=136) | pg -0.011 vf 0.062 kl 0.0158 lr 1.1e-04
it 1009 steps  99188736 sps   26,546 | ep_ret  -24.16 ep_len  735.8 (n=142) | pg -0.009 vf 0.060 kl 0.0142 lr 7.6e-05
it 1010 steps  99287040 sps   26,547 | ep_ret  -24.97 ep_len  768.6 (n=141) | pg -0.012 vf 0.063 kl 0.0169 lr 7.6e-05
it 1011 steps  99385344 sps   26,547 | ep_ret  -24.42 ep_len  776.1 (n=109) | pg -0.012 vf 0.047 kl 0.0162 lr 7.6e-05
it 1012 steps  99483648 sps   26,547 | ep_ret  -24.16 ep_len  748.8 (n=126) | pg -0.011 vf 0.051 kl 0.0156 lr 5.1e-05
it 1013 steps  99581952 sps   26,548 | ep_ret  -24.95 ep_len  775.3 (n=132) | pg -0.012 vf 0.055 kl 0.0141 lr 5.1e-05
it 1014 steps  99680256 sps   26,548 | ep_ret  -24.53 ep_len  763.1 (n=119) | pg -0.011 vf 0.050 kl 0.0162 lr 5.1e-05
it 1015 steps  99778560 sps   26,548 | ep_ret  -24.79 ep_len  784.1 (n=113) | pg -0.012 vf 0.052 kl 0.0151 lr 7.6e-05
it 1016 steps  99876864 sps   26,548 | ep_ret  -23.29 ep_len  697.5 (n=129) | pg -0.011 vf 0.049 kl 0.0160 lr 7.6e-05
it 1017 steps  99975168 sps   26,549 | ep_ret  -24.79 ep_len  765.2 (n=129) | pg -0.011 vf 0.055 kl 0.0159 lr 7.6e-05
it 1018 steps 100073472 sps   26,549 | ep_ret  -25.02 ep_len  764.3 (n=130) | pg -0.012 vf 0.055 kl 0.0167 lr 7.6e-05
it 1019 steps 100171776 sps   26,549 | ep_ret  -23.72 ep_len  754.2 (n=123) | pg -0.011 vf 0.054 kl 0.0151 lr 7.6e-05
it 1020 steps 100270080 sps   26,550 | ep_ret  -24.11 ep_len  768.2 (n=133) | pg -0.010 vf 0.054 kl 0.0152 lr 5.1e-05
it 1021 steps 100368384 sps   26,550 | ep_ret  -24.57 ep_len  774.4 (n=125) | pg -0.012 vf 0.057 kl 0.0161 lr 5.1e-05
it 1022 steps 100466688 sps   26,550 | ep_ret  -24.89 ep_len  786.9 (n=131) | pg -0.010 vf 0.060 kl 0.0164 lr 5.1e-05
it 1023 steps 100564992 sps   26,551 | ep_ret  -24.51 ep_len  754.3 (n=122) | pg -0.012 vf 0.052 kl 0.0162 lr 7.6e-05
it 1024 steps 100663296 sps   26,551 | ep_ret  -24.82 ep_len  773.7 (n=151) | pg -0.010 vf 0.064 kl 0.0152 lr 7.6e-05
it 1025 steps 100761600 sps   26,551 | ep_ret  -24.28 ep_len  742.3 (n=147) | pg -0.011 vf 0.056 kl 0.0147 lr 7.6e-05
it 1026 steps 100859904 sps   26,552 | ep_ret  -24.54 ep_len  760.3 (n=115) | pg -0.012 vf 0.057 kl 0.0157 lr 5.1e-05
it 1027 steps 100958208 sps   26,552 | ep_ret  -23.10 ep_len  689.2 (n=121) | pg -0.010 vf 0.045 kl 0.0153 lr 5.1e-05
it 1028 steps 101056512 sps   26,552 | ep_ret  -24.36 ep_len  739.5 (n=143) | pg -0.011 vf 0.058 kl 0.0119 lr 7.6e-05
it 1029 steps 101154816 sps   26,553 | ep_ret  -24.70 ep_len  761.2 (n=142) | pg -0.011 vf 0.063 kl 0.0165 lr 3.4e-05
it 1030 steps 101253120 sps   26,553 | ep_ret  -24.15 ep_len  761.9 (n=110) | pg -0.011 vf 0.054 kl 0.0134 lr 7.6e-05
it 1031 steps 101351424 sps   26,553 | ep_ret  -24.68 ep_len  771.7 (n=139) | pg -0.010 vf 0.060 kl 0.0160 lr 5.1e-05
it 1032 steps 101449728 sps   26,554 | ep_ret  -22.74 ep_len  688.4 (n=140) | pg -0.011 vf 0.053 kl 0.0167 lr 7.6e-05
it 1033 steps 101548032 sps   26,554 | ep_ret  -23.98 ep_len  730.2 (n=133) | pg -0.012 vf 0.058 kl 0.0169 lr 7.6e-05
it 1034 steps 101646336 sps   26,555 | ep_ret  -24.49 ep_len  741.8 (n=138) | pg -0.012 vf 0.058 kl 0.0154 lr 3.4e-05
it 1035 steps 101744640 sps   26,555 | ep_ret  -23.92 ep_len  749.2 (n=128) | pg -0.009 vf 0.057 kl 0.0125 lr 7.6e-05
it 1036 steps 101842944 sps   26,555 | ep_ret  -25.63 ep_len  802.8 (n=117) | pg -0.011 vf 0.055 kl 0.0150 lr 7.6e-05
it 1037 steps 101941248 sps   26,556 | ep_ret  -25.00 ep_len  776.3 (n=134) | pg -0.011 vf 0.061 kl 0.0162 lr 5.1e-05
it 1038 steps 102039552 sps   26,556 | ep_ret  -25.28 ep_len  779.9 (n=123) | pg -0.011 vf 0.058 kl 0.0169 lr 7.6e-05
it 1039 steps 102137856 sps   26,556 | ep_ret  -24.29 ep_len  744.6 (n=130) | pg -0.012 vf 0.054 kl 0.0165 lr 7.6e-05
it 1040 steps 102236160 sps   26,557 | ep_ret  -24.62 ep_len  750.2 (n=126) | pg -0.012 vf 0.056 kl 0.0179 lr 7.6e-05
it 1041 steps 102334464 sps   26,557 | ep_ret  -24.65 ep_len  750.9 (n=120) | pg -0.011 vf 0.054 kl 0.0145 lr 7.6e-05
it 1042 steps 102432768 sps   26,558 | ep_ret  -25.75 ep_len  798.3 (n=146) | pg -0.010 vf 0.068 kl 0.0155 lr 7.6e-05
it 1043 steps 102531072 sps   26,558 | ep_ret  -26.10 ep_len  828.5 (n=125) | pg -0.011 vf 0.062 kl 0.0155 lr 7.6e-05
it 1044 steps 102629376 sps   26,558 | ep_ret  -23.66 ep_len  733.3 (n=124) | pg -0.011 vf 0.053 kl 0.0169 lr 5.1e-05
it 1045 steps 102727680 sps   26,559 | ep_ret  -25.65 ep_len  774.7 (n=126) | pg -0.011 vf 0.057 kl 0.0162 lr 7.6e-05
it 1046 steps 102825984 sps   26,559 | ep_ret  -24.25 ep_len  739.3 (n=130) | pg -0.011 vf 0.058 kl 0.0159 lr 7.6e-05
it 1047 steps 102924288 sps   26,560 | ep_ret  -25.10 ep_len  785.5 (n=110) | pg -0.012 vf 0.053 kl 0.0175 lr 7.6e-05
it 1048 steps 103022592 sps   26,560 | ep_ret  -25.69 ep_len  781.4 (n=111) | pg -0.009 vf 0.058 kl 0.0164 lr 5.1e-05
it 1049 steps 103120896 sps   26,560 | ep_ret  -25.85 ep_len  788.9 (n=144) | pg -0.012 vf 0.069 kl 0.0160 lr 2.3e-05
it 1050 steps 103219200 sps   26,561 | ep_ret  -26.50 ep_len  799.4 (n=131) | pg -0.009 vf 0.060 kl 0.0104 lr 5.1e-05
it 1051 steps 103317504 sps   26,561 | ep_ret  -26.76 ep_len  836.0 (n=127) | pg -0.012 vf 0.065 kl 0.0151 lr 7.6e-05
it 1052 steps 103415808 sps   26,561 | ep_ret  -24.90 ep_len  753.9 (n=140) | pg -0.011 vf 0.061 kl 0.0161 lr 5.1e-05
it 1053 steps 103514112 sps   26,562 | ep_ret  -24.27 ep_len  728.0 (n=126) | pg -0.010 vf 0.054 kl 0.0145 lr 5.1e-05
it 1054 steps 103612416 sps   26,562 | ep_ret  -25.49 ep_len  784.5 (n=108) | pg -0.012 vf 0.052 kl 0.0156 lr 3.4e-05
it 1055 steps 103710720 sps   26,563 | ep_ret  -26.41 ep_len  789.0 (n=132) | pg -0.011 vf 0.056 kl 0.0116 lr 7.6e-05
it 1056 steps 103809024 sps   26,563 | ep_ret  -26.17 ep_len  783.7 (n=112) | pg -0.012 vf 0.052 kl 0.0155 lr 5.1e-05
it 1057 steps 103907328 sps   26,563 | ep_ret  -25.93 ep_len  779.0 (n=116) | pg -0.011 vf 0.061 kl 0.0156 lr 7.6e-05
it 1058 steps 104005632 sps   26,564 | ep_ret  -26.03 ep_len  784.2 (n=124) | pg -0.011 vf 0.058 kl 0.0154 lr 3.4e-05
it 1059 steps 104103936 sps   26,564 | ep_ret  -26.12 ep_len  793.5 (n=122) | pg -0.010 vf 0.059 kl 0.0128 lr 7.6e-05
it 1060 steps 104202240 sps   26,564 | ep_ret  -25.28 ep_len  780.4 (n=119) | pg -0.011 vf 0.056 kl 0.0144 lr 5.1e-05
it 1061 steps 104300544 sps   26,565 | ep_ret  -25.58 ep_len  781.5 (n=135) | pg -0.012 vf 0.068 kl 0.0152 lr 7.6e-05
it 1062 steps 104398848 sps   26,565 | ep_ret  -24.44 ep_len  729.8 (n=114) | pg -0.009 vf 0.049 kl 0.0139 lr 5.1e-05
it 1063 steps 104497152 sps   26,566 | ep_ret  -27.15 ep_len  831.8 (n=123) | pg -0.011 vf 0.061 kl 0.0142 lr 5.1e-05
it 1064 steps 104595456 sps   26,566 | ep_ret  -26.58 ep_len  812.3 (n=116) | pg -0.009 vf 0.056 kl 0.0133 lr 5.1e-05
it 1065 steps 104693760 sps   26,567 | ep_ret  -26.12 ep_len  788.9 (n=126) | pg -0.011 vf 0.068 kl 0.0149 lr 7.6e-05
it 1066 steps 104792064 sps   26,567 | ep_ret  -26.38 ep_len  787.1 (n=159) | pg -0.010 vf 0.070 kl 0.0155 lr 7.6e-05
it 1067 steps 104890368 sps   26,567 | ep_ret  -24.75 ep_len  739.0 (n=105) | pg -0.012 vf 0.047 kl 0.0157 lr 7.6e-05
it 1068 steps 104988672 sps   26,568 | ep_ret  -25.30 ep_len  740.7 (n=127) | pg -0.011 vf 0.060 kl 0.0175 lr 7.6e-05
it 1069 steps 105086976 sps   26,568 | ep_ret  -26.05 ep_len  787.2 (n=126) | pg -0.011 vf 0.059 kl 0.0157 lr 7.6e-05
it 1070 steps 105185280 sps   26,569 | ep_ret  -26.66 ep_len  801.1 (n=134) | pg -0.011 vf 0.061 kl 0.0162 lr 5.1e-05
it 1071 steps 105283584 sps   26,569 | ep_ret  -26.54 ep_len  798.8 (n=117) | pg -0.009 vf 0.055 kl 0.0146 lr 5.1e-05
it 1072 steps 105381888 sps   26,569 | ep_ret  -25.06 ep_len  740.8 (n=114) | pg -0.012 vf 0.053 kl 0.0154 lr 7.6e-05
it 1073 steps 105480192 sps   26,570 | ep_ret  -27.24 ep_len  853.0 (n=122) | pg -0.011 vf 0.065 kl 0.0160 lr 7.6e-05
it 1074 steps 105578496 sps   26,570 | ep_ret  -26.64 ep_len  803.5 (n=130) | pg -0.010 vf 0.065 kl 0.0158 lr 3.4e-05
it 1075 steps 105676800 sps   26,571 | ep_ret  -26.04 ep_len  775.3 (n=124) | pg -0.011 vf 0.055 kl 0.0152 lr 5.1e-05
it 1076 steps 105775104 sps   26,571 | ep_ret  -26.74 ep_len  808.8 (n=132) | pg -0.012 vf 0.065 kl 0.0150 lr 5.1e-05
it 1077 steps 105873408 sps   26,571 | ep_ret  -25.78 ep_len  758.3 (n=137) | pg -0.011 vf 0.062 kl 0.0166 lr 5.1e-05
it 1078 steps 105971712 sps   26,572 | ep_ret  -25.92 ep_len  782.2 (n=128) | pg -0.012 vf 0.062 kl 0.0159 lr 5.1e-05
it 1079 steps 106070016 sps   26,572 | ep_ret  -25.62 ep_len  767.8 (n=143) | pg -0.012 vf 0.063 kl 0.0164 lr 7.6e-05
it 1080 steps 106168320 sps   26,573 | ep_ret  -26.20 ep_len  789.4 (n=126) | pg -0.009 vf 0.062 kl 0.0130 lr 5.1e-05
it 1081 steps 106266624 sps   26,573 | ep_ret  -26.75 ep_len  783.8 (n=120) | pg -0.012 vf 0.057 kl 0.0154 lr 3.4e-05
it 1082 steps 106364928 sps   26,574 | ep_ret  -25.53 ep_len  737.1 (n=113) | pg -0.009 vf 0.050 kl 0.0134 lr 7.6e-05
it 1083 steps 106463232 sps   26,574 | ep_ret  -26.50 ep_len  792.8 (n=122) | pg -0.010 vf 0.058 kl 0.0158 lr 7.6e-05
it 1084 steps 106561536 sps   26,574 | ep_ret  -26.70 ep_len  807.9 (n=132) | pg -0.010 vf 0.066 kl 0.0146 lr 3.4e-05
it 1085 steps 106659840 sps   26,575 | ep_ret  -25.64 ep_len  758.7 (n=129) | pg -0.012 vf 0.056 kl 0.0129 lr 7.6e-05
it 1086 steps 106758144 sps   26,575 | ep_ret  -26.18 ep_len  775.1 (n=127) | pg -0.011 vf 0.058 kl 0.0162 lr 7.6e-05
it 1087 steps 106856448 sps   26,575 | ep_ret  -26.66 ep_len  808.9 (n=118) | pg -0.011 vf 0.060 kl 0.0166 lr 5.1e-05
it 1088 steps 106954752 sps   26,576 | ep_ret  -27.07 ep_len  827.9 (n=114) | pg -0.012 vf 0.061 kl 0.0166 lr 5.1e-05
it 1089 steps 107053056 sps   26,576 | ep_ret  -27.14 ep_len  794.6 (n=126) | pg -0.010 vf 0.061 kl 0.0159 lr 7.6e-05
it 1090 steps 107151360 sps   26,577 | ep_ret  -26.89 ep_len  786.3 (n=122) | pg -0.011 vf 0.059 kl 0.0153 lr 7.6e-05
it 1091 steps 107249664 sps   26,577 | ep_ret  -26.66 ep_len  807.5 (n=136) | pg -0.010 vf 0.064 kl 0.0160 lr 7.6e-05
it 1092 steps 107347968 sps   26,577 | ep_ret  -26.19 ep_len  772.9 (n=117) | pg -0.012 vf 0.059 kl 0.0168 lr 3.4e-05
it 1093 steps 107446272 sps   26,578 | ep_ret  -27.45 ep_len  817.1 (n=123) | pg -0.011 vf 0.060 kl 0.0140 lr 7.6e-05
it 1094 steps 107544576 sps   26,578 | ep_ret  -27.69 ep_len  813.9 (n=142) | pg -0.012 vf 0.066 kl 0.0156 lr 5.1e-05
it 1095 steps 107642880 sps   26,579 | ep_ret  -25.96 ep_len  769.0 (n=133) | pg -0.010 vf 0.062 kl 0.0154 lr 5.1e-05
it 1096 steps 107741184 sps   26,579 | ep_ret  -27.49 ep_len  825.4 (n=104) | pg -0.010 vf 0.056 kl 0.0130 lr 7.6e-05
it 1097 steps 107839488 sps   26,579 | ep_ret  -25.09 ep_len  712.5 (n=111) | pg -0.011 vf 0.049 kl 0.0150 lr 7.6e-05
it 1098 steps 107937792 sps   26,580 | ep_ret  -27.40 ep_len  812.9 (n=108) | pg -0.010 vf 0.056 kl 0.0134 lr 5.1e-05
it 1099 steps 108036096 sps   26,580 | ep_ret  -27.19 ep_len  809.0 (n=119) | pg -0.011 vf 0.062 kl 0.0154 lr 5.1e-05
it 1100 steps 108134400 sps   26,581 | ep_ret  -27.20 ep_len  813.8 (n=129) | pg -0.013 vf 0.064 kl 0.0166 lr 7.6e-05
it 1101 steps 108232704 sps   26,581 | ep_ret  -26.66 ep_len  779.1 (n=112) | pg -0.010 vf 0.056 kl 0.0160 lr 7.6e-05
it 1102 steps 108331008 sps   26,582 | ep_ret  -27.73 ep_len  829.2 (n=116) | pg -0.011 vf 0.064 kl 0.0159 lr 7.6e-05
it 1103 steps 108429312 sps   26,582 | ep_ret  -26.65 ep_len  795.6 (n=119) | pg -0.010 vf 0.062 kl 0.0158 lr 7.6e-05
it 1104 steps 108527616 sps   26,583 | ep_ret  -24.62 ep_len  721.5 (n=115) | pg -0.011 vf 0.055 kl 0.0162 lr 3.4e-05
it 1105 steps 108625920 sps   26,583 | ep_ret  -26.18 ep_len  764.5 (n=138) | pg -0.009 vf 0.059 kl 0.0143 lr 7.6e-05
it 1106 steps 108724224 sps   26,584 | ep_ret  -26.83 ep_len  812.1 (n=103) | pg -0.011 vf 0.053 kl 0.0167 lr 5.1e-05
it 1107 steps 108822528 sps   26,584 | ep_ret  -27.39 ep_len  829.0 (n=145) | pg -0.012 vf 0.072 kl 0.0163 lr 5.1e-05
it 1108 steps 108920832 sps   26,584 | ep_ret  -26.50 ep_len  793.7 (n=133) | pg -0.009 vf 0.070 kl 0.0160 lr 7.6e-05
it 1109 steps 109019136 sps   26,585 | ep_ret  -25.24 ep_len  715.1 (n=130) | pg -0.012 vf 0.057 kl 0.0151 lr 5.1e-05
it 1110 steps 109117440 sps   26,585 | ep_ret  -27.06 ep_len  800.0 (n=124) | pg -0.011 vf 0.058 kl 0.0156 lr 7.6e-05
it 1111 steps 109215744 sps   26,586 | ep_ret  -27.87 ep_len  827.2 (n=133) | pg -0.012 vf 0.070 kl 0.0156 lr 7.6e-05
it 1112 steps 109314048 sps   26,586 | ep_ret  -27.11 ep_len  785.4 (n=145) | pg -0.011 vf 0.067 kl 0.0150 lr 5.1e-05
it 1113 steps 109412352 sps   26,587 | ep_ret  -27.60 ep_len  809.8 (n=91) | pg -0.011 vf 0.051 kl 0.0152 lr 1.1e-04
it 1114 steps 109510656 sps   26,587 | ep_ret  -26.19 ep_len  745.0 (n=140) | pg -0.011 vf 0.067 kl 0.0173 lr 3.4e-05
it 1115 steps 109608960 sps   26,588 | ep_ret  -26.04 ep_len  760.9 (n=123) | pg -0.011 vf 0.057 kl 0.0141 lr 7.6e-05
it 1116 steps 109707264 sps   26,588 | ep_ret  -28.04 ep_len  823.7 (n=127) | pg -0.011 vf 0.069 kl 0.0152 lr 7.6e-05
it 1117 steps 109805568 sps   26,589 | ep_ret  -26.71 ep_len  775.2 (n=129) | pg -0.011 vf 0.066 kl 0.0162 lr 7.6e-05
it 1118 steps 109903872 sps   26,589 | ep_ret  -25.47 ep_len  730.2 (n=137) | pg -0.011 vf 0.060 kl 0.0162 lr 5.1e-05
it 1119 steps 110002176 sps   26,589 | ep_ret  -26.92 ep_len  798.4 (n=130) | pg -0.011 vf 0.067 kl 0.0169 lr 5.1e-05
it 1120 steps 110100480 sps   26,590 | ep_ret  -27.15 ep_len  818.2 (n=141) | pg -0.011 vf 0.072 kl 0.0161 lr 7.6e-05
it 1121 steps 110198784 sps   26,590 | ep_ret  -27.44 ep_len  810.7 (n=129) | pg -0.010 vf 0.065 kl 0.0141 lr 5.1e-05
it 1122 steps 110297088 sps   26,591 | ep_ret  -26.58 ep_len  786.0 (n=121) | pg -0.012 vf 0.056 kl 0.0151 lr 5.1e-05
it 1123 steps 110395392 sps   26,591 | ep_ret  -27.48 ep_len  796.6 (n=143) | pg -0.009 vf 0.070 kl 0.0141 lr 5.1e-05
it 1124 steps 110493696 sps   26,591 | ep_ret  -25.78 ep_len  741.0 (n=118) | pg -0.009 vf 0.055 kl 0.0161 lr 5.1e-05
it 1125 steps 110592000 sps   26,592 | ep_ret  -25.92 ep_len  756.0 (n=145) | pg -0.012 vf 0.071 kl 0.0165 lr 5.1e-05
it 1126 steps 110690304 sps   26,592 | ep_ret  -27.71 ep_len  806.6 (n=140) | pg -0.012 vf 0.073 kl 0.0163 lr 5.1e-05
it 1127 steps 110788608 sps   26,593 | ep_ret  -26.04 ep_len  759.5 (n=130) | pg -0.009 vf 0.060 kl 0.0152 lr 5.1e-05
it 1128 steps 110886912 sps   26,593 | ep_ret  -26.38 ep_len  769.6 (n=109) | pg -0.011 vf 0.057 kl 0.0165 lr 7.6e-05
it 1129 steps 110985216 sps   26,594 | ep_ret  -26.86 ep_len  785.8 (n=124) | pg -0.009 vf 0.064 kl 0.0149 lr 7.6e-05
it 1130 steps 111083520 sps   26,594 | ep_ret  -26.17 ep_len  738.1 (n=130) | pg -0.011 vf 0.060 kl 0.0161 lr 7.6e-05
it 1131 steps 111181824 sps   26,595 | ep_ret  -26.71 ep_len  768.6 (n=116) | pg -0.011 vf 0.061 kl 0.0157 lr 7.6e-05
it 1132 steps 111280128 sps   26,595 | ep_ret  -26.10 ep_len  741.0 (n=127) | pg -0.009 vf 0.064 kl 0.0141 lr 5.1e-05
it 1133 steps 111378432 sps   26,595 | ep_ret  -25.82 ep_len  741.4 (n=134) | pg -0.011 vf 0.061 kl 0.0155 lr 7.6e-05
it 1134 steps 111476736 sps   26,596 | ep_ret  -27.16 ep_len  788.5 (n=132) | pg -0.010 vf 0.066 kl 0.0147 lr 5.1e-05
it 1135 steps 111575040 sps   26,596 | ep_ret  -27.56 ep_len  789.7 (n=141) | pg -0.010 vf 0.065 kl 0.0161 lr 5.1e-05
it 1136 steps 111673344 sps   26,597 | ep_ret  -26.67 ep_len  777.8 (n=111) | pg -0.011 vf 0.061 kl 0.0147 lr 5.1e-05
it 1137 steps 111771648 sps   26,597 | ep_ret  -25.33 ep_len  720.0 (n=139) | pg -0.010 vf 0.060 kl 0.0162 lr 2.3e-05
it 1138 steps 111869952 sps   26,598 | ep_ret  -26.77 ep_len  748.1 (n=113) | pg -0.009 vf 0.057 kl 0.0093 lr 5.1e-05
it 1139 steps 111968256 sps   26,598 | ep_ret  -27.17 ep_len  773.9 (n=116) | pg -0.012 vf 0.054 kl 0.0150 lr 5.1e-05
it 1140 steps 112066560 sps   26,599 | ep_ret  -28.75 ep_len  818.6 (n=108) | pg -0.010 vf 0.060 kl 0.0159 lr 5.1e-05
it 1141 steps 112164864 sps   26,599 | ep_ret  -26.16 ep_len  731.9 (n=136) | pg -0.011 vf 0.061 kl 0.0162 lr 7.6e-05
it 1142 steps 112263168 sps   26,600 | ep_ret  -26.27 ep_len  761.9 (n=136) | pg -0.011 vf 0.065 kl 0.0158 lr 5.1e-05
it 1143 steps 112361472 sps   26,600 | ep_ret  -26.81 ep_len  752.8 (n=114) | pg -0.010 vf 0.061 kl 0.0141 lr 5.1e-05
it 1144 steps 112459776 sps   26,601 | ep_ret  -26.91 ep_len  783.3 (n=114) | pg -0.010 vf 0.060 kl 0.0145 lr 7.6e-05
it 1145 steps 112558080 sps   26,601 | ep_ret  -27.03 ep_len  770.6 (n=121) | pg -0.012 vf 0.052 kl 0.0177 lr 5.1e-05
it 1146 steps 112656384 sps   26,602 | ep_ret  -27.53 ep_len  799.8 (n=119) | pg -0.011 vf 0.062 kl 0.0165 lr 7.6e-05
it 1147 steps 112754688 sps   26,602 | ep_ret  -27.77 ep_len  784.7 (n=132) | pg -0.010 vf 0.063 kl 0.0169 lr 7.6e-05
it 1148 steps 112852992 sps   26,603 | ep_ret  -27.21 ep_len  768.6 (n=109) | pg -0.011 vf 0.060 kl 0.0160 lr 7.6e-05
it 1149 steps 112951296 sps   26,603 | ep_ret  -28.05 ep_len  798.8 (n=131) | pg -0.011 vf 0.065 kl 0.0160 lr 5.1e-05
it 1150 steps 113049600 sps   26,604 | ep_ret  -27.01 ep_len  794.7 (n=119) | pg -0.011 vf 0.060 kl 0.0169 lr 5.1e-05
it 1151 steps 113147904 sps   26,604 | ep_ret  -28.33 ep_len  805.8 (n=149) | pg -0.011 vf 0.074 kl 0.0159 lr 7.6e-05
it 1152 steps 113246208 sps   26,605 | ep_ret  -26.45 ep_len  757.8 (n=132) | pg -0.009 vf 0.066 kl 0.0138 lr 7.6e-05
it 1153 steps 113344512 sps   26,605 | ep_ret  -27.15 ep_len  779.7 (n=143) | pg -0.010 vf 0.074 kl 0.0158 lr 7.6e-05
it 1154 steps 113442816 sps   26,606 | ep_ret  -27.41 ep_len  762.9 (n=135) | pg -0.011 vf 0.061 kl 0.0173 lr 5.1e-05
it 1155 steps 113541120 sps   26,606 | ep_ret  -27.54 ep_len  765.1 (n=102) | pg -0.012 vf 0.055 kl 0.0146 lr 5.1e-05
it 1156 steps 113639424 sps   26,606 | ep_ret  -27.60 ep_len  790.1 (n=125) | pg -0.009 vf 0.064 kl 0.0137 lr 5.1e-05
it 1157 steps 113737728 sps   26,607 | ep_ret  -26.69 ep_len  761.0 (n=135) | pg -0.012 vf 0.066 kl 0.0156 lr 5.1e-05
it 1158 steps 113836032 sps   26,607 | ep_ret  -27.43 ep_len  784.7 (n=123) | pg -0.010 vf 0.063 kl 0.0152 lr 7.6e-05
it 1159 steps 113934336 sps   26,608 | ep_ret  -27.64 ep_len  787.4 (n=144) | pg -0.010 vf 0.068 kl 0.0159 lr 7.6e-05
it 1160 steps 114032640 sps   26,608 | ep_ret  -26.26 ep_len  738.6 (n=142) | pg -0.011 vf 0.073 kl 0.0157 lr 3.4e-05
it 1161 steps 114130944 sps   26,609 | ep_ret  -27.64 ep_len  773.4 (n=131) | pg -0.010 vf 0.066 kl 0.0130 lr 7.6e-05
it 1162 steps 114229248 sps   26,609 | ep_ret  -27.38 ep_len  785.8 (n=141) | pg -0.011 vf 0.071 kl 0.0148 lr 5.1e-05
it 1163 steps 114327552 sps   26,610 | ep_ret  -27.82 ep_len  795.1 (n=135) | pg -0.010 vf 0.069 kl 0.0148 lr 7.6e-05
it 1164 steps 114425856 sps   26,610 | ep_ret  -26.03 ep_len  721.4 (n=121) | pg -0.012 vf 0.060 kl 0.0156 lr 5.1e-05
it 1165 steps 114524160 sps   26,611 | ep_ret  -27.43 ep_len  770.3 (n=147) | pg -0.012 vf 0.070 kl 0.0157 lr 7.6e-05
it 1166 steps 114622464 sps   26,611 | ep_ret  -27.73 ep_len  784.4 (n=125) | pg -0.010 vf 0.066 kl 0.0157 lr 7.6e-05
it 1167 steps 114720768 sps   26,612 | ep_ret  -27.47 ep_len  780.9 (n=133) | pg -0.010 vf 0.074 kl 0.0174 lr 1.1e-04
it 1168 steps 114819072 sps   26,613 | ep_ret  -27.73 ep_len  791.2 (n=140) | pg -0.011 vf 0.072 kl 0.0171 lr 3.4e-05
it 1169 steps 114917376 sps   26,613 | ep_ret  -26.29 ep_len  715.6 (n=129) | pg -0.011 vf 0.064 kl 0.0134 lr 5.1e-05
it 1170 steps 115015680 sps   26,614 | ep_ret  -26.86 ep_len  744.4 (n=115) | pg -0.010 vf 0.063 kl 0.0147 lr 5.1e-05
it 1171 steps 115113984 sps   26,614 | ep_ret  -28.26 ep_len  794.8 (n=128) | pg -0.009 vf 0.072 kl 0.0169 lr 5.1e-05
it 1172 steps 115212288 sps   26,615 | ep_ret  -28.83 ep_len  809.7 (n=135) | pg -0.012 vf 0.065 kl 0.0138 lr 5.1e-05
it 1173 steps 115310592 sps   26,615 | ep_ret  -26.71 ep_len  726.0 (n=107) | pg -0.009 vf 0.056 kl 0.0157 lr 5.1e-05
it 1174 steps 115408896 sps   26,616 | ep_ret  -28.20 ep_len  800.3 (n=128) | pg -0.010 vf 0.070 kl 0.0125 lr 7.6e-05
it 1175 steps 115507200 sps   26,616 | ep_ret  -27.70 ep_len  771.6 (n=120) | pg -0.011 vf 0.066 kl 0.0166 lr 5.1e-05
it 1176 steps 115605504 sps   26,617 | ep_ret  -27.21 ep_len  767.3 (n=131) | pg -0.011 vf 0.068 kl 0.0168 lr 7.6e-05
it 1177 steps 115703808 sps   26,617 | ep_ret  -27.70 ep_len  771.3 (n=143) | pg -0.011 vf 0.073 kl 0.0168 lr 7.6e-05
it 1178 steps 115802112 sps   26,618 | ep_ret  -28.29 ep_len  785.4 (n=121) | pg -0.011 vf 0.067 kl 0.0145 lr 7.6e-05
it 1179 steps 115900416 sps   26,618 | ep_ret  -27.63 ep_len  752.2 (n=124) | pg -0.011 vf 0.062 kl 0.0160 lr 5.1e-05
it 1180 steps 115998720 sps   26,619 | ep_ret  -26.68 ep_len  728.6 (n=128) | pg -0.012 vf 0.064 kl 0.0138 lr 5.1e-05
it 1181 steps 116097024 sps   26,619 | ep_ret  -26.88 ep_len  729.4 (n=106) | pg -0.011 vf 0.057 kl 0.0158 lr 1.1e-04
it 1182 steps 116195328 sps   26,620 | ep_ret  -27.87 ep_len  760.2 (n=133) | pg -0.009 vf 0.068 kl 0.0140 lr 5.1e-05
it 1183 steps 116293632 sps   26,620 | ep_ret  -26.87 ep_len  739.5 (n=134) | pg -0.012 vf 0.068 kl 0.0161 lr 5.1e-05
it 1184 steps 116391936 sps   26,621 | ep_ret  -28.14 ep_len  776.1 (n=124) | pg -0.010 vf 0.066 kl 0.0128 lr 5.1e-05
it 1185 steps 116490240 sps   26,621 | ep_ret  -28.10 ep_len  765.9 (n=131) | pg -0.010 vf 0.066 kl 0.0171 lr 3.4e-05
it 1186 steps 116588544 sps   26,622 | ep_ret  -26.68 ep_len  733.6 (n=154) | pg -0.009 vf 0.075 kl 0.0135 lr 7.6e-05
it 1187 steps 116686848 sps   26,622 | ep_ret  -25.36 ep_len  695.2 (n=118) | pg -0.010 vf 0.054 kl 0.0145 lr 5.1e-05
it 1188 steps 116785152 sps   26,623 | ep_ret  -27.30 ep_len  747.6 (n=126) | pg -0.011 vf 0.064 kl 0.0150 lr 5.1e-05
it 1189 steps 116883456 sps   26,623 | ep_ret  -25.57 ep_len  696.9 (n=109) | pg -0.009 vf 0.055 kl 0.0138 lr 5.1e-05
it 1190 steps 116981760 sps   26,624 | ep_ret  -26.85 ep_len  725.3 (n=135) | pg -0.013 vf 0.067 kl 0.0149 lr 7.6e-05
it 1191 steps 117080064 sps   26,624 | ep_ret  -27.79 ep_len  759.4 (n=147) | pg -0.012 vf 0.073 kl 0.0163 lr 3.4e-05
it 1192 steps 117178368 sps   26,625 | ep_ret  -26.07 ep_len  714.3 (n=130) | pg -0.011 vf 0.060 kl 0.0129 lr 7.6e-05
it 1193 steps 117276672 sps   26,625 | ep_ret  -27.65 ep_len  751.6 (n=139) | pg -0.011 vf 0.072 kl 0.0152 lr 7.6e-05
it 1194 steps 117374976 sps   26,626 | ep_ret  -27.46 ep_len  762.1 (n=151) | pg -0.011 vf 0.078 kl 0.0167 lr 7.6e-05
it 1195 steps 117473280 sps   26,626 | ep_ret  -27.90 ep_len  750.4 (n=146) | pg -0.011 vf 0.077 kl 0.0156 lr 7.6e-05
it 1196 steps 117571584 sps   26,627 | ep_ret  -27.59 ep_len  743.2 (n=124) | pg -0.008 vf 0.061 kl 0.0157 lr 3.4e-05
it 1197 steps 117669888 sps   26,627 | ep_ret  -27.57 ep_len  740.4 (n=129) | pg -0.011 vf 0.073 kl 0.0122 lr 7.6e-05
it 1198 steps 117768192 sps   26,628 | ep_ret  -27.58 ep_len  762.1 (n=122) | pg -0.012 vf 0.063 kl 0.0168 lr 5.1e-05
it 1199 steps 117866496 sps   26,628 | ep_ret  -26.60 ep_len  703.2 (n=151) | pg -0.010 vf 0.070 kl 0.0130 lr 7.6e-05
it 1200 steps 117964800 sps   26,629 | ep_ret  -27.22 ep_len  734.3 (n=154) | pg -0.010 vf 0.074 kl 0.0155 lr 7.6e-05
it 1201 steps 118063104 sps   26,629 | ep_ret  -28.06 ep_len  782.5 (n=136) | pg -0.012 vf 0.070 kl 0.0158 lr 5.1e-05
it 1202 steps 118161408 sps   26,630 | ep_ret  -27.42 ep_len  745.8 (n=140) | pg -0.009 vf 0.069 kl 0.0164 lr 7.6e-05
it 1203 steps 118259712 sps   26,630 | ep_ret  -28.29 ep_len  784.8 (n=136) | pg -0.011 vf 0.072 kl 0.0150 lr 1.1e-04
it 1204 steps 118358016 sps   26,631 | ep_ret  -27.29 ep_len  747.3 (n=127) | pg -0.011 vf 0.064 kl 0.0168 lr 7.6e-05
it 1205 steps 118456320 sps   26,631 | ep_ret  -26.79 ep_len  723.0 (n=133) | pg -0.010 vf 0.064 kl 0.0157 lr 7.6e-05
it 1206 steps 118554624 sps   26,632 | ep_ret  -28.81 ep_len  806.4 (n=113) | pg -0.009 vf 0.074 kl 0.0166 lr 5.1e-05
it 1207 steps 118652928 sps   26,632 | ep_ret  -28.14 ep_len  760.4 (n=138) | pg -0.011 vf 0.072 kl 0.0156 lr 5.1e-05
it 1208 steps 118751232 sps   26,633 | ep_ret  -26.97 ep_len  733.9 (n=127) | pg -0.011 vf 0.060 kl 0.0155 lr 7.6e-05
it 1209 steps 118849536 sps   26,633 | ep_ret  -29.12 ep_len  794.2 (n=134) | pg -0.012 vf 0.067 kl 0.0164 lr 7.6e-05
it 1210 steps 118947840 sps   26,634 | ep_ret  -28.77 ep_len  797.8 (n=120) | pg -0.008 vf 0.062 kl 0.0158 lr 7.6e-05
it 1211 steps 119046144 sps   26,634 | ep_ret  -27.39 ep_len  742.3 (n=123) | pg -0.010 vf 0.065 kl 0.0152 lr 7.6e-05
it 1212 steps 119144448 sps   26,634 | ep_ret  -28.14 ep_len  760.9 (n=132) | pg -0.008 vf 0.075 kl 0.0133 lr 3.4e-05
it 1213 steps 119242752 sps   26,635 | ep_ret  -28.24 ep_len  771.7 (n=128) | pg -0.012 vf 0.074 kl 0.0150 lr 5.1e-05
it 1214 steps 119341056 sps   26,635 | ep_ret  -27.05 ep_len  711.5 (n=135) | pg -0.010 vf 0.063 kl 0.0153 lr 5.1e-05
it 1215 steps 119439360 sps   26,636 | ep_ret  -28.67 ep_len  764.2 (n=117) | pg -0.010 vf 0.065 kl 0.0125 lr 7.6e-05
it 1216 steps 119537664 sps   26,636 | ep_ret  -26.61 ep_len  703.8 (n=152) | pg -0.011 vf 0.069 kl 0.0147 lr 7.6e-05
it 1217 steps 119635968 sps   26,637 | ep_ret  -27.99 ep_len  755.7 (n=125) | pg -0.011 vf 0.068 kl 0.0156 lr 7.6e-05
it 1218 steps 119734272 sps   26,637 | ep_ret  -29.01 ep_len  802.3 (n=124) | pg -0.011 vf 0.073 kl 0.0168 lr 5.1e-05
it 1219 steps 119832576 sps   26,638 | ep_ret  -28.69 ep_len  779.9 (n=135) | pg -0.010 vf 0.071 kl 0.0147 lr 7.6e-05
it 1220 steps 119930880 sps   26,638 | ep_ret  -27.36 ep_len  723.7 (n=140) | pg -0.010 vf 0.068 kl 0.0150 lr 5.1e-05
it 1221 steps 120029184 sps   26,639 | ep_ret  -25.87 ep_len  685.8 (n=125) | pg -0.011 vf 0.060 kl 0.0155 lr 7.6e-05
it 1222 steps 120127488 sps   26,639 | ep_ret  -27.53 ep_len  722.7 (n=127) | pg -0.009 vf 0.064 kl 0.0148 lr 7.6e-05
it 1223 steps 120225792 sps   26,640 | ep_ret  -27.96 ep_len  735.0 (n=114) | pg -0.012 vf 0.058 kl 0.0159 lr 7.6e-05
it 1224 steps 120324096 sps   26,640 | ep_ret  -28.06 ep_len  750.7 (n=134) | pg -0.009 vf 0.065 kl 0.0160 lr 5.1e-05
it 1225 steps 120422400 sps   26,641 | ep_ret  -28.84 ep_len  784.6 (n=138) | pg -0.010 vf 0.078 kl 0.0160 lr 5.1e-05
it 1226 steps 120520704 sps   26,641 | ep_ret  -28.57 ep_len  776.1 (n=102) | pg -0.009 vf 0.058 kl 0.0167 lr 7.6e-05
it 1227 steps 120619008 sps   26,642 | ep_ret  -26.45 ep_len  703.0 (n=134) | pg -0.012 vf 0.064 kl 0.0158 lr 5.1e-05
it 1228 steps 120717312 sps   26,642 | ep_ret  -28.21 ep_len  773.0 (n=130) | pg -0.012 vf 0.075 kl 0.0153 lr 5.1e-05
it 1229 steps 120815616 sps   26,643 | ep_ret  -26.40 ep_len  686.8 (n=115) | pg -0.009 vf 0.059 kl 0.0151 lr 7.6e-05
it 1230 steps 120913920 sps   26,643 | ep_ret  -26.83 ep_len  701.4 (n=129) | pg -0.009 vf 0.060 kl 0.0156 lr 7.6e-05
it 1231 steps 121012224 sps   26,644 | ep_ret  -27.18 ep_len  726.1 (n=131) | pg -0.012 vf 0.062 kl 0.0148 lr 5.1e-05
it 1232 steps 121110528 sps   26,644 | ep_ret  -28.33 ep_len  755.4 (n=145) | pg -0.010 vf 0.072 kl 0.0146 lr 7.6e-05
it 1233 steps 121208832 sps   26,645 | ep_ret  -27.97 ep_len  758.5 (n=144) | pg -0.012 vf 0.073 kl 0.0166 lr 5.1e-05
it 1234 steps 121307136 sps   26,645 | ep_ret  -29.34 ep_len  780.5 (n=126) | pg -0.011 vf 0.073 kl 0.0154 lr 3.4e-05
it 1235 steps 121405440 sps   26,646 | ep_ret  -27.52 ep_len  729.3 (n=139) | pg -0.010 vf 0.069 kl 0.0134 lr 7.6e-05
it 1236 steps 121503744 sps   26,646 | ep_ret  -29.15 ep_len  788.8 (n=145) | pg -0.011 vf 0.076 kl 0.0162 lr 5.1e-05
it 1237 steps 121602048 sps   26,647 | ep_ret  -28.90 ep_len  766.1 (n=128) | pg -0.011 vf 0.063 kl 0.0156 lr 7.6e-05
it 1238 steps 121700352 sps   26,647 | ep_ret  -29.03 ep_len  788.4 (n=114) | pg -0.009 vf 0.065 kl 0.0156 lr 7.6e-05
it 1239 steps 121798656 sps   26,648 | ep_ret  -28.79 ep_len  764.8 (n=151) | pg -0.010 vf 0.074 kl 0.0155 lr 7.6e-05
it 1240 steps 121896960 sps   26,648 | ep_ret  -26.70 ep_len  704.7 (n=138) | pg -0.011 vf 0.067 kl 0.0158 lr 3.4e-05
it 1241 steps 121995264 sps   26,649 | ep_ret  -28.25 ep_len  767.0 (n=156) | pg -0.009 vf 0.087 kl 0.0150 lr 5.1e-05
it 1242 steps 122093568 sps   26,649 | ep_ret  -28.72 ep_len  764.5 (n=142) | pg -0.011 vf 0.076 kl 0.0146 lr 5.1e-05
it 1243 steps 122191872 sps   26,650 | ep_ret  -27.61 ep_len  719.4 (n=143) | pg -0.012 vf 0.073 kl 0.0117 lr 7.6e-05
it 1244 steps 122290176 sps   26,650 | ep_ret  -28.03 ep_len  732.5 (n=123) | pg -0.011 vf 0.067 kl 0.0160 lr 7.6e-05
it 1245 steps 122388480 sps   26,651 | ep_ret  -28.21 ep_len  748.8 (n=133) | pg -0.011 vf 0.071 kl 0.0156 lr 7.6e-05
it 1246 steps 122486784 sps   26,651 | ep_ret  -28.17 ep_len  727.8 (n=145) | pg -0.011 vf 0.075 kl 0.0163 lr 7.6e-05
it 1247 steps 122585088 sps   26,652 | ep_ret  -27.72 ep_len  726.3 (n=119) | pg -0.011 vf 0.065 kl 0.0164 lr 1.1e-04
it 1248 steps 122683392 sps   26,652 | ep_ret  -29.12 ep_len  767.3 (n=131) | pg -0.010 vf 0.075 kl 0.0161 lr 5.1e-05
it 1249 steps 122781696 sps   26,653 | ep_ret  -29.06 ep_len  783.4 (n=128) | pg -0.011 vf 0.074 kl 0.0161 lr 5.1e-05
it 1250 steps 122880000 sps   26,653 | ep_ret  -28.23 ep_len  731.8 (n=127) | pg -0.010 vf 0.067 kl 0.0156 lr 7.6e-05
it 1251 steps 122978304 sps   26,654 | ep_ret  -28.60 ep_len  748.7 (n=143) | pg -0.012 vf 0.074 kl 0.0169 lr 5.1e-05
it 1252 steps 123076608 sps   26,654 | ep_ret  -28.50 ep_len  740.1 (n=122) | pg -0.010 vf 0.065 kl 0.0153 lr 5.1e-05
it 1253 steps 123174912 sps   26,655 | ep_ret  -28.49 ep_len  765.6 (n=113) | pg -0.010 vf 0.060 kl 0.0140 lr 5.1e-05
it 1254 steps 123273216 sps   26,655 | ep_ret  -28.81 ep_len  753.3 (n=127) | pg -0.010 vf 0.069 kl 0.0157 lr 7.6e-05
it 1255 steps 123371520 sps   26,656 | ep_ret  -29.13 ep_len  758.3 (n=153) | pg -0.009 vf 0.077 kl 0.0162 lr 5.1e-05
it 1256 steps 123469824 sps   26,656 | ep_ret  -28.86 ep_len  754.1 (n=113) | pg -0.012 vf 0.066 kl 0.0157 lr 7.6e-05
it 1257 steps 123568128 sps   26,657 | ep_ret  -28.87 ep_len  747.0 (n=133) | pg -0.009 vf 0.072 kl 0.0157 lr 7.6e-05
it 1258 steps 123666432 sps   26,657 | ep_ret  -27.86 ep_len  715.9 (n=147) | pg -0.011 vf 0.066 kl 0.0153 lr 7.6e-05
it 1259 steps 123764736 sps   26,658 | ep_ret  -28.77 ep_len  747.2 (n=133) | pg -0.011 vf 0.071 kl 0.0171 lr 5.1e-05
it 1260 steps 123863040 sps   26,658 | ep_ret  -29.27 ep_len  770.3 (n=139) | pg -0.012 vf 0.076 kl 0.0155 lr 5.1e-05
it 1261 steps 123961344 sps   26,659 | ep_ret  -28.87 ep_len  749.0 (n=120) | pg -0.010 vf 0.070 kl 0.0157 lr 7.6e-05
it 1262 steps 124059648 sps   26,659 | ep_ret  -27.47 ep_len  700.0 (n=132) | pg -0.010 vf 0.067 kl 0.0129 lr 5.1e-05
it 1263 steps 124157952 sps   26,660 | ep_ret  -28.67 ep_len  735.0 (n=132) | pg -0.011 vf 0.068 kl 0.0153 lr 5.1e-05
it 1264 steps 124256256 sps   26,660 | ep_ret  -28.72 ep_len  731.4 (n=119) | pg -0.011 vf 0.062 kl 0.0153 lr 7.6e-05
it 1265 steps 124354560 sps   26,661 | ep_ret  -28.03 ep_len  726.9 (n=114) | pg -0.011 vf 0.066 kl 0.0173 lr 7.6e-05
it 1266 steps 124452864 sps   26,661 | ep_ret  -30.24 ep_len  770.9 (n=123) | pg -0.011 vf 0.064 kl 0.0158 lr 5.1e-05
it 1267 steps 124551168 sps   26,662 | ep_ret  -28.72 ep_len  752.8 (n=147) | pg -0.011 vf 0.082 kl 0.0169 lr 5.1e-05
it 1268 steps 124649472 sps   26,662 | ep_ret  -27.90 ep_len  703.7 (n=114) | pg -0.010 vf 0.063 kl 0.0160 lr 5.1e-05
it 1269 steps 124747776 sps   26,663 | ep_ret  -27.27 ep_len  687.5 (n=137) | pg -0.011 vf 0.067 kl 0.0147 lr 7.6e-05
it 1270 steps 124846080 sps   26,664 | ep_ret  -29.17 ep_len  754.2 (n=121) | pg -0.010 vf 0.063 kl 0.0155 lr 5.1e-05
it 1271 steps 124944384 sps   26,664 | ep_ret  -28.25 ep_len  712.7 (n=139) | pg -0.010 vf 0.071 kl 0.0150 lr 7.6e-05
it 1272 steps 125042688 sps   26,665 | ep_ret  -27.19 ep_len  691.2 (n=143) | pg -0.009 vf 0.074 kl 0.0138 lr 7.6e-05
it 1273 steps 125140992 sps   26,665 | ep_ret  -28.15 ep_len  726.0 (n=143) | pg -0.009 vf 0.078 kl 0.0142 lr 3.4e-05
it 1274 steps 125239296 sps   26,666 | ep_ret  -30.08 ep_len  778.2 (n=148) | pg -0.011 vf 0.086 kl 0.0133 lr 7.6e-05
it 1275 steps 125337600 sps   26,666 | ep_ret  -28.75 ep_len  732.2 (n=143) | pg -0.010 vf 0.075 kl 0.0170 lr 7.6e-05
it 1276 steps 125435904 sps   26,667 | ep_ret  -29.88 ep_len  761.8 (n=145) | pg -0.011 vf 0.080 kl 0.0172 lr 7.6e-05
it 1277 steps 125534208 sps   26,667 | ep_ret  -26.67 ep_len  673.3 (n=141) | pg -0.011 vf 0.074 kl 0.0156 lr 7.6e-05
it 1278 steps 125632512 sps   26,668 | ep_ret  -27.36 ep_len  706.8 (n=138) | pg -0.008 vf 0.076 kl 0.0130 lr 5.1e-05
it 1279 steps 125730816 sps   26,668 | ep_ret  -28.78 ep_len  730.4 (n=151) | pg -0.008 vf 0.081 kl 0.0141 lr 5.1e-05
it 1280 steps 125829120 sps   26,669 | ep_ret  -26.49 ep_len  650.4 (n=153) | pg -0.008 vf 0.070 kl 0.0130 lr 5.1e-05
it 1281 steps 125927424 sps   26,669 | ep_ret  -29.00 ep_len  755.9 (n=154) | pg -0.011 vf 0.085 kl 0.0136 lr 5.1e-05
it 1282 steps 126025728 sps   26,670 | ep_ret  -29.23 ep_len  752.5 (n=136) | pg -0.009 vf 0.079 kl 0.0129 lr 7.6e-05
it 1283 steps 126124032 sps   26,670 | ep_ret  -28.60 ep_len  725.4 (n=143) | pg -0.010 vf 0.076 kl 0.0150 lr 7.6e-05
it 1284 steps 126222336 sps   26,671 | ep_ret  -27.72 ep_len  708.3 (n=168) | pg -0.010 vf 0.079 kl 0.0158 lr 7.6e-05
it 1285 steps 126320640 sps   26,671 | ep_ret  -29.91 ep_len  767.4 (n=127) | pg -0.012 vf 0.073 kl 0.0173 lr 5.1e-05
it 1286 steps 126418944 sps   26,672 | ep_ret  -28.40 ep_len  694.8 (n=145) | pg -0.010 vf 0.069 kl 0.0161 lr 5.1e-05
it 1287 steps 126517248 sps   26,672 | ep_ret  -28.49 ep_len  718.3 (n=142) | pg -0.010 vf 0.083 kl 0.0148 lr 5.1e-05
it 1288 steps 126615552 sps   26,673 | ep_ret  -28.81 ep_len  747.6 (n=137) | pg -0.010 vf 0.075 kl 0.0141 lr 5.1e-05
it 1289 steps 126713856 sps   26,673 | ep_ret  -27.40 ep_len  690.0 (n=124) | pg -0.010 vf 0.065 kl 0.0151 lr 5.1e-05
it 1290 steps 126812160 sps   26,674 | ep_ret  -27.73 ep_len  699.8 (n=148) | pg -0.010 vf 0.074 kl 0.0131 lr 7.6e-05
it 1291 steps 126910464 sps   26,674 | ep_ret  -26.69 ep_len  670.1 (n=130) | pg -0.005 vf 0.064 kl 0.0121 lr 3.4e-05
it 1292 steps 127008768 sps   26,675 | ep_ret  -30.09 ep_len  777.8 (n=125) | pg -0.010 vf 0.076 kl 0.0130 lr 7.6e-05
it 1293 steps 127107072 sps   26,675 | ep_ret  -28.77 ep_len  725.8 (n=129) | pg -0.010 vf 0.072 kl 0.0160 lr 7.6e-05
it 1294 steps 127205376 sps   26,676 | ep_ret  -27.72 ep_len  677.9 (n=133) | pg -0.011 vf 0.064 kl 0.0144 lr 5.1e-05
it 1295 steps 127303680 sps   26,676 | ep_ret  -27.45 ep_len  662.3 (n=141) | pg -0.010 vf 0.066 kl 0.0139 lr 5.1e-05
it 1296 steps 127401984 sps   26,677 | ep_ret  -28.03 ep_len  690.7 (n=154) | pg -0.010 vf 0.079 kl 0.0159 lr 5.1e-05
it 1297 steps 127500288 sps   26,677 | ep_ret  -28.34 ep_len  700.4 (n=140) | pg -0.009 vf 0.069 kl 0.0167 lr 5.1e-05
it 1298 steps 127598592 sps   26,678 | ep_ret  -27.63 ep_len  682.8 (n=133) | pg -0.009 vf 0.068 kl 0.0120 lr 7.6e-05
it 1299 steps 127696896 sps   26,678 | ep_ret  -29.34 ep_len  755.4 (n=145) | pg -0.011 vf 0.086 kl 0.0148 lr 5.1e-05
it 1300 steps 127795200 sps   26,678 | ep_ret  -27.94 ep_len  688.6 (n=149) | pg -0.011 vf 0.069 kl 0.0144 lr 7.6e-05
it 1301 steps 127893504 sps   26,679 | ep_ret  -28.88 ep_len  720.4 (n=143) | pg -0.010 vf 0.080 kl 0.0144 lr 7.6e-05
it 1302 steps 127991808 sps   26,679 | ep_ret  -27.84 ep_len  701.6 (n=133) | pg -0.011 vf 0.072 kl 0.0155 lr 1.5e-05
it 1303 steps 128090112 sps   26,680 | ep_ret  -27.82 ep_len  681.6 (n=135) | pg -0.007 vf 0.071 kl 0.0105 lr 5.1e-05
it 1304 steps 128188416 sps   26,680 | ep_ret  -29.22 ep_len  733.5 (n=145) | pg -0.008 vf 0.080 kl 0.0137 lr 7.6e-05
it 1305 steps 128286720 sps   26,681 | ep_ret  -25.68 ep_len  611.9 (n=136) | pg -0.004 vf 0.056 kl 0.0146 lr 2.3e-05
it 1306 steps 128385024 sps   26,681 | ep_ret  -28.95 ep_len  709.1 (n=123) | pg -0.007 vf 0.072 kl 0.0113 lr 5.1e-05
it 1307 steps 128483328 sps   26,682 | ep_ret  -28.61 ep_len  709.7 (n=137) | pg -0.011 vf 0.075 kl 0.0129 lr 7.6e-05
it 1308 steps 128581632 sps   26,682 | ep_ret  -28.98 ep_len  723.0 (n=124) | pg -0.011 vf 0.075 kl 0.0166 lr 3.4e-05
it 1309 steps 128679936 sps   26,683 | ep_ret  -27.94 ep_len  688.4 (n=148) | pg -0.009 vf 0.070 kl 0.0140 lr 5.1e-05
it 1310 steps 128778240 sps   26,684 | ep_ret  -28.14 ep_len  699.0 (n=125) | pg -0.011 vf 0.066 kl 0.0160 lr 5.1e-05
it 1311 steps 128876544 sps   26,684 | ep_ret  -27.95 ep_len  693.8 (n=152) | pg -0.010 vf 0.074 kl 0.0153 lr 5.1e-05
it 1312 steps 128974848 sps   26,685 | ep_ret  -28.48 ep_len  697.0 (n=120) | pg -0.011 vf 0.064 kl 0.0159 lr 5.1e-05
it 1313 steps 129073152 sps   26,685 | ep_ret  -28.08 ep_len  697.7 (n=144) | pg -0.010 vf 0.076 kl 0.0129 lr 7.6e-05
it 1314 steps 129171456 sps   26,686 | ep_ret  -28.57 ep_len  715.9 (n=136) | pg -0.011 vf 0.075 kl 0.0163 lr 5.1e-05
it 1315 steps 129269760 sps   26,686 | ep_ret  -27.93 ep_len  688.0 (n=141) | pg -0.010 vf 0.073 kl 0.0121 lr 7.6e-05
it 1316 steps 129368064 sps   26,687 | ep_ret  -28.43 ep_len  709.9 (n=151) | pg -0.010 vf 0.078 kl 0.0170 lr 7.6e-05
it 1317 steps 129466368 sps   26,687 | ep_ret  -28.67 ep_len  717.0 (n=142) | pg -0.011 vf 0.080 kl 0.0158 lr 7.6e-05
it 1318 steps 129564672 sps   26,688 | ep_ret  -27.49 ep_len  678.2 (n=141) | pg -0.011 vf 0.072 kl 0.0154 lr 5.1e-05
it 1319 steps 129662976 sps   26,688 | ep_ret  -27.98 ep_len  689.4 (n=136) | pg -0.010 vf 0.074 kl 0.0160 lr 7.6e-05
it 1320 steps 129761280 sps   26,689 | ep_ret  -28.38 ep_len  697.2 (n=136) | pg -0.011 vf 0.066 kl 0.0167 lr 7.6e-05
it 1321 steps 129859584 sps   26,689 | ep_ret  -29.42 ep_len  742.7 (n=133) | pg -0.011 vf 0.077 kl 0.0171 lr 5.1e-05
it 1322 steps 129957888 sps   26,690 | ep_ret  -29.13 ep_len  729.2 (n=137) | pg -0.010 vf 0.080 kl 0.0159 lr 7.6e-05
it 1323 steps 130056192 sps   26,690 | ep_ret  -30.21 ep_len  764.6 (n=128) | pg -0.010 vf 0.076 kl 0.0148 lr 5.1e-05
it 1324 steps 130154496 sps   26,690 | ep_ret  -29.51 ep_len  738.0 (n=149) | pg -0.010 vf 0.082 kl 0.0130 lr 7.6e-05
it 1325 steps 130252800 sps   26,691 | ep_ret  -27.29 ep_len  670.8 (n=161) | pg -0.010 vf 0.083 kl 0.0148 lr 5.1e-05
it 1326 steps 130351104 sps   26,691 | ep_ret  -29.32 ep_len  745.5 (n=154) | pg -0.012 vf 0.080 kl 0.0157 lr 5.1e-05
it 1327 steps 130449408 sps   26,692 | ep_ret  -30.38 ep_len  762.8 (n=133) | pg -0.010 vf 0.078 kl 0.0168 lr 3.4e-05
it 1328 steps 130547712 sps   26,692 | ep_ret  -29.77 ep_len  723.2 (n=140) | pg -0.009 vf 0.075 kl 0.0127 lr 7.6e-05
it 1329 steps 130646016 sps   26,693 | ep_ret  -28.34 ep_len  703.7 (n=158) | pg -0.011 vf 0.078 kl 0.0158 lr 7.6e-05
it 1330 steps 130744320 sps   26,693 | ep_ret  -29.32 ep_len  724.2 (n=119) | pg -0.009 vf 0.065 kl 0.0149 lr 7.6e-05
it 1331 steps 130842624 sps   26,694 | ep_ret  -28.51 ep_len  693.0 (n=137) | pg -0.011 vf 0.072 kl 0.0170 lr 3.4e-05
it 1332 steps 130940928 sps   26,694 | ep_ret  -27.91 ep_len  678.1 (n=143) | pg -0.011 vf 0.074 kl 0.0128 lr 7.6e-05
it 1333 steps 131039232 sps   26,695 | ep_ret  -28.97 ep_len  706.0 (n=140) | pg -0.008 vf 0.069 kl 0.0137 lr 5.1e-05
it 1334 steps 131137536 sps   26,695 | ep_ret  -29.74 ep_len  722.6 (n=140) | pg -0.011 vf 0.073 kl 0.0148 lr 7.6e-05
it 1335 steps 131235840 sps   26,696 | ep_ret  -28.74 ep_len  706.8 (n=125) | pg -0.010 vf 0.070 kl 0.0146 lr 7.6e-05
it 1336 steps 131334144 sps   26,696 | ep_ret  -26.91 ep_len  644.0 (n=148) | pg -0.011 vf 0.072 kl 0.0164 lr 7.6e-05
it 1337 steps 131432448 sps   26,696 | ep_ret  -27.71 ep_len  667.8 (n=130) | pg -0.009 vf 0.069 kl 0.0139 lr 5.1e-05
it 1338 steps 131530752 sps   26,697 | ep_ret  -29.27 ep_len  707.9 (n=165) | pg -0.009 vf 0.083 kl 0.0123 lr 7.6e-05
it 1339 steps 131629056 sps   26,697 | ep_ret  -30.19 ep_len  749.2 (n=128) | pg -0.008 vf 0.075 kl 0.0139 lr 7.6e-05
it 1340 steps 131727360 sps   26,698 | ep_ret  -28.36 ep_len  690.7 (n=144) | pg -0.011 vf 0.076 kl 0.0159 lr 5.1e-05
it 1341 steps 131825664 sps   26,698 | ep_ret  -28.93 ep_len  708.2 (n=147) | pg -0.009 vf 0.080 kl 0.0155 lr 7.6e-05
it 1342 steps 131923968 sps   26,699 | ep_ret  -28.86 ep_len  712.2 (n=149) | pg -0.010 vf 0.087 kl 0.0161 lr 5.1e-05
it 1343 steps 132022272 sps   26,699 | ep_ret  -27.79 ep_len  670.0 (n=133) | pg -0.008 vf 0.070 kl 0.0152 lr 7.6e-05
it 1344 steps 132120576 sps   26,700 | ep_ret  -28.88 ep_len  696.0 (n=144) | pg -0.008 vf 0.076 kl 0.0141 lr 5.1e-05
it 1345 steps 132218880 sps   26,700 | ep_ret  -28.43 ep_len  700.3 (n=135) | pg -0.011 vf 0.077 kl 0.0149 lr 7.6e-05
it 1346 steps 132317184 sps   26,701 | ep_ret  -28.76 ep_len  700.8 (n=157) | pg -0.011 vf 0.080 kl 0.0159 lr 5.1e-05
it 1347 steps 132415488 sps   26,701 | ep_ret  -27.50 ep_len  669.2 (n=144) | pg -0.010 vf 0.068 kl 0.0154 lr 7.6e-05
it 1348 steps 132513792 sps   26,702 | ep_ret  -28.23 ep_len  681.3 (n=117) | pg -0.010 vf 0.061 kl 0.0159 lr 7.6e-05
it 1349 steps 132612096 sps   26,702 | ep_ret  -28.65 ep_len  686.8 (n=157) | pg -0.010 vf 0.078 kl 0.0166 lr 5.1e-05
it 1350 steps 132710400 sps   26,703 | ep_ret  -30.81 ep_len  757.4 (n=136) | pg -0.011 vf 0.080 kl 0.0168 lr 7.6e-05
it 1351 steps 132808704 sps   26,703 | ep_ret  -29.77 ep_len  720.3 (n=132) | pg -0.011 vf 0.072 kl 0.0153 lr 5.1e-05
it 1352 steps 132907008 sps   26,704 | ep_ret  -26.95 ep_len  648.7 (n=127) | pg -0.010 vf 0.064 kl 0.0175 lr 5.1e-05
it 1353 steps 133005312 sps   26,704 | ep_ret  -27.23 ep_len  655.1 (n=164) | pg -0.011 vf 0.078 kl 0.0170 lr 5.1e-05
it 1354 steps 133103616 sps   26,705 | ep_ret  -28.30 ep_len  678.2 (n=149) | pg -0.010 vf 0.077 kl 0.0164 lr 7.6e-05
it 1355 steps 133201920 sps   26,705 | ep_ret  -28.28 ep_len  679.6 (n=148) | pg -0.011 vf 0.074 kl 0.0155 lr 5.1e-05
it 1356 steps 133300224 sps   26,706 | ep_ret  -26.33 ep_len  626.1 (n=154) | pg -0.011 vf 0.068 kl 0.0162 lr 3.4e-05
it 1357 steps 133398528 sps   26,706 | ep_ret  -27.93 ep_len  686.2 (n=157) | pg -0.011 vf 0.087 kl 0.0148 lr 7.6e-05
it 1358 steps 133496832 sps   26,706 | ep_ret  -28.32 ep_len  687.4 (n=151) | pg -0.011 vf 0.079 kl 0.0147 lr 7.6e-05
it 1359 steps 133595136 sps   26,707 | ep_ret  -28.34 ep_len  671.3 (n=145) | pg -0.010 vf 0.075 kl 0.0166 lr 7.6e-05
it 1360 steps 133693440 sps   26,707 | ep_ret  -27.93 ep_len  676.3 (n=134) | pg -0.011 vf 0.067 kl 0.0167 lr 5.1e-05
it 1361 steps 133791744 sps   26,708 | ep_ret  -28.70 ep_len  696.2 (n=146) | pg -0.009 vf 0.084 kl 0.0138 lr 5.1e-05
it 1362 steps 133890048 sps   26,708 | ep_ret  -27.74 ep_len  663.1 (n=148) | pg -0.010 vf 0.074 kl 0.0149 lr 7.6e-05
it 1363 steps 133988352 sps   26,709 | ep_ret  -28.90 ep_len  701.6 (n=144) | pg -0.012 vf 0.081 kl 0.0149 lr 7.6e-05
it 1364 steps 134086656 sps   26,709 | ep_ret  -27.71 ep_len  655.4 (n=154) | pg -0.011 vf 0.077 kl 0.0167 lr 5.1e-05
it 1365 steps 134184960 sps   26,710 | ep_ret  -27.62 ep_len  650.3 (n=144) | pg -0.011 vf 0.073 kl 0.0159 lr 7.6e-05
it 1366 steps 134283264 sps   26,710 | ep_ret  -27.82 ep_len  652.4 (n=162) | pg -0.010 vf 0.078 kl 0.0157 lr 7.6e-05
it 1367 steps 134381568 sps   26,711 | ep_ret  -28.77 ep_len  690.1 (n=169) | pg -0.011 vf 0.094 kl 0.0159 lr 5.1e-05
it 1368 steps 134479872 sps   26,711 | ep_ret  -27.77 ep_len  663.3 (n=155) | pg -0.011 vf 0.080 kl 0.0159 lr 5.1e-05
it 1369 steps 134578176 sps   26,712 | ep_ret  -30.06 ep_len  715.9 (n=127) | pg -0.010 vf 0.078 kl 0.0154 lr 7.6e-05
it 1370 steps 134676480 sps   26,712 | ep_ret  -27.57 ep_len  649.9 (n=149) | pg -0.009 vf 0.071 kl 0.0149 lr 7.6e-05
it 1371 steps 134774784 sps   26,713 | ep_ret  -27.96 ep_len  675.2 (n=144) | pg -0.010 vf 0.076 kl 0.0155 lr 5.1e-05
it 1372 steps 134873088 sps   26,714 | ep_ret  -28.36 ep_len  658.7 (n=130) | pg -0.011 vf 0.066 kl 0.0139 lr 5.1e-05
it 1373 steps 134971392 sps   26,714 | ep_ret  -27.98 ep_len  656.6 (n=130) | pg -0.010 vf 0.067 kl 0.0157 lr 5.1e-05
it 1374 steps 135069696 sps   26,715 | ep_ret  -29.75 ep_len  723.6 (n=162) | pg -0.008 vf 0.089 kl 0.0138 lr 5.1e-05
it 1375 steps 135168000 sps   26,715 | ep_ret  -27.96 ep_len  654.6 (n=156) | pg -0.009 vf 0.072 kl 0.0147 lr 5.1e-05
it 1376 steps 135266304 sps   26,716 | ep_ret  -28.61 ep_len  671.9 (n=149) | pg -0.008 vf 0.075 kl 0.0139 lr 5.1e-05
it 1377 steps 135364608 sps   26,716 | ep_ret  -29.22 ep_len  695.6 (n=149) | pg -0.008 vf 0.081 kl 0.0141 lr 5.1e-05
it 1378 steps 135462912 sps   26,716 | ep_ret  -28.63 ep_len  680.4 (n=138) | pg -0.009 vf 0.075 kl 0.0128 lr 5.1e-05
it 1379 steps 135561216 sps   26,717 | ep_ret  -28.39 ep_len  670.5 (n=162) | pg -0.008 vf 0.086 kl 0.0142 lr 5.1e-05
it 1380 steps 135659520 sps   26,718 | ep_ret  -28.26 ep_len  675.5 (n=125) | pg -0.009 vf 0.072 kl 0.0132 lr 7.6e-05
it 1381 steps 135757824 sps   26,718 | ep_ret  -28.46 ep_len  663.2 (n=153) | pg -0.008 vf 0.077 kl 0.0155 lr 7.6e-05
it 1382 steps 135856128 sps   26,719 | ep_ret  -29.73 ep_len  717.2 (n=136) | pg -0.009 vf 0.078 kl 0.0150 lr 5.1e-05
it 1383 steps 135954432 sps   26,719 | ep_ret  -28.76 ep_len  679.5 (n=146) | pg -0.008 vf 0.079 kl 0.0128 lr 5.1e-05
it 1384 steps 136052736 sps   26,720 | ep_ret  -28.71 ep_len  673.7 (n=143) | pg -0.007 vf 0.077 kl 0.0125 lr 3.4e-05
it 1385 steps 136151040 sps   26,720 | ep_ret  -29.17 ep_len  695.8 (n=132) | pg -0.011 vf 0.076 kl 0.0159 lr 3.4e-05
it 1386 steps 136249344 sps   26,721 | ep_ret  -29.10 ep_len  674.0 (n=140) | pg -0.010 vf 0.075 kl 0.0126 lr 7.6e-05
it 1387 steps 136347648 sps   26,721 | ep_ret  -29.15 ep_len  681.9 (n=132) | pg -0.009 vf 0.071 kl 0.0172 lr 5.1e-05
it 1388 steps 136445952 sps   26,722 | ep_ret  -29.83 ep_len  704.7 (n=141) | pg -0.009 vf 0.077 kl 0.0132 lr 7.6e-05
it 1389 steps 136544256 sps   26,722 | ep_ret  -28.80 ep_len  676.0 (n=134) | pg -0.011 vf 0.073 kl 0.0167 lr 5.1e-05
it 1390 steps 136642560 sps   26,723 | ep_ret  -29.05 ep_len  672.2 (n=154) | pg -0.010 vf 0.080 kl 0.0127 lr 5.1e-05
it 1391 steps 136740864 sps   26,723 | ep_ret  -28.89 ep_len  664.1 (n=156) | pg -0.011 vf 0.064 kl 0.0129 lr 7.6e-05
it 1392 steps 136839168 sps   26,724 | ep_ret  -29.17 ep_len  680.2 (n=144) | pg -0.010 vf 0.074 kl 0.0168 lr 7.6e-05
it 1393 steps 136937472 sps   26,724 | ep_ret  -28.57 ep_len  673.9 (n=123) | pg -0.009 vf 0.067 kl 0.0165 lr 7.6e-05
it 1394 steps 137035776 sps   26,725 | ep_ret  -27.89 ep_len  653.8 (n=137) | pg -0.011 vf 0.072 kl 0.0147 lr 3.4e-05
it 1395 steps 137134080 sps   26,725 | ep_ret  -29.02 ep_len  683.3 (n=134) | pg -0.010 vf 0.070 kl 0.0144 lr 7.6e-05
it 1396 steps 137232384 sps   26,726 | ep_ret  -28.18 ep_len  645.5 (n=168) | pg -0.010 vf 0.082 kl 0.0162 lr 5.1e-05
it 1397 steps 137330688 sps   26,726 | ep_ret  -28.85 ep_len  670.7 (n=158) | pg -0.011 vf 0.083 kl 0.0147 lr 5.1e-05
it 1398 steps 137428992 sps   26,726 | ep_ret  -29.17 ep_len  687.7 (n=171) | pg -0.009 vf 0.089 kl 0.0139 lr 5.1e-05
it 1399 steps 137527296 sps   26,727 | ep_ret  -29.05 ep_len  679.2 (n=150) | pg -0.010 vf 0.080 kl 0.0146 lr 7.6e-05
it 1400 steps 137625600 sps   26,727 | ep_ret  -27.85 ep_len  642.1 (n=145) | pg -0.009 vf 0.070 kl 0.0159 lr 7.6e-05
it 1401 steps 137723904 sps   26,728 | ep_ret  -28.84 ep_len  660.3 (n=164) | pg -0.010 vf 0.079 kl 0.0146 lr 7.6e-05
it 1402 steps 137822208 sps   26,728 | ep_ret  -26.15 ep_len  586.4 (n=140) | pg -0.010 vf 0.066 kl 0.0164 lr 5.1e-05
it 1403 steps 137920512 sps   26,729 | ep_ret  -28.95 ep_len  676.9 (n=134) | pg -0.010 vf 0.077 kl 0.0156 lr 5.1e-05
it 1404 steps 138018816 sps   26,729 | ep_ret  -28.61 ep_len  645.1 (n=135) | pg -0.010 vf 0.064 kl 0.0169 lr 2.3e-05
it 1405 steps 138117120 sps   26,730 | ep_ret  -28.79 ep_len  670.7 (n=165) | pg -0.009 vf 0.085 kl 0.0101 lr 5.1e-05
it 1406 steps 138215424 sps   26,730 | ep_ret  -28.25 ep_len  644.3 (n=163) | pg -0.009 vf 0.081 kl 0.0155 lr 7.6e-05
it 1407 steps 138313728 sps   26,731 | ep_ret  -28.01 ep_len  641.0 (n=158) | pg -0.010 vf 0.080 kl 0.0154 lr 5.1e-05
it 1408 steps 138412032 sps   26,731 | ep_ret  -28.19 ep_len  646.4 (n=152) | pg -0.010 vf 0.079 kl 0.0157 lr 3.4e-05
it 1409 steps 138510336 sps   26,732 | ep_ret  -28.48 ep_len  656.5 (n=162) | pg -0.009 vf 0.077 kl 0.0147 lr 7.6e-05
it 1410 steps 138608640 sps   26,732 | ep_ret  -27.23 ep_len  615.3 (n=165) | pg -0.008 vf 0.082 kl 0.0158 lr 3.4e-05
it 1411 steps 138706944 sps   26,732 | ep_ret  -29.13 ep_len  660.0 (n=176) | pg -0.010 vf 0.080 kl 0.0116 lr 7.6e-05
it 1412 steps 138805248 sps   26,733 | ep_ret  -28.81 ep_len  658.6 (n=163) | pg -0.011 vf 0.085 kl 0.0161 lr 5.1e-05
it 1413 steps 138903552 sps   26,733 | ep_ret  -28.08 ep_len  636.5 (n=143) | pg -0.010 vf 0.075 kl 0.0149 lr 5.1e-05
it 1414 steps 139001856 sps   26,734 | ep_ret  -25.86 ep_len  580.0 (n=183) | pg -0.010 vf 0.082 kl 0.0136 lr 7.6e-05
it 1415 steps 139100160 sps   26,734 | ep_ret  -27.96 ep_len  637.2 (n=186) | pg -0.011 vf 0.085 kl 0.0151 lr 5.1e-05
it 1416 steps 139198464 sps   26,735 | ep_ret  -26.63 ep_len  596.1 (n=191) | pg -0.010 vf 0.081 kl 0.0119 lr 7.6e-05
it 1417 steps 139296768 sps   26,735 | ep_ret  -29.16 ep_len  676.1 (n=166) | pg -0.010 vf 0.093 kl 0.0161 lr 7.6e-05
it 1418 steps 139395072 sps   26,736 | ep_ret  -27.48 ep_len  609.7 (n=162) | pg -0.009 vf 0.080 kl 0.0151 lr 5.1e-05
it 1419 steps 139493376 sps   26,736 | ep_ret  -26.11 ep_len  592.6 (n=177) | pg -0.011 vf 0.078 kl 0.0150 lr 7.6e-05
it 1420 steps 139591680 sps   26,736 | ep_ret  -27.79 ep_len  625.0 (n=149) | pg -0.005 vf 0.068 kl 0.0133 lr 3.4e-05
it 1421 steps 139689984 sps   26,737 | ep_ret  -26.89 ep_len  608.3 (n=169) | pg -0.010 vf 0.083 kl 0.0131 lr 7.6e-05
it 1422 steps 139788288 sps   26,737 | ep_ret  -25.89 ep_len  585.6 (n=155) | pg -0.010 vf 0.072 kl 0.0163 lr 3.4e-05
it 1423 steps 139886592 sps   26,738 | ep_ret  -27.97 ep_len  638.5 (n=162) | pg -0.010 vf 0.080 kl 0.0126 lr 7.6e-05
it 1424 steps 139984896 sps   26,738 | ep_ret  -27.64 ep_len  627.7 (n=180) | pg -0.009 vf 0.088 kl 0.0177 lr 3.4e-05
it 1425 steps 140083200 sps   26,739 | ep_ret  -27.59 ep_len  625.6 (n=163) | pg -0.011 vf 0.073 kl 0.0150 lr 5.1e-05
it 1426 steps 140181504 sps   26,739 | ep_ret  -27.03 ep_len  611.9 (n=160) | pg -0.009 vf 0.072 kl 0.0140 lr 5.1e-05
it 1427 steps 140279808 sps   26,740 | ep_ret  -27.24 ep_len  604.3 (n=171) | pg -0.011 vf 0.072 kl 0.0117 lr 7.6e-05
it 1428 steps 140378112 sps   26,740 | ep_ret  -26.63 ep_len  572.4 (n=177) | pg -0.009 vf 0.065 kl 0.0157 lr 5.1e-05
it 1429 steps 140476416 sps   26,740 | ep_ret  -27.38 ep_len  608.8 (n=167) | pg -0.008 vf 0.075 kl 0.0151 lr 3.4e-05
it 1430 steps 140574720 sps   26,741 | ep_ret  -26.89 ep_len  594.4 (n=165) | pg -0.010 vf 0.073 kl 0.0120 lr 7.6e-05
it 1431 steps 140673024 sps   26,741 | ep_ret  -25.82 ep_len  556.9 (n=167) | pg -0.010 vf 0.067 kl 0.0161 lr 5.1e-05
it 1432 steps 140771328 sps   26,742 | ep_ret  -26.77 ep_len  591.8 (n=166) | pg -0.009 vf 0.075 kl 0.0149 lr 7.6e-05
it 1433 steps 140869632 sps   26,742 | ep_ret  -26.81 ep_len  599.5 (n=160) | pg -0.010 vf 0.072 kl 0.0156 lr 7.6e-05
it 1434 steps 140967936 sps   26,742 | ep_ret  -24.90 ep_len  541.8 (n=166) | pg -0.010 vf 0.066 kl 0.0164 lr 7.6e-05
it 1435 steps 141066240 sps   26,743 | ep_ret  -25.23 ep_len  540.8 (n=173) | pg -0.010 vf 0.062 kl 0.0154 lr 7.6e-05
it 1436 steps 141164544 sps   26,743 | ep_ret  -26.96 ep_len  596.5 (n=191) | pg -0.010 vf 0.084 kl 0.0177 lr 7.6e-05
it 1437 steps 141262848 sps   26,744 | ep_ret  -25.54 ep_len  550.3 (n=174) | pg -0.009 vf 0.063 kl 0.0150 lr 5.1e-05
it 1438 steps 141361152 sps   26,744 | ep_ret  -25.83 ep_len  570.5 (n=175) | pg -0.009 vf 0.074 kl 0.0154 lr 7.6e-05
it 1439 steps 141459456 sps   26,744 | ep_ret  -26.01 ep_len  565.4 (n=183) | pg -0.010 vf 0.077 kl 0.0160 lr 5.1e-05
it 1440 steps 141557760 sps   26,745 | ep_ret  -26.74 ep_len  582.8 (n=188) | pg -0.009 vf 0.082 kl 0.0137 lr 5.1e-05
it 1441 steps 141656064 sps   26,745 | ep_ret  -27.31 ep_len  606.9 (n=156) | pg -0.012 vf 0.077 kl 0.0170 lr 1.5e-05
it 1442 steps 141754368 sps   26,746 | ep_ret  -23.01 ep_len  480.9 (n=146) | pg -0.009 vf 0.057 kl 0.0097 lr 5.1e-05
it 1443 steps 141852672 sps   26,746 | ep_ret  -25.61 ep_len  556.5 (n=166) | pg -0.010 vf 0.065 kl 0.0172 lr 3.4e-05
it 1444 steps 141950976 sps   26,747 | ep_ret  -25.82 ep_len  564.4 (n=153) | pg -0.009 vf 0.063 kl 0.0134 lr 7.6e-05
it 1445 steps 142049280 sps   26,747 | ep_ret  -24.35 ep_len  512.4 (n=163) | pg -0.009 vf 0.063 kl 0.0157 lr 3.4e-05
it 1446 steps 142147584 sps   26,747 | ep_ret  -27.36 ep_len  615.8 (n=162) | pg -0.012 vf 0.077 kl 0.0159 lr 7.6e-05
it 1447 steps 142245888 sps   26,748 | ep_ret  -27.17 ep_len  602.9 (n=159) | pg -0.008 vf 0.075 kl 0.0138 lr 5.1e-05
it 1448 steps 142344192 sps   26,748 | ep_ret  -27.19 ep_len  596.1 (n=173) | pg -0.010 vf 0.074 kl 0.0151 lr 2.3e-05
it 1449 steps 142442496 sps   26,748 | ep_ret  -26.97 ep_len  591.9 (n=176) | pg -0.009 vf 0.082 kl 0.0109 lr 5.1e-05
it 1450 steps 142540800 sps   26,749 | ep_ret  -26.88 ep_len  604.2 (n=173) | pg -0.011 vf 0.084 kl 0.0157 lr 7.6e-05
it 1451 steps 142639104 sps   26,749 | ep_ret  -25.86 ep_len  556.2 (n=177) | pg -0.009 vf 0.075 kl 0.0156 lr 5.1e-05
it 1452 steps 142737408 sps   26,750 | ep_ret  -24.81 ep_len  544.1 (n=157) | pg -0.010 vf 0.068 kl 0.0135 lr 5.1e-05
it 1453 steps 142835712 sps   26,750 | ep_ret  -25.48 ep_len  554.8 (n=197) | pg -0.010 vf 0.084 kl 0.0146 lr 7.6e-05
it 1454 steps 142934016 sps   26,750 | ep_ret  -27.94 ep_len  627.8 (n=176) | pg -0.009 vf 0.084 kl 0.0154 lr 5.1e-05
it 1455 steps 143032320 sps   26,751 | ep_ret  -24.35 ep_len  518.7 (n=189) | pg -0.009 vf 0.066 kl 0.0142 lr 7.6e-05
it 1456 steps 143130624 sps   26,751 | ep_ret  -26.23 ep_len  571.3 (n=191) | pg -0.010 vf 0.083 kl 0.0156 lr 3.4e-05
it 1457 steps 143228928 sps   26,752 | ep_ret  -26.38 ep_len  590.6 (n=197) | pg -0.009 vf 0.091 kl 0.0102 lr 5.1e-05
it 1458 steps 143327232 sps   26,752 | ep_ret  -26.13 ep_len  568.8 (n=184) | pg -0.008 vf 0.076 kl 0.0146 lr 7.6e-05
it 1459 steps 143425536 sps   26,753 | ep_ret  -26.32 ep_len  571.7 (n=183) | pg -0.009 vf 0.074 kl 0.0136 lr 7.6e-05
it 1460 steps 143523840 sps   26,753 | ep_ret  -26.63 ep_len  590.6 (n=200) | pg -0.009 vf 0.089 kl 0.0162 lr 5.1e-05
it 1461 steps 143622144 sps   26,753 | ep_ret  -25.18 ep_len  538.9 (n=159) | pg -0.009 vf 0.067 kl 0.0120 lr 7.6e-05
it 1462 steps 143720448 sps   26,754 | ep_ret  -25.82 ep_len  553.9 (n=148) | pg -0.009 vf 0.061 kl 0.0166 lr 7.6e-05
it 1463 steps 143818752 sps   26,754 | ep_ret  -25.13 ep_len  545.1 (n=179) | pg -0.008 vf 0.069 kl 0.0177 lr 7.6e-05
it 1464 steps 143917056 sps   26,754 | ep_ret  -26.84 ep_len  598.1 (n=153) | pg -0.009 vf 0.067 kl 0.0148 lr 5.1e-05
it 1465 steps 144015360 sps   26,755 | ep_ret  -25.95 ep_len  561.2 (n=170) | pg -0.009 vf 0.066 kl 0.0154 lr 7.6e-05
it 1466 steps 144113664 sps   26,755 | ep_ret  -26.74 ep_len  592.1 (n=174) | pg -0.008 vf 0.078 kl 0.0142 lr 7.6e-05
it 1467 steps 144211968 sps   26,756 | ep_ret  -26.51 ep_len  569.0 (n=156) | pg -0.009 vf 0.063 kl 0.0167 lr 7.6e-05
it 1468 steps 144310272 sps   26,756 | ep_ret  -27.27 ep_len  597.1 (n=173) | pg -0.009 vf 0.077 kl 0.0160 lr 5.1e-05
it 1469 steps 144408576 sps   26,757 | ep_ret  -27.68 ep_len  620.2 (n=159) | pg -0.008 vf 0.073 kl 0.0140 lr 5.1e-05
it 1470 steps 144506880 sps   26,757 | ep_ret  -28.14 ep_len  608.4 (n=156) | pg -0.008 vf 0.069 kl 0.0153 lr 3.4e-05
it 1471 steps 144605184 sps   26,757 | ep_ret  -27.41 ep_len  593.3 (n=179) | pg -0.009 vf 0.076 kl 0.0145 lr 7.6e-05
it 1472 steps 144703488 sps   26,758 | ep_ret  -26.60 ep_len  582.7 (n=169) | pg -0.009 vf 0.076 kl 0.0139 lr 5.1e-05
it 1473 steps 144801792 sps   26,758 | ep_ret  -25.78 ep_len  540.1 (n=147) | pg -0.010 vf 0.058 kl 0.0160 lr 5.1e-05
it 1474 steps 144900096 sps   26,759 | ep_ret  -25.91 ep_len  558.1 (n=170) | pg -0.008 vf 0.065 kl 0.0133 lr 5.1e-05
it 1475 steps 144998400 sps   26,759 | ep_ret  -27.25 ep_len  605.0 (n=176) | pg -0.009 vf 0.079 kl 0.0137 lr 7.6e-05
it 1476 steps 145096704 sps   26,759 | ep_ret  -25.65 ep_len  555.3 (n=180) | pg -0.009 vf 0.073 kl 0.0155 lr 7.6e-05
it 1477 steps 145195008 sps   26,760 | ep_ret  -25.40 ep_len  545.6 (n=178) | pg -0.010 vf 0.066 kl 0.0162 lr 3.4e-05
it 1478 steps 145293312 sps   26,760 | ep_ret  -27.58 ep_len  609.6 (n=192) | pg -0.010 vf 0.086 kl 0.0143 lr 7.6e-05
it 1479 steps 145391616 sps   26,761 | ep_ret  -25.82 ep_len  553.6 (n=191) | pg -0.010 vf 0.078 kl 0.0158 lr 7.6e-05
it 1480 steps 145489920 sps   26,761 | ep_ret  -25.65 ep_len  540.9 (n=189) | pg -0.008 vf 0.069 kl 0.0164 lr 5.1e-05
it 1481 steps 145588224 sps   26,761 | ep_ret  -23.81 ep_len  507.4 (n=197) | pg -0.009 vf 0.071 kl 0.0140 lr 7.6e-05
it 1482 steps 145686528 sps   26,762 | ep_ret  -25.07 ep_len  537.1 (n=181) | pg -0.009 vf 0.065 kl 0.0160 lr 5.1e-05
it 1483 steps 145784832 sps   26,762 | ep_ret  -24.98 ep_len  530.0 (n=192) | pg -0.010 vf 0.075 kl 0.0160 lr 3.4e-05
it 1484 steps 145883136 sps   26,763 | ep_ret  -22.39 ep_len  457.8 (n=196) | pg -0.010 vf 0.060 kl 0.0128 lr 7.6e-05
it 1485 steps 145981440 sps   26,763 | ep_ret  -24.86 ep_len  532.8 (n=177) | pg -0.008 vf 0.067 kl 0.0174 lr 3.4e-05
it 1486 steps 146079744 sps   26,763 | ep_ret  -25.17 ep_len  528.7 (n=173) | pg -0.008 vf 0.066 kl 0.0094 lr 5.1e-05
it 1487 steps 146178048 sps   26,764 | ep_ret  -23.99 ep_len  503.6 (n=157) | pg -0.010 vf 0.059 kl 0.0165 lr 5.1e-05
it 1488 steps 146276352 sps   26,764 | ep_ret  -23.49 ep_len  498.2 (n=193) | pg -0.009 vf 0.075 kl 0.0153 lr 5.1e-05
it 1489 steps 146374656 sps   26,765 | ep_ret  -25.15 ep_len  534.6 (n=180) | pg -0.008 vf 0.064 kl 0.0132 lr 7.6e-05
it 1490 steps 146472960 sps   26,765 | ep_ret  -24.98 ep_len  524.9 (n=193) | pg -0.009 vf 0.074 kl 0.0144 lr 7.6e-05
it 1491 steps 146571264 sps   26,765 | ep_ret  -26.80 ep_len  586.9 (n=172) | pg -0.007 vf 0.068 kl 0.0155 lr 5.1e-05
it 1492 steps 146669568 sps   26,766 | ep_ret  -26.47 ep_len  572.4 (n=199) | pg -0.009 vf 0.083 kl 0.0150 lr 7.6e-05
it 1493 steps 146767872 sps   26,766 | ep_ret  -23.51 ep_len  493.9 (n=189) | pg -0.010 vf 0.064 kl 0.0153 lr 7.6e-05
it 1494 steps 146866176 sps   26,766 | ep_ret  -24.59 ep_len  526.4 (n=174) | pg -0.009 vf 0.065 kl 0.0127 lr 5.1e-05
it 1495 steps 146964480 sps   26,767 | ep_ret  -25.76 ep_len  561.6 (n=207) | pg -0.007 vf 0.091 kl 0.0150 lr 2.3e-05
it 1496 steps 147062784 sps   26,767 | ep_ret  -25.04 ep_len  530.1 (n=187) | pg -0.009 vf 0.068 kl 0.0131 lr 7.6e-05
it 1497 steps 147161088 sps   26,767 | ep_ret  -24.31 ep_len  512.1 (n=199) | pg -0.011 vf 0.069 kl 0.0173 lr 5.1e-05
it 1498 steps 147259392 sps   26,768 | ep_ret  -26.29 ep_len  569.1 (n=194) | pg -0.009 vf 0.083 kl 0.0143 lr 7.6e-05
it 1499 steps 147357696 sps   26,768 | ep_ret  -25.01 ep_len  533.8 (n=200) | pg -0.009 vf 0.071 kl 0.0166 lr 2.3e-05
it 1500 steps 147456000 sps   26,769 | ep_ret  -25.83 ep_len  558.0 (n=191) | pg -0.004 vf 0.080 kl 0.0113 lr 2.3e-05
saved policy to runs/policies/g1_flat_dt25_fixed.pt
