G1 flat PPO: N=4096 obs_dim 123 act_dim 37 rollout 24 x 1500 iterations, physics dt 0.0025 (decimation 8)
it    1 steps     98304 sps   27,909 | ep_ret    0.00 ep_len    0.0 (n=0) | pg 0.007 vf 0.597 kl 0.0515 lr 1.0e-05
it    2 steps    196608 sps   29,433 | ep_ret    0.00 ep_len    0.0 (n=0) | pg -0.004 vf 0.540 kl 0.0058 lr 2.6e-04
it    3 steps    294912 sps   29,930 | ep_ret    0.00 ep_len    0.0 (n=0) | pg -0.009 vf 0.542 kl 0.0116 lr 3.8e-04
it    4 steps    393216 sps   30,192 | ep_ret -209.87 ep_len   95.7 (n=7) | pg -0.002 vf 23.750 kl 0.0249 lr 1.0e-05
it    5 steps    491520 sps   29,878 | ep_ret -210.40 ep_len  111.5 (n=3803) | pg -0.000 vf 10913.610 kl 0.0046 lr 5.8e-04
it    6 steps    589824 sps   29,468 | ep_ret -204.11 ep_len   47.6 (n=1420) | pg 0.039 vf 3897.883 kl 0.0498 lr 1.0e-05
it    7 steps    688128 sps   29,143 | ep_ret -202.94 ep_len   39.7 (n=2899) | pg -0.001 vf 6363.777 kl 0.0036 lr 5.8e-04
it    8 steps    786432 sps   28,963 | ep_ret -202.81 ep_len   37.9 (n=2583) | pg 0.019 vf 6502.887 kl 0.0225 lr 1.0e-05
it    9 steps    884736 sps   28,820 | ep_ret -202.82 ep_len   39.0 (n=2501) | pg -0.000 vf 5917.010 kl 0.0031 lr 1.9e-03
it   10 steps    983040 sps   28,701 | ep_ret -202.80 ep_len   38.0 (n=2629) | pg 0.012 vf 6165.294 kl 0.0196 lr 1.7e-04
it   11 steps   1081344 sps   28,611 | ep_ret -202.81 ep_len   38.1 (n=2539) | pg 0.003 vf 5996.397 kl 0.0089 lr 1.9e-03
it   12 steps   1179648 sps   28,526 | ep_ret -202.83 ep_len   38.2 (n=2586) | pg 0.000 vf 5879.651 kl 0.0132 lr 2.9e-03
it   13 steps   1277952 sps   28,460 | ep_ret -202.81 ep_len   37.9 (n=2629) | pg 0.020 vf 6014.855 kl 0.0315 lr 1.0e-05
it   14 steps   1376256 sps   28,403 | ep_ret -202.83 ep_len   37.7 (n=2573) | pg 0.001 vf 5819.661 kl 0.0048 lr 8.6e-04
it   15 steps   1474560 sps   28,353 | ep_ret -202.85 ep_len   37.8 (n=2595) | pg 0.005 vf 5872.713 kl 0.0120 lr 3.8e-04
it   16 steps   1572864 sps   28,307 | ep_ret -202.86 ep_len   38.0 (n=2578) | pg -0.004 vf 5777.981 kl 0.0074 lr 1.9e-03
it   17 steps   1671168 sps   28,273 | ep_ret -202.90 ep_len   38.3 (n=2570) | pg -0.003 vf 5802.896 kl 0.0166 lr 8.6e-04
it   18 steps   1769472 sps   28,238 | ep_ret -202.91 ep_len   38.3 (n=2539) | pg 0.020 vf 5602.368 kl 0.0266 lr 1.0e-05
it   19 steps   1867776 sps   28,208 | ep_ret -202.93 ep_len   38.3 (n=2565) | pg 0.001 vf 5625.522 kl 0.0042 lr 1.9e-03
it   20 steps   1966080 sps   28,184 | ep_ret -202.94 ep_len   38.3 (n=2592) | pg 0.007 vf 5647.341 kl 0.0149 lr 8.6e-04
it   21 steps   2064384 sps   28,162 | ep_ret -202.91 ep_len   38.0 (n=2572) | pg -0.004 vf 5518.004 kl 0.0092 lr 2.9e-03
it   22 steps   2162688 sps   28,140 | ep_ret -202.94 ep_len   38.1 (n=2597) | pg 0.003 vf 5538.995 kl 0.0147 lr 8.6e-04
it   23 steps   2260992 sps   28,119 | ep_ret -202.97 ep_len   38.0 (n=2597) | pg 0.053 vf 5568.215 kl 0.0676 lr 1.0e-05
it   24 steps   2359296 sps   28,102 | ep_ret -203.00 ep_len   38.3 (n=2516) | pg -0.003 vf 5273.207 kl 0.0036 lr 2.9e-03
it   25 steps   2457600 sps   28,087 | ep_ret -203.01 ep_len   38.2 (n=2585) | pg 0.007 vf 5418.624 kl 0.0212 lr 1.7e-04
it   26 steps   2555904 sps   28,074 | ep_ret -203.04 ep_len   38.6 (n=2547) | pg 0.008 vf 5223.030 kl 0.0149 lr 2.6e-04
it   27 steps   2654208 sps   28,066 | ep_ret -203.03 ep_len   37.9 (n=2646) | pg 0.006 vf 5361.823 kl 0.0128 lr 2.6e-04
it   28 steps   2752512 sps   28,056 | ep_ret -203.03 ep_len   37.8 (n=2568) | pg -0.005 vf 5231.128 kl 0.0104 lr 2.9e-03
it   29 steps   2850816 sps   28,047 | ep_ret -203.09 ep_len   38.1 (n=2604) | pg 0.005 vf 5208.566 kl 0.0175 lr 3.8e-04
it   30 steps   2949120 sps   28,042 | ep_ret -203.09 ep_len   38.0 (n=2539) | pg 0.013 vf 4949.585 kl 0.0222 lr 5.1e-05
it   31 steps   3047424 sps   28,037 | ep_ret -203.12 ep_len   38.1 (n=2636) | pg -0.003 vf 5068.688 kl 0.0067 lr 1.9e-03
it   32 steps   3145728 sps   28,030 | ep_ret -203.08 ep_len   37.8 (n=2515) | pg 0.014 vf 4746.362 kl 0.0286 lr 1.1e-04
it   33 steps   3244032 sps   28,024 | ep_ret -203.12 ep_len   38.2 (n=2694) | pg -0.003 vf 4834.055 kl 0.0064 lr 1.9e-03
it   34 steps   3342336 sps   28,016 | ep_ret -203.12 ep_len   37.9 (n=2505) | pg -0.006 vf 4479.600 kl 0.0150 lr 4.4e-03
it   35 steps   3440640 sps   28,011 | ep_ret -203.15 ep_len   37.9 (n=2575) | pg -0.001 vf 4408.222 kl 0.0144 lr 2.9e-03
it   36 steps   3538944 sps   28,007 | ep_ret -203.19 ep_len   38.2 (n=2646) | pg 0.004 vf 4512.135 kl 0.0147 lr 8.6e-04
it   37 steps   3637248 sps   28,003 | ep_ret -203.22 ep_len   38.0 (n=2529) | pg -0.004 vf 4218.627 kl 0.0129 lr 1.3e-03
it   38 steps   3735552 sps   28,000 | ep_ret -203.22 ep_len   38.0 (n=2608) | pg -0.004 vf 4208.604 kl 0.0148 lr 1.3e-03
it   39 steps   3833856 sps   27,999 | ep_ret -203.25 ep_len   38.1 (n=2579) | pg 0.006 vf 4170.161 kl 0.0141 lr 5.8e-04
it   40 steps   3932160 sps   27,997 | ep_ret -203.29 ep_len   38.0 (n=2595) | pg -0.005 vf 4015.632 kl 0.0094 lr 1.9e-03
it   41 steps   4030464 sps   27,994 | ep_ret -203.27 ep_len   37.6 (n=2575) | pg 0.002 vf 3967.057 kl 0.0170 lr 3.8e-04
it   42 steps   4128768 sps   27,998 | ep_ret -203.36 ep_len   37.9 (n=2621) | pg 0.030 vf 3925.497 kl 0.0356 lr 1.0e-05
it   43 steps   4227072 sps   27,997 | ep_ret -203.33 ep_len   37.6 (n=2620) | pg -0.003 vf 3901.573 kl 0.0056 lr 1.9e-03
it   44 steps   4325376 sps   27,996 | ep_ret -203.33 ep_len   37.6 (n=2615) | pg 0.003 vf 3811.899 kl 0.0152 lr 1.3e-03
it   45 steps   4423680 sps   27,994 | ep_ret -203.35 ep_len   37.5 (n=2692) | pg 0.004 vf 3834.011 kl 0.0141 lr 8.6e-04
it   46 steps   4521984 sps   27,993 | ep_ret -203.35 ep_len   36.8 (n=2664) | pg 0.012 vf 3753.859 kl 0.0176 lr 7.6e-05
it   47 steps   4620288 sps   27,993 | ep_ret -203.38 ep_len   37.3 (n=2583) | pg 0.014 vf 3550.155 kl 0.0200 lr 1.0e-05
it   48 steps   4718592 sps   27,993 | ep_ret -203.38 ep_len   37.3 (n=2629) | pg -0.004 vf 3523.782 kl 0.0048 lr 1.3e-03
it   49 steps   4816896 sps   27,992 | ep_ret -203.40 ep_len   37.2 (n=2636) | pg -0.002 vf 3470.898 kl 0.0175 lr 8.6e-04
it   50 steps   4915200 sps   27,992 | ep_ret -203.43 ep_len   37.5 (n=2633) | pg 0.021 vf 3400.871 kl 0.0279 lr 1.0e-05
it   51 steps   5013504 sps   27,993 | ep_ret -203.43 ep_len   37.4 (n=2638) | pg 0.002 vf 3224.633 kl 0.0062 lr 5.8e-04
it   52 steps   5111808 sps   27,993 | ep_ret -203.42 ep_len   36.9 (n=2660) | pg 0.038 vf 3261.546 kl 0.0476 lr 1.0e-05
it   53 steps   5210112 sps   27,994 | ep_ret -203.48 ep_len   37.2 (n=2637) | pg 0.009 vf 3130.682 kl 0.0121 lr 1.5e-05
it   54 steps   5308416 sps   27,994 | ep_ret -203.51 ep_len   37.4 (n=2645) | pg 0.003 vf 3062.493 kl 0.0091 lr 5.8e-04
it   55 steps   5406720 sps   27,995 | ep_ret -203.48 ep_len   37.1 (n=2615) | pg 0.001 vf 2987.632 kl 0.0159 lr 1.7e-04
it   56 steps   5505024 sps   27,997 | ep_ret -203.46 ep_len   37.3 (n=2674) | pg 0.011 vf 2981.893 kl 0.0177 lr 2.3e-05
it   57 steps   5603328 sps   27,998 | ep_ret -203.46 ep_len   36.8 (n=2703) | pg 0.014 vf 2978.604 kl 0.0170 lr 1.0e-05
it   58 steps   5701632 sps   27,999 | ep_ret -203.48 ep_len   36.9 (n=2562) | pg -0.004 vf 2798.444 kl 0.0061 lr 1.3e-03
it   59 steps   5799936 sps   28,001 | ep_ret -203.51 ep_len   37.5 (n=2695) | pg -0.004 vf 2789.337 kl 0.0172 lr 3.8e-04
it   60 steps   5898240 sps   27,996 | ep_ret -203.45 ep_len   36.5 (n=2701) | pg -0.002 vf 2803.846 kl 0.0101 lr 1.3e-03
it   61 steps   5996544 sps   27,994 | ep_ret -203.49 ep_len   36.7 (n=2662) | pg 0.004 vf 2687.470 kl 0.0143 lr 5.8e-04
it   62 steps   6094848 sps   27,995 | ep_ret -203.53 ep_len   36.8 (n=2673) | pg 0.011 vf 2655.860 kl 0.0225 lr 3.4e-05
it   63 steps   6193152 sps   27,994 | ep_ret -203.53 ep_len   36.6 (n=2731) | pg 0.003 vf 2676.047 kl 0.0113 lr 3.8e-04
it   64 steps   6291456 sps   27,995 | ep_ret -203.57 ep_len   36.5 (n=2650) | pg -0.004 vf 2580.004 kl 0.0134 lr 3.8e-04
it   65 steps   6389760 sps   27,997 | ep_ret -203.62 ep_len   36.7 (n=2668) | pg -0.005 vf 2572.508 kl 0.0086 lr 1.3e-03
it   66 steps   6488064 sps   27,999 | ep_ret -203.68 ep_len   37.0 (n=2629) | pg -0.005 vf 2464.674 kl 0.0158 lr 8.6e-04
it   67 steps   6586368 sps   28,002 | ep_ret -203.73 ep_len   37.1 (n=2632) | pg -0.005 vf 2387.400 kl 0.0122 lr 1.9e-03
it   68 steps   6684672 sps   28,003 | ep_ret -203.75 ep_len   37.2 (n=2647) | pg -0.006 vf 2334.827 kl 0.0149 lr 1.3e-03
it   69 steps   6782976 sps   28,005 | ep_ret -203.79 ep_len   37.3 (n=2629) | pg -0.001 vf 2285.555 kl 0.0129 lr 1.3e-03
it   70 steps   6881280 sps   28,006 | ep_ret -203.84 ep_len   37.4 (n=2607) | pg -0.002 vf 2181.426 kl 0.0153 lr 5.8e-04
it   71 steps   6979584 sps   28,008 | ep_ret -203.87 ep_len   37.2 (n=2702) | pg -0.006 vf 2204.372 kl 0.0136 lr 5.8e-04
it   72 steps   7077888 sps   28,009 | ep_ret -203.86 ep_len   37.1 (n=2655) | pg 0.025 vf 2147.079 kl 0.0290 lr 1.0e-05
it   73 steps   7176192 sps   28,011 | ep_ret -203.93 ep_len   37.3 (n=2621) | pg 0.002 vf 2019.379 kl 0.0069 lr 2.6e-04
it   74 steps   7274496 sps   28,013 | ep_ret -203.90 ep_len   37.0 (n=2650) | pg 0.022 vf 2017.260 kl 0.0280 lr 1.0e-05
it   75 steps   7372800 sps   28,014 | ep_ret -203.94 ep_len   37.1 (n=2689) | pg 0.008 vf 1964.538 kl 0.0118 lr 3.4e-05
it   76 steps   7471104 sps   28,015 | ep_ret -203.97 ep_len   37.3 (n=2625) | pg 0.006 vf 1870.266 kl 0.0101 lr 1.7e-04
it   77 steps   7569408 sps   28,013 | ep_ret -203.95 ep_len   37.1 (n=2672) | pg 0.028 vf 1871.402 kl 0.0345 lr 1.0e-05
it   78 steps   7667712 sps   28,015 | ep_ret -203.95 ep_len   37.2 (n=2587) | pg 0.011 vf 1787.548 kl 0.0142 lr 1.0e-05
it   79 steps   7766016 sps   28,014 | ep_ret -203.99 ep_len   37.5 (n=2593) | pg 0.001 vf 1698.479 kl 0.0060 lr 8.6e-04
it   80 steps   7864320 sps   28,012 | ep_ret -203.99 ep_len   37.5 (n=2638) | pg -0.005 vf 1715.995 kl 0.0147 lr 1.3e-03
it   81 steps   7962624 sps   28,014 | ep_ret -204.03 ep_len   37.5 (n=2641) | pg 0.023 vf 1690.661 kl 0.0354 lr 1.5e-05
it   82 steps   8060928 sps   28,014 | ep_ret -204.05 ep_len   37.6 (n=2561) | pg 0.003 vf 1587.014 kl 0.0084 lr 5.8e-04
it   83 steps   8159232 sps   28,015 | ep_ret -204.05 ep_len   37.7 (n=2639) | pg -0.004 vf 1567.366 kl 0.0144 lr 3.8e-04
it   84 steps   8257536 sps   28,015 | ep_ret -204.06 ep_len   37.9 (n=2574) | pg -0.006 vf 1532.423 kl 0.0077 lr 1.3e-03
it   85 steps   8355840 sps   28,016 | ep_ret -204.10 ep_len   37.8 (n=2591) | pg -0.008 vf 1444.492 kl 0.0146 lr 1.3e-03
it   86 steps   8454144 sps   28,017 | ep_ret -204.17 ep_len   38.2 (n=2566) | pg -0.001 vf 1419.986 kl 0.0153 lr 5.8e-04
it   87 steps   8552448 sps   28,018 | ep_ret -204.20 ep_len   38.2 (n=2530) | pg -0.002 vf 1347.136 kl 0.0125 lr 8.6e-04
it   88 steps   8650752 sps   28,020 | ep_ret -204.28 ep_len   38.7 (n=2565) | pg 0.015 vf 1360.433 kl 0.0260 lr 3.4e-05
it   89 steps   8749056 sps   28,021 | ep_ret -204.28 ep_len   38.7 (n=2541) | pg 0.004 vf 1317.471 kl 0.0100 lr 2.6e-04
it   90 steps   8847360 sps   28,023 | ep_ret -204.35 ep_len   38.7 (n=2560) | pg -0.007 vf 1265.143 kl 0.0117 lr 1.3e-03
it   91 steps   8945664 sps   28,024 | ep_ret -204.33 ep_len   38.5 (n=2519) | pg -0.007 vf 1210.533 kl 0.0135 lr 2.9e-03
it   92 steps   9043968 sps   28,026 | ep_ret -204.38 ep_len   38.6 (n=2562) | pg -0.001 vf 1160.174 kl 0.0192 lr 3.8e-04
it   93 steps   9142272 sps   28,027 | ep_ret -204.43 ep_len   38.8 (n=2545) | pg 0.026 vf 1132.262 kl 0.0319 lr 1.0e-05
it   94 steps   9240576 sps   28,029 | ep_ret -204.44 ep_len   38.7 (n=2561) | pg 0.000 vf 1073.451 kl 0.0060 lr 5.8e-04
it   95 steps   9338880 sps   28,030 | ep_ret -204.41 ep_len   38.4 (n=2556) | pg 0.016 vf 1071.274 kl 0.0247 lr 1.0e-05
it   96 steps   9437184 sps   28,032 | ep_ret -204.43 ep_len   38.2 (n=2569) | pg 0.001 vf 992.679 kl 0.0055 lr 1.3e-03
it   97 steps   9535488 sps   28,033 | ep_ret -204.42 ep_len   38.3 (n=2557) | pg -0.005 vf 983.555 kl 0.0126 lr 1.3e-03
it   98 steps   9633792 sps   28,034 | ep_ret -204.49 ep_len   38.7 (n=2526) | pg -0.001 vf 947.320 kl 0.0143 lr 5.8e-04
it   99 steps   9732096 sps   28,035 | ep_ret -204.51 ep_len   38.5 (n=2484) | pg 0.006 vf 910.222 kl 0.0150 lr 2.6e-04
it  100 steps   9830400 sps   28,037 | ep_ret -204.56 ep_len   38.9 (n=2601) | pg 0.005 vf 921.377 kl 0.0120 lr 3.8e-04
it  101 steps   9928704 sps   28,038 | ep_ret -204.56 ep_len   38.8 (n=2482) | pg 0.022 vf 900.153 kl 0.0286 lr 1.0e-05
it  102 steps  10027008 sps   28,039 | ep_ret -204.55 ep_len   38.9 (n=2566) | pg 0.004 vf 869.468 kl 0.0094 lr 1.1e-04
it  103 steps  10125312 sps   28,040 | ep_ret -204.55 ep_len   38.6 (n=2545) | pg 0.010 vf 856.590 kl 0.0149 lr 2.3e-05
it  104 steps  10223616 sps   28,041 | ep_ret -204.60 ep_len   39.2 (n=2496) | pg 0.012 vf 849.802 kl 0.0180 lr 1.0e-05
it  105 steps  10321920 sps   28,042 | ep_ret -204.54 ep_len   38.6 (n=2527) | pg 0.002 vf 799.797 kl 0.0059 lr 8.6e-04
it  106 steps  10420224 sps   28,042 | ep_ret -204.62 ep_len   39.1 (n=2498) | pg -0.006 vf 813.277 kl 0.0115 lr 1.9e-03
it  107 steps  10518528 sps   28,043 | ep_ret -204.66 ep_len   39.5 (n=2449) | pg -0.001 vf 787.689 kl 0.0162 lr 5.8e-04
it  108 steps  10616832 sps   28,042 | ep_ret -204.72 ep_len   39.7 (n=2506) | pg -0.008 vf 765.875 kl 0.0096 lr 1.9e-03
it  109 steps  10715136 sps   28,041 | ep_ret -204.75 ep_len   39.8 (n=2512) | pg -0.005 vf 747.966 kl 0.0144 lr 8.6e-04
it  110 steps  10813440 sps   28,042 | ep_ret -204.73 ep_len   39.3 (n=2434) | pg -0.000 vf 732.513 kl 0.0141 lr 3.8e-04
it  111 steps  10911744 sps   28,042 | ep_ret -204.82 ep_len   40.2 (n=2464) | pg -0.001 vf 704.777 kl 0.0115 lr 3.8e-04
it  112 steps  11010048 sps   28,042 | ep_ret -204.77 ep_len   39.6 (n=2492) | pg -0.007 vf 693.678 kl 0.0106 lr 1.9e-03
it  113 steps  11108352 sps   28,043 | ep_ret -204.82 ep_len   39.9 (n=2431) | pg 0.003 vf 669.832 kl 0.0173 lr 2.6e-04
it  114 steps  11206656 sps   28,044 | ep_ret -204.84 ep_len   39.9 (n=2485) | pg 0.019 vf 644.291 kl 0.0240 lr 1.0e-05
it  115 steps  11304960 sps   28,045 | ep_ret -204.89 ep_len   40.3 (n=2386) | pg 0.002 vf 643.974 kl 0.0071 lr 5.8e-04
it  116 steps  11403264 sps   28,045 | ep_ret -204.91 ep_len   40.4 (n=2524) | pg -0.002 vf 643.265 kl 0.0102 lr 5.8e-04
it  117 steps  11501568 sps   28,046 | ep_ret -204.84 ep_len   39.9 (n=2452) | pg -0.009 vf 643.342 kl 0.0103 lr 1.9e-03
it  118 steps  11599872 sps   28,046 | ep_ret -204.82 ep_len   39.7 (n=2454) | pg -0.007 vf 609.578 kl 0.0126 lr 1.9e-03
it  119 steps  11698176 sps   28,047 | ep_ret -204.87 ep_len   40.0 (n=2453) | pg -0.009 vf 595.244 kl 0.0147 lr 2.9e-03
it  120 steps  11796480 sps   28,047 | ep_ret -204.92 ep_len   40.3 (n=2437) | pg -0.003 vf 565.861 kl 0.0141 lr 1.9e-03
it  121 steps  11894784 sps   28,046 | ep_ret -204.92 ep_len   40.3 (n=2447) | pg -0.001 vf 543.010 kl 0.0165 lr 3.8e-04
it  122 steps  11993088 sps   28,044 | ep_ret -204.97 ep_len   40.2 (n=2459) | pg 0.001 vf 532.360 kl 0.0171 lr 1.1e-04
it  123 steps  12091392 sps   28,044 | ep_ret -204.92 ep_len   39.7 (n=2437) | pg 0.010 vf 506.043 kl 0.0203 lr 2.3e-05
it  124 steps  12189696 sps   28,044 | ep_ret -205.00 ep_len   40.6 (n=2432) | pg 0.003 vf 514.983 kl 0.0126 lr 7.6e-05
it  125 steps  12288000 sps   28,043 | ep_ret -205.05 ep_len   40.5 (n=2422) | pg 0.005 vf 498.886 kl 0.0172 lr 3.4e-05
it  126 steps  12386304 sps   28,043 | ep_ret -205.10 ep_len   40.4 (n=2471) | pg 0.003 vf 504.705 kl 0.0094 lr 1.7e-04
it  127 steps  12484608 sps   28,042 | ep_ret -205.06 ep_len   40.2 (n=2447) | pg 0.009 vf 493.268 kl 0.0208 lr 2.3e-05
it  128 steps  12582912 sps   28,041 | ep_ret -205.05 ep_len   40.0 (n=2449) | pg 0.002 vf 496.704 kl 0.0074 lr 2.6e-04
it  129 steps  12681216 sps   28,041 | ep_ret -205.15 ep_len   40.7 (n=2369) | pg -0.004 vf 485.842 kl 0.0107 lr 3.8e-04
it  130 steps  12779520 sps   28,040 | ep_ret -205.14 ep_len   40.5 (n=2435) | pg -0.007 vf 483.300 kl 0.0086 lr 8.6e-04
it  131 steps  12877824 sps   28,038 | ep_ret -205.20 ep_len   40.8 (n=2401) | pg -0.008 vf 461.367 kl 0.0154 lr 5.8e-04
it  132 steps  12976128 sps   28,037 | ep_ret -205.22 ep_len   40.7 (n=2443) | pg -0.008 vf 461.235 kl 0.0120 lr 1.3e-03
it  133 steps  13074432 sps   28,036 | ep_ret -205.22 ep_len   40.9 (n=2376) | pg -0.004 vf 439.423 kl 0.0146 lr 5.8e-04
it  134 steps  13172736 sps   28,036 | ep_ret -205.19 ep_len   40.4 (n=2448) | pg -0.011 vf 427.592 kl 0.0118 lr 1.9e-03
it  135 steps  13271040 sps   28,035 | ep_ret -205.23 ep_len   40.7 (n=2393) | pg -0.008 vf 420.062 kl 0.0136 lr 1.3e-03
it  136 steps  13369344 sps   28,034 | ep_ret -205.25 ep_len   40.7 (n=2427) | pg -0.006 vf 405.452 kl 0.0155 lr 5.8e-04
it  137 steps  13467648 sps   28,034 | ep_ret -205.32 ep_len   40.8 (n=2425) | pg -0.008 vf 393.687 kl 0.0108 lr 1.9e-03
it  138 steps  13565952 sps   28,033 | ep_ret -205.28 ep_len   40.6 (n=2421) | pg -0.000 vf 392.254 kl 0.0182 lr 5.8e-04
it  139 steps  13664256 sps   28,033 | ep_ret -205.32 ep_len   40.9 (n=2359) | pg -0.006 vf 363.549 kl 0.0113 lr 5.8e-04
it  140 steps  13762560 sps   28,032 | ep_ret -205.30 ep_len   40.7 (n=2433) | pg -0.010 vf 356.409 kl 0.0130 lr 1.9e-03
it  141 steps  13860864 sps   28,032 | ep_ret -205.36 ep_len   40.8 (n=2385) | pg -0.005 vf 345.543 kl 0.0151 lr 8.6e-04
it  142 steps  13959168 sps   28,031 | ep_ret -205.38 ep_len   41.1 (n=2434) | pg -0.006 vf 331.120 kl 0.0149 lr 3.8e-04
it  143 steps  14057472 sps   28,030 | ep_ret -205.37 ep_len   40.8 (n=2408) | pg -0.008 vf 326.948 kl 0.0100 lr 1.3e-03
it  144 steps  14155776 sps   28,027 | ep_ret -205.41 ep_len   40.8 (n=2396) | pg -0.005 vf 321.638 kl 0.0163 lr 3.8e-04
it  145 steps  14254080 sps   28,027 | ep_ret -205.47 ep_len   41.1 (n=2369) | pg -0.010 vf 317.560 kl 0.0116 lr 1.3e-03
it  146 steps  14352384 sps   28,026 | ep_ret -205.45 ep_len   40.8 (n=2428) | pg 0.007 vf 322.562 kl 0.0277 lr 1.0e-05
it  147 steps  14450688 sps   28,025 | ep_ret -205.48 ep_len   41.0 (n=2444) | pg -0.003 vf 321.888 kl 0.0048 lr 3.8e-04
it  148 steps  14548992 sps   28,024 | ep_ret -205.45 ep_len   40.7 (n=2380) | pg -0.007 vf 325.214 kl 0.0119 lr 8.6e-04
it  149 steps  14647296 sps   28,023 | ep_ret -205.54 ep_len   41.1 (n=2354) | pg -0.004 vf 302.077 kl 0.0154 lr 5.8e-04
it  150 steps  14745600 sps   28,022 | ep_ret -205.57 ep_len   41.3 (n=2367) | pg -0.006 vf 305.451 kl 0.0152 lr 8.6e-04
it  151 steps  14843904 sps   28,022 | ep_ret -205.61 ep_len   41.3 (n=2403) | pg -0.002 vf 292.580 kl 0.0172 lr 1.7e-04
it  152 steps  14942208 sps   28,021 | ep_ret -205.61 ep_len   41.3 (n=2385) | pg -0.002 vf 287.447 kl 0.0108 lr 3.8e-04
it  153 steps  15040512 sps   28,019 | ep_ret -205.64 ep_len   41.3 (n=2376) | pg -0.003 vf 272.943 kl 0.0152 lr 7.6e-05
it  154 steps  15138816 sps   28,018 | ep_ret -205.64 ep_len   41.1 (n=2328) | pg -0.002 vf 267.909 kl 0.0100 lr 2.6e-04
it  155 steps  15237120 sps   28,017 | ep_ret -205.75 ep_len   42.1 (n=2358) | pg -0.000 vf 261.487 kl 0.0124 lr 2.6e-04
it  156 steps  15335424 sps   28,016 | ep_ret -205.73 ep_len   41.6 (n=2402) | pg -0.001 vf 258.804 kl 0.0156 lr 3.4e-05
it  157 steps  15433728 sps   28,015 | ep_ret -205.70 ep_len   41.4 (n=2344) | pg 0.012 vf 252.578 kl 0.0193 lr 1.0e-05
it  158 steps  15532032 sps   28,014 | ep_ret -205.74 ep_len   41.7 (n=2377) | pg 0.010 vf 244.213 kl 0.0155 lr 1.0e-05
it  159 steps  15630336 sps   28,014 | ep_ret -205.68 ep_len   41.3 (n=2400) | pg 0.001 vf 245.050 kl 0.0071 lr 2.6e-04
it  160 steps  15728640 sps   28,013 | ep_ret -205.66 ep_len   41.1 (n=2427) | pg 0.000 vf 248.454 kl 0.0110 lr 1.1e-04
it  161 steps  15826944 sps   28,012 | ep_ret -205.65 ep_len   41.0 (n=2372) | pg -0.006 vf 242.573 kl 0.0101 lr 5.8e-04
it  162 steps  15925248 sps   28,011 | ep_ret -205.76 ep_len   41.7 (n=2340) | pg -0.005 vf 240.844 kl 0.0132 lr 5.8e-04
it  163 steps  16023552 sps   28,010 | ep_ret -205.78 ep_len   41.7 (n=2349) | pg -0.005 vf 236.626 kl 0.0146 lr 2.6e-04
it  164 steps  16121856 sps   28,009 | ep_ret -205.75 ep_len   41.3 (n=2310) | pg 0.001 vf 235.307 kl 0.0125 lr 1.1e-04
it  165 steps  16220160 sps   28,009 | ep_ret -205.79 ep_len   41.9 (n=2447) | pg -0.008 vf 228.862 kl 0.0112 lr 5.8e-04
it  166 steps  16318464 sps   28,009 | ep_ret -205.73 ep_len   41.1 (n=2344) | pg -0.004 vf 223.993 kl 0.0128 lr 2.6e-04
it  167 steps  16416768 sps   28,008 | ep_ret -205.72 ep_len   41.1 (n=2352) | pg 0.003 vf 219.463 kl 0.0131 lr 1.7e-04
it  168 steps  16515072 sps   28,008 | ep_ret -205.85 ep_len   42.1 (n=2353) | pg 0.004 vf 210.668 kl 0.0151 lr 3.4e-05
it  169 steps  16613376 sps   28,006 | ep_ret -205.81 ep_len   41.8 (n=2380) | pg -0.007 vf 210.855 kl 0.0076 lr 5.8e-04
it  170 steps  16711680 sps   28,005 | ep_ret -205.79 ep_len   41.5 (n=2368) | pg -0.010 vf 211.588 kl 0.0127 lr 1.3e-03
it  171 steps  16809984 sps   28,005 | ep_ret -205.82 ep_len   41.9 (n=2351) | pg -0.006 vf 205.261 kl 0.0144 lr 3.8e-04
it  172 steps  16908288 sps   28,005 | ep_ret -205.83 ep_len   41.6 (n=2342) | pg 0.002 vf 192.544 kl 0.0168 lr 7.6e-05
it  173 steps  17006592 sps   28,004 | ep_ret -205.88 ep_len   41.9 (n=2333) | pg -0.005 vf 187.281 kl 0.0097 lr 3.8e-04
it  174 steps  17104896 sps   28,004 | ep_ret -205.91 ep_len   42.3 (n=2324) | pg -0.006 vf 189.249 kl 0.0126 lr 3.8e-04
it  175 steps  17203200 sps   28,003 | ep_ret -205.91 ep_len   42.2 (n=2340) | pg -0.003 vf 193.401 kl 0.0136 lr 1.7e-04
it  176 steps  17301504 sps   28,003 | ep_ret -205.89 ep_len   41.9 (n=2395) | pg 0.001 vf 179.017 kl 0.0124 lr 7.6e-05
it  177 steps  17399808 sps   28,003 | ep_ret -205.89 ep_len   41.9 (n=2280) | pg -0.006 vf 182.674 kl 0.0090 lr 3.8e-04
it  178 steps  17498112 sps   28,002 | ep_ret -205.97 ep_len   42.3 (n=2349) | pg -0.008 vf 181.435 kl 0.0120 lr 5.8e-04
it  179 steps  17596416 sps   28,002 | ep_ret -205.86 ep_len   41.8 (n=2334) | pg -0.008 vf 176.456 kl 0.0152 lr 5.8e-04
it  180 steps  17694720 sps   28,001 | ep_ret -205.94 ep_len   42.3 (n=2320) | pg -0.007 vf 170.383 kl 0.0149 lr 5.8e-04
it  181 steps  17793024 sps   28,000 | ep_ret -205.92 ep_len   41.9 (n=2302) | pg -0.004 vf 168.885 kl 0.0162 lr 2.6e-04
it  182 steps  17891328 sps   28,000 | ep_ret -205.97 ep_len   42.6 (n=2367) | pg -0.008 vf 166.440 kl 0.0125 lr 5.8e-04
it  183 steps  17989632 sps   27,999 | ep_ret -206.01 ep_len   42.5 (n=2263) | pg -0.003 vf 162.333 kl 0.0177 lr 1.7e-04
it  184 steps  18087936 sps   27,999 | ep_ret -206.00 ep_len   42.6 (n=2333) | pg -0.005 vf 158.305 kl 0.0115 lr 2.6e-04
it  185 steps  18186240 sps   27,999 | ep_ret -205.98 ep_len   42.5 (n=2321) | pg -0.010 vf 159.432 kl 0.0100 lr 5.8e-04
it  186 steps  18284544 sps   27,998 | ep_ret -205.94 ep_len   42.0 (n=2327) | pg -0.009 vf 157.358 kl 0.0142 lr 3.8e-04
it  187 steps  18382848 sps   27,997 | ep_ret -205.97 ep_len   42.3 (n=2346) | pg 0.000 vf 148.815 kl 0.0131 lr 7.6e-05
it  188 steps  18481152 sps   27,997 | ep_ret -206.00 ep_len   42.2 (n=2308) | pg -0.004 vf 149.351 kl 0.0085 lr 2.6e-04
it  189 steps  18579456 sps   27,996 | ep_ret -206.00 ep_len   42.1 (n=2339) | pg -0.008 vf 152.548 kl 0.0124 lr 5.8e-04
it  190 steps  18677760 sps   27,996 | ep_ret -205.96 ep_len   42.0 (n=2340) | pg -0.006 vf 146.925 kl 0.0149 lr 2.6e-04
it  191 steps  18776064 sps   27,995 | ep_ret -206.02 ep_len   42.1 (n=2341) | pg -0.010 vf 141.758 kl 0.0108 lr 5.8e-04
it  192 steps  18874368 sps   27,995 | ep_ret -206.02 ep_len   42.4 (n=2303) | pg -0.008 vf 138.766 kl 0.0146 lr 3.8e-04
it  193 steps  18972672 sps   27,994 | ep_ret -206.02 ep_len   42.3 (n=2290) | pg -0.010 vf 137.099 kl 0.0136 lr 5.8e-04
it  194 steps  19070976 sps   27,993 | ep_ret -206.09 ep_len   42.9 (n=2281) | pg -0.002 vf 137.798 kl 0.0161 lr 1.1e-04
it  195 steps  19169280 sps   27,993 | ep_ret -206.03 ep_len   42.5 (n=2343) | pg -0.003 vf 130.540 kl 0.0108 lr 1.1e-04
it  196 steps  19267584 sps   27,992 | ep_ret -206.10 ep_len   42.7 (n=2306) | pg 0.011 vf 129.890 kl 0.0212 lr 1.0e-05
it  197 steps  19365888 sps   27,992 | ep_ret -206.11 ep_len   42.7 (n=2309) | pg 0.007 vf 130.683 kl 0.0124 lr 1.5e-05
it  198 steps  19464192 sps   27,992 | ep_ret -206.08 ep_len   42.4 (n=2329) | pg 0.012 vf 126.090 kl 0.0175 lr 1.0e-05
it  199 steps  19562496 sps   27,991 | ep_ret -206.10 ep_len   42.5 (n=2247) | pg 0.008 vf 127.864 kl 0.0137 lr 1.0e-05
it  200 steps  19660800 sps   27,991 | ep_ret -206.11 ep_len   42.7 (n=2383) | pg 0.008 vf 121.752 kl 0.0147 lr 1.0e-05
it  201 steps  19759104 sps   27,990 | ep_ret -206.05 ep_len   42.5 (n=2264) | pg 0.007 vf 121.463 kl 0.0142 lr 1.5e-05
it  202 steps  19857408 sps   27,990 | ep_ret -206.11 ep_len   42.7 (n=2303) | pg 0.015 vf 124.100 kl 0.0237 lr 1.0e-05
it  203 steps  19955712 sps   27,989 | ep_ret -206.04 ep_len   42.5 (n=2331) | pg 0.005 vf 121.339 kl 0.0110 lr 3.4e-05
it  204 steps  20054016 sps   27,989 | ep_ret -206.05 ep_len   42.5 (n=2290) | pg 0.019 vf 120.583 kl 0.0270 lr 1.0e-05
it  205 steps  20152320 sps   27,988 | ep_ret -206.03 ep_len   42.6 (n=2369) | pg 0.003 vf 118.292 kl 0.0094 lr 7.6e-05
it  206 steps  20250624 sps   27,988 | ep_ret -206.00 ep_len   42.4 (n=2276) | pg 0.004 vf 116.247 kl 0.0128 lr 5.1e-05
it  207 steps  20348928 sps   27,988 | ep_ret -206.03 ep_len   42.9 (n=2284) | pg -0.001 vf 110.019 kl 0.0095 lr 1.7e-04
it  208 steps  20447232 sps   27,987 | ep_ret -206.01 ep_len   42.7 (n=2281) | pg -0.006 vf 112.238 kl 0.0107 lr 2.6e-04
it  209 steps  20545536 sps   27,987 | ep_ret -206.05 ep_len   43.0 (n=2276) | pg -0.005 vf 110.925 kl 0.0132 lr 1.1e-04
it  210 steps  20643840 sps   27,986 | ep_ret -206.09 ep_len   43.2 (n=2312) | pg 0.005 vf 106.989 kl 0.0163 lr 3.4e-05
it  211 steps  20742144 sps   27,986 | ep_ret -206.04 ep_len   42.7 (n=2293) | pg 0.005 vf 107.626 kl 0.0122 lr 5.1e-05
it  212 steps  20840448 sps   27,985 | ep_ret -206.03 ep_len   42.7 (n=2290) | pg -0.003 vf 104.733 kl 0.0099 lr 1.7e-04
it  213 steps  20938752 sps   27,985 | ep_ret -206.07 ep_len   43.1 (n=2302) | pg -0.006 vf 101.294 kl 0.0111 lr 2.6e-04
it  214 steps  21037056 sps   27,984 | ep_ret -206.09 ep_len   43.3 (n=2228) | pg -0.009 vf 100.792 kl 0.0151 lr 3.8e-04
it  215 steps  21135360 sps   27,983 | ep_ret -206.05 ep_len   43.1 (n=2315) | pg -0.008 vf 97.406 kl 0.0149 lr 2.6e-04
it  216 steps  21233664 sps   27,982 | ep_ret -206.09 ep_len   43.3 (n=2239) | pg -0.009 vf 95.973 kl 0.0100 lr 3.8e-04
it  217 steps  21331968 sps   27,981 | ep_ret -206.09 ep_len   43.6 (n=2262) | pg -0.009 vf 94.601 kl 0.0146 lr 1.7e-04
it  218 steps  21430272 sps   27,981 | ep_ret -206.07 ep_len   43.4 (n=2247) | pg -0.003 vf 92.779 kl 0.0134 lr 1.7e-04
it  219 steps  21528576 sps   27,980 | ep_ret -206.08 ep_len   43.6 (n=2247) | pg -0.010 vf 93.603 kl 0.0126 lr 5.8e-04
it  220 steps  21626880 sps   27,980 | ep_ret -206.10 ep_len   43.8 (n=2254) | pg -0.000 vf 91.958 kl 0.0141 lr 1.1e-04
it  221 steps  21725184 sps   27,979 | ep_ret -206.14 ep_len   43.8 (n=2248) | pg -0.006 vf 87.540 kl 0.0106 lr 1.7e-04
it  222 steps  21823488 sps   27,979 | ep_ret -206.10 ep_len   43.8 (n=2195) | pg -0.006 vf 86.715 kl 0.0114 lr 1.1e-04
it  223 steps  21921792 sps   27,978 | ep_ret -206.14 ep_len   43.9 (n=2313) | pg -0.008 vf 86.482 kl 0.0115 lr 2.6e-04
it  224 steps  22020096 sps   27,978 | ep_ret -206.10 ep_len   43.7 (n=2181) | pg -0.010 vf 87.093 kl 0.0135 lr 2.6e-04
it  225 steps  22118400 sps   27,977 | ep_ret -206.10 ep_len   44.0 (n=2295) | pg -0.009 vf 83.243 kl 0.0126 lr 3.8e-04
it  226 steps  22216704 sps   27,977 | ep_ret -206.05 ep_len   43.6 (n=2224) | pg -0.004 vf 82.731 kl 0.0166 lr 1.1e-04
it  227 steps  22315008 sps   27,976 | ep_ret -206.08 ep_len   43.6 (n=2309) | pg -0.006 vf 78.795 kl 0.0105 lr 1.7e-04
it  228 steps  22413312 sps   27,975 | ep_ret -206.11 ep_len   44.1 (n=2170) | pg -0.007 vf 80.110 kl 0.0117 lr 2.6e-04
it  229 steps  22511616 sps   27,974 | ep_ret -206.08 ep_len   43.9 (n=2233) | pg -0.012 vf 79.162 kl 0.0152 lr 1.7e-04
it  230 steps  22609920 sps   27,973 | ep_ret -206.13 ep_len   44.2 (n=2206) | pg -0.005 vf 76.590 kl 0.0119 lr 1.7e-04
it  231 steps  22708224 sps   27,973 | ep_ret -206.22 ep_len   44.8 (n=2215) | pg -0.010 vf 75.516 kl 0.0129 lr 3.8e-04
it  232 steps  22806528 sps   27,973 | ep_ret -206.11 ep_len   44.1 (n=2273) | pg -0.009 vf 74.387 kl 0.0135 lr 3.8e-04
it  233 steps  22904832 sps   27,972 | ep_ret -206.07 ep_len   43.9 (n=2135) | pg -0.008 vf 71.312 kl 0.0143 lr 1.7e-04
it  234 steps  23003136 sps   27,971 | ep_ret -206.22 ep_len   45.0 (n=2206) | pg -0.005 vf 71.210 kl 0.0121 lr 1.7e-04
it  235 steps  23101440 sps   27,971 | ep_ret -206.19 ep_len   44.5 (n=2227) | pg -0.004 vf 70.975 kl 0.0143 lr 1.7e-04
it  236 steps  23199744 sps   27,970 | ep_ret -206.19 ep_len   44.6 (n=2179) | pg -0.006 vf 69.522 kl 0.0140 lr 1.7e-04
it  237 steps  23298048 sps   27,969 | ep_ret -206.23 ep_len   44.8 (n=2210) | pg -0.004 vf 68.335 kl 0.0124 lr 1.1e-04
it  238 steps  23396352 sps   27,967 | ep_ret -206.20 ep_len   44.7 (n=2195) | pg -0.007 vf 68.023 kl 0.0105 lr 2.6e-04
it  239 steps  23494656 sps   27,965 | ep_ret -206.24 ep_len   45.0 (n=2166) | pg -0.009 vf 68.516 kl 0.0134 lr 2.6e-04
it  240 steps  23592960 sps   27,964 | ep_ret -206.18 ep_len   44.7 (n=2202) | pg -0.009 vf 68.072 kl 0.0142 lr 1.7e-04
it  241 steps  23691264 sps   27,963 | ep_ret -206.25 ep_len   45.0 (n=2225) | pg -0.005 vf 65.576 kl 0.0139 lr 1.1e-04
it  242 steps  23789568 sps   27,962 | ep_ret -206.19 ep_len   44.5 (n=2142) | pg -0.002 vf 65.718 kl 0.0117 lr 7.6e-05
it  243 steps  23887872 sps   27,961 | ep_ret -206.25 ep_len   45.2 (n=2222) | pg -0.001 vf 65.658 kl 0.0111 lr 7.6e-05
it  244 steps  23986176 sps   27,960 | ep_ret -206.24 ep_len   45.0 (n=2183) | pg -0.008 vf 64.656 kl 0.0112 lr 1.7e-04
it  245 steps  24084480 sps   27,959 | ep_ret -206.27 ep_len   45.3 (n=2167) | pg -0.010 vf 64.630 kl 0.0124 lr 3.8e-04
it  246 steps  24182784 sps   27,958 | ep_ret -206.22 ep_len   44.9 (n=2205) | pg -0.010 vf 61.971 kl 0.0154 lr 2.6e-04
it  247 steps  24281088 sps   27,957 | ep_ret -206.22 ep_len   44.9 (n=2162) | pg -0.011 vf 61.994 kl 0.0149 lr 2.6e-04
it  248 steps  24379392 sps   27,956 | ep_ret -206.22 ep_len   45.0 (n=2181) | pg -0.008 vf 61.968 kl 0.0155 lr 1.7e-04
it  249 steps  24477696 sps   27,956 | ep_ret -206.23 ep_len   45.2 (n=2140) | pg -0.005 vf 60.524 kl 0.0156 lr 7.6e-05
it  250 steps  24576000 sps   27,955 | ep_ret -206.30 ep_len   45.5 (n=2156) | pg 0.003 vf 59.117 kl 0.0139 lr 1.5e-05
it  251 steps  24674304 sps   27,954 | ep_ret -206.36 ep_len   46.0 (n=2130) | pg 0.002 vf 60.559 kl 0.0130 lr 1.0e-05
it  252 steps  24772608 sps   27,953 | ep_ret -206.35 ep_len   45.9 (n=2140) | pg -0.003 vf 60.122 kl 0.0083 lr 3.4e-05
it  253 steps  24870912 sps   27,952 | ep_ret -206.36 ep_len   45.7 (n=2160) | pg -0.003 vf 57.709 kl 0.0110 lr 2.3e-05
it  254 steps  24969216 sps   27,951 | ep_ret -206.32 ep_len   45.8 (n=2128) | pg -0.009 vf 58.456 kl 0.0098 lr 1.1e-04
it  255 steps  25067520 sps   27,951 | ep_ret -206.33 ep_len   45.6 (n=2153) | pg -0.011 vf 58.682 kl 0.0138 lr 1.7e-04
it  256 steps  25165824 sps   27,950 | ep_ret -206.39 ep_len   46.4 (n=2122) | pg -0.011 vf 58.080 kl 0.0149 lr 1.1e-04
it  257 steps  25264128 sps   27,949 | ep_ret -206.36 ep_len   46.1 (n=2119) | pg -0.011 vf 55.677 kl 0.0137 lr 1.7e-04
it  258 steps  25362432 sps   27,949 | ep_ret -206.41 ep_len   46.3 (n=2141) | pg -0.009 vf 56.307 kl 0.0151 lr 1.1e-04
it  259 steps  25460736 sps   27,948 | ep_ret -206.32 ep_len   45.7 (n=2141) | pg -0.011 vf 56.616 kl 0.0143 lr 1.1e-04
it  260 steps  25559040 sps   27,947 | ep_ret -206.47 ep_len   46.5 (n=2064) | pg -0.009 vf 56.414 kl 0.0143 lr 1.1e-04
it  261 steps  25657344 sps   27,947 | ep_ret -206.48 ep_len   46.9 (n=2107) | pg -0.009 vf 56.138 kl 0.0148 lr 1.1e-04
it  262 steps  25755648 sps   27,945 | ep_ret -206.44 ep_len   46.2 (n=2119) | pg -0.009 vf 55.575 kl 0.0132 lr 1.1e-04
it  263 steps  25853952 sps   27,944 | ep_ret -206.53 ep_len   47.0 (n=2149) | pg -0.008 vf 54.595 kl 0.0133 lr 7.6e-05
it  264 steps  25952256 sps   27,943 | ep_ret -206.41 ep_len   46.3 (n=2081) | pg -0.009 vf 54.169 kl 0.0124 lr 7.6e-05
it  265 steps  26050560 sps   27,942 | ep_ret -206.48 ep_len   46.6 (n=2121) | pg -0.011 vf 54.312 kl 0.0138 lr 1.1e-04
it  266 steps  26148864 sps   27,941 | ep_ret -206.54 ep_len   47.2 (n=2055) | pg -0.011 vf 55.156 kl 0.0147 lr 1.1e-04
it  267 steps  26247168 sps   27,941 | ep_ret -206.50 ep_len   46.8 (n=2132) | pg -0.010 vf 54.608 kl 0.0131 lr 1.1e-04
it  268 steps  26345472 sps   27,940 | ep_ret -206.53 ep_len   47.1 (n=2023) | pg -0.012 vf 54.591 kl 0.0149 lr 1.1e-04
it  269 steps  26443776 sps   27,938 | ep_ret -206.54 ep_len   47.1 (n=2086) | pg -0.011 vf 51.136 kl 0.0143 lr 1.1e-04
it  270 steps  26542080 sps   27,937 | ep_ret -206.52 ep_len   47.0 (n=2110) | pg -0.008 vf 53.803 kl 0.0143 lr 7.6e-05
it  271 steps  26640384 sps   27,934 | ep_ret -206.52 ep_len   47.2 (n=2021) | pg -0.007 vf 54.061 kl 0.0114 lr 7.6e-05
it  272 steps  26738688 sps   27,932 | ep_ret -206.61 ep_len   48.0 (n=2073) | pg -0.011 vf 54.010 kl 0.0136 lr 1.1e-04
it  273 steps  26836992 sps   27,929 | ep_ret -206.66 ep_len   48.1 (n=2047) | pg -0.013 vf 53.911 kl 0.0164 lr 1.1e-04
it  274 steps  26935296 sps   27,928 | ep_ret -206.64 ep_len   47.8 (n=2043) | pg -0.012 vf 53.093 kl 0.0149 lr 1.1e-04
it  275 steps  27033600 sps   27,927 | ep_ret -206.58 ep_len   47.8 (n=2095) | pg -0.006 vf 52.241 kl 0.0133 lr 5.1e-05
it  276 steps  27131904 sps   27,926 | ep_ret -206.67 ep_len   48.0 (n=2065) | pg -0.008 vf 52.865 kl 0.0115 lr 5.1e-05
it  277 steps  27230208 sps   27,925 | ep_ret -206.65 ep_len   47.8 (n=2010) | pg -0.001 vf 53.128 kl 0.0137 lr 1.5e-05
it  278 steps  27328512 sps   27,923 | ep_ret -206.64 ep_len   48.0 (n=2020) | pg -0.009 vf 52.891 kl 0.0087 lr 7.6e-05
it  279 steps  27426816 sps   27,921 | ep_ret -206.76 ep_len   48.6 (n=2038) | pg -0.008 vf 52.148 kl 0.0143 lr 5.1e-05
it  280 steps  27525120 sps   27,919 | ep_ret -206.70 ep_len   48.4 (n=2009) | pg -0.010 vf 52.940 kl 0.0129 lr 1.1e-04
it  281 steps  27623424 sps   27,917 | ep_ret -206.79 ep_len   48.8 (n=1999) | pg -0.008 vf 51.983 kl 0.0121 lr 1.1e-04
it  282 steps  27721728 sps   27,915 | ep_ret -206.82 ep_len   49.2 (n=2000) | pg -0.004 vf 53.962 kl 0.0127 lr 5.1e-05
it  283 steps  27820032 sps   27,912 | ep_ret -206.75 ep_len   48.8 (n=1959) | pg 0.002 vf 54.725 kl 0.0175 lr 1.0e-05
it  284 steps  27918336 sps   27,910 | ep_ret -206.88 ep_len   49.5 (n=2009) | pg -0.004 vf 54.013 kl 0.0097 lr 5.1e-05
it  285 steps  28016640 sps   27,908 | ep_ret -206.94 ep_len   49.9 (n=1930) | pg -0.001 vf 54.016 kl 0.0128 lr 2.3e-05
it  286 steps  28114944 sps   27,905 | ep_ret -206.99 ep_len   50.1 (n=1993) | pg 0.001 vf 56.378 kl 0.0152 lr 1.0e-05
it  287 steps  28213248 sps   27,902 | ep_ret -206.91 ep_len   49.4 (n=1991) | pg -0.008 vf 54.813 kl 0.0087 lr 5.1e-05
it  288 steps  28311552 sps   27,898 | ep_ret -206.97 ep_len   49.9 (n=1982) | pg -0.009 vf 55.301 kl 0.0119 lr 1.1e-04
it  289 steps  28409856 sps   27,895 | ep_ret -206.89 ep_len   49.2 (n=1981) | pg -0.007 vf 55.482 kl 0.0114 lr 1.1e-04
it  290 steps  28508160 sps   27,892 | ep_ret -206.95 ep_len   49.7 (n=1982) | pg -0.006 vf 55.541 kl 0.0113 lr 1.1e-04
it  291 steps  28606464 sps   27,890 | ep_ret -207.03 ep_len   50.4 (n=1919) | pg -0.012 vf 55.093 kl 0.0148 lr 1.7e-04
it  292 steps  28704768 sps   27,889 | ep_ret -207.06 ep_len   50.0 (n=2032) | pg -0.013 vf 54.506 kl 0.0172 lr 2.6e-04
it  293 steps  28803072 sps   27,888 | ep_ret -206.97 ep_len   49.5 (n=1928) | pg -0.003 vf 56.870 kl 0.0124 lr 7.6e-05
it  294 steps  28901376 sps   27,887 | ep_ret -206.97 ep_len   49.5 (n=1978) | pg -0.003 vf 56.390 kl 0.0092 lr 5.1e-05
it  295 steps  28999680 sps   27,886 | ep_ret -207.17 ep_len   50.8 (n=1872) | pg -0.002 vf 57.309 kl 0.0109 lr 3.4e-05
it  296 steps  29097984 sps   27,885 | ep_ret -207.27 ep_len   51.3 (n=1957) | pg -0.002 vf 57.129 kl 0.0096 lr 5.1e-05
it  297 steps  29196288 sps   27,883 | ep_ret -207.20 ep_len   50.8 (n=1905) | pg -0.006 vf 57.173 kl 0.0097 lr 5.1e-05
it  298 steps  29294592 sps   27,881 | ep_ret -207.18 ep_len   50.8 (n=1954) | pg -0.011 vf 55.863 kl 0.0121 lr 1.7e-04
it  299 steps  29392896 sps   27,880 | ep_ret -207.19 ep_len   51.2 (n=1938) | pg -0.010 vf 59.298 kl 0.0148 lr 3.8e-04
it  300 steps  29491200 sps   27,876 | ep_ret -207.11 ep_len   50.2 (n=1874) | pg -0.002 vf 61.586 kl 0.0140 lr 1.1e-04
it  301 steps  29589504 sps   27,873 | ep_ret -207.36 ep_len   51.9 (n=1904) | pg -0.011 vf 59.822 kl 0.0103 lr 3.8e-04
it  302 steps  29687808 sps   27,870 | ep_ret -207.39 ep_len   51.9 (n=1889) | pg -0.011 vf 59.695 kl 0.0146 lr 5.8e-04
it  303 steps  29786112 sps   27,867 | ep_ret -207.48 ep_len   52.4 (n=1830) | pg -0.010 vf 60.401 kl 0.0135 lr 5.8e-04
it  304 steps  29884416 sps   27,864 | ep_ret -207.50 ep_len   52.7 (n=1862) | pg -0.011 vf 60.160 kl 0.0161 lr 8.6e-04
it  305 steps  29982720 sps   27,862 | ep_ret -207.49 ep_len   52.7 (n=1842) | pg -0.010 vf 61.717 kl 0.0156 lr 8.6e-04
it  306 steps  30081024 sps   27,859 | ep_ret -207.57 ep_len   53.0 (n=1890) | pg -0.014 vf 61.792 kl 0.0169 lr 5.8e-04
it  307 steps  30179328 sps   27,857 | ep_ret -207.54 ep_len   53.0 (n=1819) | pg -0.010 vf 61.037 kl 0.0158 lr 8.6e-04
it  308 steps  30277632 sps   27,856 | ep_ret -207.47 ep_len   52.6 (n=1881) | pg -0.010 vf 63.550 kl 0.0146 lr 5.8e-04
it  309 steps  30375936 sps   27,856 | ep_ret -207.59 ep_len   53.5 (n=1798) | pg -0.009 vf 60.897 kl 0.0148 lr 3.8e-04
it  310 steps  30474240 sps   27,855 | ep_ret -207.67 ep_len   54.1 (n=1872) | pg -0.009 vf 62.235 kl 0.0124 lr 5.8e-04
it  311 steps  30572544 sps   27,854 | ep_ret -207.62 ep_len   53.6 (n=1747) | pg -0.009 vf 64.488 kl 0.0150 lr 3.8e-04
it  312 steps  30670848 sps   27,853 | ep_ret -207.77 ep_len   54.6 (n=1777) | pg -0.009 vf 65.910 kl 0.0116 lr 3.8e-04
it  313 steps  30769152 sps   27,853 | ep_ret -207.74 ep_len   54.2 (n=1824) | pg -0.013 vf 60.971 kl 0.0156 lr 3.8e-04
it  314 steps  30867456 sps   27,852 | ep_ret -207.82 ep_len   54.8 (n=1816) | pg -0.012 vf 60.765 kl 0.0143 lr 5.8e-04
it  315 steps  30965760 sps   27,852 | ep_ret -207.82 ep_len   54.6 (n=1748) | pg -0.005 vf 63.923 kl 0.0128 lr 3.8e-04
it  316 steps  31064064 sps   27,851 | ep_ret -207.73 ep_len   54.1 (n=1783) | pg -0.010 vf 63.521 kl 0.0146 lr 3.8e-04
it  317 steps  31162368 sps   27,850 | ep_ret -207.95 ep_len   55.7 (n=1783) | pg -0.008 vf 61.440 kl 0.0134 lr 3.8e-04
it  318 steps  31260672 sps   27,849 | ep_ret -207.95 ep_len   55.4 (n=1813) | pg -0.004 vf 64.639 kl 0.0141 lr 2.6e-04
it  319 steps  31358976 sps   27,849 | ep_ret -208.04 ep_len   55.7 (n=1712) | pg -0.013 vf 65.569 kl 0.0105 lr 5.8e-04
it  320 steps  31457280 sps   27,848 | ep_ret -207.97 ep_len   55.6 (n=1738) | pg -0.013 vf 63.222 kl 0.0145 lr 5.8e-04
it  321 steps  31555584 sps   27,847 | ep_ret -208.16 ep_len   56.5 (n=1699) | pg -0.011 vf 66.155 kl 0.0164 lr 5.8e-04
it  322 steps  31653888 sps   27,846 | ep_ret -208.21 ep_len   56.6 (n=1736) | pg -0.012 vf 64.510 kl 0.0146 lr 5.8e-04
it  323 steps  31752192 sps   27,846 | ep_ret -208.40 ep_len   57.4 (n=1791) | pg -0.012 vf 64.512 kl 0.0142 lr 5.8e-04
it  324 steps  31850496 sps   27,845 | ep_ret -208.17 ep_len   56.7 (n=1638) | pg -0.009 vf 68.281 kl 0.0173 lr 5.8e-04
it  325 steps  31948800 sps   27,844 | ep_ret -208.36 ep_len   57.6 (n=1700) | pg -0.011 vf 67.104 kl 0.0155 lr 3.8e-04
it  326 steps  32047104 sps   27,843 | ep_ret -208.23 ep_len   57.1 (n=1717) | pg -0.012 vf 64.001 kl 0.0154 lr 3.8e-04
it  327 steps  32145408 sps   27,842 | ep_ret -208.44 ep_len   58.4 (n=1663) | pg -0.008 vf 63.944 kl 0.0126 lr 3.8e-04
it  328 steps  32243712 sps   27,841 | ep_ret -208.44 ep_len   58.7 (n=1690) | pg -0.012 vf 64.869 kl 0.0148 lr 5.8e-04
it  329 steps  32342016 sps   27,840 | ep_ret -208.40 ep_len   58.5 (n=1652) | pg -0.014 vf 64.957 kl 0.0152 lr 8.6e-04
it  330 steps  32440320 sps   27,839 | ep_ret -208.37 ep_len   57.9 (n=1697) | pg -0.010 vf 65.439 kl 0.0160 lr 2.6e-04
it  331 steps  32538624 sps   27,838 | ep_ret -208.67 ep_len   59.6 (n=1658) | pg -0.013 vf 66.551 kl 0.0108 lr 5.8e-04
it  332 steps  32636928 sps   27,837 | ep_ret -208.49 ep_len   58.6 (n=1655) | pg -0.010 vf 66.724 kl 0.0157 lr 3.8e-04
it  333 steps  32735232 sps   27,836 | ep_ret -208.70 ep_len   59.9 (n=1583) | pg -0.015 vf 69.087 kl 0.0142 lr 5.8e-04
it  334 steps  32833536 sps   27,835 | ep_ret -208.67 ep_len   59.4 (n=1647) | pg -0.011 vf 68.387 kl 0.0159 lr 1.7e-04
it  335 steps  32931840 sps   27,834 | ep_ret -208.88 ep_len   60.5 (n=1564) | pg -0.009 vf 69.136 kl 0.0107 lr 3.8e-04
it  336 steps  33030144 sps   27,833 | ep_ret -208.81 ep_len   60.0 (n=1675) | pg -0.005 vf 70.701 kl 0.0155 lr 1.7e-04
it  337 steps  33128448 sps   27,833 | ep_ret -209.02 ep_len   61.3 (n=1570) | pg -0.006 vf 69.208 kl 0.0114 lr 1.7e-04
it  338 steps  33226752 sps   27,832 | ep_ret -209.14 ep_len   61.9 (n=1570) | pg -0.007 vf 70.426 kl 0.0115 lr 2.6e-04
it  339 steps  33325056 sps   27,831 | ep_ret -209.17 ep_len   62.3 (n=1558) | pg -0.011 vf 72.339 kl 0.0101 lr 5.8e-04
it  340 steps  33423360 sps   27,831 | ep_ret -209.16 ep_len   61.8 (n=1554) | pg -0.013 vf 74.053 kl 0.0157 lr 5.8e-04
it  341 steps  33521664 sps   27,830 | ep_ret -209.29 ep_len   63.0 (n=1509) | pg -0.013 vf 75.037 kl 0.0140 lr 8.6e-04
it  342 steps  33619968 sps   27,830 | ep_ret -209.38 ep_len   63.5 (n=1542) | pg -0.013 vf 75.532 kl 0.0154 lr 3.8e-04
it  343 steps  33718272 sps   27,829 | ep_ret -209.50 ep_len   63.9 (n=1538) | pg -0.008 vf 74.830 kl 0.0151 lr 2.6e-04
it  344 steps  33816576 sps   27,828 | ep_ret -209.70 ep_len   64.8 (n=1542) | pg -0.008 vf 75.049 kl 0.0140 lr 3.8e-04
it  345 steps  33914880 sps   27,827 | ep_ret -209.54 ep_len   63.2 (n=1508) | pg -0.008 vf 79.011 kl 0.0139 lr 3.8e-04
it  346 steps  34013184 sps   27,826 | ep_ret -209.80 ep_len   64.5 (n=1498) | pg -0.009 vf 79.861 kl 0.0139 lr 3.8e-04
it  347 steps  34111488 sps   27,825 | ep_ret -210.06 ep_len   66.1 (n=1478) | pg -0.009 vf 80.841 kl 0.0148 lr 1.7e-04
it  348 steps  34209792 sps   27,823 | ep_ret -209.86 ep_len   65.4 (n=1461) | pg -0.009 vf 79.205 kl 0.0117 lr 3.8e-04
it  349 steps  34308096 sps   27,822 | ep_ret -210.15 ep_len   66.9 (n=1443) | pg -0.012 vf 81.013 kl 0.0150 lr 3.8e-04
it  350 steps  34406400 sps   27,821 | ep_ret -209.89 ep_len   65.6 (n=1487) | pg -0.010 vf 81.895 kl 0.0145 lr 3.8e-04
it  351 steps  34504704 sps   27,820 | ep_ret -210.14 ep_len   66.9 (n=1445) | pg -0.010 vf 79.556 kl 0.0149 lr 3.8e-04
it  352 steps  34603008 sps   27,820 | ep_ret -210.47 ep_len   68.9 (n=1423) | pg -0.011 vf 81.569 kl 0.0155 lr 3.8e-04
it  353 steps  34701312 sps   27,819 | ep_ret -210.21 ep_len   67.3 (n=1443) | pg -0.010 vf 82.543 kl 0.0135 lr 5.8e-04
it  354 steps  34799616 sps   27,819 | ep_ret -210.27 ep_len   67.7 (n=1451) | pg -0.009 vf 83.875 kl 0.0156 lr 3.8e-04
it  355 steps  34897920 sps   27,818 | ep_ret -210.32 ep_len   67.7 (n=1373) | pg -0.009 vf 85.035 kl 0.0124 lr 3.8e-04
it  356 steps  34996224 sps   27,818 | ep_ret -210.54 ep_len   69.8 (n=1442) | pg -0.013 vf 80.412 kl 0.0144 lr 1.7e-04
it  357 steps  35094528 sps   27,817 | ep_ret -210.47 ep_len   70.3 (n=1387) | pg -0.010 vf 83.262 kl 0.0123 lr 3.8e-04
it  358 steps  35192832 sps   27,816 | ep_ret -210.52 ep_len   69.8 (n=1388) | pg -0.011 vf 85.348 kl 0.0159 lr 3.8e-04
it  359 steps  35291136 sps   27,816 | ep_ret -210.65 ep_len   70.2 (n=1327) | pg -0.011 vf 85.734 kl 0.0150 lr 3.8e-04
it  360 steps  35389440 sps   27,815 | ep_ret -210.63 ep_len   70.1 (n=1372) | pg -0.008 vf 86.837 kl 0.0132 lr 3.8e-04
it  361 steps  35487744 sps   27,815 | ep_ret -211.12 ep_len   73.0 (n=1363) | pg -0.007 vf 88.500 kl 0.0158 lr 2.6e-04
it  362 steps  35586048 sps   27,814 | ep_ret -211.02 ep_len   72.4 (n=1289) | pg -0.010 vf 89.450 kl 0.0125 lr 5.8e-04
it  363 steps  35684352 sps   27,814 | ep_ret -210.97 ep_len   71.4 (n=1375) | pg -0.012 vf 90.681 kl 0.0142 lr 5.8e-04
it  364 steps  35782656 sps   27,813 | ep_ret -211.56 ep_len   74.9 (n=1287) | pg -0.009 vf 89.798 kl 0.0177 lr 1.7e-04
it  365 steps  35880960 sps   27,812 | ep_ret -211.34 ep_len   72.9 (n=1330) | pg -0.008 vf 90.105 kl 0.0103 lr 2.6e-04
it  366 steps  35979264 sps   27,812 | ep_ret -211.75 ep_len   76.0 (n=1352) | pg -0.009 vf 90.417 kl 0.0141 lr 5.8e-04
it  367 steps  36077568 sps   27,811 | ep_ret -211.25 ep_len   72.9 (n=1310) | pg -0.010 vf 93.233 kl 0.0172 lr 1.1e-04
it  368 steps  36175872 sps   27,811 | ep_ret -211.46 ep_len   73.9 (n=1330) | pg -0.003 vf 93.563 kl 0.0135 lr 7.6e-05
it  369 steps  36274176 sps   27,810 | ep_ret -211.53 ep_len   75.5 (n=1299) | pg 0.001 vf 92.158 kl 0.0125 lr 5.1e-05
it  370 steps  36372480 sps   27,810 | ep_ret -211.36 ep_len   73.7 (n=1260) | pg -0.003 vf 89.696 kl 0.0103 lr 1.7e-04
it  371 steps  36470784 sps   27,809 | ep_ret -211.63 ep_len   76.1 (n=1319) | pg -0.005 vf 91.046 kl 0.0143 lr 7.6e-05
it  372 steps  36569088 sps   27,809 | ep_ret -211.36 ep_len   74.0 (n=1306) | pg -0.007 vf 90.380 kl 0.0096 lr 2.6e-04
it  373 steps  36667392 sps   27,808 | ep_ret -211.36 ep_len   74.6 (n=1313) | pg -0.010 vf 90.312 kl 0.0138 lr 3.8e-04
it  374 steps  36765696 sps   27,808 | ep_ret -211.78 ep_len   76.9 (n=1246) | pg -0.012 vf 95.275 kl 0.0154 lr 3.8e-04
it  375 steps  36864000 sps   27,807 | ep_ret -211.79 ep_len   77.2 (n=1290) | pg -0.012 vf 93.230 kl 0.0159 lr 3.8e-04
it  376 steps  36962304 sps   27,807 | ep_ret -211.66 ep_len   76.1 (n=1238) | pg -0.011 vf 93.484 kl 0.0122 lr 3.8e-04
it  377 steps  37060608 sps   27,806 | ep_ret -211.81 ep_len   77.8 (n=1228) | pg -0.008 vf 94.533 kl 0.0148 lr 2.6e-04
it  378 steps  37158912 sps   27,806 | ep_ret -211.88 ep_len   77.6 (n=1299) | pg -0.007 vf 93.032 kl 0.0126 lr 2.6e-04
it  379 steps  37257216 sps   27,805 | ep_ret -211.91 ep_len   77.7 (n=1231) | pg -0.011 vf 95.450 kl 0.0142 lr 3.8e-04
it  380 steps  37355520 sps   27,805 | ep_ret -211.80 ep_len   76.8 (n=1237) | pg -0.006 vf 97.078 kl 0.0126 lr 1.7e-04
it  381 steps  37453824 sps   27,804 | ep_ret -211.93 ep_len   78.2 (n=1213) | pg -0.002 vf 95.432 kl 0.0129 lr 1.1e-04
it  382 steps  37552128 sps   27,803 | ep_ret -212.52 ep_len   80.3 (n=1274) | pg -0.004 vf 100.840 kl 0.0122 lr 2.6e-04
it  383 steps  37650432 sps   27,803 | ep_ret -212.01 ep_len   78.2 (n=1188) | pg -0.012 vf 96.838 kl 0.0123 lr 5.8e-04
it  384 steps  37748736 sps   27,803 | ep_ret -212.42 ep_len   80.5 (n=1212) | pg -0.012 vf 96.620 kl 0.0147 lr 3.8e-04
it  385 steps  37847040 sps   27,802 | ep_ret -212.40 ep_len   80.7 (n=1221) | pg -0.010 vf 100.638 kl 0.0156 lr 3.8e-04
it  386 steps  37945344 sps   27,801 | ep_ret -212.85 ep_len   82.1 (n=1143) | pg -0.009 vf 99.078 kl 0.0145 lr 1.1e-04
it  387 steps  38043648 sps   27,800 | ep_ret -212.79 ep_len   81.9 (n=1199) | pg -0.008 vf 100.912 kl 0.0091 lr 2.6e-04
it  388 steps  38141952 sps   27,800 | ep_ret -212.80 ep_len   81.9 (n=1125) | pg -0.010 vf 98.277 kl 0.0126 lr 3.8e-04
it  389 steps  38240256 sps   27,799 | ep_ret -213.30 ep_len   84.4 (n=1190) | pg -0.013 vf 100.476 kl 0.0134 lr 5.8e-04
it  390 steps  38338560 sps   27,799 | ep_ret -213.25 ep_len   85.1 (n=1270) | pg -0.013 vf 96.642 kl 0.0143 lr 5.8e-04
it  391 steps  38436864 sps   27,799 | ep_ret -212.73 ep_len   81.8 (n=1167) | pg -0.013 vf 100.836 kl 0.0156 lr 2.6e-04
it  392 steps  38535168 sps   27,799 | ep_ret -212.67 ep_len   81.7 (n=1148) | pg -0.011 vf 100.124 kl 0.0115 lr 3.8e-04
it  393 steps  38633472 sps   27,798 | ep_ret -213.11 ep_len   83.4 (n=1135) | pg -0.013 vf 100.712 kl 0.0128 lr 5.8e-04
it  394 steps  38731776 sps   27,797 | ep_ret -212.93 ep_len   82.2 (n=1203) | pg -0.014 vf 104.197 kl 0.0151 lr 3.8e-04
it  395 steps  38830080 sps   27,797 | ep_ret -213.24 ep_len   84.4 (n=1143) | pg -0.012 vf 104.768 kl 0.0136 lr 5.8e-04
it  396 steps  38928384 sps   27,797 | ep_ret -213.01 ep_len   83.8 (n=1153) | pg -0.013 vf 104.895 kl 0.0151 lr 3.8e-04
it  397 steps  39026688 sps   27,796 | ep_ret -213.38 ep_len   84.2 (n=1197) | pg -0.010 vf 103.128 kl 0.0156 lr 3.8e-04
it  398 steps  39124992 sps   27,796 | ep_ret -213.63 ep_len   86.2 (n=1099) | pg -0.011 vf 105.043 kl 0.0153 lr 5.8e-04
it  399 steps  39223296 sps   27,795 | ep_ret -213.63 ep_len   85.7 (n=1083) | pg -0.010 vf 105.695 kl 0.0159 lr 3.8e-04
it  400 steps  39321600 sps   27,795 | ep_ret -213.71 ep_len   86.4 (n=1097) | pg -0.013 vf 107.961 kl 0.0137 lr 5.8e-04
it  401 steps  39419904 sps   27,794 | ep_ret -214.28 ep_len   89.3 (n=1065) | pg -0.011 vf 109.948 kl 0.0145 lr 5.8e-04
it  402 steps  39518208 sps   27,794 | ep_ret -214.46 ep_len   89.9 (n=1094) | pg -0.013 vf 105.881 kl 0.0159 lr 3.8e-04
it  403 steps  39616512 sps   27,793 | ep_ret -214.56 ep_len   90.2 (n=1069) | pg -0.010 vf 106.395 kl 0.0138 lr 3.8e-04
it  404 steps  39714816 sps   27,793 | ep_ret -214.54 ep_len   90.3 (n=1111) | pg -0.012 vf 108.388 kl 0.0145 lr 2.6e-04
it  405 steps  39813120 sps   27,793 | ep_ret -214.38 ep_len   88.5 (n=1099) | pg -0.011 vf 111.401 kl 0.0152 lr 3.8e-04
it  406 steps  39911424 sps   27,792 | ep_ret -214.46 ep_len   89.6 (n=1051) | pg -0.011 vf 107.360 kl 0.0137 lr 2.6e-04
it  407 steps  40009728 sps   27,792 | ep_ret -214.74 ep_len   91.8 (n=1083) | pg -0.008 vf 109.811 kl 0.0126 lr 1.7e-04
it  408 steps  40108032 sps   27,791 | ep_ret -214.35 ep_len   87.9 (n=1045) | pg -0.011 vf 110.252 kl 0.0109 lr 3.8e-04
it  409 steps  40206336 sps   27,791 | ep_ret -214.94 ep_len   93.3 (n=1046) | pg -0.009 vf 115.644 kl 0.0134 lr 2.6e-04
it  410 steps  40304640 sps   27,791 | ep_ret -214.83 ep_len   91.7 (n=1075) | pg -0.012 vf 113.288 kl 0.0115 lr 3.8e-04
it  411 steps  40402944 sps   27,791 | ep_ret -215.10 ep_len   92.0 (n=1052) | pg -0.011 vf 114.939 kl 0.0138 lr 3.8e-04
it  412 steps  40501248 sps   27,790 | ep_ret -215.23 ep_len   94.3 (n=998) | pg -0.009 vf 117.303 kl 0.0142 lr 5.8e-04
it  413 steps  40599552 sps   27,790 | ep_ret -215.57 ep_len   94.9 (n=1051) | pg -0.012 vf 114.240 kl 0.0138 lr 3.8e-04
it  414 steps  40697856 sps   27,790 | ep_ret -215.67 ep_len   95.8 (n=985) | pg -0.011 vf 117.104 kl 0.0161 lr 3.8e-04
it  415 steps  40796160 sps   27,790 | ep_ret -215.72 ep_len   95.9 (n=1018) | pg -0.012 vf 118.414 kl 0.0137 lr 3.8e-04
it  416 steps  40894464 sps   27,789 | ep_ret -215.26 ep_len   94.3 (n=1005) | pg -0.010 vf 114.307 kl 0.0144 lr 3.8e-04
it  417 steps  40992768 sps   27,789 | ep_ret -216.50 ep_len  100.6 (n=956) | pg -0.010 vf 114.944 kl 0.0137 lr 2.6e-04
it  418 steps  41091072 sps   27,789 | ep_ret -215.80 ep_len   96.3 (n=962) | pg -0.013 vf 116.862 kl 0.0132 lr 5.8e-04
it  419 steps  41189376 sps   27,789 | ep_ret -215.84 ep_len   96.2 (n=1025) | pg -0.012 vf 120.855 kl 0.0156 lr 3.8e-04
it  420 steps  41287680 sps   27,788 | ep_ret -216.62 ep_len   99.8 (n=981) | pg -0.011 vf 118.034 kl 0.0149 lr 5.8e-04
it  421 steps  41385984 sps   27,788 | ep_ret -216.40 ep_len   99.3 (n=969) | pg -0.013 vf 120.003 kl 0.0156 lr 2.6e-04
it  422 steps  41484288 sps   27,788 | ep_ret -216.37 ep_len   99.1 (n=939) | pg -0.012 vf 118.976 kl 0.0135 lr 5.8e-04
it  423 steps  41582592 sps   27,788 | ep_ret -216.62 ep_len  100.9 (n=991) | pg -0.014 vf 123.543 kl 0.0148 lr 3.8e-04
it  424 steps  41680896 sps   27,787 | ep_ret -216.78 ep_len  101.8 (n=935) | pg -0.011 vf 121.198 kl 0.0157 lr 3.8e-04
it  425 steps  41779200 sps   27,787 | ep_ret -216.54 ep_len  100.4 (n=944) | pg -0.011 vf 123.438 kl 0.0150 lr 2.6e-04
it  426 steps  41877504 sps   27,787 | ep_ret -216.55 ep_len   99.7 (n=943) | pg -0.010 vf 124.852 kl 0.0152 lr 3.8e-04
it  427 steps  41975808 sps   27,787 | ep_ret -216.75 ep_len  102.2 (n=945) | pg -0.011 vf 122.106 kl 0.0151 lr 2.6e-04
it  428 steps  42074112 sps   27,786 | ep_ret -217.50 ep_len  106.2 (n=949) | pg -0.010 vf 125.246 kl 0.0150 lr 3.8e-04
it  429 steps  42172416 sps   27,786 | ep_ret -217.25 ep_len  104.3 (n=886) | pg -0.012 vf 124.532 kl 0.0146 lr 3.8e-04
it  430 steps  42270720 sps   27,786 | ep_ret -217.15 ep_len  103.7 (n=913) | pg -0.011 vf 124.561 kl 0.0134 lr 3.8e-04
it  431 steps  42369024 sps   27,786 | ep_ret -217.60 ep_len  106.9 (n=941) | pg -0.010 vf 124.191 kl 0.0131 lr 2.6e-04
it  432 steps  42467328 sps   27,786 | ep_ret -217.06 ep_len  102.5 (n=919) | pg -0.011 vf 127.062 kl 0.0138 lr 2.6e-04
it  433 steps  42565632 sps   27,785 | ep_ret -217.32 ep_len  105.0 (n=871) | pg -0.011 vf 127.021 kl 0.0125 lr 2.6e-04
it  434 steps  42663936 sps   27,785 | ep_ret -217.90 ep_len  107.2 (n=919) | pg -0.013 vf 127.889 kl 0.0148 lr 3.8e-04
it  435 steps  42762240 sps   27,785 | ep_ret -217.79 ep_len  107.5 (n=894) | pg -0.013 vf 128.965 kl 0.0147 lr 3.8e-04
it  436 steps  42860544 sps   27,785 | ep_ret -218.30 ep_len  109.3 (n=885) | pg -0.012 vf 127.494 kl 0.0155 lr 3.8e-04
it  437 steps  42958848 sps   27,785 | ep_ret -218.91 ep_len  113.3 (n=874) | pg -0.013 vf 133.851 kl 0.0144 lr 3.8e-04
it  438 steps  43057152 sps   27,785 | ep_ret -218.09 ep_len  107.3 (n=855) | pg -0.011 vf 133.574 kl 0.0146 lr 3.8e-04
it  439 steps  43155456 sps   27,785 | ep_ret -218.58 ep_len  110.0 (n=847) | pg -0.012 vf 129.263 kl 0.0154 lr 3.8e-04
it  440 steps  43253760 sps   27,784 | ep_ret -218.62 ep_len  112.9 (n=884) | pg -0.012 vf 130.265 kl 0.0139 lr 3.8e-04
it  441 steps  43352064 sps   27,784 | ep_ret -218.77 ep_len  112.4 (n=839) | pg -0.012 vf 132.315 kl 0.0156 lr 2.6e-04
it  442 steps  43450368 sps   27,784 | ep_ret -218.65 ep_len  111.8 (n=855) | pg -0.011 vf 131.681 kl 0.0166 lr 1.7e-04
it  443 steps  43548672 sps   27,784 | ep_ret -219.11 ep_len  113.3 (n=814) | pg -0.006 vf 132.649 kl 0.0135 lr 1.1e-04
it  444 steps  43646976 sps   27,784 | ep_ret -218.45 ep_len  110.5 (n=865) | pg -0.007 vf 133.118 kl 0.0117 lr 2.6e-04
it  445 steps  43745280 sps   27,783 | ep_ret -219.66 ep_len  115.8 (n=808) | pg -0.008 vf 139.708 kl 0.0130 lr 1.7e-04
it  446 steps  43843584 sps   27,783 | ep_ret -219.28 ep_len  114.3 (n=833) | pg -0.011 vf 136.958 kl 0.0133 lr 3.8e-04
it  447 steps  43941888 sps   27,783 | ep_ret -220.57 ep_len  120.5 (n=823) | pg -0.013 vf 135.721 kl 0.0123 lr 5.8e-04
it  448 steps  44040192 sps   27,783 | ep_ret -220.18 ep_len  117.0 (n=766) | pg -0.010 vf 140.391 kl 0.0169 lr 2.6e-04
it  449 steps  44138496 sps   27,783 | ep_ret -220.44 ep_len  117.9 (n=819) | pg -0.010 vf 138.207 kl 0.0149 lr 3.8e-04
it  450 steps  44236800 sps   27,783 | ep_ret -220.46 ep_len  119.0 (n=800) | pg -0.013 vf 135.387 kl 0.0156 lr 3.8e-04
it  451 steps  44335104 sps   27,782 | ep_ret -221.27 ep_len  122.1 (n=794) | pg -0.012 vf 137.164 kl 0.0162 lr 3.8e-04
it  452 steps  44433408 sps   27,782 | ep_ret -220.97 ep_len  121.5 (n=803) | pg -0.014 vf 142.934 kl 0.0158 lr 2.6e-04
it  453 steps  44531712 sps   27,782 | ep_ret -220.29 ep_len  117.0 (n=783) | pg -0.012 vf 144.542 kl 0.0146 lr 3.8e-04
it  454 steps  44630016 sps   27,781 | ep_ret -221.98 ep_len  126.0 (n=795) | pg -0.012 vf 145.395 kl 0.0139 lr 5.8e-04
it  455 steps  44728320 sps   27,781 | ep_ret -222.13 ep_len  126.9 (n=776) | pg -0.012 vf 144.160 kl 0.0175 lr 2.6e-04
it  456 steps  44826624 sps   27,781 | ep_ret -221.44 ep_len  123.2 (n=773) | pg -0.012 vf 140.527 kl 0.0132 lr 3.8e-04
it  457 steps  44924928 sps   27,780 | ep_ret -222.37 ep_len  128.0 (n=725) | pg -0.011 vf 142.250 kl 0.0145 lr 3.8e-04
it  458 steps  45023232 sps   27,780 | ep_ret -221.31 ep_len  123.0 (n=713) | pg -0.012 vf 143.348 kl 0.0149 lr 3.8e-04
it  459 steps  45121536 sps   27,780 | ep_ret -221.93 ep_len  126.5 (n=722) | pg -0.011 vf 141.642 kl 0.0157 lr 1.7e-04
it  460 steps  45219840 sps   27,780 | ep_ret -222.99 ep_len  132.1 (n=747) | pg -0.010 vf 139.684 kl 0.0142 lr 2.6e-04
it  461 steps  45318144 sps   27,779 | ep_ret -221.92 ep_len  126.8 (n=700) | pg -0.013 vf 141.997 kl 0.0130 lr 3.8e-04
it  462 steps  45416448 sps   27,779 | ep_ret -222.70 ep_len  130.8 (n=712) | pg -0.013 vf 140.574 kl 0.0153 lr 3.8e-04
it  463 steps  45514752 sps   27,779 | ep_ret -223.41 ep_len  136.5 (n=712) | pg -0.012 vf 141.720 kl 0.0155 lr 1.7e-04
it  464 steps  45613056 sps   27,779 | ep_ret -223.28 ep_len  133.2 (n=697) | pg -0.011 vf 144.258 kl 0.0132 lr 2.6e-04
it  465 steps  45711360 sps   27,778 | ep_ret -223.62 ep_len  136.1 (n=692) | pg -0.009 vf 147.469 kl 0.0146 lr 1.7e-04
it  466 steps  45809664 sps   27,778 | ep_ret -223.65 ep_len  135.6 (n=683) | pg -0.014 vf 147.039 kl 0.0135 lr 2.6e-04
it  467 steps  45907968 sps   27,778 | ep_ret -224.21 ep_len  139.8 (n=697) | pg -0.012 vf 146.317 kl 0.0134 lr 3.8e-04
it  468 steps  46006272 sps   27,778 | ep_ret -223.29 ep_len  134.9 (n=676) | pg -0.010 vf 146.780 kl 0.0153 lr 3.8e-04
it  469 steps  46104576 sps   27,777 | ep_ret -225.05 ep_len  143.4 (n=641) | pg -0.011 vf 149.372 kl 0.0148 lr 3.8e-04
it  470 steps  46202880 sps   27,777 | ep_ret -225.32 ep_len  145.7 (n=665) | pg -0.011 vf 149.852 kl 0.0160 lr 7.6e-05
it  471 steps  46301184 sps   27,777 | ep_ret -224.72 ep_len  140.0 (n=664) | pg -0.008 vf 146.138 kl 0.0095 lr 1.7e-04
it  472 steps  46399488 sps   27,777 | ep_ret -224.14 ep_len  137.6 (n=646) | pg -0.011 vf 149.493 kl 0.0134 lr 2.6e-04
it  473 steps  46497792 sps   27,777 | ep_ret -226.32 ep_len  149.4 (n=659) | pg -0.013 vf 150.466 kl 0.0144 lr 1.7e-04
it  474 steps  46596096 sps   27,776 | ep_ret -225.50 ep_len  143.7 (n=627) | pg -0.011 vf 152.555 kl 0.0114 lr 2.6e-04
it  475 steps  46694400 sps   27,776 | ep_ret -225.24 ep_len  143.2 (n=633) | pg -0.011 vf 150.882 kl 0.0141 lr 2.6e-04
it  476 steps  46792704 sps   27,776 | ep_ret -225.62 ep_len  144.5 (n=592) | pg -0.012 vf 148.418 kl 0.0125 lr 2.6e-04
it  477 steps  46891008 sps   27,776 | ep_ret -226.35 ep_len  148.0 (n=663) | pg -0.012 vf 154.792 kl 0.0131 lr 1.7e-04
it  478 steps  46989312 sps   27,776 | ep_ret -226.22 ep_len  146.7 (n=591) | pg -0.007 vf 148.494 kl 0.0102 lr 1.7e-04
it  479 steps  47087616 sps   27,776 | ep_ret -228.17 ep_len  156.4 (n=609) | pg -0.012 vf 152.665 kl 0.0118 lr 3.8e-04
it  480 steps  47185920 sps   27,776 | ep_ret -228.48 ep_len  157.7 (n=613) | pg -0.012 vf 160.607 kl 0.0159 lr 2.6e-04
it  481 steps  47284224 sps   27,776 | ep_ret -228.21 ep_len  159.1 (n=650) | pg -0.012 vf 157.692 kl 0.0140 lr 1.7e-04
it  482 steps  47382528 sps   27,775 | ep_ret -227.98 ep_len  154.9 (n=616) | pg -0.013 vf 158.661 kl 0.0118 lr 3.8e-04
it  483 steps  47480832 sps   27,775 | ep_ret -229.42 ep_len  163.4 (n=630) | pg -0.012 vf 155.628 kl 0.0163 lr 1.1e-04
it  484 steps  47579136 sps   27,775 | ep_ret -228.72 ep_len  158.7 (n=612) | pg -0.010 vf 159.772 kl 0.0093 lr 1.7e-04
it  485 steps  47677440 sps   27,775 | ep_ret -227.91 ep_len  153.8 (n=614) | pg -0.011 vf 159.807 kl 0.0116 lr 3.8e-04
it  486 steps  47775744 sps   27,775 | ep_ret -228.53 ep_len  156.0 (n=569) | pg -0.013 vf 158.407 kl 0.0147 lr 1.7e-04
it  487 steps  47874048 sps   27,775 | ep_ret -229.62 ep_len  162.7 (n=564) | pg -0.010 vf 154.757 kl 0.0136 lr 1.7e-04
it  488 steps  47972352 sps   27,775 | ep_ret -228.09 ep_len  156.7 (n=610) | pg -0.010 vf 162.797 kl 0.0148 lr 2.6e-04
it  489 steps  48070656 sps   27,775 | ep_ret -229.51 ep_len  164.5 (n=607) | pg -0.012 vf 162.827 kl 0.0124 lr 3.8e-04
it  490 steps  48168960 sps   27,774 | ep_ret -229.04 ep_len  160.9 (n=595) | pg -0.015 vf 158.796 kl 0.0146 lr 5.8e-04
it  491 steps  48267264 sps   27,774 | ep_ret -229.39 ep_len  160.6 (n=565) | pg -0.013 vf 164.805 kl 0.0155 lr 1.7e-04
it  492 steps  48365568 sps   27,774 | ep_ret -228.46 ep_len  156.6 (n=546) | pg -0.014 vf 162.444 kl 0.0113 lr 3.8e-04
it  493 steps  48463872 sps   27,774 | ep_ret -229.91 ep_len  165.7 (n=597) | pg -0.008 vf 157.903 kl 0.0159 lr 1.1e-04
it  494 steps  48562176 sps   27,774 | ep_ret -230.05 ep_len  164.4 (n=519) | pg -0.011 vf 152.513 kl 0.0114 lr 2.6e-04
it  495 steps  48660480 sps   27,774 | ep_ret -230.62 ep_len  168.4 (n=506) | pg -0.010 vf 164.308 kl 0.0130 lr 1.7e-04
it  496 steps  48758784 sps   27,774 | ep_ret -230.48 ep_len  168.5 (n=508) | pg -0.012 vf 160.421 kl 0.0126 lr 2.6e-04
it  497 steps  48857088 sps   27,774 | ep_ret -229.72 ep_len  162.3 (n=517) | pg -0.012 vf 162.697 kl 0.0131 lr 3.8e-04
it  498 steps  48955392 sps   27,774 | ep_ret -231.32 ep_len  171.8 (n=509) | pg -0.011 vf 170.341 kl 0.0130 lr 2.6e-04
it  499 steps  49053696 sps   27,773 | ep_ret -231.92 ep_len  177.2 (n=520) | pg -0.012 vf 165.519 kl 0.0168 lr 3.4e-05
it  500 steps  49152000 sps   27,773 | ep_ret -231.14 ep_len  171.7 (n=503) | pg -0.004 vf 156.705 kl 0.0101 lr 1.1e-04
it  501 steps  49250304 sps   27,773 | ep_ret -233.56 ep_len  186.7 (n=519) | pg -0.007 vf 167.109 kl 0.0134 lr 7.6e-05
it  502 steps  49348608 sps   27,773 | ep_ret -231.06 ep_len  169.3 (n=514) | pg -0.005 vf 166.321 kl 0.0093 lr 1.1e-04
it  503 steps  49446912 sps   27,773 | ep_ret -234.20 ep_len  193.3 (n=527) | pg -0.007 vf 161.072 kl 0.0134 lr 5.1e-05
it  504 steps  49545216 sps   27,772 | ep_ret -233.20 ep_len  184.6 (n=523) | pg -0.001 vf 170.573 kl 0.0101 lr 5.1e-05
it  505 steps  49643520 sps   27,772 | ep_ret -233.04 ep_len  189.6 (n=521) | pg -0.004 vf 165.102 kl 0.0111 lr 5.1e-05
it  506 steps  49741824 sps   27,772 | ep_ret -233.99 ep_len  189.8 (n=496) | pg -0.009 vf 170.009 kl 0.0077 lr 1.7e-04
it  507 steps  49840128 sps   27,772 | ep_ret -233.71 ep_len  183.7 (n=469) | pg -0.012 vf 162.068 kl 0.0129 lr 2.6e-04
it  508 steps  49938432 sps   27,772 | ep_ret -233.77 ep_len  185.1 (n=497) | pg -0.013 vf 167.660 kl 0.0130 lr 3.8e-04
it  509 steps  50036736 sps   27,772 | ep_ret -234.03 ep_len  190.2 (n=496) | pg -0.014 vf 173.466 kl 0.0143 lr 2.6e-04
it  510 steps  50135040 sps   27,771 | ep_ret -235.10 ep_len  196.0 (n=449) | pg -0.010 vf 168.804 kl 0.0162 lr 7.6e-05
it  511 steps  50233344 sps   27,771 | ep_ret -234.91 ep_len  190.3 (n=518) | pg -0.009 vf 174.976 kl 0.0084 lr 1.7e-04
it  512 steps  50331648 sps   27,771 | ep_ret -234.97 ep_len  196.7 (n=501) | pg -0.013 vf 163.443 kl 0.0125 lr 3.8e-04
it  513 steps  50429952 sps   27,771 | ep_ret -235.69 ep_len  198.0 (n=465) | pg -0.013 vf 173.223 kl 0.0157 lr 2.6e-04
it  514 steps  50528256 sps   27,771 | ep_ret -234.69 ep_len  193.9 (n=453) | pg -0.009 vf 171.942 kl 0.0119 lr 1.7e-04
it  515 steps  50626560 sps   27,770 | ep_ret -238.96 ep_len  213.3 (n=460) | pg -0.013 vf 168.135 kl 0.0136 lr 1.7e-04
it  516 steps  50724864 sps   27,770 | ep_ret -235.76 ep_len  195.6 (n=449) | pg -0.012 vf 164.924 kl 0.0152 lr 1.7e-04
it  517 steps  50823168 sps   27,770 | ep_ret -237.90 ep_len  206.5 (n=480) | pg -0.010 vf 163.589 kl 0.0128 lr 2.6e-04
it  518 steps  50921472 sps   27,770 | ep_ret -238.02 ep_len  208.3 (n=444) | pg -0.009 vf 157.450 kl 0.0147 lr 1.1e-04
it  519 steps  51019776 sps   27,770 | ep_ret -236.87 ep_len  200.5 (n=413) | pg -0.012 vf 162.331 kl 0.0119 lr 2.6e-04
it  520 steps  51118080 sps   27,770 | ep_ret -234.38 ep_len  193.3 (n=458) | pg -0.010 vf 172.193 kl 0.0161 lr 1.7e-04
it  521 steps  51216384 sps   27,769 | ep_ret -235.93 ep_len  203.9 (n=437) | pg -0.011 vf 162.658 kl 0.0137 lr 1.7e-04
it  522 steps  51314688 sps   27,769 | ep_ret -240.06 ep_len  224.3 (n=435) | pg -0.011 vf 165.369 kl 0.0111 lr 2.6e-04
it  523 steps  51412992 sps   27,769 | ep_ret -237.34 ep_len  212.0 (n=401) | pg -0.012 vf 170.573 kl 0.0153 lr 3.8e-04
it  524 steps  51511296 sps   27,769 | ep_ret -238.98 ep_len  218.1 (n=447) | pg -0.012 vf 177.280 kl 0.0151 lr 2.6e-04
it  525 steps  51609600 sps   27,769 | ep_ret -239.86 ep_len  219.3 (n=443) | pg -0.011 vf 172.887 kl 0.0142 lr 1.1e-04
it  526 steps  51707904 sps   27,769 | ep_ret -241.57 ep_len  226.2 (n=428) | pg -0.011 vf 174.240 kl 0.0121 lr 2.6e-04
it  527 steps  51806208 sps   27,769 | ep_ret -240.31 ep_len  222.1 (n=414) | pg -0.013 vf 172.364 kl 0.0162 lr 2.6e-04
it  528 steps  51904512 sps   27,769 | ep_ret -239.54 ep_len  211.2 (n=432) | pg -0.012 vf 172.932 kl 0.0148 lr 2.6e-04
it  529 steps  52002816 sps   27,769 | ep_ret -241.53 ep_len  225.2 (n=419) | pg -0.011 vf 172.347 kl 0.0143 lr 2.6e-04
it  530 steps  52101120 sps   27,768 | ep_ret -240.40 ep_len  212.4 (n=413) | pg -0.011 vf 171.649 kl 0.0148 lr 2.6e-04
it  531 steps  52199424 sps   27,768 | ep_ret -241.59 ep_len  226.1 (n=410) | pg -0.011 vf 166.062 kl 0.0138 lr 1.7e-04
it  532 steps  52297728 sps   27,768 | ep_ret -242.85 ep_len  238.8 (n=439) | pg -0.008 vf 173.893 kl 0.0134 lr 1.1e-04
it  533 steps  52396032 sps   27,768 | ep_ret -240.89 ep_len  223.7 (n=398) | pg -0.012 vf 172.948 kl 0.0106 lr 2.6e-04
it  534 steps  52494336 sps   27,768 | ep_ret -240.17 ep_len  230.8 (n=399) | pg -0.011 vf 182.397 kl 0.0141 lr 1.1e-04
it  535 steps  52592640 sps   27,768 | ep_ret -239.54 ep_len  217.1 (n=390) | pg -0.010 vf 175.095 kl 0.0112 lr 1.7e-04
it  536 steps  52690944 sps   27,768 | ep_ret -241.82 ep_len  243.6 (n=383) | pg -0.011 vf 180.821 kl 0.0142 lr 1.7e-04
it  537 steps  52789248 sps   27,768 | ep_ret -241.81 ep_len  224.9 (n=381) | pg -0.007 vf 171.543 kl 0.0135 lr 1.1e-04
it  538 steps  52887552 sps   27,767 | ep_ret -240.43 ep_len  244.6 (n=416) | pg -0.012 vf 190.879 kl 0.0099 lr 2.6e-04
it  539 steps  52985856 sps   27,767 | ep_ret -242.49 ep_len  226.0 (n=388) | pg -0.014 vf 179.995 kl 0.0146 lr 2.6e-04
it  540 steps  53084160 sps   27,767 | ep_ret -244.26 ep_len  242.4 (n=375) | pg -0.012 vf 168.730 kl 0.0152 lr 1.7e-04
it  541 steps  53182464 sps   27,767 | ep_ret -245.46 ep_len  256.6 (n=391) | pg -0.009 vf 178.386 kl 0.0148 lr 1.1e-04
it  542 steps  53280768 sps   27,767 | ep_ret -244.34 ep_len  242.9 (n=406) | pg -0.011 vf 168.951 kl 0.0115 lr 2.6e-04
it  543 steps  53379072 sps   27,767 | ep_ret -244.61 ep_len  235.2 (n=358) | pg -0.013 vf 169.792 kl 0.0157 lr 1.1e-04
it  544 steps  53477376 sps   27,767 | ep_ret -241.66 ep_len  234.6 (n=390) | pg -0.012 vf 166.961 kl 0.0122 lr 2.6e-04
it  545 steps  53575680 sps   27,766 | ep_ret -243.03 ep_len  238.6 (n=331) | pg -0.013 vf 174.847 kl 0.0146 lr 1.7e-04
it  546 steps  53673984 sps   27,766 | ep_ret -248.71 ep_len  259.1 (n=353) | pg -0.011 vf 174.890 kl 0.0150 lr 1.7e-04
it  547 steps  53772288 sps   27,766 | ep_ret -243.30 ep_len  248.7 (n=387) | pg -0.013 vf 174.977 kl 0.0130 lr 2.6e-04
it  548 steps  53870592 sps   27,766 | ep_ret -246.81 ep_len  261.2 (n=358) | pg -0.013 vf 169.567 kl 0.0135 lr 2.6e-04
it  549 steps  53968896 sps   27,766 | ep_ret -244.12 ep_len  240.1 (n=383) | pg -0.011 vf 178.029 kl 0.0145 lr 1.7e-04
it  550 steps  54067200 sps   27,765 | ep_ret -246.63 ep_len  269.3 (n=370) | pg -0.008 vf 175.419 kl 0.0130 lr 1.1e-04
it  551 steps  54165504 sps   27,765 | ep_ret -247.62 ep_len  262.4 (n=377) | pg -0.010 vf 177.494 kl 0.0120 lr 1.7e-04
it  552 steps  54263808 sps   27,765 | ep_ret -248.59 ep_len  270.0 (n=370) | pg -0.011 vf 171.476 kl 0.0132 lr 1.1e-04
it  553 steps  54362112 sps   27,765 | ep_ret -240.57 ep_len  234.5 (n=335) | pg -0.006 vf 171.550 kl 0.0118 lr 1.1e-04
it  554 steps  54460416 sps   27,764 | ep_ret -247.67 ep_len  271.7 (n=338) | pg -0.011 vf 179.757 kl 0.0141 lr 1.1e-04
it  555 steps  54558720 sps   27,764 | ep_ret -246.99 ep_len  270.4 (n=403) | pg -0.012 vf 192.911 kl 0.0127 lr 1.7e-04
it  556 steps  54657024 sps   27,763 | ep_ret -245.70 ep_len  279.6 (n=340) | pg -0.011 vf 171.282 kl 0.0129 lr 2.6e-04
it  557 steps  54755328 sps   27,763 | ep_ret -246.15 ep_len  264.9 (n=322) | pg -0.011 vf 174.407 kl 0.0141 lr 1.1e-04
it  558 steps  54853632 sps   27,763 | ep_ret -245.79 ep_len  262.6 (n=361) | pg -0.010 vf 186.693 kl 0.0136 lr 1.7e-04
it  559 steps  54951936 sps   27,762 | ep_ret -246.80 ep_len  279.1 (n=359) | pg -0.014 vf 173.941 kl 0.0142 lr 2.6e-04
it  560 steps  55050240 sps   27,761 | ep_ret -245.80 ep_len  253.5 (n=331) | pg -0.012 vf 174.437 kl 0.0137 lr 1.7e-04
it  561 steps  55148544 sps   27,761 | ep_ret -247.78 ep_len  255.7 (n=346) | pg -0.013 vf 179.146 kl 0.0146 lr 1.7e-04
it  562 steps  55246848 sps   27,760 | ep_ret -245.26 ep_len  283.6 (n=325) | pg -0.012 vf 180.374 kl 0.0130 lr 1.7e-04
it  563 steps  55345152 sps   27,759 | ep_ret -250.96 ep_len  278.9 (n=350) | pg -0.013 vf 177.579 kl 0.0126 lr 2.6e-04
it  564 steps  55443456 sps   27,759 | ep_ret -247.90 ep_len  265.5 (n=349) | pg -0.013 vf 185.117 kl 0.0144 lr 1.1e-04
it  565 steps  55541760 sps   27,759 | ep_ret -248.68 ep_len  284.5 (n=336) | pg -0.012 vf 180.202 kl 0.0127 lr 1.7e-04
it  566 steps  55640064 sps   27,758 | ep_ret -246.20 ep_len  289.1 (n=326) | pg -0.010 vf 179.245 kl 0.0153 lr 7.6e-05
it  567 steps  55738368 sps   27,758 | ep_ret -248.18 ep_len  282.5 (n=326) | pg -0.010 vf 180.039 kl 0.0102 lr 1.7e-04
it  568 steps  55836672 sps   27,758 | ep_ret -249.26 ep_len  277.6 (n=331) | pg -0.011 vf 172.572 kl 0.0157 lr 1.7e-04
it  569 steps  55934976 sps   27,757 | ep_ret -247.02 ep_len  271.9 (n=340) | pg -0.012 vf 189.031 kl 0.0149 lr 2.6e-04
it  570 steps  56033280 sps   27,756 | ep_ret -250.13 ep_len  296.1 (n=322) | pg -0.012 vf 184.637 kl 0.0136 lr 2.6e-04
it  571 steps  56131584 sps   27,756 | ep_ret -247.04 ep_len  281.5 (n=332) | pg -0.012 vf 178.514 kl 0.0150 lr 1.7e-04
it  572 steps  56229888 sps   27,756 | ep_ret -250.06 ep_len  290.4 (n=313) | pg -0.010 vf 181.850 kl 0.0145 lr 1.7e-04
it  573 steps  56328192 sps   27,755 | ep_ret -250.44 ep_len  272.3 (n=304) | pg -0.012 vf 178.591 kl 0.0160 lr 1.1e-04
it  574 steps  56426496 sps   27,754 | ep_ret -247.03 ep_len  302.7 (n=316) | pg -0.012 vf 187.409 kl 0.0135 lr 2.6e-04
it  575 steps  56524800 sps   27,754 | ep_ret -250.75 ep_len  286.4 (n=304) | pg -0.012 vf 179.064 kl 0.0154 lr 1.7e-04
it  576 steps  56623104 sps   27,754 | ep_ret -252.75 ep_len  293.7 (n=327) | pg -0.011 vf 174.502 kl 0.0129 lr 1.7e-04
it  577 steps  56721408 sps   27,754 | ep_ret -250.15 ep_len  309.8 (n=317) | pg -0.011 vf 180.721 kl 0.0137 lr 1.1e-04
it  578 steps  56819712 sps   27,754 | ep_ret -250.07 ep_len  296.1 (n=296) | pg -0.011 vf 173.082 kl 0.0143 lr 2.6e-04
it  579 steps  56918016 sps   27,753 | ep_ret -250.53 ep_len  302.6 (n=287) | pg -0.013 vf 181.276 kl 0.0142 lr 1.7e-04
it  580 steps  57016320 sps   27,753 | ep_ret -252.89 ep_len  323.3 (n=262) | pg -0.010 vf 177.357 kl 0.0154 lr 1.1e-04
it  581 steps  57114624 sps   27,753 | ep_ret -250.20 ep_len  313.5 (n=294) | pg -0.012 vf 173.818 kl 0.0134 lr 1.7e-04
it  582 steps  57212928 sps   27,752 | ep_ret -255.64 ep_len  315.2 (n=312) | pg -0.012 vf 172.669 kl 0.0125 lr 2.6e-04
it  583 steps  57311232 sps   27,752 | ep_ret -246.96 ep_len  287.9 (n=291) | pg -0.013 vf 174.232 kl 0.0155 lr 1.7e-04
it  584 steps  57409536 sps   27,752 | ep_ret -257.56 ep_len  335.6 (n=285) | pg -0.012 vf 171.051 kl 0.0153 lr 1.7e-04
it  585 steps  57507840 sps   27,751 | ep_ret -249.24 ep_len  300.0 (n=297) | pg -0.012 vf 180.257 kl 0.0129 lr 2.6e-04
it  586 steps  57606144 sps   27,751 | ep_ret -253.69 ep_len  303.6 (n=282) | pg -0.012 vf 183.220 kl 0.0149 lr 2.6e-04
it  587 steps  57704448 sps   27,751 | ep_ret -250.67 ep_len  318.4 (n=289) | pg -0.013 vf 193.154 kl 0.0161 lr 1.7e-04
it  588 steps  57802752 sps   27,751 | ep_ret -249.61 ep_len  300.6 (n=283) | pg -0.012 vf 178.791 kl 0.0139 lr 1.7e-04
it  589 steps  57901056 sps   27,750 | ep_ret -254.36 ep_len  341.5 (n=269) | pg -0.014 vf 177.172 kl 0.0134 lr 1.7e-04
it  590 steps  57999360 sps   27,750 | ep_ret -251.42 ep_len  337.7 (n=260) | pg -0.010 vf 172.145 kl 0.0148 lr 1.1e-04
it  591 steps  58097664 sps   27,750 | ep_ret -253.09 ep_len  328.6 (n=301) | pg -0.007 vf 180.839 kl 0.0137 lr 1.1e-04
it  592 steps  58195968 sps   27,749 | ep_ret -255.89 ep_len  330.8 (n=278) | pg -0.013 vf 193.792 kl 0.0143 lr 2.6e-04
it  593 steps  58294272 sps   27,749 | ep_ret -254.45 ep_len  322.0 (n=322) | pg -0.011 vf 191.667 kl 0.0143 lr 1.1e-04
it  594 steps  58392576 sps   27,749 | ep_ret -256.69 ep_len  348.0 (n=295) | pg -0.011 vf 182.290 kl 0.0135 lr 1.7e-04
it  595 steps  58490880 sps   27,749 | ep_ret -255.06 ep_len  320.6 (n=287) | pg -0.013 vf 186.897 kl 0.0145 lr 1.7e-04
it  596 steps  58589184 sps   27,748 | ep_ret -252.20 ep_len  334.6 (n=304) | pg -0.013 vf 182.319 kl 0.0152 lr 1.7e-04
it  597 steps  58687488 sps   27,748 | ep_ret -251.35 ep_len  355.6 (n=265) | pg -0.013 vf 189.543 kl 0.0157 lr 2.6e-04
it  598 steps  58785792 sps   27,747 | ep_ret -251.61 ep_len  316.0 (n=305) | pg -0.014 vf 193.359 kl 0.0156 lr 1.1e-04
it  599 steps  58884096 sps   27,747 | ep_ret -252.40 ep_len  305.1 (n=291) | pg -0.011 vf 180.246 kl 0.0140 lr 7.6e-05
it  600 steps  58982400 sps   27,746 | ep_ret -255.17 ep_len  380.4 (n=279) | pg -0.007 vf 191.194 kl 0.0113 lr 1.1e-04
it  601 steps  59080704 sps   27,746 | ep_ret -256.38 ep_len  374.4 (n=281) | pg -0.013 vf 174.378 kl 0.0139 lr 7.6e-05
it  602 steps  59179008 sps   27,746 | ep_ret -256.53 ep_len  325.1 (n=285) | pg -0.011 vf 178.990 kl 0.0092 lr 1.7e-04
it  603 steps  59277312 sps   27,745 | ep_ret -254.28 ep_len  360.4 (n=270) | pg -0.012 vf 185.088 kl 0.0152 lr 2.6e-04
it  604 steps  59375616 sps   27,745 | ep_ret -252.59 ep_len  312.2 (n=266) | pg -0.012 vf 172.659 kl 0.0147 lr 1.7e-04
it  605 steps  59473920 sps   27,744 | ep_ret -251.73 ep_len  329.7 (n=252) | pg -0.014 vf 179.016 kl 0.0128 lr 2.6e-04
it  606 steps  59572224 sps   27,744 | ep_ret -257.75 ep_len  361.6 (n=250) | pg -0.012 vf 185.319 kl 0.0159 lr 2.6e-04
it  607 steps  59670528 sps   27,743 | ep_ret -257.22 ep_len  368.3 (n=261) | pg -0.010 vf 170.618 kl 0.0155 lr 1.1e-04
it  608 steps  59768832 sps   27,743 | ep_ret -256.53 ep_len  365.3 (n=236) | pg -0.011 vf 177.567 kl 0.0113 lr 1.7e-04
it  609 steps  59867136 sps   27,743 | ep_ret -255.46 ep_len  371.7 (n=285) | pg -0.013 vf 187.071 kl 0.0151 lr 1.1e-04
it  610 steps  59965440 sps   27,742 | ep_ret -258.82 ep_len  345.9 (n=305) | pg -0.010 vf 179.859 kl 0.0124 lr 7.6e-05
it  611 steps  60063744 sps   27,742 | ep_ret -252.38 ep_len  334.4 (n=257) | pg -0.012 vf 175.590 kl 0.0114 lr 1.7e-04
it  612 steps  60162048 sps   27,742 | ep_ret -252.41 ep_len  378.8 (n=293) | pg -0.013 vf 186.982 kl 0.0149 lr 1.7e-04
it  613 steps  60260352 sps   27,741 | ep_ret -256.31 ep_len  352.4 (n=241) | pg -0.013 vf 172.136 kl 0.0152 lr 1.7e-04
it  614 steps  60358656 sps   27,741 | ep_ret -256.94 ep_len  347.4 (n=263) | pg -0.013 vf 178.411 kl 0.0146 lr 7.6e-05
it  615 steps  60456960 sps   27,741 | ep_ret -255.61 ep_len  378.9 (n=265) | pg -0.011 vf 181.888 kl 0.0129 lr 1.7e-04
it  616 steps  60555264 sps   27,740 | ep_ret -255.91 ep_len  381.7 (n=278) | pg -0.012 vf 190.668 kl 0.0132 lr 7.6e-05
it  617 steps  60653568 sps   27,739 | ep_ret -258.24 ep_len  400.4 (n=266) | pg -0.008 vf 186.726 kl 0.0119 lr 1.1e-04
it  618 steps  60751872 sps   27,739 | ep_ret -259.23 ep_len  369.2 (n=295) | pg -0.009 vf 183.877 kl 0.0105 lr 1.1e-04
it  619 steps  60850176 sps   27,738 | ep_ret -253.19 ep_len  344.1 (n=286) | pg -0.010 vf 205.820 kl 0.0146 lr 7.6e-05
it  620 steps  60948480 sps   27,737 | ep_ret -255.18 ep_len  385.1 (n=234) | pg -0.011 vf 185.419 kl 0.0122 lr 1.7e-04
it  621 steps  61046784 sps   27,737 | ep_ret -254.96 ep_len  323.7 (n=276) | pg -0.011 vf 180.247 kl 0.0129 lr 1.7e-04
it  622 steps  61145088 sps   27,737 | ep_ret -257.00 ep_len  338.5 (n=276) | pg -0.012 vf 191.886 kl 0.0145 lr 2.6e-04
it  623 steps  61243392 sps   27,737 | ep_ret -258.34 ep_len  378.2 (n=243) | pg -0.014 vf 190.469 kl 0.0151 lr 2.6e-04
it  624 steps  61341696 sps   27,736 | ep_ret -259.68 ep_len  346.4 (n=263) | pg -0.011 vf 178.861 kl 0.0158 lr 1.1e-04
it  625 steps  61440000 sps   27,736 | ep_ret -263.71 ep_len  348.0 (n=247) | pg -0.014 vf 177.297 kl 0.0139 lr 1.1e-04
it  626 steps  61538304 sps   27,735 | ep_ret -257.56 ep_len  361.1 (n=230) | pg -0.009 vf 168.469 kl 0.0127 lr 7.6e-05
it  627 steps  61636608 sps   27,735 | ep_ret -257.99 ep_len  368.7 (n=278) | pg -0.011 vf 188.172 kl 0.0113 lr 1.7e-04
it  628 steps  61734912 sps   27,734 | ep_ret -259.03 ep_len  377.8 (n=248) | pg -0.014 vf 185.863 kl 0.0150 lr 2.6e-04
it  629 steps  61833216 sps   27,733 | ep_ret -258.66 ep_len  361.9 (n=271) | pg -0.012 vf 190.544 kl 0.0155 lr 1.7e-04
it  630 steps  61931520 sps   27,733 | ep_ret -254.43 ep_len  350.5 (n=249) | pg -0.013 vf 178.416 kl 0.0147 lr 1.7e-04
it  631 steps  62029824 sps   27,732 | ep_ret -255.50 ep_len  394.4 (n=239) | pg -0.012 vf 183.234 kl 0.0140 lr 2.6e-04
it  632 steps  62128128 sps   27,732 | ep_ret -259.28 ep_len  396.4 (n=244) | pg -0.014 vf 188.752 kl 0.0148 lr 2.6e-04
it  633 steps  62226432 sps   27,731 | ep_ret -261.55 ep_len  381.7 (n=266) | pg -0.014 vf 197.399 kl 0.0156 lr 2.6e-04
it  634 steps  62324736 sps   27,731 | ep_ret -257.04 ep_len  367.5 (n=250) | pg -0.014 vf 181.435 kl 0.0148 lr 2.6e-04
it  635 steps  62423040 sps   27,731 | ep_ret -258.82 ep_len  389.8 (n=259) | pg -0.013 vf 182.907 kl 0.0153 lr 1.1e-04
it  636 steps  62521344 sps   27,731 | ep_ret -262.28 ep_len  405.5 (n=252) | pg -0.013 vf 191.345 kl 0.0149 lr 1.7e-04
it  637 steps  62619648 sps   27,730 | ep_ret -257.86 ep_len  384.9 (n=265) | pg -0.014 vf 190.469 kl 0.0158 lr 1.7e-04
it  638 steps  62717952 sps   27,730 | ep_ret -261.89 ep_len  413.3 (n=245) | pg -0.011 vf 187.769 kl 0.0149 lr 1.1e-04
it  639 steps  62816256 sps   27,729 | ep_ret -256.59 ep_len  393.7 (n=224) | pg -0.011 vf 187.123 kl 0.0143 lr 1.7e-04
it  640 steps  62914560 sps   27,729 | ep_ret -257.50 ep_len  384.4 (n=216) | pg -0.013 vf 193.414 kl 0.0143 lr 2.6e-04
it  641 steps  63012864 sps   27,729 | ep_ret -260.72 ep_len  378.5 (n=247) | pg -0.014 vf 186.152 kl 0.0152 lr 1.7e-04
it  642 steps  63111168 sps   27,729 | ep_ret -261.15 ep_len  380.2 (n=265) | pg -0.013 vf 197.645 kl 0.0140 lr 1.1e-04
it  643 steps  63209472 sps   27,728 | ep_ret -258.28 ep_len  395.1 (n=268) | pg -0.012 vf 201.745 kl 0.0113 lr 1.7e-04
it  644 steps  63307776 sps   27,728 | ep_ret -265.12 ep_len  402.6 (n=278) | pg -0.014 vf 184.304 kl 0.0149 lr 1.7e-04
it  645 steps  63406080 sps   27,728 | ep_ret -257.69 ep_len  404.8 (n=236) | pg -0.013 vf 199.333 kl 0.0131 lr 2.6e-04
it  646 steps  63504384 sps   27,727 | ep_ret -268.38 ep_len  388.6 (n=281) | pg -0.012 vf 189.448 kl 0.0144 lr 1.1e-04
it  647 steps  63602688 sps   27,727 | ep_ret -264.30 ep_len  404.0 (n=256) | pg -0.013 vf 183.497 kl 0.0119 lr 1.7e-04
it  648 steps  63700992 sps   27,727 | ep_ret -258.14 ep_len  344.8 (n=219) | pg -0.012 vf 180.717 kl 0.0143 lr 1.1e-04
it  649 steps  63799296 sps   27,727 | ep_ret -258.06 ep_len  380.8 (n=229) | pg -0.010 vf 201.019 kl 0.0129 lr 1.7e-04
it  650 steps  63897600 sps   27,726 | ep_ret -264.63 ep_len  367.2 (n=269) | pg -0.013 vf 206.469 kl 0.0133 lr 2.6e-04
it  651 steps  63995904 sps   27,726 | ep_ret -259.97 ep_len  377.1 (n=245) | pg -0.013 vf 196.959 kl 0.0163 lr 5.1e-05
it  652 steps  64094208 sps   27,726 | ep_ret -262.71 ep_len  388.4 (n=258) | pg -0.009 vf 199.915 kl 0.0127 lr 1.1e-04
it  653 steps  64192512 sps   27,726 | ep_ret -267.51 ep_len  414.5 (n=227) | pg -0.013 vf 191.062 kl 0.0133 lr 1.7e-04
it  654 steps  64290816 sps   27,725 | ep_ret -258.95 ep_len  398.0 (n=247) | pg -0.013 vf 198.218 kl 0.0144 lr 1.1e-04
it  655 steps  64389120 sps   27,725 | ep_ret -262.51 ep_len  370.3 (n=265) | pg -0.013 vf 204.132 kl 0.0136 lr 1.7e-04
it  656 steps  64487424 sps   27,725 | ep_ret -262.33 ep_len  355.8 (n=247) | pg -0.012 vf 207.899 kl 0.0134 lr 1.7e-04
it  657 steps  64585728 sps   27,725 | ep_ret -260.51 ep_len  424.2 (n=239) | pg -0.006 vf 190.887 kl 0.0178 lr 1.5e-05
it  658 steps  64684032 sps   27,724 | ep_ret -257.62 ep_len  405.7 (n=265) | pg -0.001 vf 213.864 kl 0.0106 lr 2.3e-05
it  659 steps  64782336 sps   27,724 | ep_ret -263.77 ep_len  433.3 (n=253) | pg -0.007 vf 199.087 kl 0.0085 lr 7.6e-05
it  660 steps  64880640 sps   27,724 | ep_ret -260.85 ep_len  396.2 (n=252) | pg -0.006 vf 212.350 kl 0.0165 lr 2.3e-05
it  661 steps  64978944 sps   27,724 | ep_ret -261.64 ep_len  382.5 (n=251) | pg -0.008 vf 197.093 kl 0.0080 lr 7.6e-05
it  662 steps  65077248 sps   27,723 | ep_ret -259.91 ep_len  389.2 (n=261) | pg -0.011 vf 198.252 kl 0.0126 lr 1.7e-04
it  663 steps  65175552 sps   27,723 | ep_ret -272.10 ep_len  391.4 (n=264) | pg -0.013 vf 188.394 kl 0.0157 lr 1.1e-04
it  664 steps  65273856 sps   27,723 | ep_ret -263.77 ep_len  386.5 (n=251) | pg -0.011 vf 199.643 kl 0.0150 lr 1.7e-04
it  665 steps  65372160 sps   27,723 | ep_ret -271.40 ep_len  392.7 (n=268) | pg -0.012 vf 193.510 kl 0.0139 lr 2.6e-04
it  666 steps  65470464 sps   27,722 | ep_ret -261.48 ep_len  379.3 (n=253) | pg -0.012 vf 196.850 kl 0.0139 lr 1.7e-04
it  667 steps  65568768 sps   27,722 | ep_ret -268.11 ep_len  386.5 (n=260) | pg -0.012 vf 207.424 kl 0.0151 lr 1.7e-04
it  668 steps  65667072 sps   27,722 | ep_ret -266.84 ep_len  392.5 (n=267) | pg -0.015 vf 202.144 kl 0.0158 lr 2.6e-04
it  669 steps  65765376 sps   27,722 | ep_ret -256.25 ep_len  369.7 (n=243) | pg -0.013 vf 207.637 kl 0.0156 lr 1.1e-04
it  670 steps  65863680 sps   27,721 | ep_ret -263.32 ep_len  367.7 (n=268) | pg -0.012 vf 202.107 kl 0.0144 lr 1.7e-04
it  671 steps  65961984 sps   27,721 | ep_ret -259.48 ep_len  378.5 (n=240) | pg -0.011 vf 192.245 kl 0.0138 lr 7.6e-05
it  672 steps  66060288 sps   27,721 | ep_ret -259.34 ep_len  407.2 (n=251) | pg -0.010 vf 209.272 kl 0.0137 lr 7.6e-05
it  673 steps  66158592 sps   27,720 | ep_ret -264.43 ep_len  381.3 (n=251) | pg -0.010 vf 198.681 kl 0.0115 lr 1.1e-04
it  674 steps  66256896 sps   27,720 | ep_ret -267.81 ep_len  387.6 (n=252) | pg -0.012 vf 204.592 kl 0.0138 lr 1.7e-04
it  675 steps  66355200 sps   27,719 | ep_ret -261.22 ep_len  387.5 (n=261) | pg -0.013 vf 205.674 kl 0.0128 lr 2.6e-04
it  676 steps  66453504 sps   27,719 | ep_ret -264.48 ep_len  415.1 (n=259) | pg -0.011 vf 207.554 kl 0.0139 lr 1.1e-04
it  677 steps  66551808 sps   27,719 | ep_ret -267.68 ep_len  389.9 (n=249) | pg -0.012 vf 209.125 kl 0.0102 lr 1.7e-04
it  678 steps  66650112 sps   27,718 | ep_ret -265.88 ep_len  413.8 (n=271) | pg -0.013 vf 209.303 kl 0.0152 lr 1.1e-04
it  679 steps  66748416 sps   27,718 | ep_ret -262.03 ep_len  375.9 (n=224) | pg -0.010 vf 202.993 kl 0.0135 lr 7.6e-05
it  680 steps  66846720 sps   27,717 | ep_ret -272.91 ep_len  396.2 (n=231) | pg -0.011 vf 204.142 kl 0.0132 lr 1.7e-04
it  681 steps  66945024 sps   27,717 | ep_ret -268.11 ep_len  371.0 (n=251) | pg -0.012 vf 201.780 kl 0.0142 lr 1.7e-04
it  682 steps  67043328 sps   27,717 | ep_ret -262.12 ep_len  363.0 (n=254) | pg -0.013 vf 200.635 kl 0.0146 lr 1.1e-04
it  683 steps  67141632 sps   27,716 | ep_ret -268.49 ep_len  415.9 (n=220) | pg -0.012 vf 199.068 kl 0.0140 lr 1.1e-04
it  684 steps  67239936 sps   27,716 | ep_ret -269.27 ep_len  421.3 (n=230) | pg -0.012 vf 199.331 kl 0.0133 lr 1.7e-04
it  685 steps  67338240 sps   27,715 | ep_ret -271.80 ep_len  407.1 (n=245) | pg -0.013 vf 203.503 kl 0.0129 lr 1.7e-04
it  686 steps  67436544 sps   27,715 | ep_ret -270.38 ep_len  420.5 (n=228) | pg -0.012 vf 200.172 kl 0.0138 lr 1.7e-04
it  687 steps  67534848 sps   27,715 | ep_ret -264.52 ep_len  399.8 (n=227) | pg -0.013 vf 200.852 kl 0.0151 lr 1.1e-04
it  688 steps  67633152 sps   27,714 | ep_ret -265.65 ep_len  390.7 (n=225) | pg -0.011 vf 215.852 kl 0.0135 lr 1.7e-04
it  689 steps  67731456 sps   27,714 | ep_ret -267.63 ep_len  384.6 (n=241) | pg -0.014 vf 196.427 kl 0.0133 lr 1.1e-04
it  690 steps  67829760 sps   27,713 | ep_ret -272.67 ep_len  420.4 (n=220) | pg -0.013 vf 201.350 kl 0.0146 lr 1.7e-04
it  691 steps  67928064 sps   27,713 | ep_ret -273.64 ep_len  395.1 (n=235) | pg -0.013 vf 216.755 kl 0.0155 lr 1.7e-04
it  692 steps  68026368 sps   27,712 | ep_ret -269.23 ep_len  409.1 (n=230) | pg -0.013 vf 219.782 kl 0.0156 lr 1.7e-04
it  693 steps  68124672 sps   27,712 | ep_ret -266.96 ep_len  383.7 (n=241) | pg -0.012 vf 205.920 kl 0.0133 lr 1.7e-04
it  694 steps  68222976 sps   27,711 | ep_ret -270.21 ep_len  418.1 (n=244) | pg -0.014 vf 208.957 kl 0.0147 lr 1.7e-04
it  695 steps  68321280 sps   27,711 | ep_ret -272.44 ep_len  407.4 (n=246) | pg -0.009 vf 211.576 kl 0.0125 lr 1.1e-04
it  696 steps  68419584 sps   27,710 | ep_ret -268.13 ep_len  413.3 (n=236) | pg -0.013 vf 215.664 kl 0.0151 lr 1.1e-04
it  697 steps  68517888 sps   27,710 | ep_ret -272.70 ep_len  421.3 (n=239) | pg -0.005 vf 214.227 kl 0.0137 lr 5.1e-05
it  698 steps  68616192 sps   27,710 | ep_ret -275.35 ep_len  444.5 (n=238) | pg -0.012 vf 214.511 kl 0.0094 lr 1.1e-04
it  699 steps  68714496 sps   27,709 | ep_ret -264.60 ep_len  380.0 (n=239) | pg -0.012 vf 207.541 kl 0.0151 lr 1.1e-04
it  700 steps  68812800 sps   27,709 | ep_ret -275.41 ep_len  396.5 (n=274) | pg -0.010 vf 227.442 kl 0.0148 lr 1.7e-04
it  701 steps  68911104 sps   27,708 | ep_ret -271.41 ep_len  394.2 (n=235) | pg -0.012 vf 220.691 kl 0.0159 lr 1.7e-04
it  702 steps  69009408 sps   27,708 | ep_ret -276.94 ep_len  387.3 (n=236) | pg -0.012 vf 212.570 kl 0.0149 lr 1.7e-04
it  703 steps  69107712 sps   27,707 | ep_ret -261.85 ep_len  412.3 (n=252) | pg -0.009 vf 210.653 kl 0.0139 lr 1.1e-04
it  704 steps  69206016 sps   27,707 | ep_ret -268.19 ep_len  421.7 (n=257) | pg -0.015 vf 229.602 kl 0.0154 lr 1.1e-04
it  705 steps  69304320 sps   27,706 | ep_ret -266.69 ep_len  389.9 (n=249) | pg -0.010 vf 214.842 kl 0.0135 lr 1.7e-04
it  706 steps  69402624 sps   27,706 | ep_ret -271.96 ep_len  391.0 (n=264) | pg -0.014 vf 225.016 kl 0.0143 lr 1.1e-04
it  707 steps  69500928 sps   27,705 | ep_ret -270.96 ep_len  391.9 (n=244) | pg -0.010 vf 217.700 kl 0.0146 lr 1.7e-04
it  708 steps  69599232 sps   27,705 | ep_ret -274.26 ep_len  440.1 (n=254) | pg -0.009 vf 220.572 kl 0.0158 lr 5.1e-05
it  709 steps  69697536 sps   27,704 | ep_ret -268.06 ep_len  406.8 (n=258) | pg -0.010 vf 214.952 kl 0.0116 lr 1.1e-04
it  710 steps  69795840 sps   27,704 | ep_ret -273.44 ep_len  415.6 (n=257) | pg -0.013 vf 202.948 kl 0.0147 lr 1.7e-04
it  711 steps  69894144 sps   27,703 | ep_ret -262.57 ep_len  431.5 (n=244) | pg -0.012 vf 216.077 kl 0.0152 lr 1.7e-04
it  712 steps  69992448 sps   27,703 | ep_ret -266.39 ep_len  369.0 (n=243) | pg -0.013 vf 213.375 kl 0.0146 lr 1.1e-04
it  713 steps  70090752 sps   27,702 | ep_ret -269.56 ep_len  420.4 (n=232) | pg -0.008 vf 213.526 kl 0.0132 lr 7.6e-05
it  714 steps  70189056 sps   27,702 | ep_ret -270.39 ep_len  399.6 (n=231) | pg -0.011 vf 211.963 kl 0.0138 lr 1.1e-04
it  715 steps  70287360 sps   27,701 | ep_ret -271.56 ep_len  386.3 (n=244) | pg -0.014 vf 202.924 kl 0.0140 lr 1.7e-04
it  716 steps  70385664 sps   27,701 | ep_ret -267.41 ep_len  371.2 (n=231) | pg -0.013 vf 215.339 kl 0.0155 lr 1.1e-04
it  717 steps  70483968 sps   27,700 | ep_ret -272.22 ep_len  411.3 (n=254) | pg -0.012 vf 216.093 kl 0.0140 lr 1.7e-04
it  718 steps  70582272 sps   27,700 | ep_ret -275.76 ep_len  385.5 (n=246) | pg -0.010 vf 215.335 kl 0.0135 lr 7.6e-05 | blown 1 dropped 0
it  719 steps  70680576 sps   27,699 | ep_ret -276.48 ep_len  444.1 (n=244) | pg -0.013 vf 214.485 kl 0.0109 lr 1.7e-04
it  720 steps  70778880 sps   27,699 | ep_ret -272.44 ep_len  396.2 (n=241) | pg -0.008 vf 217.476 kl 0.0145 lr 7.6e-05
it  721 steps  70877184 sps   27,698 | ep_ret -273.88 ep_len  392.7 (n=218) | pg -0.012 vf 219.788 kl 0.0123 lr 7.6e-05
it  722 steps  70975488 sps   27,698 | ep_ret -272.95 ep_len  396.8 (n=241) | pg -0.010 vf 214.622 kl 0.0122 lr 1.1e-04
it  723 steps  71073792 sps   27,697 | ep_ret -274.37 ep_len  413.2 (n=237) | pg -0.013 vf 209.711 kl 0.0122 lr 1.7e-04
it  724 steps  71172096 sps   27,697 | ep_ret -267.55 ep_len  381.3 (n=263) | pg -0.014 vf 206.919 kl 0.0157 lr 1.7e-04
it  725 steps  71270400 sps   27,696 | ep_ret -275.83 ep_len  405.8 (n=232) | pg -0.011 vf 219.195 kl 0.0151 lr 1.7e-04
it  726 steps  71368704 sps   27,696 | ep_ret -276.70 ep_len  411.6 (n=236) | pg -0.013 vf 199.856 kl 0.0151 lr 7.6e-05
it  727 steps  71467008 sps   27,695 | ep_ret -271.78 ep_len  426.5 (n=215) | pg -0.011 vf 201.471 kl 0.0123 lr 1.1e-04
it  728 steps  71565312 sps   27,694 | ep_ret -276.02 ep_len  408.4 (n=227) | pg -0.013 vf 211.695 kl 0.0158 lr 1.1e-04
it  729 steps  71663616 sps   27,694 | ep_ret -273.69 ep_len  401.9 (n=245) | pg -0.014 vf 209.952 kl 0.0142 lr 7.6e-05
it  730 steps  71761920 sps   27,693 | ep_ret -286.12 ep_len  467.9 (n=223) | pg -0.011 vf 203.758 kl 0.0127 lr 1.1e-04
it  731 steps  71860224 sps   27,693 | ep_ret -275.76 ep_len  431.8 (n=215) | pg -0.013 vf 204.240 kl 0.0156 lr 1.1e-04
it  732 steps  71958528 sps   27,692 | ep_ret -275.60 ep_len  409.6 (n=227) | pg -0.013 vf 213.236 kl 0.0143 lr 7.6e-05
it  733 steps  72056832 sps   27,692 | ep_ret -273.56 ep_len  418.4 (n=220) | pg -0.011 vf 209.206 kl 0.0123 lr 1.1e-04
it  734 steps  72155136 sps   27,691 | ep_ret -275.88 ep_len  414.2 (n=230) | pg -0.012 vf 216.577 kl 0.0149 lr 1.1e-04
it  735 steps  72253440 sps   27,691 | ep_ret -284.23 ep_len  427.5 (n=217) | pg -0.011 vf 212.071 kl 0.0137 lr 1.1e-04
it  736 steps  72351744 sps   27,690 | ep_ret -276.38 ep_len  419.7 (n=258) | pg -0.010 vf 227.369 kl 0.0137 lr 1.1e-04
it  737 steps  72450048 sps   27,690 | ep_ret -277.19 ep_len  405.8 (n=231) | pg -0.010 vf 214.515 kl 0.0148 lr 1.1e-04
it  738 steps  72548352 sps   27,689 | ep_ret -276.39 ep_len  426.1 (n=235) | pg -0.013 vf 219.436 kl 0.0138 lr 1.7e-04
it  739 steps  72646656 sps   27,688 | ep_ret -280.25 ep_len  392.2 (n=229) | pg -0.012 vf 218.804 kl 0.0152 lr 1.1e-04
it  740 steps  72744960 sps   27,688 | ep_ret -274.73 ep_len  395.1 (n=218) | pg -0.014 vf 208.609 kl 0.0163 lr 1.1e-04
it  741 steps  72843264 sps   27,687 | ep_ret -284.72 ep_len  445.7 (n=229) | pg -0.012 vf 198.729 kl 0.0126 lr 1.7e-04
it  742 steps  72941568 sps   27,687 | ep_ret -274.52 ep_len  461.4 (n=240) | pg -0.005 vf 216.512 kl 0.0140 lr 5.1e-05
it  743 steps  73039872 sps   27,686 | ep_ret -277.11 ep_len  420.5 (n=254) | pg -0.010 vf 209.199 kl 0.0128 lr 1.1e-04
it  744 steps  73138176 sps   27,685 | ep_ret -283.52 ep_len  441.9 (n=210) | pg -0.013 vf 206.499 kl 0.0134 lr 1.7e-04
it  745 steps  73236480 sps   27,685 | ep_ret -276.39 ep_len  375.6 (n=259) | pg -0.012 vf 228.883 kl 0.0154 lr 1.7e-04
it  746 steps  73334784 sps   27,684 | ep_ret -273.37 ep_len  427.1 (n=243) | pg -0.014 vf 220.821 kl 0.0157 lr 1.7e-04
it  747 steps  73433088 sps   27,684 | ep_ret -283.45 ep_len  444.1 (n=227) | pg -0.009 vf 209.716 kl 0.0157 lr 5.1e-05
it  748 steps  73531392 sps   27,683 | ep_ret -287.08 ep_len  444.1 (n=236) | pg -0.013 vf 224.288 kl 0.0135 lr 1.1e-04
it  749 steps  73629696 sps   27,682 | ep_ret -276.22 ep_len  393.6 (n=227) | pg -0.011 vf 218.906 kl 0.0151 lr 7.6e-05
it  750 steps  73728000 sps   27,682 | ep_ret -278.22 ep_len  383.4 (n=232) | pg -0.010 vf 217.491 kl 0.0153 lr 7.6e-05
it  751 steps  73826304 sps   27,681 | ep_ret -281.45 ep_len  419.3 (n=237) | pg -0.010 vf 207.300 kl 0.0133 lr 1.1e-04
it  752 steps  73924608 sps   27,680 | ep_ret -283.20 ep_len  446.7 (n=221) | pg -0.014 vf 211.955 kl 0.0140 lr 5.1e-05
it  753 steps  74022912 sps   27,680 | ep_ret -281.01 ep_len  410.0 (n=237) | pg -0.012 vf 220.838 kl 0.0113 lr 1.1e-04
it  754 steps  74121216 sps   27,679 | ep_ret -285.69 ep_len  432.4 (n=234) | pg -0.012 vf 218.982 kl 0.0152 lr 1.7e-04
it  755 steps  74219520 sps   27,678 | ep_ret -278.82 ep_len  417.7 (n=235) | pg -0.012 vf 220.873 kl 0.0148 lr 2.6e-04
it  756 steps  74317824 sps   27,678 | ep_ret -284.29 ep_len  417.3 (n=219) | pg -0.011 vf 224.757 kl 0.0145 lr 1.7e-04
it  757 steps  74416128 sps   27,677 | ep_ret -283.79 ep_len  380.9 (n=228) | pg -0.013 vf 216.367 kl 0.0153 lr 1.1e-04
it  758 steps  74514432 sps   27,676 | ep_ret -281.56 ep_len  450.7 (n=218) | pg -0.011 vf 208.331 kl 0.0142 lr 1.1e-04
it  759 steps  74612736 sps   27,676 | ep_ret -280.68 ep_len  408.3 (n=253) | pg -0.010 vf 230.452 kl 0.0158 lr 1.7e-04
it  760 steps  74711040 sps   27,675 | ep_ret -279.73 ep_len  421.5 (n=229) | pg -0.009 vf 224.502 kl 0.0146 lr 1.1e-04
it  761 steps  74809344 sps   27,675 | ep_ret -279.24 ep_len  420.0 (n=236) | pg -0.012 vf 240.370 kl 0.0145 lr 1.7e-04
it  762 steps  74907648 sps   27,674 | ep_ret -287.09 ep_len  439.3 (n=248) | pg -0.010 vf 222.884 kl 0.0142 lr 1.1e-04
it  763 steps  75005952 sps   27,673 | ep_ret -279.68 ep_len  410.3 (n=213) | pg -0.013 vf 200.559 kl 0.0151 lr 1.1e-04
it  764 steps  75104256 sps   27,673 | ep_ret -281.39 ep_len  438.1 (n=236) | pg -0.012 vf 219.266 kl 0.0146 lr 1.1e-04
it  765 steps  75202560 sps   27,672 | ep_ret -282.40 ep_len  438.6 (n=240) | pg -0.012 vf 221.366 kl 0.0150 lr 1.7e-04
it  766 steps  75300864 sps   27,671 | ep_ret -286.80 ep_len  436.3 (n=235) | pg -0.011 vf 231.239 kl 0.0149 lr 1.1e-04
it  767 steps  75399168 sps   27,671 | ep_ret -281.44 ep_len  392.3 (n=268) | pg -0.013 vf 236.428 kl 0.0149 lr 1.1e-04
it  768 steps  75497472 sps   27,670 | ep_ret -284.51 ep_len  407.5 (n=253) | pg -0.015 vf 219.297 kl 0.0136 lr 1.1e-04
it  769 steps  75595776 sps   27,669 | ep_ret -283.99 ep_len  478.4 (n=202) | pg -0.013 vf 215.023 kl 0.0158 lr 1.1e-04
it  770 steps  75694080 sps   27,669 | ep_ret -287.12 ep_len  441.4 (n=259) | pg -0.012 vf 212.946 kl 0.0138 lr 1.7e-04
it  771 steps  75792384 sps   27,668 | ep_ret -291.44 ep_len  443.7 (n=220) | pg -0.009 vf 227.871 kl 0.0132 lr 1.1e-04
it  772 steps  75890688 sps   27,667 | ep_ret -283.73 ep_len  433.7 (n=267) | pg -0.013 vf 248.969 kl 0.0152 lr 1.7e-04
it  773 steps  75988992 sps   27,667 | ep_ret -288.30 ep_len  410.3 (n=253) | pg -0.011 vf 228.213 kl 0.0160 lr 1.7e-04
it  774 steps  76087296 sps   27,666 | ep_ret -284.99 ep_len  403.3 (n=223) | pg -0.011 vf 201.130 kl 0.0148 lr 1.1e-04
it  775 steps  76185600 sps   27,665 | ep_ret -274.39 ep_len  369.3 (n=208) | pg -0.011 vf 213.620 kl 0.0166 lr 7.6e-05 | blown 1 dropped 0
it  776 steps  76283904 sps   27,665 | ep_ret -283.02 ep_len  392.2 (n=233) | pg -0.010 vf 225.982 kl 0.0145 lr 1.1e-04
it  777 steps  76382208 sps   27,664 | ep_ret -285.56 ep_len  419.2 (n=252) | pg -0.009 vf 219.250 kl 0.0145 lr 5.1e-05
it  778 steps  76480512 sps   27,663 | ep_ret -275.02 ep_len  394.0 (n=234) | pg -0.011 vf 217.733 kl 0.0110 lr 1.1e-04
it  779 steps  76578816 sps   27,662 | ep_ret -287.92 ep_len  422.7 (n=236) | pg -0.010 vf 220.615 kl 0.0148 lr 1.7e-04
it  780 steps  76677120 sps   27,662 | ep_ret -285.78 ep_len  411.6 (n=246) | pg -0.012 vf 239.397 kl 0.0160 lr 1.7e-04
it  781 steps  76775424 sps   27,661 | ep_ret -288.91 ep_len  415.0 (n=216) | pg -0.011 vf 211.924 kl 0.0129 lr 1.7e-04
it  782 steps  76873728 sps   27,660 | ep_ret -279.56 ep_len  410.7 (n=230) | pg -0.013 vf 232.750 kl 0.0164 lr 5.1e-05
it  783 steps  76972032 sps   27,660 | ep_ret -282.72 ep_len  391.1 (n=238) | pg -0.011 vf 229.517 kl 0.0100 lr 1.1e-04
it  784 steps  77070336 sps   27,659 | ep_ret -284.74 ep_len  423.8 (n=247) | pg -0.012 vf 229.362 kl 0.0145 lr 1.1e-04
it  785 steps  77168640 sps   27,658 | ep_ret -284.06 ep_len  389.6 (n=264) | pg -0.014 vf 242.640 kl 0.0158 lr 1.1e-04
it  786 steps  77266944 sps   27,657 | ep_ret -284.70 ep_len  428.1 (n=239) | pg -0.010 vf 228.315 kl 0.0127 lr 1.1e-04
it  787 steps  77365248 sps   27,657 | ep_ret -288.65 ep_len  405.4 (n=263) | pg -0.010 vf 224.927 kl 0.0164 lr 1.1e-04
it  788 steps  77463552 sps   27,656 | ep_ret -282.25 ep_len  426.2 (n=254) | pg -0.012 vf 215.524 kl 0.0147 lr 1.7e-04
it  789 steps  77561856 sps   27,655 | ep_ret -289.85 ep_len  438.1 (n=224) | pg -0.010 vf 225.419 kl 0.0136 lr 1.1e-04
it  790 steps  77660160 sps   27,655 | ep_ret -283.87 ep_len  387.4 (n=264) | pg -0.012 vf 231.791 kl 0.0138 lr 1.7e-04
it  791 steps  77758464 sps   27,654 | ep_ret -290.50 ep_len  402.9 (n=233) | pg -0.011 vf 230.302 kl 0.0163 lr 1.1e-04
it  792 steps  77856768 sps   27,653 | ep_ret -287.57 ep_len  423.0 (n=247) | pg -0.011 vf 222.472 kl 0.0158 lr 1.1e-04
it  793 steps  77955072 sps   27,653 | ep_ret -291.01 ep_len  386.3 (n=219) | pg -0.008 vf 216.094 kl 0.0176 lr 3.4e-05 | blown 1 dropped 0
it  794 steps  78053376 sps   27,652 | ep_ret -288.46 ep_len  410.3 (n=247) | pg -0.012 vf 244.082 kl 0.0089 lr 7.6e-05
it  795 steps  78151680 sps   27,651 | ep_ret -283.66 ep_len  415.1 (n=233) | pg -0.012 vf 230.147 kl 0.0161 lr 5.1e-05
it  796 steps  78249984 sps   27,650 | ep_ret -283.52 ep_len  388.7 (n=249) | pg -0.012 vf 241.241 kl 0.0106 lr 1.1e-04
it  797 steps  78348288 sps   27,650 | ep_ret -289.86 ep_len  425.9 (n=263) | pg -0.009 vf 246.527 kl 0.0173 lr 7.6e-05
it  798 steps  78446592 sps   27,649 | ep_ret -288.75 ep_len  409.6 (n=266) | pg -0.011 vf 252.937 kl 0.0142 lr 1.7e-04
it  799 steps  78544896 sps   27,648 | ep_ret -289.18 ep_len  369.7 (n=245) | pg -0.012 vf 234.371 kl 0.0163 lr 1.7e-04
it  800 steps  78643200 sps   27,647 | ep_ret -286.56 ep_len  402.4 (n=271) | pg -0.010 vf 243.106 kl 0.0156 lr 1.1e-04
it  801 steps  78741504 sps   27,647 | ep_ret -288.48 ep_len  398.9 (n=257) | pg -0.012 vf 243.148 kl 0.0164 lr 1.1e-04
it  802 steps  78839808 sps   27,646 | ep_ret -291.00 ep_len  403.0 (n=253) | pg -0.009 vf 255.877 kl 0.0145 lr 7.6e-05 | blown 1 dropped 0
it  803 steps  78938112 sps   27,645 | ep_ret -285.72 ep_len  381.1 (n=253) | pg -0.012 vf 249.146 kl 0.0149 lr 1.1e-04
it  804 steps  79036416 sps   27,644 | ep_ret -280.92 ep_len  370.9 (n=266) | pg -0.012 vf 237.697 kl 0.0141 lr 7.6e-05
it  805 steps  79134720 sps   27,644 | ep_ret -287.42 ep_len  405.0 (n=240) | pg -0.011 vf 234.062 kl 0.0144 lr 1.1e-04 | blown 1 dropped 0
it  806 steps  79233024 sps   27,643 | ep_ret -285.59 ep_len  384.7 (n=256) | pg -0.011 vf 235.726 kl 0.0146 lr 1.7e-04
it  807 steps  79331328 sps   27,642 | ep_ret -292.75 ep_len  412.9 (n=257) | pg -0.012 vf 247.821 kl 0.0153 lr 1.1e-04
it  808 steps  79429632 sps   27,642 | ep_ret -282.77 ep_len  357.2 (n=223) | pg -0.009 vf 225.074 kl 0.0153 lr 7.6e-05
it  809 steps  79527936 sps   27,641 | ep_ret -286.19 ep_len  374.4 (n=243) | pg -0.009 vf 226.020 kl 0.0136 lr 1.1e-04
it  810 steps  79626240 sps   27,640 | ep_ret -298.57 ep_len  397.2 (n=245) | pg -0.012 vf 241.104 kl 0.0157 lr 7.6e-05
it  811 steps  79724544 sps   27,639 | ep_ret -290.32 ep_len  421.1 (n=249) | pg -0.007 vf 240.960 kl 0.0161 lr 2.3e-05 | blown 1 dropped 0
it  812 steps  79822848 sps   27,639 | ep_ret -295.76 ep_len  448.8 (n=217) | pg -0.012 vf 226.978 kl 0.0110 lr 1.1e-04
it  813 steps  79921152 sps   27,638 | ep_ret -286.22 ep_len  403.0 (n=252) | pg -0.008 vf 241.633 kl 0.0143 lr 5.1e-05 | blown 1 dropped 0
it  814 steps  80019456 sps   27,637 | ep_ret -292.98 ep_len  403.3 (n=242) | pg -0.011 vf 229.950 kl 0.0136 lr 1.7e-04
it  815 steps  80117760 sps   27,637 | ep_ret -299.78 ep_len  435.5 (n=232) | pg -0.009 vf 217.602 kl 0.0154 lr 3.4e-05
it  816 steps  80216064 sps   27,636 | ep_ret -287.54 ep_len  378.3 (n=206) | pg -0.011 vf 217.121 kl 0.0093 lr 7.6e-05
it  817 steps  80314368 sps   27,635 | ep_ret -291.82 ep_len  396.0 (n=233) | pg -0.010 vf 248.164 kl 0.0146 lr 1.7e-04
it  818 steps  80412672 sps   27,634 | ep_ret -291.75 ep_len  404.4 (n=249) | pg -0.009 vf 235.919 kl 0.0147 lr 7.6e-05
it  819 steps  80510976 sps   27,634 | ep_ret -296.69 ep_len  405.6 (n=247) | pg -0.010 vf 226.020 kl 0.0145 lr 5.1e-05
it  820 steps  80609280 sps   27,633 | ep_ret -296.21 ep_len  421.3 (n=236) | pg -0.011 vf 226.566 kl 0.0108 lr 1.1e-04
it  821 steps  80707584 sps   27,632 | ep_ret -297.59 ep_len  393.7 (n=236) | pg -0.010 vf 226.902 kl 0.0176 lr 7.6e-05
it  822 steps  80805888 sps   27,632 | ep_ret -289.84 ep_len  383.5 (n=229) | pg -0.010 vf 210.091 kl 0.0141 lr 1.1e-04
it  823 steps  80904192 sps   27,631 | ep_ret -296.92 ep_len  425.9 (n=200) | pg -0.011 vf 218.053 kl 0.0141 lr 1.1e-04
it  824 steps  81002496 sps   27,630 | ep_ret -292.51 ep_len  374.1 (n=242) | pg -0.013 vf 230.065 kl 0.0154 lr 1.1e-04
it  825 steps  81100800 sps   27,629 | ep_ret -297.74 ep_len  429.5 (n=244) | pg -0.010 vf 222.207 kl 0.0136 lr 7.6e-05
it  826 steps  81199104 sps   27,629 | ep_ret -290.55 ep_len  399.8 (n=241) | pg -0.009 vf 221.684 kl 0.0160 lr 5.1e-05
it  827 steps  81297408 sps   27,628 | ep_ret -298.40 ep_len  416.7 (n=216) | pg -0.007 vf 232.175 kl 0.0156 lr 1.5e-05
it  828 steps  81395712 sps   27,627 | ep_ret -291.12 ep_len  377.8 (n=280) | pg -0.007 vf 258.446 kl 0.0076 lr 5.1e-05
it  829 steps  81494016 sps   27,626 | ep_ret -292.68 ep_len  405.2 (n=266) | pg -0.011 vf 232.039 kl 0.0112 lr 1.1e-04
it  830 steps  81592320 sps   27,626 | ep_ret -291.72 ep_len  410.1 (n=247) | pg -0.013 vf 237.123 kl 0.0150 lr 1.7e-04
it  831 steps  81690624 sps   27,625 | ep_ret -295.49 ep_len  404.8 (n=265) | pg -0.012 vf 236.862 kl 0.0155 lr 7.6e-05 | blown 1 dropped 0
it  832 steps  81788928 sps   27,624 | ep_ret -296.88 ep_len  424.8 (n=251) | pg -0.010 vf 234.199 kl 0.0145 lr 7.6e-05
it  833 steps  81887232 sps   27,624 | ep_ret -292.29 ep_len  416.3 (n=252) | pg -0.011 vf 243.517 kl 0.0129 lr 1.1e-04
it  834 steps  81985536 sps   27,623 | ep_ret -296.73 ep_len  395.2 (n=254) | pg -0.008 vf 239.034 kl 0.0140 lr 7.6e-05
it  835 steps  82083840 sps   27,622 | ep_ret -301.55 ep_len  431.8 (n=217) | pg -0.011 vf 228.152 kl 0.0144 lr 1.7e-04
it  836 steps  82182144 sps   27,621 | ep_ret -296.71 ep_len  392.9 (n=254) | pg -0.001 vf 233.803 kl 0.0195 lr 1.0e-05 | blown 1 dropped 0
it  837 steps  82280448 sps   27,621 | ep_ret -300.84 ep_len  410.9 (n=258) | pg -0.007 vf 250.732 kl 0.0103 lr 7.6e-05 | blown 1 dropped 0
it  838 steps  82378752 sps   27,620 | ep_ret -290.12 ep_len  407.6 (n=225) | pg -0.010 vf 222.690 kl 0.0136 lr 1.1e-04
it  839 steps  82477056 sps   27,619 | ep_ret -293.37 ep_len  418.8 (n=259) | pg -0.009 vf 236.404 kl 0.0132 lr 1.1e-04
it  840 steps  82575360 sps   27,618 | ep_ret -300.55 ep_len  431.7 (n=233) | pg -0.010 vf 226.947 kl 0.0170 lr 5.1e-05
it  841 steps  82673664 sps   27,618 | ep_ret -292.84 ep_len  387.3 (n=265) | pg -0.013 vf 232.270 kl 0.0124 lr 1.1e-04 | blown 1 dropped 0
it  842 steps  82771968 sps   27,617 | ep_ret -289.36 ep_len  410.2 (n=260) | pg -0.011 vf 227.554 kl 0.0139 lr 7.6e-05
it  843 steps  82870272 sps   27,616 | ep_ret -296.04 ep_len  396.4 (n=249) | pg -0.011 vf 240.761 kl 0.0144 lr 1.7e-04
it  844 steps  82968576 sps   27,615 | ep_ret -290.07 ep_len  422.3 (n=229) | pg -0.013 vf 223.257 kl 0.0165 lr 1.1e-04
it  845 steps  83066880 sps   27,615 | ep_ret -294.45 ep_len  412.8 (n=214) | pg -0.006 vf 231.432 kl 0.0160 lr 5.1e-05
it  846 steps  83165184 sps   27,614 | ep_ret -298.47 ep_len  402.4 (n=230) | pg -0.010 vf 218.149 kl 0.0134 lr 1.1e-04
it  847 steps  83263488 sps   27,613 | ep_ret -297.21 ep_len  383.2 (n=275) | pg -0.010 vf 253.858 kl 0.0151 lr 7.6e-05
it  848 steps  83361792 sps   27,612 | ep_ret -291.18 ep_len  373.1 (n=261) | pg -0.013 vf 243.392 kl 0.0159 lr 1.1e-04
it  849 steps  83460096 sps   27,612 | ep_ret -297.56 ep_len  397.4 (n=243) | pg -0.008 vf 247.806 kl 0.0173 lr 1.1e-04 | blown 1 dropped 0
it  850 steps  83558400 sps   27,611 | ep_ret -299.84 ep_len  435.5 (n=279) | pg -0.011 vf 257.217 kl 0.0116 lr 1.7e-04
it  851 steps  83656704 sps   27,610 | ep_ret -287.15 ep_len  341.7 (n=277) | pg -0.010 vf 241.439 kl 0.0166 lr 3.4e-05
it  852 steps  83755008 sps   27,609 | ep_ret -305.13 ep_len  417.1 (n=236) | pg -0.012 vf 219.307 kl 0.0086 lr 7.6e-05
it  853 steps  83853312 sps   27,608 | ep_ret -288.41 ep_len  350.4 (n=238) | pg -0.011 vf 247.418 kl 0.0152 lr 1.1e-04
it  854 steps  83951616 sps   27,608 | ep_ret -299.40 ep_len  391.9 (n=232) | pg -0.011 vf 242.310 kl 0.0166 lr 1.1e-04
it  855 steps  84049920 sps   27,607 | ep_ret -293.36 ep_len  383.0 (n=258) | pg -0.008 vf 246.089 kl 0.0158 lr 1.1e-04 | blown 2 dropped 0
it  856 steps  84148224 sps   27,606 | ep_ret -299.46 ep_len  378.4 (n=247) | pg -0.012 vf 238.836 kl 0.0148 lr 7.6e-05
it  857 steps  84246528 sps   27,605 | ep_ret -299.37 ep_len  412.7 (n=247) | pg -0.006 vf 246.869 kl 0.0166 lr 2.3e-05
it  858 steps  84344832 sps   27,604 | ep_ret -307.97 ep_len  414.4 (n=256) | pg -0.008 vf 270.030 kl 0.0111 lr 7.6e-05 | blown 1 dropped 0
it  859 steps  84443136 sps   27,603 | ep_ret -295.13 ep_len  385.3 (n=241) | pg -0.010 vf 226.922 kl 0.0150 lr 7.6e-05
it  860 steps  84541440 sps   27,602 | ep_ret -304.16 ep_len  436.5 (n=247) | pg -0.010 vf 237.861 kl 0.0158 lr 3.4e-05
it  861 steps  84639744 sps   27,602 | ep_ret -313.06 ep_len  413.2 (n=262) | pg 0.001 vf 824.042 kl 0.0136 lr 1.0e-05 | blown 1 dropped 0
it  862 steps  84738048 sps   27,601 | ep_ret -300.86 ep_len  414.7 (n=253) | pg -0.009 vf 242.163 kl 0.0072 lr 5.1e-05
it  863 steps  84836352 sps   27,600 | ep_ret -300.42 ep_len  382.9 (n=265) | pg -0.011 vf 232.521 kl 0.0121 lr 1.1e-04
it  864 steps  84934656 sps   27,599 | ep_ret -290.73 ep_len  353.8 (n=245) | pg -0.011 vf 228.092 kl 0.0145 lr 1.1e-04
it  865 steps  85032960 sps   27,598 | ep_ret -290.34 ep_len  368.9 (n=259) | pg -0.011 vf 244.754 kl 0.0153 lr 5.1e-05
it  866 steps  85131264 sps   27,598 | ep_ret -283.70 ep_len  361.0 (n=264) | pg -0.011 vf 232.507 kl 0.0105 lr 1.1e-04
it  867 steps  85229568 sps   27,597 | ep_ret -291.63 ep_len  383.1 (n=231) | pg -0.012 vf 220.730 kl 0.0130 lr 1.7e-04
it  868 steps  85327872 sps   27,596 | ep_ret -295.35 ep_len  381.8 (n=250) | pg -0.010 vf 231.810 kl 0.0144 lr 1.1e-04
it  869 steps  85426176 sps   27,595 | ep_ret -294.51 ep_len  376.0 (n=249) | pg -0.010 vf 250.759 kl 0.0128 lr 1.1e-04
it  870 steps  85524480 sps   27,594 | ep_ret -296.76 ep_len  396.8 (n=253) | pg -0.012 vf 212.940 kl 0.0142 lr 1.1e-04
it  871 steps  85622784 sps   27,593 | ep_ret -295.89 ep_len  373.7 (n=218) | pg -0.011 vf 222.058 kl 0.0147 lr 1.1e-04 | blown 1 dropped 0
it  872 steps  85721088 sps   27,592 | ep_ret -302.41 ep_len  442.6 (n=212) | pg -0.012 vf 218.207 kl 0.0136 lr 1.1e-04
it  873 steps  85819392 sps   27,591 | ep_ret -291.58 ep_len  407.9 (n=247) | pg -0.012 vf 237.731 kl 0.0155 lr 1.1e-04
it  874 steps  85917696 sps   27,590 | ep_ret -295.90 ep_len  387.2 (n=272) | pg -0.007 vf 232.437 kl 0.0138 lr 1.1e-04
it  875 steps  86016000 sps   27,590 | ep_ret -303.67 ep_len  437.4 (n=251) | pg -0.011 vf 227.034 kl 0.0144 lr 5.1e-05
it  876 steps  86114304 sps   27,589 | ep_ret -298.29 ep_len  392.3 (n=226) | pg -0.011 vf 211.715 kl 0.0106 lr 1.1e-04
it  877 steps  86212608 sps   27,588 | ep_ret -304.95 ep_len  434.1 (n=236) | pg -0.011 vf 237.483 kl 0.0168 lr 1.1e-04
it  878 steps  86310912 sps   27,587 | ep_ret -306.73 ep_len  420.6 (n=240) | pg -0.009 vf 235.498 kl 0.0146 lr 1.1e-04
it  879 steps  86409216 sps   27,586 | ep_ret -295.93 ep_len  387.2 (n=235) | pg -0.012 vf 231.659 kl 0.0151 lr 1.1e-04
it  880 steps  86507520 sps   27,586 | ep_ret -301.10 ep_len  417.3 (n=269) | pg -0.010 vf 245.856 kl 0.0147 lr 7.6e-05
it  881 steps  86605824 sps   27,585 | ep_ret -297.02 ep_len  410.4 (n=245) | pg -0.012 vf 234.654 kl 0.0143 lr 1.1e-04
it  882 steps  86704128 sps   27,584 | ep_ret -305.92 ep_len  394.9 (n=235) | pg -0.012 vf 231.178 kl 0.0156 lr 1.7e-04
it  883 steps  86802432 sps   27,583 | ep_ret -301.73 ep_len  403.8 (n=247) | pg -0.009 vf 239.337 kl 0.0165 lr 7.6e-05
it  884 steps  86900736 sps   27,582 | ep_ret -306.97 ep_len  412.9 (n=258) | pg -0.012 vf 245.066 kl 0.0116 lr 1.7e-04
it  885 steps  86999040 sps   27,581 | ep_ret -302.97 ep_len  397.0 (n=256) | pg -0.010 vf 230.277 kl 0.0147 lr 1.7e-04
it  886 steps  87097344 sps   27,580 | ep_ret -301.66 ep_len  387.0 (n=233) | pg -0.009 vf 249.429 kl 0.0167 lr 7.6e-05 | blown 1 dropped 0
it  887 steps  87195648 sps   27,579 | ep_ret -309.50 ep_len  393.7 (n=239) | pg -0.009 vf 235.411 kl 0.0145 lr 5.1e-05 | blown 1 dropped 0
it  888 steps  87293952 sps   27,579 | ep_ret -305.12 ep_len  432.3 (n=251) | pg -0.011 vf 242.541 kl 0.0109 lr 1.1e-04
it  889 steps  87392256 sps   27,578 | ep_ret -301.37 ep_len  384.0 (n=258) | pg -0.012 vf 251.750 kl 0.0125 lr 7.6e-05
it  890 steps  87490560 sps   27,577 | ep_ret -302.85 ep_len  407.5 (n=256) | pg -0.012 vf 242.747 kl 0.0139 lr 1.7e-04
it  891 steps  87588864 sps   27,576 | ep_ret -302.92 ep_len  430.6 (n=241) | pg -0.009 vf 229.337 kl 0.0128 lr 1.1e-04
it  892 steps  87687168 sps   27,575 | ep_ret -303.42 ep_len  412.9 (n=211) | pg -0.012 vf 225.845 kl 0.0155 lr 1.1e-04
it  893 steps  87785472 sps   27,574 | ep_ret -302.40 ep_len  414.7 (n=247) | pg -0.008 vf 262.977 kl 0.0158 lr 3.4e-05 | blown 1 dropped 0
it  894 steps  87883776 sps   27,573 | ep_ret -297.37 ep_len  393.0 (n=253) | pg -0.011 vf 247.567 kl 0.0096 lr 7.6e-05
it  895 steps  87982080 sps   27,572 | ep_ret -305.30 ep_len  409.9 (n=259) | pg -0.010 vf 263.748 kl 0.0147 lr 7.6e-05
it  896 steps  88080384 sps   27,571 | ep_ret -303.02 ep_len  380.6 (n=233) | pg -0.012 vf 240.933 kl 0.0148 lr 1.1e-04 | blown 1 dropped 0
it  897 steps  88178688 sps   27,571 | ep_ret -306.15 ep_len  396.1 (n=283) | pg -0.008 vf 262.284 kl 0.0140 lr 1.1e-04 | blown 1 dropped 0
it  898 steps  88276992 sps   27,570 | ep_ret -306.65 ep_len  415.0 (n=248) | pg -0.011 vf 236.063 kl 0.0147 lr 7.6e-05
it  899 steps  88375296 sps   27,569 | ep_ret -299.71 ep_len  397.6 (n=258) | pg 0.030 vf 241.847 kl 0.0906 lr 1.0e-05
it  900 steps  88473600 sps   27,568 | ep_ret -304.26 ep_len  395.6 (n=241) | pg 0.003 vf 245.372 kl 0.0162 lr 1.0e-05
it  901 steps  88571904 sps   27,567 | ep_ret -296.93 ep_len  351.1 (n=229) | pg -0.008 vf 229.786 kl 0.0075 lr 5.1e-05 | blown 1 dropped 0
it  902 steps  88670208 sps   27,566 | ep_ret -305.99 ep_len  407.2 (n=256) | pg -0.010 vf 248.376 kl 0.0099 lr 1.1e-04 | blown 1 dropped 0
it  903 steps  88768512 sps   27,565 | ep_ret -302.34 ep_len  370.4 (n=249) | pg -0.012 vf 241.275 kl 0.0136 lr 1.7e-04
it  904 steps  88866816 sps   27,565 | ep_ret -301.22 ep_len  386.5 (n=271) | pg -0.008 vf 254.112 kl 0.0108 lr 1.1e-04
it  905 steps  88965120 sps   27,564 | ep_ret -306.52 ep_len  399.0 (n=251) | pg -0.011 vf 241.494 kl 0.0143 lr 1.7e-04
it  906 steps  89063424 sps   27,563 | ep_ret -308.64 ep_len  400.7 (n=246) | pg -0.010 vf 245.237 kl 0.0149 lr 1.7e-04
it  907 steps  89161728 sps   27,562 | ep_ret -304.76 ep_len  401.0 (n=233) | pg -0.006 vf 242.874 kl 0.0145 lr 7.6e-05 | blown 1 dropped 0
it  908 steps  89260032 sps   27,561 | ep_ret -307.08 ep_len  395.0 (n=253) | pg -0.011 vf 231.707 kl 0.0140 lr 7.6e-05
it  909 steps  89358336 sps   27,560 | ep_ret -307.18 ep_len  402.6 (n=247) | pg -0.012 vf 235.553 kl 0.0110 lr 1.7e-04 | blown 2 dropped 0
it  910 steps  89456640 sps   27,560 | ep_ret -307.75 ep_len  387.8 (n=263) | pg -0.011 vf 238.969 kl 0.0165 lr 1.7e-04
it  911 steps  89554944 sps   27,559 | ep_ret -299.65 ep_len  384.6 (n=250) | pg -0.010 vf 239.165 kl 0.0123 lr 1.7e-04
it  912 steps  89653248 sps   27,558 | ep_ret -302.65 ep_len  365.1 (n=274) | pg -0.010 vf 246.373 kl 0.0157 lr 1.7e-04
it  913 steps  89751552 sps   27,557 | ep_ret -299.81 ep_len  375.2 (n=247) | pg -0.008 vf 249.346 kl 0.0130 lr 1.1e-04
it  914 steps  89849856 sps   27,556 | ep_ret -300.50 ep_len  352.6 (n=249) | pg -0.011 vf 255.490 kl 0.0131 lr 1.7e-04 | blown 1 dropped 0
it  915 steps  89948160 sps   27,555 | ep_ret -306.89 ep_len  401.4 (n=266) | pg -0.010 vf 249.446 kl 0.0151 lr 1.1e-04
it  916 steps  90046464 sps   27,555 | ep_ret -315.14 ep_len  426.9 (n=271) | pg -0.009 vf 250.559 kl 0.0154 lr 5.1e-05 | blown 2 dropped 0
it  917 steps  90144768 sps   27,554 | ep_ret -304.21 ep_len  378.0 (n=235) | pg -0.011 vf 234.536 kl 0.0104 lr 1.1e-04
it  918 steps  90243072 sps   27,553 | ep_ret -308.46 ep_len  395.0 (n=219) | pg -0.011 vf 248.237 kl 0.0151 lr 7.6e-05
it  919 steps  90341376 sps   27,552 | ep_ret -309.44 ep_len  398.9 (n=271) | pg -0.010 vf 251.846 kl 0.0108 lr 1.7e-04
it  920 steps  90439680 sps   27,551 | ep_ret -307.85 ep_len  401.2 (n=242) | pg -0.008 vf 243.184 kl 0.0150 lr 7.6e-05 | blown 1 dropped 0
it  921 steps  90537984 sps   27,550 | ep_ret -299.19 ep_len  392.3 (n=265) | pg -0.011 vf 253.266 kl 0.0114 lr 1.7e-04
it  922 steps  90636288 sps   27,549 | ep_ret -307.85 ep_len  392.8 (n=267) | pg -0.011 vf 255.065 kl 0.0143 lr 1.1e-04
it  923 steps  90734592 sps   27,548 | ep_ret -303.45 ep_len  376.3 (n=270) | pg -0.011 vf 256.906 kl 0.0144 lr 2.6e-04 | blown 1 dropped 0
it  924 steps  90832896 sps   27,548 | ep_ret -303.71 ep_len  368.1 (n=266) | pg -0.012 vf 244.218 kl 0.0176 lr 1.1e-04
it  925 steps  90931200 sps   27,547 | ep_ret -301.11 ep_len  381.1 (n=227) | pg -0.009 vf 248.849 kl 0.0158 lr 5.1e-05 | blown 1 dropped 0
it  926 steps  91029504 sps   27,546 | ep_ret -309.44 ep_len  397.6 (n=257) | pg -0.010 vf 246.252 kl 0.0103 lr 1.1e-04
it  927 steps  91127808 sps   27,545 | ep_ret -307.37 ep_len  374.5 (n=254) | pg -0.005 vf 267.996 kl 0.0157 lr 5.1e-05 | blown 1 dropped 0
it  928 steps  91226112 sps   27,544 | ep_ret -305.73 ep_len  390.9 (n=253) | pg -0.011 vf 248.474 kl 0.0096 lr 1.1e-04
it  929 steps  91324416 sps   27,543 | ep_ret -307.01 ep_len  391.4 (n=267) | pg -0.010 vf 229.407 kl 0.0129 lr 1.7e-04
it  930 steps  91422720 sps   27,542 | ep_ret -310.87 ep_len  398.1 (n=277) | pg -0.008 vf 261.245 kl 0.0122 lr 1.1e-04 | blown 1 dropped 0
it  931 steps  91521024 sps   27,541 | ep_ret -301.85 ep_len  361.3 (n=277) | pg -0.012 vf 264.131 kl 0.0134 lr 2.6e-04
it  932 steps  91619328 sps   27,540 | ep_ret -308.00 ep_len  369.4 (n=295) | pg -0.003 vf 290.116 kl 0.0181 lr 1.0e-05 | blown 1 dropped 0
it  933 steps  91717632 sps   27,539 | ep_ret -306.42 ep_len  373.6 (n=263) | pg -0.007 vf 282.188 kl 0.0098 lr 7.6e-05 | blown 1 dropped 0
it  934 steps  91815936 sps   27,538 | ep_ret -310.61 ep_len  362.5 (n=253) | pg -0.008 vf 257.213 kl 0.0141 lr 7.6e-05
it  935 steps  91914240 sps   27,537 | ep_ret -319.94 ep_len  393.8 (n=269) | pg -0.011 vf 264.943 kl 0.0112 lr 1.7e-04 | blown 1 dropped 0
it  936 steps  92012544 sps   27,536 | ep_ret -315.46 ep_len  408.8 (n=229) | pg -0.010 vf 250.661 kl 0.0161 lr 1.1e-04
it  937 steps  92110848 sps   27,535 | ep_ret -306.19 ep_len  366.4 (n=284) | pg -0.012 vf 247.624 kl 0.0159 lr 7.6e-05 | blown 1 dropped 0
it  938 steps  92209152 sps   27,534 | ep_ret -304.06 ep_len  357.5 (n=247) | pg -0.010 vf 243.493 kl 0.0119 lr 1.7e-04 | blown 1 dropped 0
it  939 steps  92307456 sps   27,533 | ep_ret -309.66 ep_len  406.5 (n=290) | pg -0.010 vf 262.286 kl 0.0146 lr 1.1e-04
it  940 steps  92405760 sps   27,533 | ep_ret -301.88 ep_len  378.1 (n=259) | pg -0.011 vf 237.551 kl 0.0141 lr 1.1e-04
it  941 steps  92504064 sps   27,532 | ep_ret -313.04 ep_len  387.8 (n=262) | pg -0.011 vf 251.876 kl 0.0115 lr 1.7e-04
it  942 steps  92602368 sps   27,531 | ep_ret -312.12 ep_len  389.7 (n=286) | pg -0.010 vf 264.415 kl 0.0143 lr 1.1e-04
it  943 steps  92700672 sps   27,530 | ep_ret -299.19 ep_len  338.0 (n=262) | pg -0.012 vf 243.111 kl 0.0147 lr 1.1e-04
it  944 steps  92798976 sps   27,529 | ep_ret -303.12 ep_len  366.5 (n=238) | pg -0.010 vf 244.518 kl 0.0160 lr 1.7e-04
it  945 steps  92897280 sps   27,528 | ep_ret -302.49 ep_len  350.0 (n=257) | pg -0.012 vf 254.721 kl 0.0154 lr 1.7e-04
it  946 steps  92995584 sps   27,527 | ep_ret -305.04 ep_len  377.3 (n=244) | pg -0.012 vf 248.244 kl 0.0156 lr 1.7e-04
it  947 steps  93093888 sps   27,526 | ep_ret -307.49 ep_len  379.2 (n=293) | pg -0.009 vf 258.200 kl 0.0157 lr 1.1e-04
it  948 steps  93192192 sps   27,525 | ep_ret -315.25 ep_len  381.2 (n=250) | pg -0.006 vf 251.898 kl 0.0109 lr 7.6e-05 | blown 1 dropped 0
it  949 steps  93290496 sps   27,524 | ep_ret -310.87 ep_len  368.7 (n=294) | pg -0.011 vf 255.960 kl 0.0115 lr 1.7e-04
it  950 steps  93388800 sps   27,523 | ep_ret -310.39 ep_len  353.1 (n=246) | pg -0.006 vf 258.496 kl 0.0195 lr 2.3e-05 | blown 2 dropped 0
it  951 steps  93487104 sps   27,522 | ep_ret -306.05 ep_len  342.9 (n=295) | pg -0.009 vf 269.969 kl 0.0115 lr 1.1e-04
it  952 steps  93585408 sps   27,521 | ep_ret -308.02 ep_len  366.5 (n=274) | pg -0.012 vf 263.000 kl 0.0152 lr 1.1e-04
it  953 steps  93683712 sps   27,520 | ep_ret -298.47 ep_len  332.5 (n=265) | pg -0.012 vf 258.227 kl 0.0162 lr 7.6e-05
it  954 steps  93782016 sps   27,519 | ep_ret -307.58 ep_len  393.2 (n=281) | pg -0.012 vf 264.720 kl 0.0135 lr 7.6e-05
it  955 steps  93880320 sps   27,519 | ep_ret -303.73 ep_len  367.3 (n=272) | pg -0.009 vf 271.374 kl 0.0133 lr 1.7e-04
it  956 steps  93978624 sps   27,518 | ep_ret -317.87 ep_len  390.5 (n=263) | pg -0.010 vf 251.237 kl 0.0151 lr 5.1e-05
it  957 steps  94076928 sps   27,517 | ep_ret -310.40 ep_len  374.0 (n=293) | pg -0.009 vf 268.261 kl 0.0145 lr 7.6e-05 | blown 1 dropped 0
it  958 steps  94175232 sps   27,516 | ep_ret -312.22 ep_len  367.1 (n=248) | pg -0.008 vf 245.044 kl 0.0108 lr 7.6e-05
it  959 steps  94273536 sps   27,515 | ep_ret -320.45 ep_len  384.3 (n=270) | pg -0.011 vf 254.776 kl 0.0134 lr 1.1e-04 | blown 1 dropped 0
it  960 steps  94371840 sps   27,514 | ep_ret -310.26 ep_len  368.7 (n=256) | pg -0.010 vf 261.021 kl 0.0148 lr 7.6e-05
it  961 steps  94470144 sps   27,513 | ep_ret -317.40 ep_len  398.4 (n=302) | pg -0.008 vf 271.066 kl 0.0139 lr 7.6e-05
it  962 steps  94568448 sps   27,512 | ep_ret -317.18 ep_len  365.4 (n=261) | pg -0.007 vf 255.951 kl 0.0141 lr 5.1e-05
it  963 steps  94666752 sps   27,511 | ep_ret -310.69 ep_len  353.1 (n=259) | pg -0.011 vf 269.623 kl 0.0144 lr 1.1e-04 | blown 1 dropped 0
it  964 steps  94765056 sps   27,510 | ep_ret -318.91 ep_len  374.5 (n=298) | pg -0.012 vf 270.370 kl 0.0141 lr 1.7e-04
it  965 steps  94863360 sps   27,510 | ep_ret -304.12 ep_len  330.0 (n=279) | pg -0.005 vf 265.852 kl 0.0152 lr 7.6e-05 | blown 2 dropped 0
it  966 steps  94961664 sps   27,509 | ep_ret -313.65 ep_len  364.1 (n=238) | pg -0.011 vf 248.289 kl 0.0148 lr 1.7e-04
it  967 steps  95059968 sps   27,508 | ep_ret -307.04 ep_len  367.2 (n=267) | pg -0.009 vf 264.194 kl 0.0158 lr 1.1e-04
it  968 steps  95158272 sps   27,507 | ep_ret -317.00 ep_len  383.5 (n=271) | pg -0.010 vf 250.192 kl 0.0145 lr 1.1e-04
it  969 steps  95256576 sps   27,506 | ep_ret -312.48 ep_len  354.4 (n=259) | pg -0.008 vf 252.520 kl 0.0167 lr 5.1e-05
it  970 steps  95354880 sps   27,505 | ep_ret -314.35 ep_len  360.2 (n=262) | pg -0.011 vf 260.811 kl 0.0116 lr 1.1e-04 | blown 1 dropped 0
it  971 steps  95453184 sps   27,504 | ep_ret -314.90 ep_len  355.5 (n=299) | pg -0.012 vf 273.146 kl 0.0152 lr 1.1e-04 | blown 1 dropped 0
it  972 steps  95551488 sps   27,503 | ep_ret -313.99 ep_len  369.3 (n=296) | pg -0.008 vf 288.842 kl 0.0156 lr 5.1e-05 | blown 4 dropped 0
it  973 steps  95649792 sps   27,502 | ep_ret -307.34 ep_len  364.7 (n=266) | pg -0.013 vf 262.477 kl 0.0129 lr 1.1e-04
it  974 steps  95748096 sps   27,501 | ep_ret -314.83 ep_len  375.7 (n=283) | pg -0.007 vf 270.825 kl 0.0148 lr 5.1e-05 | blown 2 dropped 0
it  975 steps  95846400 sps   27,501 | ep_ret -314.47 ep_len  365.1 (n=291) | pg -0.011 vf 263.801 kl 0.0116 lr 1.7e-04
it  976 steps  95944704 sps   27,500 | ep_ret -316.35 ep_len  373.7 (n=277) | pg -0.010 vf 260.232 kl 0.0155 lr 1.7e-04
it  977 steps  96043008 sps   27,499 | ep_ret -310.26 ep_len  348.8 (n=279) | pg -0.006 vf 259.802 kl 0.0162 lr 5.1e-05
it  978 steps  96141312 sps   27,498 | ep_ret -306.29 ep_len  330.5 (n=250) | pg -0.010 vf 257.811 kl 0.0126 lr 1.1e-04 | blown 1 dropped 0
it  979 steps  96239616 sps   27,497 | ep_ret -321.22 ep_len  375.7 (n=250) | pg -0.007 vf 254.674 kl 0.0147 lr 1.1e-04 | blown 2 dropped 0
it  980 steps  96337920 sps   27,496 | ep_ret -314.51 ep_len  379.4 (n=300) | pg -0.010 vf 271.442 kl 0.0134 lr 1.7e-04
it  981 steps  96436224 sps   27,495 | ep_ret -317.43 ep_len  390.1 (n=263) | pg -0.011 vf 256.890 kl 0.0147 lr 1.1e-04
it  982 steps  96534528 sps   27,494 | ep_ret -307.52 ep_len  341.6 (n=272) | pg -0.008 vf 261.749 kl 0.0136 lr 1.1e-04 | blown 2 dropped 0
it  983 steps  96632832 sps   27,494 | ep_ret -318.97 ep_len  395.5 (n=263) | pg -0.010 vf 252.035 kl 0.0146 lr 1.1e-04
it  984 steps  96731136 sps   27,493 | ep_ret -310.94 ep_len  350.1 (n=295) | pg -0.010 vf 258.657 kl 0.0152 lr 1.1e-04
it  985 steps  96829440 sps   27,492 | ep_ret -314.28 ep_len  352.8 (n=261) | pg -0.010 vf 252.732 kl 0.0156 lr 1.1e-04
it  986 steps  96927744 sps   27,491 | ep_ret -314.31 ep_len  353.1 (n=244) | pg -0.010 vf 246.613 kl 0.0154 lr 7.6e-05
it  987 steps  97026048 sps   27,490 | ep_ret -311.44 ep_len  342.9 (n=264) | pg -0.009 vf 252.770 kl 0.0156 lr 7.6e-05 | blown 2 dropped 0
it  988 steps  97124352 sps   27,489 | ep_ret -312.79 ep_len  352.7 (n=284) | pg -0.009 vf 285.036 kl 0.0141 lr 1.1e-04
it  989 steps  97222656 sps   27,488 | ep_ret -317.56 ep_len  384.4 (n=284) | pg -0.010 vf 264.708 kl 0.0141 lr 1.7e-04
it  990 steps  97320960 sps   27,487 | ep_ret -308.52 ep_len  343.9 (n=281) | pg -0.010 vf 274.111 kl 0.0146 lr 1.7e-04
it  991 steps  97419264 sps   27,486 | ep_ret -316.54 ep_len  355.2 (n=294) | pg -0.008 vf 284.007 kl 0.0149 lr 7.6e-05 | blown 1 dropped 0
it  992 steps  97517568 sps   27,485 | ep_ret -314.56 ep_len  342.0 (n=316) | pg -0.011 vf 284.302 kl 0.0114 lr 1.7e-04
it  993 steps  97615872 sps   27,484 | ep_ret -315.52 ep_len  330.5 (n=291) | pg -0.010 vf 274.049 kl 0.0145 lr 1.1e-04
it  994 steps  97714176 sps   27,483 | ep_ret -314.25 ep_len  346.5 (n=293) | pg -0.011 vf 284.779 kl 0.0133 lr 1.1e-04
it  995 steps  97812480 sps   27,482 | ep_ret -322.40 ep_len  354.4 (n=313) | pg -0.009 vf 292.157 kl 0.0162 lr 7.6e-05 | blown 2 dropped 0
it  996 steps  97910784 sps   27,481 | ep_ret -312.14 ep_len  332.7 (n=274) | pg -0.012 vf 261.967 kl 0.0137 lr 1.1e-04
it  997 steps  98009088 sps   27,480 | ep_ret -322.41 ep_len  360.0 (n=273) | pg -0.011 vf 253.939 kl 0.0128 lr 1.7e-04
it  998 steps  98107392 sps   27,479 | ep_ret -315.79 ep_len  348.0 (n=294) | pg -0.010 vf 274.332 kl 0.0157 lr 7.6e-05
it  999 steps  98205696 sps   27,478 | ep_ret -318.33 ep_len  357.2 (n=288) | pg -0.011 vf 267.524 kl 0.0115 lr 1.7e-04
it 1000 steps  98304000 sps   27,477 | ep_ret -308.10 ep_len  338.4 (n=302) | pg -0.011 vf 268.833 kl 0.0152 lr 1.1e-04
it 1001 steps  98402304 sps   27,476 | ep_ret -312.47 ep_len  326.7 (n=295) | pg -0.003 vf 754.460 kl 0.0134 lr 7.6e-05 | blown 1 dropped 0
it 1002 steps  98500608 sps   27,475 | ep_ret -311.21 ep_len  328.6 (n=293) | pg -0.011 vf 281.109 kl 0.0150 lr 7.6e-05 | blown 1 dropped 0
it 1003 steps  98598912 sps   27,474 | ep_ret -314.32 ep_len  341.8 (n=318) | pg -0.009 vf 299.213 kl 0.0114 lr 1.7e-04
it 1004 steps  98697216 sps   27,474 | ep_ret -315.52 ep_len  331.0 (n=336) | pg -0.007 vf 290.176 kl 0.0165 lr 1.7e-04
it 1005 steps  98795520 sps   27,473 | ep_ret -312.43 ep_len  327.3 (n=277) | pg -0.005 vf 269.942 kl 0.0168 lr 5.1e-05 | blown 1 dropped 0
it 1006 steps  98893824 sps   27,472 | ep_ret -312.13 ep_len  327.8 (n=300) | pg -0.009 vf 266.753 kl 0.0091 lr 1.1e-04 | blown 1 dropped 0
it 1007 steps  98992128 sps   27,471 | ep_ret -309.21 ep_len  313.6 (n=290) | pg -0.006 vf 274.107 kl 0.0148 lr 2.3e-05 | blown 3 dropped 0
it 1008 steps  99090432 sps   27,470 | ep_ret -317.92 ep_len  363.5 (n=282) | pg -0.010 vf 266.568 kl 0.0096 lr 1.1e-04
it 1009 steps  99188736 sps   27,469 | ep_ret -322.13 ep_len  362.6 (n=286) | pg -0.009 vf 267.528 kl 0.0157 lr 7.6e-05 | blown 1 dropped 0
it 1010 steps  99287040 sps   27,468 | ep_ret -318.32 ep_len  345.2 (n=298) | pg -0.012 vf 257.613 kl 0.0128 lr 1.7e-04 | blown 1 dropped 0
it 1011 steps  99385344 sps   27,467 | ep_ret -316.67 ep_len  344.7 (n=326) | pg -0.011 vf 294.044 kl 0.0160 lr 1.1e-04 | blown 1 dropped 0
it 1012 steps  99483648 sps   27,466 | ep_ret -305.87 ep_len  335.4 (n=275) | pg -0.011 vf 263.783 kl 0.0127 lr 1.7e-04
it 1013 steps  99581952 sps   27,465 | ep_ret -318.60 ep_len  347.7 (n=313) | pg -0.011 vf 285.344 kl 0.0132 lr 1.1e-04
it 1014 steps  99680256 sps   27,464 | ep_ret -306.65 ep_len  304.6 (n=320) | pg -0.011 vf 289.747 kl 0.0164 lr 7.6e-05 | blown 1 dropped 0
it 1015 steps  99778560 sps   27,463 | ep_ret -305.41 ep_len  314.1 (n=294) | pg -0.005 vf 270.849 kl 0.0160 lr 3.4e-05
it 1016 steps  99876864 sps   27,462 | ep_ret -314.40 ep_len  334.2 (n=298) | pg -0.011 vf 270.197 kl 0.0086 lr 7.6e-05 | blown 1 dropped 0
it 1017 steps  99975168 sps   27,461 | ep_ret -316.77 ep_len  341.4 (n=286) | pg -0.011 vf 266.390 kl 0.0120 lr 1.7e-04
it 1018 steps 100073472 sps   27,461 | ep_ret -308.60 ep_len  308.4 (n=296) | pg -0.010 vf 264.110 kl 0.0153 lr 1.1e-04
it 1019 steps 100171776 sps   27,460 | ep_ret -320.03 ep_len  359.3 (n=277) | pg -0.010 vf 249.607 kl 0.0152 lr 5.1e-05
it 1020 steps 100270080 sps   27,459 | ep_ret -323.90 ep_len  344.9 (n=290) | pg -0.009 vf 326.683 kl 0.0115 lr 7.6e-05 | blown 2 dropped 0
it 1021 steps 100368384 sps   27,458 | ep_ret -316.80 ep_len  352.9 (n=283) | pg -0.010 vf 270.593 kl 0.0150 lr 7.6e-05
it 1022 steps 100466688 sps   27,457 | ep_ret -314.29 ep_len  332.8 (n=302) | pg -0.013 vf 263.125 kl 0.0126 lr 1.7e-04
it 1023 steps 100564992 sps   27,456 | ep_ret -312.64 ep_len  327.9 (n=308) | pg -0.008 vf 273.463 kl 0.0145 lr 7.6e-05
it 1024 steps 100663296 sps   27,455 | ep_ret -317.17 ep_len  337.4 (n=315) | pg -0.009 vf 277.525 kl 0.0113 lr 1.1e-04
it 1025 steps 100761600 sps   27,454 | ep_ret -310.95 ep_len  316.5 (n=305) | pg -0.010 vf 286.764 kl 0.0144 lr 1.1e-04
it 1026 steps 100859904 sps   27,453 | ep_ret -315.90 ep_len  336.0 (n=337) | pg -0.011 vf 277.800 kl 0.0144 lr 7.6e-05
it 1027 steps 100958208 sps   27,452 | ep_ret -316.31 ep_len  326.9 (n=291) | pg -0.010 vf 255.640 kl 0.0152 lr 7.6e-05 | blown 2 dropped 0
it 1028 steps 101056512 sps   27,451 | ep_ret -322.14 ep_len  338.5 (n=296) | pg -0.006 vf 267.527 kl 0.0100 lr 7.6e-05
it 1029 steps 101154816 sps   27,450 | ep_ret -306.24 ep_len  311.8 (n=329) | pg -0.008 vf 276.780 kl 0.0115 lr 1.1e-04
it 1030 steps 101253120 sps   27,449 | ep_ret -314.85 ep_len  337.4 (n=305) | pg -0.011 vf 267.100 kl 0.0143 lr 1.1e-04
it 1031 steps 101351424 sps   27,448 | ep_ret -312.56 ep_len  316.3 (n=291) | pg -0.010 vf 262.033 kl 0.0157 lr 1.1e-04 | blown 1 dropped 0
it 1032 steps 101449728 sps   27,447 | ep_ret -312.73 ep_len  321.6 (n=307) | pg -0.008 vf 281.033 kl 0.0141 lr 1.7e-04
it 1033 steps 101548032 sps   27,446 | ep_ret -307.13 ep_len  310.4 (n=316) | pg -0.011 vf 287.858 kl 0.0152 lr 7.6e-05 | blown 1 dropped 0
it 1034 steps 101646336 sps   27,446 | ep_ret -314.31 ep_len  329.5 (n=327) | pg -0.011 vf 285.167 kl 0.0120 lr 1.7e-04 | blown 1 dropped 0
it 1035 steps 101744640 sps   27,445 | ep_ret -313.36 ep_len  309.1 (n=318) | pg -0.012 vf 263.890 kl 0.0155 lr 7.6e-05
it 1036 steps 101842944 sps   27,444 | ep_ret -313.56 ep_len  316.0 (n=306) | pg -0.011 vf 271.054 kl 0.0104 lr 1.7e-04
it 1037 steps 101941248 sps   27,443 | ep_ret -313.55 ep_len  316.2 (n=326) | pg -0.012 vf 282.954 kl 0.0136 lr 1.7e-04
it 1038 steps 102039552 sps   27,442 | ep_ret -312.47 ep_len  321.8 (n=322) | pg -0.013 vf 276.985 kl 0.0154 lr 2.6e-04
it 1039 steps 102137856 sps   27,441 | ep_ret -312.35 ep_len  314.4 (n=300) | pg -0.007 vf 287.865 kl 0.0166 lr 1.1e-04
it 1040 steps 102236160 sps   27,440 | ep_ret -315.29 ep_len  316.6 (n=332) | pg -0.008 vf 300.322 kl 0.0152 lr 7.6e-05 | blown 1 dropped 0
it 1041 steps 102334464 sps   27,439 | ep_ret -310.11 ep_len  310.2 (n=334) | pg -0.011 vf 286.352 kl 0.0147 lr 1.7e-04 | blown 1 dropped 0
it 1042 steps 102432768 sps   27,438 | ep_ret -312.91 ep_len  304.8 (n=308) | pg -0.008 vf 270.232 kl 0.0154 lr 7.6e-05 | blown 1 dropped 0
it 1043 steps 102531072 sps   27,437 | ep_ret -311.02 ep_len  299.9 (n=323) | pg -0.012 vf 266.604 kl 0.0117 lr 1.7e-04
it 1044 steps 102629376 sps   27,436 | ep_ret -319.49 ep_len  333.5 (n=295) | pg -0.008 vf 266.047 kl 0.0162 lr 7.6e-05
it 1045 steps 102727680 sps   27,435 | ep_ret -319.13 ep_len  322.4 (n=310) | pg -0.011 vf 262.375 kl 0.0149 lr 7.6e-05
it 1046 steps 102825984 sps   27,434 | ep_ret -309.97 ep_len  306.3 (n=298) | pg -0.012 vf 267.240 kl 0.0121 lr 1.7e-04
it 1047 steps 102924288 sps   27,433 | ep_ret -311.73 ep_len  311.8 (n=285) | pg -0.009 vf 276.686 kl 0.0138 lr 7.6e-05
it 1048 steps 103022592 sps   27,432 | ep_ret -320.55 ep_len  317.6 (n=314) | pg -0.009 vf 303.722 kl 0.0139 lr 7.6e-05 | blown 1 dropped 0
it 1049 steps 103120896 sps   27,431 | ep_ret -308.95 ep_len  310.8 (n=333) | pg -0.011 vf 286.112 kl 0.0129 lr 1.7e-04
it 1050 steps 103219200 sps   27,430 | ep_ret -318.40 ep_len  327.9 (n=325) | pg -0.007 vf 288.909 kl 0.0153 lr 1.1e-04 | blown 3 dropped 0
it 1051 steps 103317504 sps   27,429 | ep_ret -321.61 ep_len  331.5 (n=304) | pg -0.010 vf 277.782 kl 0.0130 lr 1.7e-04
it 1052 steps 103415808 sps   27,428 | ep_ret -317.09 ep_len  316.5 (n=314) | pg -0.011 vf 281.712 kl 0.0168 lr 1.1e-04
it 1053 steps 103514112 sps   27,427 | ep_ret -311.81 ep_len  303.1 (n=306) | pg -0.012 vf 281.299 kl 0.0145 lr 1.1e-04
it 1054 steps 103612416 sps   27,425 | ep_ret -313.83 ep_len  299.6 (n=345) | pg -0.012 vf 285.539 kl 0.0123 lr 2.6e-04
it 1055 steps 103710720 sps   27,424 | ep_ret -311.71 ep_len  298.4 (n=310) | pg -0.007 vf 289.323 kl 0.0143 lr 1.7e-04 | blown 2 dropped 0
it 1056 steps 103809024 sps   27,423 | ep_ret -325.96 ep_len  331.2 (n=342) | pg -0.010 vf 287.997 kl 0.0145 lr 7.6e-05
it 1057 steps 103907328 sps   27,422 | ep_ret -313.00 ep_len  313.9 (n=317) | pg -0.012 vf 288.142 kl 0.0153 lr 1.1e-04 | blown 1 dropped 0
it 1058 steps 104005632 sps   27,421 | ep_ret -311.32 ep_len  295.5 (n=347) | pg -0.012 vf 296.181 kl 0.0141 lr 1.7e-04
it 1059 steps 104103936 sps   27,420 | ep_ret -314.18 ep_len  314.3 (n=347) | pg -0.008 vf 283.138 kl 0.0142 lr 7.6e-05
it 1060 steps 104202240 sps   27,419 | ep_ret -301.43 ep_len  279.8 (n=323) | pg -0.011 vf 284.077 kl 0.0154 lr 7.6e-05
it 1061 steps 104300544 sps   27,418 | ep_ret -313.91 ep_len  305.9 (n=306) | pg -0.011 vf 270.020 kl 0.0143 lr 1.7e-04
it 1062 steps 104398848 sps   27,417 | ep_ret -317.56 ep_len  316.0 (n=345) | pg -0.012 vf 293.716 kl 0.0160 lr 1.7e-04
it 1063 steps 104497152 sps   27,416 | ep_ret -310.22 ep_len  303.0 (n=313) | pg -0.012 vf 281.430 kl 0.0146 lr 1.1e-04
it 1064 steps 104595456 sps   27,415 | ep_ret -318.68 ep_len  317.9 (n=327) | pg -0.010 vf 279.157 kl 0.0143 lr 1.7e-04 | blown 1 dropped 0
it 1065 steps 104693760 sps   27,414 | ep_ret -314.91 ep_len  293.4 (n=348) | pg -0.009 vf 279.223 kl 0.0140 lr 1.1e-04
it 1066 steps 104792064 sps   27,413 | ep_ret -318.86 ep_len  319.0 (n=338) | pg -0.009 vf 293.989 kl 0.0131 lr 1.7e-04 | blown 2 dropped 0
it 1067 steps 104890368 sps   27,412 | ep_ret -308.72 ep_len  293.5 (n=342) | pg -0.006 vf 328.777 kl 0.0171 lr 7.6e-05
it 1068 steps 104988672 sps   27,411 | ep_ret -317.30 ep_len  311.9 (n=337) | pg -0.013 vf 296.579 kl 0.0107 lr 1.7e-04 | blown 1 dropped 0
it 1069 steps 105086976 sps   27,410 | ep_ret -306.30 ep_len  279.7 (n=348) | pg -0.010 vf 302.144 kl 0.0157 lr 1.1e-04 | blown 2 dropped 0
it 1070 steps 105185280 sps   27,409 | ep_ret -325.68 ep_len  303.4 (n=334) | pg 0.001 vf 582.706 kl 0.0212 lr 1.0e-05 | blown 1 dropped 0
it 1071 steps 105283584 sps   27,408 | ep_ret -316.91 ep_len  314.4 (n=345) | pg -0.006 vf 297.193 kl 0.0089 lr 5.1e-05 | blown 1 dropped 0
it 1072 steps 105381888 sps   27,407 | ep_ret -312.22 ep_len  288.1 (n=305) | pg -0.010 vf 273.502 kl 0.0147 lr 1.1e-04
it 1073 steps 105480192 sps   27,406 | ep_ret -313.71 ep_len  297.5 (n=320) | pg -0.010 vf 292.184 kl 0.0156 lr 7.6e-05 | blown 1 dropped 0
it 1074 steps 105578496 sps   27,405 | ep_ret -310.25 ep_len  304.5 (n=337) | pg -0.010 vf 288.753 kl 0.0139 lr 1.7e-04
it 1075 steps 105676800 sps   27,404 | ep_ret -308.84 ep_len  288.9 (n=319) | pg -0.009 vf 293.540 kl 0.0150 lr 7.6e-05 | blown 1 dropped 0
it 1076 steps 105775104 sps   27,403 | ep_ret -314.01 ep_len  306.4 (n=328) | pg -0.011 vf 283.538 kl 0.0115 lr 1.7e-04
it 1077 steps 105873408 sps   27,402 | ep_ret -319.03 ep_len  309.6 (n=303) | pg -0.011 vf 299.923 kl 0.0163 lr 1.1e-04 | blown 1 dropped 0
it 1078 steps 105971712 sps   27,401 | ep_ret -308.37 ep_len  278.1 (n=316) | pg -0.011 vf 292.890 kl 0.0137 lr 1.7e-04
it 1079 steps 106070016 sps   27,400 | ep_ret -317.39 ep_len  307.2 (n=348) | pg -0.009 vf 284.002 kl 0.0156 lr 1.1e-04
it 1080 steps 106168320 sps   27,399 | ep_ret -306.85 ep_len  283.5 (n=347) | pg -0.010 vf 292.797 kl 0.0133 lr 1.7e-04
it 1081 steps 106266624 sps   27,398 | ep_ret -322.38 ep_len  316.8 (n=337) | pg -0.011 vf 280.001 kl 0.0151 lr 7.6e-05
it 1082 steps 106364928 sps   27,397 | ep_ret -308.69 ep_len  275.7 (n=315) | pg -0.009 vf 296.004 kl 0.0138 lr 1.7e-04
it 1083 steps 106463232 sps   27,396 | ep_ret -310.56 ep_len  279.6 (n=353) | pg -0.011 vf 304.128 kl 0.0140 lr 2.6e-04
it 1084 steps 106561536 sps   27,395 | ep_ret -319.79 ep_len  317.1 (n=345) | pg -0.008 vf 291.849 kl 0.0150 lr 1.1e-04
it 1085 steps 106659840 sps   27,394 | ep_ret -315.42 ep_len  284.7 (n=327) | pg -0.011 vf 295.108 kl 0.0138 lr 1.7e-04 | blown 2 dropped 0
it 1086 steps 106758144 sps   27,393 | ep_ret -318.15 ep_len  328.6 (n=332) | pg -0.005 vf 287.663 kl 0.0200 lr 1.0e-05
it 1087 steps 106856448 sps   27,391 | ep_ret -313.46 ep_len  293.3 (n=327) | pg -0.007 vf 291.180 kl 0.0096 lr 7.6e-05
it 1088 steps 106954752 sps   27,390 | ep_ret -311.30 ep_len  278.4 (n=357) | pg -0.011 vf 297.065 kl 0.0126 lr 1.7e-04
it 1089 steps 107053056 sps   27,389 | ep_ret -311.06 ep_len  278.6 (n=351) | pg -0.011 vf 297.806 kl 0.0118 lr 1.7e-04
it 1090 steps 107151360 sps   27,388 | ep_ret -312.88 ep_len  297.2 (n=366) | pg -0.004 vf 297.537 kl 0.0126 lr 5.1e-05
it 1091 steps 107249664 sps   27,387 | ep_ret -314.10 ep_len  287.2 (n=324) | pg -0.010 vf 272.872 kl 0.0113 lr 1.1e-04
it 1092 steps 107347968 sps   27,386 | ep_ret -317.02 ep_len  290.9 (n=329) | pg -0.009 vf 290.230 kl 0.0138 lr 1.7e-04 | blown 1 dropped 0
it 1093 steps 107446272 sps   27,385 | ep_ret -314.92 ep_len  293.2 (n=361) | pg -0.008 vf 296.793 kl 0.0149 lr 1.1e-04 | blown 1 dropped 0
it 1094 steps 107544576 sps   27,384 | ep_ret -316.48 ep_len  292.0 (n=359) | pg -0.008 vf 297.322 kl 0.0141 lr 1.1e-04 | blown 1 dropped 0
it 1095 steps 107642880 sps   27,383 | ep_ret -314.22 ep_len  299.1 (n=336) | pg -0.009 vf 287.333 kl 0.0120 lr 7.6e-05
it 1096 steps 107741184 sps   27,382 | ep_ret -306.17 ep_len  264.1 (n=365) | pg -0.009 vf 303.127 kl 0.0100 lr 1.1e-04 | blown 1 dropped 0
it 1097 steps 107839488 sps   27,381 | ep_ret -315.37 ep_len  299.2 (n=358) | pg -0.011 vf 297.299 kl 0.0150 lr 7.6e-05 | blown 1 dropped 0
it 1098 steps 107937792 sps   27,380 | ep_ret -317.51 ep_len  286.6 (n=359) | pg -0.011 vf 307.025 kl 0.0111 lr 1.7e-04
it 1099 steps 108036096 sps   27,379 | ep_ret -308.19 ep_len  278.8 (n=358) | pg -0.010 vf 292.029 kl 0.0160 lr 7.6e-05
it 1100 steps 108134400 sps   27,378 | ep_ret -313.49 ep_len  276.6 (n=359) | pg -0.011 vf 314.544 kl 0.0109 lr 1.7e-04 | blown 2 dropped 0
it 1101 steps 108232704 sps   27,377 | ep_ret -312.65 ep_len  290.7 (n=370) | pg -0.009 vf 295.322 kl 0.0160 lr 1.7e-04 | blown 1 dropped 0
it 1102 steps 108331008 sps   27,376 | ep_ret -306.98 ep_len  265.3 (n=382) | pg -0.013 vf 304.752 kl 0.0155 lr 1.1e-04
it 1103 steps 108429312 sps   27,375 | ep_ret -313.74 ep_len  284.9 (n=368) | pg -0.009 vf 309.299 kl 0.0139 lr 1.7e-04
it 1104 steps 108527616 sps   27,374 | ep_ret -310.82 ep_len  276.6 (n=349) | pg -0.010 vf 304.955 kl 0.0165 lr 2.6e-04
it 1105 steps 108625920 sps   27,373 | ep_ret -311.08 ep_len  277.0 (n=394) | pg -0.006 vf 309.350 kl 0.0133 lr 1.1e-04
it 1106 steps 108724224 sps   27,372 | ep_ret -311.97 ep_len  285.4 (n=335) | pg -0.013 vf 300.382 kl 0.0147 lr 1.1e-04
it 1107 steps 108822528 sps   27,371 | ep_ret -316.46 ep_len  286.9 (n=355) | pg -0.011 vf 304.397 kl 0.0145 lr 1.1e-04
it 1108 steps 108920832 sps   27,370 | ep_ret -311.32 ep_len  274.8 (n=347) | pg -0.012 vf 290.116 kl 0.0144 lr 1.1e-04
it 1109 steps 109019136 sps   27,369 | ep_ret -309.17 ep_len  272.2 (n=355) | pg -0.010 vf 300.476 kl 0.0142 lr 1.7e-04
it 1110 steps 109117440 sps   27,368 | ep_ret -306.12 ep_len  252.3 (n=341) | pg -0.010 vf 302.582 kl 0.0153 lr 1.7e-04 | blown 2 dropped 0
it 1111 steps 109215744 sps   27,367 | ep_ret -310.03 ep_len  277.6 (n=381) | pg -0.012 vf 310.905 kl 0.0132 lr 2.6e-04 | blown 2 dropped 0
it 1112 steps 109314048 sps   27,366 | ep_ret -309.97 ep_len  271.5 (n=370) | pg -0.010 vf 316.186 kl 0.0158 lr 2.6e-04
it 1113 steps 109412352 sps   27,365 | ep_ret -318.99 ep_len  292.9 (n=382) | pg -0.010 vf 301.798 kl 0.0150 lr 7.6e-05 | blown 2 dropped 0
it 1114 steps 109510656 sps   27,364 | ep_ret -314.83 ep_len  280.6 (n=344) | pg -0.013 vf 291.445 kl 0.0126 lr 1.7e-04 | blown 1 dropped 0
it 1115 steps 109608960 sps   27,363 | ep_ret -311.12 ep_len  267.7 (n=378) | pg -0.011 vf 313.768 kl 0.0152 lr 1.1e-04
it 1116 steps 109707264 sps   27,362 | ep_ret -308.36 ep_len  270.8 (n=383) | pg -0.011 vf 298.214 kl 0.0147 lr 1.1e-04
it 1117 steps 109805568 sps   27,361 | ep_ret -309.97 ep_len  272.6 (n=356) | pg -0.010 vf 309.682 kl 0.0127 lr 1.7e-04
it 1118 steps 109903872 sps   27,360 | ep_ret -315.60 ep_len  281.9 (n=411) | pg -0.010 vf 315.666 kl 0.0145 lr 1.7e-04 | blown 1 dropped 0
it 1119 steps 110002176 sps   27,359 | ep_ret -316.35 ep_len  271.2 (n=372) | pg -0.009 vf 376.677 kl 0.0153 lr 1.7e-04 | blown 2 dropped 0
it 1120 steps 110100480 sps   27,358 | ep_ret -314.03 ep_len  278.4 (n=360) | pg -0.012 vf 309.177 kl 0.0138 lr 1.7e-04
it 1121 steps 110198784 sps   27,357 | ep_ret -304.73 ep_len  245.3 (n=359) | pg -0.011 vf 300.753 kl 0.0148 lr 1.1e-04 | blown 1 dropped 0
it 1122 steps 110297088 sps   27,356 | ep_ret -311.88 ep_len  276.1 (n=403) | pg -0.011 vf 307.840 kl 0.0144 lr 1.1e-04
it 1123 steps 110395392 sps   27,355 | ep_ret -303.35 ep_len  237.3 (n=376) | pg -0.012 vf 321.649 kl 0.0154 lr 1.1e-04 | blown 1 dropped 0
it 1124 steps 110493696 sps   27,354 | ep_ret -310.70 ep_len  264.7 (n=369) | pg -0.011 vf 301.952 kl 0.0125 lr 1.7e-04
it 1125 steps 110592000 sps   27,353 | ep_ret -314.23 ep_len  274.6 (n=397) | pg -0.011 vf 308.600 kl 0.0128 lr 2.6e-04
it 1126 steps 110690304 sps   27,352 | ep_ret -309.44 ep_len  256.3 (n=396) | pg -0.012 vf 315.276 kl 0.0167 lr 1.7e-04 | blown 2 dropped 0
it 1127 steps 110788608 sps   27,351 | ep_ret -301.20 ep_len  244.8 (n=374) | pg -0.008 vf 310.758 kl 0.0154 lr 1.1e-04 | blown 1 dropped 0
it 1128 steps 110886912 sps   27,350 | ep_ret -308.83 ep_len  255.7 (n=359) | pg -0.010 vf 295.874 kl 0.0148 lr 1.7e-04
it 1129 steps 110985216 sps   27,349 | ep_ret -311.30 ep_len  254.9 (n=359) | pg -0.010 vf 293.825 kl 0.0163 lr 7.6e-05
it 1130 steps 111083520 sps   27,348 | ep_ret -316.95 ep_len  273.9 (n=378) | pg -0.009 vf 289.266 kl 0.0139 lr 1.1e-04 | blown 1 dropped 0
it 1131 steps 111181824 sps   27,347 | ep_ret -319.66 ep_len  278.0 (n=350) | pg -0.011 vf 300.158 kl 0.0134 lr 1.7e-04 | blown 1 dropped 0
it 1132 steps 111280128 sps   27,346 | ep_ret -310.13 ep_len  260.3 (n=366) | pg -0.010 vf 291.048 kl 0.0166 lr 3.4e-05 | blown 2 dropped 0
it 1133 steps 111378432 sps   27,345 | ep_ret -318.00 ep_len  268.3 (n=340) | pg -0.008 vf 293.700 kl 0.0083 lr 7.6e-05 | blown 1 dropped 0
it 1134 steps 111476736 sps   27,344 | ep_ret -312.83 ep_len  271.1 (n=376) | pg -0.013 vf 293.451 kl 0.0133 lr 1.1e-04
it 1135 steps 111575040 sps   27,343 | ep_ret -311.59 ep_len  257.9 (n=384) | pg -0.008 vf 291.226 kl 0.0149 lr 1.1e-04
it 1136 steps 111673344 sps   27,342 | ep_ret -316.81 ep_len  278.3 (n=373) | pg -0.010 vf 287.808 kl 0.0162 lr 5.1e-05
it 1137 steps 111771648 sps   27,341 | ep_ret -317.43 ep_len  268.8 (n=397) | pg -0.006 vf 336.635 kl 0.0118 lr 7.6e-05 | blown 1 dropped 0
it 1138 steps 111869952 sps   27,340 | ep_ret -321.19 ep_len  277.0 (n=379) | pg -0.011 vf 287.841 kl 0.0141 lr 7.6e-05
it 1139 steps 111968256 sps   27,339 | ep_ret -318.64 ep_len  278.8 (n=362) | pg -0.009 vf 296.078 kl 0.0137 lr 7.6e-05
it 1140 steps 112066560 sps   27,339 | ep_ret -311.47 ep_len  254.7 (n=391) | pg -0.011 vf 294.089 kl 0.0114 lr 1.7e-04
it 1141 steps 112164864 sps   27,338 | ep_ret -312.77 ep_len  258.8 (n=384) | pg -0.012 vf 297.283 kl 0.0147 lr 1.1e-04
it 1142 steps 112263168 sps   27,337 | ep_ret -323.08 ep_len  294.5 (n=376) | pg -0.011 vf 300.604 kl 0.0131 lr 1.1e-04
it 1143 steps 112361472 sps   27,336 | ep_ret -317.21 ep_len  272.3 (n=381) | pg -0.011 vf 294.510 kl 0.0149 lr 1.1e-04
it 1144 steps 112459776 sps   27,335 | ep_ret -304.45 ep_len  233.8 (n=359) | pg -0.012 vf 304.287 kl 0.0122 lr 1.7e-04 | blown 1 dropped 0
it 1145 steps 112558080 sps   27,334 | ep_ret -313.23 ep_len  265.0 (n=383) | pg -0.012 vf 285.895 kl 0.0147 lr 1.7e-04 | blown 1 dropped 0
it 1146 steps 112656384 sps   27,333 | ep_ret -315.35 ep_len  259.6 (n=407) | pg -0.012 vf 321.293 kl 0.0164 lr 1.7e-04 | blown 1 dropped 0
it 1147 steps 112754688 sps   27,332 | ep_ret -318.02 ep_len  270.0 (n=376) | pg -0.010 vf 294.690 kl 0.0149 lr 1.7e-04
it 1148 steps 112852992 sps   27,330 | ep_ret -309.66 ep_len  249.2 (n=401) | pg -0.009 vf 323.437 kl 0.0160 lr 7.6e-05
it 1149 steps 112951296 sps   27,330 | ep_ret -316.73 ep_len  272.3 (n=404) | pg -0.013 vf 297.827 kl 0.0117 lr 1.7e-04
it 1150 steps 113049600 sps   27,328 | ep_ret -315.45 ep_len  256.4 (n=406) | pg -0.012 vf 314.265 kl 0.0148 lr 2.6e-04 | blown 1 dropped 0
it 1151 steps 113147904 sps   27,327 | ep_ret -308.25 ep_len  240.6 (n=387) | pg -0.011 vf 298.367 kl 0.0156 lr 3.8e-04 | blown 1 dropped 0
it 1152 steps 113246208 sps   27,326 | ep_ret -307.88 ep_len  241.6 (n=422) | pg -0.003 vf 318.455 kl 0.0166 lr 5.1e-05
it 1153 steps 113344512 sps   27,325 | ep_ret -314.72 ep_len  251.1 (n=414) | pg -0.011 vf 316.536 kl 0.0083 lr 1.1e-04 | blown 1 dropped 0
it 1154 steps 113442816 sps   27,324 | ep_ret -310.62 ep_len  254.0 (n=420) | pg -0.011 vf 316.609 kl 0.0160 lr 1.1e-04
it 1155 steps 113541120 sps   27,323 | ep_ret -313.02 ep_len  252.1 (n=425) | pg -0.012 vf 310.407 kl 0.0122 lr 1.7e-04 | blown 1 dropped 0
it 1156 steps 113639424 sps   27,322 | ep_ret -316.97 ep_len  262.8 (n=390) | pg -0.009 vf 300.090 kl 0.0146 lr 7.6e-05 | blown 1 dropped 0
it 1157 steps 113737728 sps   27,321 | ep_ret -306.69 ep_len  231.0 (n=408) | pg -0.010 vf 332.895 kl 0.0125 lr 1.7e-04 | blown 2 dropped 0
it 1158 steps 113836032 sps   27,320 | ep_ret -309.05 ep_len  240.0 (n=416) | pg -0.011 vf 307.162 kl 0.0139 lr 2.6e-04 | blown 1 dropped 0
it 1159 steps 113934336 sps   27,319 | ep_ret -312.42 ep_len  249.3 (n=424) | pg -0.008 vf 310.450 kl 0.0122 lr 1.7e-04 | blown 1 dropped 0
it 1160 steps 114032640 sps   27,318 | ep_ret -310.33 ep_len  240.8 (n=416) | pg -0.012 vf 313.166 kl 0.0127 lr 2.6e-04
it 1161 steps 114130944 sps   27,318 | ep_ret -308.74 ep_len  239.4 (n=434) | pg -0.012 vf 327.249 kl 0.0161 lr 1.7e-04
it 1162 steps 114229248 sps   27,317 | ep_ret -310.95 ep_len  243.6 (n=446) | pg -0.012 vf 321.676 kl 0.0155 lr 7.6e-05
it 1163 steps 114327552 sps   27,316 | ep_ret -310.05 ep_len  241.6 (n=399) | pg -0.011 vf 297.096 kl 0.0108 lr 1.7e-04
it 1164 steps 114425856 sps   27,315 | ep_ret -302.71 ep_len  219.9 (n=412) | pg -0.011 vf 307.733 kl 0.0152 lr 1.1e-04
it 1165 steps 114524160 sps   27,314 | ep_ret -303.92 ep_len  225.6 (n=405) | pg -0.011 vf 311.571 kl 0.0149 lr 1.1e-04
it 1166 steps 114622464 sps   27,313 | ep_ret -310.17 ep_len  243.5 (n=421) | pg -0.010 vf 327.598 kl 0.0121 lr 1.7e-04
it 1167 steps 114720768 sps   27,312 | ep_ret -314.62 ep_len  248.9 (n=442) | pg -0.008 vf 313.544 kl 0.0160 lr 3.4e-05
it 1168 steps 114819072 sps   27,311 | ep_ret -315.42 ep_len  249.9 (n=436) | pg 0.003 vf 313.867 kl 0.0158 lr 1.0e-05
it 1169 steps 114917376 sps   27,310 | ep_ret -308.94 ep_len  234.0 (n=380) | pg -0.002 vf 284.781 kl 0.0097 lr 3.4e-05
it 1170 steps 115015680 sps   27,309 | ep_ret -306.11 ep_len  227.5 (n=464) | pg -0.004 vf 309.568 kl 0.0127 lr 5.1e-05
it 1171 steps 115113984 sps   27,308 | ep_ret -305.16 ep_len  227.8 (n=403) | pg -0.010 vf 302.275 kl 0.0092 lr 1.1e-04
it 1172 steps 115212288 sps   27,307 | ep_ret -309.77 ep_len  239.7 (n=446) | pg -0.011 vf 302.105 kl 0.0153 lr 2.6e-04 | blown 1 dropped 0
it 1173 steps 115310592 sps   27,306 | ep_ret -304.08 ep_len  225.3 (n=416) | pg -0.012 vf 300.466 kl 0.0144 lr 1.7e-04
it 1174 steps 115408896 sps   27,305 | ep_ret -309.68 ep_len  236.9 (n=434) | pg -0.013 vf 300.082 kl 0.0135 lr 1.7e-04
it 1175 steps 115507200 sps   27,304 | ep_ret -318.07 ep_len  247.7 (n=392) | pg -0.008 vf 289.934 kl 0.0142 lr 1.1e-04 | blown 1 dropped 0
it 1176 steps 115605504 sps   27,303 | ep_ret -310.10 ep_len  240.3 (n=439) | pg -0.010 vf 310.265 kl 0.0112 lr 1.7e-04
it 1177 steps 115703808 sps   27,302 | ep_ret -307.55 ep_len  236.3 (n=425) | pg -0.013 vf 303.268 kl 0.0157 lr 1.7e-04
it 1178 steps 115802112 sps   27,301 | ep_ret -308.91 ep_len  229.6 (n=421) | pg -0.011 vf 280.208 kl 0.0145 lr 7.6e-05 | blown 2 dropped 0
it 1179 steps 115900416 sps   27,300 | ep_ret -319.37 ep_len  256.4 (n=401) | pg -0.012 vf 292.896 kl 0.0121 lr 1.7e-04
it 1180 steps 115998720 sps   27,299 | ep_ret -307.72 ep_len  232.0 (n=426) | pg -0.010 vf 297.877 kl 0.0147 lr 1.7e-04
it 1181 steps 116097024 sps   27,298 | ep_ret -311.28 ep_len  236.6 (n=397) | pg -0.010 vf 292.319 kl 0.0163 lr 7.6e-05
it 1182 steps 116195328 sps   27,297 | ep_ret -310.13 ep_len  231.1 (n=436) | pg -0.013 vf 285.759 kl 0.0113 lr 1.7e-04
it 1183 steps 116293632 sps   27,296 | ep_ret -304.64 ep_len  219.4 (n=419) | pg -0.010 vf 300.582 kl 0.0158 lr 1.7e-04
it 1184 steps 116391936 sps   27,295 | ep_ret -317.97 ep_len  250.8 (n=426) | pg -0.013 vf 292.422 kl 0.0152 lr 1.1e-04
it 1185 steps 116490240 sps   27,294 | ep_ret -305.19 ep_len  215.7 (n=441) | pg -0.008 vf 307.267 kl 0.0127 lr 7.6e-05
it 1186 steps 116588544 sps   27,293 | ep_ret -309.46 ep_len  225.9 (n=423) | pg -0.013 vf 299.960 kl 0.0130 lr 1.7e-04
it 1187 steps 116686848 sps   27,292 | ep_ret -307.60 ep_len  231.3 (n=432) | pg -0.013 vf 302.449 kl 0.0149 lr 7.6e-05
it 1188 steps 116785152 sps   27,291 | ep_ret -309.27 ep_len  231.0 (n=414) | pg -0.013 vf 304.866 kl 0.0108 lr 1.7e-04 | blown 1 dropped 0
it 1189 steps 116883456 sps   27,290 | ep_ret -303.60 ep_len  218.1 (n=433) | pg -0.011 vf 308.341 kl 0.0144 lr 1.7e-04
it 1190 steps 116981760 sps   27,289 | ep_ret -314.55 ep_len  238.8 (n=408) | pg -0.009 vf 300.253 kl 0.0147 lr 1.7e-04 | blown 1 dropped 0
it 1191 steps 117080064 sps   27,288 | ep_ret -306.86 ep_len  230.4 (n=420) | pg -0.007 vf 296.779 kl 0.0135 lr 1.1e-04
it 1192 steps 117178368 sps   27,287 | ep_ret -307.23 ep_len  223.5 (n=452) | pg -0.011 vf 315.125 kl 0.0132 lr 2.6e-04
it 1193 steps 117276672 sps   27,286 | ep_ret -315.29 ep_len  240.5 (n=431) | pg -0.012 vf 304.825 kl 0.0161 lr 1.1e-04
it 1194 steps 117374976 sps   27,285 | ep_ret -317.20 ep_len  241.6 (n=442) | pg -0.014 vf 313.464 kl 0.0130 lr 2.6e-04
it 1195 steps 117473280 sps   27,284 | ep_ret -307.28 ep_len  227.9 (n=428) | pg -0.011 vf 296.716 kl 0.0156 lr 1.7e-04
it 1196 steps 117571584 sps   27,283 | ep_ret -313.13 ep_len  239.7 (n=412) | pg -0.012 vf 295.866 kl 0.0159 lr 1.7e-04
it 1197 steps 117669888 sps   27,282 | ep_ret -302.32 ep_len  213.4 (n=445) | pg -0.012 vf 312.674 kl 0.0140 lr 2.6e-04
it 1198 steps 117768192 sps   27,281 | ep_ret -312.56 ep_len  236.7 (n=457) | pg -0.008 vf 302.333 kl 0.0171 lr 1.1e-04
it 1199 steps 117866496 sps   27,280 | ep_ret -310.20 ep_len  235.5 (n=427) | pg -0.013 vf 300.518 kl 0.0128 lr 1.1e-04
it 1200 steps 117964800 sps   27,280 | ep_ret -312.49 ep_len  234.1 (n=435) | pg -0.011 vf 308.310 kl 0.0136 lr 1.1e-04
it 1201 steps 118063104 sps   27,279 | ep_ret -307.45 ep_len  228.2 (n=447) | pg -0.008 vf 293.523 kl 0.0134 lr 1.1e-04
it 1202 steps 118161408 sps   27,278 | ep_ret -305.90 ep_len  224.7 (n=429) | pg -0.009 vf 298.274 kl 0.0141 lr 7.6e-05
it 1203 steps 118259712 sps   27,276 | ep_ret -307.41 ep_len  224.3 (n=429) | pg -0.012 vf 300.322 kl 0.0117 lr 1.7e-04
it 1204 steps 118358016 sps   27,275 | ep_ret -313.00 ep_len  231.5 (n=433) | pg -0.011 vf 303.168 kl 0.0147 lr 2.6e-04 | blown 2 dropped 0
it 1205 steps 118456320 sps   27,274 | ep_ret -310.31 ep_len  222.4 (n=424) | pg -0.011 vf 291.585 kl 0.0169 lr 1.7e-04
it 1206 steps 118554624 sps   27,273 | ep_ret -306.20 ep_len  222.5 (n=439) | pg -0.006 vf 308.024 kl 0.0138 lr 1.1e-04
it 1207 steps 118652928 sps   27,272 | ep_ret -314.90 ep_len  233.7 (n=483) | pg -0.007 vf 350.235 kl 0.0151 lr 1.7e-04 | blown 1 dropped 0
it 1208 steps 118751232 sps   27,271 | ep_ret -311.38 ep_len  220.5 (n=420) | pg -0.006 vf 470.399 kl 0.0155 lr 1.1e-04 | blown 1 dropped 0
it 1209 steps 118849536 sps   27,270 | ep_ret -300.58 ep_len  208.9 (n=448) | pg -0.012 vf 294.152 kl 0.0131 lr 1.7e-04
it 1210 steps 118947840 sps   27,269 | ep_ret -310.18 ep_len  226.6 (n=436) | pg -0.010 vf 285.942 kl 0.0138 lr 1.7e-04
it 1211 steps 119046144 sps   27,268 | ep_ret -303.86 ep_len  212.8 (n=434) | pg -0.010 vf 309.650 kl 0.0154 lr 2.6e-04
it 1212 steps 119144448 sps   27,267 | ep_ret -312.86 ep_len  227.7 (n=490) | pg -0.014 vf 312.573 kl 0.0166 lr 5.1e-05
it 1213 steps 119242752 sps   27,266 | ep_ret -317.05 ep_len  233.3 (n=435) | pg -0.011 vf 292.675 kl 0.0119 lr 1.1e-04
it 1214 steps 119341056 sps   27,266 | ep_ret -312.19 ep_len  231.5 (n=438) | pg -0.009 vf 303.156 kl 0.0135 lr 1.7e-04
it 1215 steps 119439360 sps   27,265 | ep_ret -307.36 ep_len  217.8 (n=420) | pg -0.007 vf 292.816 kl 0.0118 lr 1.1e-04
it 1216 steps 119537664 sps   27,264 | ep_ret -316.46 ep_len  237.0 (n=486) | pg -0.011 vf 311.273 kl 0.0137 lr 2.6e-04
it 1217 steps 119635968 sps   27,263 | ep_ret -302.31 ep_len  207.4 (n=465) | pg -0.013 vf 308.781 kl 0.0147 lr 1.1e-04
it 1218 steps 119734272 sps   27,262 | ep_ret -316.72 ep_len  239.2 (n=401) | pg -0.013 vf 293.482 kl 0.0147 lr 1.1e-04 | blown 1 dropped 0
it 1219 steps 119832576 sps   27,261 | ep_ret -307.77 ep_len  214.0 (n=468) | pg -0.008 vf 299.636 kl 0.0151 lr 1.1e-04 | blown 1 dropped 0
it 1220 steps 119930880 sps   27,260 | ep_ret -312.69 ep_len  228.1 (n=461) | pg -0.010 vf 316.912 kl 0.0135 lr 2.6e-04
it 1221 steps 120029184 sps   27,259 | ep_ret -310.32 ep_len  222.2 (n=468) | pg -0.009 vf 304.827 kl 0.0175 lr 5.1e-05 | blown 1 dropped 0
it 1222 steps 120127488 sps   27,258 | ep_ret -308.61 ep_len  213.0 (n=426) | pg -0.012 vf 280.498 kl 0.0136 lr 1.1e-04
it 1223 steps 120225792 sps   27,257 | ep_ret -311.75 ep_len  225.2 (n=417) | pg -0.011 vf 285.301 kl 0.0159 lr 7.6e-05
it 1224 steps 120324096 sps   27,256 | ep_ret -314.15 ep_len  224.2 (n=513) | pg -0.014 vf 335.141 kl 0.0122 lr 1.7e-04 | blown 2 dropped 0
it 1225 steps 120422400 sps   27,255 | ep_ret -310.89 ep_len  221.6 (n=459) | pg -0.013 vf 297.435 kl 0.0140 lr 2.6e-04
it 1226 steps 120520704 sps   27,254 | ep_ret -320.13 ep_len  239.0 (n=421) | pg -0.009 vf 295.579 kl 0.0158 lr 1.1e-04 | blown 1 dropped 0
it 1227 steps 120619008 sps   27,253 | ep_ret -309.39 ep_len  211.6 (n=448) | pg -0.011 vf 290.056 kl 0.0160 lr 1.1e-04
it 1228 steps 120717312 sps   27,252 | ep_ret -309.88 ep_len  217.3 (n=449) | pg -0.014 vf 306.312 kl 0.0137 lr 1.1e-04 | blown 2 dropped 0
it 1229 steps 120815616 sps   27,251 | ep_ret -310.91 ep_len  221.7 (n=449) | pg -0.013 vf 284.005 kl 0.0156 lr 1.1e-04
it 1230 steps 120913920 sps   27,250 | ep_ret -307.77 ep_len  211.4 (n=470) | pg -0.008 vf 298.714 kl 0.0157 lr 7.6e-05
it 1231 steps 121012224 sps   27,249 | ep_ret -311.26 ep_len  220.4 (n=430) | pg -0.011 vf 310.869 kl 0.0112 lr 1.7e-04 | blown 1 dropped 0
it 1232 steps 121110528 sps   27,248 | ep_ret -314.31 ep_len  219.6 (n=476) | pg -0.011 vf 297.247 kl 0.0145 lr 7.6e-05 | blown 1 dropped 0
it 1233 steps 121208832 sps   27,247 | ep_ret -309.99 ep_len  213.9 (n=464) | pg -0.011 vf 310.948 kl 0.0123 lr 1.7e-04 | blown 2 dropped 0
it 1234 steps 121307136 sps   27,246 | ep_ret -309.59 ep_len  209.2 (n=464) | pg -0.009 vf 288.445 kl 0.0146 lr 1.1e-04
it 1235 steps 121405440 sps   27,245 | ep_ret -308.78 ep_len  209.9 (n=494) | pg -0.010 vf 311.039 kl 0.0145 lr 1.1e-04
it 1236 steps 121503744 sps   27,244 | ep_ret -311.20 ep_len  217.6 (n=476) | pg -0.007 vf 306.710 kl 0.0120 lr 1.7e-04 | blown 1 dropped 0
it 1237 steps 121602048 sps   27,243 | ep_ret -311.51 ep_len  216.9 (n=474) | pg -0.015 vf 301.415 kl 0.0167 lr 1.1e-04
it 1238 steps 121700352 sps   27,242 | ep_ret -309.64 ep_len  207.6 (n=425) | pg -0.011 vf 279.970 kl 0.0141 lr 1.1e-04
it 1239 steps 121798656 sps   27,241 | ep_ret -310.29 ep_len  214.5 (n=448) | pg -0.010 vf 289.288 kl 0.0127 lr 1.7e-04
it 1240 steps 121896960 sps   27,240 | ep_ret -310.91 ep_len  211.9 (n=477) | pg -0.012 vf 304.457 kl 0.0132 lr 2.6e-04
it 1241 steps 121995264 sps   27,239 | ep_ret -311.86 ep_len  217.2 (n=463) | pg -0.011 vf 288.250 kl 0.0172 lr 1.7e-04
it 1242 steps 122093568 sps   27,238 | ep_ret -312.27 ep_len  214.1 (n=465) | pg -0.011 vf 289.221 kl 0.0164 lr 5.1e-05
it 1243 steps 122191872 sps   27,237 | ep_ret -309.35 ep_len  208.2 (n=486) | pg -0.012 vf 298.132 kl 0.0128 lr 1.7e-04
it 1244 steps 122290176 sps   27,236 | ep_ret -309.15 ep_len  207.9 (n=477) | pg -0.012 vf 306.342 kl 0.0156 lr 1.7e-04
it 1245 steps 122388480 sps   27,235 | ep_ret -312.37 ep_len  213.4 (n=529) | pg -0.014 vf 316.383 kl 0.0159 lr 1.7e-04 | blown 1 dropped 0
it 1246 steps 122486784 sps   27,234 | ep_ret -308.86 ep_len  206.5 (n=481) | pg -0.011 vf 301.695 kl 0.0143 lr 1.1e-04
it 1247 steps 122585088 sps   27,233 | ep_ret -308.16 ep_len  207.1 (n=475) | pg -0.014 vf 297.745 kl 0.0156 lr 1.7e-04
it 1248 steps 122683392 sps   27,232 | ep_ret -307.98 ep_len  200.7 (n=510) | pg -0.005 vf 384.137 kl 0.0165 lr 5.1e-05 | blown 2 dropped 0
it 1249 steps 122781696 sps   27,231 | ep_ret -305.65 ep_len  201.5 (n=493) | pg -0.014 vf 296.993 kl 0.0114 lr 1.7e-04
it 1250 steps 122880000 sps   27,230 | ep_ret -307.66 ep_len  201.8 (n=471) | pg -0.009 vf 286.142 kl 0.0154 lr 5.1e-05 | blown 1 dropped 0
it 1251 steps 122978304 sps   27,229 | ep_ret -303.41 ep_len  194.8 (n=496) | pg -0.012 vf 304.246 kl 0.0111 lr 1.7e-04 | blown 1 dropped 0
it 1252 steps 123076608 sps   27,228 | ep_ret -308.50 ep_len  209.8 (n=464) | pg -0.014 vf 289.534 kl 0.0143 lr 2.6e-04
it 1253 steps 123174912 sps   27,227 | ep_ret -313.32 ep_len  210.3 (n=444) | pg -0.011 vf 297.193 kl 0.0157 lr 1.7e-04 | blown 1 dropped 0
it 1254 steps 123273216 sps   27,227 | ep_ret -308.14 ep_len  201.8 (n=532) | pg -0.012 vf 322.881 kl 0.0151 lr 1.7e-04
it 1255 steps 123371520 sps   27,226 | ep_ret -314.68 ep_len  214.3 (n=486) | pg -0.011 vf 302.431 kl 0.0139 lr 1.1e-04
it 1256 steps 123469824 sps   27,225 | ep_ret -308.41 ep_len  198.6 (n=512) | pg -0.011 vf 307.445 kl 0.0135 lr 2.6e-04
it 1257 steps 123568128 sps   27,224 | ep_ret -311.71 ep_len  210.5 (n=484) | pg -0.009 vf 294.020 kl 0.0152 lr 1.1e-04
it 1258 steps 123666432 sps   27,223 | ep_ret -305.47 ep_len  196.4 (n=491) | pg -0.008 vf 309.356 kl 0.0134 lr 1.1e-04 | blown 1 dropped 0
it 1259 steps 123764736 sps   27,222 | ep_ret -305.39 ep_len  192.5 (n=479) | pg -0.013 vf 293.394 kl 0.0146 lr 1.7e-04
it 1260 steps 123863040 sps   27,221 | ep_ret -312.03 ep_len  208.3 (n=483) | pg -0.011 vf 299.685 kl 0.0171 lr 3.4e-05
it 1261 steps 123961344 sps   27,220 | ep_ret -319.29 ep_len  221.1 (n=499) | pg -0.006 vf 364.149 kl 0.0117 lr 7.6e-05 | blown 1 dropped 0
it 1262 steps 124059648 sps   27,219 | ep_ret -312.97 ep_len  208.6 (n=509) | pg -0.008 vf 327.849 kl 0.0136 lr 7.6e-05 | blown 3 dropped 0
it 1263 steps 124157952 sps   27,219 | ep_ret -309.58 ep_len  198.9 (n=523) | pg -0.011 vf 304.672 kl 0.0130 lr 1.7e-04
it 1264 steps 124256256 sps   27,218 | ep_ret -309.32 ep_len  200.8 (n=486) | pg -0.011 vf 292.333 kl 0.0154 lr 1.1e-04
it 1265 steps 124354560 sps   27,217 | ep_ret -308.09 ep_len  197.4 (n=503) | pg -0.011 vf 305.601 kl 0.0133 lr 1.7e-04
it 1266 steps 124452864 sps   27,216 | ep_ret -302.91 ep_len  189.3 (n=493) | pg -0.013 vf 296.843 kl 0.0150 lr 1.7e-04
it 1267 steps 124551168 sps   27,215 | ep_ret -305.36 ep_len  194.5 (n=505) | pg -0.010 vf 298.505 kl 0.0155 lr 1.1e-04
it 1268 steps 124649472 sps   27,214 | ep_ret -309.15 ep_len  197.0 (n=490) | pg -0.012 vf 301.607 kl 0.0139 lr 1.1e-04
it 1269 steps 124747776 sps   27,213 | ep_ret -311.13 ep_len  205.4 (n=514) | pg -0.010 vf 310.658 kl 0.0134 lr 1.7e-04
it 1270 steps 124846080 sps   27,212 | ep_ret -307.48 ep_len  196.0 (n=505) | pg -0.013 vf 305.506 kl 0.0134 lr 2.6e-04
it 1271 steps 124944384 sps   27,211 | ep_ret -303.59 ep_len  186.1 (n=537) | pg -0.012 vf 323.273 kl 0.0154 lr 7.6e-05
it 1272 steps 125042688 sps   27,210 | ep_ret -302.37 ep_len  186.7 (n=519) | pg -0.014 vf 305.305 kl 0.0138 lr 1.7e-04
it 1273 steps 125140992 sps   27,209 | ep_ret -307.94 ep_len  194.5 (n=527) | pg -0.013 vf 302.209 kl 0.0151 lr 1.7e-04 | blown 2 dropped 0
it 1274 steps 125239296 sps   27,208 | ep_ret -312.07 ep_len  199.2 (n=515) | pg -0.011 vf 291.128 kl 0.0152 lr 1.7e-04 | blown 1 dropped 0
it 1275 steps 125337600 sps   27,208 | ep_ret -311.25 ep_len  199.5 (n=465) | pg -0.012 vf 284.258 kl 0.0161 lr 1.1e-04
it 1276 steps 125435904 sps   27,207 | ep_ret -316.30 ep_len  205.5 (n=541) | pg -0.013 vf 316.512 kl 0.0162 lr 1.1e-04 | blown 2 dropped 0
it 1277 steps 125534208 sps   27,206 | ep_ret -309.09 ep_len  196.0 (n=524) | pg -0.013 vf 297.853 kl 0.0135 lr 2.6e-04 | blown 1 dropped 0
it 1278 steps 125632512 sps   27,205 | ep_ret -307.04 ep_len  190.0 (n=485) | pg -0.012 vf 291.677 kl 0.0148 lr 1.7e-04 | blown 1 dropped 0
it 1279 steps 125730816 sps   27,204 | ep_ret -310.88 ep_len  198.3 (n=538) | pg -0.012 vf 297.257 kl 0.0150 lr 1.1e-04
it 1280 steps 125829120 sps   27,203 | ep_ret -312.90 ep_len  195.5 (n=533) | pg -0.009 vf 302.746 kl 0.0132 lr 1.7e-04 | blown 1 dropped 0
it 1281 steps 125927424 sps   27,202 | ep_ret -310.70 ep_len  197.9 (n=509) | pg -0.012 vf 298.902 kl 0.0137 lr 1.1e-04
it 1282 steps 126025728 sps   27,201 | ep_ret -306.97 ep_len  188.7 (n=538) | pg -0.013 vf 300.170 kl 0.0149 lr 2.6e-04 | blown 1 dropped 0
it 1283 steps 126124032 sps   27,200 | ep_ret -310.12 ep_len  195.4 (n=530) | pg -0.014 vf 309.848 kl 0.0147 lr 7.6e-05
it 1284 steps 126222336 sps   27,199 | ep_ret -312.95 ep_len  197.4 (n=540) | pg -0.014 vf 307.534 kl 0.0128 lr 1.1e-04 | blown 1 dropped 0
it 1285 steps 126320640 sps   27,198 | ep_ret -300.10 ep_len  173.2 (n=541) | pg -0.005 vf 320.548 kl 0.0145 lr 5.1e-05 | blown 1 dropped 0
it 1286 steps 126418944 sps   27,197 | ep_ret -314.98 ep_len  196.3 (n=549) | pg -0.006 vf 313.747 kl 0.0113 lr 7.6e-05 | blown 1 dropped 0
it 1287 steps 126517248 sps   27,197 | ep_ret -298.65 ep_len  172.5 (n=515) | pg -0.013 vf 289.269 kl 0.0107 lr 1.7e-04
it 1288 steps 126615552 sps   27,196 | ep_ret -307.37 ep_len  185.1 (n=493) | pg -0.012 vf 276.102 kl 0.0165 lr 1.1e-04
it 1289 steps 126713856 sps   27,195 | ep_ret -302.51 ep_len  176.8 (n=544) | pg -0.013 vf 301.612 kl 0.0128 lr 2.6e-04
it 1290 steps 126812160 sps   27,194 | ep_ret -307.66 ep_len  185.9 (n=548) | pg -0.013 vf 285.961 kl 0.0172 lr 1.7e-04
it 1291 steps 126910464 sps   27,193 | ep_ret -305.50 ep_len  187.1 (n=545) | pg -0.013 vf 298.886 kl 0.0148 lr 1.1e-04
it 1292 steps 127008768 sps   27,192 | ep_ret -305.75 ep_len  181.8 (n=507) | pg -0.010 vf 283.042 kl 0.0153 lr 7.6e-05
it 1293 steps 127107072 sps   27,191 | ep_ret -310.03 ep_len  188.3 (n=528) | pg -0.009 vf 284.186 kl 0.0142 lr 5.1e-05
it 1294 steps 127205376 sps   27,190 | ep_ret -312.08 ep_len  191.7 (n=517) | pg -0.013 vf 291.972 kl 0.0142 lr 1.1e-04
it 1295 steps 127303680 sps   27,189 | ep_ret -305.59 ep_len  181.5 (n=556) | pg -0.013 vf 303.927 kl 0.0145 lr 1.7e-04
it 1296 steps 127401984 sps   27,188 | ep_ret -311.15 ep_len  189.1 (n=533) | pg -0.008 vf 296.080 kl 0.0137 lr 1.7e-04 | blown 1 dropped 0
it 1297 steps 127500288 sps   27,187 | ep_ret -307.77 ep_len  181.3 (n=511) | pg -0.011 vf 292.162 kl 0.0150 lr 1.7e-04
it 1298 steps 127598592 sps   27,187 | ep_ret -308.86 ep_len  183.3 (n=540) | pg -0.010 vf 302.377 kl 0.0141 lr 1.1e-04
it 1299 steps 127696896 sps   27,186 | ep_ret -306.02 ep_len  181.2 (n=548) | pg -0.011 vf 307.035 kl 0.0138 lr 2.6e-04 | blown 1 dropped 0
it 1300 steps 127795200 sps   27,185 | ep_ret -306.92 ep_len  182.8 (n=554) | pg -0.007 vf 303.563 kl 0.0134 lr 7.6e-05
it 1301 steps 127893504 sps   27,184 | ep_ret -306.09 ep_len  180.5 (n=504) | pg -0.006 vf 286.768 kl 0.0114 lr 7.6e-05
it 1302 steps 127991808 sps   27,183 | ep_ret -302.96 ep_len  172.3 (n=564) | pg -0.008 vf 300.022 kl 0.0129 lr 1.1e-04
it 1303 steps 128090112 sps   27,182 | ep_ret -313.55 ep_len  188.6 (n=578) | pg -0.003 vf 310.328 kl 0.0136 lr 5.1e-05 | blown 3 dropped 0
it 1304 steps 128188416 sps   27,181 | ep_ret -317.30 ep_len  197.9 (n=590) | pg -0.008 vf 306.617 kl 0.0122 lr 1.1e-04 | blown 1 dropped 0
it 1305 steps 128286720 sps   27,180 | ep_ret -307.64 ep_len  182.1 (n=574) | pg -0.012 vf 299.535 kl 0.0148 lr 7.6e-05
it 1306 steps 128385024 sps   27,179 | ep_ret -305.75 ep_len  176.7 (n=539) | pg -0.012 vf 299.385 kl 0.0107 lr 1.7e-04
it 1307 steps 128483328 sps   27,178 | ep_ret -311.20 ep_len  186.8 (n=557) | pg -0.014 vf 299.241 kl 0.0145 lr 1.7e-04
it 1308 steps 128581632 sps   27,178 | ep_ret -309.61 ep_len  183.9 (n=555) | pg -0.012 vf 296.062 kl 0.0159 lr 1.1e-04
it 1309 steps 128679936 sps   27,177 | ep_ret -308.41 ep_len  180.6 (n=537) | pg -0.012 vf 292.113 kl 0.0141 lr 7.6e-05 | blown 1 dropped 0
it 1310 steps 128778240 sps   27,176 | ep_ret -312.91 ep_len  190.8 (n=586) | pg -0.010 vf 302.285 kl 0.0140 lr 1.1e-04
it 1311 steps 128876544 sps   27,175 | ep_ret -300.96 ep_len  167.5 (n=542) | pg -0.012 vf 292.605 kl 0.0138 lr 1.7e-04 | blown 1 dropped 0
it 1312 steps 128974848 sps   27,174 | ep_ret -305.73 ep_len  176.8 (n=502) | pg -0.013 vf 280.568 kl 0.0158 lr 1.1e-04
it 1313 steps 129073152 sps   27,173 | ep_ret -300.33 ep_len  169.1 (n=562) | pg -0.011 vf 302.212 kl 0.0120 lr 1.7e-04
it 1314 steps 129171456 sps   27,172 | ep_ret -303.28 ep_len  170.8 (n=572) | pg -0.011 vf 312.633 kl 0.0145 lr 1.1e-04
it 1315 steps 129269760 sps   27,171 | ep_ret -310.08 ep_len  180.5 (n=598) | pg -0.008 vf 314.483 kl 0.0130 lr 1.7e-04 | blown 2 dropped 0
it 1316 steps 129368064 sps   27,170 | ep_ret -309.97 ep_len  180.9 (n=552) | pg -0.005 vf 289.758 kl 0.0163 lr 5.1e-05 | blown 1 dropped 0
it 1317 steps 129466368 sps   27,169 | ep_ret -301.66 ep_len  166.1 (n=556) | pg -0.009 vf 293.243 kl 0.0123 lr 1.1e-04 | blown 1 dropped 0
it 1318 steps 129564672 sps   27,168 | ep_ret -300.22 ep_len  165.0 (n=544) | pg -0.010 vf 277.029 kl 0.0164 lr 7.6e-05 | blown 1 dropped 0
it 1319 steps 129662976 sps   27,167 | ep_ret -309.01 ep_len  176.7 (n=541) | pg -0.009 vf 280.614 kl 0.0124 lr 1.1e-04 | blown 2 dropped 0
it 1320 steps 129761280 sps   27,166 | ep_ret -313.59 ep_len  186.9 (n=574) | pg -0.012 vf 284.053 kl 0.0117 lr 1.1e-04
it 1321 steps 129859584 sps   27,165 | ep_ret -317.76 ep_len  194.3 (n=575) | pg -0.011 vf 300.215 kl 0.0153 lr 7.6e-05
it 1322 steps 129957888 sps   27,165 | ep_ret -306.94 ep_len  176.2 (n=570) | pg -0.014 vf 288.596 kl 0.0129 lr 2.6e-04 | blown 1 dropped 0
it 1323 steps 130056192 sps   27,164 | ep_ret -307.45 ep_len  175.8 (n=523) | pg -0.011 vf 271.133 kl 0.0173 lr 1.7e-04
it 1324 steps 130154496 sps   27,163 | ep_ret -308.38 ep_len  174.9 (n=597) | pg -0.009 vf 292.639 kl 0.0150 lr 1.7e-04
it 1325 steps 130252800 sps   27,162 | ep_ret -307.08 ep_len  171.8 (n=561) | pg -0.013 vf 286.603 kl 0.0147 lr 7.6e-05
it 1326 steps 130351104 sps   27,161 | ep_ret -308.27 ep_len  173.9 (n=600) | pg -0.014 vf 293.693 kl 0.0093 lr 1.7e-04
it 1327 steps 130449408 sps   27,160 | ep_ret -303.07 ep_len  165.1 (n=569) | pg -0.013 vf 298.303 kl 0.0155 lr 1.7e-04
it 1328 steps 130547712 sps   27,159 | ep_ret -315.37 ep_len  187.3 (n=604) | pg -0.014 vf 296.674 kl 0.0147 lr 2.6e-04
it 1329 steps 130646016 sps   27,158 | ep_ret -305.22 ep_len  170.2 (n=612) | pg -0.010 vf 302.961 kl 0.0159 lr 1.1e-04
it 1330 steps 130744320 sps   27,157 | ep_ret -307.00 ep_len  174.6 (n=596) | pg -0.011 vf 292.307 kl 0.0155 lr 1.1e-04
it 1331 steps 130842624 sps   27,156 | ep_ret -299.75 ep_len  161.1 (n=551) | pg -0.012 vf 272.649 kl 0.0150 lr 1.1e-04
it 1332 steps 130940928 sps   27,155 | ep_ret -308.16 ep_len  173.6 (n=594) | pg -0.012 vf 292.008 kl 0.0154 lr 1.1e-04
it 1333 steps 131039232 sps   27,154 | ep_ret -300.61 ep_len  160.8 (n=586) | pg -0.013 vf 286.062 kl 0.0116 lr 1.7e-04
it 1334 steps 131137536 sps   27,153 | ep_ret -304.21 ep_len  167.5 (n=574) | pg -0.014 vf 278.641 kl 0.0134 lr 2.6e-04 | blown 1 dropped 0
it 1335 steps 131235840 sps   27,153 | ep_ret -306.08 ep_len  170.2 (n=575) | pg -0.015 vf 292.288 kl 0.0164 lr 2.6e-04
it 1336 steps 131334144 sps   27,152 | ep_ret -313.34 ep_len  179.0 (n=541) | pg -0.013 vf 277.293 kl 0.0171 lr 1.7e-04 | blown 2 dropped 0
it 1337 steps 131432448 sps   27,151 | ep_ret -307.42 ep_len  173.1 (n=631) | pg -0.006 vf 308.297 kl 0.0195 lr 1.5e-05
it 1338 steps 131530752 sps   27,150 | ep_ret -305.02 ep_len  167.1 (n=562) | pg -0.009 vf 282.172 kl 0.0085 lr 7.6e-05
it 1339 steps 131629056 sps   27,149 | ep_ret -303.35 ep_len  162.5 (n=615) | pg -0.010 vf 293.391 kl 0.0109 lr 1.7e-04
it 1340 steps 131727360 sps   27,148 | ep_ret -307.15 ep_len  169.7 (n=563) | pg -0.010 vf 285.449 kl 0.0144 lr 1.7e-04
it 1341 steps 131825664 sps   27,147 | ep_ret -304.69 ep_len  169.4 (n=558) | pg -0.011 vf 285.319 kl 0.0135 lr 1.7e-04
it 1342 steps 131923968 sps   27,146 | ep_ret -308.53 ep_len  168.0 (n=612) | pg -0.014 vf 281.505 kl 0.0153 lr 1.7e-04
it 1343 steps 132022272 sps   27,146 | ep_ret -313.47 ep_len  176.7 (n=593) | pg -0.012 vf 281.506 kl 0.0143 lr 1.1e-04 | blown 3 dropped 0
it 1344 steps 132120576 sps   27,145 | ep_ret -309.94 ep_len  174.8 (n=607) | pg -0.009 vf 287.419 kl 0.0154 lr 7.6e-05
it 1345 steps 132218880 sps   27,144 | ep_ret -306.50 ep_len  168.1 (n=592) | pg -0.010 vf 282.773 kl 0.0136 lr 5.1e-05 | blown 1 dropped 0
it 1346 steps 132317184 sps   27,143 | ep_ret -304.12 ep_len  162.6 (n=622) | pg -0.009 vf 293.085 kl 0.0114 lr 1.1e-04
it 1347 steps 132415488 sps   27,142 | ep_ret -301.98 ep_len  157.8 (n=616) | pg -0.011 vf 288.319 kl 0.0144 lr 1.7e-04
it 1348 steps 132513792 sps   27,141 | ep_ret -310.57 ep_len  169.3 (n=614) | pg -0.007 vf 300.482 kl 0.0141 lr 1.7e-04 | blown 3 dropped 0
it 1349 steps 132612096 sps   27,140 | ep_ret -305.48 ep_len  165.9 (n=604) | pg -0.008 vf 281.214 kl 0.0133 lr 1.7e-04
it 1350 steps 132710400 sps   27,140 | ep_ret -303.40 ep_len  162.8 (n=625) | pg -0.008 vf 293.582 kl 0.0139 lr 1.1e-04
it 1351 steps 132808704 sps   27,139 | ep_ret -306.01 ep_len  168.2 (n=619) | pg -0.013 vf 281.903 kl 0.0155 lr 1.1e-04
it 1352 steps 132907008 sps   27,138 | ep_ret -301.56 ep_len  156.8 (n=611) | pg -0.006 vf 283.899 kl 0.0121 lr 7.6e-05
it 1353 steps 133005312 sps   27,137 | ep_ret -295.60 ep_len  148.6 (n=601) | pg -0.013 vf 290.694 kl 0.0143 lr 1.1e-04
it 1354 steps 133103616 sps   27,136 | ep_ret -305.72 ep_len  164.7 (n=635) | pg -0.010 vf 288.572 kl 0.0142 lr 1.1e-04
it 1355 steps 133201920 sps   27,135 | ep_ret -306.10 ep_len  164.0 (n=532) | pg -0.013 vf 271.523 kl 0.0166 lr 5.1e-05
it 1356 steps 133300224 sps   27,134 | ep_ret -307.34 ep_len  164.3 (n=607) | pg -0.009 vf 291.446 kl 0.0120 lr 1.1e-04 | blown 1 dropped 0
it 1357 steps 133398528 sps   27,133 | ep_ret -304.12 ep_len  159.0 (n=639) | pg -0.013 vf 295.226 kl 0.0148 lr 1.1e-04 | blown 1 dropped 0
it 1358 steps 133496832 sps   27,133 | ep_ret -307.04 ep_len  163.7 (n=610) | pg -0.014 vf 277.877 kl 0.0120 lr 2.6e-04
it 1359 steps 133595136 sps   27,132 | ep_ret -307.21 ep_len  166.6 (n=583) | pg -0.014 vf 279.078 kl 0.0152 lr 1.7e-04
it 1360 steps 133693440 sps   27,131 | ep_ret -308.81 ep_len  164.2 (n=592) | pg -0.011 vf 276.608 kl 0.0139 lr 2.6e-04 | blown 1 dropped 0
it 1361 steps 133791744 sps   27,130 | ep_ret -303.24 ep_len  158.1 (n=579) | pg -0.012 vf 272.588 kl 0.0181 lr 1.1e-04
it 1362 steps 133890048 sps   27,129 | ep_ret -308.26 ep_len  161.9 (n=645) | pg -0.011 vf 286.480 kl 0.0109 lr 1.7e-04 | blown 2 dropped 0
it 1363 steps 133988352 sps   27,128 | ep_ret -310.91 ep_len  168.0 (n=588) | pg -0.012 vf 270.590 kl 0.0143 lr 1.1e-04
it 1364 steps 134086656 sps   27,127 | ep_ret -316.92 ep_len  175.9 (n=605) | pg -0.013 vf 275.892 kl 0.0142 lr 1.7e-04
it 1365 steps 134184960 sps   27,127 | ep_ret -311.51 ep_len  168.1 (n=589) | pg -0.012 vf 271.270 kl 0.0139 lr 2.6e-04
it 1366 steps 134283264 sps   27,126 | ep_ret -309.64 ep_len  164.2 (n=610) | pg -0.012 vf 287.101 kl 0.0163 lr 1.1e-04
it 1367 steps 134381568 sps   27,125 | ep_ret -300.31 ep_len  150.9 (n=610) | pg -0.010 vf 279.594 kl 0.0134 lr 1.7e-04
it 1368 steps 134479872 sps   27,124 | ep_ret -309.43 ep_len  164.1 (n=666) | pg -0.009 vf 289.251 kl 0.0107 lr 1.7e-04
it 1369 steps 134578176 sps   27,123 | ep_ret -308.27 ep_len  160.4 (n=601) | pg -0.011 vf 280.072 kl 0.0151 lr 7.6e-05 | blown 1 dropped 0
it 1370 steps 134676480 sps   27,122 | ep_ret -311.19 ep_len  166.3 (n=614) | pg -0.014 vf 275.937 kl 0.0135 lr 1.7e-04
it 1371 steps 134774784 sps   27,121 | ep_ret -305.37 ep_len  155.8 (n=646) | pg -0.013 vf 270.963 kl 0.0152 lr 1.7e-04
it 1372 steps 134873088 sps   27,120 | ep_ret -311.93 ep_len  162.6 (n=630) | pg -0.009 vf 289.236 kl 0.0159 lr 1.1e-04 | blown 2 dropped 0
it 1373 steps 134971392 sps   27,120 | ep_ret -306.14 ep_len  155.2 (n=672) | pg -0.013 vf 289.413 kl 0.0145 lr 1.1e-04 | blown 1 dropped 0
it 1374 steps 135069696 sps   27,119 | ep_ret -307.04 ep_len  158.1 (n=617) | pg -0.010 vf 266.924 kl 0.0141 lr 1.1e-04 | blown 1 dropped 0
it 1375 steps 135168000 sps   27,118 | ep_ret -301.67 ep_len  151.1 (n=610) | pg -0.011 vf 275.096 kl 0.0142 lr 5.1e-05 | blown 1 dropped 0
it 1376 steps 135266304 sps   27,117 | ep_ret -308.61 ep_len  162.2 (n=629) | pg -0.009 vf 272.586 kl 0.0114 lr 1.1e-04
it 1377 steps 135364608 sps   27,116 | ep_ret -302.40 ep_len  151.4 (n=663) | pg -0.011 vf 283.440 kl 0.0153 lr 1.7e-04 | blown 1 dropped 0
it 1378 steps 135462912 sps   27,115 | ep_ret -308.16 ep_len  155.1 (n=686) | pg -0.012 vf 308.115 kl 0.0138 lr 2.6e-04 | blown 1 dropped 0
it 1379 steps 135561216 sps   27,114 | ep_ret -304.46 ep_len  152.9 (n=613) | pg -0.016 vf 276.739 kl 0.0155 lr 1.1e-04 | blown 1 dropped 0
it 1380 steps 135659520 sps   27,113 | ep_ret -306.60 ep_len  154.0 (n=632) | pg -0.013 vf 288.074 kl 0.0135 lr 1.1e-04 | blown 3 dropped 0
it 1381 steps 135757824 sps   27,112 | ep_ret -305.56 ep_len  153.2 (n=633) | pg -0.012 vf 274.731 kl 0.0147 lr 2.6e-04 | blown 1 dropped 0
it 1382 steps 135856128 sps   27,111 | ep_ret -307.86 ep_len  156.4 (n=651) | pg -0.013 vf 273.497 kl 0.0155 lr 2.6e-04
it 1383 steps 135954432 sps   27,111 | ep_ret -306.22 ep_len  154.4 (n=639) | pg -0.014 vf 278.387 kl 0.0156 lr 1.1e-04
it 1384 steps 136052736 sps   27,110 | ep_ret -311.02 ep_len  158.5 (n=657) | pg -0.013 vf 281.471 kl 0.0140 lr 2.6e-04 | blown 1 dropped 0
it 1385 steps 136151040 sps   27,109 | ep_ret -305.37 ep_len  151.7 (n=649) | pg -0.014 vf 275.228 kl 0.0162 lr 1.7e-04 | blown 1 dropped 0
it 1386 steps 136249344 sps   27,108 | ep_ret -312.01 ep_len  158.2 (n=653) | pg -0.014 vf 275.890 kl 0.0158 lr 1.1e-04 | blown 3 dropped 0
it 1387 steps 136347648 sps   27,107 | ep_ret -309.06 ep_len  156.0 (n=660) | pg -0.013 vf 275.180 kl 0.0159 lr 7.6e-05 | blown 1 dropped 0
it 1388 steps 136445952 sps   27,106 | ep_ret -306.02 ep_len  151.3 (n=672) | pg -0.009 vf 285.447 kl 0.0143 lr 1.1e-04 | blown 1 dropped 0
it 1389 steps 136544256 sps   27,105 | ep_ret -299.90 ep_len  142.5 (n=696) | pg -0.011 vf 283.428 kl 0.0140 lr 1.7e-04
it 1390 steps 136642560 sps   27,104 | ep_ret -305.65 ep_len  150.6 (n=629) | pg -0.014 vf 261.860 kl 0.0144 lr 1.7e-04
it 1391 steps 136740864 sps   27,103 | ep_ret -308.87 ep_len  154.3 (n=636) | pg -0.011 vf 266.199 kl 0.0159 lr 1.1e-04 | blown 2 dropped 0
it 1392 steps 136839168 sps   27,102 | ep_ret -301.96 ep_len  145.0 (n=678) | pg -0.009 vf 277.279 kl 0.0137 lr 1.1e-04
it 1393 steps 136937472 sps   27,101 | ep_ret -310.08 ep_len  148.7 (n=651) | pg -0.009 vf 392.353 kl 0.0155 lr 1.1e-04 | blown 2 dropped 0
it 1394 steps 137035776 sps   27,101 | ep_ret -305.05 ep_len  147.3 (n=646) | pg -0.014 vf 263.634 kl 0.0153 lr 1.1e-04 | blown 1 dropped 0
it 1395 steps 137134080 sps   27,100 | ep_ret -306.65 ep_len  151.1 (n=645) | pg -0.011 vf 269.225 kl 0.0158 lr 7.6e-05 | blown 1 dropped 0
it 1396 steps 137232384 sps   27,099 | ep_ret -309.28 ep_len  153.4 (n=627) | pg -0.010 vf 268.957 kl 0.0148 lr 1.7e-04 | blown 1 dropped 0
it 1397 steps 137330688 sps   27,098 | ep_ret -303.92 ep_len  146.6 (n=620) | pg -0.013 vf 265.722 kl 0.0157 lr 1.7e-04
it 1398 steps 137428992 sps   27,097 | ep_ret -307.39 ep_len  149.6 (n=676) | pg -0.011 vf 279.284 kl 0.0166 lr 1.1e-04 | blown 1 dropped 0
it 1399 steps 137527296 sps   27,096 | ep_ret -314.73 ep_len  160.2 (n=645) | pg -0.013 vf 270.510 kl 0.0146 lr 1.1e-04 | blown 1 dropped 0
it 1400 steps 137625600 sps   27,095 | ep_ret -310.75 ep_len  153.5 (n=685) | pg -0.009 vf 277.626 kl 0.0141 lr 1.1e-04 | blown 2 dropped 0
it 1401 steps 137723904 sps   27,094 | ep_ret -309.20 ep_len  149.0 (n=680) | pg -0.007 vf 488.346 kl 0.0143 lr 1.1e-04 | blown 1 dropped 0
it 1402 steps 137822208 sps   27,093 | ep_ret -309.54 ep_len  149.7 (n=664) | pg -0.013 vf 297.338 kl 0.0145 lr 2.6e-04 | blown 1 dropped 0
it 1403 steps 137920512 sps   27,092 | ep_ret -303.85 ep_len  144.3 (n=651) | pg -0.011 vf 275.086 kl 0.0155 lr 1.7e-04 | blown 1 dropped 0
it 1404 steps 138018816 sps   27,091 | ep_ret -308.88 ep_len  149.8 (n=657) | pg -0.013 vf 264.215 kl 0.0154 lr 2.6e-04 | blown 1 dropped 0
it 1405 steps 138117120 sps   27,091 | ep_ret -305.15 ep_len  143.7 (n=639) | pg -0.006 vf 279.402 kl 0.0176 lr 5.1e-05 | blown 1 dropped 0
it 1406 steps 138215424 sps   27,090 | ep_ret -312.77 ep_len  153.8 (n=696) | pg -0.011 vf 285.354 kl 0.0136 lr 1.7e-04 | blown 1 dropped 0
it 1407 steps 138313728 sps   27,089 | ep_ret -302.53 ep_len  140.3 (n=664) | pg -0.010 vf 274.697 kl 0.0153 lr 1.1e-04 | blown 2 dropped 0
it 1408 steps 138412032 sps   27,088 | ep_ret -314.20 ep_len  155.7 (n=666) | pg -0.009 vf 266.859 kl 0.0144 lr 5.1e-05 | blown 2 dropped 0
it 1409 steps 138510336 sps   27,087 | ep_ret -303.21 ep_len  141.7 (n=664) | pg -0.010 vf 270.237 kl 0.0108 lr 1.1e-04
it 1410 steps 138608640 sps   27,086 | ep_ret -303.34 ep_len  143.4 (n=651) | pg -0.015 vf 259.504 kl 0.0152 lr 1.1e-04 | blown 1 dropped 0
it 1411 steps 138706944 sps   27,085 | ep_ret -308.49 ep_len  149.3 (n=706) | pg -0.013 vf 263.878 kl 0.0141 lr 1.7e-04
it 1412 steps 138805248 sps   27,084 | ep_ret -309.18 ep_len  149.2 (n=657) | pg -0.014 vf 269.639 kl 0.0149 lr 1.7e-04 | blown 1 dropped 0
it 1413 steps 138903552 sps   27,083 | ep_ret -309.15 ep_len  150.0 (n=683) | pg -0.014 vf 257.121 kl 0.0156 lr 7.6e-05 | blown 1 dropped 0
it 1414 steps 139001856 sps   27,083 | ep_ret -309.52 ep_len  149.0 (n=662) | pg -0.010 vf 258.536 kl 0.0145 lr 7.6e-05 | blown 1 dropped 0
it 1415 steps 139100160 sps   27,082 | ep_ret -310.80 ep_len  150.6 (n=702) | pg -0.007 vf 264.342 kl 0.0152 lr 5.1e-05 | blown 2 dropped 0
it 1416 steps 139198464 sps   27,081 | ep_ret -302.58 ep_len  140.8 (n=705) | pg -0.012 vf 261.741 kl 0.0109 lr 1.1e-04 | blown 1 dropped 0
it 1417 steps 139296768 sps   27,080 | ep_ret -309.03 ep_len  147.1 (n=651) | pg -0.012 vf 259.901 kl 0.0150 lr 1.1e-04 | blown 1 dropped 0
it 1418 steps 139395072 sps   27,079 | ep_ret -308.33 ep_len  147.1 (n=694) | pg -0.009 vf 256.291 kl 0.0155 lr 7.6e-05 | blown 1 dropped 0
it 1419 steps 139493376 sps   27,078 | ep_ret -308.76 ep_len  147.3 (n=732) | pg -0.011 vf 270.582 kl 0.0118 lr 1.7e-04 | blown 2 dropped 0
it 1420 steps 139591680 sps   27,077 | ep_ret -306.34 ep_len  144.2 (n=699) | pg -0.008 vf 264.777 kl 0.0175 lr 5.1e-05 | blown 2 dropped 0
it 1421 steps 139689984 sps   27,076 | ep_ret -309.94 ep_len  147.4 (n=666) | pg -0.011 vf 268.756 kl 0.0139 lr 1.7e-04 | blown 4 dropped 0
it 1422 steps 139788288 sps   27,075 | ep_ret -304.58 ep_len  139.8 (n=711) | pg -0.007 vf 290.835 kl 0.0179 lr 2.3e-05 | blown 4 dropped 0
it 1423 steps 139886592 sps   27,075 | ep_ret -305.79 ep_len  138.9 (n=667) | pg -0.008 vf 326.132 kl 0.0096 lr 1.1e-04 | blown 4 dropped 0
it 1424 steps 139984896 sps   27,074 | ep_ret -306.38 ep_len  144.0 (n=713) | pg -0.012 vf 260.234 kl 0.0148 lr 1.7e-04 | blown 2 dropped 0
it 1425 steps 140083200 sps   27,073 | ep_ret -311.75 ep_len  150.3 (n=659) | pg -0.011 vf 248.820 kl 0.0136 lr 1.7e-04 | blown 2 dropped 0
it 1426 steps 140181504 sps   27,072 | ep_ret -307.69 ep_len  145.3 (n=678) | pg -0.014 vf 254.723 kl 0.0161 lr 1.1e-04 | blown 1 dropped 0
it 1427 steps 140279808 sps   27,071 | ep_ret -305.28 ep_len  140.1 (n=698) | pg -0.013 vf 256.811 kl 0.0120 lr 1.7e-04 | blown 1 dropped 0
it 1428 steps 140378112 sps   27,070 | ep_ret -303.21 ep_len  138.1 (n=642) | pg -0.006 vf 307.722 kl 0.0131 lr 7.6e-05 | blown 1 dropped 0
it 1429 steps 140476416 sps   27,069 | ep_ret -303.66 ep_len  138.9 (n=703) | pg -0.010 vf 263.376 kl 0.0106 lr 1.1e-04 | blown 2 dropped 0
it 1430 steps 140574720 sps   27,068 | ep_ret -311.06 ep_len  149.0 (n=711) | pg -0.013 vf 257.819 kl 0.0143 lr 2.6e-04 | blown 2 dropped 0
it 1431 steps 140673024 sps   27,068 | ep_ret -307.19 ep_len  143.4 (n=716) | pg -0.008 vf 257.039 kl 0.0194 lr 5.1e-05
it 1432 steps 140771328 sps   27,067 | ep_ret -302.83 ep_len  136.4 (n=659) | pg -0.009 vf 251.919 kl 0.0106 lr 1.1e-04 | blown 2 dropped 0
it 1433 steps 140869632 sps   27,066 | ep_ret -308.14 ep_len  144.5 (n=723) | pg -0.012 vf 256.040 kl 0.0156 lr 1.1e-04
it 1434 steps 140967936 sps   27,065 | ep_ret -309.73 ep_len  147.7 (n=658) | pg -0.012 vf 239.330 kl 0.0140 lr 1.7e-04 | blown 1 dropped 0
it 1435 steps 141066240 sps   27,064 | ep_ret -308.64 ep_len  143.1 (n=698) | pg -0.010 vf 289.842 kl 0.0166 lr 1.1e-04 | blown 2 dropped 0
it 1436 steps 141164544 sps   27,063 | ep_ret -305.64 ep_len  138.8 (n=679) | pg -0.011 vf 276.431 kl 0.0143 lr 1.7e-04 | blown 5 dropped 0
it 1437 steps 141262848 sps   27,062 | ep_ret -306.57 ep_len  141.8 (n=699) | pg -0.014 vf 262.086 kl 0.0140 lr 1.7e-04 | blown 1 dropped 0
it 1438 steps 141361152 sps   27,061 | ep_ret -311.41 ep_len  146.2 (n=683) | pg -0.013 vf 249.233 kl 0.0137 lr 1.7e-04 | blown 4 dropped 0
it 1439 steps 141459456 sps   27,061 | ep_ret -307.88 ep_len  144.4 (n=745) | pg -0.008 vf 269.645 kl 0.0163 lr 7.6e-05
it 1440 steps 141557760 sps   27,060 | ep_ret -304.70 ep_len  139.0 (n=694) | pg -0.004 vf 245.959 kl 0.0120 lr 7.6e-05
it 1441 steps 141656064 sps   27,059 | ep_ret -304.35 ep_len  138.2 (n=679) | pg -0.011 vf 246.902 kl 0.0115 lr 1.7e-04
it 1442 steps 141754368 sps   27,058 | ep_ret -307.78 ep_len  141.6 (n=690) | pg -0.013 vf 248.094 kl 0.0161 lr 1.1e-04 | blown 1 dropped 0
it 1443 steps 141852672 sps   27,057 | ep_ret -307.13 ep_len  140.9 (n=680) | pg -0.007 vf 240.492 kl 0.0119 lr 1.1e-04
it 1444 steps 141950976 sps   27,056 | ep_ret -305.11 ep_len  137.0 (n=747) | pg -0.009 vf 311.932 kl 0.0153 lr 7.6e-05 | blown 1 dropped 0
it 1445 steps 142049280 sps   27,055 | ep_ret -307.23 ep_len  139.4 (n=716) | pg -0.012 vf 255.589 kl 0.0106 lr 1.7e-04 | blown 2 dropped 0
it 1446 steps 142147584 sps   27,055 | ep_ret -301.54 ep_len  134.3 (n=656) | pg -0.011 vf 237.959 kl 0.0168 lr 7.6e-05 | blown 1 dropped 0
it 1447 steps 142245888 sps   27,054 | ep_ret -307.46 ep_len  142.1 (n=678) | pg -0.012 vf 237.180 kl 0.0115 lr 1.7e-04
it 1448 steps 142344192 sps   27,053 | ep_ret -311.33 ep_len  146.9 (n=692) | pg -0.011 vf 241.509 kl 0.0151 lr 1.7e-04
it 1449 steps 142442496 sps   27,052 | ep_ret -310.49 ep_len  144.1 (n=714) | pg -0.010 vf 245.681 kl 0.0165 lr 7.6e-05 | blown 1 dropped 0
it 1450 steps 142540800 sps   27,051 | ep_ret -310.05 ep_len  143.4 (n=722) | pg -0.012 vf 249.004 kl 0.0127 lr 1.7e-04 | blown 2 dropped 0
it 1451 steps 142639104 sps   27,050 | ep_ret -310.11 ep_len  143.1 (n=714) | pg -0.010 vf 249.095 kl 0.0142 lr 1.1e-04 | blown 1 dropped 0
it 1452 steps 142737408 sps   27,049 | ep_ret -307.15 ep_len  138.9 (n=715) | pg -0.014 vf 245.247 kl 0.0134 lr 1.1e-04 | blown 1 dropped 0
it 1453 steps 142835712 sps   27,048 | ep_ret -304.55 ep_len  135.4 (n=747) | pg -0.012 vf 263.232 kl 0.0143 lr 1.1e-04 | blown 1 dropped 0
it 1454 steps 142934016 sps   27,048 | ep_ret -310.38 ep_len  141.5 (n=689) | pg -0.008 vf 295.611 kl 0.0135 lr 1.7e-04 | blown 1 dropped 0
it 1455 steps 143032320 sps   27,047 | ep_ret -305.22 ep_len  136.7 (n=723) | pg -0.013 vf 250.391 kl 0.0158 lr 1.1e-04 | blown 1 dropped 0
it 1456 steps 143130624 sps   27,046 | ep_ret -304.84 ep_len  136.4 (n=707) | pg -0.015 vf 249.336 kl 0.0140 lr 2.6e-04
it 1457 steps 143228928 sps   27,045 | ep_ret -312.39 ep_len  142.8 (n=690) | pg -0.010 vf 249.902 kl 0.0170 lr 1.1e-04 | blown 1 dropped 0
it 1458 steps 143327232 sps   27,044 | ep_ret -308.97 ep_len  138.0 (n=677) | pg -0.011 vf 239.645 kl 0.0142 lr 1.7e-04 | blown 3 dropped 0
it 1459 steps 143425536 sps   27,043 | ep_ret -304.14 ep_len  134.3 (n=729) | pg -0.009 vf 241.859 kl 0.0148 lr 7.6e-05 | blown 1 dropped 0
it 1460 steps 143523840 sps   27,042 | ep_ret -307.09 ep_len  136.0 (n=694) | pg -0.011 vf 278.660 kl 0.0126 lr 1.7e-04 | blown 2 dropped 0
it 1461 steps 143622144 sps   27,041 | ep_ret -303.23 ep_len  131.6 (n=702) | pg -0.012 vf 252.526 kl 0.0154 lr 1.1e-04 | blown 2 dropped 0
it 1462 steps 143720448 sps   27,041 | ep_ret -309.14 ep_len  140.3 (n=756) | pg -0.007 vf 250.162 kl 0.0167 lr 5.1e-05
it 1463 steps 143818752 sps   27,040 | ep_ret -312.07 ep_len  138.3 (n=681) | pg -0.005 vf 499.774 kl 0.0143 lr 7.6e-05 | blown 6 dropped 0
it 1464 steps 143917056 sps   27,039 | ep_ret -310.54 ep_len  139.4 (n=703) | pg -0.007 vf 309.353 kl 0.0169 lr 1.0e-05 | blown 2 dropped 0
it 1465 steps 144015360 sps   27,038 | ep_ret -310.03 ep_len  139.2 (n=688) | pg -0.008 vf 233.987 kl 0.0083 lr 1.1e-04 | blown 3 dropped 0
it 1466 steps 144113664 sps   27,037 | ep_ret -315.20 ep_len  145.6 (n=697) | pg -0.015 vf 238.063 kl 0.0148 lr 1.1e-04 | blown 2 dropped 0
it 1467 steps 144211968 sps   27,036 | ep_ret -309.68 ep_len  138.4 (n=711) | pg -0.012 vf 240.775 kl 0.0161 lr 1.1e-04 | blown 2 dropped 0
it 1468 steps 144310272 sps   27,035 | ep_ret -313.68 ep_len  140.8 (n=702) | pg -0.011 vf 235.710 kl 0.0146 lr 7.6e-05 | blown 4 dropped 0
it 1469 steps 144408576 sps   27,035 | ep_ret -312.76 ep_len  142.3 (n=788) | pg -0.004 vf 244.861 kl 0.0158 lr 5.1e-05 | blown 1 dropped 0
it 1470 steps 144506880 sps   27,034 | ep_ret -302.58 ep_len  130.2 (n=727) | pg -0.007 vf 240.337 kl 0.0117 lr 1.1e-04
it 1471 steps 144605184 sps   27,033 | ep_ret -309.34 ep_len  138.4 (n=724) | pg -0.010 vf 234.603 kl 0.0176 lr 2.3e-05
it 1472 steps 144703488 sps   27,032 | ep_ret -306.27 ep_len  135.8 (n=704) | pg -0.008 vf 242.889 kl 0.0079 lr 7.6e-05
it 1473 steps 144801792 sps   27,031 | ep_ret -304.57 ep_len  130.2 (n=711) | pg -0.010 vf 239.031 kl 0.0110 lr 1.7e-04 | blown 3 dropped 0
it 1474 steps 144900096 sps   27,030 | ep_ret -308.13 ep_len  136.9 (n=733) | pg -0.014 vf 242.335 kl 0.0147 lr 2.6e-04 | blown 1 dropped 0
it 1475 steps 144998400 sps   27,029 | ep_ret -313.59 ep_len  141.7 (n=720) | pg -0.015 vf 245.929 kl 0.0157 lr 1.7e-04 | blown 2 dropped 0
it 1476 steps 145096704 sps   27,028 | ep_ret -313.83 ep_len  141.7 (n=759) | pg -0.013 vf 240.518 kl 0.0162 lr 1.7e-04 | blown 3 dropped 0
it 1477 steps 145195008 sps   27,028 | ep_ret -309.68 ep_len  137.0 (n=736) | pg -0.009 vf 235.651 kl 0.0155 lr 1.1e-04
it 1478 steps 145293312 sps   27,027 | ep_ret -309.22 ep_len  134.5 (n=684) | pg -0.010 vf 289.761 kl 0.0143 lr 1.7e-04 | blown 1 dropped 0
it 1479 steps 145391616 sps   27,026 | ep_ret -310.91 ep_len  139.1 (n=709) | pg -0.012 vf 229.230 kl 0.0162 lr 1.7e-04 | blown 1 dropped 0
it 1480 steps 145489920 sps   27,025 | ep_ret -306.95 ep_len  132.9 (n=723) | pg -0.012 vf 231.819 kl 0.0150 lr 7.6e-05
it 1481 steps 145588224 sps   27,024 | ep_ret -313.06 ep_len  139.8 (n=723) | pg -0.008 vf 233.119 kl 0.0123 lr 1.7e-04 | blown 2 dropped 0
it 1482 steps 145686528 sps   27,023 | ep_ret -304.74 ep_len  129.7 (n=727) | pg -0.009 vf 229.646 kl 0.0154 lr 7.6e-05 | blown 1 dropped 0
it 1483 steps 145784832 sps   27,023 | ep_ret -309.63 ep_len  133.0 (n=740) | pg -0.010 vf 296.697 kl 0.0152 lr 1.1e-04 | blown 3 dropped 0
it 1484 steps 145883136 sps   27,022 | ep_ret -307.52 ep_len  133.8 (n=703) | pg -0.013 vf 221.704 kl 0.0152 lr 7.6e-05
it 1485 steps 145981440 sps   27,021 | ep_ret -308.98 ep_len  134.1 (n=694) | pg -0.012 vf 227.710 kl 0.0136 lr 1.7e-04 | blown 1 dropped 0
it 1486 steps 146079744 sps   27,020 | ep_ret -309.78 ep_len  133.4 (n=688) | pg -0.012 vf 228.696 kl 0.0156 lr 1.7e-04 | blown 4 dropped 0
it 1487 steps 146178048 sps   27,019 | ep_ret -313.65 ep_len  139.0 (n=737) | pg -0.012 vf 236.351 kl 0.0164 lr 1.7e-04 | blown 2 dropped 0
it 1488 steps 146276352 sps   27,018 | ep_ret -307.90 ep_len  132.9 (n=753) | pg -0.012 vf 254.013 kl 0.0159 lr 1.7e-04
it 1489 steps 146374656 sps   27,018 | ep_ret -314.61 ep_len  136.7 (n=723) | pg -0.009 vf 247.478 kl 0.0139 lr 1.7e-04 | blown 5 dropped 0
it 1490 steps 146472960 sps   27,017 | ep_ret -312.68 ep_len  137.6 (n=697) | pg -0.015 vf 216.763 kl 0.0153 lr 1.7e-04 | blown 2 dropped 0
it 1491 steps 146571264 sps   27,016 | ep_ret -311.16 ep_len  134.0 (n=738) | pg -0.012 vf 234.453 kl 0.0134 lr 1.7e-04 | blown 2 dropped 0
it 1492 steps 146669568 sps   27,015 | ep_ret -314.95 ep_len  137.4 (n=717) | pg -0.012 vf 262.042 kl 0.0170 lr 5.1e-05 | blown 3 dropped 0
it 1493 steps 146767872 sps   27,014 | ep_ret -315.60 ep_len  137.3 (n=746) | pg -0.011 vf 238.693 kl 0.0137 lr 1.1e-04 | blown 4 dropped 0
it 1494 steps 146866176 sps   27,013 | ep_ret -315.01 ep_len  137.5 (n=723) | pg -0.010 vf 275.243 kl 0.0129 lr 1.7e-04 | blown 1 dropped 0
it 1495 steps 146964480 sps   27,012 | ep_ret -311.33 ep_len  134.3 (n=746) | pg -0.014 vf 232.293 kl 0.0158 lr 1.7e-04 | blown 1 dropped 0
it 1496 steps 147062784 sps   27,012 | ep_ret -320.31 ep_len  146.5 (n=780) | pg -0.011 vf 238.168 kl 0.0149 lr 1.7e-04 | blown 3 dropped 0
it 1497 steps 147161088 sps   27,011 | ep_ret -309.10 ep_len  131.1 (n=740) | pg -0.012 vf 231.041 kl 0.0141 lr 1.7e-04 | blown 3 dropped 0
it 1498 steps 147259392 sps   27,010 | ep_ret -307.11 ep_len  129.0 (n=710) | pg -0.014 vf 224.288 kl 0.0160 lr 2.6e-04 | blown 3 dropped 0
it 1499 steps 147357696 sps   27,009 | ep_ret -309.29 ep_len  130.9 (n=730) | pg -0.012 vf 239.766 kl 0.0158 lr 7.6e-05 | blown 3 dropped 0
it 1500 steps 147456000 sps   27,008 | ep_ret -309.21 ep_len  132.2 (n=738) | pg -0.012 vf 220.040 kl 0.0107 lr 1.7e-04
saved policy to runs/policies/g1_flat_1500_dt25.pt
