G1 flat PPO: N=4096 obs_dim 123 act_dim 37 rollout 24 x 1500 iterations
it    1 steps     98304 sps   30,824 | ep_ret    0.00 ep_len    0.0 (n=0) | pg 0.004 vf 0.782 kl 0.0411 lr 3.9e-05
it    2 steps    196608 sps   39,908 | ep_ret    0.00 ep_len    0.0 (n=0) | pg -0.007 vf 0.711 kl 0.0073 lr 3.0e-04
it    3 steps    294912 sps   44,252 | ep_ret    0.00 ep_len    0.0 (n=0) | pg -0.011 vf 0.783 kl 0.0120 lr 6.7e-04
it    4 steps    393216 sps   46,806 | ep_ret    0.00 ep_len    0.0 (n=0) | pg -0.010 vf 0.846 kl 0.0139 lr 6.7e-04
it    5 steps    491520 sps   48,200 | ep_ret -212.94 ep_len  115.4 (n=2535) | pg 0.013 vf 7983.084 kl 0.0205 lr 2.6e-05
it    6 steps    589824 sps   48,383 | ep_ret -211.84 ep_len  105.0 (n=1928) | pg 0.013 vf 3236.141 kl 0.0194 lr 1.0e-05
it    7 steps    688128 sps   48,740 | ep_ret -202.79 ep_len   36.7 (n=3254) | pg -0.002 vf 7875.867 kl 0.0057 lr 1.3e-03
it    8 steps    786432 sps   48,991 | ep_ret -202.84 ep_len   37.3 (n=2443) | pg 0.013 vf 6221.116 kl 0.0203 lr 7.6e-05
it    9 steps    884736 sps   49,183 | ep_ret -202.82 ep_len   37.8 (n=2604) | pg 0.009 vf 6102.991 kl 0.0126 lr 7.6e-05
it   10 steps    983040 sps   49,333 | ep_ret -202.80 ep_len   37.2 (n=2665) | pg 0.025 vf 6285.255 kl 0.0285 lr 1.0e-05
it   11 steps   1081344 sps   49,395 | ep_ret -202.80 ep_len   37.4 (n=2623) | pg 0.013 vf 6250.058 kl 0.0164 lr 1.0e-05
it   12 steps   1179648 sps   49,528 | ep_ret -202.79 ep_len   37.2 (n=2666) | pg 0.004 vf 6229.598 kl 0.0065 lr 5.8e-04
it   13 steps   1277952 sps   49,667 | ep_ret -202.79 ep_len   36.9 (n=2637) | pg 0.045 vf 6166.068 kl 0.0574 lr 1.0e-05
it   14 steps   1376256 sps   49,707 | ep_ret -202.81 ep_len   37.2 (n=2669) | pg 0.005 vf 6233.983 kl 0.0077 lr 2.6e-04
it   15 steps   1474560 sps   49,746 | ep_ret -202.85 ep_len   37.5 (n=2575) | pg 0.008 vf 5989.842 kl 0.0130 lr 1.7e-04
it   16 steps   1572864 sps   49,777 | ep_ret -202.86 ep_len   37.7 (n=2620) | pg 0.032 vf 5980.200 kl 0.0374 lr 1.0e-05
it   17 steps   1671168 sps   49,826 | ep_ret -202.85 ep_len   37.4 (n=2631) | pg -0.002 vf 6074.181 kl 0.0042 lr 4.4e-03
it   18 steps   1769472 sps   49,875 | ep_ret -202.87 ep_len   37.6 (n=2588) | pg 0.003 vf 5854.149 kl 0.0155 lr 1.9e-03
it   19 steps   1867776 sps   49,930 | ep_ret -202.86 ep_len   37.4 (n=2674) | pg 0.002 vf 6046.059 kl 0.0161 lr 5.8e-04
it   20 steps   1966080 sps   50,006 | ep_ret -202.89 ep_len   37.3 (n=2587) | pg 0.024 vf 5829.834 kl 0.0291 lr 1.0e-05
it   21 steps   2064384 sps   50,038 | ep_ret -202.91 ep_len   37.5 (n=2693) | pg 0.002 vf 5958.757 kl 0.0054 lr 8.6e-04
it   22 steps   2162688 sps   50,065 | ep_ret -202.87 ep_len   36.8 (n=2636) | pg 0.012 vf 5912.570 kl 0.0239 lr 1.1e-04
it   23 steps   2260992 sps   50,092 | ep_ret -202.93 ep_len   37.5 (n=2618) | pg 0.001 vf 5830.377 kl 0.0084 lr 8.6e-04
it   24 steps   2359296 sps   50,092 | ep_ret -202.95 ep_len   37.5 (n=2589) | pg -0.004 vf 5601.902 kl 0.0098 lr 4.4e-03
it   25 steps   2457600 sps   50,128 | ep_ret -202.96 ep_len   37.5 (n=2638) | pg -0.003 vf 5644.197 kl 0.0131 lr 9.9e-03
it   26 steps   2555904 sps   50,165 | ep_ret -202.98 ep_len   37.3 (n=2682) | pg -0.000 vf 5669.512 kl 0.0161 lr 5.9e-04
it   27 steps   2654208 sps   50,197 | ep_ret -203.00 ep_len   37.1 (n=2595) | pg 0.001 vf 5353.246 kl 0.0085 lr 3.0e-03
it   28 steps   2752512 sps   50,225 | ep_ret -203.02 ep_len   37.2 (n=2662) | pg 0.002 vf 5390.313 kl 0.0138 lr 2.0e-03
it   29 steps   2850816 sps   50,252 | ep_ret -203.04 ep_len   37.3 (n=2634) | pg -0.002 vf 5276.685 kl 0.0129 lr 4.4e-03
it   30 steps   2949120 sps   50,316 | ep_ret -203.05 ep_len   37.1 (n=2680) | pg 0.008 vf 5247.932 kl 0.0291 lr 3.9e-04
it   31 steps   3047424 sps   50,341 | ep_ret -203.06 ep_len   37.0 (n=2659) | pg 0.005 vf 5033.108 kl 0.0114 lr 1.3e-03
it   32 steps   3145728 sps   50,372 | ep_ret -203.09 ep_len   37.0 (n=2660) | pg 0.011 vf 4923.150 kl 0.0193 lr 7.7e-05
it   33 steps   3244032 sps   50,398 | ep_ret -203.09 ep_len   36.7 (n=2701) | pg 0.015 vf 4971.930 kl 0.0198 lr 1.0e-05
it   34 steps   3342336 sps   50,415 | ep_ret -203.08 ep_len   36.6 (n=2653) | pg -0.003 vf 4812.487 kl 0.0037 lr 2.9e-03
it   35 steps   3440640 sps   50,444 | ep_ret -203.09 ep_len   36.6 (n=2664) | pg -0.004 vf 4656.008 kl 0.0151 lr 2.9e-03
it   36 steps   3538944 sps   50,461 | ep_ret -203.12 ep_len   36.8 (n=2754) | pg -0.002 vf 4731.689 kl 0.0172 lr 5.8e-04
it   37 steps   3637248 sps   50,468 | ep_ret -203.11 ep_len   36.3 (n=2649) | pg 0.027 vf 4452.248 kl 0.0312 lr 1.0e-05
it   38 steps   3735552 sps   50,498 | ep_ret -203.16 ep_len   36.9 (n=2686) | pg 0.003 vf 4371.317 kl 0.0080 lr 3.8e-04
it   39 steps   3833856 sps   50,540 | ep_ret -203.14 ep_len   36.4 (n=2701) | pg 0.024 vf 4306.268 kl 0.0301 lr 1.0e-05
it   40 steps   3932160 sps   50,581 | ep_ret -203.15 ep_len   36.6 (n=2688) | pg 0.001 vf 4232.122 kl 0.0054 lr 8.6e-04
it   41 steps   4030464 sps   50,620 | ep_ret -203.18 ep_len   36.7 (n=2640) | pg -0.003 vf 4065.104 kl 0.0101 lr 1.9e-03
it   42 steps   4128768 sps   50,666 | ep_ret -203.19 ep_len   36.8 (n=2687) | pg -0.006 vf 4021.738 kl 0.0151 lr 4.4e-03
it   43 steps   4227072 sps   50,674 | ep_ret -203.17 ep_len   36.1 (n=2705) | pg 0.003 vf 3914.173 kl 0.0148 lr 1.3e-03
it   44 steps   4325376 sps   50,709 | ep_ret -203.22 ep_len   36.4 (n=2730) | pg 0.004 vf 3869.789 kl 0.0118 lr 1.9e-03
it   45 steps   4423680 sps   50,741 | ep_ret -203.22 ep_len   36.4 (n=2674) | pg 0.010 vf 3711.145 kl 0.0190 lr 1.1e-04
it   46 steps   4521984 sps   50,776 | ep_ret -203.28 ep_len   36.6 (n=2705) | pg 0.022 vf 3575.484 kl 0.0254 lr 1.0e-05
it   47 steps   4620288 sps   50,811 | ep_ret -203.26 ep_len   36.5 (n=2665) | pg -0.003 vf 3334.485 kl 0.0037 lr 2.9e-03
it   48 steps   4718592 sps   50,835 | ep_ret -203.25 ep_len   36.6 (n=2754) | pg -0.003 vf 3375.930 kl 0.0155 lr 2.9e-03
it   49 steps   4816896 sps   50,863 | ep_ret -203.24 ep_len   36.0 (n=2678) | pg -0.004 vf 3128.754 kl 0.0113 lr 6.6e-03
it   50 steps   4915200 sps   50,896 | ep_ret -203.27 ep_len   36.3 (n=2767) | pg -0.007 vf 2997.334 kl 0.0138 lr 1.0e-02
it   51 steps   5013504 sps   50,916 | ep_ret -203.31 ep_len   36.5 (n=2623) | pg -0.007 vf 2722.342 kl 0.0137 lr 1.0e-02
it   52 steps   5111808 sps   50,922 | ep_ret -203.36 ep_len   36.6 (n=2743) | pg -0.010 vf 2567.032 kl 0.0125 lr 6.7e-03
it   53 steps   5210112 sps   50,921 | ep_ret -203.36 ep_len   36.1 (n=2710) | pg -0.006 vf 2237.985 kl 0.0138 lr 4.4e-03
it   54 steps   5308416 sps   50,926 | ep_ret -203.39 ep_len   36.3 (n=2702) | pg 0.015 vf 1942.104 kl 0.0274 lr 1.2e-04
it   55 steps   5406720 sps   50,935 | ep_ret -203.42 ep_len   36.4 (n=2661) | pg 0.001 vf 1736.832 kl 0.0091 lr 1.3e-03
it   56 steps   5505024 sps   50,946 | ep_ret -203.48 ep_len   36.6 (n=2719) | pg -0.009 vf 1643.438 kl 0.0142 lr 1.0e-02
it   57 steps   5603328 sps   50,957 | ep_ret -203.48 ep_len   36.4 (n=2669) | pg -0.010 vf 1489.812 kl 0.0121 lr 1.0e-02
it   58 steps   5701632 sps   50,968 | ep_ret -203.56 ep_len   37.0 (n=2600) | pg -0.011 vf 1318.556 kl 0.0105 lr 1.0e-02
it   59 steps   5799936 sps   50,975 | ep_ret -203.63 ep_len   37.6 (n=2638) | pg -0.009 vf 1262.710 kl 0.0124 lr 1.0e-02
it   60 steps   5898240 sps   50,980 | ep_ret -203.63 ep_len   37.4 (n=2629) | pg -0.010 vf 1183.071 kl 0.0117 lr 1.0e-02
it   61 steps   5996544 sps   50,995 | ep_ret -203.65 ep_len   37.2 (n=2597) | pg -0.011 vf 1053.325 kl 0.0093 lr 1.0e-02
it   62 steps   6094848 sps   51,005 | ep_ret -203.67 ep_len   37.6 (n=2675) | pg -0.009 vf 1033.990 kl 0.0122 lr 1.0e-02
it   63 steps   6193152 sps   51,015 | ep_ret -203.68 ep_len   37.4 (n=2608) | pg -0.010 vf 935.917 kl 0.0099 lr 4.4e-03
it   64 steps   6291456 sps   51,018 | ep_ret -203.72 ep_len   37.7 (n=2564) | pg -0.008 vf 889.714 kl 0.0107 lr 1.0e-02
it   65 steps   6389760 sps   50,986 | ep_ret -203.81 ep_len   38.3 (n=2571) | pg -0.009 vf 780.659 kl 0.0077 lr 1.0e-02
it   66 steps   6488064 sps   50,980 | ep_ret -203.83 ep_len   38.2 (n=2544) | pg -0.008 vf 750.132 kl 0.0066 lr 1.0e-02
it   67 steps   6586368 sps   50,987 | ep_ret -203.88 ep_len   38.8 (n=2565) | pg -0.010 vf 680.780 kl 0.0081 lr 1.0e-02
it   68 steps   6684672 sps   50,992 | ep_ret -203.90 ep_len   38.7 (n=2514) | pg -0.009 vf 608.717 kl 0.0073 lr 1.0e-02
it   69 steps   6782976 sps   50,996 | ep_ret -203.95 ep_len   39.0 (n=2466) | pg -0.010 vf 596.848 kl 0.0083 lr 1.0e-02
it   70 steps   6881280 sps   51,000 | ep_ret -203.98 ep_len   39.3 (n=2583) | pg -0.010 vf 529.498 kl 0.0085 lr 1.0e-02
it   71 steps   6979584 sps   51,005 | ep_ret -204.00 ep_len   39.2 (n=2444) | pg -0.011 vf 438.927 kl 0.0073 lr 1.0e-02
it   72 steps   7077888 sps   51,012 | ep_ret -204.06 ep_len   39.9 (n=2473) | pg -0.010 vf 403.624 kl 0.0092 lr 1.0e-02
it   73 steps   7176192 sps   51,020 | ep_ret -204.06 ep_len   39.7 (n=2467) | pg -0.009 vf 389.090 kl 0.0109 lr 1.0e-02
it   74 steps   7274496 sps   51,025 | ep_ret -204.11 ep_len   40.1 (n=2467) | pg -0.004 vf 401.067 kl 0.0120 lr 3.0e-03
it   75 steps   7372800 sps   51,028 | ep_ret -204.11 ep_len   39.8 (n=2456) | pg -0.009 vf 383.601 kl 0.0102 lr 6.7e-03
it   76 steps   7471104 sps   51,034 | ep_ret -204.12 ep_len   40.0 (n=2429) | pg -0.008 vf 379.209 kl 0.0088 lr 1.0e-02
it   77 steps   7569408 sps   51,038 | ep_ret -204.13 ep_len   40.4 (n=2444) | pg -0.008 vf 344.289 kl 0.0086 lr 1.0e-02
it   78 steps   7667712 sps   51,042 | ep_ret -204.17 ep_len   40.3 (n=2481) | pg -0.011 vf 235.993 kl 0.0126 lr 6.7e-03
it   79 steps   7766016 sps   51,046 | ep_ret -204.14 ep_len   39.9 (n=2401) | pg -0.006 vf 200.105 kl 0.0137 lr 6.7e-03
it   80 steps   7864320 sps   51,049 | ep_ret -204.19 ep_len   40.5 (n=2425) | pg 0.000 vf 188.456 kl 0.0187 lr 3.9e-04
it   81 steps   7962624 sps   51,056 | ep_ret -204.19 ep_len   40.4 (n=2438) | pg 0.006 vf 175.260 kl 0.0175 lr 7.7e-05
it   82 steps   8060928 sps   51,061 | ep_ret -204.22 ep_len   40.7 (n=2383) | pg 0.005 vf 173.296 kl 0.0116 lr 2.6e-04
it   83 steps   8159232 sps   51,067 | ep_ret -204.22 ep_len   40.8 (n=2508) | pg 0.021 vf 171.422 kl 0.0296 lr 1.0e-05
it   84 steps   8257536 sps   51,072 | ep_ret -204.22 ep_len   40.5 (n=2372) | pg 0.000 vf 170.434 kl 0.0054 lr 8.6e-04
it   85 steps   8355840 sps   51,076 | ep_ret -204.20 ep_len   40.5 (n=2395) | pg 0.008 vf 173.041 kl 0.0167 lr 7.6e-05
it   86 steps   8454144 sps   51,080 | ep_ret -204.25 ep_len   40.8 (n=2440) | pg 0.004 vf 166.741 kl 0.0152 lr 7.6e-05
it   87 steps   8552448 sps   51,081 | ep_ret -204.26 ep_len   41.0 (n=2400) | pg -0.005 vf 170.737 kl 0.0059 lr 8.6e-04
it   88 steps   8650752 sps   51,084 | ep_ret -204.21 ep_len   40.3 (n=2419) | pg -0.004 vf 160.671 kl 0.0128 lr 5.8e-04
it   89 steps   8749056 sps   51,087 | ep_ret -204.29 ep_len   41.2 (n=2360) | pg -0.003 vf 156.586 kl 0.0100 lr 1.9e-03
it   90 steps   8847360 sps   51,089 | ep_ret -204.28 ep_len   41.0 (n=2420) | pg -0.008 vf 155.014 kl 0.0108 lr 4.4e-03
it   91 steps   8945664 sps   51,091 | ep_ret -204.29 ep_len   40.8 (n=2435) | pg -0.008 vf 153.069 kl 0.0136 lr 2.9e-03
it   92 steps   9043968 sps   51,094 | ep_ret -204.26 ep_len   40.7 (n=2449) | pg -0.004 vf 143.366 kl 0.0154 lr 3.8e-04
it   93 steps   9142272 sps   51,097 | ep_ret -204.26 ep_len   40.5 (n=2350) | pg 0.003 vf 130.819 kl 0.0129 lr 2.6e-04
it   94 steps   9240576 sps   51,099 | ep_ret -204.27 ep_len   40.8 (n=2425) | pg 0.013 vf 130.957 kl 0.0212 lr 1.0e-05
it   95 steps   9338880 sps   51,102 | ep_ret -204.31 ep_len   41.1 (n=2348) | pg -0.003 vf 127.472 kl 0.0043 lr 8.6e-04
it   96 steps   9437184 sps   51,105 | ep_ret -204.30 ep_len   41.1 (n=2441) | pg -0.009 vf 123.272 kl 0.0110 lr 2.9e-03
it   97 steps   9535488 sps   51,106 | ep_ret -204.30 ep_len   41.1 (n=2339) | pg -0.009 vf 123.661 kl 0.0128 lr 2.9e-03
it   98 steps   9633792 sps   51,108 | ep_ret -204.33 ep_len   41.0 (n=2410) | pg -0.008 vf 122.427 kl 0.0135 lr 2.9e-03
it   99 steps   9732096 sps   51,109 | ep_ret -204.37 ep_len   41.8 (n=2353) | pg -0.010 vf 102.091 kl 0.0154 lr 2.9e-03
it  100 steps   9830400 sps   51,111 | ep_ret -204.35 ep_len   41.3 (n=2367) | pg -0.007 vf 95.163 kl 0.0138 lr 8.6e-04
it  101 steps   9928704 sps   51,113 | ep_ret -204.36 ep_len   41.4 (n=2353) | pg -0.008 vf 89.232 kl 0.0103 lr 1.9e-03
it  102 steps  10027008 sps   51,114 | ep_ret -204.41 ep_len   42.0 (n=2400) | pg -0.011 vf 85.471 kl 0.0109 lr 4.4e-03
it  103 steps  10125312 sps   51,114 | ep_ret -204.35 ep_len   41.3 (n=2338) | pg -0.003 vf 82.921 kl 0.0233 lr 1.1e-04
it  104 steps  10223616 sps   51,115 | ep_ret -204.38 ep_len   41.8 (n=2365) | pg -0.002 vf 71.973 kl 0.0083 lr 8.6e-04
it  105 steps  10321920 sps   51,116 | ep_ret -204.38 ep_len   41.7 (n=2319) | pg -0.008 vf 71.921 kl 0.0130 lr 1.9e-03
it  106 steps  10420224 sps   51,118 | ep_ret -204.38 ep_len   41.7 (n=2396) | pg -0.011 vf 68.827 kl 0.0151 lr 1.3e-03
it  107 steps  10518528 sps   51,121 | ep_ret -204.39 ep_len   42.0 (n=2299) | pg -0.009 vf 66.752 kl 0.0119 lr 1.9e-03
it  108 steps  10616832 sps   51,119 | ep_ret -204.40 ep_len   42.1 (n=2371) | pg -0.010 vf 66.633 kl 0.0125 lr 2.9e-03
it  109 steps  10715136 sps   51,115 | ep_ret -204.42 ep_len   42.3 (n=2269) | pg 0.001 vf 71.112 kl 0.0151 lr 8.6e-04
it  110 steps  10813440 sps   51,112 | ep_ret -204.49 ep_len   42.8 (n=2321) | pg -0.011 vf 62.031 kl 0.0126 lr 1.9e-03
it  111 steps  10911744 sps   51,110 | ep_ret -204.44 ep_len   42.3 (n=2304) | pg -0.010 vf 61.925 kl 0.0155 lr 2.9e-03
it  112 steps  11010048 sps   51,109 | ep_ret -204.44 ep_len   42.4 (n=2371) | pg -0.006 vf 56.445 kl 0.0133 lr 1.9e-03
it  113 steps  11108352 sps   51,107 | ep_ret -204.41 ep_len   42.3 (n=2268) | pg -0.006 vf 56.547 kl 0.0108 lr 1.3e-03
it  114 steps  11206656 sps   51,099 | ep_ret -204.46 ep_len   42.6 (n=2282) | pg -0.011 vf 55.179 kl 0.0134 lr 1.9e-03
it  115 steps  11304960 sps   51,096 | ep_ret -204.44 ep_len   42.7 (n=2354) | pg -0.006 vf 52.943 kl 0.0146 lr 8.6e-04
it  116 steps  11403264 sps   51,095 | ep_ret -204.45 ep_len   42.6 (n=2306) | pg -0.008 vf 53.129 kl 0.0106 lr 1.9e-03
it  117 steps  11501568 sps   51,093 | ep_ret -204.45 ep_len   42.6 (n=2264) | pg -0.010 vf 53.857 kl 0.0135 lr 1.3e-03
it  118 steps  11599872 sps   51,092 | ep_ret -204.48 ep_len   42.9 (n=2319) | pg -0.009 vf 50.716 kl 0.0136 lr 1.3e-03
it  119 steps  11698176 sps   51,091 | ep_ret -204.50 ep_len   43.3 (n=2265) | pg -0.011 vf 50.106 kl 0.0139 lr 1.9e-03
it  120 steps  11796480 sps   51,091 | ep_ret -204.49 ep_len   43.1 (n=2269) | pg -0.003 vf 53.227 kl 0.0130 lr 8.6e-04
it  121 steps  11894784 sps   51,089 | ep_ret -204.54 ep_len   43.4 (n=2268) | pg -0.012 vf 46.380 kl 0.0129 lr 1.3e-03
it  122 steps  11993088 sps   51,086 | ep_ret -204.55 ep_len   43.6 (n=2223) | pg -0.009 vf 47.944 kl 0.0143 lr 2.9e-03
it  123 steps  12091392 sps   51,084 | ep_ret -204.54 ep_len   43.3 (n=2297) | pg -0.008 vf 46.201 kl 0.0155 lr 8.6e-04
it  124 steps  12189696 sps   51,084 | ep_ret -204.53 ep_len   43.5 (n=2246) | pg -0.008 vf 45.397 kl 0.0111 lr 1.9e-03
it  125 steps  12288000 sps   51,082 | ep_ret -204.56 ep_len   43.9 (n=2233) | pg 0.010 vf 47.505 kl 0.0368 lr 1.0e-05
it  126 steps  12386304 sps   51,080 | ep_ret -204.56 ep_len   43.6 (n=2261) | pg -0.002 vf 43.760 kl 0.0060 lr 1.7e-04
it  127 steps  12484608 sps   51,078 | ep_ret -204.56 ep_len   43.6 (n=2239) | pg -0.006 vf 45.307 kl 0.0127 lr 5.8e-04
it  128 steps  12582912 sps   51,076 | ep_ret -204.57 ep_len   43.7 (n=2235) | pg -0.012 vf 44.721 kl 0.0147 lr 1.3e-03
it  129 steps  12681216 sps   51,074 | ep_ret -204.58 ep_len   43.7 (n=2265) | pg -0.010 vf 44.656 kl 0.0139 lr 1.3e-03
it  130 steps  12779520 sps   51,072 | ep_ret -204.63 ep_len   44.1 (n=2194) | pg -0.006 vf 44.021 kl 0.0151 lr 5.8e-04
it  131 steps  12877824 sps   51,069 | ep_ret -204.64 ep_len   44.2 (n=2276) | pg -0.010 vf 42.120 kl 0.0150 lr 1.7e-04
it  132 steps  12976128 sps   51,067 | ep_ret -204.59 ep_len   43.7 (n=2209) | pg -0.010 vf 40.679 kl 0.0112 lr 8.6e-04
it  133 steps  13074432 sps   51,066 | ep_ret -204.65 ep_len   44.3 (n=2268) | pg -0.006 vf 42.038 kl 0.0118 lr 8.6e-04
it  134 steps  13172736 sps   51,063 | ep_ret -204.56 ep_len   43.4 (n=2224) | pg -0.013 vf 41.155 kl 0.0131 lr 1.3e-03
it  135 steps  13271040 sps   51,061 | ep_ret -204.60 ep_len   43.9 (n=2262) | pg -0.011 vf 39.961 kl 0.0168 lr 3.8e-04
it  136 steps  13369344 sps   51,057 | ep_ret -204.63 ep_len   44.4 (n=2133) | pg -0.007 vf 40.665 kl 0.0134 lr 1.7e-04
it  137 steps  13467648 sps   51,054 | ep_ret -204.66 ep_len   44.5 (n=2270) | pg -0.009 vf 40.107 kl 0.0095 lr 5.8e-04
it  138 steps  13565952 sps   51,050 | ep_ret -204.64 ep_len   44.5 (n=2164) | pg -0.014 vf 41.234 kl 0.0156 lr 8.6e-04
it  139 steps  13664256 sps   51,047 | ep_ret -204.67 ep_len   44.6 (n=2224) | pg -0.011 vf 39.157 kl 0.0153 lr 8.6e-04
it  140 steps  13762560 sps   51,044 | ep_ret -204.68 ep_len   44.8 (n=2166) | pg -0.007 vf 39.599 kl 0.0144 lr 5.8e-04
it  141 steps  13860864 sps   51,039 | ep_ret -204.75 ep_len   45.1 (n=2179) | pg -0.010 vf 38.084 kl 0.0139 lr 3.8e-04
it  142 steps  13959168 sps   51,036 | ep_ret -204.75 ep_len   45.5 (n=2110) | pg -0.015 vf 37.503 kl 0.0134 lr 3.8e-04
it  143 steps  14057472 sps   51,031 | ep_ret -204.82 ep_len   45.9 (n=2209) | pg -0.009 vf 37.734 kl 0.0147 lr 3.8e-04
it  144 steps  14155776 sps   51,027 | ep_ret -204.74 ep_len   45.2 (n=2132) | pg -0.009 vf 38.237 kl 0.0125 lr 3.8e-04
it  145 steps  14254080 sps   51,024 | ep_ret -204.81 ep_len   45.8 (n=2176) | pg -0.008 vf 38.768 kl 0.0130 lr 3.8e-04
it  146 steps  14352384 sps   51,018 | ep_ret -204.79 ep_len   45.6 (n=2096) | pg -0.005 vf 38.451 kl 0.0181 lr 7.6e-05
it  147 steps  14450688 sps   51,013 | ep_ret -204.86 ep_len   46.0 (n=2154) | pg -0.008 vf 38.325 kl 0.0112 lr 7.6e-05
it  148 steps  14548992 sps   51,009 | ep_ret -204.88 ep_len   46.3 (n=2077) | pg -0.005 vf 38.435 kl 0.0115 lr 5.1e-05
it  149 steps  14647296 sps   51,005 | ep_ret -204.94 ep_len   46.8 (n=2144) | pg -0.005 vf 38.238 kl 0.0111 lr 5.1e-05
it  150 steps  14745600 sps   51,002 | ep_ret -204.92 ep_len   46.2 (n=2148) | pg -0.000 vf 39.024 kl 0.0144 lr 1.5e-05
it  151 steps  14843904 sps   50,998 | ep_ret -204.88 ep_len   46.1 (n=2069) | pg -0.004 vf 37.311 kl 0.0102 lr 7.6e-05
it  152 steps  14942208 sps   50,995 | ep_ret -204.94 ep_len   46.6 (n=2148) | pg -0.004 vf 37.015 kl 0.0136 lr 3.4e-05
it  153 steps  15040512 sps   50,991 | ep_ret -204.96 ep_len   46.7 (n=2086) | pg 0.003 vf 37.912 kl 0.0187 lr 1.0e-05
it  154 steps  15138816 sps   50,988 | ep_ret -204.97 ep_len   46.7 (n=2110) | pg -0.002 vf 36.737 kl 0.0094 lr 5.1e-05
it  155 steps  15237120 sps   50,983 | ep_ret -204.95 ep_len   46.8 (n=2107) | pg 0.007 vf 38.159 kl 0.0219 lr 1.0e-05
it  156 steps  15335424 sps   50,980 | ep_ret -204.95 ep_len   46.8 (n=2037) | pg -0.006 vf 38.314 kl 0.0087 lr 7.6e-05
it  157 steps  15433728 sps   50,976 | ep_ret -204.98 ep_len   47.1 (n=2169) | pg -0.011 vf 37.440 kl 0.0144 lr 7.6e-05
it  158 steps  15532032 sps   50,969 | ep_ret -205.04 ep_len   47.2 (n=1990) | pg -0.004 vf 38.308 kl 0.0126 lr 3.4e-05
it  159 steps  15630336 sps   50,964 | ep_ret -205.10 ep_len   47.6 (n=2106) | pg 0.000 vf 38.080 kl 0.0161 lr 1.0e-05
it  160 steps  15728640 sps   50,959 | ep_ret -205.04 ep_len   47.3 (n=2024) | pg -0.004 vf 37.988 kl 0.0104 lr 3.4e-05
it  161 steps  15826944 sps   50,956 | ep_ret -205.10 ep_len   47.8 (n=2095) | pg -0.006 vf 37.333 kl 0.0121 lr 3.4e-05
it  162 steps  15925248 sps   50,953 | ep_ret -205.04 ep_len   47.6 (n=2062) | pg 0.004 vf 38.729 kl 0.0181 lr 1.0e-05
it  163 steps  16023552 sps   50,949 | ep_ret -205.06 ep_len   47.8 (n=2047) | pg 0.004 vf 37.034 kl 0.0149 lr 1.0e-05
it  164 steps  16121856 sps   50,945 | ep_ret -205.11 ep_len   48.3 (n=2016) | pg -0.005 vf 38.948 kl 0.0076 lr 3.4e-05
it  165 steps  16220160 sps   50,939 | ep_ret -205.11 ep_len   47.7 (n=2098) | pg -0.002 vf 38.577 kl 0.0138 lr 1.0e-05
it  166 steps  16318464 sps   50,934 | ep_ret -205.07 ep_len   47.6 (n=2051) | pg -0.004 vf 36.829 kl 0.0090 lr 5.1e-05
it  167 steps  16416768 sps   50,929 | ep_ret -205.15 ep_len   48.2 (n=2060) | pg -0.011 vf 36.897 kl 0.0120 lr 1.7e-04
it  168 steps  16515072 sps   50,926 | ep_ret -205.09 ep_len   47.7 (n=2057) | pg -0.010 vf 37.786 kl 0.0132 lr 1.7e-04
it  169 steps  16613376 sps   50,921 | ep_ret -205.08 ep_len   47.7 (n=2022) | pg 0.002 vf 38.085 kl 0.0192 lr 1.0e-05
it  170 steps  16711680 sps   50,918 | ep_ret -205.16 ep_len   48.5 (n=2030) | pg -0.004 vf 36.472 kl 0.0096 lr 5.1e-05
it  171 steps  16809984 sps   50,915 | ep_ret -205.18 ep_len   48.8 (n=2006) | pg -0.008 vf 36.238 kl 0.0102 lr 7.6e-05
it  172 steps  16908288 sps   50,912 | ep_ret -205.17 ep_len   48.4 (n=2036) | pg -0.006 vf 36.358 kl 0.0117 lr 5.1e-05
it  173 steps  17006592 sps   50,909 | ep_ret -205.15 ep_len   48.2 (n=2012) | pg -0.003 vf 38.218 kl 0.0119 lr 3.4e-05
it  174 steps  17104896 sps   50,904 | ep_ret -205.22 ep_len   49.1 (n=1967) | pg -0.001 vf 37.631 kl 0.0140 lr 1.0e-05
it  175 steps  17203200 sps   50,902 | ep_ret -205.21 ep_len   48.8 (n=2104) | pg 0.003 vf 37.448 kl 0.0139 lr 1.0e-05
it  176 steps  17301504 sps   50,899 | ep_ret -205.24 ep_len   48.9 (n=1930) | pg 0.009 vf 38.444 kl 0.0194 lr 1.0e-05
it  177 steps  17399808 sps   50,896 | ep_ret -205.22 ep_len   48.9 (n=2031) | pg -0.006 vf 37.646 kl 0.0064 lr 7.6e-05
it  178 steps  17498112 sps   50,891 | ep_ret -205.23 ep_len   49.1 (n=2014) | pg 0.005 vf 37.695 kl 0.0186 lr 1.0e-05
it  179 steps  17596416 sps   50,886 | ep_ret -205.28 ep_len   49.5 (n=1963) | pg 0.001 vf 37.531 kl 0.0120 lr 1.0e-05
it  180 steps  17694720 sps   50,882 | ep_ret -205.26 ep_len   49.2 (n=2008) | pg 0.007 vf 37.345 kl 0.0142 lr 1.0e-05
it  181 steps  17793024 sps   50,878 | ep_ret -205.28 ep_len   49.4 (n=1976) | pg -0.004 vf 37.876 kl 0.0086 lr 3.4e-05
it  182 steps  17891328 sps   50,876 | ep_ret -205.29 ep_len   49.6 (n=2014) | pg -0.011 vf 37.510 kl 0.0123 lr 1.7e-04
it  183 steps  17989632 sps   50,873 | ep_ret -205.28 ep_len   49.2 (n=2004) | pg -0.011 vf 38.821 kl 0.0136 lr 1.7e-04
it  184 steps  18087936 sps   50,871 | ep_ret -205.22 ep_len   48.7 (n=1968) | pg -0.003 vf 37.881 kl 0.0139 lr 5.1e-05
it  185 steps  18186240 sps   50,867 | ep_ret -205.31 ep_len   49.7 (n=1980) | pg 0.008 vf 38.776 kl 0.0201 lr 1.0e-05
it  186 steps  18284544 sps   50,864 | ep_ret -205.31 ep_len   49.5 (n=1949) | pg 0.011 vf 37.631 kl 0.0235 lr 1.0e-05
it  187 steps  18382848 sps   50,860 | ep_ret -205.32 ep_len   49.9 (n=1962) | pg -0.008 vf 37.222 kl 0.0068 lr 5.1e-05
it  188 steps  18481152 sps   50,858 | ep_ret -205.39 ep_len   50.2 (n=2004) | pg 0.001 vf 37.724 kl 0.0128 lr 2.3e-05
it  189 steps  18579456 sps   50,856 | ep_ret -205.30 ep_len   49.9 (n=1946) | pg 0.002 vf 38.275 kl 0.0146 lr 1.0e-05
it  190 steps  18677760 sps   50,854 | ep_ret -205.36 ep_len   50.0 (n=1995) | pg -0.004 vf 36.104 kl 0.0093 lr 5.1e-05
it  191 steps  18776064 sps   50,851 | ep_ret -205.38 ep_len   50.3 (n=1935) | pg -0.004 vf 36.614 kl 0.0113 lr 3.4e-05
it  192 steps  18874368 sps   50,850 | ep_ret -205.29 ep_len   49.7 (n=1993) | pg -0.000 vf 37.026 kl 0.0171 lr 1.0e-05
it  193 steps  18972672 sps   50,848 | ep_ret -205.36 ep_len   50.0 (n=1945) | pg -0.006 vf 37.888 kl 0.0067 lr 5.1e-05
it  194 steps  19070976 sps   50,846 | ep_ret -205.40 ep_len   50.0 (n=1929) | pg -0.001 vf 38.222 kl 0.0166 lr 1.0e-05
it  195 steps  19169280 sps   50,843 | ep_ret -205.43 ep_len   50.3 (n=1981) | pg -0.005 vf 37.983 kl 0.0079 lr 5.1e-05
it  196 steps  19267584 sps   50,841 | ep_ret -205.43 ep_len   50.2 (n=1957) | pg -0.010 vf 36.752 kl 0.0130 lr 1.7e-04
it  197 steps  19365888 sps   50,839 | ep_ret -205.44 ep_len   50.2 (n=1982) | pg -0.010 vf 37.334 kl 0.0146 lr 5.8e-04
it  198 steps  19464192 sps   50,837 | ep_ret -205.46 ep_len   50.4 (n=1869) | pg -0.011 vf 37.938 kl 0.0150 lr 3.8e-04
it  199 steps  19562496 sps   50,835 | ep_ret -205.51 ep_len   50.7 (n=2003) | pg -0.006 vf 37.116 kl 0.0145 lr 1.7e-04
it  200 steps  19660800 sps   50,834 | ep_ret -205.51 ep_len   50.8 (n=1886) | pg -0.004 vf 38.010 kl 0.0137 lr 5.1e-05
it  201 steps  19759104 sps   50,831 | ep_ret -205.53 ep_len   51.0 (n=1952) | pg 0.009 vf 38.103 kl 0.0228 lr 1.0e-05
it  202 steps  19857408 sps   50,829 | ep_ret -205.54 ep_len   51.0 (n=1908) | pg 0.011 vf 37.842 kl 0.0200 lr 1.0e-05
it  203 steps  19955712 sps   50,827 | ep_ret -205.59 ep_len   51.5 (n=1973) | pg -0.006 vf 37.816 kl 0.0071 lr 1.1e-04
it  204 steps  20054016 sps   50,825 | ep_ret -205.53 ep_len   51.0 (n=1870) | pg -0.006 vf 37.351 kl 0.0132 lr 7.6e-05
it  205 steps  20152320 sps   50,824 | ep_ret -205.52 ep_len   50.9 (n=1949) | pg 0.001 vf 38.079 kl 0.0119 lr 3.4e-05
it  206 steps  20250624 sps   50,822 | ep_ret -205.60 ep_len   51.7 (n=1856) | pg -0.000 vf 38.413 kl 0.0167 lr 1.0e-05
it  207 steps  20348928 sps   50,821 | ep_ret -205.56 ep_len   51.2 (n=1975) | pg 0.009 vf 36.877 kl 0.0188 lr 1.0e-05
it  208 steps  20447232 sps   50,820 | ep_ret -205.64 ep_len   51.7 (n=1837) | pg -0.004 vf 38.052 kl 0.0082 lr 7.6e-05
it  209 steps  20545536 sps   50,818 | ep_ret -205.60 ep_len   51.4 (n=1995) | pg -0.001 vf 37.111 kl 0.0103 lr 5.1e-05
it  210 steps  20643840 sps   50,817 | ep_ret -205.63 ep_len   51.6 (n=1834) | pg -0.004 vf 39.090 kl 0.0105 lr 5.1e-05
it  211 steps  20742144 sps   50,815 | ep_ret -205.57 ep_len   51.1 (n=1955) | pg -0.002 vf 37.390 kl 0.0117 lr 2.3e-05
it  212 steps  20840448 sps   50,813 | ep_ret -205.61 ep_len   51.8 (n=1835) | pg 0.010 vf 37.981 kl 0.0224 lr 1.0e-05
it  213 steps  20938752 sps   50,811 | ep_ret -205.61 ep_len   51.7 (n=1908) | pg -0.003 vf 37.691 kl 0.0076 lr 1.1e-04
it  214 steps  21037056 sps   50,810 | ep_ret -205.59 ep_len   51.8 (n=1899) | pg 0.011 vf 37.226 kl 0.0246 lr 1.0e-05
it  215 steps  21135360 sps   50,807 | ep_ret -205.64 ep_len   52.1 (n=1919) | pg 0.010 vf 36.329 kl 0.0207 lr 1.0e-05
it  216 steps  21233664 sps   50,805 | ep_ret -205.63 ep_len   52.3 (n=1894) | pg 0.001 vf 38.266 kl 0.0116 lr 3.4e-05
it  217 steps  21331968 sps   50,803 | ep_ret -205.59 ep_len   51.2 (n=1900) | pg -0.010 vf 37.175 kl 0.0102 lr 1.7e-04
it  218 steps  21430272 sps   50,801 | ep_ret -205.66 ep_len   52.4 (n=1886) | pg 0.007 vf 37.542 kl 0.0208 lr 1.0e-05
it  219 steps  21528576 sps   50,799 | ep_ret -205.63 ep_len   51.8 (n=1852) | pg 0.005 vf 37.655 kl 0.0162 lr 1.0e-05
it  220 steps  21626880 sps   50,798 | ep_ret -205.62 ep_len   52.1 (n=1911) | pg -0.004 vf 36.218 kl 0.0083 lr 5.1e-05
it  221 steps  21725184 sps   50,796 | ep_ret -205.68 ep_len   52.2 (n=1912) | pg -0.007 vf 37.475 kl 0.0109 lr 1.7e-04
it  222 steps  21823488 sps   50,794 | ep_ret -205.58 ep_len   51.3 (n=1855) | pg -0.002 vf 37.782 kl 0.0145 lr 3.4e-05
it  223 steps  21921792 sps   50,793 | ep_ret -205.73 ep_len   52.6 (n=1901) | pg -0.000 vf 37.190 kl 0.0143 lr 1.0e-05
it  224 steps  22020096 sps   50,792 | ep_ret -205.65 ep_len   51.8 (n=1906) | pg 0.006 vf 37.273 kl 0.0153 lr 1.0e-05
it  225 steps  22118400 sps   50,790 | ep_ret -205.72 ep_len   52.4 (n=1856) | pg 0.007 vf 37.540 kl 0.0172 lr 1.0e-05
it  226 steps  22216704 sps   50,789 | ep_ret -205.73 ep_len   52.6 (n=1887) | pg -0.001 vf 39.462 kl 0.0076 lr 3.4e-05
it  227 steps  22315008 sps   50,787 | ep_ret -205.67 ep_len   52.1 (n=1844) | pg -0.004 vf 38.734 kl 0.0114 lr 3.4e-05
it  228 steps  22413312 sps   50,786 | ep_ret -205.73 ep_len   52.6 (n=1874) | pg -0.012 vf 37.990 kl 0.0103 lr 1.1e-04
it  229 steps  22511616 sps   50,784 | ep_ret -205.73 ep_len   52.7 (n=1897) | pg -0.000 vf 37.950 kl 0.0145 lr 2.3e-05
it  230 steps  22609920 sps   50,782 | ep_ret -205.71 ep_len   52.2 (n=1884) | pg 0.009 vf 37.790 kl 0.0215 lr 1.0e-05
it  231 steps  22708224 sps   50,780 | ep_ret -205.75 ep_len   52.9 (n=1796) | pg 0.005 vf 38.114 kl 0.0145 lr 1.0e-05
it  232 steps  22806528 sps   50,778 | ep_ret -205.82 ep_len   53.3 (n=1867) | pg 0.008 vf 38.377 kl 0.0182 lr 1.0e-05
it  233 steps  22904832 sps   50,776 | ep_ret -205.74 ep_len   52.7 (n=1863) | pg -0.003 vf 37.562 kl 0.0078 lr 5.1e-05
it  234 steps  23003136 sps   50,774 | ep_ret -205.75 ep_len   53.0 (n=1862) | pg -0.004 vf 37.875 kl 0.0100 lr 1.1e-04
it  235 steps  23101440 sps   50,773 | ep_ret -205.75 ep_len   52.8 (n=1843) | pg -0.007 vf 38.109 kl 0.0125 lr 1.1e-04
it  236 steps  23199744 sps   50,772 | ep_ret -205.80 ep_len   53.6 (n=1837) | pg -0.005 vf 37.554 kl 0.0122 lr 7.6e-05
it  237 steps  23298048 sps   50,770 | ep_ret -205.77 ep_len   53.4 (n=1846) | pg -0.002 vf 37.393 kl 0.0113 lr 7.6e-05
it  238 steps  23396352 sps   50,768 | ep_ret -205.82 ep_len   53.6 (n=1818) | pg -0.006 vf 38.221 kl 0.0128 lr 1.1e-04
it  239 steps  23494656 sps   50,767 | ep_ret -205.80 ep_len   53.2 (n=1839) | pg -0.008 vf 39.553 kl 0.0116 lr 1.7e-04
it  240 steps  23592960 sps   50,765 | ep_ret -205.87 ep_len   53.7 (n=1807) | pg -0.006 vf 38.701 kl 0.0135 lr 2.6e-04
it  241 steps  23691264 sps   50,764 | ep_ret -205.84 ep_len   53.5 (n=1860) | pg 0.003 vf 38.021 kl 0.0172 lr 2.3e-05
it  242 steps  23789568 sps   50,762 | ep_ret -205.93 ep_len   54.1 (n=1819) | pg 0.003 vf 38.632 kl 0.0164 lr 1.0e-05
it  243 steps  23887872 sps   50,761 | ep_ret -205.92 ep_len   53.8 (n=1831) | pg 0.012 vf 39.725 kl 0.0220 lr 1.0e-05
it  244 steps  23986176 sps   50,760 | ep_ret -205.91 ep_len   54.0 (n=1808) | pg 0.001 vf 39.224 kl 0.0102 lr 7.6e-05
it  245 steps  24084480 sps   50,759 | ep_ret -205.92 ep_len   53.8 (n=1800) | pg -0.004 vf 41.524 kl 0.0130 lr 1.7e-04
it  246 steps  24182784 sps   50,757 | ep_ret -205.96 ep_len   54.0 (n=1829) | pg -0.005 vf 39.457 kl 0.0130 lr 7.6e-05
it  247 steps  24281088 sps   50,756 | ep_ret -205.99 ep_len   54.3 (n=1838) | pg -0.005 vf 40.552 kl 0.0114 lr 1.1e-04
it  248 steps  24379392 sps   50,755 | ep_ret -206.01 ep_len   54.0 (n=1790) | pg -0.005 vf 40.750 kl 0.0118 lr 1.7e-04
it  249 steps  24477696 sps   50,753 | ep_ret -206.00 ep_len   54.1 (n=1806) | pg 0.001 vf 39.534 kl 0.0176 lr 1.5e-05
it  250 steps  24576000 sps   50,752 | ep_ret -206.05 ep_len   54.6 (n=1814) | pg 0.010 vf 39.424 kl 0.0205 lr 1.0e-05
it  251 steps  24674304 sps   50,751 | ep_ret -206.02 ep_len   54.4 (n=1800) | pg -0.002 vf 40.816 kl 0.0092 lr 7.6e-05
it  252 steps  24772608 sps   50,749 | ep_ret -206.07 ep_len   54.4 (n=1759) | pg 0.008 vf 40.797 kl 0.0202 lr 1.0e-05
it  253 steps  24870912 sps   50,748 | ep_ret -206.11 ep_len   54.9 (n=1837) | pg 0.014 vf 39.891 kl 0.0240 lr 1.0e-05
it  254 steps  24969216 sps   50,747 | ep_ret -206.13 ep_len   55.0 (n=1764) | pg -0.002 vf 42.191 kl 0.0070 lr 1.7e-04
it  255 steps  25067520 sps   50,746 | ep_ret -206.05 ep_len   54.6 (n=1771) | pg -0.004 vf 40.174 kl 0.0147 lr 1.1e-04
it  256 steps  25165824 sps   50,745 | ep_ret -206.18 ep_len   55.2 (n=1789) | pg 0.003 vf 40.356 kl 0.0142 lr 2.3e-05
it  257 steps  25264128 sps   50,744 | ep_ret -206.11 ep_len   55.4 (n=1767) | pg -0.004 vf 41.960 kl 0.0080 lr 7.6e-05
it  258 steps  25362432 sps   50,741 | ep_ret -206.22 ep_len   55.6 (n=1793) | pg -0.001 vf 41.713 kl 0.0128 lr 5.1e-05
it  259 steps  25460736 sps   50,739 | ep_ret -206.14 ep_len   55.0 (n=1748) | pg 0.010 vf 41.203 kl 0.0206 lr 1.0e-05
it  260 steps  25559040 sps   50,738 | ep_ret -206.20 ep_len   55.8 (n=1781) | pg 0.017 vf 41.752 kl 0.0263 lr 1.0e-05
it  261 steps  25657344 sps   50,736 | ep_ret -206.23 ep_len   55.7 (n=1770) | pg 0.001 vf 41.579 kl 0.0116 lr 2.3e-05
it  262 steps  25755648 sps   50,734 | ep_ret -206.17 ep_len   55.3 (n=1749) | pg 0.008 vf 42.158 kl 0.0182 lr 1.0e-05
it  263 steps  25853952 sps   50,731 | ep_ret -206.22 ep_len   55.6 (n=1757) | pg 0.014 vf 42.191 kl 0.0236 lr 1.0e-05
it  264 steps  25952256 sps   50,729 | ep_ret -206.30 ep_len   56.2 (n=1781) | pg -0.002 vf 43.624 kl 0.0090 lr 7.6e-05
it  265 steps  26050560 sps   50,728 | ep_ret -206.20 ep_len   55.4 (n=1779) | pg -0.003 vf 42.109 kl 0.0103 lr 3.4e-05
it  266 steps  26148864 sps   50,727 | ep_ret -206.21 ep_len   55.4 (n=1756) | pg 0.007 vf 43.915 kl 0.0190 lr 1.0e-05
it  267 steps  26247168 sps   50,726 | ep_ret -206.22 ep_len   55.7 (n=1762) | pg 0.013 vf 43.256 kl 0.0233 lr 1.0e-05
it  268 steps  26345472 sps   50,724 | ep_ret -206.30 ep_len   56.2 (n=1708) | pg 0.006 vf 43.606 kl 0.0144 lr 2.3e-05
it  269 steps  26443776 sps   50,720 | ep_ret -206.21 ep_len   55.6 (n=1830) | pg 0.011 vf 43.306 kl 0.0210 lr 1.0e-05
it  270 steps  26542080 sps   50,719 | ep_ret -206.29 ep_len   56.3 (n=1709) | pg 0.007 vf 44.062 kl 0.0166 lr 1.0e-05
it  271 steps  26640384 sps   50,717 | ep_ret -206.18 ep_len   55.3 (n=1781) | pg 0.000 vf 43.085 kl 0.0108 lr 7.6e-05
it  272 steps  26738688 sps   50,716 | ep_ret -206.27 ep_len   56.1 (n=1771) | pg 0.002 vf 42.882 kl 0.0164 lr 1.5e-05
it  273 steps  26836992 sps   50,716 | ep_ret -206.26 ep_len   55.6 (n=1786) | pg -0.004 vf 41.420 kl 0.0085 lr 7.6e-05
it  274 steps  26935296 sps   50,714 | ep_ret -206.28 ep_len   56.2 (n=1705) | pg 0.006 vf 43.370 kl 0.0209 lr 1.0e-05
it  275 steps  27033600 sps   50,713 | ep_ret -206.32 ep_len   56.3 (n=1759) | pg 0.011 vf 42.789 kl 0.0201 lr 1.0e-05
it  276 steps  27131904 sps   50,712 | ep_ret -206.28 ep_len   56.3 (n=1717) | pg -0.004 vf 43.246 kl 0.0077 lr 1.1e-04
it  277 steps  27230208 sps   50,711 | ep_ret -206.30 ep_len   56.2 (n=1762) | pg -0.003 vf 42.263 kl 0.0113 lr 7.6e-05
it  278 steps  27328512 sps   50,709 | ep_ret -206.37 ep_len   56.8 (n=1725) | pg -0.007 vf 43.974 kl 0.0114 lr 1.7e-04
it  279 steps  27426816 sps   50,708 | ep_ret -206.30 ep_len   56.1 (n=1742) | pg 0.001 vf 44.071 kl 0.0124 lr 3.4e-05
it  280 steps  27525120 sps   50,706 | ep_ret -206.41 ep_len   56.9 (n=1708) | pg 0.002 vf 43.587 kl 0.0162 lr 1.0e-05
it  281 steps  27623424 sps   50,704 | ep_ret -206.42 ep_len   57.2 (n=1739) | pg 0.009 vf 43.099 kl 0.0178 lr 1.0e-05
it  282 steps  27721728 sps   50,703 | ep_ret -206.45 ep_len   57.1 (n=1709) | pg -0.000 vf 43.907 kl 0.0107 lr 3.4e-05
it  283 steps  27820032 sps   50,702 | ep_ret -206.39 ep_len   56.7 (n=1738) | pg 0.008 vf 43.467 kl 0.0177 lr 1.0e-05
it  284 steps  27918336 sps   50,701 | ep_ret -206.39 ep_len   57.2 (n=1722) | pg 0.013 vf 43.825 kl 0.0219 lr 1.0e-05
it  285 steps  28016640 sps   50,701 | ep_ret -206.37 ep_len   56.8 (n=1719) | pg -0.002 vf 43.866 kl 0.0086 lr 5.1e-05
it  286 steps  28114944 sps   50,699 | ep_ret -206.47 ep_len   57.3 (n=1769) | pg 0.001 vf 43.432 kl 0.0143 lr 1.5e-05
it  287 steps  28213248 sps   50,696 | ep_ret -206.44 ep_len   56.9 (n=1662) | pg -0.006 vf 44.394 kl 0.0097 lr 7.6e-05
it  288 steps  28311552 sps   50,694 | ep_ret -206.42 ep_len   56.8 (n=1764) | pg 0.007 vf 43.042 kl 0.0186 lr 1.0e-05
it  289 steps  28409856 sps   50,693 | ep_ret -206.43 ep_len   57.1 (n=1685) | pg 0.007 vf 43.753 kl 0.0203 lr 1.0e-05
it  290 steps  28508160 sps   50,692 | ep_ret -206.45 ep_len   57.2 (n=1729) | pg 0.004 vf 44.669 kl 0.0116 lr 1.5e-05
it  291 steps  28606464 sps   50,691 | ep_ret -206.51 ep_len   57.4 (n=1699) | pg 0.018 vf 43.610 kl 0.0303 lr 1.0e-05
it  292 steps  28704768 sps   50,690 | ep_ret -206.52 ep_len   57.6 (n=1720) | pg -0.006 vf 46.008 kl 0.0060 lr 1.1e-04
it  293 steps  28803072 sps   50,687 | ep_ret -206.53 ep_len   57.5 (n=1704) | pg -0.008 vf 45.976 kl 0.0122 lr 2.6e-04
it  294 steps  28901376 sps   50,685 | ep_ret -206.53 ep_len   57.6 (n=1628) | pg -0.007 vf 45.577 kl 0.0147 lr 2.6e-04
it  295 steps  28999680 sps   50,684 | ep_ret -206.58 ep_len   58.1 (n=1758) | pg -0.012 vf 45.237 kl 0.0146 lr 3.8e-04
it  296 steps  29097984 sps   50,684 | ep_ret -206.73 ep_len   58.9 (n=1623) | pg -0.008 vf 46.490 kl 0.0143 lr 5.8e-04
it  297 steps  29196288 sps   50,683 | ep_ret -206.62 ep_len   57.9 (n=1705) | pg -0.010 vf 47.735 kl 0.0142 lr 8.6e-04
it  298 steps  29294592 sps   50,683 | ep_ret -206.80 ep_len   59.0 (n=1660) | pg -0.009 vf 46.917 kl 0.0147 lr 8.6e-04
it  299 steps  29392896 sps   50,682 | ep_ret -206.73 ep_len   58.8 (n=1663) | pg -0.010 vf 47.266 kl 0.0141 lr 8.6e-04
it  300 steps  29491200 sps   50,681 | ep_ret -206.86 ep_len   59.5 (n=1653) | pg -0.010 vf 47.606 kl 0.0151 lr 5.8e-04
it  301 steps  29589504 sps   50,680 | ep_ret -206.77 ep_len   58.8 (n=1681) | pg -0.003 vf 46.526 kl 0.0130 lr 1.7e-04
it  302 steps  29687808 sps   50,679 | ep_ret -206.82 ep_len   58.9 (n=1667) | pg -0.009 vf 45.839 kl 0.0136 lr 2.6e-04
it  303 steps  29786112 sps   50,678 | ep_ret -206.85 ep_len   59.3 (n=1640) | pg -0.012 vf 46.791 kl 0.0150 lr 2.6e-04
it  304 steps  29884416 sps   50,677 | ep_ret -206.88 ep_len   58.7 (n=1664) | pg -0.011 vf 47.543 kl 0.0132 lr 2.6e-04
it  305 steps  29982720 sps   50,676 | ep_ret -206.97 ep_len   59.6 (n=1662) | pg -0.006 vf 45.168 kl 0.0185 lr 5.1e-05
it  306 steps  30081024 sps   50,675 | ep_ret -206.88 ep_len   58.7 (n=1633) | pg -0.009 vf 46.663 kl 0.0081 lr 1.7e-04
it  307 steps  30179328 sps   50,673 | ep_ret -207.04 ep_len   60.0 (n=1688) | pg 0.004 vf 46.661 kl 0.0170 lr 2.3e-05
it  308 steps  30277632 sps   50,672 | ep_ret -206.98 ep_len   59.0 (n=1588) | pg -0.002 vf 47.619 kl 0.0100 lr 1.1e-04
it  309 steps  30375936 sps   50,671 | ep_ret -207.08 ep_len   60.1 (n=1701) | pg -0.009 vf 46.450 kl 0.0112 lr 3.8e-04
it  310 steps  30474240 sps   50,670 | ep_ret -207.08 ep_len   60.1 (n=1561) | pg -0.006 vf 48.045 kl 0.0128 lr 3.8e-04
it  311 steps  30572544 sps   50,669 | ep_ret -207.20 ep_len   60.4 (n=1652) | pg -0.007 vf 47.813 kl 0.0142 lr 2.6e-04
it  312 steps  30670848 sps   50,668 | ep_ret -207.21 ep_len   60.5 (n=1610) | pg -0.002 vf 50.209 kl 0.0113 lr 1.7e-04
it  313 steps  30769152 sps   50,667 | ep_ret -207.24 ep_len   60.8 (n=1598) | pg -0.007 vf 51.081 kl 0.0095 lr 3.8e-04
it  314 steps  30867456 sps   50,665 | ep_ret -207.34 ep_len   61.1 (n=1594) | pg -0.006 vf 49.975 kl 0.0151 lr 2.6e-04
it  315 steps  30965760 sps   50,664 | ep_ret -207.45 ep_len   61.9 (n=1579) | pg -0.010 vf 50.040 kl 0.0125 lr 5.8e-04
it  316 steps  31064064 sps   50,662 | ep_ret -207.50 ep_len   61.8 (n=1631) | pg -0.011 vf 51.403 kl 0.0138 lr 8.6e-04
it  317 steps  31162368 sps   50,661 | ep_ret -207.45 ep_len   61.4 (n=1562) | pg -0.008 vf 52.155 kl 0.0145 lr 3.8e-04
it  318 steps  31260672 sps   50,660 | ep_ret -207.57 ep_len   61.9 (n=1559) | pg -0.011 vf 50.649 kl 0.0133 lr 3.8e-04
it  319 steps  31358976 sps   50,658 | ep_ret -207.54 ep_len   62.3 (n=1632) | pg -0.008 vf 51.555 kl 0.0136 lr 2.6e-04
it  320 steps  31457280 sps   50,657 | ep_ret -207.52 ep_len   61.5 (n=1529) | pg -0.004 vf 52.453 kl 0.0140 lr 3.8e-04
it  321 steps  31555584 sps   50,655 | ep_ret -207.62 ep_len   62.6 (n=1554) | pg -0.009 vf 52.891 kl 0.0143 lr 5.8e-04
it  322 steps  31653888 sps   50,654 | ep_ret -207.70 ep_len   63.5 (n=1555) | pg -0.007 vf 52.405 kl 0.0174 lr 2.6e-04
it  323 steps  31752192 sps   50,653 | ep_ret -207.76 ep_len   63.2 (n=1542) | pg -0.004 vf 52.020 kl 0.0143 lr 3.8e-04
it  324 steps  31850496 sps   50,652 | ep_ret -207.82 ep_len   63.2 (n=1482) | pg -0.003 vf 54.131 kl 0.0129 lr 2.6e-04
it  325 steps  31948800 sps   50,651 | ep_ret -207.87 ep_len   64.0 (n=1585) | pg -0.007 vf 53.793 kl 0.0117 lr 3.8e-04
it  326 steps  32047104 sps   50,650 | ep_ret -207.93 ep_len   63.8 (n=1550) | pg -0.010 vf 53.490 kl 0.0178 lr 2.6e-04
it  327 steps  32145408 sps   50,649 | ep_ret -207.94 ep_len   64.0 (n=1531) | pg -0.006 vf 54.606 kl 0.0122 lr 2.6e-04
it  328 steps  32243712 sps   50,647 | ep_ret -208.04 ep_len   64.3 (n=1520) | pg -0.007 vf 54.451 kl 0.0142 lr 1.1e-04
it  329 steps  32342016 sps   50,646 | ep_ret -207.98 ep_len   63.7 (n=1539) | pg 0.000 vf 56.182 kl 0.0121 lr 5.1e-05
it  330 steps  32440320 sps   50,645 | ep_ret -208.13 ep_len   64.5 (n=1491) | pg 0.001 vf 56.951 kl 0.0103 lr 3.4e-05
it  331 steps  32538624 sps   50,643 | ep_ret -208.19 ep_len   65.0 (n=1509) | pg -0.004 vf 56.156 kl 0.0074 lr 1.1e-04
it  332 steps  32636928 sps   50,641 | ep_ret -208.35 ep_len   65.8 (n=1449) | pg -0.004 vf 59.383 kl 0.0122 lr 3.8e-04
it  333 steps  32735232 sps   50,640 | ep_ret -208.27 ep_len   65.5 (n=1465) | pg -0.007 vf 60.925 kl 0.0147 lr 5.8e-04
it  334 steps  32833536 sps   50,638 | ep_ret -208.29 ep_len   65.9 (n=1539) | pg -0.009 vf 59.618 kl 0.0155 lr 3.8e-04
it  335 steps  32931840 sps   50,636 | ep_ret -208.49 ep_len   67.2 (n=1421) | pg -0.004 vf 63.899 kl 0.0123 lr 1.7e-04
it  336 steps  33030144 sps   50,634 | ep_ret -208.46 ep_len   66.4 (n=1445) | pg -0.011 vf 63.357 kl 0.0135 lr 5.8e-04
it  337 steps  33128448 sps   50,633 | ep_ret -208.75 ep_len   68.2 (n=1478) | pg -0.010 vf 61.244 kl 0.0148 lr 5.8e-04
it  338 steps  33226752 sps   50,631 | ep_ret -208.80 ep_len   67.7 (n=1373) | pg -0.010 vf 63.165 kl 0.0162 lr 8.6e-04
it  339 steps  33325056 sps   50,629 | ep_ret -208.73 ep_len   67.6 (n=1481) | pg -0.009 vf 64.780 kl 0.0168 lr 1.7e-04
it  340 steps  33423360 sps   50,627 | ep_ret -208.96 ep_len   69.2 (n=1399) | pg -0.002 vf 66.501 kl 0.0106 lr 1.7e-04
it  341 steps  33521664 sps   50,625 | ep_ret -208.83 ep_len   68.0 (n=1418) | pg -0.009 vf 67.209 kl 0.0125 lr 3.8e-04
it  342 steps  33619968 sps   50,623 | ep_ret -208.95 ep_len   69.1 (n=1413) | pg -0.005 vf 68.829 kl 0.0151 lr 1.7e-04
it  343 steps  33718272 sps   50,620 | ep_ret -208.88 ep_len   68.9 (n=1376) | pg -0.003 vf 68.689 kl 0.0123 lr 1.7e-04
it  344 steps  33816576 sps   50,618 | ep_ret -209.15 ep_len   70.3 (n=1394) | pg -0.008 vf 70.857 kl 0.0128 lr 2.6e-04
it  345 steps  33914880 sps   50,616 | ep_ret -209.15 ep_len   70.4 (n=1395) | pg -0.006 vf 70.432 kl 0.0137 lr 1.7e-04
it  346 steps  34013184 sps   50,614 | ep_ret -209.17 ep_len   70.7 (n=1330) | pg -0.003 vf 72.695 kl 0.0141 lr 5.1e-05
it  347 steps  34111488 sps   50,612 | ep_ret -209.56 ep_len   72.1 (n=1353) | pg -0.004 vf 74.991 kl 0.0105 lr 2.6e-04
it  348 steps  34209792 sps   50,610 | ep_ret -209.51 ep_len   72.1 (n=1371) | pg -0.004 vf 73.373 kl 0.0141 lr 1.1e-04
it  349 steps  34308096 sps   50,609 | ep_ret -209.62 ep_len   72.0 (n=1359) | pg -0.008 vf 73.132 kl 0.0096 lr 2.6e-04
it  350 steps  34406400 sps   50,607 | ep_ret -209.52 ep_len   71.6 (n=1376) | pg -0.003 vf 73.010 kl 0.0153 lr 1.7e-04
it  351 steps  34504704 sps   50,605 | ep_ret -209.74 ep_len   73.4 (n=1329) | pg -0.003 vf 77.825 kl 0.0108 lr 1.7e-04
it  352 steps  34603008 sps   50,603 | ep_ret -209.49 ep_len   71.7 (n=1317) | pg -0.010 vf 78.192 kl 0.0086 lr 3.8e-04
it  353 steps  34701312 sps   50,601 | ep_ret -209.95 ep_len   73.9 (n=1303) | pg -0.005 vf 81.145 kl 0.0143 lr 1.7e-04
it  354 steps  34799616 sps   50,600 | ep_ret -209.80 ep_len   73.7 (n=1365) | pg -0.002 vf 82.709 kl 0.0148 lr 7.6e-05
it  355 steps  34897920 sps   50,597 | ep_ret -209.99 ep_len   73.7 (n=1338) | pg -0.002 vf 83.178 kl 0.0099 lr 1.1e-04 | blown 1 dropped 0
it  356 steps  34996224 sps   50,595 | ep_ret -209.96 ep_len   73.5 (n=1280) | pg 0.002 vf 83.535 kl 0.0121 lr 1.1e-04
it  357 steps  35094528 sps   50,593 | ep_ret -210.33 ep_len   74.8 (n=1287) | pg 0.009 vf 83.619 kl 0.0184 lr 1.0e-05 | blown 1 dropped 0
it  358 steps  35192832 sps   50,591 | ep_ret -210.15 ep_len   74.4 (n=1361) | pg 0.007 vf 84.562 kl 0.0141 lr 1.0e-05
it  359 steps  35291136 sps   50,590 | ep_ret -210.36 ep_len   75.3 (n=1240) | pg 0.003 vf 79.734 kl 0.0101 lr 7.6e-05
it  360 steps  35389440 sps   50,588 | ep_ret -210.43 ep_len   76.0 (n=1287) | pg -0.006 vf 83.030 kl 0.0083 lr 1.7e-04
it  361 steps  35487744 sps   50,586 | ep_ret -210.53 ep_len   76.2 (n=1321) | pg -0.007 vf 83.485 kl 0.0121 lr 3.8e-04
it  362 steps  35586048 sps   50,583 | ep_ret -210.81 ep_len   77.2 (n=1221) | pg -0.003 vf 88.055 kl 0.0165 lr 7.6e-05
it  363 steps  35684352 sps   50,581 | ep_ret -210.35 ep_len   75.5 (n=1269) | pg 0.004 vf 87.359 kl 0.0136 lr 7.6e-05
it  364 steps  35782656 sps   50,578 | ep_ret -210.79 ep_len   77.8 (n=1272) | pg -0.003 vf 82.648 kl 0.0112 lr 1.1e-04
it  365 steps  35880960 sps   50,576 | ep_ret -210.82 ep_len   77.8 (n=1264) | pg -0.003 vf 84.404 kl 0.0109 lr 1.7e-04
it  366 steps  35979264 sps   50,573 | ep_ret -211.30 ep_len   79.3 (n=1250) | pg -0.006 vf 84.886 kl 0.0125 lr 1.7e-04
it  367 steps  36077568 sps   50,571 | ep_ret -210.70 ep_len   76.8 (n=1246) | pg -0.005 vf 81.454 kl 0.0121 lr 1.7e-04
it  368 steps  36175872 sps   50,568 | ep_ret -210.84 ep_len   77.9 (n=1201) | pg -0.004 vf 85.669 kl 0.0113 lr 2.6e-04
it  369 steps  36274176 sps   50,566 | ep_ret -211.23 ep_len   79.4 (n=1227) | pg -0.002 vf 87.209 kl 0.0143 lr 1.7e-04
it  370 steps  36372480 sps   50,564 | ep_ret -211.28 ep_len   80.1 (n=1249) | pg -0.005 vf 87.672 kl 0.0117 lr 2.6e-04
it  371 steps  36470784 sps   50,561 | ep_ret -211.38 ep_len   79.1 (n=1257) | pg -0.004 vf 89.986 kl 0.0124 lr 2.6e-04
it  372 steps  36569088 sps   50,559 | ep_ret -211.58 ep_len   80.0 (n=1146) | pg -0.010 vf 88.178 kl 0.0129 lr 5.8e-04
it  373 steps  36667392 sps   50,556 | ep_ret -211.47 ep_len   80.5 (n=1170) | pg -0.012 vf 92.015 kl 0.0152 lr 8.6e-04
it  374 steps  36765696 sps   50,554 | ep_ret -211.64 ep_len   81.0 (n=1235) | pg -0.012 vf 95.881 kl 0.0157 lr 8.6e-04
it  375 steps  36864000 sps   50,551 | ep_ret -212.18 ep_len   83.6 (n=1127) | pg -0.011 vf 94.289 kl 0.0148 lr 5.8e-04
it  376 steps  36962304 sps   50,550 | ep_ret -212.03 ep_len   82.6 (n=1196) | pg -0.008 vf 92.787 kl 0.0143 lr 2.6e-04
it  377 steps  37060608 sps   50,548 | ep_ret -212.39 ep_len   83.1 (n=1184) | pg -0.008 vf 91.149 kl 0.0144 lr 2.6e-04 | blown 1 dropped 0
it  378 steps  37158912 sps   50,546 | ep_ret -212.33 ep_len   83.6 (n=1171) | pg -0.007 vf 93.002 kl 0.0123 lr 3.8e-04
it  379 steps  37257216 sps   50,544 | ep_ret -212.37 ep_len   83.2 (n=1115) | pg -0.010 vf 96.653 kl 0.0167 lr 3.8e-04
it  380 steps  37355520 sps   50,539 | ep_ret -212.32 ep_len   82.8 (n=1124) | pg -0.010 vf 97.804 kl 0.0153 lr 2.6e-04
it  381 steps  37453824 sps   50,538 | ep_ret -212.94 ep_len   86.0 (n=1148) | pg -0.009 vf 96.012 kl 0.0143 lr 3.8e-04 | blown 1 dropped 0
it  382 steps  37552128 sps   50,535 | ep_ret -213.26 ep_len   88.1 (n=1116) | pg -0.011 vf 96.140 kl 0.0130 lr 3.8e-04 | blown 1 dropped 0
it  383 steps  37650432 sps   50,534 | ep_ret -213.11 ep_len   86.8 (n=1083) | pg -0.004 vf 99.285 kl 0.0161 lr 7.6e-05
it  384 steps  37748736 sps   50,532 | ep_ret -213.19 ep_len   86.3 (n=1139) | pg 0.001 vf 101.251 kl 0.0127 lr 7.6e-05
it  385 steps  37847040 sps   50,530 | ep_ret -213.15 ep_len   87.5 (n=1045) | pg -0.002 vf 103.000 kl 0.0092 lr 1.7e-04
it  386 steps  37945344 sps   50,528 | ep_ret -213.36 ep_len   87.5 (n=1067) | pg -0.011 vf 101.866 kl 0.0109 lr 3.8e-04
it  387 steps  38043648 sps   50,526 | ep_ret -213.38 ep_len   89.1 (n=1056) | pg -0.010 vf 104.575 kl 0.0134 lr 5.8e-04
it  388 steps  38141952 sps   50,524 | ep_ret -214.16 ep_len   91.6 (n=1071) | pg -0.003 vf 103.772 kl 0.0186 lr 3.4e-05 | blown 1 dropped 0
it  389 steps  38240256 sps   50,523 | ep_ret -214.23 ep_len   92.7 (n=1077) | pg 0.001 vf 103.104 kl 0.0122 lr 3.4e-05
it  390 steps  38338560 sps   50,521 | ep_ret -214.42 ep_len   94.8 (n=1004) | pg 0.001 vf 104.776 kl 0.0107 lr 1.1e-04
it  391 steps  38436864 sps   50,519 | ep_ret -214.22 ep_len   93.1 (n=1056) | pg 0.003 vf 107.561 kl 0.0150 lr 7.6e-05
it  392 steps  38535168 sps   50,517 | ep_ret -213.64 ep_len   90.4 (n=1076) | pg 0.004 vf 114.124 kl 0.0134 lr 5.1e-05
it  393 steps  38633472 sps   50,515 | ep_ret -213.60 ep_len   90.8 (n=995) | pg 0.010 vf 119.084 kl 0.0169 lr 5.1e-05
it  394 steps  38731776 sps   50,513 | ep_ret -213.93 ep_len   93.3 (n=995) | pg 0.010 vf 111.766 kl 0.0177 lr 3.4e-05 | blown 1 dropped 0
it  395 steps  38830080 sps   50,510 | ep_ret -214.38 ep_len   95.4 (n=1019) | pg -0.001 vf 115.053 kl 0.0103 lr 1.1e-04
it  396 steps  38928384 sps   50,508 | ep_ret -214.62 ep_len   97.6 (n=1003) | pg -0.006 vf 115.941 kl 0.0113 lr 1.7e-04
it  397 steps  39026688 sps   50,506 | ep_ret -214.34 ep_len   95.8 (n=1006) | pg -0.006 vf 114.000 kl 0.0126 lr 2.6e-04 | blown 1 dropped 0
it  398 steps  39124992 sps   50,504 | ep_ret -214.50 ep_len   97.1 (n=952) | pg -0.008 vf 112.774 kl 0.0122 lr 3.8e-04 | blown 2 dropped 0
it  399 steps  39223296 sps   50,502 | ep_ret -214.82 ep_len   98.6 (n=947) | pg -0.008 vf 117.231 kl 0.0157 lr 2.6e-04
it  400 steps  39321600 sps   50,500 | ep_ret -215.01 ep_len   98.0 (n=945) | pg -0.007 vf 113.445 kl 0.0109 lr 2.6e-04 | blown 1 dropped 0
it  401 steps  39419904 sps   50,498 | ep_ret -215.61 ep_len  102.9 (n=957) | pg -0.009 vf 118.854 kl 0.0144 lr 3.8e-04
it  402 steps  39518208 sps   50,496 | ep_ret -215.45 ep_len  100.5 (n=936) | pg -0.006 vf 119.598 kl 0.0118 lr 1.7e-04
it  403 steps  39616512 sps   50,494 | ep_ret -216.02 ep_len  103.0 (n=973) | pg -0.009 vf 121.011 kl 0.0110 lr 2.6e-04
it  404 steps  39714816 sps   50,492 | ep_ret -215.93 ep_len  104.3 (n=914) | pg -0.007 vf 118.401 kl 0.0116 lr 2.6e-04
it  405 steps  39813120 sps   50,489 | ep_ret -216.15 ep_len  104.8 (n=884) | pg -0.011 vf 119.012 kl 0.0100 lr 3.8e-04 | blown 1 dropped 0
it  406 steps  39911424 sps   50,487 | ep_ret -215.99 ep_len  103.3 (n=886) | pg -0.011 vf 127.897 kl 0.0151 lr 3.8e-04 | blown 1 dropped 0
it  407 steps  40009728 sps   50,485 | ep_ret -216.37 ep_len  105.6 (n=931) | pg -0.012 vf 126.257 kl 0.0139 lr 2.6e-04 | blown 2 dropped 0
it  408 steps  40108032 sps   50,482 | ep_ret -216.76 ep_len  106.3 (n=894) | pg -0.011 vf 121.803 kl 0.0137 lr 1.7e-04 | blown 3 dropped 0
it  409 steps  40206336 sps   50,480 | ep_ret -217.77 ep_len  108.9 (n=821) | pg -0.008 vf 129.640 kl 0.0115 lr 3.8e-04 | blown 2 dropped 0
it  410 steps  40304640 sps   50,478 | ep_ret -217.01 ep_len  106.9 (n=904) | pg -0.007 vf 125.383 kl 0.0151 lr 3.8e-04 | blown 3 dropped 0
it  411 steps  40402944 sps   50,476 | ep_ret -217.39 ep_len  111.7 (n=823) | pg -0.010 vf 129.735 kl 0.0145 lr 3.8e-04 | blown 1 dropped 0
it  412 steps  40501248 sps   50,476 | ep_ret -217.57 ep_len  109.5 (n=813) | pg -0.010 vf 148.720 kl 0.0125 lr 5.8e-04 | blown 2 dropped 0
it  413 steps  40599552 sps   50,468 | ep_ret -218.38 ep_len  114.0 (n=834) | pg -0.010 vf 127.895 kl 0.0155 lr 1.7e-04 | blown 2 dropped 0
it  414 steps  40697856 sps   50,439 | ep_ret -217.64 ep_len  113.4 (n=849) | pg -0.001 vf 132.204 kl 0.0136 lr 5.1e-05
it  415 steps  40796160 sps   50,438 | ep_ret -219.14 ep_len  122.0 (n=760) | pg 0.003 vf 128.870 kl 0.0135 lr 7.6e-05
it  416 steps  40894464 sps   50,409 | ep_ret -218.96 ep_len  120.3 (n=766) | pg -0.001 vf 123.918 kl 0.0135 lr 1.1e-04
it  417 steps  40992768 sps   50,406 | ep_ret -219.01 ep_len  121.2 (n=773) | pg -0.005 vf 132.104 kl 0.0113 lr 1.7e-04 | blown 1 dropped 0
it  418 steps  41091072 sps   50,389 | ep_ret -219.95 ep_len  119.1 (n=817) | pg -0.007 vf 156.630 kl 0.0115 lr 3.8e-04 | blown 1 dropped 0
it  419 steps  41189376 sps   50,367 | ep_ret -220.34 ep_len  123.7 (n=810) | pg -0.003 vf 157.371 kl 0.0178 lr 5.1e-05 | blown 2 dropped 0
it  420 steps  41287680 sps   50,364 | ep_ret -219.70 ep_len  122.2 (n=794) | pg -0.005 vf 126.807 kl 0.0106 lr 1.1e-04 | blown 1 dropped 0
it  421 steps  41385984 sps   50,335 | ep_ret -219.18 ep_len  122.0 (n=807) | pg -0.010 vf 128.188 kl 0.0079 lr 3.8e-04
it  422 steps  41484288 sps   50,333 | ep_ret -220.36 ep_len  124.0 (n=762) | pg -0.009 vf 134.177 kl 0.0138 lr 2.6e-04 | blown 1 dropped 0
it  423 steps  41582592 sps   50,313 | ep_ret -220.33 ep_len  122.3 (n=763) | pg -0.009 vf 132.368 kl 0.0107 lr 1.7e-04 | blown 3 dropped 0
it  424 steps  41680896 sps   50,302 | ep_ret -220.06 ep_len  124.0 (n=752) | pg -0.011 vf 133.041 kl 0.0097 lr 3.8e-04 | blown 1 dropped 0
it  425 steps  41779200 sps   50,300 | ep_ret -220.73 ep_len  125.6 (n=712) | pg -0.007 vf 137.446 kl 0.0151 lr 1.7e-04 | blown 1 dropped 0
it  426 steps  41877504 sps   50,298 | ep_ret -220.04 ep_len  124.0 (n=763) | pg -0.003 vf 134.087 kl 0.0141 lr 1.1e-04
it  427 steps  41975808 sps   50,297 | ep_ret -221.19 ep_len  128.2 (n=730) | pg -0.004 vf 134.728 kl 0.0124 lr 7.6e-05 | blown 1 dropped 0
it  428 steps  42074112 sps   50,295 | ep_ret -220.94 ep_len  127.3 (n=700) | pg -0.006 vf 138.112 kl 0.0113 lr 2.6e-04 | blown 3 dropped 0
it  429 steps  42172416 sps   50,294 | ep_ret -222.36 ep_len  135.3 (n=746) | pg -0.006 vf 138.115 kl 0.0139 lr 2.6e-04 | blown 2 dropped 0
it  430 steps  42270720 sps   50,292 | ep_ret -221.70 ep_len  127.0 (n=687) | pg -0.003 vf 138.403 kl 0.0125 lr 1.7e-04 | blown 6 dropped 0
it  431 steps  42369024 sps   50,288 | ep_ret -221.21 ep_len  132.8 (n=723) | pg -0.009 vf 137.974 kl 0.0112 lr 3.8e-04 | blown 1 dropped 0
it  432 steps  42467328 sps   50,286 | ep_ret -222.19 ep_len  135.3 (n=693) | pg -0.007 vf 142.449 kl 0.0146 lr 2.6e-04 | blown 1 dropped 0
it  433 steps  42565632 sps   50,285 | ep_ret -222.38 ep_len  134.7 (n=656) | pg -0.007 vf 139.128 kl 0.0129 lr 2.6e-04 | blown 3 dropped 0
it  434 steps  42663936 sps   50,284 | ep_ret -222.77 ep_len  136.0 (n=725) | pg -0.007 vf 145.414 kl 0.0149 lr 1.1e-04 | blown 4 dropped 0
it  435 steps  42762240 sps   50,282 | ep_ret -222.83 ep_len  140.6 (n=648) | pg 0.005 vf 143.333 kl 0.0169 lr 1.0e-05
it  436 steps  42860544 sps   50,281 | ep_ret -223.54 ep_len  137.8 (n=668) | pg 0.007 vf 143.529 kl 0.0124 lr 5.1e-05 | blown 2 dropped 0
it  437 steps  42958848 sps   50,279 | ep_ret -223.46 ep_len  140.7 (n=651) | pg 0.007 vf 145.556 kl 0.0141 lr 5.1e-05 | blown 1 dropped 0
it  438 steps  43057152 sps   50,277 | ep_ret -225.64 ep_len  146.5 (n=698) | pg -0.006 vf 156.915 kl 0.0104 lr 1.1e-04 | blown 7 dropped 0
it  439 steps  43155456 sps   50,276 | ep_ret -223.88 ep_len  141.5 (n=645) | pg -0.006 vf 142.873 kl 0.0133 lr 1.1e-04 | blown 2 dropped 0
it  440 steps  43253760 sps   50,274 | ep_ret -224.43 ep_len  148.7 (n=612) | pg -0.007 vf 145.875 kl 0.0101 lr 2.6e-04 | blown 3 dropped 0
it  441 steps  43352064 sps   50,273 | ep_ret -222.85 ep_len  136.2 (n=597) | pg -0.006 vf 145.495 kl 0.0131 lr 1.1e-04 | blown 3 dropped 0
it  442 steps  43450368 sps   50,272 | ep_ret -223.47 ep_len  141.8 (n=682) | pg -0.007 vf 152.007 kl 0.0106 lr 2.6e-04 | blown 2 dropped 0
it  443 steps  43548672 sps   50,270 | ep_ret -224.50 ep_len  147.0 (n=691) | pg -0.004 vf 148.522 kl 0.0139 lr 1.1e-04 | blown 1 dropped 0
it  444 steps  43646976 sps   50,268 | ep_ret -225.98 ep_len  149.0 (n=591) | pg -0.006 vf 148.129 kl 0.0123 lr 1.1e-04 | blown 3 dropped 0
it  445 steps  43745280 sps   50,267 | ep_ret -225.46 ep_len  153.7 (n=622) | pg -0.005 vf 140.333 kl 0.0099 lr 1.7e-04 | blown 1 dropped 0
it  446 steps  43843584 sps   50,266 | ep_ret -225.80 ep_len  153.5 (n=612) | pg -0.005 vf 145.260 kl 0.0140 lr 7.6e-05 | blown 3 dropped 0
it  447 steps  43941888 sps   50,264 | ep_ret -225.05 ep_len  151.0 (n=617) | pg 0.005 vf 147.224 kl 0.0151 lr 3.4e-05 | blown 2 dropped 0
it  448 steps  44040192 sps   50,263 | ep_ret -224.44 ep_len  143.9 (n=617) | pg 0.014 vf 146.533 kl 0.0226 lr 3.4e-05 | blown 3 dropped 0
it  449 steps  44138496 sps   50,262 | ep_ret -228.04 ep_len  157.4 (n=598) | pg 0.011 vf 148.177 kl 0.0191 lr 1.0e-05 | blown 7 dropped 0
it  450 steps  44236800 sps   50,260 | ep_ret -226.77 ep_len  158.5 (n=609) | pg 0.007 vf 150.678 kl 0.0152 lr 2.3e-05 | blown 4 dropped 0
it  451 steps  44335104 sps   50,259 | ep_ret -226.86 ep_len  157.5 (n=633) | pg -0.001 vf 154.795 kl 0.0117 lr 1.1e-04 | blown 2 dropped 0
it  452 steps  44433408 sps   50,258 | ep_ret -226.77 ep_len  160.9 (n=614) | pg -0.002 vf 149.967 kl 0.0126 lr 7.6e-05 | blown 2 dropped 0
it  453 steps  44531712 sps   50,256 | ep_ret -225.78 ep_len  156.5 (n=546) | pg -0.009 vf 143.618 kl 0.0100 lr 2.6e-04 | blown 1 dropped 0
it  454 steps  44630016 sps   50,255 | ep_ret -227.95 ep_len  165.1 (n=572) | pg -0.010 vf 153.928 kl 0.0168 lr 1.1e-04 | blown 4 dropped 0
it  455 steps  44728320 sps   50,253 | ep_ret -225.84 ep_len  158.1 (n=572) | pg -0.003 vf 156.406 kl 0.0090 lr 1.1e-04 | blown 1 dropped 0
it  456 steps  44826624 sps   50,251 | ep_ret -226.23 ep_len  162.3 (n=526) | pg -0.007 vf 148.643 kl 0.0133 lr 3.8e-04 | blown 2 dropped 0
it  457 steps  44924928 sps   50,249 | ep_ret -226.37 ep_len  162.3 (n=541) | pg -0.010 vf 152.450 kl 0.0137 lr 3.8e-04 | blown 1 dropped 0
it  458 steps  45023232 sps   50,248 | ep_ret -225.38 ep_len  158.1 (n=544) | pg -0.008 vf 152.964 kl 0.0160 lr 1.1e-04 | blown 1 dropped 0
it  459 steps  45121536 sps   50,246 | ep_ret -227.09 ep_len  171.0 (n=532) | pg -0.011 vf 156.867 kl 0.0120 lr 3.8e-04 | blown 1 dropped 0
it  460 steps  45219840 sps   50,244 | ep_ret -227.37 ep_len  168.9 (n=518) | pg -0.010 vf 153.603 kl 0.0134 lr 2.6e-04 | blown 4 dropped 0
it  461 steps  45318144 sps   50,242 | ep_ret -226.91 ep_len  170.3 (n=486) | pg -0.005 vf 163.029 kl 0.0143 lr 1.1e-04 | blown 1 dropped 0
it  462 steps  45416448 sps   50,241 | ep_ret -227.68 ep_len  169.2 (n=518) | pg -0.011 vf 160.336 kl 0.0111 lr 2.6e-04 | blown 3 dropped 0
it  463 steps  45514752 sps   50,239 | ep_ret -229.78 ep_len  175.8 (n=512) | pg -0.009 vf 154.094 kl 0.0138 lr 2.6e-04 | blown 6 dropped 0
it  464 steps  45613056 sps   50,237 | ep_ret -229.45 ep_len  180.2 (n=501) | pg -0.004 vf 148.274 kl 0.0143 lr 1.1e-04 | blown 2 dropped 0
it  465 steps  45711360 sps   50,235 | ep_ret -228.48 ep_len  177.9 (n=493) | pg -0.002 vf 154.194 kl 0.0126 lr 1.7e-04 | blown 4 dropped 0
it  466 steps  45809664 sps   50,234 | ep_ret -228.39 ep_len  180.3 (n=458) | pg -0.000 vf 149.902 kl 0.0133 lr 7.6e-05 | blown 1 dropped 0
it  467 steps  45907968 sps   50,232 | ep_ret -230.11 ep_len  184.7 (n=449) | pg -0.009 vf 146.685 kl 0.0107 lr 1.7e-04 | blown 2 dropped 0
it  468 steps  46006272 sps   50,231 | ep_ret -229.47 ep_len  182.4 (n=454) | pg -0.009 vf 145.689 kl 0.0145 lr 2.6e-04 | blown 3 dropped 0
it  469 steps  46104576 sps   50,229 | ep_ret -232.09 ep_len  190.4 (n=442) | pg -0.005 vf 158.332 kl 0.0131 lr 1.1e-04 | blown 5 dropped 0
it  470 steps  46202880 sps   50,228 | ep_ret -228.40 ep_len  182.4 (n=434) | pg -0.010 vf 144.328 kl 0.0109 lr 2.6e-04 | blown 1 dropped 0
it  471 steps  46301184 sps   50,227 | ep_ret -231.02 ep_len  201.5 (n=418) | pg -0.007 vf 147.254 kl 0.0158 lr 1.7e-04 | blown 2 dropped 0
it  472 steps  46399488 sps   50,225 | ep_ret -230.19 ep_len  201.6 (n=471) | pg -0.010 vf 151.238 kl 0.0165 lr 1.1e-04 | blown 1 dropped 0
it  473 steps  46497792 sps   50,223 | ep_ret -229.79 ep_len  196.1 (n=424) | pg -0.009 vf 146.306 kl 0.0099 lr 2.6e-04 | blown 1 dropped 0
it  474 steps  46596096 sps   50,222 | ep_ret -231.00 ep_len  198.1 (n=414) | pg -0.007 vf 151.822 kl 0.0163 lr 2.6e-04 | blown 2 dropped 0
it  475 steps  46694400 sps   50,220 | ep_ret -231.93 ep_len  200.8 (n=413) | pg -0.012 vf 156.954 kl 0.0144 lr 1.7e-04 | blown 3 dropped 0
it  476 steps  46792704 sps   50,219 | ep_ret -231.58 ep_len  202.9 (n=379) | pg -0.007 vf 142.961 kl 0.0140 lr 1.1e-04 | blown 1 dropped 0
it  477 steps  46891008 sps   50,217 | ep_ret -232.93 ep_len  219.1 (n=418) | pg -0.008 vf 153.849 kl 0.0116 lr 2.6e-04 | blown 2 dropped 0
it  478 steps  46989312 sps   50,216 | ep_ret -232.61 ep_len  209.0 (n=413) | pg -0.005 vf 172.843 kl 0.0161 lr 1.1e-04 | blown 5 dropped 0
it  479 steps  47087616 sps   50,215 | ep_ret -232.24 ep_len  215.9 (n=393) | pg -0.005 vf 151.533 kl 0.0128 lr 1.7e-04 | blown 1 dropped 0
it  480 steps  47185920 sps   50,213 | ep_ret -234.61 ep_len  235.2 (n=418) | pg -0.007 vf 160.586 kl 0.0140 lr 1.7e-04 | blown 2 dropped 0
it  481 steps  47284224 sps   50,211 | ep_ret -234.13 ep_len  216.6 (n=381) | pg -0.006 vf 154.356 kl 0.0131 lr 1.1e-04 | blown 5 dropped 0
it  482 steps  47382528 sps   50,208 | ep_ret -234.58 ep_len  226.3 (n=358) | pg -0.008 vf 148.395 kl 0.0129 lr 7.6e-05 | blown 3 dropped 0
it  483 steps  47480832 sps   50,205 | ep_ret -233.46 ep_len  245.0 (n=363) | pg -0.002 vf 147.816 kl 0.0141 lr 5.1e-05 | blown 1 dropped 0
it  484 steps  47579136 sps   50,204 | ep_ret -233.46 ep_len  227.1 (n=368) | pg -0.007 vf 146.085 kl 0.0092 lr 1.7e-04 | blown 2 dropped 0
it  485 steps  47677440 sps   50,201 | ep_ret -233.09 ep_len  217.6 (n=350) | pg -0.009 vf 146.006 kl 0.0140 lr 1.7e-04 | blown 1 dropped 0
it  486 steps  47775744 sps   50,194 | ep_ret -236.51 ep_len  249.2 (n=363) | pg -0.006 vf 148.343 kl 0.0128 lr 1.1e-04 | blown 3 dropped 0
it  487 steps  47874048 sps   50,192 | ep_ret -233.69 ep_len  239.4 (n=333) | pg -0.003 vf 152.564 kl 0.0117 lr 7.6e-05 | blown 3 dropped 0
it  488 steps  47972352 sps   50,190 | ep_ret -232.99 ep_len  252.4 (n=384) | pg -0.008 vf 159.224 kl 0.0135 lr 1.7e-04 | blown 2 dropped 0
it  489 steps  48070656 sps   50,186 | ep_ret -235.25 ep_len  244.0 (n=345) | pg -0.007 vf 140.247 kl 0.0128 lr 1.7e-04 | blown 2 dropped 0
it  490 steps  48168960 sps   50,185 | ep_ret -234.41 ep_len  242.0 (n=349) | pg -0.009 vf 149.381 kl 0.0119 lr 2.6e-04 | blown 1 dropped 0
it  491 steps  48267264 sps   50,183 | ep_ret -233.56 ep_len  244.4 (n=331) | pg -0.009 vf 150.622 kl 0.0135 lr 2.6e-04 | blown 1 dropped 0
it  492 steps  48365568 sps   50,181 | ep_ret -235.96 ep_len  263.0 (n=330) | pg -0.005 vf 161.315 kl 0.0189 lr 2.3e-05 | blown 9 dropped 0
it  493 steps  48463872 sps   50,179 | ep_ret -231.78 ep_len  277.9 (n=314) | pg -0.007 vf 160.181 kl 0.0088 lr 1.7e-04 | blown 1 dropped 0
it  494 steps  48562176 sps   50,178 | ep_ret -235.33 ep_len  260.1 (n=335) | pg -0.014 vf 148.262 kl 0.0144 lr 1.1e-04 | blown 3 dropped 0
it  495 steps  48660480 sps   50,176 | ep_ret -234.99 ep_len  265.9 (n=327) | pg -0.004 vf 152.540 kl 0.0119 lr 1.1e-04 | blown 2 dropped 0
it  496 steps  48758784 sps   50,175 | ep_ret -233.49 ep_len  267.7 (n=313) | pg -0.005 vf 146.481 kl 0.0152 lr 7.6e-05 | blown 1 dropped 0
it  497 steps  48857088 sps   50,173 | ep_ret -230.45 ep_len  258.4 (n=284) | pg -0.007 vf 148.642 kl 0.0107 lr 1.7e-04 | blown 1 dropped 0
it  498 steps  48955392 sps   50,172 | ep_ret -233.24 ep_len  265.7 (n=277) | pg -0.007 vf 148.569 kl 0.0119 lr 1.1e-04 | blown 2 dropped 0
it  499 steps  49053696 sps   50,170 | ep_ret -234.33 ep_len  303.5 (n=296) | pg -0.010 vf 155.931 kl 0.0114 lr 2.6e-04 | blown 1 dropped 0
it  500 steps  49152000 sps   50,168 | ep_ret -230.36 ep_len  301.3 (n=295) | pg -0.009 vf 154.457 kl 0.0151 lr 7.6e-05 | blown 3 dropped 0
it  501 steps  49250304 sps   50,166 | ep_ret -237.57 ep_len  292.0 (n=276) | pg -0.002 vf 151.115 kl 0.0129 lr 3.4e-05 | blown 1 dropped 0
it  502 steps  49348608 sps   50,165 | ep_ret -235.13 ep_len  321.1 (n=278) | pg -0.007 vf 149.778 kl 0.0081 lr 1.1e-04 | blown 1 dropped 0
it  503 steps  49446912 sps   50,163 | ep_ret -233.99 ep_len  299.3 (n=267) | pg -0.007 vf 150.876 kl 0.0125 lr 1.7e-04 | blown 2 dropped 0
it  504 steps  49545216 sps   50,161 | ep_ret -236.97 ep_len  297.8 (n=242) | pg -0.010 vf 144.732 kl 0.0139 lr 1.7e-04 | blown 5 dropped 0
it  505 steps  49643520 sps   50,159 | ep_ret -233.96 ep_len  312.5 (n=305) | pg -0.006 vf 158.889 kl 0.0134 lr 1.7e-04 | blown 2 dropped 0
it  506 steps  49741824 sps   50,157 | ep_ret -239.21 ep_len  320.6 (n=291) | pg -0.006 vf 159.023 kl 0.0133 lr 1.1e-04 | blown 5 dropped 0
it  507 steps  49840128 sps   50,156 | ep_ret -233.75 ep_len  316.9 (n=279) | pg -0.010 vf 154.026 kl 0.0120 lr 1.7e-04
it  508 steps  49938432 sps   50,154 | ep_ret -237.39 ep_len  326.1 (n=271) | pg -0.007 vf 150.241 kl 0.0130 lr 1.7e-04 | blown 1 dropped 0
it  509 steps  50036736 sps   50,152 | ep_ret -235.64 ep_len  299.1 (n=273) | pg -0.008 vf 159.131 kl 0.0159 lr 7.6e-05 | blown 3 dropped 0
it  510 steps  50135040 sps   50,148 | ep_ret -237.25 ep_len  323.4 (n=268) | pg -0.007 vf 147.422 kl 0.0111 lr 1.7e-04 | blown 3 dropped 0
it  511 steps  50233344 sps   50,146 | ep_ret -232.92 ep_len  330.2 (n=259) | pg -0.007 vf 158.017 kl 0.0139 lr 1.1e-04 | blown 1 dropped 0
it  512 steps  50331648 sps   50,144 | ep_ret -235.77 ep_len  332.9 (n=249) | pg -0.010 vf 163.185 kl 0.0127 lr 1.7e-04 | blown 2 dropped 0
it  513 steps  50429952 sps   50,142 | ep_ret -226.84 ep_len  341.4 (n=244) | pg -0.009 vf 154.119 kl 0.0139 lr 1.1e-04 | blown 1 dropped 0
it  514 steps  50528256 sps   50,140 | ep_ret -232.44 ep_len  346.3 (n=258) | pg -0.007 vf 161.979 kl 0.0126 lr 1.1e-04 | blown 3 dropped 0
it  515 steps  50626560 sps   50,138 | ep_ret -230.96 ep_len  352.9 (n=236) | pg -0.008 vf 154.717 kl 0.0127 lr 1.7e-04 | blown 1 dropped 0
it  516 steps  50724864 sps   50,136 | ep_ret -235.08 ep_len  383.1 (n=263) | pg -0.005 vf 161.299 kl 0.0134 lr 7.6e-05 | blown 1 dropped 0
it  517 steps  50823168 sps   50,134 | ep_ret -231.11 ep_len  350.8 (n=248) | pg -0.008 vf 158.679 kl 0.0094 lr 1.7e-04
it  518 steps  50921472 sps   50,132 | ep_ret -225.23 ep_len  373.7 (n=252) | pg -0.006 vf 166.794 kl 0.0134 lr 7.6e-05 | blown 1 dropped 0
it  519 steps  51019776 sps   50,130 | ep_ret -232.17 ep_len  351.5 (n=259) | pg -0.001 vf 159.031 kl 0.0116 lr 1.1e-04 | blown 2 dropped 0
it  520 steps  51118080 sps   50,127 | ep_ret -233.92 ep_len  363.0 (n=248) | pg -0.010 vf 152.490 kl 0.0121 lr 1.7e-04 | blown 2 dropped 0
it  521 steps  51216384 sps   50,125 | ep_ret -227.11 ep_len  370.8 (n=241) | pg -0.006 vf 163.760 kl 0.0152 lr 7.6e-05 | blown 1 dropped 0
it  522 steps  51314688 sps   50,122 | ep_ret -222.89 ep_len  431.1 (n=234) | pg -0.007 vf 168.722 kl 0.0116 lr 1.7e-04 | blown 1 dropped 0
it  523 steps  51412992 sps   50,119 | ep_ret -236.07 ep_len  325.5 (n=254) | pg -0.012 vf 150.650 kl 0.0128 lr 1.1e-04 | blown 4 dropped 0
it  524 steps  51511296 sps   50,116 | ep_ret -229.62 ep_len  385.5 (n=231) | pg -0.004 vf 161.943 kl 0.0133 lr 7.6e-05 | blown 2 dropped 0
it  525 steps  51609600 sps   50,114 | ep_ret -227.30 ep_len  346.8 (n=225) | pg -0.009 vf 154.627 kl 0.0097 lr 1.7e-04
it  526 steps  51707904 sps   50,111 | ep_ret -231.48 ep_len  401.1 (n=251) | pg -0.008 vf 159.868 kl 0.0136 lr 1.1e-04
it  527 steps  51806208 sps   50,109 | ep_ret -233.55 ep_len  383.0 (n=239) | pg -0.009 vf 157.903 kl 0.0131 lr 1.1e-04
it  528 steps  51904512 sps   50,107 | ep_ret -230.00 ep_len  405.7 (n=197) | pg -0.011 vf 145.650 kl 0.0123 lr 2.6e-04 | blown 1 dropped 0
it  529 steps  52002816 sps   50,105 | ep_ret -230.99 ep_len  420.8 (n=217) | pg -0.009 vf 151.481 kl 0.0182 lr 5.1e-05 | blown 2 dropped 0
it  530 steps  52101120 sps   50,101 | ep_ret -225.96 ep_len  420.6 (n=233) | pg -0.008 vf 158.193 kl 0.0083 lr 1.7e-04
it  531 steps  52199424 sps   50,096 | ep_ret -227.82 ep_len  436.7 (n=224) | pg -0.006 vf 157.682 kl 0.0140 lr 1.1e-04
it  532 steps  52297728 sps   50,093 | ep_ret -224.37 ep_len  429.6 (n=248) | pg -0.009 vf 166.515 kl 0.0143 lr 1.7e-04 | blown 3 dropped 0
it  533 steps  52396032 sps   50,091 | ep_ret -227.44 ep_len  390.2 (n=223) | pg -0.011 vf 159.596 kl 0.0149 lr 7.6e-05 | blown 2 dropped 0
it  534 steps  52494336 sps   50,088 | ep_ret -228.30 ep_len  398.8 (n=181) | pg 0.003 vf 139.003 kl 0.0145 lr 3.4e-05 | blown 2 dropped 0
it  535 steps  52592640 sps   50,086 | ep_ret -219.41 ep_len  413.5 (n=223) | pg -0.002 vf 160.462 kl 0.0102 lr 5.1e-05 | blown 3 dropped 0
it  536 steps  52690944 sps   50,083 | ep_ret -225.00 ep_len  417.6 (n=215) | pg -0.004 vf 156.141 kl 0.0123 lr 5.1e-05 | blown 1 dropped 0
it  537 steps  52789248 sps   50,081 | ep_ret -228.90 ep_len  438.4 (n=203) | pg -0.008 vf 142.313 kl 0.0119 lr 1.1e-04
it  538 steps  52887552 sps   50,079 | ep_ret -215.00 ep_len  444.7 (n=198) | pg 0.003 vf 153.289 kl 0.0153 lr 2.3e-05
it  539 steps  52985856 sps   50,077 | ep_ret -227.41 ep_len  449.0 (n=196) | pg 0.009 vf 135.995 kl 0.0200 lr 1.0e-05
it  540 steps  53084160 sps   50,074 | ep_ret -228.25 ep_len  465.7 (n=209) | pg 0.002 vf 134.860 kl 0.0166 lr 1.0e-05
it  541 steps  53182464 sps   50,072 | ep_ret -226.59 ep_len  454.2 (n=210) | pg 0.005 vf 141.039 kl 0.0136 lr 1.5e-05 | blown 1 dropped 0
it  542 steps  53280768 sps   50,070 | ep_ret -227.20 ep_len  482.1 (n=188) | pg -0.008 vf 146.569 kl 0.0073 lr 1.1e-04
it  543 steps  53379072 sps   50,068 | ep_ret -225.11 ep_len  433.6 (n=185) | pg -0.009 vf 149.418 kl 0.0131 lr 1.7e-04
it  544 steps  53477376 sps   50,065 | ep_ret -228.67 ep_len  468.4 (n=205) | pg -0.002 vf 173.650 kl 0.0186 lr 5.1e-05 | blown 1 dropped 0
it  545 steps  53575680 sps   50,063 | ep_ret -222.52 ep_len  478.8 (n=215) | pg -0.006 vf 156.342 kl 0.0098 lr 1.1e-04 | blown 1 dropped 0
it  546 steps  53673984 sps   50,061 | ep_ret -231.68 ep_len  443.7 (n=217) | pg -0.002 vf 149.635 kl 0.0156 lr 3.4e-05 | blown 3 dropped 0
it  547 steps  53772288 sps   50,059 | ep_ret -218.79 ep_len  472.3 (n=194) | pg -0.010 vf 138.631 kl 0.0095 lr 1.7e-04 | blown 1 dropped 0
it  548 steps  53870592 sps   50,056 | ep_ret -222.06 ep_len  464.2 (n=196) | pg -0.007 vf 145.063 kl 0.0168 lr 7.6e-05 | blown 1 dropped 0
it  549 steps  53968896 sps   50,054 | ep_ret -219.52 ep_len  469.8 (n=204) | pg -0.008 vf 145.925 kl 0.0106 lr 1.7e-04
it  550 steps  54067200 sps   50,052 | ep_ret -219.25 ep_len  462.4 (n=213) | pg -0.013 vf 146.892 kl 0.0134 lr 1.7e-04 | blown 1 dropped 0
it  551 steps  54165504 sps   50,049 | ep_ret -222.38 ep_len  486.5 (n=196) | pg -0.013 vf 143.398 kl 0.0150 lr 1.1e-04
it  552 steps  54263808 sps   50,047 | ep_ret -224.77 ep_len  417.4 (n=215) | pg -0.007 vf 143.765 kl 0.0131 lr 1.1e-04
it  553 steps  54362112 sps   50,045 | ep_ret -223.55 ep_len  446.8 (n=212) | pg -0.004 vf 163.727 kl 0.0130 lr 7.6e-05 | blown 1 dropped 0
it  554 steps  54460416 sps   50,042 | ep_ret -222.69 ep_len  466.4 (n=177) | pg -0.008 vf 136.599 kl 0.0130 lr 7.6e-05
it  555 steps  54558720 sps   50,040 | ep_ret -222.85 ep_len  457.1 (n=187) | pg -0.008 vf 138.884 kl 0.0121 lr 1.7e-04
it  556 steps  54657024 sps   50,038 | ep_ret -228.10 ep_len  459.3 (n=215) | pg -0.011 vf 150.431 kl 0.0154 lr 1.7e-04 | blown 3 dropped 0
it  557 steps  54755328 sps   50,035 | ep_ret -218.22 ep_len  485.2 (n=192) | pg -0.006 vf 147.320 kl 0.0147 lr 7.6e-05 | blown 2 dropped 0
it  558 steps  54853632 sps   50,033 | ep_ret -222.87 ep_len  478.5 (n=189) | pg -0.009 vf 136.586 kl 0.0117 lr 1.7e-04 | blown 1 dropped 0
it  559 steps  54951936 sps   50,031 | ep_ret -217.34 ep_len  527.4 (n=195) | pg -0.009 vf 149.983 kl 0.0133 lr 1.1e-04
it  560 steps  55050240 sps   50,029 | ep_ret -216.06 ep_len  493.6 (n=207) | pg -0.003 vf 146.159 kl 0.0152 lr 3.4e-05
it  561 steps  55148544 sps   50,026 | ep_ret -222.14 ep_len  522.0 (n=168) | pg -0.007 vf 129.412 kl 0.0093 lr 1.1e-04 | blown 2 dropped 0
it  562 steps  55246848 sps   50,024 | ep_ret -211.87 ep_len  526.8 (n=206) | pg -0.008 vf 143.713 kl 0.0135 lr 1.7e-04
it  563 steps  55345152 sps   50,022 | ep_ret -216.90 ep_len  521.6 (n=187) | pg -0.010 vf 143.789 kl 0.0149 lr 1.1e-04 | blown 1 dropped 0
it  564 steps  55443456 sps   50,019 | ep_ret -218.94 ep_len  528.5 (n=216) | pg -0.012 vf 143.932 kl 0.0145 lr 1.1e-04
it  565 steps  55541760 sps   50,017 | ep_ret -232.01 ep_len  443.2 (n=169) | pg -0.006 vf 132.879 kl 0.0123 lr 1.1e-04 | blown 2 dropped 0
it  566 steps  55640064 sps   50,015 | ep_ret -217.99 ep_len  540.5 (n=172) | pg -0.008 vf 133.895 kl 0.0143 lr 7.6e-05
it  567 steps  55738368 sps   50,013 | ep_ret -216.76 ep_len  532.0 (n=195) | pg -0.013 vf 146.448 kl 0.0122 lr 1.7e-04 | blown 2 dropped 0
it  568 steps  55836672 sps   50,010 | ep_ret -214.73 ep_len  534.4 (n=213) | pg -0.002 vf 146.911 kl 0.0189 lr 5.1e-05
it  569 steps  55934976 sps   50,008 | ep_ret -224.32 ep_len  521.3 (n=171) | pg -0.007 vf 138.964 kl 0.0122 lr 5.1e-05
it  570 steps  56033280 sps   50,005 | ep_ret -223.67 ep_len  486.1 (n=193) | pg 0.006 vf 143.073 kl 0.0210 lr 1.5e-05 | blown 2 dropped 0
it  571 steps  56131584 sps   50,003 | ep_ret -217.39 ep_len  516.5 (n=189) | pg 0.014 vf 139.208 kl 0.0287 lr 1.0e-05 | blown 1 dropped 0
it  572 steps  56229888 sps   50,001 | ep_ret -213.34 ep_len  486.5 (n=208) | pg -0.008 vf 139.647 kl 0.0082 lr 1.7e-04
it  573 steps  56328192 sps   49,999 | ep_ret -217.31 ep_len  537.0 (n=200) | pg -0.012 vf 141.677 kl 0.0152 lr 1.1e-04 | blown 1 dropped 0
it  574 steps  56426496 sps   49,996 | ep_ret -221.44 ep_len  515.6 (n=201) | pg -0.005 vf 152.721 kl 0.0135 lr 3.4e-05 | blown 2 dropped 0
it  575 steps  56524800 sps   49,994 | ep_ret -223.81 ep_len  476.4 (n=195) | pg -0.005 vf 176.586 kl 0.0123 lr 5.1e-05 | blown 1 dropped 0
it  576 steps  56623104 sps   49,992 | ep_ret -223.87 ep_len  465.5 (n=198) | pg -0.006 vf 141.147 kl 0.0128 lr 5.1e-05 | blown 2 dropped 0
it  577 steps  56721408 sps   49,991 | ep_ret -217.87 ep_len  514.8 (n=200) | pg -0.009 vf 138.992 kl 0.0121 lr 7.6e-05
it  578 steps  56819712 sps   49,988 | ep_ret -215.39 ep_len  545.4 (n=182) | pg -0.010 vf 142.388 kl 0.0132 lr 1.7e-04 | blown 3 dropped 0
it  579 steps  56918016 sps   49,986 | ep_ret -217.74 ep_len  485.4 (n=200) | pg -0.012 vf 139.687 kl 0.0149 lr 7.6e-05 | blown 2 dropped 0
it  580 steps  57016320 sps   49,984 | ep_ret -221.82 ep_len  498.1 (n=198) | pg -0.009 vf 143.055 kl 0.0130 lr 7.6e-05 | blown 4 dropped 0
it  581 steps  57114624 sps   49,982 | ep_ret -224.85 ep_len  482.1 (n=199) | pg -0.009 vf 143.794 kl 0.0133 lr 1.7e-04 | blown 1 dropped 0
it  582 steps  57212928 sps   49,980 | ep_ret -216.16 ep_len  519.9 (n=189) | pg -0.010 vf 140.741 kl 0.0151 lr 1.7e-04
it  583 steps  57311232 sps   49,978 | ep_ret -225.85 ep_len  510.4 (n=194) | pg -0.010 vf 145.727 kl 0.0161 lr 5.1e-05 | blown 4 dropped 0
it  584 steps  57409536 sps   49,976 | ep_ret -225.76 ep_len  510.2 (n=182) | pg -0.009 vf 129.258 kl 0.0117 lr 1.7e-04 | blown 2 dropped 0
it  585 steps  57507840 sps   49,974 | ep_ret -211.71 ep_len  498.0 (n=176) | pg -0.010 vf 140.344 kl 0.0148 lr 7.6e-05 | blown 2 dropped 0
it  586 steps  57606144 sps   49,972 | ep_ret -229.10 ep_len  533.9 (n=175) | pg -0.006 vf 142.510 kl 0.0119 lr 1.1e-04 | blown 2 dropped 0
it  587 steps  57704448 sps   49,970 | ep_ret -221.42 ep_len  514.2 (n=174) | pg -0.012 vf 132.896 kl 0.0154 lr 5.1e-05
it  588 steps  57802752 sps   49,968 | ep_ret -218.79 ep_len  559.1 (n=171) | pg -0.006 vf 141.987 kl 0.0126 lr 1.1e-04 | blown 3 dropped 0
it  589 steps  57901056 sps   49,965 | ep_ret -205.34 ep_len  582.6 (n=186) | pg -0.007 vf 140.789 kl 0.0139 lr 7.6e-05
it  590 steps  57999360 sps   49,963 | ep_ret -215.49 ep_len  558.9 (n=184) | pg -0.003 vf 140.929 kl 0.0131 lr 5.1e-05 | blown 3 dropped 0
it  591 steps  58097664 sps   49,961 | ep_ret -223.07 ep_len  525.1 (n=206) | pg -0.010 vf 139.380 kl 0.0105 lr 1.7e-04 | blown 2 dropped 0
it  592 steps  58195968 sps   49,959 | ep_ret -218.08 ep_len  478.2 (n=181) | pg -0.009 vf 138.306 kl 0.0166 lr 7.6e-05 | blown 2 dropped 0
it  593 steps  58294272 sps   49,957 | ep_ret -225.83 ep_len  525.0 (n=198) | pg -0.006 vf 143.724 kl 0.0131 lr 1.1e-04 | blown 1 dropped 0
it  594 steps  58392576 sps   49,954 | ep_ret -224.09 ep_len  538.0 (n=168) | pg -0.006 vf 134.633 kl 0.0163 lr 2.3e-05 | blown 2 dropped 0
it  595 steps  58490880 sps   49,952 | ep_ret -222.37 ep_len  493.7 (n=166) | pg -0.006 vf 128.047 kl 0.0082 lr 7.6e-05 | blown 2 dropped 0
it  596 steps  58589184 sps   49,950 | ep_ret -213.76 ep_len  535.6 (n=156) | pg -0.009 vf 126.808 kl 0.0117 lr 1.1e-04 | blown 1 dropped 0
it  597 steps  58687488 sps   49,948 | ep_ret -207.14 ep_len  526.3 (n=187) | pg -0.006 vf 140.206 kl 0.0168 lr 2.3e-05
it  598 steps  58785792 sps   49,945 | ep_ret -214.41 ep_len  537.7 (n=184) | pg 0.002 vf 140.024 kl 0.0124 lr 1.5e-05 | blown 1 dropped 0
it  599 steps  58884096 sps   49,943 | ep_ret -214.26 ep_len  516.4 (n=182) | pg 0.004 vf 151.069 kl 0.0153 lr 1.0e-05 | blown 1 dropped 0
it  600 steps  58982400 sps   49,940 | ep_ret -223.92 ep_len  511.0 (n=200) | pg -0.007 vf 154.908 kl 0.0083 lr 1.1e-04 | blown 2 dropped 0
it  601 steps  59080704 sps   49,938 | ep_ret -221.72 ep_len  543.8 (n=182) | pg -0.010 vf 143.476 kl 0.0149 lr 5.1e-05 | blown 1 dropped 0
it  602 steps  59179008 sps   49,935 | ep_ret -228.22 ep_len  531.0 (n=192) | pg -0.004 vf 141.553 kl 0.0115 lr 5.1e-05 | blown 3 dropped 0
it  603 steps  59277312 sps   49,933 | ep_ret -215.44 ep_len  513.4 (n=186) | pg -0.008 vf 156.696 kl 0.0097 lr 1.1e-04 | blown 1 dropped 0
it  604 steps  59375616 sps   49,930 | ep_ret -217.73 ep_len  504.8 (n=197) | pg -0.010 vf 147.698 kl 0.0135 lr 1.1e-04 | blown 1 dropped 0
it  605 steps  59473920 sps   49,928 | ep_ret -211.44 ep_len  503.4 (n=193) | pg -0.006 vf 157.562 kl 0.0157 lr 5.1e-05
it  606 steps  59572224 sps   49,925 | ep_ret -226.85 ep_len  501.5 (n=184) | pg -0.005 vf 140.655 kl 0.0110 lr 7.6e-05 | blown 1 dropped 0
it  607 steps  59670528 sps   49,923 | ep_ret -225.00 ep_len  512.1 (n=187) | pg -0.009 vf 147.128 kl 0.0119 lr 1.7e-04 | blown 3 dropped 0
it  608 steps  59768832 sps   49,920 | ep_ret -216.88 ep_len  517.1 (n=202) | pg -0.007 vf 149.091 kl 0.0153 lr 5.1e-05 | blown 1 dropped 0
it  609 steps  59867136 sps   49,918 | ep_ret -215.16 ep_len  560.3 (n=169) | pg -0.006 vf 139.322 kl 0.0114 lr 1.1e-04 | blown 2 dropped 0
it  610 steps  59965440 sps   49,915 | ep_ret -210.80 ep_len  518.9 (n=182) | pg -0.009 vf 135.801 kl 0.0148 lr 1.1e-04 | blown 1 dropped 0
it  611 steps  60063744 sps   49,913 | ep_ret -213.87 ep_len  535.6 (n=142) | pg -0.009 vf 126.476 kl 0.0136 lr 1.1e-04 | blown 1 dropped 0
it  612 steps  60162048 sps   49,910 | ep_ret -223.90 ep_len  510.8 (n=174) | pg -0.006 vf 136.749 kl 0.0159 lr 2.3e-05 | blown 1 dropped 0
it  613 steps  60260352 sps   49,908 | ep_ret -220.09 ep_len  467.7 (n=185) | pg 0.003 vf 146.557 kl 0.0132 lr 1.0e-05
it  614 steps  60358656 sps   49,905 | ep_ret -218.33 ep_len  558.5 (n=173) | pg -0.004 vf 145.092 kl 0.0095 lr 5.1e-05 | blown 2 dropped 0
it  615 steps  60456960 sps   49,903 | ep_ret -214.83 ep_len  555.3 (n=191) | pg -0.010 vf 150.298 kl 0.0092 lr 1.7e-04
it  616 steps  60555264 sps   49,900 | ep_ret -216.68 ep_len  557.0 (n=178) | pg -0.011 vf 136.091 kl 0.0141 lr 1.1e-04
it  617 steps  60653568 sps   49,898 | ep_ret -222.66 ep_len  544.5 (n=171) | pg -0.011 vf 129.038 kl 0.0145 lr 1.1e-04 | blown 2 dropped 0
it  618 steps  60751872 sps   49,896 | ep_ret -208.61 ep_len  602.3 (n=177) | pg -0.005 vf 135.391 kl 0.0164 lr 3.4e-05 | blown 1 dropped 0
it  619 steps  60850176 sps   49,893 | ep_ret -221.79 ep_len  549.5 (n=172) | pg -0.006 vf 127.512 kl 0.0097 lr 7.6e-05 | blown 1 dropped 0
it  620 steps  60948480 sps   49,891 | ep_ret -222.74 ep_len  554.1 (n=171) | pg -0.005 vf 138.566 kl 0.0114 lr 5.1e-05
it  621 steps  61046784 sps   49,889 | ep_ret -212.58 ep_len  549.5 (n=176) | pg -0.008 vf 128.564 kl 0.0128 lr 7.6e-05
it  622 steps  61145088 sps   49,886 | ep_ret -210.96 ep_len  613.8 (n=172) | pg -0.009 vf 128.882 kl 0.0110 lr 1.1e-04
it  623 steps  61243392 sps   49,884 | ep_ret -211.70 ep_len  580.4 (n=172) | pg -0.009 vf 138.805 kl 0.0150 lr 5.1e-05
it  624 steps  61341696 sps   49,882 | ep_ret -214.39 ep_len  578.7 (n=194) | pg -0.004 vf 145.449 kl 0.0112 lr 5.1e-05 | blown 3 dropped 0
it  625 steps  61440000 sps   49,879 | ep_ret -213.25 ep_len  576.8 (n=189) | pg -0.006 vf 141.551 kl 0.0104 lr 1.1e-04 | blown 2 dropped 0
it  626 steps  61538304 sps   49,877 | ep_ret -218.23 ep_len  575.9 (n=153) | pg -0.010 vf 127.939 kl 0.0133 lr 1.7e-04
it  627 steps  61636608 sps   49,875 | ep_ret -216.20 ep_len  599.0 (n=169) | pg -0.011 vf 128.483 kl 0.0147 lr 1.1e-04 | blown 2 dropped 0
it  628 steps  61734912 sps   49,873 | ep_ret -228.77 ep_len  535.1 (n=177) | pg -0.006 vf 129.270 kl 0.0128 lr 7.6e-05 | blown 1 dropped 0
it  629 steps  61833216 sps   49,870 | ep_ret -221.44 ep_len  575.8 (n=169) | pg -0.007 vf 143.216 kl 0.0134 lr 5.1e-05 | blown 2 dropped 0
it  630 steps  61931520 sps   49,868 | ep_ret -218.05 ep_len  568.9 (n=165) | pg -0.007 vf 132.254 kl 0.0133 lr 7.6e-05
it  631 steps  62029824 sps   49,866 | ep_ret -208.60 ep_len  590.2 (n=192) | pg -0.010 vf 135.095 kl 0.0130 lr 1.1e-04
it  632 steps  62128128 sps   49,864 | ep_ret -211.88 ep_len  548.6 (n=180) | pg -0.008 vf 149.538 kl 0.0133 lr 1.1e-04 | blown 1 dropped 0
it  633 steps  62226432 sps   49,862 | ep_ret -215.74 ep_len  552.9 (n=187) | pg -0.010 vf 155.754 kl 0.0146 lr 7.6e-05 | blown 1 dropped 0
it  634 steps  62324736 sps   49,859 | ep_ret -224.70 ep_len  563.8 (n=164) | pg -0.009 vf 126.282 kl 0.0122 lr 1.1e-04
it  635 steps  62423040 sps   49,857 | ep_ret -211.11 ep_len  559.7 (n=176) | pg -0.005 vf 139.070 kl 0.0122 lr 7.6e-05
it  636 steps  62521344 sps   49,854 | ep_ret -209.98 ep_len  577.2 (n=170) | pg -0.009 vf 142.249 kl 0.0114 lr 1.1e-04 | blown 1 dropped 0
it  637 steps  62619648 sps   49,852 | ep_ret -224.26 ep_len  519.7 (n=144) | pg -0.009 vf 128.759 kl 0.0144 lr 7.6e-05 | blown 1 dropped 0
it  638 steps  62717952 sps   49,850 | ep_ret -223.77 ep_len  604.9 (n=178) | pg -0.006 vf 150.482 kl 0.0131 lr 7.6e-05
it  639 steps  62816256 sps   49,847 | ep_ret -204.99 ep_len  568.1 (n=161) | pg -0.010 vf 138.503 kl 0.0113 lr 1.7e-04
it  640 steps  62914560 sps   49,845 | ep_ret -219.47 ep_len  526.1 (n=167) | pg -0.011 vf 128.494 kl 0.0145 lr 1.1e-04 | blown 1 dropped 0
it  641 steps  63012864 sps   49,843 | ep_ret -222.64 ep_len  555.9 (n=197) | pg -0.008 vf 147.116 kl 0.0155 lr 5.1e-05 | blown 2 dropped 0
it  642 steps  63111168 sps   49,840 | ep_ret -216.81 ep_len  601.4 (n=159) | pg -0.007 vf 130.776 kl 0.0102 lr 1.1e-04 | blown 1 dropped 0
it  643 steps  63209472 sps   49,838 | ep_ret -224.93 ep_len  549.9 (n=159) | pg -0.009 vf 144.860 kl 0.0131 lr 1.1e-04 | blown 1 dropped 0
it  644 steps  63307776 sps   49,836 | ep_ret -218.36 ep_len  568.7 (n=162) | pg -0.010 vf 138.752 kl 0.0118 lr 1.1e-04
it  645 steps  63406080 sps   49,834 | ep_ret -222.24 ep_len  585.6 (n=175) | pg -0.005 vf 152.973 kl 0.0135 lr 5.1e-05 | blown 1 dropped 0
it  646 steps  63504384 sps   49,832 | ep_ret -219.05 ep_len  629.5 (n=157) | pg -0.007 vf 129.753 kl 0.0113 lr 1.1e-04 | blown 1 dropped 0
it  647 steps  63602688 sps   49,829 | ep_ret -217.74 ep_len  585.5 (n=164) | pg -0.009 vf 145.477 kl 0.0131 lr 1.1e-04
it  648 steps  63700992 sps   49,827 | ep_ret -219.25 ep_len  549.0 (n=169) | pg -0.011 vf 139.939 kl 0.0130 lr 2.6e-04 | blown 1 dropped 0
it  649 steps  63799296 sps   49,825 | ep_ret -218.16 ep_len  613.0 (n=194) | pg -0.007 vf 139.885 kl 0.0156 lr 1.1e-04 | blown 2 dropped 0
it  650 steps  63897600 sps   49,823 | ep_ret -207.32 ep_len  591.5 (n=171) | pg -0.012 vf 132.252 kl 0.0139 lr 1.1e-04 | blown 1 dropped 0
it  651 steps  63995904 sps   49,820 | ep_ret -224.92 ep_len  590.0 (n=165) | pg -0.012 vf 138.520 kl 0.0157 lr 1.7e-04 | blown 1 dropped 0
it  652 steps  64094208 sps   49,818 | ep_ret -221.89 ep_len  556.3 (n=179) | pg -0.012 vf 152.904 kl 0.0147 lr 1.7e-04 | blown 3 dropped 0
it  653 steps  64192512 sps   49,816 | ep_ret -233.52 ep_len  525.1 (n=179) | pg -0.007 vf 154.261 kl 0.0156 lr 5.1e-05 | blown 2 dropped 0
it  654 steps  64290816 sps   49,814 | ep_ret -227.81 ep_len  553.6 (n=169) | pg -0.009 vf 155.366 kl 0.0110 lr 1.1e-04 | blown 1 dropped 0
it  655 steps  64389120 sps   49,812 | ep_ret -219.46 ep_len  584.2 (n=162) | pg -0.011 vf 138.152 kl 0.0141 lr 5.1e-05 | blown 1 dropped 0
it  656 steps  64487424 sps   49,809 | ep_ret -219.24 ep_len  588.0 (n=170) | pg -0.009 vf 139.662 kl 0.0126 lr 1.1e-04
it  657 steps  64585728 sps   49,807 | ep_ret -219.46 ep_len  593.1 (n=167) | pg -0.010 vf 142.088 kl 0.0133 lr 1.1e-04 | blown 2 dropped 0
it  658 steps  64684032 sps   49,805 | ep_ret -223.58 ep_len  544.6 (n=167) | pg -0.010 vf 142.125 kl 0.0136 lr 1.7e-04 | blown 1 dropped 0
it  659 steps  64782336 sps   49,803 | ep_ret -223.94 ep_len  557.8 (n=160) | pg -0.011 vf 136.456 kl 0.0151 lr 1.7e-04 | blown 2 dropped 0
it  660 steps  64880640 sps   49,801 | ep_ret -216.35 ep_len  572.3 (n=177) | pg -0.005 vf 218.430 kl 0.0160 lr 7.6e-05 | blown 2 dropped 0
it  661 steps  64978944 sps   49,799 | ep_ret -232.30 ep_len  542.7 (n=160) | pg -0.001 vf 121.237 kl 0.0175 lr 1.0e-05 | blown 3 dropped 0
it  662 steps  65077248 sps   49,796 | ep_ret -210.88 ep_len  605.9 (n=169) | pg -0.001 vf 138.873 kl 0.0102 lr 1.5e-05
it  663 steps  65175552 sps   49,794 | ep_ret -220.33 ep_len  603.1 (n=184) | pg -0.006 vf 145.573 kl 0.0082 lr 7.6e-05 | blown 2 dropped 0
it  664 steps  65273856 sps   49,792 | ep_ret -215.68 ep_len  586.3 (n=149) | pg -0.011 vf 123.096 kl 0.0141 lr 7.6e-05
it  665 steps  65372160 sps   49,790 | ep_ret -219.29 ep_len  623.3 (n=183) | pg -0.008 vf 144.924 kl 0.0134 lr 7.6e-05 | blown 2 dropped 0
it  666 steps  65470464 sps   49,788 | ep_ret -217.43 ep_len  593.0 (n=191) | pg -0.010 vf 144.561 kl 0.0124 lr 1.1e-04 | blown 2 dropped 0
it  667 steps  65568768 sps   49,786 | ep_ret -226.39 ep_len  562.4 (n=169) | pg -0.008 vf 137.802 kl 0.0160 lr 5.1e-05 | blown 1 dropped 0
it  668 steps  65667072 sps   49,784 | ep_ret -214.29 ep_len  594.1 (n=142) | pg -0.010 vf 129.521 kl 0.0110 lr 1.1e-04 | blown 2 dropped 0
it  669 steps  65765376 sps   49,782 | ep_ret -213.93 ep_len  592.3 (n=136) | pg -0.010 vf 122.236 kl 0.0142 lr 7.6e-05
it  670 steps  65863680 sps   49,780 | ep_ret -223.01 ep_len  568.9 (n=166) | pg -0.011 vf 138.924 kl 0.0118 lr 1.7e-04
it  671 steps  65961984 sps   49,778 | ep_ret -215.27 ep_len  562.9 (n=162) | pg -0.007 vf 153.448 kl 0.0170 lr 3.4e-05
it  672 steps  66060288 sps   49,776 | ep_ret -214.56 ep_len  560.3 (n=166) | pg -0.007 vf 137.468 kl 0.0120 lr 7.6e-05 | blown 1 dropped 0
it  673 steps  66158592 sps   49,774 | ep_ret -209.78 ep_len  639.6 (n=170) | pg -0.004 vf 141.837 kl 0.0134 lr 5.1e-05
it  674 steps  66256896 sps   49,772 | ep_ret -218.42 ep_len  601.3 (n=171) | pg -0.008 vf 132.209 kl 0.0124 lr 7.6e-05
it  675 steps  66355200 sps   49,770 | ep_ret -222.29 ep_len  571.1 (n=164) | pg -0.010 vf 145.313 kl 0.0142 lr 1.1e-04 | blown 2 dropped 0
it  676 steps  66453504 sps   49,768 | ep_ret -230.90 ep_len  558.0 (n=167) | pg -0.005 vf 197.812 kl 0.0162 lr 5.1e-05 | blown 3 dropped 0
it  677 steps  66551808 sps   49,766 | ep_ret -210.77 ep_len  629.8 (n=164) | pg -0.009 vf 134.643 kl 0.0114 lr 1.1e-04 | blown 1 dropped 0
it  678 steps  66650112 sps   49,764 | ep_ret -227.98 ep_len  592.5 (n=153) | pg -0.010 vf 141.966 kl 0.0142 lr 1.1e-04 | blown 2 dropped 0
it  679 steps  66748416 sps   49,762 | ep_ret -227.53 ep_len  573.0 (n=151) | pg -0.009 vf 138.502 kl 0.0138 lr 5.1e-05
it  680 steps  66846720 sps   49,760 | ep_ret -211.80 ep_len  639.6 (n=170) | pg -0.008 vf 143.812 kl 0.0119 lr 1.1e-04 | blown 1 dropped 0
it  681 steps  66945024 sps   49,758 | ep_ret -212.42 ep_len  619.2 (n=156) | pg -0.012 vf 134.647 kl 0.0130 lr 1.1e-04 | blown 1 dropped 0
it  682 steps  67043328 sps   49,756 | ep_ret -230.66 ep_len  587.4 (n=175) | pg -0.003 vf 147.340 kl 0.0145 lr 5.1e-05 | blown 4 dropped 0
it  683 steps  67141632 sps   49,754 | ep_ret -217.84 ep_len  605.5 (n=168) | pg -0.004 vf 139.492 kl 0.0119 lr 7.6e-05 | blown 1 dropped 0
it  684 steps  67239936 sps   49,752 | ep_ret -218.15 ep_len  563.5 (n=167) | pg -0.005 vf 126.483 kl 0.0150 lr 2.3e-05 | blown 2 dropped 0
it  685 steps  67338240 sps   49,751 | ep_ret -218.41 ep_len  568.8 (n=157) | pg -0.004 vf 141.968 kl 0.0115 lr 5.1e-05
it  686 steps  67436544 sps   49,749 | ep_ret -219.76 ep_len  566.7 (n=156) | pg -0.010 vf 130.552 kl 0.0104 lr 1.1e-04
it  687 steps  67534848 sps   49,747 | ep_ret -218.55 ep_len  625.4 (n=172) | pg -0.010 vf 138.515 kl 0.0150 lr 7.6e-05 | blown 5 dropped 0
it  688 steps  67633152 sps   49,745 | ep_ret -216.08 ep_len  600.6 (n=174) | pg -0.009 vf 143.874 kl 0.0153 lr 1.1e-04
it  689 steps  67731456 sps   49,743 | ep_ret -220.31 ep_len  570.4 (n=186) | pg -0.007 vf 139.121 kl 0.0141 lr 3.4e-05 | blown 1 dropped 0
it  690 steps  67829760 sps   49,741 | ep_ret -213.46 ep_len  645.6 (n=160) | pg -0.003 vf 129.419 kl 0.0134 lr 2.3e-05
it  691 steps  67928064 sps   49,740 | ep_ret -213.05 ep_len  620.7 (n=183) | pg -0.008 vf 121.580 kl 0.0072 lr 7.6e-05 | blown 1 dropped 0
it  692 steps  68026368 sps   49,738 | ep_ret -217.43 ep_len  591.0 (n=114) | pg -0.011 vf 115.505 kl 0.0105 lr 1.7e-04
it  693 steps  68124672 sps   49,736 | ep_ret -216.08 ep_len  599.8 (n=162) | pg -0.010 vf 126.629 kl 0.0148 lr 7.6e-05 | blown 2 dropped 0
it  694 steps  68222976 sps   49,734 | ep_ret -222.52 ep_len  619.8 (n=137) | pg -0.012 vf 122.852 kl 0.0106 lr 1.7e-04 | blown 3 dropped 0
it  695 steps  68321280 sps   49,732 | ep_ret -215.49 ep_len  617.8 (n=154) | pg -0.009 vf 140.222 kl 0.0166 lr 3.4e-05 | blown 1 dropped 0
it  696 steps  68419584 sps   49,730 | ep_ret -218.35 ep_len  633.8 (n=163) | pg -0.008 vf 129.385 kl 0.0098 lr 7.6e-05
it  697 steps  68517888 sps   49,729 | ep_ret -220.87 ep_len  613.0 (n=157) | pg -0.012 vf 130.497 kl 0.0104 lr 1.7e-04 | blown 1 dropped 0
it  698 steps  68616192 sps   49,727 | ep_ret -229.32 ep_len  593.0 (n=160) | pg -0.012 vf 148.526 kl 0.0137 lr 1.1e-04
it  699 steps  68714496 sps   49,725 | ep_ret -228.94 ep_len  588.4 (n=171) | pg -0.008 vf 141.910 kl 0.0126 lr 7.6e-05 | blown 1 dropped 0
it  700 steps  68812800 sps   49,723 | ep_ret -227.70 ep_len  587.8 (n=187) | pg -0.011 vf 164.056 kl 0.0114 lr 1.1e-04 | blown 1 dropped 0
it  701 steps  68911104 sps   49,720 | ep_ret -220.72 ep_len  639.5 (n=167) | pg -0.012 vf 139.209 kl 0.0153 lr 7.6e-05
it  702 steps  69009408 sps   49,719 | ep_ret -218.83 ep_len  652.2 (n=156) | pg -0.010 vf 152.969 kl 0.0122 lr 1.7e-04 | blown 2 dropped 0
it  703 steps  69107712 sps   49,716 | ep_ret -220.47 ep_len  572.8 (n=173) | pg -0.010 vf 144.309 kl 0.0125 lr 1.1e-04
it  704 steps  69206016 sps   49,714 | ep_ret -218.22 ep_len  612.2 (n=198) | pg -0.011 vf 145.385 kl 0.0142 lr 1.7e-04 | blown 1 dropped 0
it  705 steps  69304320 sps   49,712 | ep_ret -222.37 ep_len  598.7 (n=173) | pg -0.010 vf 157.389 kl 0.0148 lr 1.1e-04 | blown 1 dropped 0
it  706 steps  69402624 sps   49,710 | ep_ret -212.71 ep_len  594.9 (n=170) | pg -0.012 vf 150.975 kl 0.0127 lr 1.7e-04
it  707 steps  69500928 sps   49,708 | ep_ret -217.95 ep_len  633.8 (n=171) | pg -0.014 vf 142.225 kl 0.0150 lr 1.1e-04 | blown 2 dropped 0
it  708 steps  69599232 sps   49,706 | ep_ret -222.19 ep_len  609.7 (n=162) | pg -0.012 vf 137.064 kl 0.0143 lr 1.1e-04
it  709 steps  69697536 sps   49,704 | ep_ret -214.71 ep_len  618.3 (n=156) | pg -0.009 vf 127.598 kl 0.0158 lr 7.6e-05 | blown 1 dropped 0
it  710 steps  69795840 sps   49,702 | ep_ret -228.03 ep_len  580.6 (n=156) | pg -0.011 vf 147.185 kl 0.0140 lr 7.6e-05 | blown 1 dropped 0
it  711 steps  69894144 sps   49,700 | ep_ret -225.04 ep_len  594.6 (n=158) | pg -0.009 vf 150.349 kl 0.0126 lr 1.1e-04 | blown 3 dropped 0
it  712 steps  69992448 sps   49,698 | ep_ret -228.28 ep_len  548.1 (n=138) | pg -0.009 vf 149.783 kl 0.0159 lr 1.1e-04 | blown 2 dropped 0
it  713 steps  70090752 sps   49,696 | ep_ret -226.02 ep_len  604.3 (n=189) | pg 0.018 vf 149.049 kl 0.0581 lr 1.0e-05 | blown 2 dropped 0
it  714 steps  70189056 sps   49,694 | ep_ret -224.88 ep_len  605.2 (n=196) | pg 0.001 vf 152.919 kl 0.0140 lr 1.0e-05 | blown 1 dropped 0
it  715 steps  70287360 sps   49,692 | ep_ret -224.43 ep_len  595.0 (n=175) | pg -0.003 vf 144.740 kl 0.0098 lr 2.3e-05
it  716 steps  70385664 sps   49,690 | ep_ret -225.49 ep_len  536.5 (n=154) | pg -0.007 vf 153.330 kl 0.0130 lr 1.1e-04
it  717 steps  70483968 sps   49,688 | ep_ret -231.09 ep_len  597.8 (n=156) | pg -0.009 vf 142.960 kl 0.0139 lr 5.1e-05 | blown 2 dropped 0
it  718 steps  70582272 sps   49,686 | ep_ret -230.89 ep_len  516.4 (n=187) | pg -0.009 vf 165.478 kl 0.0126 lr 1.1e-04 | blown 1 dropped 0
it  719 steps  70680576 sps   49,684 | ep_ret -225.34 ep_len  526.3 (n=140) | pg -0.010 vf 142.530 kl 0.0154 lr 7.6e-05 | blown 1 dropped 0
it  720 steps  70778880 sps   49,681 | ep_ret -226.70 ep_len  518.7 (n=173) | pg -0.010 vf 159.469 kl 0.0151 lr 1.1e-04 | blown 1 dropped 0
it  721 steps  70877184 sps   49,679 | ep_ret -222.50 ep_len  642.6 (n=176) | pg -0.009 vf 156.003 kl 0.0127 lr 1.1e-04 | blown 2 dropped 0
it  722 steps  70975488 sps   49,677 | ep_ret -225.47 ep_len  552.3 (n=170) | pg -0.013 vf 134.290 kl 0.0144 lr 1.1e-04 | blown 1 dropped 0
it  723 steps  71073792 sps   49,675 | ep_ret -214.09 ep_len  636.3 (n=139) | pg -0.011 vf 135.885 kl 0.0144 lr 5.1e-05 | blown 1 dropped 0
it  724 steps  71172096 sps   49,672 | ep_ret -228.64 ep_len  569.0 (n=178) | pg -0.009 vf 155.554 kl 0.0124 lr 1.1e-04 | blown 1 dropped 0
it  725 steps  71270400 sps   49,669 | ep_ret -222.05 ep_len  597.9 (n=159) | pg -0.011 vf 139.022 kl 0.0153 lr 7.6e-05
it  726 steps  71368704 sps   49,666 | ep_ret -227.30 ep_len  567.7 (n=169) | pg -0.011 vf 166.525 kl 0.0138 lr 7.6e-05
it  727 steps  71467008 sps   49,663 | ep_ret -226.89 ep_len  572.8 (n=178) | pg -0.011 vf 172.098 kl 0.0147 lr 1.1e-04 | blown 1 dropped 0
it  728 steps  71565312 sps   49,661 | ep_ret -229.05 ep_len  618.0 (n=169) | pg -0.011 vf 150.886 kl 0.0149 lr 7.6e-05 | blown 1 dropped 0
it  729 steps  71663616 sps   49,658 | ep_ret -228.28 ep_len  556.3 (n=175) | pg -0.008 vf 149.142 kl 0.0125 lr 7.6e-05
it  730 steps  71761920 sps   49,656 | ep_ret -219.67 ep_len  592.8 (n=171) | pg -0.008 vf 149.061 kl 0.0146 lr 7.6e-05 | blown 1 dropped 0
it  731 steps  71860224 sps   49,654 | ep_ret -218.69 ep_len  631.1 (n=162) | pg -0.010 vf 130.123 kl 0.0130 lr 1.1e-04 | blown 2 dropped 0
it  732 steps  71958528 sps   49,652 | ep_ret -212.91 ep_len  666.1 (n=180) | pg -0.012 vf 146.975 kl 0.0143 lr 7.6e-05
it  733 steps  72056832 sps   49,650 | ep_ret -218.85 ep_len  588.2 (n=159) | pg -0.011 vf 130.010 kl 0.0130 lr 1.1e-04 | blown 1 dropped 0
it  734 steps  72155136 sps   49,648 | ep_ret -229.88 ep_len  585.1 (n=146) | pg -0.012 vf 144.475 kl 0.0145 lr 7.6e-05 | blown 2 dropped 0
it  735 steps  72253440 sps   49,646 | ep_ret -226.07 ep_len  590.8 (n=148) | pg -0.006 vf 141.931 kl 0.0156 lr 3.4e-05 | blown 1 dropped 0
it  736 steps  72351744 sps   49,644 | ep_ret -232.50 ep_len  560.3 (n=164) | pg -0.004 vf 176.361 kl 0.0108 lr 3.4e-05 | blown 2 dropped 0
it  737 steps  72450048 sps   49,642 | ep_ret -228.33 ep_len  606.0 (n=159) | pg -0.007 vf 151.409 kl 0.0122 lr 5.1e-05 | blown 1 dropped 0
it  738 steps  72548352 sps   49,640 | ep_ret -226.68 ep_len  608.8 (n=177) | pg -0.012 vf 158.553 kl 0.0125 lr 7.6e-05 | blown 2 dropped 0
it  739 steps  72646656 sps   49,638 | ep_ret -221.74 ep_len  636.7 (n=167) | pg -0.009 vf 152.649 kl 0.0127 lr 1.1e-04 | blown 1 dropped 0
it  740 steps  72744960 sps   49,635 | ep_ret -227.03 ep_len  613.9 (n=185) | pg -0.009 vf 164.471 kl 0.0132 lr 7.6e-05 | blown 3 dropped 0
it  741 steps  72843264 sps   49,633 | ep_ret -226.55 ep_len  586.2 (n=169) | pg -0.012 vf 143.028 kl 0.0144 lr 1.1e-04 | blown 2 dropped 0
it  742 steps  72941568 sps   49,631 | ep_ret -229.67 ep_len  609.1 (n=169) | pg -0.011 vf 157.230 kl 0.0157 lr 1.1e-04
it  743 steps  73039872 sps   49,629 | ep_ret -227.68 ep_len  600.9 (n=165) | pg -0.011 vf 160.711 kl 0.0145 lr 1.1e-04 | blown 1 dropped 0
it  744 steps  73138176 sps   49,627 | ep_ret -225.97 ep_len  530.9 (n=170) | pg -0.010 vf 147.337 kl 0.0131 lr 1.1e-04 | blown 2 dropped 0
it  745 steps  73236480 sps   49,625 | ep_ret -229.28 ep_len  646.5 (n=164) | pg -0.011 vf 155.583 kl 0.0158 lr 1.1e-04 | blown 1 dropped 0
it  746 steps  73334784 sps   49,623 | ep_ret -228.94 ep_len  615.7 (n=166) | pg -0.008 vf 150.585 kl 0.0153 lr 5.1e-05 | blown 3 dropped 0
it  747 steps  73433088 sps   49,621 | ep_ret -233.05 ep_len  546.0 (n=184) | pg -0.012 vf 183.548 kl 0.0130 lr 1.1e-04 | blown 1 dropped 0
it  748 steps  73531392 sps   49,619 | ep_ret -219.49 ep_len  585.9 (n=164) | pg -0.011 vf 151.009 kl 0.0143 lr 7.6e-05 | blown 1 dropped 0
it  749 steps  73629696 sps   49,617 | ep_ret -223.33 ep_len  576.8 (n=164) | pg -0.012 vf 159.182 kl 0.0133 lr 1.1e-04
it  750 steps  73728000 sps   49,615 | ep_ret -223.57 ep_len  597.1 (n=187) | pg -0.004 vf 175.476 kl 0.0145 lr 5.1e-05 | blown 1 dropped 0
it  751 steps  73826304 sps   49,612 | ep_ret -237.41 ep_len  545.2 (n=173) | pg -0.005 vf 232.051 kl 0.0153 lr 2.3e-05 | blown 3 dropped 0
it  752 steps  73924608 sps   49,610 | ep_ret -235.65 ep_len  553.0 (n=181) | pg -0.008 vf 169.607 kl 0.0108 lr 5.1e-05 | blown 1 dropped 0
it  753 steps  74022912 sps   49,608 | ep_ret -225.89 ep_len  529.1 (n=178) | pg -0.013 vf 170.410 kl 0.0126 lr 7.6e-05 | blown 2 dropped 0
it  754 steps  74121216 sps   49,606 | ep_ret -229.86 ep_len  590.1 (n=161) | pg -0.011 vf 148.970 kl 0.0126 lr 1.1e-04 | blown 4 dropped 0
it  755 steps  74219520 sps   49,603 | ep_ret -226.63 ep_len  594.7 (n=175) | pg -0.012 vf 172.868 kl 0.0169 lr 5.1e-05 | blown 1 dropped 0
it  756 steps  74317824 sps   49,601 | ep_ret -226.56 ep_len  563.8 (n=187) | pg -0.010 vf 187.535 kl 0.0125 lr 7.6e-05 | blown 2 dropped 0
it  757 steps  74416128 sps   49,599 | ep_ret -231.45 ep_len  566.2 (n=170) | pg -0.007 vf 179.252 kl 0.0129 lr 5.1e-05 | blown 2 dropped 0
it  758 steps  74514432 sps   49,597 | ep_ret -226.26 ep_len  532.7 (n=168) | pg -0.012 vf 170.823 kl 0.0130 lr 7.6e-05 | blown 2 dropped 0
it  759 steps  74612736 sps   49,594 | ep_ret -235.77 ep_len  515.7 (n=167) | pg -0.011 vf 159.620 kl 0.0158 lr 5.1e-05
it  760 steps  74711040 sps   49,592 | ep_ret -224.66 ep_len  569.8 (n=157) | pg -0.009 vf 159.535 kl 0.0126 lr 7.6e-05 | blown 1 dropped 0
it  761 steps  74809344 sps   49,590 | ep_ret -220.78 ep_len  592.9 (n=124) | pg -0.010 vf 122.282 kl 0.0145 lr 1.1e-04
it  762 steps  74907648 sps   49,588 | ep_ret -225.63 ep_len  563.7 (n=156) | pg -0.012 vf 164.869 kl 0.0163 lr 1.1e-04
it  763 steps  75005952 sps   49,586 | ep_ret -228.96 ep_len  611.5 (n=189) | pg -0.011 vf 172.165 kl 0.0145 lr 1.1e-04 | blown 3 dropped 0
it  764 steps  75104256 sps   49,584 | ep_ret -233.31 ep_len  578.4 (n=166) | pg -0.010 vf 160.382 kl 0.0148 lr 5.1e-05 | blown 3 dropped 0
it  765 steps  75202560 sps   49,582 | ep_ret -223.47 ep_len  561.2 (n=138) | pg -0.009 vf 144.786 kl 0.0127 lr 1.1e-04 | blown 3 dropped 0
it  766 steps  75300864 sps   49,580 | ep_ret -223.80 ep_len  567.3 (n=169) | pg -0.008 vf 168.673 kl 0.0138 lr 1.1e-04 | blown 2 dropped 0
it  767 steps  75399168 sps   49,578 | ep_ret -226.25 ep_len  570.2 (n=185) | pg -0.011 vf 166.557 kl 0.0144 lr 1.1e-04
it  768 steps  75497472 sps   49,575 | ep_ret -227.20 ep_len  547.5 (n=168) | pg -0.012 vf 164.397 kl 0.0151 lr 1.1e-04 | blown 1 dropped 0
it  769 steps  75595776 sps   49,573 | ep_ret -227.34 ep_len  630.7 (n=165) | pg -0.012 vf 138.620 kl 0.0148 lr 1.1e-04
it  770 steps  75694080 sps   49,571 | ep_ret -225.95 ep_len  598.8 (n=170) | pg -0.009 vf 157.110 kl 0.0155 lr 1.1e-04 | blown 1 dropped 0
it  771 steps  75792384 sps   49,569 | ep_ret -227.97 ep_len  601.2 (n=151) | pg -0.009 vf 133.239 kl 0.0150 lr 1.7e-04 | blown 1 dropped 0
it  772 steps  75890688 sps   49,566 | ep_ret -229.92 ep_len  628.2 (n=161) | pg -0.012 vf 158.349 kl 0.0151 lr 7.6e-05
it  773 steps  75988992 sps   49,564 | ep_ret -229.29 ep_len  578.2 (n=181) | pg -0.011 vf 150.660 kl 0.0151 lr 1.7e-04
it  774 steps  76087296 sps   49,562 | ep_ret -218.64 ep_len  677.0 (n=164) | pg -0.012 vf 134.405 kl 0.0154 lr 1.1e-04 | blown 1 dropped 0
it  775 steps  76185600 sps   49,560 | ep_ret -238.78 ep_len  555.1 (n=197) | pg -0.012 vf 180.097 kl 0.0150 lr 1.1e-04 | blown 3 dropped 0
it  776 steps  76283904 sps   49,558 | ep_ret -232.11 ep_len  598.6 (n=156) | pg -0.011 vf 161.574 kl 0.0139 lr 1.1e-04 | blown 5 dropped 0
it  777 steps  76382208 sps   49,556 | ep_ret -237.34 ep_len  571.4 (n=171) | pg -0.012 vf 163.852 kl 0.0140 lr 1.1e-04 | blown 1 dropped 0
it  778 steps  76480512 sps   49,554 | ep_ret -220.32 ep_len  613.9 (n=164) | pg -0.011 vf 147.200 kl 0.0160 lr 3.4e-05 | blown 2 dropped 0
it  779 steps  76578816 sps   49,552 | ep_ret -231.92 ep_len  536.3 (n=185) | pg -0.012 vf 184.097 kl 0.0146 lr 1.1e-04 | blown 1 dropped 0
it  780 steps  76677120 sps   49,549 | ep_ret -232.15 ep_len  584.0 (n=180) | pg -0.008 vf 175.524 kl 0.0143 lr 3.4e-05 | blown 2 dropped 0
it  781 steps  76775424 sps   49,547 | ep_ret -226.55 ep_len  608.7 (n=152) | pg -0.010 vf 154.298 kl 0.0135 lr 5.1e-05 | blown 1 dropped 0
it  782 steps  76873728 sps   49,545 | ep_ret -223.41 ep_len  595.4 (n=167) | pg -0.012 vf 156.214 kl 0.0147 lr 5.1e-05 | blown 1 dropped 0
it  783 steps  76972032 sps   49,543 | ep_ret -226.44 ep_len  617.5 (n=178) | pg -0.010 vf 169.668 kl 0.0111 lr 7.6e-05
it  784 steps  77070336 sps   49,541 | ep_ret -230.89 ep_len  593.9 (n=146) | pg -0.010 vf 158.301 kl 0.0147 lr 7.6e-05 | blown 2 dropped 0
it  785 steps  77168640 sps   49,538 | ep_ret -227.57 ep_len  529.3 (n=189) | pg -0.011 vf 171.722 kl 0.0157 lr 7.6e-05 | blown 1 dropped 0
it  786 steps  77266944 sps   49,536 | ep_ret -223.14 ep_len  625.0 (n=162) | pg -0.011 vf 163.741 kl 0.0142 lr 1.1e-04
it  787 steps  77365248 sps   49,534 | ep_ret -223.69 ep_len  624.4 (n=133) | pg -0.012 vf 142.534 kl 0.0143 lr 7.6e-05
it  788 steps  77463552 sps   49,532 | ep_ret -232.88 ep_len  591.0 (n=184) | pg -0.009 vf 194.635 kl 0.0129 lr 7.6e-05 | blown 3 dropped 0
it  789 steps  77561856 sps   49,529 | ep_ret -228.86 ep_len  593.6 (n=168) | pg -0.012 vf 173.001 kl 0.0133 lr 1.1e-04 | blown 2 dropped 0
it  790 steps  77660160 sps   49,527 | ep_ret -234.26 ep_len  605.9 (n=161) | pg -0.012 vf 160.140 kl 0.0149 lr 1.1e-04 | blown 1 dropped 0
it  791 steps  77758464 sps   49,525 | ep_ret -232.41 ep_len  628.9 (n=171) | pg -0.011 vf 176.001 kl 0.0161 lr 5.1e-05 | blown 3 dropped 0
it  792 steps  77856768 sps   49,523 | ep_ret -229.19 ep_len  575.1 (n=175) | pg -0.011 vf 167.230 kl 0.0132 lr 1.1e-04
it  793 steps  77955072 sps   49,520 | ep_ret -237.20 ep_len  578.6 (n=170) | pg -0.010 vf 167.718 kl 0.0170 lr 7.6e-05 | blown 3 dropped 0
it  794 steps  78053376 sps   49,518 | ep_ret -234.33 ep_len  626.0 (n=160) | pg -0.011 vf 153.569 kl 0.0154 lr 1.1e-04
it  795 steps  78151680 sps   49,516 | ep_ret -239.16 ep_len  575.2 (n=145) | pg -0.012 vf 145.024 kl 0.0151 lr 7.6e-05 | blown 3 dropped 0
it  796 steps  78249984 sps   49,514 | ep_ret -218.80 ep_len  671.8 (n=166) | pg -0.011 vf 144.630 kl 0.0157 lr 7.6e-05 | blown 1 dropped 0
it  797 steps  78348288 sps   49,512 | ep_ret -231.20 ep_len  593.5 (n=154) | pg -0.010 vf 169.705 kl 0.0132 lr 7.6e-05 | blown 1 dropped 0
it  798 steps  78446592 sps   49,509 | ep_ret -227.40 ep_len  595.6 (n=175) | pg -0.009 vf 188.218 kl 0.0116 lr 7.6e-05 | blown 1 dropped 0
it  799 steps  78544896 sps   49,507 | ep_ret -243.66 ep_len  567.4 (n=183) | pg -0.014 vf 167.068 kl 0.0145 lr 5.1e-05 | blown 3 dropped 0
it  800 steps  78643200 sps   49,505 | ep_ret -233.28 ep_len  558.2 (n=162) | pg -0.011 vf 155.766 kl 0.0141 lr 7.6e-05
it  801 steps  78741504 sps   49,503 | ep_ret -230.91 ep_len  588.6 (n=150) | pg -0.012 vf 157.908 kl 0.0147 lr 7.6e-05 | blown 1 dropped 0
it  802 steps  78839808 sps   49,501 | ep_ret -236.05 ep_len  572.6 (n=147) | pg -0.011 vf 154.421 kl 0.0144 lr 5.1e-05 | blown 3 dropped 0
it  803 steps  78938112 sps   49,498 | ep_ret -238.60 ep_len  598.5 (n=145) | pg -0.011 vf 142.852 kl 0.0140 lr 5.1e-05 | blown 1 dropped 0
it  804 steps  79036416 sps   49,496 | ep_ret -232.39 ep_len  542.3 (n=176) | pg -0.010 vf 169.384 kl 0.0139 lr 5.1e-05
it  805 steps  79134720 sps   49,494 | ep_ret -238.57 ep_len  603.9 (n=173) | pg -0.011 vf 170.402 kl 0.0142 lr 1.1e-04 | blown 1 dropped 0
it  806 steps  79233024 sps   49,492 | ep_ret -231.20 ep_len  541.1 (n=142) | pg -0.009 vf 148.632 kl 0.0139 lr 5.1e-05 | blown 2 dropped 0
it  807 steps  79331328 sps   49,490 | ep_ret -238.35 ep_len  610.0 (n=187) | pg -0.012 vf 174.230 kl 0.0117 lr 1.1e-04 | blown 2 dropped 0
it  808 steps  79429632 sps   49,488 | ep_ret -233.61 ep_len  691.3 (n=173) | pg -0.011 vf 156.045 kl 0.0158 lr 5.1e-05
it  809 steps  79527936 sps   49,485 | ep_ret -238.60 ep_len  587.3 (n=145) | pg -0.012 vf 154.376 kl 0.0135 lr 7.6e-05 | blown 2 dropped 0
it  810 steps  79626240 sps   49,483 | ep_ret -233.66 ep_len  621.3 (n=180) | pg -0.013 vf 176.053 kl 0.0140 lr 7.6e-05 | blown 2 dropped 0
it  811 steps  79724544 sps   49,481 | ep_ret -234.10 ep_len  574.2 (n=153) | pg -0.012 vf 149.612 kl 0.0143 lr 7.6e-05
it  812 steps  79822848 sps   49,478 | ep_ret -234.06 ep_len  584.3 (n=172) | pg -0.011 vf 160.391 kl 0.0145 lr 7.6e-05
it  813 steps  79921152 sps   49,476 | ep_ret -238.90 ep_len  526.6 (n=159) | pg -0.010 vf 188.429 kl 0.0147 lr 7.6e-05 | blown 3 dropped 0
it  814 steps  80019456 sps   49,473 | ep_ret -235.88 ep_len  592.6 (n=194) | pg -0.013 vf 180.084 kl 0.0152 lr 1.1e-04 | blown 1 dropped 0
it  815 steps  80117760 sps   49,471 | ep_ret -231.69 ep_len  544.1 (n=195) | pg -0.011 vf 182.563 kl 0.0144 lr 7.6e-05 | blown 1 dropped 0
it  816 steps  80216064 sps   49,468 | ep_ret -231.30 ep_len  643.0 (n=182) | pg -0.011 vf 177.870 kl 0.0157 lr 5.1e-05 | blown 1 dropped 0
it  817 steps  80314368 sps   49,466 | ep_ret -234.02 ep_len  513.0 (n=172) | pg -0.011 vf 179.194 kl 0.0133 lr 7.6e-05 | blown 3 dropped 0
it  818 steps  80412672 sps   49,464 | ep_ret -236.67 ep_len  598.9 (n=156) | pg -0.011 vf 166.005 kl 0.0148 lr 1.1e-04 | blown 2 dropped 0
it  819 steps  80510976 sps   49,461 | ep_ret -235.30 ep_len  577.6 (n=151) | pg -0.011 vf 155.212 kl 0.0142 lr 5.1e-05 | blown 4 dropped 0
it  820 steps  80609280 sps   49,459 | ep_ret -231.60 ep_len  582.6 (n=161) | pg -0.010 vf 171.843 kl 0.0139 lr 1.7e-04 | blown 1 dropped 0
it  821 steps  80707584 sps   49,457 | ep_ret -234.71 ep_len  538.0 (n=178) | pg -0.013 vf 180.822 kl 0.0152 lr 5.1e-05
it  822 steps  80805888 sps   49,454 | ep_ret -232.54 ep_len  559.2 (n=179) | pg -0.010 vf 194.047 kl 0.0115 lr 7.6e-05 | blown 1 dropped 0
it  823 steps  80904192 sps   49,452 | ep_ret -225.20 ep_len  590.9 (n=171) | pg -0.013 vf 181.697 kl 0.0150 lr 7.6e-05 | blown 1 dropped 0
it  824 steps  81002496 sps   49,450 | ep_ret -236.83 ep_len  601.3 (n=178) | pg -0.012 vf 171.239 kl 0.0144 lr 7.6e-05 | blown 1 dropped 0
it  825 steps  81100800 sps   49,448 | ep_ret -228.45 ep_len  559.3 (n=177) | pg -0.010 vf 176.627 kl 0.0134 lr 7.6e-05 | blown 2 dropped 0
it  826 steps  81199104 sps   49,445 | ep_ret -243.78 ep_len  571.5 (n=195) | pg -0.010 vf 178.574 kl 0.0135 lr 5.1e-05 | blown 4 dropped 0
it  827 steps  81297408 sps   49,443 | ep_ret -234.19 ep_len  588.9 (n=189) | pg -0.012 vf 191.032 kl 0.0142 lr 1.1e-04 | blown 4 dropped 0
it  828 steps  81395712 sps   49,440 | ep_ret -240.83 ep_len  561.7 (n=189) | pg -0.012 vf 191.710 kl 0.0163 lr 7.6e-05 | blown 2 dropped 0
it  829 steps  81494016 sps   49,438 | ep_ret -241.32 ep_len  516.3 (n=172) | pg -0.013 vf 163.758 kl 0.0155 lr 7.6e-05 | blown 2 dropped 0
it  830 steps  81592320 sps   49,436 | ep_ret -223.38 ep_len  629.4 (n=163) | pg -0.011 vf 155.317 kl 0.0130 lr 7.6e-05 | blown 2 dropped 0
it  831 steps  81690624 sps   49,433 | ep_ret -238.44 ep_len  588.2 (n=184) | pg -0.008 vf 199.995 kl 0.0121 lr 5.1e-05 | blown 4 dropped 0
it  832 steps  81788928 sps   49,431 | ep_ret -247.74 ep_len  598.8 (n=193) | pg -0.003 vf 191.636 kl 0.0141 lr 1.5e-05 | blown 3 dropped 0
it  833 steps  81887232 sps   49,428 | ep_ret -233.62 ep_len  544.9 (n=152) | pg -0.008 vf 164.140 kl 0.0099 lr 5.1e-05 | blown 5 dropped 0
it  834 steps  81985536 sps   49,426 | ep_ret -239.99 ep_len  617.7 (n=177) | pg -0.010 vf 189.992 kl 0.0134 lr 1.1e-04
it  835 steps  82083840 sps   49,424 | ep_ret -235.60 ep_len  559.7 (n=163) | pg -0.011 vf 161.607 kl 0.0136 lr 7.6e-05 | blown 1 dropped 0
it  836 steps  82182144 sps   49,421 | ep_ret -240.91 ep_len  551.7 (n=175) | pg -0.012 vf 155.765 kl 0.0127 lr 7.6e-05 | blown 2 dropped 0
it  837 steps  82280448 sps   49,419 | ep_ret -247.46 ep_len  463.6 (n=187) | pg -0.012 vf 203.114 kl 0.0138 lr 1.7e-04 | blown 2 dropped 0
it  838 steps  82378752 sps   49,417 | ep_ret -240.93 ep_len  621.4 (n=173) | pg -0.010 vf 171.411 kl 0.0146 lr 1.1e-04 | blown 3 dropped 0
it  839 steps  82477056 sps   49,414 | ep_ret -231.27 ep_len  614.4 (n=183) | pg -0.013 vf 180.081 kl 0.0151 lr 7.6e-05 | blown 3 dropped 0
it  840 steps  82575360 sps   49,412 | ep_ret -240.91 ep_len  566.3 (n=197) | pg -0.012 vf 194.720 kl 0.0137 lr 7.6e-05 | blown 3 dropped 0
it  841 steps  82673664 sps   49,410 | ep_ret -245.07 ep_len  541.8 (n=205) | pg -0.010 vf 216.229 kl 0.0136 lr 7.6e-05 | blown 3 dropped 0
it  842 steps  82771968 sps   49,407 | ep_ret -239.14 ep_len  551.5 (n=193) | pg -0.009 vf 192.117 kl 0.0122 lr 1.7e-04 | blown 2 dropped 0
it  843 steps  82870272 sps   49,405 | ep_ret -241.70 ep_len  462.3 (n=173) | pg -0.008 vf 185.839 kl 0.0119 lr 1.1e-04 | blown 1 dropped 0
it  844 steps  82968576 sps   49,403 | ep_ret -246.97 ep_len  554.9 (n=178) | pg -0.012 vf 181.206 kl 0.0153 lr 7.6e-05
it  845 steps  83066880 sps   49,400 | ep_ret -242.83 ep_len  492.2 (n=163) | pg -0.011 vf 172.517 kl 0.0148 lr 1.7e-04 | blown 1 dropped 0
it  846 steps  83165184 sps   49,398 | ep_ret -241.49 ep_len  539.0 (n=206) | pg -0.011 vf 197.376 kl 0.0188 lr 5.1e-05 | blown 3 dropped 0
it  847 steps  83263488 sps   49,396 | ep_ret -237.28 ep_len  559.3 (n=158) | pg -0.011 vf 178.223 kl 0.0120 lr 1.1e-04 | blown 1 dropped 0
it  848 steps  83361792 sps   49,393 | ep_ret -245.31 ep_len  576.8 (n=168) | pg -0.011 vf 187.944 kl 0.0140 lr 1.1e-04 | blown 5 dropped 0
it  849 steps  83460096 sps   49,391 | ep_ret -236.54 ep_len  578.8 (n=178) | pg -0.010 vf 176.127 kl 0.0135 lr 1.7e-04 | blown 1 dropped 0
it  850 steps  83558400 sps   49,389 | ep_ret -246.44 ep_len  567.4 (n=164) | pg -0.011 vf 165.818 kl 0.0150 lr 1.1e-04 | blown 1 dropped 0
it  851 steps  83656704 sps   49,386 | ep_ret -243.70 ep_len  523.5 (n=165) | pg -0.011 vf 174.736 kl 0.0135 lr 1.7e-04
it  852 steps  83755008 sps   49,384 | ep_ret -235.11 ep_len  547.2 (n=174) | pg -0.011 vf 188.978 kl 0.0142 lr 1.7e-04 | blown 2 dropped 0
it  853 steps  83853312 sps   49,382 | ep_ret -240.77 ep_len  541.2 (n=186) | pg -0.010 vf 167.603 kl 0.0150 lr 7.6e-05 | blown 2 dropped 0
it  854 steps  83951616 sps   49,380 | ep_ret -240.60 ep_len  513.8 (n=198) | pg -0.012 vf 190.535 kl 0.0133 lr 1.7e-04 | blown 1 dropped 0
it  855 steps  84049920 sps   49,377 | ep_ret -249.31 ep_len  573.3 (n=190) | pg -0.011 vf 195.628 kl 0.0160 lr 1.1e-04 | blown 2 dropped 0
it  856 steps  84148224 sps   49,375 | ep_ret -240.88 ep_len  506.8 (n=188) | pg -0.011 vf 192.537 kl 0.0144 lr 1.7e-04 | blown 2 dropped 0
it  857 steps  84246528 sps   49,373 | ep_ret -242.13 ep_len  565.8 (n=193) | pg -0.013 vf 184.651 kl 0.0152 lr 1.1e-04 | blown 6 dropped 0
it  858 steps  84344832 sps   49,370 | ep_ret -239.60 ep_len  552.4 (n=173) | pg -0.008 vf 178.297 kl 0.0124 lr 1.1e-04 | blown 1 dropped 0
it  859 steps  84443136 sps   49,368 | ep_ret -249.52 ep_len  545.6 (n=182) | pg -0.013 vf 202.297 kl 0.0148 lr 1.1e-04 | blown 4 dropped 0
it  860 steps  84541440 sps   49,366 | ep_ret -246.07 ep_len  488.5 (n=182) | pg -0.013 vf 198.886 kl 0.0152 lr 1.7e-04 | blown 5 dropped 0
it  861 steps  84639744 sps   49,364 | ep_ret -242.43 ep_len  515.1 (n=179) | pg -0.012 vf 198.109 kl 0.0160 lr 7.6e-05 | blown 3 dropped 0
it  862 steps  84738048 sps   49,361 | ep_ret -244.78 ep_len  534.6 (n=169) | pg -0.012 vf 184.476 kl 0.0132 lr 7.6e-05 | blown 5 dropped 0
it  863 steps  84836352 sps   49,359 | ep_ret -241.37 ep_len  529.2 (n=184) | pg -0.012 vf 168.319 kl 0.0150 lr 1.1e-04
it  864 steps  84934656 sps   49,357 | ep_ret -255.74 ep_len  547.9 (n=179) | pg -0.009 vf 195.735 kl 0.0117 lr 1.1e-04 | blown 4 dropped 0
it  865 steps  85032960 sps   49,355 | ep_ret -241.07 ep_len  541.2 (n=176) | pg -0.013 vf 188.298 kl 0.0164 lr 5.1e-05 | blown 1 dropped 0
it  866 steps  85131264 sps   49,352 | ep_ret -246.86 ep_len  526.5 (n=205) | pg -0.010 vf 230.966 kl 0.0117 lr 1.1e-04 | blown 4 dropped 0
it  867 steps  85229568 sps   49,350 | ep_ret -247.53 ep_len  558.5 (n=191) | pg -0.011 vf 189.141 kl 0.0148 lr 1.1e-04 | blown 1 dropped 0
it  868 steps  85327872 sps   49,348 | ep_ret -241.76 ep_len  584.2 (n=196) | pg -0.011 vf 187.393 kl 0.0168 lr 5.1e-05 | blown 3 dropped 0
it  869 steps  85426176 sps   49,345 | ep_ret -242.82 ep_len  572.1 (n=186) | pg -0.011 vf 181.026 kl 0.0139 lr 7.6e-05 | blown 3 dropped 0
it  870 steps  85524480 sps   49,343 | ep_ret -248.57 ep_len  477.3 (n=203) | pg -0.010 vf 207.836 kl 0.0138 lr 7.6e-05 | blown 1 dropped 0
it  871 steps  85622784 sps   49,341 | ep_ret -244.11 ep_len  577.0 (n=184) | pg -0.009 vf 191.977 kl 0.0120 lr 7.6e-05 | blown 3 dropped 0
it  872 steps  85721088 sps   49,338 | ep_ret -246.77 ep_len  514.0 (n=165) | pg -0.012 vf 195.584 kl 0.0139 lr 1.7e-04 | blown 2 dropped 0
it  873 steps  85819392 sps   49,336 | ep_ret -239.18 ep_len  566.8 (n=209) | pg -0.012 vf 177.432 kl 0.0152 lr 7.6e-05 | blown 1 dropped 0
it  874 steps  85917696 sps   49,334 | ep_ret -238.45 ep_len  481.2 (n=172) | pg -0.009 vf 181.098 kl 0.0123 lr 7.6e-05 | blown 4 dropped 0
it  875 steps  86016000 sps   49,332 | ep_ret -241.90 ep_len  511.8 (n=189) | pg -0.011 vf 200.008 kl 0.0141 lr 7.6e-05 | blown 5 dropped 0
it  876 steps  86114304 sps   49,329 | ep_ret -248.33 ep_len  489.5 (n=184) | pg -0.011 vf 194.345 kl 0.0147 lr 1.1e-04 | blown 4 dropped 0
it  877 steps  86212608 sps   49,327 | ep_ret -252.11 ep_len  498.4 (n=198) | pg -0.010 vf 219.798 kl 0.0149 lr 7.6e-05 | blown 6 dropped 0
it  878 steps  86310912 sps   49,325 | ep_ret -252.15 ep_len  542.6 (n=186) | pg -0.008 vf 207.887 kl 0.0114 lr 7.6e-05 | blown 6 dropped 0
it  879 steps  86409216 sps   49,322 | ep_ret -252.60 ep_len  501.3 (n=168) | pg -0.012 vf 194.018 kl 0.0158 lr 3.4e-05 | blown 3 dropped 0
it  880 steps  86507520 sps   49,320 | ep_ret -246.32 ep_len  521.3 (n=213) | pg -0.010 vf 205.927 kl 0.0118 lr 1.1e-04 | blown 3 dropped 0
it  881 steps  86605824 sps   49,318 | ep_ret -247.78 ep_len  612.3 (n=188) | pg -0.010 vf 193.542 kl 0.0149 lr 7.6e-05 | blown 2 dropped 0
it  882 steps  86704128 sps   49,316 | ep_ret -245.50 ep_len  534.9 (n=190) | pg -0.013 vf 184.638 kl 0.0141 lr 5.1e-05 | blown 1 dropped 0
it  883 steps  86802432 sps   49,313 | ep_ret -247.65 ep_len  516.8 (n=202) | pg -0.006 vf 198.241 kl 0.0107 lr 5.1e-05 | blown 4 dropped 0
it  884 steps  86900736 sps   49,311 | ep_ret -248.48 ep_len  579.7 (n=191) | pg -0.010 vf 184.540 kl 0.0120 lr 1.1e-04 | blown 1 dropped 0
it  885 steps  86999040 sps   49,308 | ep_ret -251.01 ep_len  509.3 (n=160) | pg -0.011 vf 202.836 kl 0.0157 lr 1.7e-04 | blown 6 dropped 0
it  886 steps  87097344 sps   49,305 | ep_ret -242.91 ep_len  510.7 (n=198) | pg -0.010 vf 199.836 kl 0.0166 lr 2.3e-05 | blown 4 dropped 0
it  887 steps  87195648 sps   49,303 | ep_ret -253.11 ep_len  514.2 (n=186) | pg -0.010 vf 198.553 kl 0.0107 lr 1.1e-04 | blown 7 dropped 0
it  888 steps  87293952 sps   49,301 | ep_ret -246.92 ep_len  569.4 (n=183) | pg -0.011 vf 195.254 kl 0.0161 lr 5.1e-05 | blown 7 dropped 0
it  889 steps  87392256 sps   49,298 | ep_ret -253.83 ep_len  515.5 (n=192) | pg -0.010 vf 203.732 kl 0.0125 lr 1.1e-04 | blown 2 dropped 0
it  890 steps  87490560 sps   49,296 | ep_ret -252.80 ep_len  493.4 (n=195) | pg -0.012 vf 216.725 kl 0.0142 lr 7.6e-05 | blown 2 dropped 0
it  891 steps  87588864 sps   49,294 | ep_ret -257.35 ep_len  504.5 (n=188) | pg -0.013 vf 193.913 kl 0.0116 lr 1.7e-04 | blown 4 dropped 0
it  892 steps  87687168 sps   49,292 | ep_ret -248.83 ep_len  532.2 (n=163) | pg -0.013 vf 165.283 kl 0.0149 lr 1.1e-04 | blown 5 dropped 0
it  893 steps  87785472 sps   49,290 | ep_ret -256.87 ep_len  488.2 (n=196) | pg -0.011 vf 209.977 kl 0.0147 lr 1.7e-04 | blown 7 dropped 0
it  894 steps  87883776 sps   49,287 | ep_ret -251.15 ep_len  582.5 (n=184) | pg -0.010 vf 188.858 kl 0.0170 lr 1.7e-04 | blown 6 dropped 0
it  895 steps  87982080 sps   49,285 | ep_ret -247.08 ep_len  493.9 (n=208) | pg -0.011 vf 210.752 kl 0.0171 lr 1.7e-04 | blown 9 dropped 0
it  896 steps  88080384 sps   49,283 | ep_ret -251.15 ep_len  520.3 (n=175) | pg -0.011 vf 195.931 kl 0.0161 lr 5.1e-05 | blown 3 dropped 0
it  897 steps  88178688 sps   49,281 | ep_ret -244.17 ep_len  554.4 (n=177) | pg -0.009 vf 175.940 kl 0.0113 lr 1.1e-04 | blown 3 dropped 0
it  898 steps  88276992 sps   49,279 | ep_ret -248.16 ep_len  517.3 (n=200) | pg -0.012 vf 201.335 kl 0.0153 lr 5.1e-05 | blown 1 dropped 0
it  899 steps  88375296 sps   49,277 | ep_ret -248.80 ep_len  540.5 (n=171) | pg -0.012 vf 193.649 kl 0.0140 lr 1.1e-04 | blown 5 dropped 0
it  900 steps  88473600 sps   49,275 | ep_ret -251.93 ep_len  531.6 (n=205) | pg -0.011 vf 204.442 kl 0.0164 lr 1.7e-04 | blown 4 dropped 0
it  901 steps  88571904 sps   49,272 | ep_ret -252.77 ep_len  515.6 (n=186) | pg -0.010 vf 215.566 kl 0.0154 lr 1.7e-04 | blown 2 dropped 0
it  902 steps  88670208 sps   49,270 | ep_ret -257.48 ep_len  503.6 (n=236) | pg -0.005 vf 239.086 kl 0.0151 lr 3.4e-05 | blown 5 dropped 0
it  903 steps  88768512 sps   49,268 | ep_ret -251.17 ep_len  489.5 (n=173) | pg -0.012 vf 203.668 kl 0.0135 lr 7.6e-05 | blown 5 dropped 0
it  904 steps  88866816 sps   49,265 | ep_ret -258.15 ep_len  528.2 (n=198) | pg -0.010 vf 205.802 kl 0.0142 lr 5.1e-05 | blown 6 dropped 0
it  905 steps  88965120 sps   49,263 | ep_ret -249.02 ep_len  520.0 (n=182) | pg -0.011 vf 195.724 kl 0.0121 lr 1.1e-04 | blown 5 dropped 0
it  906 steps  89063424 sps   49,261 | ep_ret -244.23 ep_len  471.5 (n=199) | pg -0.014 vf 193.750 kl 0.0146 lr 1.1e-04 | blown 1 dropped 0
it  907 steps  89161728 sps   49,259 | ep_ret -255.12 ep_len  512.8 (n=196) | pg -0.011 vf 201.678 kl 0.0119 lr 1.7e-04 | blown 4 dropped 0
it  908 steps  89260032 sps   49,257 | ep_ret -258.97 ep_len  533.5 (n=231) | pg -0.010 vf 235.973 kl 0.0151 lr 1.7e-04 | blown 3 dropped 0
it  909 steps  89358336 sps   49,255 | ep_ret -260.63 ep_len  508.7 (n=203) | pg -0.013 vf 201.209 kl 0.0149 lr 1.1e-04 | blown 9 dropped 0
it  910 steps  89456640 sps   49,253 | ep_ret -256.49 ep_len  499.2 (n=206) | pg -0.009 vf 207.181 kl 0.0110 lr 1.1e-04 | blown 2 dropped 0
it  911 steps  89554944 sps   49,250 | ep_ret -248.65 ep_len  523.9 (n=195) | pg -0.012 vf 213.081 kl 0.0154 lr 1.1e-04 | blown 4 dropped 0
it  912 steps  89653248 sps   49,248 | ep_ret -253.44 ep_len  485.4 (n=187) | pg -0.008 vf 187.724 kl 0.0120 lr 1.1e-04 | blown 3 dropped 0
it  913 steps  89751552 sps   49,246 | ep_ret -256.38 ep_len  499.0 (n=219) | pg -0.007 vf 213.836 kl 0.0117 lr 1.1e-04 | blown 7 dropped 0
it  914 steps  89849856 sps   49,244 | ep_ret -252.63 ep_len  551.3 (n=202) | pg -0.010 vf 211.241 kl 0.0133 lr 1.1e-04 | blown 9 dropped 0
it  915 steps  89948160 sps   49,242 | ep_ret -252.70 ep_len  492.7 (n=182) | pg -0.006 vf 197.298 kl 0.0132 lr 5.1e-05 | blown 2 dropped 0
it  916 steps  90046464 sps   49,240 | ep_ret -254.11 ep_len  475.3 (n=204) | pg -0.007 vf 222.494 kl 0.0120 lr 5.1e-05 | blown 6 dropped 0
it  917 steps  90144768 sps   49,238 | ep_ret -252.12 ep_len  461.8 (n=204) | pg -0.006 vf 215.875 kl 0.0133 lr 5.1e-05 | blown 7 dropped 0
it  918 steps  90243072 sps   49,235 | ep_ret -258.22 ep_len  486.4 (n=196) | pg -0.010 vf 206.702 kl 0.0123 lr 7.6e-05 | blown 8 dropped 0
it  919 steps  90341376 sps   49,233 | ep_ret -256.80 ep_len  529.6 (n=177) | pg -0.012 vf 175.936 kl 0.0114 lr 1.1e-04 | blown 3 dropped 0
it  920 steps  90439680 sps   49,231 | ep_ret -264.79 ep_len  507.2 (n=168) | pg -0.010 vf 200.335 kl 0.0142 lr 1.1e-04 | blown 5 dropped 0
it  921 steps  90537984 sps   49,229 | ep_ret -261.82 ep_len  523.9 (n=186) | pg -0.011 vf 192.586 kl 0.0140 lr 1.1e-04 | blown 5 dropped 0
it  922 steps  90636288 sps   49,227 | ep_ret -252.32 ep_len  458.7 (n=226) | pg -0.010 vf 240.126 kl 0.0141 lr 2.6e-04 | blown 5 dropped 0
it  923 steps  90734592 sps   49,225 | ep_ret -251.88 ep_len  469.4 (n=211) | pg -0.007 vf 213.375 kl 0.0154 lr 3.4e-05 | blown 5 dropped 0
it  924 steps  90832896 sps   49,223 | ep_ret -262.15 ep_len  469.9 (n=216) | pg -0.010 vf 229.410 kl 0.0101 lr 1.1e-04 | blown 4 dropped 0
it  925 steps  90931200 sps   49,220 | ep_ret -253.85 ep_len  541.3 (n=209) | pg -0.011 vf 225.276 kl 0.0147 lr 1.1e-04 | blown 5 dropped 0
it  926 steps  91029504 sps   49,218 | ep_ret -252.30 ep_len  482.3 (n=204) | pg -0.012 vf 214.115 kl 0.0139 lr 2.6e-04 | blown 8 dropped 0
it  927 steps  91127808 sps   49,216 | ep_ret -259.25 ep_len  514.6 (n=202) | pg -0.012 vf 212.971 kl 0.0153 lr 1.7e-04 | blown 5 dropped 0
it  928 steps  91226112 sps   49,214 | ep_ret -254.37 ep_len  573.5 (n=203) | pg -0.012 vf 186.170 kl 0.0145 lr 1.1e-04 | blown 4 dropped 0
it  929 steps  91324416 sps   49,212 | ep_ret -264.59 ep_len  531.4 (n=176) | pg -0.014 vf 200.086 kl 0.0144 lr 7.6e-05 | blown 4 dropped 0
it  930 steps  91422720 sps   49,210 | ep_ret -249.22 ep_len  441.8 (n=191) | pg -0.010 vf 204.912 kl 0.0143 lr 1.1e-04 | blown 9 dropped 0
it  931 steps  91521024 sps   49,208 | ep_ret -258.18 ep_len  470.7 (n=192) | pg -0.012 vf 198.350 kl 0.0151 lr 1.1e-04 | blown 2 dropped 0
it  932 steps  91619328 sps   49,206 | ep_ret -249.51 ep_len  513.4 (n=217) | pg -0.009 vf 236.153 kl 0.0121 lr 7.6e-05 | blown 8 dropped 0
it  933 steps  91717632 sps   49,204 | ep_ret -256.56 ep_len  452.4 (n=198) | pg -0.010 vf 213.152 kl 0.0128 lr 1.7e-04 | blown 5 dropped 0
it  934 steps  91815936 sps   49,202 | ep_ret -258.25 ep_len  446.6 (n=176) | pg -0.013 vf 198.703 kl 0.0144 lr 5.1e-05 | blown 3 dropped 0
it  935 steps  91914240 sps   49,200 | ep_ret -257.28 ep_len  492.6 (n=189) | pg -0.011 vf 204.006 kl 0.0138 lr 1.7e-04 | blown 4 dropped 0
it  936 steps  92012544 sps   49,197 | ep_ret -260.46 ep_len  522.3 (n=199) | pg -0.010 vf 213.663 kl 0.0145 lr 5.1e-05 | blown 8 dropped 0
it  937 steps  92110848 sps   49,196 | ep_ret -255.81 ep_len  449.8 (n=203) | pg -0.010 vf 210.168 kl 0.0127 lr 1.1e-04 | blown 8 dropped 0
it  938 steps  92209152 sps   49,193 | ep_ret -259.67 ep_len  504.3 (n=209) | pg -0.010 vf 230.521 kl 0.0162 lr 7.6e-05 | blown 4 dropped 0
it  939 steps  92307456 sps   49,191 | ep_ret -260.65 ep_len  458.8 (n=196) | pg -0.011 vf 218.132 kl 0.0123 lr 1.7e-04 | blown 8 dropped 0
it  940 steps  92405760 sps   49,189 | ep_ret -264.18 ep_len  483.3 (n=214) | pg -0.010 vf 233.265 kl 0.0149 lr 1.7e-04 | blown 8 dropped 0
it  941 steps  92504064 sps   49,187 | ep_ret -255.87 ep_len  493.5 (n=200) | pg -0.013 vf 221.163 kl 0.0148 lr 7.6e-05 | blown 5 dropped 0
it  942 steps  92602368 sps   49,185 | ep_ret -258.78 ep_len  456.5 (n=193) | pg -0.012 vf 210.255 kl 0.0113 lr 1.7e-04 | blown 2 dropped 0
it  943 steps  92700672 sps   49,183 | ep_ret -268.72 ep_len  525.0 (n=204) | pg -0.008 vf 206.531 kl 0.0127 lr 1.1e-04 | blown 4 dropped 0
it  944 steps  92798976 sps   49,181 | ep_ret -255.48 ep_len  520.3 (n=201) | pg -0.009 vf 226.224 kl 0.0142 lr 1.7e-04 | blown 4 dropped 0
it  945 steps  92897280 sps   49,179 | ep_ret -262.14 ep_len  466.1 (n=208) | pg -0.010 vf 226.980 kl 0.0170 lr 7.6e-05 | blown 4 dropped 0
it  946 steps  92995584 sps   49,177 | ep_ret -261.71 ep_len  437.4 (n=218) | pg -0.010 vf 238.902 kl 0.0139 lr 7.6e-05 | blown 7 dropped 0
it  947 steps  93093888 sps   49,175 | ep_ret -259.78 ep_len  489.0 (n=200) | pg -0.010 vf 222.138 kl 0.0130 lr 1.1e-04 | blown 3 dropped 0
it  948 steps  93192192 sps   49,173 | ep_ret -256.38 ep_len  473.0 (n=206) | pg -0.013 vf 231.316 kl 0.0140 lr 1.1e-04 | blown 7 dropped 0
it  949 steps  93290496 sps   49,171 | ep_ret -249.25 ep_len  474.1 (n=188) | pg -0.009 vf 213.900 kl 0.0123 lr 1.1e-04 | blown 4 dropped 0
it  950 steps  93388800 sps   49,170 | ep_ret -260.93 ep_len  509.8 (n=235) | pg -0.010 vf 240.937 kl 0.0148 lr 1.1e-04 | blown 10 dropped 0
it  951 steps  93487104 sps   49,168 | ep_ret -256.24 ep_len  462.0 (n=219) | pg -0.008 vf 250.659 kl 0.0123 lr 1.1e-04 | blown 8 dropped 0
it  952 steps  93585408 sps   49,166 | ep_ret -265.08 ep_len  539.1 (n=225) | pg -0.012 vf 201.450 kl 0.0140 lr 1.7e-04 | blown 4 dropped 0
it  953 steps  93683712 sps   49,164 | ep_ret -252.08 ep_len  486.0 (n=213) | pg -0.009 vf 222.737 kl 0.0144 lr 1.7e-04 | blown 7 dropped 0
it  954 steps  93782016 sps   49,162 | ep_ret -257.12 ep_len  492.3 (n=182) | pg -0.011 vf 216.658 kl 0.0159 lr 1.1e-04 | blown 6 dropped 0
it  955 steps  93880320 sps   49,160 | ep_ret -262.52 ep_len  498.2 (n=186) | pg -0.010 vf 202.579 kl 0.0155 lr 1.1e-04 | blown 6 dropped 0
it  956 steps  93978624 sps   49,158 | ep_ret -253.74 ep_len  507.3 (n=220) | pg -0.010 vf 205.204 kl 0.0147 lr 1.1e-04 | blown 6 dropped 0
it  957 steps  94076928 sps   49,156 | ep_ret -259.46 ep_len  432.9 (n=203) | pg -0.012 vf 233.583 kl 0.0158 lr 1.1e-04 | blown 8 dropped 0
it  958 steps  94175232 sps   49,154 | ep_ret -260.51 ep_len  457.4 (n=223) | pg -0.012 vf 245.274 kl 0.0158 lr 1.1e-04 | blown 5 dropped 0
it  959 steps  94273536 sps   49,152 | ep_ret -257.14 ep_len  484.5 (n=200) | pg -0.012 vf 204.519 kl 0.0145 lr 1.7e-04 | blown 5 dropped 0
it  960 steps  94371840 sps   49,150 | ep_ret -261.67 ep_len  457.7 (n=220) | pg -0.010 vf 239.296 kl 0.0153 lr 1.7e-04 | blown 4 dropped 0
it  961 steps  94470144 sps   49,148 | ep_ret -272.14 ep_len  470.3 (n=237) | pg -0.011 vf 247.501 kl 0.0160 lr 1.1e-04 | blown 6 dropped 0
it  962 steps  94568448 sps   49,146 | ep_ret -260.96 ep_len  451.8 (n=220) | pg -0.011 vf 258.964 kl 0.0140 lr 1.7e-04 | blown 10 dropped 0
it  963 steps  94666752 sps   49,144 | ep_ret -260.50 ep_len  494.3 (n=223) | pg -0.012 vf 230.736 kl 0.0167 lr 1.1e-04 | blown 6 dropped 0
it  964 steps  94765056 sps   49,142 | ep_ret -260.61 ep_len  481.9 (n=229) | pg -0.012 vf 252.145 kl 0.0140 lr 1.7e-04 | blown 8 dropped 0
it  965 steps  94863360 sps   49,140 | ep_ret -261.98 ep_len  463.6 (n=194) | pg -0.015 vf 209.375 kl 0.0147 lr 1.1e-04 | blown 6 dropped 0
it  966 steps  94961664 sps   49,138 | ep_ret -261.16 ep_len  452.1 (n=199) | pg -0.011 vf 232.421 kl 0.0147 lr 7.6e-05 | blown 11 dropped 0
it  967 steps  95059968 sps   49,136 | ep_ret -254.79 ep_len  454.2 (n=227) | pg -0.012 vf 250.871 kl 0.0151 lr 7.6e-05 | blown 5 dropped 0
it  968 steps  95158272 sps   49,133 | ep_ret -270.27 ep_len  502.8 (n=234) | pg -0.011 vf 259.533 kl 0.0118 lr 1.7e-04 | blown 9 dropped 0
it  969 steps  95256576 sps   49,131 | ep_ret -258.45 ep_len  447.6 (n=225) | pg -0.012 vf 239.609 kl 0.0154 lr 1.7e-04 | blown 9 dropped 0
it  970 steps  95354880 sps   49,129 | ep_ret -257.97 ep_len  461.3 (n=208) | pg -0.011 vf 222.719 kl 0.0143 lr 1.7e-04 | blown 8 dropped 0
it  971 steps  95453184 sps   49,126 | ep_ret -256.37 ep_len  417.4 (n=213) | pg -0.010 vf 227.514 kl 0.0135 lr 1.1e-04 | blown 12 dropped 0
it  972 steps  95551488 sps   49,124 | ep_ret -269.02 ep_len  457.3 (n=199) | pg -0.011 vf 236.982 kl 0.0130 lr 2.6e-04 | blown 10 dropped 0
it  973 steps  95649792 sps   49,122 | ep_ret -264.18 ep_len  434.4 (n=222) | pg -0.013 vf 255.458 kl 0.0154 lr 1.7e-04 | blown 6 dropped 0
it  974 steps  95748096 sps   49,120 | ep_ret -255.44 ep_len  439.7 (n=226) | pg -0.013 vf 225.279 kl 0.0165 lr 7.6e-05 | blown 9 dropped 0
it  975 steps  95846400 sps   49,118 | ep_ret -268.28 ep_len  445.2 (n=248) | pg -0.008 vf 280.088 kl 0.0133 lr 7.6e-05 | blown 10 dropped 0
it  976 steps  95944704 sps   49,116 | ep_ret -262.42 ep_len  420.2 (n=234) | pg -0.011 vf 282.591 kl 0.0109 lr 1.7e-04 | blown 8 dropped 0
it  977 steps  96043008 sps   49,114 | ep_ret -271.23 ep_len  449.0 (n=253) | pg -0.012 vf 255.840 kl 0.0159 lr 1.7e-04 | blown 4 dropped 0
it  978 steps  96141312 sps   49,113 | ep_ret -266.65 ep_len  456.2 (n=213) | pg -0.012 vf 250.949 kl 0.0158 lr 7.6e-05 | blown 6 dropped 0
it  979 steps  96239616 sps   49,111 | ep_ret -261.24 ep_len  429.1 (n=202) | pg -0.010 vf 237.489 kl 0.0130 lr 1.1e-04 | blown 6 dropped 0
it  980 steps  96337920 sps   49,109 | ep_ret -259.79 ep_len  451.7 (n=251) | pg -0.013 vf 259.490 kl 0.0153 lr 1.1e-04 | blown 8 dropped 0
it  981 steps  96436224 sps   49,107 | ep_ret -262.78 ep_len  468.9 (n=232) | pg -0.011 vf 226.496 kl 0.0142 lr 1.7e-04 | blown 7 dropped 0
it  982 steps  96534528 sps   49,105 | ep_ret -266.15 ep_len  457.8 (n=223) | pg -0.012 vf 259.657 kl 0.0153 lr 1.1e-04 | blown 6 dropped 0
it  983 steps  96632832 sps   49,104 | ep_ret -263.11 ep_len  491.4 (n=207) | pg -0.012 vf 225.649 kl 0.0147 lr 1.1e-04 | blown 5 dropped 0
it  984 steps  96731136 sps   49,102 | ep_ret -272.88 ep_len  403.1 (n=226) | pg -0.013 vf 264.406 kl 0.0143 lr 2.6e-04 | blown 10 dropped 0
it  985 steps  96829440 sps   49,100 | ep_ret -270.01 ep_len  424.0 (n=238) | pg -0.012 vf 267.115 kl 0.0130 lr 1.7e-04 | blown 9 dropped 0
it  986 steps  96927744 sps   49,098 | ep_ret -271.04 ep_len  454.1 (n=220) | pg -0.010 vf 268.267 kl 0.0198 lr 7.6e-05 | blown 15 dropped 0
it  987 steps  97026048 sps   49,097 | ep_ret -269.18 ep_len  429.2 (n=214) | pg -0.013 vf 248.897 kl 0.0132 lr 1.7e-04 | blown 6 dropped 0
it  988 steps  97124352 sps   49,095 | ep_ret -265.20 ep_len  398.0 (n=228) | pg -0.014 vf 247.594 kl 0.0149 lr 1.1e-04 | blown 8 dropped 0
it  989 steps  97222656 sps   49,093 | ep_ret -265.09 ep_len  415.7 (n=209) | pg -0.011 vf 223.939 kl 0.0132 lr 7.6e-05 | blown 8 dropped 0
it  990 steps  97320960 sps   49,091 | ep_ret -266.90 ep_len  463.7 (n=211) | pg -0.011 vf 207.526 kl 0.0136 lr 1.1e-04 | blown 9 dropped 0
it  991 steps  97419264 sps   49,089 | ep_ret -270.54 ep_len  476.7 (n=205) | pg -0.011 vf 218.080 kl 0.0150 lr 7.6e-05 | blown 8 dropped 0
it  992 steps  97517568 sps   49,088 | ep_ret -263.89 ep_len  467.8 (n=229) | pg -0.011 vf 254.284 kl 0.0145 lr 1.1e-04 | blown 7 dropped 0
it  993 steps  97615872 sps   49,086 | ep_ret -267.80 ep_len  430.8 (n=290) | pg -0.011 vf 305.159 kl 0.0131 lr 2.6e-04 | blown 10 dropped 0
it  994 steps  97714176 sps   49,084 | ep_ret -270.44 ep_len  452.7 (n=238) | pg -0.010 vf 254.454 kl 0.0135 lr 1.7e-04 | blown 11 dropped 0
it  995 steps  97812480 sps   49,082 | ep_ret -264.62 ep_len  425.0 (n=242) | pg -0.012 vf 267.440 kl 0.0155 lr 1.7e-04 | blown 6 dropped 0
it  996 steps  97910784 sps   49,081 | ep_ret -269.94 ep_len  426.3 (n=246) | pg -0.011 vf 270.504 kl 0.0152 lr 2.6e-04 | blown 12 dropped 0
it  997 steps  98009088 sps   49,079 | ep_ret -264.44 ep_len  416.5 (n=242) | pg -0.015 vf 263.523 kl 0.0159 lr 1.7e-04 | blown 7 dropped 0
it  998 steps  98107392 sps   49,077 | ep_ret -270.97 ep_len  445.7 (n=244) | pg -0.009 vf 261.365 kl 0.0153 lr 5.1e-05 | blown 12 dropped 0
it  999 steps  98205696 sps   49,075 | ep_ret -264.68 ep_len  407.8 (n=204) | pg -0.012 vf 242.871 kl 0.0125 lr 1.7e-04 | blown 8 dropped 0
it 1000 steps  98304000 sps   49,073 | ep_ret -271.01 ep_len  425.0 (n=232) | pg -0.010 vf 269.089 kl 0.0147 lr 1.1e-04 | blown 8 dropped 0
it 1001 steps  98402304 sps   49,070 | ep_ret -270.96 ep_len  425.3 (n=246) | pg -0.013 vf 287.500 kl 0.0154 lr 7.6e-05 | blown 4 dropped 0
it 1002 steps  98500608 sps   49,068 | ep_ret -269.70 ep_len  428.1 (n=228) | pg -0.012 vf 259.114 kl 0.0116 lr 1.7e-04 | blown 9 dropped 0
it 1003 steps  98598912 sps   49,066 | ep_ret -273.54 ep_len  410.2 (n=223) | pg -0.008 vf 286.696 kl 0.0154 lr 1.1e-04 | blown 13 dropped 0
it 1004 steps  98697216 sps   49,064 | ep_ret -278.27 ep_len  419.1 (n=245) | pg -0.010 vf 273.534 kl 0.0136 lr 5.1e-05 | blown 14 dropped 0
it 1005 steps  98795520 sps   49,063 | ep_ret -268.57 ep_len  413.8 (n=244) | pg -0.011 vf 260.922 kl 0.0119 lr 1.7e-04 | blown 11 dropped 0
it 1006 steps  98893824 sps   49,060 | ep_ret -271.04 ep_len  459.4 (n=253) | pg -0.013 vf 259.830 kl 0.0140 lr 7.6e-05 | blown 13 dropped 0
it 1007 steps  98992128 sps   49,058 | ep_ret -276.24 ep_len  433.2 (n=234) | pg -0.010 vf 252.598 kl 0.0127 lr 1.7e-04 | blown 7 dropped 0
it 1008 steps  99090432 sps   49,056 | ep_ret -269.47 ep_len  394.5 (n=227) | pg -0.012 vf 274.312 kl 0.0145 lr 1.7e-04 | blown 13 dropped 0
it 1009 steps  99188736 sps   49,055 | ep_ret -270.68 ep_len  448.0 (n=250) | pg -0.011 vf 283.676 kl 0.0143 lr 2.6e-04 | blown 10 dropped 0
it 1010 steps  99287040 sps   49,052 | ep_ret -271.02 ep_len  395.7 (n=265) | pg -0.014 vf 286.455 kl 0.0150 lr 2.6e-04 | blown 8 dropped 0
it 1011 steps  99385344 sps   49,051 | ep_ret -272.34 ep_len  380.3 (n=248) | pg -0.013 vf 267.933 kl 0.0167 lr 1.7e-04 | blown 14 dropped 0
it 1012 steps  99483648 sps   49,048 | ep_ret -272.76 ep_len  408.3 (n=250) | pg -0.008 vf 281.010 kl 0.0122 lr 1.1e-04 | blown 13 dropped 0
it 1013 steps  99581952 sps   49,046 | ep_ret -265.33 ep_len  371.3 (n=213) | pg -0.013 vf 269.414 kl 0.0125 lr 1.7e-04 | blown 10 dropped 0
it 1014 steps  99680256 sps   49,044 | ep_ret -285.84 ep_len  423.0 (n=199) | pg -0.015 vf 240.631 kl 0.0155 lr 1.7e-04 | blown 9 dropped 0
it 1015 steps  99778560 sps   49,042 | ep_ret -275.49 ep_len  432.6 (n=256) | pg -0.006 vf 324.860 kl 0.0151 lr 5.1e-05 | blown 11 dropped 0
it 1016 steps  99876864 sps   49,041 | ep_ret -268.14 ep_len  423.1 (n=267) | pg -0.013 vf 286.964 kl 0.0142 lr 7.6e-05 | blown 21 dropped 0
it 1017 steps  99975168 sps   49,038 | ep_ret -272.48 ep_len  394.8 (n=242) | pg -0.012 vf 268.401 kl 0.0133 lr 1.7e-04 | blown 11 dropped 0
it 1018 steps 100073472 sps   49,037 | ep_ret -273.96 ep_len  410.9 (n=234) | pg -0.010 vf 271.360 kl 0.0154 lr 7.6e-05 | blown 10 dropped 0
it 1019 steps 100171776 sps   49,035 | ep_ret -275.87 ep_len  428.9 (n=267) | pg -0.012 vf 287.420 kl 0.0142 lr 7.6e-05 | blown 15 dropped 0
it 1020 steps 100270080 sps   49,032 | ep_ret -274.02 ep_len  386.0 (n=243) | pg -0.010 vf 268.489 kl 0.0119 lr 7.6e-05 | blown 15 dropped 0
it 1021 steps 100368384 sps   49,029 | ep_ret -272.57 ep_len  404.1 (n=270) | pg -0.012 vf 294.315 kl 0.0105 lr 1.7e-04 | blown 8 dropped 0
it 1022 steps 100466688 sps   49,027 | ep_ret -268.64 ep_len  404.7 (n=262) | pg -0.015 vf 281.101 kl 0.0154 lr 1.7e-04 | blown 13 dropped 0
it 1023 steps 100564992 sps   49,026 | ep_ret -277.43 ep_len  406.7 (n=237) | pg -0.011 vf 321.410 kl 0.0150 lr 1.7e-04 | blown 10 dropped 0
it 1024 steps 100663296 sps   49,024 | ep_ret -278.53 ep_len  394.9 (n=248) | pg -0.012 vf 268.001 kl 0.0154 lr 1.1e-04 | blown 16 dropped 0
it 1025 steps 100761600 sps   49,022 | ep_ret -280.62 ep_len  400.1 (n=252) | pg -0.013 vf 265.040 kl 0.0122 lr 1.7e-04 | blown 12 dropped 0
it 1026 steps 100859904 sps   49,021 | ep_ret -278.44 ep_len  409.8 (n=238) | pg -0.014 vf 283.072 kl 0.0152 lr 1.7e-04 | blown 17 dropped 0
it 1027 steps 100958208 sps   49,019 | ep_ret -280.18 ep_len  433.6 (n=247) | pg -0.011 vf 278.018 kl 0.0147 lr 1.1e-04 | blown 12 dropped 0
it 1028 steps 101056512 sps   49,017 | ep_ret -278.02 ep_len  390.7 (n=266) | pg -0.011 vf 305.515 kl 0.0123 lr 1.7e-04 | blown 9 dropped 0
it 1029 steps 101154816 sps   49,016 | ep_ret -271.85 ep_len  371.5 (n=258) | pg -0.014 vf 299.656 kl 0.0145 lr 7.6e-05 | blown 9 dropped 0
it 1030 steps 101253120 sps   49,014 | ep_ret -273.15 ep_len  364.7 (n=259) | pg -0.013 vf 273.202 kl 0.0125 lr 1.7e-04 | blown 10 dropped 0
it 1031 steps 101351424 sps   49,013 | ep_ret -268.94 ep_len  357.0 (n=252) | pg -0.012 vf 280.759 kl 0.0163 lr 1.1e-04 | blown 10 dropped 0
it 1032 steps 101449728 sps   49,011 | ep_ret -270.81 ep_len  357.6 (n=264) | pg -0.012 vf 291.531 kl 0.0150 lr 1.1e-04 | blown 16 dropped 0
it 1033 steps 101548032 sps   49,010 | ep_ret -270.37 ep_len  368.2 (n=241) | pg -0.014 vf 296.605 kl 0.0143 lr 1.7e-04 | blown 18 dropped 0
it 1034 steps 101646336 sps   49,008 | ep_ret -271.17 ep_len  427.3 (n=241) | pg -0.010 vf 289.861 kl 0.0136 lr 1.1e-04 | blown 13 dropped 0
it 1035 steps 101744640 sps   49,006 | ep_ret -277.50 ep_len  411.1 (n=290) | pg -0.006 vf 312.072 kl 0.0101 lr 7.6e-05 | blown 17 dropped 0
it 1036 steps 101842944 sps   49,005 | ep_ret -278.10 ep_len  408.7 (n=257) | pg -0.008 vf 278.898 kl 0.0121 lr 7.6e-05 | blown 10 dropped 0
it 1037 steps 101941248 sps   49,003 | ep_ret -276.73 ep_len  399.3 (n=243) | pg -0.011 vf 263.003 kl 0.0135 lr 1.7e-04 | blown 11 dropped 0
it 1038 steps 102039552 sps   49,001 | ep_ret -279.07 ep_len  424.4 (n=255) | pg -0.008 vf 268.762 kl 0.0127 lr 1.1e-04 | blown 5 dropped 0
it 1039 steps 102137856 sps   49,000 | ep_ret -273.91 ep_len  408.2 (n=296) | pg -0.012 vf 307.665 kl 0.0131 lr 1.7e-04 | blown 8 dropped 0
it 1040 steps 102236160 sps   48,998 | ep_ret -273.66 ep_len  354.0 (n=280) | pg -0.012 vf 310.035 kl 0.0150 lr 1.7e-04 | blown 16 dropped 0
it 1041 steps 102334464 sps   48,997 | ep_ret -274.75 ep_len  356.5 (n=251) | pg -0.011 vf 308.225 kl 0.0125 lr 1.7e-04 | blown 7 dropped 0
it 1042 steps 102432768 sps   48,995 | ep_ret -276.25 ep_len  395.4 (n=247) | pg -0.011 vf 281.691 kl 0.0151 lr 1.1e-04 | blown 15 dropped 0
it 1043 steps 102531072 sps   48,993 | ep_ret -280.49 ep_len  392.1 (n=267) | pg -0.009 vf 301.588 kl 0.0150 lr 5.1e-05 | blown 13 dropped 0
it 1044 steps 102629376 sps   48,992 | ep_ret -274.47 ep_len  385.0 (n=261) | pg -0.010 vf 301.540 kl 0.0083 lr 1.1e-04 | blown 14 dropped 0
it 1045 steps 102727680 sps   48,990 | ep_ret -275.10 ep_len  346.8 (n=249) | pg -0.011 vf 268.992 kl 0.0143 lr 1.1e-04 | blown 9 dropped 0
it 1046 steps 102825984 sps   48,989 | ep_ret -280.47 ep_len  403.7 (n=258) | pg -0.012 vf 298.900 kl 0.0145 lr 1.1e-04 | blown 13 dropped 0
it 1047 steps 102924288 sps   48,987 | ep_ret -271.54 ep_len  353.4 (n=276) | pg -0.012 vf 302.129 kl 0.0145 lr 1.1e-04 | blown 16 dropped 0
it 1048 steps 103022592 sps   48,986 | ep_ret -270.97 ep_len  380.4 (n=268) | pg -0.009 vf 270.195 kl 0.0129 lr 7.6e-05 | blown 10 dropped 0
it 1049 steps 103120896 sps   48,984 | ep_ret -282.37 ep_len  356.1 (n=271) | pg -0.012 vf 291.842 kl 0.0130 lr 7.6e-05 | blown 13 dropped 0
it 1050 steps 103219200 sps   48,982 | ep_ret -279.17 ep_len  403.1 (n=245) | pg -0.011 vf 276.849 kl 0.0137 lr 5.1e-05 | blown 15 dropped 0
it 1051 steps 103317504 sps   48,981 | ep_ret -279.77 ep_len  390.0 (n=265) | pg -0.011 vf 289.361 kl 0.0138 lr 1.7e-04 | blown 16 dropped 0
it 1052 steps 103415808 sps   48,979 | ep_ret -273.59 ep_len  383.0 (n=261) | pg -0.014 vf 276.098 kl 0.0150 lr 7.6e-05 | blown 13 dropped 0
it 1053 steps 103514112 sps   48,978 | ep_ret -274.04 ep_len  369.2 (n=277) | pg -0.011 vf 277.543 kl 0.0147 lr 1.1e-04 | blown 16 dropped 0
it 1054 steps 103612416 sps   48,976 | ep_ret -283.92 ep_len  407.4 (n=232) | pg -0.013 vf 243.664 kl 0.0126 lr 1.7e-04 | blown 18 dropped 0
it 1055 steps 103710720 sps   48,975 | ep_ret -280.54 ep_len  388.6 (n=236) | pg -0.011 vf 268.541 kl 0.0137 lr 2.6e-04 | blown 16 dropped 0
it 1056 steps 103809024 sps   48,973 | ep_ret -281.62 ep_len  378.9 (n=264) | pg -0.011 vf 262.429 kl 0.0165 lr 1.1e-04 | blown 16 dropped 0
it 1057 steps 103907328 sps   48,971 | ep_ret -274.85 ep_len  400.1 (n=260) | pg -0.013 vf 270.606 kl 0.0134 lr 1.1e-04 | blown 9 dropped 0
it 1058 steps 104005632 sps   48,970 | ep_ret -280.29 ep_len  390.8 (n=291) | pg -0.012 vf 300.777 kl 0.0136 lr 1.7e-04 | blown 9 dropped 0
it 1059 steps 104103936 sps   48,968 | ep_ret -281.25 ep_len  357.4 (n=287) | pg -0.010 vf 322.669 kl 0.0160 lr 1.7e-04 | blown 24 dropped 0
it 1060 steps 104202240 sps   48,967 | ep_ret -272.36 ep_len  370.4 (n=271) | pg -0.011 vf 290.427 kl 0.0150 lr 1.1e-04 | blown 15 dropped 0
it 1061 steps 104300544 sps   48,964 | ep_ret -281.61 ep_len  369.6 (n=238) | pg -0.009 vf 302.676 kl 0.0132 lr 5.1e-05 | blown 15 dropped 0
it 1062 steps 104398848 sps   48,962 | ep_ret -281.05 ep_len  365.1 (n=290) | pg -0.009 vf 326.858 kl 0.0092 lr 1.1e-04 | blown 26 dropped 0
it 1063 steps 104497152 sps   48,960 | ep_ret -277.92 ep_len  382.1 (n=260) | pg -0.010 vf 276.117 kl 0.0128 lr 1.7e-04 | blown 14 dropped 0
it 1064 steps 104595456 sps   48,958 | ep_ret -280.59 ep_len  362.1 (n=295) | pg -0.013 vf 313.459 kl 0.0154 lr 1.7e-04 | blown 20 dropped 0
it 1065 steps 104693760 sps   48,957 | ep_ret -284.62 ep_len  361.9 (n=266) | pg -0.008 vf 300.671 kl 0.0148 lr 1.1e-04 | blown 17 dropped 0
it 1066 steps 104792064 sps   48,955 | ep_ret -282.97 ep_len  366.8 (n=265) | pg -0.015 vf 274.498 kl 0.0127 lr 2.6e-04 | blown 12 dropped 0
it 1067 steps 104890368 sps   48,953 | ep_ret -285.94 ep_len  365.7 (n=274) | pg -0.015 vf 295.300 kl 0.0162 lr 1.7e-04 | blown 16 dropped 0
it 1068 steps 104988672 sps   48,952 | ep_ret -276.37 ep_len  363.3 (n=279) | pg -0.006 vf 277.102 kl 0.0116 lr 7.6e-05 | blown 12 dropped 0
it 1069 steps 105086976 sps   48,950 | ep_ret -277.36 ep_len  340.6 (n=277) | pg -0.012 vf 305.762 kl 0.0106 lr 1.7e-04 | blown 15 dropped 0
it 1070 steps 105185280 sps   48,949 | ep_ret -277.73 ep_len  363.4 (n=278) | pg -0.014 vf 300.653 kl 0.0164 lr 1.1e-04 | blown 14 dropped 0
it 1071 steps 105283584 sps   48,947 | ep_ret -289.98 ep_len  378.1 (n=272) | pg -0.014 vf 302.774 kl 0.0139 lr 2.6e-04 | blown 21 dropped 0
it 1072 steps 105381888 sps   48,945 | ep_ret -279.21 ep_len  323.6 (n=305) | pg -0.011 vf 349.070 kl 0.0153 lr 7.6e-05 | blown 21 dropped 0
it 1073 steps 105480192 sps   48,944 | ep_ret -287.28 ep_len  388.5 (n=289) | pg -0.012 vf 324.862 kl 0.0130 lr 1.1e-04 | blown 21 dropped 0
it 1074 steps 105578496 sps   48,942 | ep_ret -280.08 ep_len  347.2 (n=312) | pg -0.011 vf 326.610 kl 0.0147 lr 1.7e-04 | blown 16 dropped 0
it 1075 steps 105676800 sps   48,940 | ep_ret -281.35 ep_len  364.0 (n=241) | pg -0.010 vf 287.836 kl 0.0152 lr 1.1e-04 | blown 15 dropped 0
it 1076 steps 105775104 sps   48,938 | ep_ret -274.18 ep_len  350.5 (n=307) | pg -0.009 vf 323.175 kl 0.0126 lr 1.1e-04 | blown 22 dropped 0
it 1077 steps 105873408 sps   48,936 | ep_ret -277.89 ep_len  355.1 (n=290) | pg -0.013 vf 316.224 kl 0.0120 lr 1.1e-04 | blown 22 dropped 0
it 1078 steps 105971712 sps   48,934 | ep_ret -282.13 ep_len  357.9 (n=289) | pg -0.006 vf 315.458 kl 0.0092 lr 7.6e-05 | blown 22 dropped 0
it 1079 steps 106070016 sps   48,932 | ep_ret -275.89 ep_len  355.2 (n=324) | pg -0.012 vf 311.780 kl 0.0116 lr 1.7e-04 | blown 15 dropped 0
it 1080 steps 106168320 sps   48,931 | ep_ret -277.80 ep_len  350.6 (n=296) | pg -0.012 vf 311.263 kl 0.0131 lr 1.7e-04 | blown 23 dropped 0
it 1081 steps 106266624 sps   48,929 | ep_ret -278.49 ep_len  340.5 (n=282) | pg -0.012 vf 317.869 kl 0.0127 lr 1.7e-04 | blown 26 dropped 0
it 1082 steps 106364928 sps   48,927 | ep_ret -280.53 ep_len  362.8 (n=310) | pg -0.014 vf 325.535 kl 0.0150 lr 1.1e-04 | blown 27 dropped 0
it 1083 steps 106463232 sps   48,926 | ep_ret -284.79 ep_len  345.0 (n=314) | pg -0.013 vf 359.964 kl 0.0125 lr 2.6e-04 | blown 23 dropped 0
it 1084 steps 106561536 sps   48,924 | ep_ret -279.86 ep_len  350.0 (n=306) | pg -0.013 vf 329.616 kl 0.0155 lr 7.6e-05 | blown 18 dropped 0
it 1085 steps 106659840 sps   48,922 | ep_ret -282.62 ep_len  337.7 (n=277) | pg -0.011 vf 332.664 kl 0.0118 lr 1.7e-04 | blown 26 dropped 0
it 1086 steps 106758144 sps   48,921 | ep_ret -284.82 ep_len  345.4 (n=288) | pg -0.012 vf 309.504 kl 0.0149 lr 1.7e-04 | blown 25 dropped 0
it 1087 steps 106856448 sps   48,919 | ep_ret -281.50 ep_len  328.3 (n=279) | pg -0.014 vf 320.440 kl 0.0150 lr 1.7e-04 | blown 24 dropped 0
it 1088 steps 106954752 sps   48,918 | ep_ret -275.02 ep_len  333.2 (n=296) | pg -0.013 vf 323.598 kl 0.0140 lr 1.7e-04 | blown 21 dropped 0
it 1089 steps 107053056 sps   48,916 | ep_ret -274.34 ep_len  315.9 (n=281) | pg -0.011 vf 315.635 kl 0.0148 lr 1.1e-04 | blown 24 dropped 0
it 1090 steps 107151360 sps   48,914 | ep_ret -286.48 ep_len  335.7 (n=321) | pg -0.010 vf 347.323 kl 0.0127 lr 1.7e-04 | blown 23 dropped 0
it 1091 steps 107249664 sps   48,913 | ep_ret -286.36 ep_len  357.3 (n=289) | pg -0.007 vf 312.533 kl 0.0114 lr 7.6e-05 | blown 20 dropped 0
it 1092 steps 107347968 sps   48,911 | ep_ret -281.77 ep_len  342.3 (n=298) | pg -0.012 vf 307.521 kl 0.0125 lr 1.7e-04 | blown 19 dropped 0
it 1093 steps 107446272 sps   48,909 | ep_ret -287.48 ep_len  316.9 (n=293) | pg -0.013 vf 320.660 kl 0.0144 lr 5.1e-05 | blown 29 dropped 0
it 1094 steps 107544576 sps   48,908 | ep_ret -280.99 ep_len  330.2 (n=322) | pg -0.010 vf 328.783 kl 0.0089 lr 1.1e-04 | blown 35 dropped 0
it 1095 steps 107642880 sps   48,906 | ep_ret -279.73 ep_len  326.1 (n=292) | pg -0.012 vf 306.698 kl 0.0138 lr 1.1e-04 | blown 22 dropped 0
it 1096 steps 107741184 sps   48,904 | ep_ret -287.43 ep_len  347.7 (n=309) | pg -0.012 vf 320.383 kl 0.0137 lr 1.7e-04 | blown 26 dropped 0
it 1097 steps 107839488 sps   48,903 | ep_ret -286.54 ep_len  339.7 (n=324) | pg -0.011 vf 321.109 kl 0.0128 lr 2.6e-04 | blown 24 dropped 0
it 1098 steps 107937792 sps   48,901 | ep_ret -288.24 ep_len  341.7 (n=301) | pg -0.010 vf 326.926 kl 0.0143 lr 1.7e-04 | blown 32 dropped 0
it 1099 steps 108036096 sps   48,899 | ep_ret -281.89 ep_len  301.6 (n=343) | pg -0.009 vf 374.316 kl 0.0170 lr 3.4e-05 | blown 31 dropped 0
it 1100 steps 108134400 sps   48,897 | ep_ret -282.34 ep_len  342.6 (n=348) | pg -0.010 vf 324.480 kl 0.0080 lr 1.1e-04 | blown 29 dropped 0
it 1101 steps 108232704 sps   48,895 | ep_ret -282.47 ep_len  313.1 (n=340) | pg -0.013 vf 331.456 kl 0.0134 lr 2.6e-04 | blown 19 dropped 0
it 1102 steps 108331008 sps   48,894 | ep_ret -277.32 ep_len  308.9 (n=315) | pg -0.011 vf 385.572 kl 0.0161 lr 7.6e-05 | blown 25 dropped 0
it 1103 steps 108429312 sps   48,892 | ep_ret -291.66 ep_len  304.5 (n=285) | pg -0.008 vf 329.664 kl 0.0133 lr 1.1e-04 | blown 24 dropped 0
it 1104 steps 108527616 sps   48,891 | ep_ret -279.97 ep_len  289.4 (n=354) | pg -0.008 vf 386.073 kl 0.0138 lr 7.6e-05 | blown 20 dropped 0
it 1105 steps 108625920 sps   48,889 | ep_ret -279.99 ep_len  311.1 (n=307) | pg -0.014 vf 331.505 kl 0.0141 lr 7.6e-05 | blown 25 dropped 0
it 1106 steps 108724224 sps   48,888 | ep_ret -290.70 ep_len  343.7 (n=336) | pg -0.010 vf 352.175 kl 0.0114 lr 1.1e-04 | blown 28 dropped 0
it 1107 steps 108822528 sps   48,886 | ep_ret -281.14 ep_len  332.3 (n=331) | pg -0.009 vf 333.454 kl 0.0141 lr 1.1e-04 | blown 33 dropped 0
it 1108 steps 108920832 sps   48,885 | ep_ret -274.54 ep_len  292.4 (n=305) | pg -0.008 vf 339.098 kl 0.0110 lr 7.6e-05 | blown 21 dropped 0
it 1109 steps 109019136 sps   48,883 | ep_ret -285.19 ep_len  320.1 (n=305) | pg -0.011 vf 334.102 kl 0.0108 lr 1.7e-04 | blown 28 dropped 0
it 1110 steps 109117440 sps   48,882 | ep_ret -278.93 ep_len  297.7 (n=328) | pg -0.011 vf 339.614 kl 0.0144 lr 1.1e-04 | blown 31 dropped 0
it 1111 steps 109215744 sps   48,880 | ep_ret -284.84 ep_len  315.0 (n=325) | pg -0.013 vf 357.662 kl 0.0138 lr 2.6e-04 | blown 21 dropped 0
it 1112 steps 109314048 sps   48,879 | ep_ret -284.78 ep_len  305.8 (n=333) | pg -0.004 vf 356.477 kl 0.0170 lr 5.1e-05 | blown 38 dropped 0
it 1113 steps 109412352 sps   48,877 | ep_ret -280.27 ep_len  316.3 (n=320) | pg -0.009 vf 357.814 kl 0.0127 lr 1.1e-04 | blown 26 dropped 0
it 1114 steps 109510656 sps   48,876 | ep_ret -277.52 ep_len  293.3 (n=344) | pg -0.011 vf 363.838 kl 0.0131 lr 1.7e-04 | blown 28 dropped 0
it 1115 steps 109608960 sps   48,874 | ep_ret -282.27 ep_len  326.2 (n=309) | pg -0.013 vf 329.535 kl 0.0138 lr 1.7e-04 | blown 20 dropped 0
it 1116 steps 109707264 sps   48,873 | ep_ret -284.38 ep_len  305.4 (n=314) | pg -0.013 vf 315.895 kl 0.0139 lr 1.1e-04 | blown 17 dropped 0
it 1117 steps 109805568 sps   48,871 | ep_ret -281.42 ep_len  291.2 (n=340) | pg -0.012 vf 341.638 kl 0.0112 lr 1.7e-04 | blown 29 dropped 0
it 1118 steps 109903872 sps   48,869 | ep_ret -279.63 ep_len  303.1 (n=296) | pg -0.009 vf 316.941 kl 0.0154 lr 2.3e-05 | blown 23 dropped 0
it 1119 steps 110002176 sps   48,868 | ep_ret -281.34 ep_len  314.1 (n=309) | pg -0.009 vf 321.973 kl 0.0101 lr 1.1e-04 | blown 26 dropped 0
it 1120 steps 110100480 sps   48,867 | ep_ret -280.21 ep_len  296.5 (n=327) | pg -0.008 vf 325.606 kl 0.0128 lr 1.1e-04 | blown 32 dropped 0
it 1121 steps 110198784 sps   48,865 | ep_ret -289.65 ep_len  352.2 (n=291) | pg -0.008 vf 333.435 kl 0.0151 lr 7.6e-05 | blown 31 dropped 0
it 1122 steps 110297088 sps   48,864 | ep_ret -283.10 ep_len  318.9 (n=337) | pg -0.012 vf 326.564 kl 0.0144 lr 7.6e-05 | blown 36 dropped 0
it 1123 steps 110395392 sps   48,862 | ep_ret -283.66 ep_len  323.6 (n=291) | pg -0.012 vf 296.189 kl 0.0133 lr 1.7e-04 | blown 24 dropped 0
it 1124 steps 110493696 sps   48,861 | ep_ret -286.00 ep_len  304.8 (n=333) | pg -0.008 vf 333.266 kl 0.0149 lr 5.1e-05 | blown 38 dropped 0
it 1125 steps 110592000 sps   48,859 | ep_ret -285.36 ep_len  300.9 (n=302) | pg -0.011 vf 327.318 kl 0.0118 lr 1.7e-04 | blown 27 dropped 0
it 1126 steps 110690304 sps   48,857 | ep_ret -289.78 ep_len  325.7 (n=326) | pg -0.009 vf 317.589 kl 0.0151 lr 3.4e-05 | blown 24 dropped 0
it 1127 steps 110788608 sps   48,856 | ep_ret -289.41 ep_len  320.1 (n=323) | pg -0.009 vf 370.873 kl 0.0094 lr 1.1e-04 | blown 37 dropped 0
it 1128 steps 110886912 sps   48,854 | ep_ret -283.77 ep_len  288.8 (n=298) | pg -0.008 vf 321.925 kl 0.0125 lr 1.1e-04 | blown 28 dropped 0
it 1129 steps 110985216 sps   48,852 | ep_ret -285.15 ep_len  301.6 (n=319) | pg -0.003 vf 330.004 kl 0.0117 lr 5.1e-05 | blown 31 dropped 0
it 1130 steps 111083520 sps   48,851 | ep_ret -283.05 ep_len  325.5 (n=296) | pg -0.009 vf 301.190 kl 0.0102 lr 7.6e-05 | blown 37 dropped 0
it 1131 steps 111181824 sps   48,849 | ep_ret -282.37 ep_len  299.2 (n=274) | pg -0.010 vf 301.693 kl 0.0135 lr 1.1e-04 | blown 19 dropped 0
it 1132 steps 111280128 sps   48,848 | ep_ret -288.58 ep_len  322.3 (n=295) | pg -0.012 vf 286.546 kl 0.0129 lr 1.7e-04 | blown 19 dropped 0
it 1133 steps 111378432 sps   48,846 | ep_ret -292.37 ep_len  297.4 (n=293) | pg -0.010 vf 379.832 kl 0.0129 lr 1.1e-04 | blown 37 dropped 0
it 1134 steps 111476736 sps   48,844 | ep_ret -287.81 ep_len  328.1 (n=325) | pg -0.009 vf 319.197 kl 0.0115 lr 1.7e-04 | blown 25 dropped 0
it 1135 steps 111575040 sps   48,843 | ep_ret -289.34 ep_len  306.7 (n=350) | pg -0.008 vf 330.763 kl 0.0163 lr 1.1e-04 | blown 36 dropped 0
it 1136 steps 111673344 sps   48,841 | ep_ret -289.23 ep_len  331.6 (n=312) | pg -0.010 vf 310.780 kl 0.0147 lr 1.1e-04 | blown 28 dropped 0
it 1137 steps 111771648 sps   48,840 | ep_ret -286.23 ep_len  312.6 (n=374) | pg -0.009 vf 368.877 kl 0.0102 lr 1.1e-04 | blown 33 dropped 0
it 1138 steps 111869952 sps   48,838 | ep_ret -281.01 ep_len  292.9 (n=309) | pg -0.012 vf 324.925 kl 0.0129 lr 2.6e-04 | blown 31 dropped 0
it 1139 steps 111968256 sps   48,836 | ep_ret -288.49 ep_len  319.0 (n=290) | pg -0.015 vf 337.263 kl 0.0153 lr 2.6e-04 | blown 19 dropped 0
it 1140 steps 112066560 sps   48,835 | ep_ret -284.90 ep_len  306.4 (n=337) | pg -0.011 vf 329.280 kl 0.0146 lr 7.6e-05 | blown 22 dropped 0
it 1141 steps 112164864 sps   48,833 | ep_ret -288.79 ep_len  337.8 (n=358) | pg -0.012 vf 353.322 kl 0.0127 lr 1.7e-04 | blown 32 dropped 0
it 1142 steps 112263168 sps   48,831 | ep_ret -285.64 ep_len  301.8 (n=327) | pg -0.012 vf 335.438 kl 0.0127 lr 1.7e-04 | blown 22 dropped 0
it 1143 steps 112361472 sps   48,830 | ep_ret -284.20 ep_len  311.8 (n=318) | pg -0.013 vf 329.309 kl 0.0161 lr 1.1e-04 | blown 35 dropped 0
it 1144 steps 112459776 sps   48,828 | ep_ret -279.70 ep_len  275.8 (n=332) | pg -0.010 vf 332.234 kl 0.0142 lr 1.7e-04 | blown 22 dropped 0
it 1145 steps 112558080 sps   48,827 | ep_ret -284.84 ep_len  286.2 (n=386) | pg -0.012 vf 373.436 kl 0.0157 lr 1.7e-04 | blown 24 dropped 0
it 1146 steps 112656384 sps   48,825 | ep_ret -284.25 ep_len  290.4 (n=359) | pg -0.013 vf 362.503 kl 0.0141 lr 1.7e-04 | blown 23 dropped 0
it 1147 steps 112754688 sps   48,824 | ep_ret -288.74 ep_len  312.8 (n=359) | pg -0.013 vf 369.504 kl 0.0141 lr 1.7e-04 | blown 36 dropped 0
it 1148 steps 112852992 sps   48,822 | ep_ret -279.63 ep_len  286.8 (n=360) | pg -0.007 vf 366.804 kl 0.0123 lr 7.6e-05 | blown 29 dropped 0
it 1149 steps 112951296 sps   48,820 | ep_ret -285.15 ep_len  289.7 (n=360) | pg -0.010 vf 351.822 kl 0.0134 lr 1.1e-04 | blown 32 dropped 0
it 1150 steps 113049600 sps   48,819 | ep_ret -281.58 ep_len  288.9 (n=384) | pg -0.010 vf 388.685 kl 0.0116 lr 1.7e-04 | blown 38 dropped 0
it 1151 steps 113147904 sps   48,818 | ep_ret -287.14 ep_len  293.2 (n=359) | pg -0.014 vf 351.497 kl 0.0131 lr 3.8e-04 | blown 29 dropped 0
it 1152 steps 113246208 sps   48,816 | ep_ret -285.26 ep_len  273.6 (n=350) | pg -0.005 vf 399.983 kl 0.0189 lr 1.0e-05 | blown 29 dropped 0
it 1153 steps 113344512 sps   48,815 | ep_ret -284.60 ep_len  280.0 (n=372) | pg -0.008 vf 375.669 kl 0.0077 lr 7.6e-05 | blown 36 dropped 0
it 1154 steps 113442816 sps   48,813 | ep_ret -282.91 ep_len  272.4 (n=388) | pg -0.007 vf 351.757 kl 0.0126 lr 7.6e-05 | blown 28 dropped 0
it 1155 steps 113541120 sps   48,811 | ep_ret -283.96 ep_len  285.9 (n=369) | pg -0.007 vf 388.903 kl 0.0102 lr 7.6e-05 | blown 30 dropped 0
it 1156 steps 113639424 sps   48,810 | ep_ret -282.46 ep_len  295.2 (n=359) | pg -0.008 vf 357.341 kl 0.0115 lr 1.1e-04 | blown 27 dropped 0
it 1157 steps 113737728 sps   48,808 | ep_ret -278.83 ep_len  265.7 (n=355) | pg -0.013 vf 372.056 kl 0.0138 lr 1.7e-04 | blown 29 dropped 0
it 1158 steps 113836032 sps   48,807 | ep_ret -279.65 ep_len  272.0 (n=387) | pg -0.012 vf 362.536 kl 0.0138 lr 1.7e-04 | blown 33 dropped 0
it 1159 steps 113934336 sps   48,805 | ep_ret -289.62 ep_len  289.3 (n=365) | pg -0.011 vf 334.590 kl 0.0150 lr 1.7e-04 | blown 36 dropped 0
it 1160 steps 114032640 sps   48,804 | ep_ret -280.50 ep_len  283.1 (n=336) | pg -0.012 vf 335.881 kl 0.0140 lr 1.7e-04 | blown 35 dropped 0
it 1161 steps 114130944 sps   48,802 | ep_ret -284.65 ep_len  286.4 (n=365) | pg -0.012 vf 346.522 kl 0.0125 lr 2.6e-04 | blown 40 dropped 0
it 1162 steps 114229248 sps   48,801 | ep_ret -285.62 ep_len  272.9 (n=385) | pg -0.011 vf 369.029 kl 0.0149 lr 2.6e-04 | blown 41 dropped 0
it 1163 steps 114327552 sps   48,799 | ep_ret -281.20 ep_len  266.5 (n=375) | pg -0.013 vf 352.418 kl 0.0159 lr 2.6e-04 | blown 39 dropped 0
it 1164 steps 114425856 sps   48,798 | ep_ret -285.69 ep_len  289.5 (n=372) | pg -0.010 vf 366.627 kl 0.0157 lr 1.1e-04 | blown 36 dropped 0
it 1165 steps 114524160 sps   48,796 | ep_ret -287.65 ep_len  272.6 (n=343) | pg -0.011 vf 364.353 kl 0.0104 lr 1.7e-04 | blown 39 dropped 0
it 1166 steps 114622464 sps   48,795 | ep_ret -282.35 ep_len  267.2 (n=394) | pg -0.008 vf 379.271 kl 0.0150 lr 7.6e-05 | blown 44 dropped 0
it 1167 steps 114720768 sps   48,793 | ep_ret -282.54 ep_len  270.5 (n=362) | pg -0.006 vf 331.606 kl 0.0110 lr 7.6e-05 | blown 37 dropped 0
it 1168 steps 114819072 sps   48,792 | ep_ret -283.92 ep_len  261.5 (n=353) | pg -0.009 vf 335.995 kl 0.0128 lr 1.1e-04 | blown 40 dropped 0
it 1169 steps 114917376 sps   48,791 | ep_ret -282.15 ep_len  270.3 (n=385) | pg -0.012 vf 340.495 kl 0.0141 lr 1.7e-04 | blown 29 dropped 0
it 1170 steps 115015680 sps   48,789 | ep_ret -282.11 ep_len  252.4 (n=342) | pg -0.015 vf 356.685 kl 0.0144 lr 1.1e-04 | blown 43 dropped 0
it 1171 steps 115113984 sps   48,788 | ep_ret -291.00 ep_len  286.7 (n=394) | pg -0.012 vf 363.148 kl 0.0128 lr 1.7e-04 | blown 43 dropped 0
it 1172 steps 115212288 sps   48,786 | ep_ret -278.87 ep_len  243.4 (n=357) | pg -0.011 vf 345.784 kl 0.0150 lr 7.6e-05 | blown 57 dropped 0
it 1173 steps 115310592 sps   48,785 | ep_ret -281.20 ep_len  261.4 (n=316) | pg -0.011 vf 332.036 kl 0.0123 lr 5.1e-05 | blown 32 dropped 0
it 1174 steps 115408896 sps   48,784 | ep_ret -286.57 ep_len  271.3 (n=340) | pg -0.011 vf 315.383 kl 0.0112 lr 1.7e-04 | blown 43 dropped 0
it 1175 steps 115507200 sps   48,782 | ep_ret -282.11 ep_len  272.9 (n=351) | pg -0.009 vf 329.577 kl 0.0130 lr 7.6e-05 | blown 42 dropped 0
it 1176 steps 115605504 sps   48,781 | ep_ret -290.10 ep_len  294.9 (n=337) | pg -0.006 vf 321.061 kl 0.0157 lr 5.1e-05 | blown 35 dropped 0
it 1177 steps 115703808 sps   48,779 | ep_ret -283.21 ep_len  273.6 (n=307) | pg -0.007 vf 312.111 kl 0.0117 lr 7.6e-05 | blown 29 dropped 0
it 1178 steps 115802112 sps   48,778 | ep_ret -288.31 ep_len  282.2 (n=389) | pg -0.002 vf 340.875 kl 0.0139 lr 3.4e-05 | blown 48 dropped 0
it 1179 steps 115900416 sps   48,777 | ep_ret -289.15 ep_len  295.6 (n=359) | pg -0.010 vf 343.713 kl 0.0087 lr 1.1e-04 | blown 51 dropped 0
it 1180 steps 115998720 sps   48,775 | ep_ret -292.46 ep_len  285.7 (n=335) | pg -0.015 vf 326.753 kl 0.0139 lr 2.6e-04 | blown 44 dropped 0
it 1181 steps 116097024 sps   48,774 | ep_ret -283.35 ep_len  256.5 (n=338) | pg -0.010 vf 322.402 kl 0.0171 lr 1.1e-04 | blown 37 dropped 0
it 1182 steps 116195328 sps   48,772 | ep_ret -294.10 ep_len  296.5 (n=370) | pg -0.011 vf 351.742 kl 0.0134 lr 1.1e-04 | blown 53 dropped 0
it 1183 steps 116293632 sps   48,771 | ep_ret -292.75 ep_len  276.7 (n=393) | pg -0.008 vf 359.072 kl 0.0155 lr 5.1e-05 | blown 50 dropped 0
it 1184 steps 116391936 sps   48,769 | ep_ret -290.83 ep_len  264.5 (n=348) | pg -0.008 vf 332.421 kl 0.0117 lr 7.6e-05 | blown 52 dropped 0
it 1185 steps 116490240 sps   48,768 | ep_ret -297.21 ep_len  287.8 (n=361) | pg -0.011 vf 323.445 kl 0.0120 lr 1.1e-04 | blown 39 dropped 0
it 1186 steps 116588544 sps   48,767 | ep_ret -290.21 ep_len  280.0 (n=353) | pg -0.008 vf 345.836 kl 0.0112 lr 1.1e-04 | blown 31 dropped 0
it 1187 steps 116686848 sps   48,765 | ep_ret -283.16 ep_len  257.0 (n=371) | pg -0.011 vf 364.819 kl 0.0112 lr 1.7e-04 | blown 43 dropped 0
it 1188 steps 116785152 sps   48,764 | ep_ret -286.60 ep_len  265.2 (n=349) | pg -0.012 vf 331.903 kl 0.0121 lr 1.7e-04 | blown 43 dropped 0
it 1189 steps 116883456 sps   48,762 | ep_ret -286.93 ep_len  273.2 (n=352) | pg -0.009 vf 320.835 kl 0.0120 lr 1.7e-04 | blown 30 dropped 0
it 1190 steps 116981760 sps   48,761 | ep_ret -292.32 ep_len  268.3 (n=359) | pg -0.012 vf 377.346 kl 0.0153 lr 1.1e-04 | blown 47 dropped 0
it 1191 steps 117080064 sps   48,759 | ep_ret -288.45 ep_len  272.4 (n=382) | pg -0.012 vf 338.334 kl 0.0122 lr 2.6e-04 | blown 42 dropped 0
it 1192 steps 117178368 sps   48,758 | ep_ret -285.83 ep_len  273.4 (n=369) | pg -0.013 vf 342.879 kl 0.0152 lr 1.1e-04 | blown 35 dropped 0
it 1193 steps 117276672 sps   48,757 | ep_ret -290.03 ep_len  267.7 (n=383) | pg -0.011 vf 376.214 kl 0.0138 lr 1.7e-04 | blown 45 dropped 0
it 1194 steps 117374976 sps   48,755 | ep_ret -290.46 ep_len  262.7 (n=361) | pg -0.015 vf 350.996 kl 0.0139 lr 3.8e-04 | blown 42 dropped 0
it 1195 steps 117473280 sps   48,754 | ep_ret -301.22 ep_len  308.4 (n=373) | pg -0.006 vf 377.943 kl 0.0169 lr 1.5e-05 | blown 44 dropped 0
it 1196 steps 117571584 sps   48,752 | ep_ret -281.73 ep_len  258.7 (n=382) | pg -0.009 vf 351.565 kl 0.0084 lr 1.1e-04 | blown 40 dropped 0
it 1197 steps 117669888 sps   48,751 | ep_ret -293.46 ep_len  277.4 (n=354) | pg -0.009 vf 448.478 kl 0.0126 lr 2.6e-04 | blown 42 dropped 0
it 1198 steps 117768192 sps   48,749 | ep_ret -285.34 ep_len  256.4 (n=362) | pg -0.012 vf 341.577 kl 0.0160 lr 1.7e-04 | blown 33 dropped 0
it 1199 steps 117866496 sps   48,748 | ep_ret -281.19 ep_len  263.9 (n=378) | pg -0.013 vf 369.176 kl 0.0156 lr 1.1e-04 | blown 36 dropped 0
it 1200 steps 117964800 sps   48,746 | ep_ret -287.58 ep_len  278.1 (n=380) | pg -0.010 vf 381.619 kl 0.0126 lr 1.7e-04 | blown 53 dropped 0
it 1201 steps 118063104 sps   48,745 | ep_ret -285.12 ep_len  256.5 (n=352) | pg -0.010 vf 334.543 kl 0.0154 lr 7.6e-05 | blown 34 dropped 0
it 1202 steps 118161408 sps   48,744 | ep_ret -294.12 ep_len  266.5 (n=417) | pg -0.009 vf 385.872 kl 0.0127 lr 1.1e-04 | blown 47 dropped 0
it 1203 steps 118259712 sps   48,742 | ep_ret -290.51 ep_len  270.0 (n=380) | pg -0.012 vf 355.771 kl 0.0134 lr 1.7e-04 | blown 41 dropped 0
it 1204 steps 118358016 sps   48,741 | ep_ret -294.08 ep_len  266.7 (n=369) | pg -0.013 vf 360.409 kl 0.0138 lr 1.1e-04 | blown 54 dropped 0
it 1205 steps 118456320 sps   48,739 | ep_ret -284.22 ep_len  245.7 (n=407) | pg -0.011 vf 406.872 kl 0.0136 lr 1.1e-04 | blown 47 dropped 0
it 1206 steps 118554624 sps   48,738 | ep_ret -293.79 ep_len  266.6 (n=384) | pg -0.012 vf 425.323 kl 0.0140 lr 1.7e-04 | blown 57 dropped 0
it 1207 steps 118652928 sps   48,736 | ep_ret -288.94 ep_len  251.1 (n=376) | pg -0.014 vf 381.968 kl 0.0159 lr 3.8e-04 | blown 66 dropped 0
it 1208 steps 118751232 sps   48,735 | ep_ret -296.29 ep_len  274.6 (n=379) | pg -0.011 vf 407.006 kl 0.0173 lr 7.6e-05 | blown 49 dropped 0
it 1209 steps 118849536 sps   48,733 | ep_ret -288.40 ep_len  258.7 (n=390) | pg -0.013 vf 360.386 kl 0.0102 lr 1.7e-04 | blown 63 dropped 0
it 1210 steps 118947840 sps   48,732 | ep_ret -288.27 ep_len  251.6 (n=386) | pg -0.011 vf 374.335 kl 0.0162 lr 7.6e-05 | blown 41 dropped 0
it 1211 steps 119046144 sps   48,731 | ep_ret -297.37 ep_len  279.4 (n=391) | pg -0.012 vf 362.753 kl 0.0107 lr 1.7e-04 | blown 59 dropped 0
it 1212 steps 119144448 sps   48,729 | ep_ret -296.75 ep_len  281.2 (n=392) | pg -0.013 vf 368.469 kl 0.0141 lr 1.7e-04 | blown 53 dropped 0
it 1213 steps 119242752 sps   48,728 | ep_ret -290.40 ep_len  259.5 (n=364) | pg -0.012 vf 389.160 kl 0.0145 lr 2.6e-04 | blown 53 dropped 0
it 1214 steps 119341056 sps   48,726 | ep_ret -288.45 ep_len  244.8 (n=387) | pg -0.010 vf 367.318 kl 0.0147 lr 7.6e-05 | blown 65 dropped 0
it 1215 steps 119439360 sps   48,725 | ep_ret -302.27 ep_len  283.1 (n=356) | pg -0.013 vf 430.334 kl 0.0107 lr 1.7e-04 | blown 45 dropped 0
it 1216 steps 119537664 sps   48,723 | ep_ret -291.59 ep_len  260.5 (n=422) | pg -0.007 vf 426.145 kl 0.0143 lr 2.3e-05 | blown 58 dropped 0
it 1217 steps 119635968 sps   48,722 | ep_ret -283.10 ep_len  226.7 (n=374) | pg -0.009 vf 358.424 kl 0.0076 lr 7.6e-05 | blown 59 dropped 0
it 1218 steps 119734272 sps   48,721 | ep_ret -297.93 ep_len  270.4 (n=410) | pg -0.010 vf 359.374 kl 0.0127 lr 1.1e-04 | blown 64 dropped 0
it 1219 steps 119832576 sps   48,719 | ep_ret -292.43 ep_len  261.4 (n=404) | pg -0.009 vf 387.901 kl 0.0135 lr 1.1e-04 | blown 61 dropped 0
it 1220 steps 119930880 sps   48,718 | ep_ret -290.58 ep_len  260.5 (n=371) | pg -0.013 vf 355.703 kl 0.0118 lr 1.7e-04 | blown 47 dropped 0
it 1221 steps 120029184 sps   48,716 | ep_ret -294.12 ep_len  262.8 (n=412) | pg -0.010 vf 373.046 kl 0.0141 lr 1.7e-04 | blown 60 dropped 0
it 1222 steps 120127488 sps   48,715 | ep_ret -286.37 ep_len  246.7 (n=352) | pg -0.011 vf 332.505 kl 0.0159 lr 1.1e-04 | blown 43 dropped 0
it 1223 steps 120225792 sps   48,713 | ep_ret -292.52 ep_len  259.3 (n=448) | pg -0.009 vf 431.354 kl 0.0130 lr 1.7e-04 | blown 73 dropped 0
it 1224 steps 120324096 sps   48,712 | ep_ret -293.13 ep_len  243.6 (n=412) | pg -0.007 vf 440.823 kl 0.0142 lr 7.6e-05 | blown 59 dropped 0
it 1225 steps 120422400 sps   48,710 | ep_ret -289.16 ep_len  250.7 (n=402) | pg -0.009 vf 406.231 kl 0.0122 lr 1.7e-04 | blown 62 dropped 0
it 1226 steps 120520704 sps   48,709 | ep_ret -293.10 ep_len  248.4 (n=406) | pg -0.010 vf 372.719 kl 0.0136 lr 1.7e-04 | blown 59 dropped 0
it 1227 steps 120619008 sps   48,707 | ep_ret -291.12 ep_len  246.6 (n=430) | pg -0.011 vf 417.359 kl 0.0144 lr 7.6e-05 | blown 68 dropped 0
it 1228 steps 120717312 sps   48,706 | ep_ret -287.11 ep_len  246.5 (n=439) | pg -0.004 vf 397.344 kl 0.0103 lr 5.1e-05 | blown 65 dropped 0
it 1229 steps 120815616 sps   48,704 | ep_ret -292.46 ep_len  247.1 (n=385) | pg -0.007 vf 357.641 kl 0.0120 lr 1.1e-04 | blown 52 dropped 0
it 1230 steps 120913920 sps   48,703 | ep_ret -285.73 ep_len  239.6 (n=413) | pg -0.010 vf 392.545 kl 0.0139 lr 7.6e-05 | blown 57 dropped 0
it 1231 steps 121012224 sps   48,701 | ep_ret -288.24 ep_len  237.6 (n=410) | pg -0.008 vf 397.377 kl 0.0128 lr 1.1e-04 | blown 53 dropped 0
it 1232 steps 121110528 sps   48,700 | ep_ret -282.56 ep_len  227.4 (n=392) | pg -0.009 vf 384.985 kl 0.0122 lr 1.1e-04 | blown 51 dropped 0
it 1233 steps 121208832 sps   48,698 | ep_ret -287.97 ep_len  245.4 (n=388) | pg -0.011 vf 365.065 kl 0.0152 lr 1.7e-04 | blown 67 dropped 0
it 1234 steps 121307136 sps   48,697 | ep_ret -295.43 ep_len  246.2 (n=395) | pg -0.012 vf 386.945 kl 0.0146 lr 1.7e-04 | blown 71 dropped 0
it 1235 steps 121405440 sps   48,695 | ep_ret -294.43 ep_len  274.3 (n=415) | pg -0.004 vf 401.976 kl 0.0126 lr 7.6e-05 | blown 64 dropped 0
it 1236 steps 121503744 sps   48,693 | ep_ret -284.09 ep_len  232.7 (n=418) | pg -0.009 vf 372.501 kl 0.0103 lr 1.7e-04 | blown 45 dropped 0
it 1237 steps 121602048 sps   48,691 | ep_ret -290.91 ep_len  248.2 (n=383) | pg -0.008 vf 358.604 kl 0.0179 lr 5.1e-05 | blown 62 dropped 0
it 1238 steps 121700352 sps   48,690 | ep_ret -283.51 ep_len  224.8 (n=432) | pg -0.005 vf 391.982 kl 0.0115 lr 5.1e-05 | blown 65 dropped 0
it 1239 steps 121798656 sps   48,688 | ep_ret -289.76 ep_len  247.3 (n=451) | pg -0.010 vf 393.997 kl 0.0105 lr 1.1e-04 | blown 74 dropped 0
it 1240 steps 121896960 sps   48,687 | ep_ret -289.48 ep_len  248.1 (n=420) | pg -0.004 vf 383.037 kl 0.0118 lr 5.1e-05 | blown 65 dropped 0
it 1241 steps 121995264 sps   48,686 | ep_ret -299.93 ep_len  266.9 (n=416) | pg -0.008 vf 415.808 kl 0.0117 lr 1.1e-04 | blown 60 dropped 0
it 1242 steps 122093568 sps   48,684 | ep_ret -280.80 ep_len  214.9 (n=399) | pg -0.013 vf 341.330 kl 0.0127 lr 2.6e-04 | blown 67 dropped 0
it 1243 steps 122191872 sps   48,683 | ep_ret -291.53 ep_len  238.0 (n=378) | pg -0.008 vf 369.983 kl 0.0193 lr 3.4e-05 | blown 64 dropped 0
it 1244 steps 122290176 sps   48,681 | ep_ret -285.61 ep_len  222.1 (n=450) | pg -0.000 vf 395.307 kl 0.0121 lr 5.1e-05 | blown 73 dropped 0
it 1245 steps 122388480 sps   48,679 | ep_ret -294.13 ep_len  245.7 (n=380) | pg -0.012 vf 332.595 kl 0.0104 lr 1.7e-04 | blown 61 dropped 0
it 1246 steps 122486784 sps   48,678 | ep_ret -297.43 ep_len  252.1 (n=378) | pg -0.008 vf 382.181 kl 0.0128 lr 1.1e-04 | blown 76 dropped 0
it 1247 steps 122585088 sps   48,676 | ep_ret -298.20 ep_len  251.3 (n=393) | pg -0.007 vf 371.979 kl 0.0128 lr 1.7e-04 | blown 73 dropped 0
it 1248 steps 122683392 sps   48,675 | ep_ret -293.44 ep_len  235.0 (n=385) | pg -0.008 vf 410.968 kl 0.0147 lr 1.1e-04 | blown 66 dropped 0
it 1249 steps 122781696 sps   48,674 | ep_ret -295.86 ep_len  238.5 (n=405) | pg -0.007 vf 356.761 kl 0.0149 lr 5.1e-05 | blown 93 dropped 0
it 1250 steps 122880000 sps   48,672 | ep_ret -296.09 ep_len  239.2 (n=397) | pg -0.007 vf 366.948 kl 0.0117 lr 1.1e-04 | blown 74 dropped 0
it 1251 steps 122978304 sps   48,671 | ep_ret -298.57 ep_len  257.9 (n=397) | pg -0.013 vf 363.439 kl 0.0145 lr 1.1e-04 | blown 65 dropped 0
it 1252 steps 123076608 sps   48,669 | ep_ret -294.80 ep_len  251.4 (n=410) | pg -0.012 vf 363.529 kl 0.0148 lr 2.6e-04 | blown 85 dropped 0
it 1253 steps 123174912 sps   48,668 | ep_ret -294.38 ep_len  243.2 (n=455) | pg -0.012 vf 354.557 kl 0.0142 lr 2.6e-04 | blown 76 dropped 0
it 1254 steps 123273216 sps   48,667 | ep_ret -292.26 ep_len  246.6 (n=400) | pg -0.013 vf 385.427 kl 0.0139 lr 3.8e-04 | blown 72 dropped 0
it 1255 steps 123371520 sps   48,665 | ep_ret -290.23 ep_len  224.3 (n=423) | pg -0.011 vf 369.558 kl 0.0149 lr 1.7e-04 | blown 72 dropped 0
it 1256 steps 123469824 sps   48,664 | ep_ret -298.11 ep_len  248.8 (n=435) | pg -0.012 vf 381.480 kl 0.0172 lr 5.1e-05 | blown 74 dropped 0
it 1257 steps 123568128 sps   48,662 | ep_ret -300.52 ep_len  245.2 (n=392) | pg -0.010 vf 420.045 kl 0.0120 lr 1.1e-04 | blown 76 dropped 0
it 1258 steps 123666432 sps   48,660 | ep_ret -301.26 ep_len  243.8 (n=415) | pg -0.011 vf 373.264 kl 0.0144 lr 1.7e-04 | blown 71 dropped 0
it 1259 steps 123764736 sps   48,659 | ep_ret -306.68 ep_len  271.6 (n=381) | pg -0.011 vf 404.758 kl 0.0140 lr 2.6e-04 | blown 55 dropped 0
it 1260 steps 123863040 sps   48,658 | ep_ret -295.52 ep_len  240.5 (n=385) | pg -0.009 vf 356.418 kl 0.0152 lr 7.6e-05 | blown 67 dropped 0
it 1261 steps 123961344 sps   48,656 | ep_ret -299.73 ep_len  249.5 (n=479) | pg -0.013 vf 377.844 kl 0.0134 lr 1.7e-04 | blown 79 dropped 0
it 1262 steps 124059648 sps   48,655 | ep_ret -293.66 ep_len  231.3 (n=437) | pg -0.011 vf 438.336 kl 0.0153 lr 2.6e-04 | blown 85 dropped 0
it 1263 steps 124157952 sps   48,653 | ep_ret -287.95 ep_len  222.9 (n=460) | pg -0.013 vf 374.460 kl 0.0143 lr 1.7e-04 | blown 73 dropped 0
it 1264 steps 124256256 sps   48,652 | ep_ret -286.59 ep_len  222.9 (n=431) | pg -0.011 vf 396.764 kl 0.0164 lr 5.1e-05 | blown 69 dropped 0
it 1265 steps 124354560 sps   48,650 | ep_ret -298.11 ep_len  243.8 (n=437) | pg -0.005 vf 379.052 kl 0.0113 lr 5.1e-05 | blown 78 dropped 0
it 1266 steps 124452864 sps   48,649 | ep_ret -292.88 ep_len  232.5 (n=438) | pg -0.008 vf 414.300 kl 0.0111 lr 1.1e-04 | blown 72 dropped 0
it 1267 steps 124551168 sps   48,647 | ep_ret -293.97 ep_len  233.1 (n=435) | pg -0.008 vf 375.251 kl 0.0137 lr 7.6e-05 | blown 78 dropped 0
it 1268 steps 124649472 sps   48,646 | ep_ret -295.24 ep_len  234.5 (n=382) | pg -0.009 vf 383.329 kl 0.0139 lr 1.1e-04 | blown 69 dropped 0
it 1269 steps 124747776 sps   48,645 | ep_ret -298.05 ep_len  249.6 (n=422) | pg -0.008 vf 423.480 kl 0.0135 lr 7.6e-05 | blown 78 dropped 0
it 1270 steps 124846080 sps   48,643 | ep_ret -296.26 ep_len  221.7 (n=480) | pg -0.004 vf 438.270 kl 0.0115 lr 7.6e-05 | blown 98 dropped 0
it 1271 steps 124944384 sps   48,641 | ep_ret -289.93 ep_len  222.3 (n=430) | pg -0.006 vf 395.706 kl 0.0124 lr 5.1e-05 | blown 81 dropped 0
it 1272 steps 125042688 sps   48,640 | ep_ret -296.25 ep_len  233.8 (n=429) | pg -0.008 vf 409.690 kl 0.0105 lr 1.1e-04 | blown 81 dropped 0
it 1273 steps 125140992 sps   48,639 | ep_ret -294.05 ep_len  245.1 (n=443) | pg -0.011 vf 386.506 kl 0.0096 lr 1.7e-04 | blown 71 dropped 0
it 1274 steps 125239296 sps   48,637 | ep_ret -296.67 ep_len  231.3 (n=452) | pg -0.009 vf 462.414 kl 0.0156 lr 5.1e-05 | blown 87 dropped 0
it 1275 steps 125337600 sps   48,635 | ep_ret -297.50 ep_len  232.9 (n=446) | pg -0.010 vf 389.832 kl 0.0126 lr 1.7e-04 | blown 87 dropped 0
it 1276 steps 125435904 sps   48,634 | ep_ret -291.90 ep_len  220.3 (n=423) | pg -0.012 vf 382.429 kl 0.0134 lr 1.7e-04 | blown 95 dropped 0
it 1277 steps 125534208 sps   48,632 | ep_ret -291.84 ep_len  228.7 (n=465) | pg -0.012 vf 395.575 kl 0.0129 lr 1.1e-04 | blown 90 dropped 0
it 1278 steps 125632512 sps   48,631 | ep_ret -300.30 ep_len  237.1 (n=465) | pg -0.008 vf 402.545 kl 0.0135 lr 2.3e-05 | blown 95 dropped 0
it 1279 steps 125730816 sps   48,629 | ep_ret -301.85 ep_len  235.8 (n=493) | pg -0.007 vf 453.117 kl 0.0087 lr 1.1e-04 | blown 97 dropped 0
it 1280 steps 125829120 sps   48,628 | ep_ret -285.12 ep_len  199.4 (n=437) | pg -0.008 vf 383.029 kl 0.0146 lr 1.1e-04 | blown 80 dropped 0
it 1281 steps 125927424 sps   48,627 | ep_ret -289.29 ep_len  219.2 (n=461) | pg -0.012 vf 357.221 kl 0.0108 lr 1.7e-04 | blown 68 dropped 0
it 1282 steps 126025728 sps   48,625 | ep_ret -289.52 ep_len  208.6 (n=461) | pg -0.012 vf 403.119 kl 0.0130 lr 2.6e-04 | blown 92 dropped 0
it 1283 steps 126124032 sps   48,624 | ep_ret -287.83 ep_len  211.5 (n=468) | pg -0.014 vf 380.135 kl 0.0163 lr 1.1e-04 | blown 85 dropped 0
it 1284 steps 126222336 sps   48,623 | ep_ret -289.49 ep_len  212.0 (n=445) | pg -0.013 vf 392.901 kl 0.0129 lr 2.6e-04 | blown 77 dropped 0
it 1285 steps 126320640 sps   48,621 | ep_ret -290.64 ep_len  209.4 (n=460) | pg -0.014 vf 384.405 kl 0.0138 lr 2.6e-04 | blown 86 dropped 0
it 1286 steps 126418944 sps   48,620 | ep_ret -292.35 ep_len  214.7 (n=515) | pg -0.014 vf 405.161 kl 0.0155 lr 2.6e-04 | blown 83 dropped 0
it 1287 steps 126517248 sps   48,618 | ep_ret -293.52 ep_len  212.5 (n=468) | pg -0.011 vf 469.490 kl 0.0164 lr 1.7e-04 | blown 83 dropped 0
it 1288 steps 126615552 sps   48,616 | ep_ret -289.39 ep_len  211.6 (n=464) | pg -0.012 vf 402.436 kl 0.0129 lr 1.7e-04 | blown 75 dropped 0
it 1289 steps 126713856 sps   48,615 | ep_ret -288.46 ep_len  212.2 (n=467) | pg -0.006 vf 381.023 kl 0.0133 lr 7.6e-05 | blown 84 dropped 0
it 1290 steps 126812160 sps   48,613 | ep_ret -291.98 ep_len  218.2 (n=456) | pg -0.005 vf 417.774 kl 0.0116 lr 7.6e-05 | blown 94 dropped 0
it 1291 steps 126910464 sps   48,612 | ep_ret -288.22 ep_len  205.4 (n=478) | pg -0.008 vf 432.557 kl 0.0137 lr 7.6e-05 | blown 84 dropped 0
it 1292 steps 127008768 sps   48,610 | ep_ret -285.41 ep_len  206.2 (n=477) | pg -0.012 vf 421.143 kl 0.0121 lr 1.7e-04 | blown 91 dropped 0
it 1293 steps 127107072 sps   48,609 | ep_ret -284.67 ep_len  197.6 (n=460) | pg -0.012 vf 415.763 kl 0.0142 lr 2.6e-04 | blown 99 dropped 0
it 1294 steps 127205376 sps   48,607 | ep_ret -289.52 ep_len  213.5 (n=451) | pg -0.012 vf 349.692 kl 0.0140 lr 1.1e-04 | blown 86 dropped 0
it 1295 steps 127303680 sps   48,606 | ep_ret -286.64 ep_len  209.9 (n=419) | pg -0.007 vf 361.852 kl 0.0106 lr 1.1e-04 | blown 75 dropped 0
it 1296 steps 127401984 sps   48,604 | ep_ret -294.70 ep_len  218.1 (n=443) | pg -0.009 vf 379.646 kl 0.0128 lr 1.7e-04 | blown 92 dropped 0
it 1297 steps 127500288 sps   48,603 | ep_ret -289.05 ep_len  208.8 (n=427) | pg -0.014 vf 350.208 kl 0.0146 lr 7.6e-05 | blown 76 dropped 0
it 1298 steps 127598592 sps   48,601 | ep_ret -292.38 ep_len  224.4 (n=450) | pg -0.009 vf 392.603 kl 0.0126 lr 1.7e-04 | blown 84 dropped 0
it 1299 steps 127696896 sps   48,600 | ep_ret -293.09 ep_len  220.1 (n=466) | pg -0.008 vf 388.743 kl 0.0148 lr 1.7e-04 | blown 98 dropped 0
it 1300 steps 127795200 sps   48,598 | ep_ret -295.51 ep_len  225.0 (n=410) | pg -0.007 vf 351.584 kl 0.0126 lr 7.6e-05 | blown 72 dropped 0
it 1301 steps 127893504 sps   48,597 | ep_ret -294.08 ep_len  219.4 (n=482) | pg -0.013 vf 437.443 kl 0.0106 lr 2.6e-04 | blown 80 dropped 0
it 1302 steps 127991808 sps   48,595 | ep_ret -290.24 ep_len  204.7 (n=469) | pg -0.013 vf 369.408 kl 0.0149 lr 3.8e-04 | blown 77 dropped 0
it 1303 steps 128090112 sps   48,593 | ep_ret -300.87 ep_len  236.7 (n=484) | pg -0.010 vf 393.009 kl 0.0187 lr 2.3e-05 | blown 94 dropped 0
it 1304 steps 128188416 sps   48,592 | ep_ret -287.64 ep_len  211.7 (n=477) | pg -0.006 vf 394.807 kl 0.0097 lr 1.1e-04 | blown 73 dropped 0
it 1305 steps 128286720 sps   48,590 | ep_ret -295.90 ep_len  222.5 (n=507) | pg -0.008 vf 400.669 kl 0.0139 lr 1.1e-04 | blown 91 dropped 0
it 1306 steps 128385024 sps   48,589 | ep_ret -290.59 ep_len  218.3 (n=437) | pg -0.005 vf 353.302 kl 0.0123 lr 5.1e-05 | blown 91 dropped 0
it 1307 steps 128483328 sps   48,587 | ep_ret -287.49 ep_len  206.8 (n=461) | pg -0.009 vf 386.421 kl 0.0109 lr 1.1e-04 | blown 87 dropped 0
it 1308 steps 128581632 sps   48,586 | ep_ret -289.16 ep_len  204.6 (n=508) | pg -0.008 vf 435.754 kl 0.0117 lr 1.7e-04 | blown 96 dropped 0
it 1309 steps 128679936 sps   48,584 | ep_ret -284.21 ep_len  198.4 (n=463) | pg -0.015 vf 396.252 kl 0.0139 lr 2.6e-04 | blown 95 dropped 0
it 1310 steps 128778240 sps   48,583 | ep_ret -286.98 ep_len  209.7 (n=490) | pg -0.012 vf 399.179 kl 0.0130 lr 1.7e-04 | blown 97 dropped 0
it 1311 steps 128876544 sps   48,581 | ep_ret -285.55 ep_len  197.2 (n=502) | pg -0.007 vf 422.678 kl 0.0131 lr 7.6e-05 | blown 106 dropped 0
it 1312 steps 128974848 sps   48,580 | ep_ret -285.94 ep_len  203.5 (n=482) | pg -0.008 vf 403.859 kl 0.0113 lr 7.6e-05 | blown 92 dropped 0
it 1313 steps 129073152 sps   48,578 | ep_ret -285.22 ep_len  203.1 (n=477) | pg -0.008 vf 382.173 kl 0.0137 lr 7.6e-05 | blown 70 dropped 0
it 1314 steps 129171456 sps   48,577 | ep_ret -287.98 ep_len  207.8 (n=466) | pg -0.013 vf 378.057 kl 0.0109 lr 1.7e-04 | blown 84 dropped 0
it 1315 steps 129269760 sps   48,575 | ep_ret -289.62 ep_len  205.6 (n=433) | pg -0.012 vf 368.670 kl 0.0168 lr 3.4e-05 | blown 88 dropped 0
it 1316 steps 129368064 sps   48,573 | ep_ret -290.07 ep_len  206.1 (n=476) | pg -0.010 vf 397.268 kl 0.0091 lr 1.1e-04 | blown 91 dropped 0
it 1317 steps 129466368 sps   48,572 | ep_ret -286.81 ep_len  204.6 (n=499) | pg -0.013 vf 375.774 kl 0.0133 lr 2.6e-04 | blown 88 dropped 0
it 1318 steps 129564672 sps   48,570 | ep_ret -284.70 ep_len  201.8 (n=466) | pg -0.011 vf 405.351 kl 0.0150 lr 7.6e-05 | blown 86 dropped 0
it 1319 steps 129662976 sps   48,569 | ep_ret -288.16 ep_len  209.8 (n=497) | pg 0.000 vf 361.278 kl 0.0140 lr 5.1e-05 | blown 74 dropped 0
it 1320 steps 129761280 sps   48,567 | ep_ret -286.41 ep_len  206.8 (n=502) | pg -0.000 vf 388.222 kl 0.0147 lr 3.4e-05 | blown 89 dropped 0
it 1321 steps 129859584 sps   48,565 | ep_ret -289.27 ep_len  211.6 (n=487) | pg -0.000 vf 469.312 kl 0.0136 lr 2.3e-05 | blown 84 dropped 0
it 1322 steps 129957888 sps   48,563 | ep_ret -287.27 ep_len  194.4 (n=410) | pg 0.004 vf 338.789 kl 0.0165 lr 1.5e-05 | blown 87 dropped 0
it 1323 steps 130056192 sps   48,561 | ep_ret -293.71 ep_len  217.2 (n=472) | pg -0.009 vf 355.627 kl 0.0080 lr 1.1e-04 | blown 88 dropped 0
it 1324 steps 130154496 sps   48,559 | ep_ret -292.34 ep_len  213.4 (n=478) | pg -0.010 vf 402.663 kl 0.0154 lr 7.6e-05 | blown 80 dropped 0
it 1325 steps 130252800 sps   48,558 | ep_ret -290.31 ep_len  213.2 (n=447) | pg -0.009 vf 378.931 kl 0.0136 lr 7.6e-05 | blown 102 dropped 0
it 1326 steps 130351104 sps   48,556 | ep_ret -289.99 ep_len  204.6 (n=450) | pg 0.001 vf 379.329 kl 0.0163 lr 2.3e-05 | blown 83 dropped 0
it 1327 steps 130449408 sps   48,554 | ep_ret -290.74 ep_len  207.6 (n=450) | pg 0.004 vf 401.282 kl 0.0162 lr 1.0e-05 | blown 95 dropped 0
it 1328 steps 130547712 sps   48,553 | ep_ret -292.50 ep_len  212.7 (n=463) | pg 0.001 vf 369.060 kl 0.0117 lr 1.5e-05 | blown 101 dropped 0
it 1329 steps 130646016 sps   48,551 | ep_ret -301.36 ep_len  231.6 (n=459) | pg -0.002 vf 347.193 kl 0.0112 lr 7.6e-05 | blown 84 dropped 0
it 1330 steps 130744320 sps   48,550 | ep_ret -294.00 ep_len  214.9 (n=497) | pg -0.010 vf 374.236 kl 0.0113 lr 1.1e-04 | blown 89 dropped 0
it 1331 steps 130842624 sps   48,548 | ep_ret -299.42 ep_len  222.5 (n=481) | pg -0.009 vf 451.282 kl 0.0124 lr 5.1e-05 | blown 103 dropped 0
it 1332 steps 130940928 sps   48,547 | ep_ret -300.57 ep_len  219.8 (n=508) | pg -0.012 vf 378.230 kl 0.0103 lr 1.7e-04 | blown 106 dropped 0
it 1333 steps 131039232 sps   48,545 | ep_ret -299.89 ep_len  218.5 (n=497) | pg -0.011 vf 383.252 kl 0.0170 lr 5.1e-05 | blown 103 dropped 0
it 1334 steps 131137536 sps   48,544 | ep_ret -300.26 ep_len  224.8 (n=477) | pg -0.005 vf 365.211 kl 0.0120 lr 7.6e-05 | blown 72 dropped 0
it 1335 steps 131235840 sps   48,542 | ep_ret -293.65 ep_len  203.5 (n=462) | pg -0.011 vf 342.871 kl 0.0135 lr 1.1e-04 | blown 94 dropped 0
it 1336 steps 131334144 sps   48,541 | ep_ret -291.58 ep_len  192.8 (n=511) | pg -0.008 vf 391.028 kl 0.0130 lr 5.1e-05 | blown 100 dropped 0
it 1337 steps 131432448 sps   48,540 | ep_ret -297.04 ep_len  209.7 (n=501) | pg -0.004 vf 390.628 kl 0.0097 lr 5.1e-05 | blown 90 dropped 0
it 1338 steps 131530752 sps   48,538 | ep_ret -288.67 ep_len  198.7 (n=520) | pg -0.005 vf 380.852 kl 0.0097 lr 7.6e-05 | blown 94 dropped 0
it 1339 steps 131629056 sps   48,537 | ep_ret -287.86 ep_len  197.4 (n=512) | pg -0.012 vf 360.497 kl 0.0085 lr 1.7e-04 | blown 96 dropped 0
it 1340 steps 131727360 sps   48,535 | ep_ret -288.01 ep_len  189.6 (n=514) | pg -0.007 vf 359.542 kl 0.0152 lr 5.1e-05 | blown 83 dropped 0
it 1341 steps 131825664 sps   48,534 | ep_ret -288.43 ep_len  190.4 (n=488) | pg -0.007 vf 357.140 kl 0.0141 lr 3.4e-05 | blown 104 dropped 0
it 1342 steps 131923968 sps   48,532 | ep_ret -295.98 ep_len  209.0 (n=500) | pg 0.000 vf 359.745 kl 0.0126 lr 3.4e-05 | blown 99 dropped 0
it 1343 steps 132022272 sps   48,531 | ep_ret -289.65 ep_len  204.7 (n=482) | pg 0.004 vf 342.698 kl 0.0163 lr 1.0e-05 | blown 91 dropped 0
it 1344 steps 132120576 sps   48,529 | ep_ret -286.13 ep_len  190.9 (n=485) | pg 0.000 vf 407.508 kl 0.0111 lr 5.1e-05 | blown 115 dropped 0
it 1345 steps 132218880 sps   48,528 | ep_ret -282.54 ep_len  182.4 (n=506) | pg -0.004 vf 356.350 kl 0.0119 lr 5.1e-05 | blown 94 dropped 0
it 1346 steps 132317184 sps   48,526 | ep_ret -296.87 ep_len  212.0 (n=471) | pg -0.010 vf 355.710 kl 0.0109 lr 1.7e-04 | blown 97 dropped 0
it 1347 steps 132415488 sps   48,525 | ep_ret -294.70 ep_len  209.2 (n=510) | pg -0.009 vf 387.907 kl 0.0144 lr 1.1e-04 | blown 100 dropped 0
it 1348 steps 132513792 sps   48,523 | ep_ret -296.22 ep_len  213.5 (n=504) | pg -0.013 vf 380.228 kl 0.0115 lr 2.6e-04 | blown 106 dropped 0
it 1349 steps 132612096 sps   48,521 | ep_ret -293.04 ep_len  198.3 (n=467) | pg -0.012 vf 347.806 kl 0.0123 lr 1.1e-04 | blown 87 dropped 0
it 1350 steps 132710400 sps   48,520 | ep_ret -289.11 ep_len  194.0 (n=485) | pg -0.012 vf 346.599 kl 0.0144 lr 7.6e-05 | blown 93 dropped 0
it 1351 steps 132808704 sps   48,518 | ep_ret -290.65 ep_len  198.7 (n=492) | pg -0.013 vf 342.716 kl 0.0101 lr 1.7e-04 | blown 118 dropped 0
it 1352 steps 132907008 sps   48,517 | ep_ret -293.38 ep_len  208.1 (n=453) | pg -0.013 vf 339.129 kl 0.0136 lr 1.7e-04 | blown 102 dropped 0
it 1353 steps 133005312 sps   48,515 | ep_ret -294.47 ep_len  197.3 (n=492) | pg -0.008 vf 417.827 kl 0.0131 lr 1.1e-04 | blown 95 dropped 0
it 1354 steps 133103616 sps   48,514 | ep_ret -291.93 ep_len  196.6 (n=506) | pg -0.009 vf 366.133 kl 0.0124 lr 1.1e-04 | blown 111 dropped 0
it 1355 steps 133201920 sps   48,512 | ep_ret -290.92 ep_len  196.4 (n=510) | pg -0.008 vf 349.646 kl 0.0108 lr 1.7e-04 | blown 112 dropped 0
it 1356 steps 133300224 sps   48,511 | ep_ret -301.33 ep_len  211.5 (n=493) | pg -0.009 vf 373.610 kl 0.0120 lr 2.6e-04 | blown 100 dropped 0
it 1357 steps 133398528 sps   48,509 | ep_ret -289.15 ep_len  194.4 (n=489) | pg -0.004 vf 365.075 kl 0.0172 lr 1.5e-05 | blown 97 dropped 0
it 1358 steps 133496832 sps   48,508 | ep_ret -295.42 ep_len  206.2 (n=514) | pg 0.006 vf 379.490 kl 0.0157 lr 1.5e-05 | blown 97 dropped 0
it 1359 steps 133595136 sps   48,505 | ep_ret -290.72 ep_len  196.1 (n=451) | pg -0.008 vf 322.695 kl 0.0095 lr 1.1e-04 | blown 107 dropped 0
it 1360 steps 133693440 sps   48,504 | ep_ret -291.60 ep_len  198.1 (n=481) | pg -0.010 vf 330.634 kl 0.0147 lr 7.6e-05 | blown 98 dropped 0
it 1361 steps 133791744 sps   48,502 | ep_ret -291.55 ep_len  192.1 (n=501) | pg -0.010 vf 381.046 kl 0.0122 lr 1.7e-04 | blown 107 dropped 0
it 1362 steps 133890048 sps   48,501 | ep_ret -294.68 ep_len  198.1 (n=493) | pg -0.004 vf 398.768 kl 0.0149 lr 5.1e-05 | blown 106 dropped 0
it 1363 steps 133988352 sps   48,500 | ep_ret -294.95 ep_len  199.3 (n=543) | pg -0.011 vf 384.751 kl 0.0116 lr 1.7e-04 | blown 122 dropped 0
it 1364 steps 134086656 sps   48,498 | ep_ret -295.93 ep_len  204.1 (n=482) | pg -0.013 vf 328.596 kl 0.0159 lr 7.6e-05 | blown 114 dropped 0
it 1365 steps 134184960 sps   48,497 | ep_ret -298.92 ep_len  208.0 (n=485) | pg -0.007 vf 370.340 kl 0.0098 lr 1.1e-04 | blown 108 dropped 0
it 1366 steps 134283264 sps   48,495 | ep_ret -294.08 ep_len  195.0 (n=507) | pg -0.010 vf 412.638 kl 0.0145 lr 2.6e-04 | blown 96 dropped 0
it 1367 steps 134381568 sps   48,494 | ep_ret -296.78 ep_len  200.4 (n=560) | pg -0.011 vf 393.586 kl 0.0141 lr 1.7e-04 | blown 126 dropped 0
it 1368 steps 134479872 sps   48,493 | ep_ret -292.62 ep_len  190.8 (n=520) | pg -0.008 vf 386.484 kl 0.0134 lr 1.1e-04 | blown 126 dropped 0
it 1369 steps 134578176 sps   48,491 | ep_ret -295.64 ep_len  203.8 (n=545) | pg -0.011 vf 380.972 kl 0.0102 lr 1.7e-04 | blown 123 dropped 0
it 1370 steps 134676480 sps   48,490 | ep_ret -298.76 ep_len  208.4 (n=495) | pg -0.010 vf 337.437 kl 0.0137 lr 7.6e-05 | blown 89 dropped 0
it 1371 steps 134774784 sps   48,488 | ep_ret -293.17 ep_len  195.6 (n=505) | pg -0.012 vf 358.483 kl 0.0133 lr 2.6e-04 | blown 109 dropped 0
it 1372 steps 134873088 sps   48,487 | ep_ret -295.50 ep_len  197.1 (n=515) | pg -0.006 vf 399.321 kl 0.0141 lr 7.6e-05 | blown 106 dropped 0
it 1373 steps 134971392 sps   48,485 | ep_ret -286.73 ep_len  180.1 (n=520) | pg -0.012 vf 380.772 kl 0.0086 lr 1.7e-04 | blown 110 dropped 0
it 1374 steps 135069696 sps   48,483 | ep_ret -292.99 ep_len  195.2 (n=521) | pg -0.012 vf 380.055 kl 0.0150 lr 1.1e-04 | blown 125 dropped 0
it 1375 steps 135168000 sps   48,482 | ep_ret -295.50 ep_len  200.1 (n=540) | pg -0.005 vf 392.244 kl 0.0114 lr 1.1e-04 | blown 117 dropped 0
it 1376 steps 135266304 sps   48,481 | ep_ret -294.02 ep_len  192.6 (n=538) | pg -0.012 vf 467.003 kl 0.0149 lr 2.6e-04 | blown 129 dropped 0
it 1377 steps 135364608 sps   48,479 | ep_ret -289.45 ep_len  183.9 (n=518) | pg -0.013 vf 349.985 kl 0.0131 lr 1.7e-04 | blown 106 dropped 0
it 1378 steps 135462912 sps   48,478 | ep_ret -292.50 ep_len  193.6 (n=550) | pg -0.011 vf 376.613 kl 0.0121 lr 1.7e-04 | blown 116 dropped 0
it 1379 steps 135561216 sps   48,476 | ep_ret -297.39 ep_len  199.0 (n=507) | pg -0.008 vf 384.372 kl 0.0138 lr 1.1e-04 | blown 129 dropped 0
it 1380 steps 135659520 sps   48,475 | ep_ret -291.72 ep_len  183.3 (n=543) | pg -0.007 vf 434.620 kl 0.0143 lr 1.1e-04 | blown 121 dropped 0
it 1381 steps 135757824 sps   48,473 | ep_ret -290.41 ep_len  183.9 (n=527) | pg -0.010 vf 414.461 kl 0.0126 lr 1.1e-04 | blown 137 dropped 0
it 1382 steps 135856128 sps   48,472 | ep_ret -287.75 ep_len  172.5 (n=475) | pg -0.006 vf 353.260 kl 0.0132 lr 5.1e-05 | blown 119 dropped 0
it 1383 steps 135954432 sps   48,470 | ep_ret -286.72 ep_len  186.2 (n=554) | pg 0.002 vf 367.484 kl 0.0141 lr 2.3e-05 | blown 109 dropped 0
it 1384 steps 136052736 sps   48,469 | ep_ret -292.48 ep_len  192.7 (n=534) | pg -0.009 vf 417.482 kl 0.0087 lr 1.7e-04 | blown 108 dropped 0
it 1385 steps 136151040 sps   48,468 | ep_ret -292.54 ep_len  186.0 (n=516) | pg -0.009 vf 386.393 kl 0.0131 lr 7.6e-05 | blown 111 dropped 0
it 1386 steps 136249344 sps   48,466 | ep_ret -297.35 ep_len  196.5 (n=575) | pg -0.013 vf 378.204 kl 0.0091 lr 1.7e-04 | blown 129 dropped 0
it 1387 steps 136347648 sps   48,465 | ep_ret -292.45 ep_len  191.1 (n=493) | pg -0.011 vf 357.430 kl 0.0124 lr 2.6e-04 | blown 97 dropped 0
it 1388 steps 136445952 sps   48,464 | ep_ret -296.55 ep_len  186.7 (n=531) | pg -0.013 vf 384.686 kl 0.0138 lr 3.8e-04 | blown 139 dropped 0
it 1389 steps 136544256 sps   48,462 | ep_ret -293.21 ep_len  184.0 (n=559) | pg -0.013 vf 366.015 kl 0.0162 lr 2.6e-04 | blown 119 dropped 0
it 1390 steps 136642560 sps   48,461 | ep_ret -295.71 ep_len  193.0 (n=530) | pg -0.015 vf 376.977 kl 0.0151 lr 1.7e-04 | blown 114 dropped 0
it 1391 steps 136740864 sps   48,460 | ep_ret -296.46 ep_len  189.5 (n=516) | pg -0.011 vf 335.067 kl 0.0130 lr 1.7e-04 | blown 107 dropped 0
it 1392 steps 136839168 sps   48,458 | ep_ret -289.48 ep_len  177.2 (n=566) | pg -0.014 vf 366.410 kl 0.0121 lr 2.6e-04 | blown 118 dropped 0
it 1393 steps 136937472 sps   48,457 | ep_ret -289.96 ep_len  180.7 (n=609) | pg -0.010 vf 417.920 kl 0.0133 lr 3.8e-04 | blown 142 dropped 0
it 1394 steps 137035776 sps   48,455 | ep_ret -285.73 ep_len  165.5 (n=526) | pg -0.013 vf 386.416 kl 0.0158 lr 7.6e-05 | blown 122 dropped 0
it 1395 steps 137134080 sps   48,454 | ep_ret -290.65 ep_len  177.3 (n=509) | pg -0.013 vf 374.164 kl 0.0110 lr 1.7e-04 | blown 122 dropped 0
it 1396 steps 137232384 sps   48,452 | ep_ret -295.04 ep_len  183.5 (n=545) | pg -0.010 vf 370.526 kl 0.0126 lr 1.1e-04 | blown 120 dropped 0
it 1397 steps 137330688 sps   48,451 | ep_ret -294.65 ep_len  182.4 (n=556) | pg -0.013 vf 363.450 kl 0.0124 lr 2.6e-04 | blown 117 dropped 0
it 1398 steps 137428992 sps   48,449 | ep_ret -296.57 ep_len  183.0 (n=520) | pg -0.008 vf 391.957 kl 0.0158 lr 5.1e-05 | blown 115 dropped 0
it 1399 steps 137527296 sps   48,448 | ep_ret -293.99 ep_len  179.0 (n=572) | pg -0.012 vf 398.036 kl 0.0108 lr 1.7e-04 | blown 137 dropped 0
it 1400 steps 137625600 sps   48,446 | ep_ret -293.92 ep_len  188.8 (n=581) | pg -0.008 vf 372.467 kl 0.0154 lr 3.4e-05 | blown 129 dropped 0
it 1401 steps 137723904 sps   48,445 | ep_ret -301.75 ep_len  191.0 (n=586) | pg -0.001 vf 431.296 kl 0.0116 lr 5.1e-05 | blown 152 dropped 0
it 1402 steps 137822208 sps   48,443 | ep_ret -293.08 ep_len  179.0 (n=551) | pg -0.012 vf 362.179 kl 0.0138 lr 7.6e-05 | blown 122 dropped 0
it 1403 steps 137920512 sps   48,442 | ep_ret -293.29 ep_len  176.6 (n=563) | pg -0.009 vf 416.957 kl 0.0093 lr 1.7e-04 | blown 143 dropped 0
it 1404 steps 138018816 sps   48,441 | ep_ret -289.93 ep_len  174.5 (n=551) | pg -0.009 vf 369.140 kl 0.0126 lr 7.6e-05 | blown 111 dropped 0
it 1405 steps 138117120 sps   48,439 | ep_ret -290.57 ep_len  169.5 (n=518) | pg -0.012 vf 403.362 kl 0.0132 lr 1.1e-04 | blown 115 dropped 0
it 1406 steps 138215424 sps   48,438 | ep_ret -289.40 ep_len  175.1 (n=564) | pg -0.009 vf 440.905 kl 0.0131 lr 5.1e-05 | blown 129 dropped 0
it 1407 steps 138313728 sps   48,436 | ep_ret -298.16 ep_len  185.0 (n=563) | pg -0.010 vf 380.366 kl 0.0105 lr 1.7e-04 | blown 138 dropped 0
it 1408 steps 138412032 sps   48,434 | ep_ret -296.23 ep_len  183.9 (n=574) | pg -0.004 vf 379.748 kl 0.0147 lr 5.1e-05 | blown 137 dropped 0
it 1409 steps 138510336 sps   48,433 | ep_ret -293.00 ep_len  175.0 (n=571) | pg -0.009 vf 419.481 kl 0.0101 lr 1.7e-04 | blown 128 dropped 0
it 1410 steps 138608640 sps   48,431 | ep_ret -292.24 ep_len  178.8 (n=595) | pg -0.010 vf 398.828 kl 0.0139 lr 1.1e-04 | blown 135 dropped 0
it 1411 steps 138706944 sps   48,429 | ep_ret -291.50 ep_len  177.0 (n=624) | pg -0.014 vf 394.626 kl 0.0134 lr 1.7e-04 | blown 129 dropped 0
it 1412 steps 138805248 sps   48,428 | ep_ret -291.13 ep_len  176.3 (n=572) | pg -0.013 vf 383.536 kl 0.0164 lr 1.7e-04 | blown 118 dropped 0
it 1413 steps 138903552 sps   48,426 | ep_ret -288.85 ep_len  160.4 (n=577) | pg -0.008 vf 364.476 kl 0.0157 lr 7.6e-05 | blown 142 dropped 0
it 1414 steps 139001856 sps   48,424 | ep_ret -288.78 ep_len  165.4 (n=618) | pg -0.009 vf 435.070 kl 0.0125 lr 1.1e-04 | blown 155 dropped 0
it 1415 steps 139100160 sps   48,423 | ep_ret -299.03 ep_len  183.3 (n=608) | pg -0.003 vf 463.056 kl 0.0135 lr 3.4e-05 | blown 150 dropped 0
it 1416 steps 139198464 sps   48,421 | ep_ret -290.99 ep_len  173.3 (n=613) | pg -0.009 vf 422.796 kl 0.0083 lr 1.1e-04 | blown 141 dropped 0
it 1417 steps 139296768 sps   48,420 | ep_ret -285.01 ep_len  160.6 (n=625) | pg -0.011 vf 396.183 kl 0.0132 lr 1.1e-04 | blown 167 dropped 0
it 1418 steps 139395072 sps   48,418 | ep_ret -287.16 ep_len  165.3 (n=612) | pg -0.011 vf 403.394 kl 0.0115 lr 1.7e-04 | blown 138 dropped 0
it 1419 steps 139493376 sps   48,417 | ep_ret -286.56 ep_len  165.2 (n=586) | pg -0.014 vf 371.954 kl 0.0114 lr 2.6e-04 | blown 146 dropped 0
it 1420 steps 139591680 sps   48,416 | ep_ret -287.28 ep_len  163.4 (n=560) | pg -0.010 vf 366.176 kl 0.0159 lr 7.6e-05 | blown 141 dropped 0
it 1421 steps 139689984 sps   48,414 | ep_ret -293.88 ep_len  169.5 (n=604) | pg -0.009 vf 447.717 kl 0.0106 lr 1.1e-04 | blown 164 dropped 0
it 1422 steps 139788288 sps   48,413 | ep_ret -288.86 ep_len  161.9 (n=602) | pg -0.010 vf 390.450 kl 0.0134 lr 2.6e-04 | blown 146 dropped 0
it 1423 steps 139886592 sps   48,411 | ep_ret -288.16 ep_len  163.9 (n=589) | pg -0.005 vf 350.437 kl 0.0172 lr 2.3e-05 | blown 118 dropped 0
it 1424 steps 139984896 sps   48,410 | ep_ret -283.06 ep_len  156.4 (n=601) | pg -0.005 vf 365.564 kl 0.0086 lr 7.6e-05 | blown 135 dropped 0
it 1425 steps 140083200 sps   48,409 | ep_ret -288.48 ep_len  160.3 (n=557) | pg -0.007 vf 363.570 kl 0.0147 lr 3.4e-05 | blown 146 dropped 0
it 1426 steps 140181504 sps   48,407 | ep_ret -294.02 ep_len  172.9 (n=546) | pg -0.008 vf 360.616 kl 0.0094 lr 1.1e-04 | blown 136 dropped 0
it 1427 steps 140279808 sps   48,406 | ep_ret -294.85 ep_len  172.6 (n=635) | pg -0.007 vf 436.014 kl 0.0122 lr 1.7e-04 | blown 153 dropped 0
it 1428 steps 140378112 sps   48,404 | ep_ret -296.06 ep_len  172.3 (n=602) | pg -0.010 vf 418.421 kl 0.0129 lr 1.1e-04 | blown 151 dropped 0
it 1429 steps 140476416 sps   48,403 | ep_ret -293.97 ep_len  169.1 (n=574) | pg -0.009 vf 370.001 kl 0.0138 lr 5.1e-05 | blown 131 dropped 0
it 1430 steps 140574720 sps   48,402 | ep_ret -294.08 ep_len  167.2 (n=567) | pg -0.006 vf 402.016 kl 0.0107 lr 7.6e-05 | blown 138 dropped 0
it 1431 steps 140673024 sps   48,400 | ep_ret -289.12 ep_len  164.2 (n=610) | pg -0.012 vf 385.281 kl 0.0114 lr 1.7e-04 | blown 148 dropped 0
it 1432 steps 140771328 sps   48,398 | ep_ret -301.72 ep_len  187.7 (n=584) | pg -0.011 vf 373.704 kl 0.0138 lr 1.1e-04 | blown 144 dropped 0
it 1433 steps 140869632 sps   48,397 | ep_ret -289.87 ep_len  163.0 (n=585) | pg -0.005 vf 355.354 kl 0.0129 lr 1.1e-04 | blown 135 dropped 0
it 1434 steps 140967936 sps   48,396 | ep_ret -295.17 ep_len  176.6 (n=639) | pg -0.009 vf 384.909 kl 0.0101 lr 1.7e-04 | blown 151 dropped 0
it 1435 steps 141066240 sps   48,394 | ep_ret -292.31 ep_len  165.3 (n=655) | pg -0.011 vf 389.446 kl 0.0154 lr 7.6e-05 | blown 166 dropped 0
it 1436 steps 141164544 sps   48,393 | ep_ret -290.46 ep_len  160.7 (n=622) | pg -0.010 vf 358.770 kl 0.0090 lr 1.7e-04 | blown 153 dropped 0
it 1437 steps 141262848 sps   48,392 | ep_ret -288.75 ep_len  156.5 (n=605) | pg -0.003 vf 373.643 kl 0.0177 lr 7.6e-05 | blown 156 dropped 0
it 1438 steps 141361152 sps   48,390 | ep_ret -285.90 ep_len  149.0 (n=603) | pg -0.004 vf 365.407 kl 0.0108 lr 7.6e-05 | blown 166 dropped 0
it 1439 steps 141459456 sps   48,389 | ep_ret -289.55 ep_len  167.2 (n=597) | pg -0.012 vf 343.116 kl 0.0126 lr 1.7e-04 | blown 118 dropped 0
it 1440 steps 141557760 sps   48,387 | ep_ret -288.27 ep_len  159.7 (n=671) | pg -0.010 vf 379.181 kl 0.0157 lr 1.7e-04 | blown 158 dropped 0
it 1441 steps 141656064 sps   48,386 | ep_ret -295.48 ep_len  167.3 (n=607) | pg -0.007 vf 512.991 kl 0.0156 lr 1.1e-04 | blown 155 dropped 0
it 1442 steps 141754368 sps   48,385 | ep_ret -282.29 ep_len  153.0 (n=613) | pg -0.011 vf 352.945 kl 0.0158 lr 5.1e-05 | blown 153 dropped 0
it 1443 steps 141852672 sps   48,383 | ep_ret -286.41 ep_len  157.1 (n=609) | pg -0.007 vf 358.808 kl 0.0114 lr 1.1e-04 | blown 149 dropped 0
it 1444 steps 141950976 sps   48,382 | ep_ret -288.49 ep_len  156.9 (n=688) | pg -0.009 vf 403.622 kl 0.0123 lr 1.1e-04 | blown 148 dropped 0
it 1445 steps 142049280 sps   48,380 | ep_ret -288.83 ep_len  160.8 (n=624) | pg -0.012 vf 351.948 kl 0.0119 lr 2.6e-04 | blown 142 dropped 0
it 1446 steps 142147584 sps   48,379 | ep_ret -288.04 ep_len  153.4 (n=603) | pg -0.010 vf 571.891 kl 0.0141 lr 1.7e-04 | blown 147 dropped 0
it 1447 steps 142245888 sps   48,377 | ep_ret -291.56 ep_len  157.9 (n=619) | pg -0.005 vf 408.764 kl 0.0120 lr 7.6e-05 | blown 158 dropped 0
it 1448 steps 142344192 sps   48,376 | ep_ret -287.59 ep_len  158.0 (n=664) | pg -0.009 vf 374.621 kl 0.0111 lr 1.1e-04 | blown 170 dropped 0
it 1449 steps 142442496 sps   48,375 | ep_ret -291.33 ep_len  165.4 (n=652) | pg -0.010 vf 381.300 kl 0.0137 lr 5.1e-05 | blown 164 dropped 0
it 1450 steps 142540800 sps   48,373 | ep_ret -285.11 ep_len  149.0 (n=664) | pg -0.011 vf 394.287 kl 0.0103 lr 1.7e-04 | blown 145 dropped 0
it 1451 steps 142639104 sps   48,372 | ep_ret -286.70 ep_len  156.7 (n=662) | pg -0.012 vf 408.436 kl 0.0157 lr 1.1e-04 | blown 154 dropped 0
it 1452 steps 142737408 sps   48,370 | ep_ret -287.36 ep_len  150.9 (n=648) | pg -0.011 vf 400.864 kl 0.0089 lr 1.7e-04 | blown 165 dropped 0
it 1453 steps 142835712 sps   48,369 | ep_ret -291.48 ep_len  166.3 (n=678) | pg -0.011 vf 398.857 kl 0.0134 lr 3.8e-04 | blown 143 dropped 0
it 1454 steps 142934016 sps   48,368 | ep_ret -286.60 ep_len  150.3 (n=640) | pg -0.014 vf 411.604 kl 0.0152 lr 1.7e-04 | blown 137 dropped 0
it 1455 steps 143032320 sps   48,366 | ep_ret -291.69 ep_len  157.7 (n=699) | pg -0.007 vf 407.041 kl 0.0138 lr 7.6e-05 | blown 168 dropped 0
it 1456 steps 143130624 sps   48,365 | ep_ret -285.61 ep_len  150.6 (n=673) | pg -0.007 vf 387.806 kl 0.0124 lr 5.1e-05 | blown 166 dropped 0
it 1457 steps 143228928 sps   48,364 | ep_ret -288.09 ep_len  152.1 (n=654) | pg -0.004 vf 413.231 kl 0.0127 lr 5.1e-05 | blown 150 dropped 0
it 1458 steps 143327232 sps   48,362 | ep_ret -289.08 ep_len  151.9 (n=636) | pg -0.004 vf 386.491 kl 0.0122 lr 5.1e-05 | blown 169 dropped 0
it 1459 steps 143425536 sps   48,361 | ep_ret -287.13 ep_len  149.9 (n=629) | pg -0.005 vf 356.519 kl 0.0111 lr 7.6e-05 | blown 151 dropped 0
it 1460 steps 143523840 sps   48,359 | ep_ret -283.06 ep_len  143.7 (n=648) | pg -0.009 vf 401.701 kl 0.0106 lr 1.7e-04 | blown 167 dropped 0
it 1461 steps 143622144 sps   48,358 | ep_ret -286.34 ep_len  146.9 (n=667) | pg -0.003 vf 405.518 kl 0.0155 lr 5.1e-05 | blown 163 dropped 0
it 1462 steps 143720448 sps   48,357 | ep_ret -286.33 ep_len  146.3 (n=684) | pg -0.002 vf 439.451 kl 0.0127 lr 3.4e-05 | blown 157 dropped 0
it 1463 steps 143818752 sps   48,355 | ep_ret -285.51 ep_len  146.2 (n=652) | pg 0.003 vf 404.062 kl 0.0129 lr 3.4e-05 | blown 176 dropped 0
it 1464 steps 143917056 sps   48,354 | ep_ret -290.03 ep_len  153.6 (n=664) | pg -0.006 vf 377.719 kl 0.0113 lr 1.1e-04 | blown 179 dropped 0
it 1465 steps 144015360 sps   48,352 | ep_ret -291.03 ep_len  149.4 (n=583) | pg -0.013 vf 397.228 kl 0.0134 lr 1.7e-04 | blown 136 dropped 0
it 1466 steps 144113664 sps   48,351 | ep_ret -287.41 ep_len  155.2 (n=601) | pg -0.013 vf 347.915 kl 0.0133 lr 2.6e-04 | blown 146 dropped 0
it 1467 steps 144211968 sps   48,349 | ep_ret -287.09 ep_len  153.4 (n=678) | pg -0.007 vf 424.485 kl 0.0138 lr 7.6e-05 | blown 165 dropped 0
it 1468 steps 144310272 sps   48,348 | ep_ret -283.94 ep_len  147.4 (n=651) | pg -0.010 vf 363.230 kl 0.0124 lr 1.7e-04 | blown 153 dropped 0
it 1469 steps 144408576 sps   48,346 | ep_ret -293.18 ep_len  154.3 (n=657) | pg -0.007 vf 375.500 kl 0.0154 lr 5.1e-05 | blown 163 dropped 0
it 1470 steps 144506880 sps   48,345 | ep_ret -285.58 ep_len  151.7 (n=640) | pg -0.007 vf 359.291 kl 0.0136 lr 5.1e-05 | blown 142 dropped 0
it 1471 steps 144605184 sps   48,344 | ep_ret -285.91 ep_len  151.4 (n=663) | pg -0.002 vf 351.579 kl 0.0139 lr 2.3e-05 | blown 168 dropped 0
it 1472 steps 144703488 sps   48,342 | ep_ret -281.59 ep_len  144.7 (n=640) | pg 0.011 vf 348.069 kl 0.0230 lr 3.4e-05 | blown 139 dropped 0
it 1473 steps 144801792 sps   48,341 | ep_ret -284.80 ep_len  146.0 (n=646) | pg 0.007 vf 373.301 kl 0.0186 lr 2.3e-05 | blown 175 dropped 0
it 1474 steps 144900096 sps   48,339 | ep_ret -284.95 ep_len  148.3 (n=666) | pg -0.002 vf 361.603 kl 0.0110 lr 7.6e-05 | blown 174 dropped 0
it 1475 steps 144998400 sps   48,338 | ep_ret -288.31 ep_len  152.7 (n=701) | pg -0.005 vf 381.222 kl 0.0102 lr 7.6e-05 | blown 174 dropped 0
it 1476 steps 145096704 sps   48,336 | ep_ret -292.22 ep_len  156.1 (n=659) | pg -0.012 vf 398.715 kl 0.0104 lr 1.7e-04 | blown 175 dropped 0
it 1477 steps 145195008 sps   48,335 | ep_ret -290.38 ep_len  147.8 (n=640) | pg -0.004 vf 548.042 kl 0.0128 lr 1.1e-04 | blown 169 dropped 0
it 1478 steps 145293312 sps   48,334 | ep_ret -289.86 ep_len  152.4 (n=632) | pg -0.009 vf 389.165 kl 0.0115 lr 1.7e-04 | blown 157 dropped 0
it 1479 steps 145391616 sps   48,332 | ep_ret -291.95 ep_len  157.9 (n=638) | pg -0.010 vf 441.391 kl 0.0126 lr 1.7e-04 | blown 160 dropped 0
it 1480 steps 145489920 sps   48,331 | ep_ret -292.24 ep_len  155.7 (n=713) | pg -0.013 vf 385.278 kl 0.0147 lr 3.8e-04 | blown 181 dropped 0
it 1481 steps 145588224 sps   48,329 | ep_ret -286.78 ep_len  148.4 (n=709) | pg -0.014 vf 389.928 kl 0.0156 lr 2.6e-04 | blown 189 dropped 0
it 1482 steps 145686528 sps   48,328 | ep_ret -286.42 ep_len  146.5 (n=740) | pg -0.009 vf 419.784 kl 0.0155 lr 1.7e-04 | blown 169 dropped 0
it 1483 steps 145784832 sps   48,326 | ep_ret -282.72 ep_len  140.3 (n=720) | pg -0.006 vf 431.852 kl 0.0188 lr 2.3e-05 | blown 147 dropped 0
it 1484 steps 145883136 sps   48,325 | ep_ret -280.91 ep_len  139.5 (n=662) | pg -0.008 vf 381.891 kl 0.0100 lr 7.6e-05 | blown 157 dropped 0
it 1485 steps 145981440 sps   48,324 | ep_ret -282.98 ep_len  140.7 (n=714) | pg -0.008 vf 415.049 kl 0.0127 lr 7.6e-05 | blown 170 dropped 0
it 1486 steps 146079744 sps   48,322 | ep_ret -281.20 ep_len  139.1 (n=726) | pg -0.005 vf 386.504 kl 0.0107 lr 7.6e-05 | blown 198 dropped 0
it 1487 steps 146178048 sps   48,321 | ep_ret -282.11 ep_len  137.3 (n=667) | pg -0.007 vf 368.427 kl 0.0136 lr 1.1e-04 | blown 164 dropped 0
it 1488 steps 146276352 sps   48,319 | ep_ret -282.46 ep_len  137.2 (n=725) | pg -0.009 vf 394.805 kl 0.0124 lr 1.1e-04 | blown 172 dropped 0
it 1489 steps 146374656 sps   48,318 | ep_ret -283.81 ep_len  140.2 (n=629) | pg -0.009 vf 346.614 kl 0.0118 lr 1.7e-04 | blown 152 dropped 0
it 1490 steps 146472960 sps   48,316 | ep_ret -282.76 ep_len  139.2 (n=721) | pg -0.002 vf 385.797 kl 0.0177 lr 1.5e-05 | blown 194 dropped 0
it 1491 steps 146571264 sps   48,315 | ep_ret -279.64 ep_len  139.9 (n=677) | pg 0.005 vf 378.263 kl 0.0152 lr 1.0e-05 | blown 172 dropped 0
it 1492 steps 146669568 sps   48,313 | ep_ret -287.67 ep_len  152.5 (n=672) | pg -0.005 vf 350.404 kl 0.0099 lr 7.6e-05 | blown 167 dropped 0
it 1493 steps 146767872 sps   48,312 | ep_ret -281.92 ep_len  137.2 (n=648) | pg -0.008 vf 370.521 kl 0.0145 lr 5.1e-05 | blown 166 dropped 0
it 1494 steps 146866176 sps   48,310 | ep_ret -288.58 ep_len  147.7 (n=645) | pg 0.001 vf 384.897 kl 0.0146 lr 3.4e-05 | blown 171 dropped 0
it 1495 steps 146964480 sps   48,309 | ep_ret -286.21 ep_len  144.7 (n=696) | pg 0.004 vf 370.541 kl 0.0147 lr 1.0e-05 | blown 167 dropped 0
it 1496 steps 147062784 sps   48,307 | ep_ret -285.44 ep_len  142.3 (n=673) | pg 0.001 vf 402.191 kl 0.0123 lr 2.3e-05 | blown 185 dropped 0
it 1497 steps 147161088 sps   48,306 | ep_ret -286.83 ep_len  148.0 (n=666) | pg 0.010 vf 341.039 kl 0.0226 lr 1.5e-05 | blown 164 dropped 0
it 1498 steps 147259392 sps   48,305 | ep_ret -291.05 ep_len  154.7 (n=682) | pg -0.011 vf 348.248 kl 0.0078 lr 2.6e-04 | blown 179 dropped 0
it 1499 steps 147357696 sps   48,303 | ep_ret -286.75 ep_len  148.1 (n=746) | pg -0.008 vf 370.788 kl 0.0161 lr 1.1e-04 | blown 184 dropped 0
it 1500 steps 147456000 sps   48,302 | ep_ret -291.74 ep_len  153.3 (n=743) | pg 0.002 vf 387.103 kl 0.0135 lr 5.1e-05 | blown 190 dropped 0
saved policy to runs/policies/g1_flat_1500.pt
