G1 rough PPO: N=4096 obs_dim 310 act_dim 37 rollout 24 x 1500 iterations, engine mjwarp, physics dt 0.0025 (decimation 8), seed 2, reward_cfg rough_isaac, height-scan ray order xy, terrain collision boxes_local, height scan exact
it    1 steps     98304 sps   18,080 | ep_ret    0.00 ep_len    0.0 (n=0) | pg 0.170 vf 0.194 kl 0.6972 lr 1.0e-05
[anomaly] it 1: KL 0.697 > 10x target: stale data or LR too high
[anomaly] it 1: joint limit violated by 0.39 rad
[anomaly] it 1: contact penetration 9.0 cm
[anomaly] it 1: contact force 51504 N > 50x robot weight
terrain it    1 mean_level 2.4763
it    2 steps    196608 sps   22,589 | ep_ret   -6.63 ep_len   44.2 (n=966) | pg 0.007 vf 1.474 kl 0.0145 lr 1.0e-05
[anomaly] it 2: joint limit violated by 0.42 rad
[anomaly] it 2: contact penetration 8.8 cm
[anomaly] it 2: contact force 48186 N > 50x robot weight
terrain it    2 mean_level 2.7122
it    3 steps    294912 sps   25,648 | ep_ret   -7.06 ep_len   56.6 (n=2685) | pg -0.000 vf 2.110 kl 0.0065 lr 1.1e-04
[anomaly] it 3: terminal-step reward dominates the episode: survival is being punished
[anomaly] it 3: joint limit violated by 0.38 rad
[anomaly] it 3: contact penetration 7.3 cm
[anomaly] it 3: contact force 47463 N > 50x robot weight
terrain it    3 mean_level 3.3147
it    4 steps    393216 sps   28,002 | ep_ret   -6.13 ep_len   43.5 (n=2522) | pg -0.002 vf 2.040 kl 0.0103 lr 3.8e-04
[anomaly] it 4: joint limit violated by 0.33 rad
[anomaly] it 4: contact penetration 6.7 cm
[anomaly] it 4: contact force 44366 N > 50x robot weight
terrain it    4 mean_level 2.9521
it    5 steps    491520 sps   29,835 | ep_ret   -6.00 ep_len   42.5 (n=2345) | pg -0.003 vf 1.431 kl 0.0136 lr 5.8e-04
[anomaly] it 5: joint limit violated by 0.26 rad
[anomaly] it 5: contact penetration 6.5 cm
[anomaly] it 5: contact force 22512 N > 50x robot weight
terrain it    5 mean_level 2.4902
it    6 steps    589824 sps   31,237 | ep_ret   -5.86 ep_len   39.6 (n=2598) | pg -0.004 vf 1.187 kl 0.0128 lr 5.8e-04
[anomaly] it 6: joint limit violated by 0.24 rad
[anomaly] it 6: contact penetration 5.0 cm
terrain it    6 mean_level 1.9844
it    7 steps    688128 sps   32,336 | ep_ret   -5.85 ep_len   39.6 (n=2436) | pg -0.002 vf 0.909 kl 0.0152 lr 5.8e-04
[anomaly] it 7: joint limit violated by 0.25 rad
[anomaly] it 7: contact penetration 6.4 cm
terrain it    7 mean_level 1.5667
it    8 steps    786432 sps   33,221 | ep_ret   -5.83 ep_len   39.7 (n=2431) | pg 0.003 vf 0.693 kl 0.0147 lr 2.6e-04
[anomaly] it 8: joint limit violated by 0.24 rad
[anomaly] it 8: contact penetration 6.3 cm
terrain it    8 mean_level 1.1919
it    9 steps    884736 sps   33,947 | ep_ret   -5.84 ep_len   40.1 (n=2492) | pg -0.003 vf 0.623 kl 0.0105 lr 5.8e-04
[anomaly] it 9: joint limit violated by 0.25 rad
[anomaly] it 9: contact penetration 5.1 cm
terrain it    9 mean_level 0.8694
it   10 steps    983040 sps   34,537 | ep_ret   -5.83 ep_len   40.4 (n=2370) | pg -0.001 vf 0.488 kl 0.0130 lr 5.8e-04
[anomaly] it 10: joint limit violated by 0.21 rad
[anomaly] it 10: contact penetration 5.3 cm
terrain it   10 mean_level 0.6143
it   11 steps   1081344 sps   35,046 | ep_ret   -5.82 ep_len   40.5 (n=2453) | pg 0.000 vf 0.472 kl 0.0179 lr 3.8e-04
[anomaly] it 11: joint limit violated by 0.30 rad
[anomaly] it 11: contact penetration 5.3 cm
terrain it   11 mean_level 0.4126
it   12 steps   1179648 sps   35,470 | ep_ret   -5.82 ep_len   40.8 (n=2388) | pg -0.003 vf 0.367 kl 0.0129 lr 2.6e-04
[anomaly] it 12: joint limit violated by 0.41 rad
[anomaly] it 12: contact penetration 5.2 cm
terrain it   12 mean_level 0.2532
it   13 steps   1277952 sps   35,851 | ep_ret   -5.81 ep_len   40.8 (n=2394) | pg -0.004 vf 0.247 kl 0.0114 lr 5.8e-04
[anomaly] it 13: joint limit violated by 0.37 rad
[anomaly] it 13: contact penetration 5.5 cm
terrain it   13 mean_level 0.1438
it   14 steps   1376256 sps   36,181 | ep_ret   -5.81 ep_len   41.3 (n=2378) | pg -0.006 vf 0.146 kl 0.0124 lr 8.6e-04
[anomaly] it 14: joint limit violated by 0.29 rad
[anomaly] it 14: contact penetration 5.4 cm
terrain it   14 mean_level 0.0764
it   15 steps   1474560 sps   36,471 | ep_ret   -5.80 ep_len   41.6 (n=2329) | pg -0.003 vf 0.108 kl 0.0129 lr 3.8e-04
[anomaly] it 15: joint limit violated by 0.34 rad
[anomaly] it 15: contact penetration 5.1 cm
terrain it   15 mean_level 0.0381
it   16 steps   1572864 sps   36,473 | ep_ret   -5.77 ep_len   41.8 (n=2325) | pg -0.008 vf 0.093 kl 0.0116 lr 8.6e-04
[anomaly] it 16: joint limit violated by 0.29 rad
[anomaly] it 16: contact penetration 5.1 cm
terrain it   16 mean_level 0.0190
it   17 steps   1671168 sps   36,227 | ep_ret   -5.78 ep_len   42.3 (n=2334) | pg -0.005 vf 0.067 kl 0.0139 lr 2.6e-04
[anomaly] it 17: joint limit violated by 0.34 rad
[anomaly] it 17: contact penetration 7.3 cm
terrain it   17 mean_level 0.0088
it   18 steps   1769472 sps   36,392 | ep_ret   -5.75 ep_len   42.5 (n=2255) | pg -0.008 vf 0.047 kl 0.0096 lr 2.6e-04
[anomaly] it 18: joint limit violated by 0.38 rad
[anomaly] it 18: contact penetration 6.0 cm
terrain it   18 mean_level 0.0039
it   19 steps   1867776 sps   36,612 | ep_ret   -5.72 ep_len   42.8 (n=2321) | pg -0.012 vf 0.032 kl 0.0106 lr 5.8e-04
[anomaly] it 19: joint limit violated by 0.34 rad
[anomaly] it 19: contact penetration 5.4 cm
terrain it   19 mean_level 0.0017
it   20 steps   1966080 sps   36,806 | ep_ret   -5.70 ep_len   43.0 (n=2236) | pg -0.013 vf 0.017 kl 0.0161 lr 5.8e-04
[anomaly] it 20: joint limit violated by 0.29 rad
[anomaly] it 20: contact penetration 7.0 cm
terrain it   20 mean_level 0.0000
it   21 steps   2064384 sps   36,987 | ep_ret   -5.68 ep_len   43.6 (n=2273) | pg -0.013 vf 0.012 kl 0.0145 lr 5.8e-04
[anomaly] it 21: joint limit violated by 0.34 rad
[anomaly] it 21: contact penetration 4.7 cm
terrain it   21 mean_level 0.0000
it   22 steps   2162688 sps   37,146 | ep_ret   -5.65 ep_len   44.1 (n=2151) | pg -0.015 vf 0.011 kl 0.0166 lr 5.8e-04
[anomaly] it 22: joint limit violated by 0.29 rad
[anomaly] it 22: contact penetration 5.6 cm
terrain it   22 mean_level 0.0000
it   23 steps   2260992 sps   37,295 | ep_ret   -5.61 ep_len   44.8 (n=2204) | pg -0.014 vf 0.010 kl 0.0178 lr 5.8e-04
[anomaly] it 23: joint limit violated by 0.29 rad
[anomaly] it 23: contact penetration 4.6 cm
terrain it   23 mean_level 0.0000
it   24 steps   2359296 sps   37,438 | ep_ret   -5.57 ep_len   45.3 (n=2146) | pg -0.013 vf 0.010 kl 0.0168 lr 3.8e-04
[anomaly] it 24: joint limit violated by 0.30 rad
[anomaly] it 24: contact penetration 4.9 cm
terrain it   24 mean_level 0.0000
it   25 steps   2457600 sps   37,566 | ep_ret   -5.52 ep_len   45.2 (n=2154) | pg -0.013 vf 0.011 kl 0.0153 lr 5.8e-04
[anomaly] it 25: joint limit violated by 0.30 rad
[anomaly] it 25: contact penetration 5.3 cm
terrain it   25 mean_level 0.0000
it   26 steps   2555904 sps   37,688 | ep_ret   -5.49 ep_len   46.0 (n=2116) | pg -0.013 vf 0.011 kl 0.0142 lr 3.8e-04
[anomaly] it 26: joint limit violated by 0.30 rad
[anomaly] it 26: contact penetration 4.5 cm
terrain it   26 mean_level 0.0000
it   27 steps   2654208 sps   37,797 | ep_ret   -5.45 ep_len   46.6 (n=2078) | pg -0.014 vf 0.012 kl 0.0141 lr 5.8e-04
[anomaly] it 27: joint limit violated by 0.35 rad
[anomaly] it 27: contact penetration 4.8 cm
terrain it   27 mean_level 0.0000
it   28 steps   2752512 sps   37,902 | ep_ret   -5.42 ep_len   47.0 (n=2046) | pg -0.013 vf 0.012 kl 0.0149 lr 5.8e-04
[anomaly] it 28: joint limit violated by 0.38 rad
[anomaly] it 28: contact penetration 5.0 cm
terrain it   28 mean_level 0.0000
it   29 steps   2850816 sps   37,971 | ep_ret   -5.39 ep_len   47.5 (n=2078) | pg -0.012 vf 0.013 kl 0.0154 lr 5.8e-04
[anomaly] it 29: joint limit violated by 0.28 rad
[anomaly] it 29: contact penetration 5.0 cm
terrain it   29 mean_level 0.0000
it   30 steps   2949120 sps   38,062 | ep_ret   -5.36 ep_len   47.6 (n=2047) | pg -0.013 vf 0.013 kl 0.0149 lr 3.8e-04
[anomaly] it 30: joint limit violated by 0.29 rad
[anomaly] it 30: contact penetration 4.5 cm
terrain it   30 mean_level 0.0000
it   31 steps   3047424 sps   38,146 | ep_ret   -5.32 ep_len   48.1 (n=2061) | pg -0.013 vf 0.013 kl 0.0137 lr 3.8e-04
[anomaly] it 31: joint limit violated by 0.42 rad
[anomaly] it 31: contact penetration 4.4 cm
terrain it   31 mean_level 0.0000
it   32 steps   3145728 sps   38,218 | ep_ret   -5.28 ep_len   48.3 (n=2051) | pg -0.012 vf 0.014 kl 0.0137 lr 3.8e-04
[anomaly] it 32: joint limit violated by 0.27 rad
[anomaly] it 32: contact penetration 5.2 cm
terrain it   32 mean_level 0.0000
it   33 steps   3244032 sps   38,290 | ep_ret   -5.26 ep_len   48.2 (n=1960) | pg -0.012 vf 0.015 kl 0.0150 lr 5.8e-04
[anomaly] it 33: joint limit violated by 0.26 rad
[anomaly] it 33: contact penetration 5.4 cm
terrain it   33 mean_level 0.0000
it   34 steps   3342336 sps   38,355 | ep_ret   -5.25 ep_len   49.2 (n=1999) | pg -0.012 vf 0.015 kl 0.0178 lr 3.8e-04
[anomaly] it 34: joint limit violated by 0.26 rad
[anomaly] it 34: contact penetration 4.2 cm
terrain it   34 mean_level 0.0000
it   35 steps   3440640 sps   38,420 | ep_ret   -5.22 ep_len   49.1 (n=1963) | pg -0.012 vf 0.016 kl 0.0159 lr 5.8e-04
[anomaly] it 35: joint limit violated by 0.36 rad
[anomaly] it 35: contact penetration 7.0 cm
terrain it   35 mean_level 0.0000
it   36 steps   3538944 sps   38,485 | ep_ret   -5.19 ep_len   49.0 (n=2032) | pg -0.012 vf 0.015 kl 0.0153 lr 5.8e-04
[anomaly] it 36: joint limit violated by 0.39 rad
[anomaly] it 36: contact penetration 4.4 cm
terrain it   36 mean_level 0.0000
it   37 steps   3637248 sps   38,535 | ep_ret   -5.19 ep_len   49.8 (n=1954) | pg -0.012 vf 0.016 kl 0.0156 lr 5.8e-04
[anomaly] it 37: joint limit violated by 0.27 rad
[anomaly] it 37: contact penetration 5.0 cm
terrain it   37 mean_level 0.0000
it   38 steps   3735552 sps   38,551 | ep_ret   -5.15 ep_len   49.6 (n=1986) | pg -0.011 vf 0.016 kl 0.0168 lr 5.8e-04
[anomaly] it 38: joint limit violated by 0.44 rad
[anomaly] it 38: contact penetration 3.9 cm
terrain it   38 mean_level 0.0000
it   39 steps   3833856 sps   38,594 | ep_ret   -5.14 ep_len   50.1 (n=1905) | pg -0.011 vf 0.016 kl 0.0156 lr 5.8e-04
[anomaly] it 39: terminal-step reward dominates the episode: survival is being punished
[anomaly] it 39: joint limit violated by 0.36 rad
[anomaly] it 39: contact penetration 4.1 cm
terrain it   39 mean_level 0.0000
it   40 steps   3932160 sps   38,621 | ep_ret   -5.13 ep_len   50.9 (n=1928) | pg -0.011 vf 0.016 kl 0.0153 lr 5.8e-04
[anomaly] it 40: terminal-step reward dominates the episode: survival is being punished
[anomaly] it 40: joint limit violated by 0.29 rad
[anomaly] it 40: contact penetration 4.2 cm
terrain it   40 mean_level 0.0000
it   41 steps   4030464 sps   38,652 | ep_ret   -5.11 ep_len   51.1 (n=1905) | pg -0.011 vf 0.017 kl 0.0176 lr 5.8e-04
[anomaly] it 41: terminal-step reward dominates the episode: survival is being punished
[anomaly] it 41: joint limit violated by 0.39 rad
[anomaly] it 41: contact penetration 4.6 cm
terrain it   41 mean_level 0.0000
it   42 steps   4128768 sps   38,694 | ep_ret   -5.09 ep_len   51.0 (n=1936) | pg -0.011 vf 0.017 kl 0.0159 lr 5.8e-04
[anomaly] it 42: terminal-step reward dominates the episode: survival is being punished
[anomaly] it 42: joint limit violated by 0.28 rad
[anomaly] it 42: contact penetration 4.6 cm
terrain it   42 mean_level 0.0000
it   43 steps   4227072 sps   38,733 | ep_ret   -5.07 ep_len   51.1 (n=1907) | pg -0.012 vf 0.016 kl 0.0175 lr 3.8e-04
[anomaly] it 43: terminal-step reward dominates the episode: survival is being punished
[anomaly] it 43: joint limit violated by 0.29 rad
[anomaly] it 43: contact penetration 5.2 cm
terrain it   43 mean_level 0.0000
it   44 steps   4325376 sps   38,773 | ep_ret   -5.06 ep_len   51.9 (n=1889) | pg -0.012 vf 0.016 kl 0.0149 lr 5.8e-04
[anomaly] it 44: terminal-step reward dominates the episode: survival is being punished
[anomaly] it 44: joint limit violated by 0.34 rad
[anomaly] it 44: contact penetration 4.3 cm
terrain it   44 mean_level 0.0000
it   45 steps   4423680 sps   38,813 | ep_ret   -5.04 ep_len   51.8 (n=1857) | pg -0.012 vf 0.017 kl 0.0165 lr 3.8e-04
[anomaly] it 45: terminal-step reward dominates the episode: survival is being punished
[anomaly] it 45: joint limit violated by 0.25 rad
[anomaly] it 45: contact penetration 4.2 cm
terrain it   45 mean_level 0.0000
it   46 steps   4521984 sps   38,853 | ep_ret   -5.04 ep_len   52.4 (n=1910) | pg -0.010 vf 0.016 kl 0.0163 lr 5.8e-04
[anomaly] it 46: terminal-step reward dominates the episode: survival is being punished
[anomaly] it 46: joint limit violated by 0.28 rad
[anomaly] it 46: contact penetration 4.8 cm
terrain it   46 mean_level 0.0000
it   47 steps   4620288 sps   38,808 | ep_ret   -5.02 ep_len   52.7 (n=1825) | pg -0.012 vf 0.017 kl 0.0167 lr 5.8e-04
[anomaly] it 47: terminal-step reward dominates the episode: survival is being punished
[anomaly] it 47: joint limit violated by 0.33 rad
[anomaly] it 47: contact penetration 5.1 cm
terrain it   47 mean_level 0.0000
it   48 steps   4718592 sps   38,843 | ep_ret   -5.00 ep_len   52.8 (n=1880) | pg -0.012 vf 0.017 kl 0.0169 lr 3.8e-04
[anomaly] it 48: terminal-step reward dominates the episode: survival is being punished
[anomaly] it 48: joint limit violated by 0.32 rad
[anomaly] it 48: contact penetration 4.2 cm
terrain it   48 mean_level 0.0000
it   49 steps   4816896 sps   38,877 | ep_ret   -4.97 ep_len   52.4 (n=1840) | pg -0.011 vf 0.017 kl 0.0165 lr 5.8e-04
[anomaly] it 49: terminal-step reward dominates the episode: survival is being punished
[anomaly] it 49: joint limit violated by 0.39 rad
[anomaly] it 49: contact penetration 3.5 cm
terrain it   49 mean_level 0.0000
it   50 steps   4915200 sps   38,912 | ep_ret   -4.96 ep_len   53.0 (n=1862) | pg -0.012 vf 0.017 kl 0.0159 lr 5.8e-04
[anomaly] it 50: terminal-step reward dominates the episode: survival is being punished
[anomaly] it 50: joint limit violated by 0.26 rad
[anomaly] it 50: contact penetration 3.8 cm
terrain it   50 mean_level 0.0000
it   51 steps   5013504 sps   38,850 | ep_ret   -4.96 ep_len   53.2 (n=1829) | pg -0.010 vf 0.017 kl 0.0158 lr 3.8e-04
[anomaly] it 51: terminal-step reward dominates the episode: survival is being punished
[anomaly] it 51: joint limit violated by 0.29 rad
[anomaly] it 51: contact penetration 4.7 cm
terrain it   51 mean_level 0.0000
it   52 steps   5111808 sps   38,761 | ep_ret   -4.94 ep_len   53.6 (n=1815) | pg -0.011 vf 0.017 kl 0.0151 lr 5.8e-04
[anomaly] it 52: terminal-step reward dominates the episode: survival is being punished
[anomaly] it 52: joint limit violated by 0.43 rad
[anomaly] it 52: contact penetration 4.0 cm
terrain it   52 mean_level 0.0000
it   53 steps   5210112 sps   38,713 | ep_ret   -4.94 ep_len   53.8 (n=1877) | pg -0.012 vf 0.016 kl 0.0178 lr 5.8e-04
[anomaly] it 53: terminal-step reward dominates the episode: survival is being punished
[anomaly] it 53: joint limit violated by 0.37 rad
[anomaly] it 53: contact penetration 4.2 cm
terrain it   53 mean_level 0.0000
it   54 steps   5308416 sps   38,607 | ep_ret   -4.92 ep_len   53.8 (n=1779) | pg -0.011 vf 0.016 kl 0.0168 lr 5.8e-04
[anomaly] it 54: terminal-step reward dominates the episode: survival is being punished
[anomaly] it 54: joint limit violated by 0.31 rad
[anomaly] it 54: contact penetration 3.8 cm
terrain it   54 mean_level 0.0000
it   55 steps   5406720 sps   38,645 | ep_ret   -4.91 ep_len   53.9 (n=1820) | pg -0.010 vf 0.015 kl 0.0167 lr 5.8e-04
[anomaly] it 55: terminal-step reward dominates the episode: survival is being punished
[anomaly] it 55: joint limit violated by 0.37 rad
[anomaly] it 55: contact penetration 5.1 cm
terrain it   55 mean_level 0.0000
it   56 steps   5505024 sps   38,646 | ep_ret   -4.89 ep_len   54.3 (n=1771) | pg -0.012 vf 0.016 kl 0.0173 lr 5.8e-04
[anomaly] it 56: terminal-step reward dominates the episode: survival is being punished
[anomaly] it 56: joint limit violated by 0.36 rad
[anomaly] it 56: contact penetration 4.8 cm
terrain it   56 mean_level 0.0000
it   57 steps   5603328 sps   38,681 | ep_ret   -4.88 ep_len   54.9 (n=1787) | pg -0.012 vf 0.014 kl 0.0166 lr 5.8e-04
[anomaly] it 57: terminal-step reward dominates the episode: survival is being punished
[anomaly] it 57: joint limit violated by 0.40 rad
[anomaly] it 57: contact penetration 4.5 cm
terrain it   57 mean_level 0.0000
it   58 steps   5701632 sps   38,677 | ep_ret   -4.87 ep_len   55.4 (n=1737) | pg -0.012 vf 0.014 kl 0.0158 lr 3.8e-04
[anomaly] it 58: terminal-step reward dominates the episode: survival is being punished
[anomaly] it 58: joint limit violated by 0.29 rad
[anomaly] it 58: contact penetration 4.9 cm
terrain it   58 mean_level 0.0000
it   59 steps   5799936 sps   38,705 | ep_ret   -4.86 ep_len   55.3 (n=1772) | pg -0.012 vf 0.014 kl 0.0162 lr 5.8e-04
[anomaly] it 59: terminal-step reward dominates the episode: survival is being punished
[anomaly] it 59: joint limit violated by 0.40 rad
[anomaly] it 59: contact penetration 4.2 cm
terrain it   59 mean_level 0.0000
it   60 steps   5898240 sps   38,659 | ep_ret   -4.86 ep_len   56.4 (n=1691) | pg -0.012 vf 0.014 kl 0.0170 lr 5.8e-04
[anomaly] it 60: terminal-step reward dominates the episode: survival is being punished
[anomaly] it 60: joint limit violated by 0.40 rad
[anomaly] it 60: contact penetration 4.1 cm
terrain it   60 mean_level 0.0000
it   61 steps   5996544 sps   38,642 | ep_ret   -4.86 ep_len   56.4 (n=1786) | pg -0.011 vf 0.013 kl 0.0172 lr 5.8e-04
[anomaly] it 61: terminal-step reward dominates the episode: survival is being punished
[anomaly] it 61: joint limit violated by 0.31 rad
[anomaly] it 61: contact penetration 4.2 cm
terrain it   61 mean_level 0.0000
it   62 steps   6094848 sps   38,623 | ep_ret   -4.85 ep_len   57.0 (n=1651) | pg -0.011 vf 0.014 kl 0.0152 lr 3.8e-04
[anomaly] it 62: terminal-step reward dominates the episode: survival is being punished
[anomaly] it 62: joint limit violated by 0.35 rad
[anomaly] it 62: contact penetration 5.0 cm
terrain it   62 mean_level 0.0000
it   63 steps   6193152 sps   38,564 | ep_ret   -4.83 ep_len   57.1 (n=1749) | pg -0.012 vf 0.013 kl 0.0168 lr 5.8e-04
[anomaly] it 63: terminal-step reward dominates the episode: survival is being punished
[anomaly] it 63: joint limit violated by 0.32 rad
[anomaly] it 63: contact penetration 3.9 cm
terrain it   63 mean_level 0.0000
it   64 steps   6291456 sps   38,533 | ep_ret   -4.82 ep_len   57.3 (n=1627) | pg -0.012 vf 0.014 kl 0.0172 lr 5.8e-04
[anomaly] it 64: terminal-step reward dominates the episode: survival is being punished
[anomaly] it 64: joint limit violated by 0.37 rad
[anomaly] it 64: contact penetration 4.8 cm
terrain it   64 mean_level 0.0000
it   65 steps   6389760 sps   38,458 | ep_ret   -4.82 ep_len   57.9 (n=1717) | pg -0.011 vf 0.014 kl 0.0160 lr 3.8e-04
[anomaly] it 65: terminal-step reward dominates the episode: survival is being punished
[anomaly] it 65: joint limit violated by 0.31 rad
[anomaly] it 65: contact penetration 5.3 cm
terrain it   65 mean_level 0.0000
it   66 steps   6488064 sps   38,402 | ep_ret   -4.82 ep_len   58.9 (n=1731) | pg -0.011 vf 0.013 kl 0.0150 lr 3.8e-04
[anomaly] it 66: terminal-step reward dominates the episode: survival is being punished
[anomaly] it 66: joint limit violated by 0.34 rad
[anomaly] it 66: contact penetration 4.5 cm
terrain it   66 mean_level 0.0000
it   67 steps   6586368 sps   38,403 | ep_ret   -4.79 ep_len   58.3 (n=1629) | pg -0.011 vf 0.013 kl 0.0167 lr 5.8e-04
[anomaly] it 67: terminal-step reward dominates the episode: survival is being punished
[anomaly] it 67: joint limit violated by 0.32 rad
[anomaly] it 67: contact penetration 4.7 cm
terrain it   67 mean_level 0.0000
it   68 steps   6684672 sps   38,286 | ep_ret   -4.78 ep_len   58.2 (n=1640) | pg -0.011 vf 0.013 kl 0.0171 lr 5.8e-04
[anomaly] it 68: terminal-step reward dominates the episode: survival is being punished
[anomaly] it 68: joint limit violated by 0.30 rad
[anomaly] it 68: contact penetration 4.4 cm
terrain it   68 mean_level 0.0000
it   69 steps   6782976 sps   38,228 | ep_ret   -4.79 ep_len   60.0 (n=1696) | pg -0.012 vf 0.013 kl 0.0170 lr 5.8e-04
[anomaly] it 69: terminal-step reward dominates the episode: survival is being punished
[anomaly] it 69: joint limit violated by 0.35 rad
[anomaly] it 69: contact penetration 4.8 cm
terrain it   69 mean_level 0.0000
it   70 steps   6881280 sps   38,194 | ep_ret   -4.78 ep_len   59.7 (n=1580) | pg -0.013 vf 0.013 kl 0.0172 lr 5.8e-04
[anomaly] it 70: terminal-step reward dominates the episode: survival is being punished
[anomaly] it 70: joint limit violated by 0.33 rad
[anomaly] it 70: contact penetration 3.9 cm
terrain it   70 mean_level 0.0000
it   71 steps   6979584 sps   38,106 | ep_ret   -4.75 ep_len   59.9 (n=1642) | pg -0.012 vf 0.013 kl 0.0169 lr 5.8e-04
[anomaly] it 71: terminal-step reward dominates the episode: survival is being punished
[anomaly] it 71: joint limit violated by 0.32 rad
[anomaly] it 71: contact penetration 4.5 cm
terrain it   71 mean_level 0.0000
it   72 steps   7077888 sps   38,065 | ep_ret   -4.76 ep_len   60.3 (n=1610) | pg -0.012 vf 0.013 kl 0.0177 lr 5.8e-04
[anomaly] it 72: terminal-step reward dominates the episode: survival is being punished
[anomaly] it 72: joint limit violated by 0.36 rad
[anomaly] it 72: contact penetration 3.5 cm
terrain it   72 mean_level 0.0000
it   73 steps   7176192 sps   38,035 | ep_ret   -4.75 ep_len   61.0 (n=1623) | pg -0.012 vf 0.013 kl 0.0175 lr 5.8e-04
[anomaly] it 73: terminal-step reward dominates the episode: survival is being punished
[anomaly] it 73: joint limit violated by 0.37 rad
[anomaly] it 73: contact penetration 3.5 cm
terrain it   73 mean_level 0.0000
it   74 steps   7274496 sps   37,931 | ep_ret   -4.74 ep_len   60.6 (n=1580) | pg -0.012 vf 0.013 kl 0.0170 lr 5.8e-04
[anomaly] it 74: terminal-step reward dominates the episode: survival is being punished
[anomaly] it 74: joint limit violated by 0.28 rad
[anomaly] it 74: contact penetration 3.3 cm
terrain it   74 mean_level 0.0000
it   75 steps   7372800 sps   37,876 | ep_ret   -4.72 ep_len   60.9 (n=1593) | pg -0.012 vf 0.013 kl 0.0185 lr 5.8e-04
[anomaly] it 75: terminal-step reward dominates the episode: survival is being punished
[anomaly] it 75: joint limit violated by 0.31 rad
[anomaly] it 75: contact penetration 3.5 cm
terrain it   75 mean_level 0.0000
it   76 steps   7471104 sps   37,738 | ep_ret   -4.72 ep_len   61.8 (n=1630) | pg -0.012 vf 0.013 kl 0.0141 lr 3.8e-04
[anomaly] it 76: terminal-step reward dominates the episode: survival is being punished
[anomaly] it 76: joint limit violated by 0.31 rad
[anomaly] it 76: contact penetration 3.4 cm
terrain it   76 mean_level 0.0000
it   77 steps   7569408 sps   37,649 | ep_ret   -4.71 ep_len   62.1 (n=1478) | pg -0.012 vf 0.014 kl 0.0169 lr 5.8e-04
[anomaly] it 77: terminal-step reward dominates the episode: survival is being punished
[anomaly] it 77: joint limit violated by 0.30 rad
[anomaly] it 77: contact penetration 3.7 cm
terrain it   77 mean_level 0.0000
it   78 steps   7667712 sps   37,631 | ep_ret   -4.71 ep_len   62.5 (n=1595) | pg -0.012 vf 0.014 kl 0.0167 lr 2.6e-04
[anomaly] it 78: terminal-step reward dominates the episode: survival is being punished
[anomaly] it 78: joint limit violated by 0.41 rad
[anomaly] it 78: contact penetration 3.8 cm
terrain it   78 mean_level 0.0000
it   79 steps   7766016 sps   37,611 | ep_ret   -4.70 ep_len   63.2 (n=1549) | pg -0.011 vf 0.014 kl 0.0143 lr 5.8e-04
[anomaly] it 79: terminal-step reward dominates the episode: survival is being punished
[anomaly] it 79: joint limit violated by 0.36 rad
[anomaly] it 79: contact penetration 5.7 cm
terrain it   79 mean_level 0.0000
it   80 steps   7864320 sps   37,605 | ep_ret   -4.70 ep_len   64.0 (n=1498) | pg -0.011 vf 0.015 kl 0.0170 lr 5.8e-04
[anomaly] it 80: terminal-step reward dominates the episode: survival is being punished
[anomaly] it 80: joint limit violated by 0.36 rad
[anomaly] it 80: contact penetration 3.5 cm
terrain it   80 mean_level 0.0000
it   81 steps   7962624 sps   37,602 | ep_ret   -4.70 ep_len   64.0 (n=1527) | pg -0.012 vf 0.016 kl 0.0156 lr 3.8e-04
[anomaly] it 81: terminal-step reward dominates the episode: survival is being punished
[anomaly] it 81: joint limit violated by 0.37 rad
[anomaly] it 81: contact penetration 3.9 cm
terrain it   81 mean_level 0.0000
it   82 steps   8060928 sps   37,602 | ep_ret   -4.70 ep_len   64.7 (n=1495) | pg -0.012 vf 0.015 kl 0.0164 lr 3.8e-04
[anomaly] it 82: terminal-step reward dominates the episode: survival is being punished
[anomaly] it 82: joint limit violated by 0.31 rad
[anomaly] it 82: contact penetration 3.7 cm
terrain it   82 mean_level 0.0000
it   83 steps   8159232 sps   37,601 | ep_ret   -4.70 ep_len   65.0 (n=1528) | pg -0.011 vf 0.015 kl 0.0156 lr 3.8e-04
[anomaly] it 83: terminal-step reward dominates the episode: survival is being punished
[anomaly] it 83: joint limit violated by 0.31 rad
[anomaly] it 83: contact penetration 3.5 cm
terrain it   83 mean_level 0.0000
it   84 steps   8257536 sps   37,482 | ep_ret   -4.68 ep_len   65.1 (n=1461) | pg -0.011 vf 0.015 kl 0.0159 lr 3.8e-04
[anomaly] it 84: terminal-step reward dominates the episode: survival is being punished
[anomaly] it 84: joint limit violated by 0.32 rad
[anomaly] it 84: contact penetration 4.3 cm
terrain it   84 mean_level 0.0000
it   85 steps   8355840 sps   37,263 | ep_ret   -4.69 ep_len   65.8 (n=1503) | pg -0.011 vf 0.015 kl 0.0147 lr 3.8e-04
[anomaly] it 85: terminal-step reward dominates the episode: survival is being punished
[anomaly] it 85: joint limit violated by 0.35 rad
[anomaly] it 85: contact penetration 3.1 cm
terrain it   85 mean_level 0.0000
it   86 steps   8454144 sps   37,005 | ep_ret   -4.68 ep_len   66.5 (n=1417) | pg -0.012 vf 0.015 kl 0.0154 lr 3.8e-04
[anomaly] it 86: terminal-step reward dominates the episode: survival is being punished
[anomaly] it 86: joint limit violated by 0.31 rad
[anomaly] it 86: contact penetration 4.0 cm
terrain it   86 mean_level 0.0000
it   87 steps   8552448 sps   36,824 | ep_ret   -4.68 ep_len   66.9 (n=1499) | pg -0.011 vf 0.016 kl 0.0164 lr 5.8e-04
[anomaly] it 87: terminal-step reward dominates the episode: survival is being punished
[anomaly] it 87: joint limit violated by 0.33 rad
[anomaly] it 87: contact penetration 3.8 cm
terrain it   87 mean_level 0.0000
it   88 steps   8650752 sps   36,699 | ep_ret   -4.68 ep_len   66.8 (n=1471) | pg -0.012 vf 0.017 kl 0.0147 lr 3.8e-04
[anomaly] it 88: terminal-step reward dominates the episode: survival is being punished
[anomaly] it 88: joint limit violated by 0.31 rad
[anomaly] it 88: contact penetration 4.1 cm
terrain it   88 mean_level 0.0000
it   89 steps   8749056 sps   36,603 | ep_ret   -4.67 ep_len   67.4 (n=1390) | pg -0.012 vf 0.016 kl 0.0149 lr 3.8e-04
[anomaly] it 89: terminal-step reward dominates the episode: survival is being punished
[anomaly] it 89: joint limit violated by 0.34 rad
[anomaly] it 89: contact penetration 3.7 cm
terrain it   89 mean_level 0.0000
it   90 steps   8847360 sps   36,376 | ep_ret   -4.69 ep_len   68.5 (n=1449) | pg -0.011 vf 0.016 kl 0.0176 lr 5.8e-04
G1 rough PPO: N=4096 obs_dim 310 act_dim 37 rollout 24 x 1500 iterations, engine mjwarp, physics dt 0.0025 (decimation 8), seed 2, reward_cfg rough_isaac, height-scan ray order xy, terrain collision boxes_local, height scan exact
it    1 steps     98304 sps   24,694 | ep_ret    0.00 ep_len    0.0 (n=0) | pg 0.170 vf 0.194 kl 0.6981 lr 1.0e-05
[anomaly] it 1: KL 0.698 > 10x target: stale data or LR too high
[anomaly] it 1: joint limit violated by 0.39 rad
[anomaly] it 1: contact penetration 9.0 cm
[anomaly] it 1: contact force 51504 N > 50x robot weight
terrain it    1 mean_level 2.4763
it    2 steps    196608 sps   27,425 | ep_ret   -6.63 ep_len   44.2 (n=963) | pg 0.007 vf 1.470 kl 0.0144 lr 1.0e-05
[anomaly] it 2: joint limit violated by 0.41 rad
[anomaly] it 2: contact penetration 8.8 cm
[anomaly] it 2: contact force 48147 N > 50x robot weight
terrain it    2 mean_level 2.7114
it    3 steps    294912 sps   29,704 | ep_ret   -7.06 ep_len   56.6 (n=2683) | pg -0.000 vf 2.104 kl 0.0065 lr 1.1e-04
[anomaly] it 3: terminal-step reward dominates the episode: survival is being punished
[anomaly] it 3: joint limit violated by 0.37 rad
[anomaly] it 3: contact penetration 6.8 cm
[anomaly] it 3: contact force 46792 N > 50x robot weight
terrain it    3 mean_level 3.3135
it    4 steps    393216 sps   31,699 | ep_ret   -6.14 ep_len   43.6 (n=2513) | pg -0.002 vf 2.034 kl 0.0096 lr 3.8e-04
[anomaly] it 4: joint limit violated by 0.33 rad
[anomaly] it 4: contact penetration 6.5 cm
[anomaly] it 4: contact force 44434 N > 50x robot weight
terrain it    4 mean_level 2.9551
it    5 steps    491520 sps   33,168 | ep_ret   -6.00 ep_len   42.5 (n=2380) | pg -0.002 vf 1.460 kl 0.0156 lr 2.6e-04
[anomaly] it 5: joint limit violated by 0.31 rad
[anomaly] it 5: contact penetration 5.7 cm
[anomaly] it 5: contact force 22259 N > 50x robot weight
terrain it    5 mean_level 2.4851
it    6 steps    589824 sps   34,287 | ep_ret   -5.87 ep_len   39.9 (n=2546) | pg -0.002 vf 1.212 kl 0.0116 lr 3.8e-04
[anomaly] it 6: joint limit violated by 0.32 rad
[anomaly] it 6: contact penetration 5.5 cm
terrain it    6 mean_level 1.9875
it    7 steps    688128 sps   35,150 | ep_ret   -5.84 ep_len   39.5 (n=2465) | pg -0.003 vf 0.964 kl 0.0147 lr 2.6e-04
[anomaly] it 7: joint limit violated by 0.33 rad
[anomaly] it 7: contact penetration 5.0 cm
[anomaly] it 7: contact force 16113 N > 50x robot weight
terrain it    7 mean_level 1.5640
it    8 steps    786432 sps   35,822 | ep_ret   -5.84 ep_len   39.6 (n=2429) | pg 0.008 vf 0.648 kl 0.0168 lr 5.1e-05
[anomaly] it 8: joint limit violated by 0.25 rad
[anomaly] it 8: contact penetration 6.6 cm
[anomaly] it 8: contact force 16076 N > 50x robot weight
terrain it    8 mean_level 1.1953
it    9 steps    884736 sps   36,357 | ep_ret   -5.84 ep_len   40.3 (n=2409) | pg -0.005 vf 0.576 kl 0.0070 lr 5.8e-04
[anomaly] it 9: joint limit violated by 0.29 rad
[anomaly] it 9: contact penetration 4.4 cm
[anomaly] it 9: contact force 16027 N > 50x robot weight
terrain it    9 mean_level 0.8804
it   10 steps    983040 sps   36,803 | ep_ret   -5.84 ep_len   40.4 (n=2476) | pg -0.001 vf 0.420 kl 0.0130 lr 5.8e-04
[anomaly] it 10: joint limit violated by 0.39 rad
[anomaly] it 10: contact penetration 6.6 cm
terrain it   10 mean_level 0.6155
it   11 steps   1081344 sps   37,170 | ep_ret   -5.81 ep_len   40.4 (n=2427) | pg -0.005 vf 0.335 kl 0.0130 lr 8.6e-04
[anomaly] it 11: joint limit violated by 0.32 rad
[anomaly] it 11: contact penetration 4.6 cm
terrain it   11 mean_level 0.4087
it   12 steps   1179648 sps   37,480 | ep_ret   -5.81 ep_len   40.4 (n=2396) | pg 0.006 vf 0.299 kl 0.0224 lr 1.5e-05
[anomaly] it 12: joint limit violated by 0.39 rad
[anomaly] it 12: contact penetration 4.6 cm
terrain it   12 mean_level 0.2524
it   13 steps   1277952 sps   37,754 | ep_ret   -5.81 ep_len   41.0 (n=2367) | pg -0.001 vf 0.222 kl 0.0073 lr 1.7e-04
[anomaly] it 13: joint limit violated by 0.36 rad
[anomaly] it 13: contact penetration 5.3 cm
terrain it   13 mean_level 0.1467
it   14 steps   1376256 sps   37,986 | ep_ret   -5.81 ep_len   41.3 (n=2407) | pg -0.002 vf 0.213 kl 0.0113 lr 5.8e-04
[anomaly] it 14: joint limit violated by 0.27 rad
[anomaly] it 14: contact penetration 6.1 cm
terrain it   14 mean_level 0.0757
it   15 steps   1474560 sps   38,192 | ep_ret   -5.79 ep_len   41.1 (n=2361) | pg -0.001 vf 0.210 kl 0.0134 lr 1.7e-04
[anomaly] it 15: joint limit violated by 0.34 rad
[anomaly] it 15: contact penetration 5.2 cm
terrain it   15 mean_level 0.0378
it   16 steps   1572864 sps   38,371 | ep_ret   -5.80 ep_len   41.8 (n=2364) | pg -0.008 vf 0.115 kl 0.0109 lr 8.6e-04
[anomaly] it 16: joint limit violated by 0.25 rad
[anomaly] it 16: contact penetration 6.1 cm
terrain it   16 mean_level 0.0173
it   17 steps   1671168 sps   38,525 | ep_ret   -5.76 ep_len   41.5 (n=2332) | pg -0.005 vf 0.103 kl 0.0123 lr 3.8e-04
[anomaly] it 17: joint limit violated by 0.32 rad
[anomaly] it 17: contact penetration 6.0 cm
terrain it   17 mean_level 0.0081
it   18 steps   1769472 sps   38,661 | ep_ret   -5.77 ep_len   42.3 (n=2305) | pg -0.010 vf 0.062 kl 0.0110 lr 5.8e-04
[anomaly] it 18: joint limit violated by 0.32 rad
[anomaly] it 18: contact penetration 4.7 cm
terrain it   18 mean_level 0.0029
it   19 steps   1867776 sps   38,784 | ep_ret   -5.76 ep_len   42.7 (n=2315) | pg -0.009 vf 0.039 kl 0.0118 lr 3.8e-04
[anomaly] it 19: joint limit violated by 0.31 rad
[anomaly] it 19: contact penetration 6.0 cm
terrain it   19 mean_level 0.0015
it   20 steps   1966080 sps   38,894 | ep_ret   -5.71 ep_len   42.5 (n=2285) | pg -0.012 vf 0.023 kl 0.0152 lr 5.8e-04
[anomaly] it 20: joint limit violated by 0.29 rad
[anomaly] it 20: contact penetration 5.3 cm
terrain it   20 mean_level 0.0005
it   21 steps   2064384 sps   38,992 | ep_ret   -5.68 ep_len   42.8 (n=2293) | pg -0.014 vf 0.015 kl 0.0166 lr 3.8e-04
[anomaly] it 21: joint limit violated by 0.39 rad
[anomaly] it 21: contact penetration 5.4 cm
terrain it   21 mean_level 0.0000
it   22 steps   2162688 sps   39,085 | ep_ret   -5.65 ep_len   43.2 (n=2238) | pg -0.014 vf 0.013 kl 0.0151 lr 5.8e-04
[anomaly] it 22: joint limit violated by 0.36 rad
[anomaly] it 22: contact penetration 5.2 cm
terrain it   22 mean_level 0.0000
it   23 steps   2260992 sps   39,167 | ep_ret   -5.62 ep_len   44.1 (n=2178) | pg -0.013 vf 0.012 kl 0.0165 lr 5.8e-04
[anomaly] it 23: joint limit violated by 0.34 rad
[anomaly] it 23: contact penetration 6.9 cm
terrain it   23 mean_level 0.0000
it   24 steps   2359296 sps   39,242 | ep_ret   -5.59 ep_len   44.5 (n=2195) | pg -0.013 vf 0.012 kl 0.0146 lr 5.8e-04
[anomaly] it 24: joint limit violated by 0.26 rad
[anomaly] it 24: contact penetration 5.0 cm
terrain it   24 mean_level 0.0000
it   25 steps   2457600 sps   39,311 | ep_ret   -5.56 ep_len   44.8 (n=2149) | pg -0.014 vf 0.011 kl 0.0156 lr 5.8e-04
[anomaly] it 25: joint limit violated by 0.28 rad
[anomaly] it 25: contact penetration 4.2 cm
terrain it   25 mean_level 0.0000
it   26 steps   2555904 sps   39,374 | ep_ret   -5.52 ep_len   45.5 (n=2178) | pg -0.012 vf 0.011 kl 0.0163 lr 5.8e-04
[anomaly] it 26: joint limit violated by 0.31 rad
[anomaly] it 26: contact penetration 5.5 cm
terrain it   26 mean_level 0.0000
it   27 steps   2654208 sps   39,434 | ep_ret   -5.49 ep_len   45.6 (n=2142) | pg -0.013 vf 0.012 kl 0.0154 lr 5.8e-04
[anomaly] it 27: joint limit violated by 0.25 rad
[anomaly] it 27: contact penetration 5.4 cm
terrain it   27 mean_level 0.0000
it   28 steps   2752512 sps   39,490 | ep_ret   -5.46 ep_len   46.3 (n=2067) | pg -0.013 vf 0.012 kl 0.0145 lr 5.8e-04
[anomaly] it 28: joint limit violated by 0.29 rad
[anomaly] it 28: contact penetration 4.9 cm
terrain it   28 mean_level 0.0000
it   29 steps   2850816 sps   39,541 | ep_ret   -5.43 ep_len   46.9 (n=2108) | pg -0.013 vf 0.012 kl 0.0160 lr 5.8e-04
[anomaly] it 29: joint limit violated by 0.31 rad
[anomaly] it 29: contact penetration 5.2 cm
terrain it   29 mean_level 0.0000
it   30 steps   2949120 sps   39,591 | ep_ret   -5.38 ep_len   46.9 (n=2049) | pg -0.013 vf 0.012 kl 0.0159 lr 5.8e-04
[anomaly] it 30: joint limit violated by 0.28 rad
[anomaly] it 30: contact penetration 4.3 cm
terrain it   30 mean_level 0.0000
it   31 steps   3047424 sps   39,640 | ep_ret   -5.36 ep_len   47.6 (n=2079) | pg -0.013 vf 0.013 kl 0.0149 lr 5.8e-04
[anomaly] it 31: joint limit violated by 0.25 rad
[anomaly] it 31: contact penetration 4.7 cm
terrain it   31 mean_level 0.0000
it   32 steps   3145728 sps   39,683 | ep_ret   -5.32 ep_len   47.9 (n=2001) | pg -0.012 vf 0.014 kl 0.0166 lr 5.8e-04
[anomaly] it 32: joint limit violated by 0.37 rad
[anomaly] it 32: contact penetration 5.1 cm
terrain it   32 mean_level 0.0000
it   33 steps   3244032 sps   39,728 | ep_ret   -5.29 ep_len   48.1 (n=2053) | pg -0.013 vf 0.014 kl 0.0151 lr 5.8e-04
[anomaly] it 33: joint limit violated by 0.24 rad
[anomaly] it 33: contact penetration 5.2 cm
terrain it   33 mean_level 0.0000
it   34 steps   3342336 sps   39,767 | ep_ret   -5.28 ep_len   48.6 (n=2051) | pg -0.012 vf 0.014 kl 0.0175 lr 5.8e-04
[anomaly] it 34: joint limit violated by 0.26 rad
[anomaly] it 34: contact penetration 4.5 cm
terrain it   34 mean_level 0.0000
it   35 steps   3440640 sps   39,807 | ep_ret   -5.24 ep_len   48.6 (n=1946) | pg -0.012 vf 0.015 kl 0.0150 lr 5.8e-04
[anomaly] it 35: joint limit violated by 0.36 rad
[anomaly] it 35: contact penetration 5.4 cm
terrain it   35 mean_level 0.0000
it   36 steps   3538944 sps   39,842 | ep_ret   -5.23 ep_len   49.3 (n=1999) | pg -0.012 vf 0.016 kl 0.0158 lr 5.8e-04
[anomaly] it 36: joint limit violated by 0.33 rad
[anomaly] it 36: contact penetration 3.8 cm
terrain it   36 mean_level 0.0000
it   37 steps   3637248 sps   39,874 | ep_ret   -5.21 ep_len   49.7 (n=1940) | pg -0.012 vf 0.016 kl 0.0176 lr 5.8e-04
[anomaly] it 37: joint limit violated by 0.26 rad
[anomaly] it 37: contact penetration 4.8 cm
terrain it   37 mean_level 0.0000
it   38 steps   3735552 sps   39,906 | ep_ret   -5.19 ep_len   50.2 (n=1968) | pg -0.012 vf 0.016 kl 0.0152 lr 5.8e-04
[anomaly] it 38: terminal-step reward dominates the episode: survival is being punished
[anomaly] it 38: joint limit violated by 0.41 rad
[anomaly] it 38: contact penetration 4.2 cm
terrain it   38 mean_level 0.0000
it   39 steps   3833856 sps   39,933 | ep_ret   -5.17 ep_len   49.9 (n=1930) | pg -0.011 vf 0.017 kl 0.0161 lr 5.8e-04
[anomaly] it 39: joint limit violated by 0.40 rad
[anomaly] it 39: contact penetration 4.2 cm
terrain it   39 mean_level 0.0000
it   40 steps   3932160 sps   39,958 | ep_ret   -5.16 ep_len   50.2 (n=1987) | pg -0.012 vf 0.017 kl 0.0165 lr 5.8e-04
[anomaly] it 40: terminal-step reward dominates the episode: survival is being punished
[anomaly] it 40: joint limit violated by 0.29 rad
[anomaly] it 40: contact penetration 4.7 cm
terrain it   40 mean_level 0.0000
it   41 steps   4030464 sps   39,983 | ep_ret   -5.14 ep_len   51.0 (n=1895) | pg -0.012 vf 0.017 kl 0.0172 lr 3.8e-04
[anomaly] it 41: terminal-step reward dominates the episode: survival is being punished
[anomaly] it 41: joint limit violated by 0.44 rad
[anomaly] it 41: contact penetration 4.6 cm
terrain it   41 mean_level 0.0000
it   42 steps   4128768 sps   40,006 | ep_ret   -5.12 ep_len   50.9 (n=1881) | pg -0.011 vf 0.017 kl 0.0157 lr 5.8e-04
[anomaly] it 42: terminal-step reward dominates the episode: survival is being punished
[anomaly] it 42: joint limit violated by 0.29 rad
[anomaly] it 42: contact penetration 4.9 cm
terrain it   42 mean_level 0.0000
it   43 steps   4227072 sps   40,028 | ep_ret   -5.11 ep_len   51.5 (n=1970) | pg -0.012 vf 0.016 kl 0.0164 lr 5.8e-04
[anomaly] it 43: terminal-step reward dominates the episode: survival is being punished
[anomaly] it 43: joint limit violated by 0.44 rad
[anomaly] it 43: contact penetration 4.6 cm
terrain it   43 mean_level 0.0000
it   44 steps   4325376 sps   40,053 | ep_ret   -5.08 ep_len   51.2 (n=1871) | pg -0.012 vf 0.017 kl 0.0161 lr 5.8e-04
[anomaly] it 44: terminal-step reward dominates the episode: survival is being punished
[anomaly] it 44: joint limit violated by 0.45 rad
[anomaly] it 44: contact penetration 5.4 cm
terrain it   44 mean_level 0.0000
it   45 steps   4423680 sps   40,075 | ep_ret   -5.08 ep_len   52.2 (n=1895) | pg -0.011 vf 0.016 kl 0.0179 lr 5.8e-04
[anomaly] it 45: terminal-step reward dominates the episode: survival is being punished
[anomaly] it 45: joint limit violated by 0.33 rad
[anomaly] it 45: contact penetration 4.3 cm
terrain it   45 mean_level 0.0000
it   46 steps   4521984 sps   40,095 | ep_ret   -5.05 ep_len   52.0 (n=1884) | pg -0.012 vf 0.017 kl 0.0165 lr 5.8e-04
[anomaly] it 46: terminal-step reward dominates the episode: survival is being punished
[anomaly] it 46: joint limit violated by 0.29 rad
[anomaly] it 46: contact penetration 4.5 cm
terrain it   46 mean_level 0.0000
it   47 steps   4620288 sps   40,113 | ep_ret   -5.03 ep_len   52.5 (n=1818) | pg -0.011 vf 0.017 kl 0.0157 lr 5.8e-04
[anomaly] it 47: terminal-step reward dominates the episode: survival is being punished
[anomaly] it 47: joint limit violated by 0.26 rad
[anomaly] it 47: contact penetration 4.4 cm
terrain it   47 mean_level 0.0000
it   48 steps   4718592 sps   40,134 | ep_ret   -5.02 ep_len   52.6 (n=1899) | pg -0.013 vf 0.016 kl 0.0165 lr 5.8e-04
[anomaly] it 48: terminal-step reward dominates the episode: survival is being punished
[anomaly] it 48: joint limit violated by 0.50 rad
[anomaly] it 48: contact penetration 5.7 cm
terrain it   48 mean_level 0.0000
it   49 steps   4816896 sps   40,153 | ep_ret   -5.00 ep_len   52.5 (n=1819) | pg -0.011 vf 0.017 kl 0.0158 lr 5.8e-04
[anomaly] it 49: terminal-step reward dominates the episode: survival is being punished
[anomaly] it 49: joint limit violated by 0.34 rad
[anomaly] it 49: contact penetration 5.7 cm
terrain it   49 mean_level 0.0000
it   50 steps   4915200 sps   40,170 | ep_ret   -4.99 ep_len   53.3 (n=1857) | pg -0.012 vf 0.016 kl 0.0171 lr 5.8e-04
[anomaly] it 50: terminal-step reward dominates the episode: survival is being punished
[anomaly] it 50: joint limit violated by 0.33 rad
[anomaly] it 50: contact penetration 4.4 cm
terrain it   50 mean_level 0.0000
it   51 steps   5013504 sps   40,188 | ep_ret   -4.96 ep_len   53.4 (n=1819) | pg -0.011 vf 0.017 kl 0.0164 lr 5.8e-04
[anomaly] it 51: terminal-step reward dominates the episode: survival is being punished
[anomaly] it 51: joint limit violated by 0.30 rad
[anomaly] it 51: contact penetration 4.0 cm
terrain it   51 mean_level 0.0000
it   52 steps   5111808 sps   40,204 | ep_ret   -4.96 ep_len   53.8 (n=1835) | pg -0.011 vf 0.018 kl 0.0146 lr 5.8e-04
[anomaly] it 52: terminal-step reward dominates the episode: survival is being punished
[anomaly] it 52: joint limit violated by 0.45 rad
[anomaly] it 52: contact penetration 3.7 cm
terrain it   52 mean_level 0.0000
it   53 steps   5210112 sps   40,218 | ep_ret   -4.95 ep_len   53.7 (n=1815) | pg -0.012 vf 0.017 kl 0.0173 lr 5.8e-04
[anomaly] it 53: terminal-step reward dominates the episode: survival is being punished
[anomaly] it 53: joint limit violated by 0.39 rad
[anomaly] it 53: contact penetration 4.4 cm
terrain it   53 mean_level 0.0000
it   54 steps   5308416 sps   40,234 | ep_ret   -4.93 ep_len   54.1 (n=1794) | pg -0.011 vf 0.016 kl 0.0155 lr 5.8e-04
[anomaly] it 54: terminal-step reward dominates the episode: survival is being punished
[anomaly] it 54: joint limit violated by 0.38 rad
[anomaly] it 54: contact penetration 4.2 cm
terrain it   54 mean_level 0.0000
it   55 steps   5406720 sps   40,248 | ep_ret   -4.92 ep_len   54.4 (n=1792) | pg -0.012 vf 0.016 kl 0.0163 lr 3.8e-04
[anomaly] it 55: terminal-step reward dominates the episode: survival is being punished
[anomaly] it 55: joint limit violated by 0.27 rad
[anomaly] it 55: contact penetration 4.0 cm
terrain it   55 mean_level 0.0000
it   56 steps   5505024 sps   40,259 | ep_ret   -4.91 ep_len   54.5 (n=1770) | pg -0.012 vf 0.016 kl 0.0154 lr 5.8e-04
[anomaly] it 56: terminal-step reward dominates the episode: survival is being punished
[anomaly] it 56: joint limit violated by 0.30 rad
[anomaly] it 56: contact penetration 3.9 cm
terrain it   56 mean_level 0.0000
it   57 steps   5603328 sps   40,270 | ep_ret   -4.91 ep_len   55.6 (n=1780) | pg -0.013 vf 0.015 kl 0.0166 lr 3.8e-04
[anomaly] it 57: terminal-step reward dominates the episode: survival is being punished
[anomaly] it 57: joint limit violated by 0.37 rad
[anomaly] it 57: contact penetration 3.8 cm
terrain it   57 mean_level 0.0000
it   58 steps   5701632 sps   40,282 | ep_ret   -4.89 ep_len   55.8 (n=1719) | pg -0.011 vf 0.015 kl 0.0163 lr 3.8e-04
[anomaly] it 58: terminal-step reward dominates the episode: survival is being punished
[anomaly] it 58: joint limit violated by 0.42 rad
[anomaly] it 58: contact penetration 3.9 cm
terrain it   58 mean_level 0.0000
it   59 steps   5799936 sps   40,292 | ep_ret   -4.89 ep_len   56.5 (n=1737) | pg -0.010 vf 0.015 kl 0.0158 lr 5.8e-04
[anomaly] it 59: terminal-step reward dominates the episode: survival is being punished
[anomaly] it 59: joint limit violated by 0.41 rad
[anomaly] it 59: contact penetration 3.9 cm
terrain it   59 mean_level 0.0000
it   60 steps   5898240 sps   40,301 | ep_ret   -4.87 ep_len   56.3 (n=1747) | pg -0.011 vf 0.014 kl 0.0169 lr 5.8e-04
[anomaly] it 60: terminal-step reward dominates the episode: survival is being punished
[anomaly] it 60: joint limit violated by 0.37 rad
[anomaly] it 60: contact penetration 3.9 cm
terrain it   60 mean_level 0.0000
it   61 steps   5996544 sps   40,306 | ep_ret   -4.86 ep_len   56.7 (n=1696) | pg -0.012 vf 0.014 kl 0.0177 lr 5.8e-04
[anomaly] it 61: terminal-step reward dominates the episode: survival is being punished
[anomaly] it 61: joint limit violated by 0.35 rad
[anomaly] it 61: contact penetration 3.8 cm
terrain it   61 mean_level 0.0000
it   62 steps   6094848 sps   40,315 | ep_ret   -4.84 ep_len   57.0 (n=1696) | pg -0.012 vf 0.015 kl 0.0153 lr 5.8e-04
[anomaly] it 62: terminal-step reward dominates the episode: survival is being punished
[anomaly] it 62: joint limit violated by 0.32 rad
[anomaly] it 62: contact penetration 4.5 cm
terrain it   62 mean_level 0.0000
it   63 steps   6193152 sps   40,323 | ep_ret   -4.85 ep_len   57.5 (n=1681) | pg -0.012 vf 0.014 kl 0.0168 lr 5.8e-04
[anomaly] it 63: terminal-step reward dominates the episode: survival is being punished
[anomaly] it 63: joint limit violated by 0.38 rad
[anomaly] it 63: contact penetration 4.1 cm
terrain it   63 mean_level 0.0000
it   64 steps   6291456 sps   40,333 | ep_ret   -4.84 ep_len   58.5 (n=1650) | pg -0.011 vf 0.014 kl 0.0158 lr 5.8e-04
[anomaly] it 64: terminal-step reward dominates the episode: survival is being punished
[anomaly] it 64: joint limit violated by 0.39 rad
[anomaly] it 64: contact penetration 3.5 cm
terrain it   64 mean_level 0.0000
it   65 steps   6389760 sps   40,342 | ep_ret   -4.82 ep_len   58.8 (n=1722) | pg -0.012 vf 0.013 kl 0.0144 lr 3.8e-04
[anomaly] it 65: terminal-step reward dominates the episode: survival is being punished
[anomaly] it 65: joint limit violated by 0.30 rad
[anomaly] it 65: contact penetration 5.0 cm
terrain it   65 mean_level 0.0000
it   66 steps   6488064 sps   40,349 | ep_ret   -4.83 ep_len   58.6 (n=1598) | pg -0.012 vf 0.013 kl 0.0159 lr 3.8e-04
[anomaly] it 66: terminal-step reward dominates the episode: survival is being punished
[anomaly] it 66: joint limit violated by 0.32 rad
[anomaly] it 66: contact penetration 3.9 cm
terrain it   66 mean_level 0.0000
it   67 steps   6586368 sps   40,355 | ep_ret   -4.81 ep_len   59.1 (n=1690) | pg -0.012 vf 0.013 kl 0.0155 lr 3.8e-04
[anomaly] it 67: terminal-step reward dominates the episode: survival is being punished
[anomaly] it 67: joint limit violated by 0.32 rad
[anomaly] it 67: contact penetration 4.2 cm
terrain it   67 mean_level 0.0000
it   68 steps   6684672 sps   40,361 | ep_ret   -4.80 ep_len   59.8 (n=1621) | pg -0.012 vf 0.013 kl 0.0155 lr 5.8e-04
[anomaly] it 68: terminal-step reward dominates the episode: survival is being punished
[anomaly] it 68: joint limit violated by 0.34 rad
[anomaly] it 68: contact penetration 4.3 cm
terrain it   68 mean_level 0.0000
it   69 steps   6782976 sps   40,366 | ep_ret   -4.78 ep_len   59.7 (n=1655) | pg -0.013 vf 0.013 kl 0.0164 lr 5.8e-04
[anomaly] it 69: terminal-step reward dominates the episode: survival is being punished
[anomaly] it 69: joint limit violated by 0.28 rad
[anomaly] it 69: contact penetration 4.9 cm
terrain it   69 mean_level 0.0000
it   70 steps   6881280 sps   40,371 | ep_ret   -4.77 ep_len   60.0 (n=1609) | pg -0.012 vf 0.013 kl 0.0169 lr 3.8e-04
[anomaly] it 70: terminal-step reward dominates the episode: survival is being punished
[anomaly] it 70: joint limit violated by 0.32 rad
[anomaly] it 70: contact penetration 5.1 cm
terrain it   70 mean_level 0.0000
it   71 steps   6979584 sps   40,377 | ep_ret   -4.75 ep_len   59.3 (n=1656) | pg -0.011 vf 0.013 kl 0.0156 lr 5.8e-04
[anomaly] it 71: terminal-step reward dominates the episode: survival is being punished
[anomaly] it 71: joint limit violated by 0.37 rad
[anomaly] it 71: contact penetration 4.8 cm
terrain it   71 mean_level 0.0000
it   72 steps   7077888 sps   40,381 | ep_ret   -4.76 ep_len   61.0 (n=1580) | pg -0.013 vf 0.013 kl 0.0179 lr 5.8e-04
[anomaly] it 72: terminal-step reward dominates the episode: survival is being punished
[anomaly] it 72: joint limit violated by 0.36 rad
[anomaly] it 72: contact penetration 4.0 cm
terrain it   72 mean_level 0.0000
it   73 steps   7176192 sps   40,386 | ep_ret   -4.75 ep_len   61.1 (n=1641) | pg -0.012 vf 0.013 kl 0.0182 lr 5.8e-04
[anomaly] it 73: terminal-step reward dominates the episode: survival is being punished
[anomaly] it 73: joint limit violated by 0.38 rad
[anomaly] it 73: contact penetration 3.7 cm
terrain it   73 mean_level 0.0000
it   74 steps   7274496 sps   40,390 | ep_ret   -4.74 ep_len   61.0 (n=1539) | pg -0.012 vf 0.013 kl 0.0173 lr 5.8e-04
[anomaly] it 74: terminal-step reward dominates the episode: survival is being punished
[anomaly] it 74: joint limit violated by 0.29 rad
[anomaly] it 74: contact penetration 3.9 cm
terrain it   74 mean_level 0.0000
it   75 steps   7372800 sps   40,393 | ep_ret   -4.73 ep_len   61.2 (n=1558) | pg -0.012 vf 0.014 kl 0.0167 lr 5.8e-04
[anomaly] it 75: terminal-step reward dominates the episode: survival is being punished
[anomaly] it 75: joint limit violated by 0.30 rad
[anomaly] it 75: contact penetration 3.7 cm
terrain it   75 mean_level 0.0000
it   76 steps   7471104 sps   40,397 | ep_ret   -4.74 ep_len   62.6 (n=1609) | pg -0.012 vf 0.013 kl 0.0163 lr 3.8e-04
[anomaly] it 76: terminal-step reward dominates the episode: survival is being punished
[anomaly] it 76: joint limit violated by 0.35 rad
[anomaly] it 76: contact penetration 4.7 cm
terrain it   76 mean_level 0.0000
it   77 steps   7569408 sps   40,398 | ep_ret   -4.71 ep_len   62.3 (n=1523) | pg -0.012 vf 0.014 kl 0.0153 lr 3.8e-04
[anomaly] it 77: terminal-step reward dominates the episode: survival is being punished
[anomaly] it 77: joint limit violated by 0.30 rad
[anomaly] it 77: contact penetration 3.8 cm
terrain it   77 mean_level 0.0000
it   78 steps   7667712 sps   40,399 | ep_ret   -4.71 ep_len   62.3 (n=1568) | pg -0.012 vf 0.014 kl 0.0166 lr 5.8e-04
[anomaly] it 78: terminal-step reward dominates the episode: survival is being punished
[anomaly] it 78: joint limit violated by 0.33 rad
[anomaly] it 78: contact penetration 4.1 cm
terrain it   78 mean_level 0.0000
it   79 steps   7766016 sps   40,400 | ep_ret   -4.70 ep_len   63.6 (n=1531) | pg -0.013 vf 0.015 kl 0.0171 lr 5.8e-04
[anomaly] it 79: terminal-step reward dominates the episode: survival is being punished
[anomaly] it 79: joint limit violated by 0.35 rad
[anomaly] it 79: contact penetration 4.3 cm
terrain it   79 mean_level 0.0000
it   80 steps   7864320 sps   40,401 | ep_ret   -4.72 ep_len   64.0 (n=1506) | pg -0.012 vf 0.014 kl 0.0170 lr 5.8e-04
[anomaly] it 80: terminal-step reward dominates the episode: survival is being punished
[anomaly] it 80: joint limit violated by 0.37 rad
[anomaly] it 80: contact penetration 3.9 cm
terrain it   80 mean_level 0.0000
it   81 steps   7962624 sps   40,401 | ep_ret   -4.71 ep_len   64.4 (n=1536) | pg -0.012 vf 0.015 kl 0.0173 lr 3.8e-04
[anomaly] it 81: terminal-step reward dominates the episode: survival is being punished
[anomaly] it 81: joint limit violated by 0.33 rad
[anomaly] it 81: contact penetration 3.9 cm
terrain it   81 mean_level 0.0000
it   82 steps   8060928 sps   40,401 | ep_ret   -4.70 ep_len   64.2 (n=1491) | pg -0.012 vf 0.015 kl 0.0167 lr 5.8e-04
[anomaly] it 82: terminal-step reward dominates the episode: survival is being punished
[anomaly] it 82: joint limit violated by 0.35 rad
[anomaly] it 82: contact penetration 4.4 cm
terrain it   82 mean_level 0.0000
it   83 steps   8159232 sps   40,403 | ep_ret   -4.70 ep_len   65.5 (n=1515) | pg -0.013 vf 0.015 kl 0.0156 lr 3.8e-04
[anomaly] it 83: terminal-step reward dominates the episode: survival is being punished
[anomaly] it 83: joint limit violated by 0.33 rad
[anomaly] it 83: contact penetration 3.5 cm
terrain it   83 mean_level 0.0000
it   84 steps   8257536 sps   40,403 | ep_ret   -4.68 ep_len   65.3 (n=1471) | pg -0.012 vf 0.015 kl 0.0163 lr 5.8e-04
[anomaly] it 84: terminal-step reward dominates the episode: survival is being punished
[anomaly] it 84: joint limit violated by 0.31 rad
[anomaly] it 84: contact penetration 3.9 cm
terrain it   84 mean_level 0.0000
it   85 steps   8355840 sps   40,403 | ep_ret   -4.69 ep_len   66.1 (n=1448) | pg -0.012 vf 0.015 kl 0.0157 lr 3.8e-04
[anomaly] it 85: terminal-step reward dominates the episode: survival is being punished
[anomaly] it 85: joint limit violated by 0.36 rad
[anomaly] it 85: contact penetration 4.6 cm
terrain it   85 mean_level 0.0000
it   86 steps   8454144 sps   40,402 | ep_ret   -4.68 ep_len   66.8 (n=1439) | pg -0.012 vf 0.016 kl 0.0170 lr 3.8e-04
[anomaly] it 86: terminal-step reward dominates the episode: survival is being punished
[anomaly] it 86: joint limit violated by 0.32 rad
[anomaly] it 86: contact penetration 4.2 cm
terrain it   86 mean_level 0.0000
it   87 steps   8552448 sps   40,401 | ep_ret   -4.67 ep_len   66.8 (n=1418) | pg -0.011 vf 0.016 kl 0.0160 lr 2.6e-04
[anomaly] it 87: terminal-step reward dominates the episode: survival is being punished
[anomaly] it 87: joint limit violated by 0.32 rad
[anomaly] it 87: contact penetration 3.7 cm
terrain it   87 mean_level 0.0000
it   88 steps   8650752 sps   40,401 | ep_ret   -4.68 ep_len   68.0 (n=1472) | pg -0.012 vf 0.015 kl 0.0156 lr 5.8e-04
[anomaly] it 88: terminal-step reward dominates the episode: survival is being punished
[anomaly] it 88: joint limit violated by 0.34 rad
[anomaly] it 88: contact penetration 3.5 cm
terrain it   88 mean_level 0.0000
it   89 steps   8749056 sps   40,401 | ep_ret   -4.68 ep_len   68.7 (n=1414) | pg -0.012 vf 0.016 kl 0.0174 lr 3.8e-04
[anomaly] it 89: terminal-step reward dominates the episode: survival is being punished
[anomaly] it 89: joint limit violated by 0.33 rad
[anomaly] it 89: contact penetration 3.9 cm
terrain it   89 mean_level 0.0000
it   90 steps   8847360 sps   40,400 | ep_ret   -4.68 ep_len   68.7 (n=1431) | pg -0.012 vf 0.016 kl 0.0159 lr 3.8e-04
[anomaly] it 90: terminal-step reward dominates the episode: survival is being punished
[anomaly] it 90: joint limit violated by 0.33 rad
[anomaly] it 90: contact penetration 4.5 cm
terrain it   90 mean_level 0.0000
it   91 steps   8945664 sps   40,400 | ep_ret   -4.69 ep_len   68.7 (n=1329) | pg -0.012 vf 0.016 kl 0.0166 lr 5.8e-04
[anomaly] it 91: terminal-step reward dominates the episode: survival is being punished
[anomaly] it 91: joint limit violated by 0.33 rad
[anomaly] it 91: contact penetration 3.6 cm
terrain it   91 mean_level 0.0000
it   92 steps   9043968 sps   40,400 | ep_ret   -4.67 ep_len   69.7 (n=1405) | pg -0.012 vf 0.017 kl 0.0181 lr 5.8e-04
[anomaly] it 92: terminal-step reward dominates the episode: survival is being punished
[anomaly] it 92: joint limit violated by 0.30 rad
[anomaly] it 92: contact penetration 4.4 cm
terrain it   92 mean_level 0.0000
it   93 steps   9142272 sps   40,399 | ep_ret   -4.69 ep_len   70.9 (n=1407) | pg -0.012 vf 0.017 kl 0.0162 lr 3.8e-04
[anomaly] it 93: terminal-step reward dominates the episode: survival is being punished
[anomaly] it 93: joint limit violated by 0.34 rad
[anomaly] it 93: contact penetration 3.4 cm
terrain it   93 mean_level 0.0000
it   94 steps   9240576 sps   40,397 | ep_ret   -4.69 ep_len   71.4 (n=1338) | pg -0.013 vf 0.017 kl 0.0163 lr 2.6e-04
[anomaly] it 94: terminal-step reward dominates the episode: survival is being punished
[anomaly] it 94: joint limit violated by 0.34 rad
[anomaly] it 94: contact penetration 4.2 cm
terrain it   94 mean_level 0.0000
it   95 steps   9338880 sps   40,395 | ep_ret   -4.68 ep_len   70.9 (n=1367) | pg -0.012 vf 0.017 kl 0.0163 lr 3.8e-04
[anomaly] it 95: terminal-step reward dominates the episode: survival is being punished
[anomaly] it 95: joint limit violated by 0.37 rad
[anomaly] it 95: contact penetration 4.0 cm
terrain it   95 mean_level 0.0000
it   96 steps   9437184 sps   40,391 | ep_ret   -4.68 ep_len   71.5 (n=1380) | pg -0.012 vf 0.017 kl 0.0164 lr 3.8e-04
[anomaly] it 96: terminal-step reward dominates the episode: survival is being punished
[anomaly] it 96: joint limit violated by 0.31 rad
[anomaly] it 96: contact penetration 4.0 cm
terrain it   96 mean_level 0.0000
it   97 steps   9535488 sps   40,388 | ep_ret   -4.68 ep_len   72.1 (n=1275) | pg -0.012 vf 0.018 kl 0.0166 lr 3.8e-04
[anomaly] it 97: terminal-step reward dominates the episode: survival is being punished
[anomaly] it 97: joint limit violated by 0.29 rad
[anomaly] it 97: contact penetration 3.9 cm
terrain it   97 mean_level 0.0000
it   98 steps   9633792 sps   40,385 | ep_ret   -4.68 ep_len   72.9 (n=1318) | pg -0.013 vf 0.018 kl 0.0171 lr 3.8e-04
[anomaly] it 98: terminal-step reward dominates the episode: survival is being punished
[anomaly] it 98: joint limit violated by 0.34 rad
[anomaly] it 98: contact penetration 5.4 cm
terrain it   98 mean_level 0.0000
it   99 steps   9732096 sps   40,384 | ep_ret   -4.69 ep_len   74.3 (n=1333) | pg -0.011 vf 0.018 kl 0.0150 lr 3.8e-04
[anomaly] it 99: terminal-step reward dominates the episode: survival is being punished
[anomaly] it 99: joint limit violated by 0.32 rad
[anomaly] it 99: contact penetration 4.0 cm
terrain it   99 mean_level 0.0000
it  100 steps   9830400 sps   40,380 | ep_ret   -4.72 ep_len   75.8 (n=1246) | pg -0.012 vf 0.019 kl 0.0163 lr 3.8e-04
[anomaly] it 100: terminal-step reward dominates the episode: survival is being punished
[anomaly] it 100: joint limit violated by 0.33 rad
[anomaly] it 100: contact penetration 3.7 cm
terrain it  100 mean_level 0.0000
it  101 steps   9928704 sps   40,376 | ep_ret   -4.70 ep_len   76.5 (n=1275) | pg -0.013 vf 0.019 kl 0.0170 lr 3.8e-04
[anomaly] it 101: terminal-step reward dominates the episode: survival is being punished
[anomaly] it 101: joint limit violated by 0.35 rad
[anomaly] it 101: contact penetration 4.7 cm
terrain it  101 mean_level 0.0000
it  102 steps  10027008 sps   40,373 | ep_ret   -4.72 ep_len   77.6 (n=1251) | pg -0.011 vf 0.020 kl 0.0152 lr 3.8e-04
[anomaly] it 102: terminal-step reward dominates the episode: survival is being punished
[anomaly] it 102: joint limit violated by 0.37 rad
[anomaly] it 102: contact penetration 3.6 cm
terrain it  102 mean_level 0.0000
it  103 steps  10125312 sps   40,369 | ep_ret   -4.72 ep_len   78.3 (n=1256) | pg -0.013 vf 0.021 kl 0.0160 lr 3.8e-04
[anomaly] it 103: terminal-step reward dominates the episode: survival is being punished
[anomaly] it 103: joint limit violated by 0.37 rad
[anomaly] it 103: contact penetration 4.7 cm
terrain it  103 mean_level 0.0000
it  104 steps  10223616 sps   40,366 | ep_ret   -4.70 ep_len   77.3 (n=1197) | pg -0.013 vf 0.021 kl 0.0162 lr 3.8e-04
[anomaly] it 104: terminal-step reward dominates the episode: survival is being punished
[anomaly] it 104: joint limit violated by 0.32 rad
[anomaly] it 104: contact penetration 5.5 cm
terrain it  104 mean_level 0.0000
it  105 steps  10321920 sps   40,365 | ep_ret   -4.73 ep_len   79.9 (n=1210) | pg -0.013 vf 0.021 kl 0.0168 lr 3.8e-04
[anomaly] it 105: terminal-step reward dominates the episode: survival is being punished
[anomaly] it 105: joint limit violated by 0.33 rad
[anomaly] it 105: contact penetration 3.4 cm
terrain it  105 mean_level 0.0000
it  106 steps  10420224 sps   40,361 | ep_ret   -4.75 ep_len   81.2 (n=1151) | pg -0.011 vf 0.023 kl 0.0182 lr 3.8e-04
[anomaly] it 106: terminal-step reward dominates the episode: survival is being punished
[anomaly] it 106: joint limit violated by 0.41 rad
[anomaly] it 106: contact penetration 3.4 cm
terrain it  106 mean_level 0.0000
it  107 steps  10518528 sps   40,357 | ep_ret   -4.75 ep_len   81.0 (n=1102) | pg -0.012 vf 0.023 kl 0.0154 lr 3.8e-04
[anomaly] it 107: terminal-step reward dominates the episode: survival is being punished
[anomaly] it 107: joint limit violated by 0.35 rad
[anomaly] it 107: contact penetration 3.4 cm
terrain it  107 mean_level 0.0000
it  108 steps  10616832 sps   40,354 | ep_ret   -4.76 ep_len   83.5 (n=1147) | pg -0.012 vf 0.024 kl 0.0165 lr 3.8e-04
[anomaly] it 108: terminal-step reward dominates the episode: survival is being punished
[anomaly] it 108: joint limit violated by 0.36 rad
[anomaly] it 108: contact penetration 3.7 cm
terrain it  108 mean_level 0.0000
it  109 steps  10715136 sps   40,350 | ep_ret   -4.78 ep_len   85.1 (n=1073) | pg -0.013 vf 0.025 kl 0.0163 lr 3.8e-04
[anomaly] it 109: terminal-step reward dominates the episode: survival is being punished
[anomaly] it 109: joint limit violated by 0.32 rad
[anomaly] it 109: contact penetration 4.2 cm
terrain it  109 mean_level 0.0000
it  110 steps  10813440 sps   40,344 | ep_ret   -4.81 ep_len   87.6 (n=1035) | pg -0.012 vf 0.026 kl 0.0162 lr 2.6e-04
[anomaly] it 110: terminal-step reward dominates the episode: survival is being punished
[anomaly] it 110: joint limit violated by 0.34 rad
[anomaly] it 110: contact penetration 3.7 cm
terrain it  110 mean_level 0.0000
it  111 steps  10911744 sps   40,339 | ep_ret   -4.82 ep_len   89.4 (n=1004) | pg -0.013 vf 0.028 kl 0.0142 lr 2.6e-04
[anomaly] it 111: terminal-step reward dominates the episode: survival is being punished
[anomaly] it 111: joint limit violated by 0.34 rad
[anomaly] it 111: contact penetration 4.2 cm
terrain it  111 mean_level 0.0000
it  112 steps  11010048 sps   40,335 | ep_ret   -4.86 ep_len   91.4 (n=1015) | pg -0.013 vf 0.028 kl 0.0175 lr 1.7e-04
[anomaly] it 112: terminal-step reward dominates the episode: survival is being punished
[anomaly] it 112: joint limit violated by 0.38 rad
[anomaly] it 112: contact penetration 4.0 cm
terrain it  112 mean_level 0.0000
it  113 steps  11108352 sps   40,329 | ep_ret   -4.91 ep_len   94.7 (n=947) | pg -0.012 vf 0.030 kl 0.0139 lr 3.8e-04
[anomaly] it 113: terminal-step reward dominates the episode: survival is being punished
[anomaly] it 113: joint limit violated by 0.35 rad
[anomaly] it 113: contact penetration 3.9 cm
terrain it  113 mean_level 0.0000
it  114 steps  11206656 sps   40,326 | ep_ret   -4.91 ep_len   96.3 (n=895) | pg -0.012 vf 0.031 kl 0.0159 lr 2.6e-04
[anomaly] it 114: terminal-step reward dominates the episode: survival is being punished
[anomaly] it 114: joint limit violated by 0.39 rad
[anomaly] it 114: contact penetration 3.8 cm
terrain it  114 mean_level 0.0000
it  115 steps  11304960 sps   40,320 | ep_ret   -4.95 ep_len   99.6 (n=909) | pg -0.013 vf 0.031 kl 0.0174 lr 3.8e-04
[anomaly] it 115: terminal-step reward dominates the episode: survival is being punished
[anomaly] it 115: joint limit violated by 0.33 rad
[anomaly] it 115: contact penetration 4.6 cm
terrain it  115 mean_level 0.0000
it  116 steps  11403264 sps   40,315 | ep_ret   -5.04 ep_len  104.0 (n=940) | pg -0.013 vf 0.031 kl 0.0174 lr 2.6e-04
[anomaly] it 116: terminal-step reward dominates the episode: survival is being punished
[anomaly] it 116: joint limit violated by 0.42 rad
[anomaly] it 116: contact penetration 3.7 cm
terrain it  116 mean_level 0.0000
it  117 steps  11501568 sps   40,310 | ep_ret   -5.01 ep_len  103.0 (n=820) | pg -0.013 vf 0.033 kl 0.0169 lr 3.8e-04
[anomaly] it 117: terminal-step reward dominates the episode: survival is being punished
[anomaly] it 117: joint limit violated by 0.35 rad
[anomaly] it 117: contact penetration 4.1 cm
terrain it  117 mean_level 0.0000
it  118 steps  11599872 sps   40,305 | ep_ret   -5.07 ep_len  105.9 (n=753) | pg -0.012 vf 0.032 kl 0.0174 lr 2.6e-04
[anomaly] it 118: terminal-step reward dominates the episode: survival is being punished
[anomaly] it 118: joint limit violated by 0.33 rad
[anomaly] it 118: contact penetration 5.2 cm
terrain it  118 mean_level 0.0000
it  119 steps  11698176 sps   40,300 | ep_ret   -5.12 ep_len  112.6 (n=791) | pg -0.013 vf 0.033 kl 0.0151 lr 3.8e-04
[anomaly] it 119: terminal-step reward dominates the episode: survival is being punished
[anomaly] it 119: joint limit violated by 0.37 rad
[anomaly] it 119: contact penetration 4.9 cm
terrain it  119 mean_level 0.0002
it  120 steps  11796480 sps   40,250 | ep_ret   -5.14 ep_len  114.0 (n=737) | pg -0.012 vf 0.032 kl 0.0155 lr 2.6e-04
[anomaly] it 120: terminal-step reward dominates the episode: survival is being punished
[anomaly] it 120: joint limit violated by 0.38 rad
[anomaly] it 120: contact penetration 3.9 cm
terrain it  120 mean_level 0.0005
it  121 steps  11894784 sps   40,229 | ep_ret   -5.21 ep_len  120.5 (n=731) | pg -0.012 vf 0.034 kl 0.0173 lr 3.8e-04
[anomaly] it 121: terminal-step reward dominates the episode: survival is being punished
[anomaly] it 121: joint limit violated by 0.46 rad
[anomaly] it 121: contact penetration 4.4 cm
terrain it  121 mean_level 0.0005
it  122 steps  11993088 sps   40,223 | ep_ret   -5.25 ep_len  123.3 (n=697) | pg -0.011 vf 0.034 kl 0.0170 lr 3.8e-04
[anomaly] it 122: terminal-step reward dominates the episode: survival is being punished
[anomaly] it 122: joint limit violated by 0.49 rad
[anomaly] it 122: contact penetration 4.9 cm
terrain it  122 mean_level 0.0005
it  123 steps  12091392 sps   40,216 | ep_ret   -5.29 ep_len  125.6 (n=633) | pg -0.011 vf 0.034 kl 0.0168 lr 3.8e-04
[anomaly] it 123: terminal-step reward dominates the episode: survival is being punished
[anomaly] it 123: joint limit violated by 0.35 rad
[anomaly] it 123: contact penetration 4.3 cm
terrain it  123 mean_level 0.0002
it  124 steps  12189696 sps   40,209 | ep_ret   -5.30 ep_len  128.2 (n=597) | pg -0.013 vf 0.032 kl 0.0166 lr 2.6e-04
[anomaly] it 124: terminal-step reward dominates the episode: survival is being punished
[anomaly] it 124: joint limit violated by 0.44 rad
[anomaly] it 124: contact penetration 5.7 cm
terrain it  124 mean_level 0.0002
it  125 steps  12288000 sps   40,203 | ep_ret   -5.39 ep_len  137.0 (n=572) | pg -0.013 vf 0.033 kl 0.0160 lr 3.8e-04
[anomaly] it 125: terminal-step reward dominates the episode: survival is being punished
[anomaly] it 125: joint limit violated by 0.37 rad
[anomaly] it 125: contact penetration 4.4 cm
terrain it  125 mean_level 0.0005
it  126 steps  12386304 sps   40,197 | ep_ret   -5.49 ep_len  143.2 (n=568) | pg -0.011 vf 0.036 kl 0.0175 lr 3.8e-04
[anomaly] it 126: terminal-step reward dominates the episode: survival is being punished
[anomaly] it 126: joint limit violated by 0.40 rad
[anomaly] it 126: contact penetration 4.8 cm
terrain it  126 mean_level 0.0005
it  127 steps  12484608 sps   40,184 | ep_ret   -5.49 ep_len  145.9 (n=481) | pg -0.013 vf 0.035 kl 0.0172 lr 2.6e-04
[anomaly] it 127: terminal-step reward dominates the episode: survival is being punished
[anomaly] it 127: joint limit violated by 0.40 rad
[anomaly] it 127: contact penetration 4.4 cm
terrain it  127 mean_level 0.0005
it  128 steps  12582912 sps   40,171 | ep_ret   -5.68 ep_len  155.4 (n=538) | pg -0.012 vf 0.033 kl 0.0175 lr 3.8e-04
[anomaly] it 128: terminal-step reward dominates the episode: survival is being punished
[anomaly] it 128: joint limit violated by 0.36 rad
[anomaly] it 128: contact penetration 4.4 cm
terrain it  128 mean_level 0.0005
it  129 steps  12681216 sps   40,165 | ep_ret   -5.74 ep_len  163.8 (n=458) | pg -0.011 vf 0.037 kl 0.0151 lr 3.8e-04
[anomaly] it 129: terminal-step reward dominates the episode: survival is being punished
[anomaly] it 129: joint limit violated by 0.34 rad
[anomaly] it 129: contact penetration 4.5 cm
terrain it  129 mean_level 0.0010
it  130 steps  12779520 sps   40,158 | ep_ret   -5.78 ep_len  163.5 (n=410) | pg -0.012 vf 0.034 kl 0.0172 lr 3.8e-04
[anomaly] it 130: terminal-step reward dominates the episode: survival is being punished
[anomaly] it 130: joint limit violated by 0.36 rad
[anomaly] it 130: contact penetration 4.6 cm
terrain it  130 mean_level 0.0007
it  131 steps  12877824 sps   40,151 | ep_ret   -5.84 ep_len  166.1 (n=398) | pg -0.012 vf 0.035 kl 0.0157 lr 2.6e-04
[anomaly] it 131: terminal-step reward dominates the episode: survival is being punished
[anomaly] it 131: joint limit violated by 0.39 rad
[anomaly] it 131: contact penetration 3.9 cm
terrain it  131 mean_level 0.0010
it  132 steps  12976128 sps   40,145 | ep_ret   -6.01 ep_len  180.9 (n=386) | pg -0.013 vf 0.034 kl 0.0168 lr 2.6e-04
[anomaly] it 132: terminal-step reward dominates the episode: survival is being punished
[anomaly] it 132: returns fall as episodes lengthen (corr -0.65): the reward punishes survival
[anomaly] it 132: joint limit violated by 0.39 rad
[anomaly] it 132: contact penetration 4.7 cm
terrain it  132 mean_level 0.0010
it  133 steps  13074432 sps   40,138 | ep_ret   -6.06 ep_len  183.5 (n=359) | pg -0.012 vf 0.033 kl 0.0169 lr 1.7e-04
[anomaly] it 133: terminal-step reward dominates the episode: survival is being punished
[anomaly] it 133: returns fall as episodes lengthen (corr -0.71): the reward punishes survival
[anomaly] it 133: joint limit violated by 0.38 rad
[anomaly] it 133: contact penetration 4.5 cm
terrain it  133 mean_level 0.0010
it  134 steps  13172736 sps   40,131 | ep_ret   -6.04 ep_len  180.7 (n=314) | pg -0.012 vf 0.034 kl 0.0163 lr 3.8e-04
[anomaly] it 134: terminal-step reward dominates the episode: survival is being punished
[anomaly] it 134: returns fall as episodes lengthen (corr -0.75): the reward punishes survival
[anomaly] it 134: joint limit violated by 0.42 rad
[anomaly] it 134: contact penetration 4.7 cm
terrain it  134 mean_level 0.0012
it  135 steps  13271040 sps   40,123 | ep_ret   -6.24 ep_len  204.7 (n=316) | pg -0.011 vf 0.036 kl 0.0159 lr 2.6e-04
[anomaly] it 135: terminal-step reward dominates the episode: survival is being punished
[anomaly] it 135: returns fall as episodes lengthen (corr -0.80): the reward punishes survival
[anomaly] it 135: joint limit violated by 0.44 rad
[anomaly] it 135: contact penetration 5.5 cm
terrain it  135 mean_level 0.0007
it  136 steps  13369344 sps   40,116 | ep_ret   -6.20 ep_len  201.6 (n=277) | pg -0.012 vf 0.037 kl 0.0158 lr 3.8e-04
[anomaly] it 136: terminal-step reward dominates the episode: survival is being punished
[anomaly] it 136: returns fall as episodes lengthen (corr -0.83): the reward punishes survival
[anomaly] it 136: joint limit violated by 0.34 rad
[anomaly] it 136: contact penetration 4.8 cm
terrain it  136 mean_level 0.0010
it  137 steps  13467648 sps   40,110 | ep_ret   -6.44 ep_len  213.2 (n=289) | pg -0.011 vf 0.036 kl 0.0162 lr 3.8e-04
[anomaly] it 137: terminal-step reward dominates the episode: survival is being punished
[anomaly] it 137: returns fall as episodes lengthen (corr -0.86): the reward punishes survival
[anomaly] it 137: joint limit violated by 0.40 rad
[anomaly] it 137: contact penetration 5.6 cm
terrain it  137 mean_level 0.0015
it  138 steps  13565952 sps   40,102 | ep_ret   -6.61 ep_len  220.9 (n=256) | pg -0.012 vf 0.032 kl 0.0158 lr 2.6e-04
[anomaly] it 138: terminal-step reward dominates the episode: survival is being punished
[anomaly] it 138: returns fall as episodes lengthen (corr -0.88): the reward punishes survival
[anomaly] it 138: joint limit violated by 0.37 rad
[anomaly] it 138: contact penetration 5.1 cm
terrain it  138 mean_level 0.0020
it  139 steps  13664256 sps   40,094 | ep_ret   -6.62 ep_len  236.0 (n=224) | pg -0.012 vf 0.030 kl 0.0145 lr 2.6e-04
[anomaly] it 139: terminal-step reward dominates the episode: survival is being punished
[anomaly] it 139: returns fall as episodes lengthen (corr -0.90): the reward punishes survival
[anomaly] it 139: joint limit violated by 0.35 rad
[anomaly] it 139: contact penetration 4.9 cm
terrain it  139 mean_level 0.0020
it  140 steps  13762560 sps   40,087 | ep_ret   -6.80 ep_len  237.8 (n=203) | pg -0.013 vf 0.031 kl 0.0147 lr 2.6e-04
[anomaly] it 140: terminal-step reward dominates the episode: survival is being punished
[anomaly] it 140: returns fall as episodes lengthen (corr -0.92): the reward punishes survival
[anomaly] it 140: joint limit violated by 0.44 rad
[anomaly] it 140: contact penetration 4.1 cm
terrain it  140 mean_level 0.0024
it  141 steps  13860864 sps   40,079 | ep_ret   -6.95 ep_len  254.1 (n=202) | pg -0.011 vf 0.031 kl 0.0162 lr 2.6e-04
[anomaly] it 141: terminal-step reward dominates the episode: survival is being punished
[anomaly] it 141: returns fall as episodes lengthen (corr -0.93): the reward punishes survival
[anomaly] it 141: joint limit violated by 0.40 rad
[anomaly] it 141: contact penetration 5.2 cm
terrain it  141 mean_level 0.0029
it  142 steps  13959168 sps   40,071 | ep_ret   -6.90 ep_len  242.6 (n=163) | pg -0.012 vf 0.031 kl 0.0159 lr 2.6e-04
[anomaly] it 142: terminal-step reward dominates the episode: survival is being punished
[anomaly] it 142: returns fall as episodes lengthen (corr -0.94): the reward punishes survival
[anomaly] it 142: joint limit violated by 0.37 rad
[anomaly] it 142: contact penetration 4.9 cm
[anomaly] it 142: contact force 16720 N > 50x robot weight
terrain it  142 mean_level 0.0037
it  143 steps  14057472 sps   40,063 | ep_ret   -7.08 ep_len  273.5 (n=170) | pg -0.012 vf 0.030 kl 0.0146 lr 2.6e-04
[anomaly] it 143: terminal-step reward dominates the episode: survival is being punished
[anomaly] it 143: returns fall as episodes lengthen (corr -0.95): the reward punishes survival
[anomaly] it 143: joint limit violated by 0.39 rad
[anomaly] it 143: contact penetration 6.5 cm
terrain it  143 mean_level 0.0037
it  144 steps  14155776 sps   40,056 | ep_ret   -7.33 ep_len  286.8 (n=152) | pg -0.012 vf 0.029 kl 0.0155 lr 2.6e-04
[anomaly] it 144: terminal-step reward dominates the episode: survival is being punished
[anomaly] it 144: returns fall as episodes lengthen (corr -0.96): the reward punishes survival
[anomaly] it 144: joint limit violated by 0.42 rad
[anomaly] it 144: contact penetration 4.7 cm
[anomaly] it 144: contact force 18007 N > 50x robot weight
terrain it  144 mean_level 0.0042
it  145 steps  14254080 sps   40,049 | ep_ret   -7.41 ep_len  297.4 (n=131) | pg -0.013 vf 0.029 kl 0.0174 lr 2.6e-04
[anomaly] it 145: explained variance -0.03 < 0 after warm-up: value function not predicting returns
[anomaly] it 145: terminal-step reward dominates the episode: survival is being punished
[anomaly] it 145: returns fall as episodes lengthen (corr -0.97): the reward punishes survival
[anomaly] it 145: joint limit violated by 0.40 rad
[anomaly] it 145: contact penetration 5.4 cm
[anomaly] it 145: contact force 22158 N > 50x robot weight
terrain it  145 mean_level 0.0044
it  146 steps  14352384 sps   40,042 | ep_ret   -7.46 ep_len  305.8 (n=118) | pg -0.012 vf 0.029 kl 0.0153 lr 3.8e-04
[anomaly] it 146: explained variance -0.04 < 0 after warm-up: value function not predicting returns
[anomaly] it 146: terminal-step reward dominates the episode: survival is being punished
[anomaly] it 146: returns fall as episodes lengthen (corr -0.97): the reward punishes survival
[anomaly] it 146: joint limit violated by 0.39 rad
[anomaly] it 146: contact penetration 4.8 cm
[anomaly] it 146: contact force 17651 N > 50x robot weight
terrain it  146 mean_level 0.0042
it  147 steps  14450688 sps   40,036 | ep_ret   -7.15 ep_len  277.4 (n=113) | pg -0.012 vf 0.030 kl 0.0162 lr 3.8e-04
[anomaly] it 147: explained variance -0.00 < 0 after warm-up: value function not predicting returns
[anomaly] it 147: terminal-step reward dominates the episode: survival is being punished
[anomaly] it 147: returns fall as episodes lengthen (corr -0.98): the reward punishes survival
[anomaly] it 147: joint limit violated by 0.38 rad
[anomaly] it 147: contact penetration 5.0 cm
[anomaly] it 147: contact force 18168 N > 50x robot weight
terrain it  147 mean_level 0.0042
it  148 steps  14548992 sps   40,029 | ep_ret   -7.76 ep_len  326.6 (n=96) | pg -0.013 vf 0.023 kl 0.0164 lr 2.6e-04
[anomaly] it 148: explained variance -0.08 < 0 after warm-up: value function not predicting returns
[anomaly] it 148: terminal-step reward dominates the episode: survival is being punished
[anomaly] it 148: returns fall as episodes lengthen (corr -0.98): the reward punishes survival
[anomaly] it 148: joint limit violated by 0.37 rad
[anomaly] it 148: contact penetration 4.5 cm
[anomaly] it 148: contact force 17955 N > 50x robot weight
terrain it  148 mean_level 0.0039
it  149 steps  14647296 sps   40,023 | ep_ret   -8.09 ep_len  339.7 (n=93) | pg -0.012 vf 0.023 kl 0.0150 lr 2.6e-04
[anomaly] it 149: terminal-step reward dominates the episode: survival is being punished
[anomaly] it 149: returns fall as episodes lengthen (corr -0.98): the reward punishes survival
[anomaly] it 149: joint limit violated by 0.38 rad
[anomaly] it 149: contact penetration 5.0 cm
[anomaly] it 149: contact force 17931 N > 50x robot weight
terrain it  149 mean_level 0.0042
it  150 steps  14745600 sps   40,015 | ep_ret   -8.40 ep_len  348.6 (n=60) | pg -0.011 vf 0.023 kl 0.0145 lr 2.6e-04
[anomaly] it 150: explained variance -0.34 < 0 after warm-up: value function not predicting returns
[anomaly] it 150: terminal-step reward dominates the episode: survival is being punished
[anomaly] it 150: returns fall as episodes lengthen (corr -0.98): the reward punishes survival
[anomaly] it 150: joint limit violated by 0.43 rad
[anomaly] it 150: contact penetration 4.8 cm
[anomaly] it 150: contact force 17618 N > 50x robot weight
terrain it  150 mean_level 0.0042
it  151 steps  14843904 sps   40,007 | ep_ret   -7.89 ep_len  347.0 (n=63) | pg -0.010 vf 0.023 kl 0.0129 lr 1.7e-04
[anomaly] it 151: explained variance -0.30 < 0 after warm-up: value function not predicting returns
[anomaly] it 151: terminal-step reward dominates the episode: survival is being punished
[anomaly] it 151: returns fall as episodes lengthen (corr -0.99): the reward punishes survival
[anomaly] it 151: joint limit violated by 0.40 rad
[anomaly] it 151: contact penetration 6.2 cm
[anomaly] it 151: contact force 17995 N > 50x robot weight
terrain it  151 mean_level 0.0042
it  152 steps  14942208 sps   40,000 | ep_ret   -8.79 ep_len  395.2 (n=56) | pg -0.013 vf 0.024 kl 0.0159 lr 2.6e-04
[anomaly] it 152: explained variance -0.64 < 0 after warm-up: value function not predicting returns
[anomaly] it 152: terminal-step reward dominates the episode: survival is being punished
[anomaly] it 152: returns fall as episodes lengthen (corr -0.99): the reward punishes survival
[anomaly] it 152: joint limit violated by 0.42 rad
[anomaly] it 152: contact penetration 5.8 cm
[anomaly] it 152: contact force 17422 N > 50x robot weight
terrain it  152 mean_level 0.0042
it  153 steps  15040512 sps   39,994 | ep_ret   -8.41 ep_len  390.8 (n=73) | pg -0.011 vf 0.023 kl 0.0153 lr 1.7e-04
[anomaly] it 153: explained variance -0.31 < 0 after warm-up: value function not predicting returns
[anomaly] it 153: terminal-step reward dominates the episode: survival is being punished
[anomaly] it 153: returns fall as episodes lengthen (corr -0.99): the reward punishes survival
[anomaly] it 153: joint limit violated by 0.39 rad
[anomaly] it 153: contact penetration 4.7 cm
[anomaly] it 153: contact force 16211 N > 50x robot weight
terrain it  153 mean_level 0.0044
it  154 steps  15138816 sps   39,988 | ep_ret   -8.51 ep_len  405.4 (n=76) | pg -0.011 vf 0.025 kl 0.0157 lr 2.6e-04
[anomaly] it 154: explained variance -0.24 < 0 after warm-up: value function not predicting returns
[anomaly] it 154: terminal-step reward dominates the episode: survival is being punished
[anomaly] it 154: returns fall as episodes lengthen (corr -0.99): the reward punishes survival
[anomaly] it 154: joint limit violated by 0.39 rad
[anomaly] it 154: contact penetration 7.5 cm
[anomaly] it 154: contact force 16032 N > 50x robot weight
terrain it  154 mean_level 0.0046
it  155 steps  15237120 sps   39,981 | ep_ret   -9.42 ep_len  468.8 (n=68) | pg -0.012 vf 0.024 kl 0.0152 lr 1.7e-04
[anomaly] it 155: explained variance -0.42 < 0 after warm-up: value function not predicting returns
[anomaly] it 155: terminal-step reward dominates the episode: survival is being punished
[anomaly] it 155: returns fall as episodes lengthen (corr -0.99): the reward punishes survival
[anomaly] it 155: joint limit violated by 0.48 rad
[anomaly] it 155: contact penetration 5.9 cm
[anomaly] it 155: contact force 17757 N > 50x robot weight
terrain it  155 mean_level 0.0046
it  156 steps  15335424 sps   39,974 | ep_ret   -9.43 ep_len  490.5 (n=78) | pg -0.013 vf 0.025 kl 0.0159 lr 2.6e-04
[anomaly] it 156: explained variance -0.20 < 0 after warm-up: value function not predicting returns
[anomaly] it 156: terminal-step reward dominates the episode: survival is being punished
[anomaly] it 156: returns fall as episodes lengthen (corr -0.99): the reward punishes survival
[anomaly] it 156: joint limit violated by 0.41 rad
[anomaly] it 156: contact penetration 4.4 cm
[anomaly] it 156: contact force 15999 N > 50x robot weight
terrain it  156 mean_level 0.0049
it  157 steps  15433728 sps   39,966 | ep_ret   -9.31 ep_len  496.6 (n=63) | pg -0.013 vf 0.026 kl 0.0170 lr 1.7e-04
[anomaly] it 157: explained variance -0.55 < 0 after warm-up: value function not predicting returns
[anomaly] it 157: terminal-step reward dominates the episode: survival is being punished
[anomaly] it 157: returns fall as episodes lengthen (corr -0.99): the reward punishes survival
[anomaly] it 157: joint limit violated by 0.37 rad
[anomaly] it 157: contact penetration 5.0 cm
[anomaly] it 157: contact force 17764 N > 50x robot weight
terrain it  157 mean_level 0.0049
it  158 steps  15532032 sps   39,957 | ep_ret   -9.51 ep_len  557.3 (n=88) | pg -0.012 vf 0.026 kl 0.0145 lr 1.7e-04
[anomaly] it 158: explained variance -0.21 < 0 after warm-up: value function not predicting returns
[anomaly] it 158: terminal-step reward dominates the episode: survival is being punished
[anomaly] it 158: returns fall as episodes lengthen (corr -0.99): the reward punishes survival
[anomaly] it 158: joint limit violated by 0.38 rad
[anomaly] it 158: contact penetration 7.7 cm
[anomaly] it 158: contact force 16536 N > 50x robot weight
terrain it  158 mean_level 0.0049
it  159 steps  15630336 sps   39,949 | ep_ret   -9.53 ep_len  663.6 (n=72) | pg -0.011 vf 0.024 kl 0.0146 lr 2.6e-04
[anomaly] it 159: explained variance -0.68 < 0 after warm-up: value function not predicting returns
[anomaly] it 159: terminal-step reward dominates the episode: survival is being punished
[anomaly] it 159: returns fall as episodes lengthen (corr -0.99): the reward punishes survival
[anomaly] it 159: joint limit violated by 0.42 rad
[anomaly] it 159: contact penetration 5.3 cm
[anomaly] it 159: contact force 17667 N > 50x robot weight
terrain it  159 mean_level 0.0054
it  160 steps  15728640 sps   39,943 | ep_ret   -9.53 ep_len  600.0 (n=68) | pg -0.013 vf 0.022 kl 0.0164 lr 2.6e-04
[anomaly] it 160: explained variance -0.87 < 0 after warm-up: value function not predicting returns
[anomaly] it 160: terminal-step reward dominates the episode: survival is being punished
[anomaly] it 160: returns fall as episodes lengthen (corr -0.99): the reward punishes survival
[anomaly] it 160: joint limit violated by 0.39 rad
[anomaly] it 160: contact penetration 5.7 cm
[anomaly] it 160: contact force 17710 N > 50x robot weight
terrain it  160 mean_level 0.0061
it  161 steps  15826944 sps   39,936 | ep_ret  -10.00 ep_len  691.7 (n=87) | pg -0.012 vf 0.022 kl 0.0155 lr 2.6e-04
[anomaly] it 161: explained variance -0.70 < 0 after warm-up: value function not predicting returns
[anomaly] it 161: terminal-step reward dominates the episode: survival is being punished
[anomaly] it 161: returns fall as episodes lengthen (corr -0.98): the reward punishes survival
[anomaly] it 161: joint limit violated by 0.39 rad
[anomaly] it 161: contact penetration 5.9 cm
terrain it  161 mean_level 0.0068
it  162 steps  15925248 sps   39,930 | ep_ret  -10.75 ep_len  752.6 (n=98) | pg -0.012 vf 0.023 kl 0.0146 lr 2.6e-04
[anomaly] it 162: explained variance -0.74 < 0 after warm-up: value function not predicting returns
[anomaly] it 162: terminal-step reward dominates the episode: survival is being punished
[anomaly] it 162: returns fall as episodes lengthen (corr -0.98): the reward punishes survival
[anomaly] it 162: joint limit violated by 0.40 rad
[anomaly] it 162: contact penetration 5.6 cm
[anomaly] it 162: contact force 16164 N > 50x robot weight
terrain it  162 mean_level 0.0076
it  163 steps  16023552 sps   39,923 | ep_ret   -9.95 ep_len  743.5 (n=110) | pg -0.012 vf 0.023 kl 0.0162 lr 2.6e-04
[anomaly] it 163: explained variance -0.38 < 0 after warm-up: value function not predicting returns
[anomaly] it 163: terminal-step reward dominates the episode: survival is being punished
[anomaly] it 163: returns fall as episodes lengthen (corr -0.98): the reward punishes survival
[anomaly] it 163: joint limit violated by 0.40 rad
[anomaly] it 163: contact penetration 5.9 cm
[anomaly] it 163: contact force 17761 N > 50x robot weight
terrain it  163 mean_level 0.0073
it  164 steps  16121856 sps   39,916 | ep_ret  -10.16 ep_len  788.0 (n=130) | pg -0.012 vf 0.022 kl 0.0147 lr 2.6e-04
[anomaly] it 164: explained variance -0.16 < 0 after warm-up: value function not predicting returns
[anomaly] it 164: terminal-step reward dominates the episode: survival is being punished
[anomaly] it 164: returns fall as episodes lengthen (corr -0.98): the reward punishes survival
[anomaly] it 164: joint limit violated by 0.47 rad
[anomaly] it 164: contact penetration 6.1 cm
[anomaly] it 164: contact force 17764 N > 50x robot weight
terrain it  164 mean_level 0.0081
it  165 steps  16220160 sps   39,910 | ep_ret  -10.03 ep_len  815.8 (n=114) | pg -0.012 vf 0.022 kl 0.0154 lr 2.6e-04
[anomaly] it 165: explained variance -0.53 < 0 after warm-up: value function not predicting returns
[anomaly] it 165: terminal-step reward dominates the episode: survival is being punished
[anomaly] it 165: returns fall as episodes lengthen (corr -0.97): the reward punishes survival
[anomaly] it 165: joint limit violated by 0.40 rad
[anomaly] it 165: contact penetration 4.8 cm
[anomaly] it 165: contact force 17761 N > 50x robot weight
terrain it  165 mean_level 0.0085
it  166 steps  16318464 sps   39,904 | ep_ret   -9.87 ep_len  843.6 (n=122) | pg -0.012 vf 0.023 kl 0.0171 lr 2.6e-04
[anomaly] it 166: explained variance -0.94 < 0 after warm-up: value function not predicting returns
[anomaly] it 166: terminal-step reward dominates the episode: survival is being punished
[anomaly] it 166: returns fall as episodes lengthen (corr -0.97): the reward punishes survival
[anomaly] it 166: joint limit violated by 0.53 rad
[anomaly] it 166: contact penetration 5.1 cm
[anomaly] it 166: contact force 17763 N > 50x robot weight
terrain it  166 mean_level 0.0090
it  167 steps  16416768 sps   39,898 | ep_ret  -10.10 ep_len  813.9 (n=131) | pg -0.012 vf 0.023 kl 0.0136 lr 1.7e-04
[anomaly] it 167: explained variance -0.69 < 0 after warm-up: value function not predicting returns
[anomaly] it 167: terminal-step reward dominates the episode: survival is being punished
[anomaly] it 167: returns fall as episodes lengthen (corr -0.97): the reward punishes survival
[anomaly] it 167: joint limit violated by 0.47 rad
[anomaly] it 167: contact penetration 5.9 cm
terrain it  167 mean_level 0.0090
it  168 steps  16515072 sps   39,892 | ep_ret  -10.08 ep_len  864.2 (n=167) | pg -0.013 vf 0.021 kl 0.0148 lr 2.6e-04
[anomaly] it 168: explained variance -0.52 < 0 after warm-up: value function not predicting returns
[anomaly] it 168: terminal-step reward dominates the episode: survival is being punished
[anomaly] it 168: returns fall as episodes lengthen (corr -0.97): the reward punishes survival
[anomaly] it 168: joint limit violated by 0.41 rad
[anomaly] it 168: contact penetration 6.9 cm
[anomaly] it 168: contact force 17763 N > 50x robot weight
terrain it  168 mean_level 0.0100
it  169 steps  16613376 sps   39,886 | ep_ret  -10.19 ep_len  913.6 (n=147) | pg -0.012 vf 0.022 kl 0.0156 lr 2.6e-04
[anomaly] it 169: explained variance -1.07 < 0 after warm-up: value function not predicting returns
[anomaly] it 169: terminal-step reward dominates the episode: survival is being punished
[anomaly] it 169: returns fall as episodes lengthen (corr -0.96): the reward punishes survival
[anomaly] it 169: joint limit violated by 0.44 rad
[anomaly] it 169: contact penetration 6.1 cm
[anomaly] it 169: contact force 17678 N > 50x robot weight
terrain it  169 mean_level 0.0105
it  170 steps  16711680 sps   39,880 | ep_ret   -9.76 ep_len  923.8 (n=156) | pg -0.012 vf 0.021 kl 0.0167 lr 2.6e-04
[anomaly] it 170: explained variance -1.47 < 0 after warm-up: value function not predicting returns
[anomaly] it 170: terminal-step reward dominates the episode: survival is being punished
[anomaly] it 170: returns fall as episodes lengthen (corr -0.96): the reward punishes survival
[anomaly] it 170: joint limit violated by 0.40 rad
[anomaly] it 170: contact penetration 5.4 cm
[anomaly] it 170: contact force 17693 N > 50x robot weight
terrain it  170 mean_level 0.0112
it  171 steps  16809984 sps   39,871 | ep_ret   -9.62 ep_len  873.9 (n=183) | pg -0.011 vf 0.023 kl 0.0161 lr 2.6e-04
[anomaly] it 171: explained variance -0.49 < 0 after warm-up: value function not predicting returns
[anomaly] it 171: terminal-step reward dominates the episode: survival is being punished
[anomaly] it 171: returns fall as episodes lengthen (corr -0.96): the reward punishes survival
[anomaly] it 171: joint limit violated by 0.44 rad
[anomaly] it 171: contact penetration 5.5 cm
[anomaly] it 171: contact force 17726 N > 50x robot weight
terrain it  171 mean_level 0.0125
it  172 steps  16908288 sps   39,865 | ep_ret   -9.87 ep_len  872.9 (n=147) | pg -0.011 vf 0.022 kl 0.0158 lr 2.6e-04
[anomaly] it 172: explained variance -0.71 < 0 after warm-up: value function not predicting returns
[anomaly] it 172: terminal-step reward dominates the episode: survival is being punished
[anomaly] it 172: returns fall as episodes lengthen (corr -0.96): the reward punishes survival
[anomaly] it 172: joint limit violated by 0.48 rad
[anomaly] it 172: contact penetration 6.4 cm
terrain it  172 mean_level 0.0139
it  173 steps  17006592 sps   39,858 | ep_ret   -9.55 ep_len  873.6 (n=164) | pg -0.012 vf 0.020 kl 0.0155 lr 2.6e-04
[anomaly] it 173: explained variance -0.64 < 0 after warm-up: value function not predicting returns
[anomaly] it 173: terminal-step reward dominates the episode: survival is being punished
[anomaly] it 173: returns fall as episodes lengthen (corr -0.96): the reward punishes survival
[anomaly] it 173: joint limit violated by 0.41 rad
[anomaly] it 173: contact penetration 5.4 cm
terrain it  173 mean_level 0.0144
it  174 steps  17104896 sps   39,851 | ep_ret   -9.43 ep_len  897.4 (n=146) | pg -0.013 vf 0.020 kl 0.0155 lr 2.6e-04
[anomaly] it 174: explained variance -1.66 < 0 after warm-up: value function not predicting returns
[anomaly] it 174: terminal-step reward dominates the episode: survival is being punished
[anomaly] it 174: returns fall as episodes lengthen (corr -0.95): the reward punishes survival
[anomaly] it 174: joint limit violated by 0.45 rad
[anomaly] it 174: contact penetration 6.0 cm
terrain it  174 mean_level 0.0154
it  175 steps  17203200 sps   39,844 | ep_ret   -9.90 ep_len  925.5 (n=180) | pg -0.012 vf 0.019 kl 0.0154 lr 2.6e-04
[anomaly] it 175: explained variance -1.01 < 0 after warm-up: value function not predicting returns
[anomaly] it 175: terminal-step reward dominates the episode: survival is being punished
[anomaly] it 175: returns fall as episodes lengthen (corr -0.95): the reward punishes survival
[anomaly] it 175: joint limit violated by 0.43 rad
[anomaly] it 175: contact penetration 5.1 cm
[anomaly] it 175: contact force 22031 N > 50x robot weight
terrain it  175 mean_level 0.0159
it  176 steps  17301504 sps   39,837 | ep_ret   -9.53 ep_len  910.1 (n=142) | pg -0.011 vf 0.021 kl 0.0166 lr 2.6e-04
[anomaly] it 176: explained variance -1.33 < 0 after warm-up: value function not predicting returns
[anomaly] it 176: terminal-step reward dominates the episode: survival is being punished
[anomaly] it 176: returns fall as episodes lengthen (corr -0.95): the reward punishes survival
[anomaly] it 176: joint limit violated by 0.41 rad
[anomaly] it 176: contact penetration 5.6 cm
terrain it  176 mean_level 0.0176
it  177 steps  17399808 sps   39,831 | ep_ret   -9.51 ep_len  902.4 (n=165) | pg -0.012 vf 0.018 kl 0.0151 lr 2.6e-04
[anomaly] it 177: explained variance -0.79 < 0 after warm-up: value function not predicting returns
[anomaly] it 177: terminal-step reward dominates the episode: survival is being punished
[anomaly] it 177: returns fall as episodes lengthen (corr -0.95): the reward punishes survival
[anomaly] it 177: joint limit violated by 0.40 rad
[anomaly] it 177: contact penetration 5.5 cm
terrain it  177 mean_level 0.0186
it  178 steps  17498112 sps   39,826 | ep_ret   -9.62 ep_len  911.7 (n=174) | pg -0.011 vf 0.019 kl 0.0180 lr 2.6e-04
[anomaly] it 178: explained variance -0.76 < 0 after warm-up: value function not predicting returns
[anomaly] it 178: terminal-step reward dominates the episode: survival is being punished
[anomaly] it 178: returns fall as episodes lengthen (corr -0.95): the reward punishes survival
[anomaly] it 178: joint limit violated by 0.49 rad
[anomaly] it 178: contact penetration 5.4 cm
terrain it  178 mean_level 0.0205
it  179 steps  17596416 sps   39,820 | ep_ret   -9.34 ep_len  905.3 (n=144) | pg -0.012 vf 0.016 kl 0.0163 lr 2.6e-04
[anomaly] it 179: explained variance -1.37 < 0 after warm-up: value function not predicting returns
[anomaly] it 179: terminal-step reward dominates the episode: survival is being punished
[anomaly] it 179: returns fall as episodes lengthen (corr -0.95): the reward punishes survival
[anomaly] it 179: joint limit violated by 0.46 rad
[anomaly] it 179: contact penetration 6.4 cm
terrain it  179 mean_level 0.0225
it  180 steps  17694720 sps   39,814 | ep_ret   -8.56 ep_len  907.8 (n=148) | pg -0.012 vf 0.017 kl 0.0153 lr 1.7e-04
[anomaly] it 180: explained variance -1.06 < 0 after warm-up: value function not predicting returns
[anomaly] it 180: terminal-step reward dominates the episode: survival is being punished
[anomaly] it 180: returns fall as episodes lengthen (corr -0.94): the reward punishes survival
[anomaly] it 180: joint limit violated by 0.46 rad
[anomaly] it 180: contact penetration 5.4 cm
terrain it  180 mean_level 0.0247
it  181 steps  17793024 sps   39,808 | ep_ret   -9.02 ep_len  887.9 (n=120) | pg -0.011 vf 0.017 kl 0.0145 lr 2.6e-04
[anomaly] it 181: explained variance -1.29 < 0 after warm-up: value function not predicting returns
[anomaly] it 181: terminal-step reward dominates the episode: survival is being punished
[anomaly] it 181: returns fall as episodes lengthen (corr -0.94): the reward punishes survival
[anomaly] it 181: joint limit violated by 0.43 rad
[anomaly] it 181: contact penetration 5.5 cm
terrain it  181 mean_level 0.0264
it  182 steps  17891328 sps   39,801 | ep_ret   -8.75 ep_len  916.3 (n=123) | pg -0.013 vf 0.018 kl 0.0153 lr 2.6e-04
[anomaly] it 182: explained variance -1.88 < 0 after warm-up: value function not predicting returns
[anomaly] it 182: terminal-step reward dominates the episode: survival is being punished
[anomaly] it 182: returns fall as episodes lengthen (corr -0.94): the reward punishes survival
[anomaly] it 182: joint limit violated by 0.43 rad
[anomaly] it 182: contact penetration 5.0 cm
terrain it  182 mean_level 0.0276
it  183 steps  17989632 sps   39,794 | ep_ret   -8.53 ep_len  882.3 (n=119) | pg -0.012 vf 0.019 kl 0.0156 lr 2.6e-04
[anomaly] it 183: explained variance -1.43 < 0 after warm-up: value function not predicting returns
[anomaly] it 183: terminal-step reward dominates the episode: survival is being punished
[anomaly] it 183: returns fall as episodes lengthen (corr -0.93): the reward punishes survival
[anomaly] it 183: joint limit violated by 0.44 rad
[anomaly] it 183: contact penetration 8.2 cm
terrain it  183 mean_level 0.0286
it  184 steps  18087936 sps   39,787 | ep_ret   -8.95 ep_len  860.4 (n=123) | pg -0.012 vf 0.021 kl 0.0167 lr 2.6e-04
[anomaly] it 184: explained variance -0.64 < 0 after warm-up: value function not predicting returns
[anomaly] it 184: terminal-step reward dominates the episode: survival is being punished
[anomaly] it 184: returns fall as episodes lengthen (corr -0.93): the reward punishes survival
[anomaly] it 184: joint limit violated by 0.44 rad
[anomaly] it 184: contact penetration 5.8 cm
terrain it  184 mean_level 0.0295
it  185 steps  18186240 sps   39,781 | ep_ret   -9.17 ep_len  860.7 (n=110) | pg -0.010 vf 0.025 kl 0.0154 lr 2.6e-04
[anomaly] it 185: explained variance -1.41 < 0 after warm-up: value function not predicting returns
[anomaly] it 185: terminal-step reward dominates the episode: survival is being punished
[anomaly] it 185: returns fall as episodes lengthen (corr -0.93): the reward punishes survival
[anomaly] it 185: joint limit violated by 0.43 rad
[anomaly] it 185: contact penetration 5.9 cm
terrain it  185 mean_level 0.0315
it  186 steps  18284544 sps   39,774 | ep_ret   -8.88 ep_len  813.7 (n=117) | pg -0.009 vf 0.024 kl 0.0138 lr 1.7e-04
[anomaly] it 186: explained variance -0.66 < 0 after warm-up: value function not predicting returns
[anomaly] it 186: terminal-step reward dominates the episode: survival is being punished
[anomaly] it 186: returns fall as episodes lengthen (corr -0.93): the reward punishes survival
[anomaly] it 186: joint limit violated by 0.55 rad
[anomaly] it 186: contact penetration 5.4 cm
terrain it  186 mean_level 0.0334
it  187 steps  18382848 sps   39,768 | ep_ret   -8.32 ep_len  807.0 (n=102) | pg -0.012 vf 0.022 kl 0.0167 lr 1.7e-04
[anomaly] it 187: explained variance -0.84 < 0 after warm-up: value function not predicting returns
[anomaly] it 187: terminal-step reward dominates the episode: survival is being punished
[anomaly] it 187: returns fall as episodes lengthen (corr -0.93): the reward punishes survival
[anomaly] it 187: joint limit violated by 0.49 rad
[anomaly] it 187: contact penetration 12.2 cm
terrain it  187 mean_level 0.0342
it  188 steps  18481152 sps   39,762 | ep_ret   -8.26 ep_len  833.6 (n=74) | pg -0.011 vf 0.024 kl 0.0151 lr 2.6e-04
[anomaly] it 188: explained variance -1.58 < 0 after warm-up: value function not predicting returns
[anomaly] it 188: terminal-step reward dominates the episode: survival is being punished
[anomaly] it 188: returns fall as episodes lengthen (corr -0.93): the reward punishes survival
[anomaly] it 188: joint limit violated by 0.42 rad
[anomaly] it 188: contact penetration 4.7 cm
terrain it  188 mean_level 0.0349
it  189 steps  18579456 sps   39,755 | ep_ret   -8.25 ep_len  798.9 (n=96) | pg -0.010 vf 0.021 kl 0.0163 lr 2.6e-04
[anomaly] it 189: explained variance -0.57 < 0 after warm-up: value function not predicting returns
[anomaly] it 189: terminal-step reward dominates the episode: survival is being punished
[anomaly] it 189: returns fall as episodes lengthen (corr -0.92): the reward punishes survival
[anomaly] it 189: joint limit violated by 0.43 rad
[anomaly] it 189: contact penetration 7.5 cm
terrain it  189 mean_level 0.0359
it  190 steps  18677760 sps   39,747 | ep_ret   -8.19 ep_len  778.2 (n=76) | pg -0.011 vf 0.018 kl 0.0161 lr 2.6e-04
[anomaly] it 190: explained variance -0.95 < 0 after warm-up: value function not predicting returns
[anomaly] it 190: terminal-step reward dominates the episode: survival is being punished
[anomaly] it 190: returns fall as episodes lengthen (corr -0.92): the reward punishes survival
[anomaly] it 190: joint limit violated by 0.44 rad
[anomaly] it 190: contact penetration 5.7 cm
terrain it  190 mean_level 0.0364
it  191 steps  18776064 sps   39,738 | ep_ret   -8.26 ep_len  830.2 (n=73) | pg -0.011 vf 0.018 kl 0.0145 lr 2.6e-04
[anomaly] it 191: explained variance -1.13 < 0 after warm-up: value function not predicting returns
[anomaly] it 191: terminal-step reward dominates the episode: survival is being punished
[anomaly] it 191: returns fall as episodes lengthen (corr -0.92): the reward punishes survival
[anomaly] it 191: joint limit violated by 0.45 rad
[anomaly] it 191: contact penetration 5.8 cm
terrain it  191 mean_level 0.0371
it  192 steps  18874368 sps   39,730 | ep_ret   -8.01 ep_len  770.1 (n=53) | pg -0.011 vf 0.022 kl 0.0158 lr 2.6e-04
[anomaly] it 192: explained variance -1.06 < 0 after warm-up: value function not predicting returns
[anomaly] it 192: terminal-step reward dominates the episode: survival is being punished
[anomaly] it 192: returns fall as episodes lengthen (corr -0.92): the reward punishes survival
[anomaly] it 192: joint limit violated by 0.42 rad
[anomaly] it 192: contact penetration 5.2 cm
terrain it  192 mean_level 0.0376
it  193 steps  18972672 sps   39,721 | ep_ret   -8.52 ep_len  829.6 (n=70) | pg -0.010 vf 0.023 kl 0.0148 lr 1.7e-04
[anomaly] it 193: explained variance -0.96 < 0 after warm-up: value function not predicting returns
[anomaly] it 193: terminal-step reward dominates the episode: survival is being punished
[anomaly] it 193: returns fall as episodes lengthen (corr -0.91): the reward punishes survival
[anomaly] it 193: joint limit violated by 0.42 rad
[anomaly] it 193: contact penetration 4.6 cm
terrain it  193 mean_level 0.0386
it  194 steps  19070976 sps   39,712 | ep_ret   -8.38 ep_len  698.6 (n=76) | pg -0.012 vf 0.022 kl 0.0156 lr 2.6e-04
[anomaly] it 194: explained variance -0.50 < 0 after warm-up: value function not predicting returns
[anomaly] it 194: terminal-step reward dominates the episode: survival is being punished
[anomaly] it 194: returns fall as episodes lengthen (corr -0.91): the reward punishes survival
[anomaly] it 194: joint limit violated by 0.45 rad
[anomaly] it 194: contact penetration 7.7 cm
terrain it  194 mean_level 0.0391
it  195 steps  19169280 sps   39,702 | ep_ret   -7.82 ep_len  774.1 (n=77) | pg -0.012 vf 0.022 kl 0.0157 lr 2.6e-04
[anomaly] it 195: explained variance -0.91 < 0 after warm-up: value function not predicting returns
[anomaly] it 195: terminal-step reward dominates the episode: survival is being punished
[anomaly] it 195: returns fall as episodes lengthen (corr -0.91): the reward punishes survival
[anomaly] it 195: joint limit violated by 0.45 rad
[anomaly] it 195: contact penetration 5.9 cm
terrain it  195 mean_level 0.0403
it  196 steps  19267584 sps   39,693 | ep_ret   -8.63 ep_len  791.3 (n=76) | pg -0.010 vf 0.021 kl 0.0168 lr 1.7e-04
[anomaly] it 196: explained variance -0.90 < 0 after warm-up: value function not predicting returns
[anomaly] it 196: terminal-step reward dominates the episode: survival is being punished
[anomaly] it 196: returns fall as episodes lengthen (corr -0.91): the reward punishes survival
[anomaly] it 196: joint limit violated by 0.40 rad
[anomaly] it 196: contact penetration 6.1 cm
terrain it  196 mean_level 0.0420
it  197 steps  19365888 sps   39,687 | ep_ret   -8.25 ep_len  804.1 (n=75) | pg -0.011 vf 0.018 kl 0.0152 lr 2.6e-04
[anomaly] it 197: explained variance -0.96 < 0 after warm-up: value function not predicting returns
[anomaly] it 197: terminal-step reward dominates the episode: survival is being punished
[anomaly] it 197: returns fall as episodes lengthen (corr -0.91): the reward punishes survival
[anomaly] it 197: joint limit violated by 0.46 rad
[anomaly] it 197: contact penetration 7.4 cm
terrain it  197 mean_level 0.0447
it  198 steps  19464192 sps   39,680 | ep_ret   -8.68 ep_len  825.2 (n=70) | pg -0.011 vf 0.019 kl 0.0142 lr 1.7e-04
[anomaly] it 198: explained variance -1.23 < 0 after warm-up: value function not predicting returns
[anomaly] it 198: terminal-step reward dominates the episode: survival is being punished
[anomaly] it 198: returns fall as episodes lengthen (corr -0.90): the reward punishes survival
[anomaly] it 198: joint limit violated by 0.45 rad
[anomaly] it 198: contact penetration 5.3 cm
terrain it  198 mean_level 0.0461
it  199 steps  19562496 sps   39,672 | ep_ret   -8.41 ep_len  826.3 (n=74) | pg -0.009 vf 0.018 kl 0.0144 lr 1.7e-04
[anomaly] it 199: explained variance -0.97 < 0 after warm-up: value function not predicting returns
[anomaly] it 199: terminal-step reward dominates the episode: survival is being punished
[anomaly] it 199: returns fall as episodes lengthen (corr -0.90): the reward punishes survival
[anomaly] it 199: joint limit violated by 0.42 rad
[anomaly] it 199: contact penetration 6.2 cm
[anomaly] it 199: contact force 18460 N > 50x robot weight
terrain it  199 mean_level 0.0476
it  200 steps  19660800 sps   39,665 | ep_ret   -8.35 ep_len  831.7 (n=80) | pg -0.011 vf 0.021 kl 0.0146 lr 1.7e-04
[anomaly] it 200: explained variance -0.60 < 0 after warm-up: value function not predicting returns
[anomaly] it 200: terminal-step reward dominates the episode: survival is being punished
[anomaly] it 200: returns fall as episodes lengthen (corr -0.90): the reward punishes survival
[anomaly] it 200: joint limit violated by 0.46 rad
[anomaly] it 200: contact penetration 5.2 cm
[anomaly] it 200: contact force 16205 N > 50x robot weight
terrain it  200 mean_level 0.0498
it  201 steps  19759104 sps   39,657 | ep_ret   -8.10 ep_len  830.8 (n=76) | pg -0.011 vf 0.018 kl 0.0160 lr 2.6e-04
[anomaly] it 201: explained variance -0.72 < 0 after warm-up: value function not predicting returns
[anomaly] it 201: terminal-step reward dominates the episode: survival is being punished
[anomaly] it 201: returns fall as episodes lengthen (corr -0.90): the reward punishes survival
[anomaly] it 201: joint limit violated by 0.41 rad
[anomaly] it 201: contact penetration 6.6 cm
[anomaly] it 201: contact force 16300 N > 50x robot weight
terrain it  201 mean_level 0.0520
it  202 steps  19857408 sps   39,650 | ep_ret   -8.25 ep_len  866.9 (n=76) | pg -0.010 vf 0.019 kl 0.0146 lr 2.6e-04
[anomaly] it 202: explained variance -0.84 < 0 after warm-up: value function not predicting returns
[anomaly] it 202: terminal-step reward dominates the episode: survival is being punished
[anomaly] it 202: returns fall as episodes lengthen (corr -0.89): the reward punishes survival
[anomaly] it 202: joint limit violated by 0.40 rad
[anomaly] it 202: contact penetration 5.7 cm
[anomaly] it 202: contact force 16409 N > 50x robot weight
terrain it  202 mean_level 0.0554
it  203 steps  19955712 sps   39,644 | ep_ret   -7.82 ep_len  921.4 (n=75) | pg -0.011 vf 0.016 kl 0.0148 lr 2.6e-04
[anomaly] it 203: explained variance -2.33 < 0 after warm-up: value function not predicting returns
[anomaly] it 203: terminal-step reward dominates the episode: survival is being punished
[anomaly] it 203: returns fall as episodes lengthen (corr -0.88): the reward punishes survival
[anomaly] it 203: joint limit violated by 0.44 rad
[anomaly] it 203: contact penetration 7.3 cm
[anomaly] it 203: contact force 16460 N > 50x robot weight
terrain it  203 mean_level 0.0576
it  204 steps  20054016 sps   39,636 | ep_ret   -7.54 ep_len  889.7 (n=96) | pg -0.010 vf 0.020 kl 0.0160 lr 2.6e-04
[anomaly] it 204: explained variance -1.35 < 0 after warm-up: value function not predicting returns
[anomaly] it 204: terminal-step reward dominates the episode: survival is being punished
[anomaly] it 204: returns fall as episodes lengthen (corr -0.87): the reward punishes survival
[anomaly] it 204: joint limit violated by 0.54 rad
[anomaly] it 204: contact penetration 7.1 cm
terrain it  204 mean_level 0.0627
it  205 steps  20152320 sps   39,628 | ep_ret   -7.33 ep_len  910.7 (n=110) | pg -0.012 vf 0.017 kl 0.0157 lr 2.6e-04
[anomaly] it 205: explained variance -1.40 < 0 after warm-up: value function not predicting returns
[anomaly] it 205: terminal-step reward dominates the episode: survival is being punished
[anomaly] it 205: returns fall as episodes lengthen (corr -0.86): the reward punishes survival
[anomaly] it 205: joint limit violated by 0.45 rad
[anomaly] it 205: contact penetration 5.9 cm
[anomaly] it 205: contact force 22152 N > 50x robot weight
terrain it  205 mean_level 0.0654
it  206 steps  20250624 sps   39,621 | ep_ret   -7.45 ep_len  896.4 (n=111) | pg -0.012 vf 0.015 kl 0.0160 lr 2.6e-04
[anomaly] it 206: explained variance -1.03 < 0 after warm-up: value function not predicting returns
[anomaly] it 206: terminal-step reward dominates the episode: survival is being punished
[anomaly] it 206: returns fall as episodes lengthen (corr -0.85): the reward punishes survival
[anomaly] it 206: joint limit violated by 0.39 rad
[anomaly] it 206: contact penetration 7.3 cm
[anomaly] it 206: contact force 22180 N > 50x robot weight
terrain it  206 mean_level 0.0701
it  207 steps  20348928 sps   39,614 | ep_ret   -7.18 ep_len  933.6 (n=98) | pg -0.010 vf 0.015 kl 0.0153 lr 2.6e-04
[anomaly] it 207: explained variance -1.84 < 0 after warm-up: value function not predicting returns
[anomaly] it 207: terminal-step reward dominates the episode: survival is being punished
[anomaly] it 207: returns fall as episodes lengthen (corr -0.84): the reward punishes survival
[anomaly] it 207: joint limit violated by 0.42 rad
[anomaly] it 207: contact penetration 7.9 cm
[anomaly] it 207: contact force 22099 N > 50x robot weight
terrain it  207 mean_level 0.0735
it  208 steps  20447232 sps   39,607 | ep_ret   -7.51 ep_len  925.0 (n=131) | pg -0.012 vf 0.013 kl 0.0152 lr 2.6e-04
[anomaly] it 208: explained variance -0.61 < 0 after warm-up: value function not predicting returns
[anomaly] it 208: terminal-step reward dominates the episode: survival is being punished
[anomaly] it 208: returns fall as episodes lengthen (corr -0.83): the reward punishes survival
[anomaly] it 208: joint limit violated by 0.45 rad
[anomaly] it 208: contact penetration 4.5 cm
terrain it  208 mean_level 0.0796
it  209 steps  20545536 sps   39,601 | ep_ret   -6.85 ep_len  951.6 (n=115) | pg -0.011 vf 0.013 kl 0.0140 lr 1.7e-04
[anomaly] it 209: explained variance -1.94 < 0 after warm-up: value function not predicting returns
[anomaly] it 209: terminal-step reward dominates the episode: survival is being punished
[anomaly] it 209: returns fall as episodes lengthen (corr -0.81): the reward punishes survival
[anomaly] it 209: joint limit violated by 0.49 rad
[anomaly] it 209: contact penetration 5.5 cm
[anomaly] it 209: contact force 15937 N > 50x robot weight
terrain it  209 mean_level 0.0850
it  210 steps  20643840 sps   39,594 | ep_ret   -7.02 ep_len  959.8 (n=141) | pg -0.011 vf 0.015 kl 0.0154 lr 2.6e-04
[anomaly] it 210: explained variance -2.28 < 0 after warm-up: value function not predicting returns
[anomaly] it 210: terminal-step reward dominates the episode: survival is being punished
[anomaly] it 210: returns fall as episodes lengthen (corr -0.79): the reward punishes survival
[anomaly] it 210: joint limit violated by 0.43 rad
[anomaly] it 210: contact penetration 5.0 cm
[anomaly] it 210: contact force 15877 N > 50x robot weight
terrain it  210 mean_level 0.0923
it  211 steps  20742144 sps   39,588 | ep_ret   -6.63 ep_len  967.5 (n=145) | pg -0.012 vf 0.014 kl 0.0164 lr 2.6e-04
[anomaly] it 211: explained variance -3.35 < 0 after warm-up: value function not predicting returns
[anomaly] it 211: terminal-step reward dominates the episode: survival is being punished
[anomaly] it 211: returns fall as episodes lengthen (corr -0.77): the reward punishes survival
[anomaly] it 211: joint limit violated by 0.45 rad
[anomaly] it 211: contact penetration 4.3 cm
[anomaly] it 211: contact force 15974 N > 50x robot weight
terrain it  211 mean_level 0.1003
it  212 steps  20840448 sps   39,582 | ep_ret   -6.38 ep_len  933.4 (n=147) | pg -0.012 vf 0.015 kl 0.0150 lr 2.6e-04
[anomaly] it 212: explained variance -1.20 < 0 after warm-up: value function not predicting returns
[anomaly] it 212: terminal-step reward dominates the episode: survival is being punished
[anomaly] it 212: returns fall as episodes lengthen (corr -0.75): the reward punishes survival
[anomaly] it 212: joint limit violated by 0.46 rad
[anomaly] it 212: contact penetration 6.0 cm
terrain it  212 mean_level 0.1062
it  213 steps  20938752 sps   39,575 | ep_ret   -6.65 ep_len  950.7 (n=150) | pg -0.010 vf 0.017 kl 0.0144 lr 1.7e-04
[anomaly] it 213: explained variance -1.71 < 0 after warm-up: value function not predicting returns
[anomaly] it 213: terminal-step reward dominates the episode: survival is being punished
[anomaly] it 213: returns fall as episodes lengthen (corr -0.73): the reward punishes survival
[anomaly] it 213: joint limit violated by 0.51 rad
[anomaly] it 213: contact penetration 7.0 cm
terrain it  213 mean_level 0.1121
it  214 steps  21037056 sps   39,568 | ep_ret   -6.74 ep_len  921.2 (n=132) | pg -0.011 vf 0.019 kl 0.0161 lr 2.6e-04
[anomaly] it 214: explained variance -1.31 < 0 after warm-up: value function not predicting returns
[anomaly] it 214: terminal-step reward dominates the episode: survival is being punished
[anomaly] it 214: returns fall as episodes lengthen (corr -0.71): the reward punishes survival
[anomaly] it 214: joint limit violated by 0.45 rad
[anomaly] it 214: contact penetration 5.8 cm
terrain it  214 mean_level 0.1194
it  215 steps  21135360 sps   39,562 | ep_ret   -6.26 ep_len  919.7 (n=144) | pg -0.010 vf 0.017 kl 0.0135 lr 1.7e-04
[anomaly] it 215: explained variance -0.93 < 0 after warm-up: value function not predicting returns
[anomaly] it 215: terminal-step reward dominates the episode: survival is being punished
[anomaly] it 215: returns fall as episodes lengthen (corr -0.68): the reward punishes survival
[anomaly] it 215: joint limit violated by 0.42 rad
[anomaly] it 215: contact penetration 5.6 cm
terrain it  215 mean_level 0.1252
it  216 steps  21233664 sps   39,555 | ep_ret   -6.42 ep_len  922.3 (n=152) | pg -0.010 vf 0.016 kl 0.0130 lr 1.7e-04
[anomaly] it 216: explained variance -1.12 < 0 after warm-up: value function not predicting returns
[anomaly] it 216: terminal-step reward dominates the episode: survival is being punished
[anomaly] it 216: returns fall as episodes lengthen (corr -0.66): the reward punishes survival
[anomaly] it 216: joint limit violated by 0.55 rad
[anomaly] it 216: contact penetration 6.1 cm
terrain it  216 mean_level 0.1326
it  217 steps  21331968 sps   39,549 | ep_ret   -6.50 ep_len  938.1 (n=146) | pg -0.012 vf 0.014 kl 0.0171 lr 1.7e-04
[anomaly] it 217: explained variance -1.19 < 0 after warm-up: value function not predicting returns
[anomaly] it 217: terminal-step reward dominates the episode: survival is being punished
[anomaly] it 217: returns fall as episodes lengthen (corr -0.63): the reward punishes survival
[anomaly] it 217: joint limit violated by 0.47 rad
[anomaly] it 217: contact penetration 4.9 cm
terrain it  217 mean_level 0.1387
it  218 steps  21430272 sps   39,543 | ep_ret   -6.08 ep_len  939.5 (n=131) | pg -0.011 vf 0.014 kl 0.0141 lr 2.6e-04
[anomaly] it 218: explained variance -1.87 < 0 after warm-up: value function not predicting returns
[anomaly] it 218: terminal-step reward dominates the episode: survival is being punished
[anomaly] it 218: returns fall as episodes lengthen (corr -0.60): the reward punishes survival
[anomaly] it 218: joint limit violated by 0.51 rad
[anomaly] it 218: contact penetration 4.4 cm
terrain it  218 mean_level 0.1462
it  219 steps  21528576 sps   39,537 | ep_ret   -6.46 ep_len  964.3 (n=144) | pg -0.011 vf 0.014 kl 0.0156 lr 2.6e-04
[anomaly] it 219: explained variance -2.12 < 0 after warm-up: value function not predicting returns
[anomaly] it 219: terminal-step reward dominates the episode: survival is being punished
[anomaly] it 219: joint limit violated by 0.45 rad
[anomaly] it 219: contact penetration 5.0 cm
terrain it  219 mean_level 0.1565
it  220 steps  21626880 sps   39,529 | ep_ret   -6.23 ep_len  941.8 (n=153) | pg -0.010 vf 0.017 kl 0.0182 lr 2.6e-04
[anomaly] it 220: explained variance -0.77 < 0 after warm-up: value function not predicting returns
[anomaly] it 220: terminal-step reward dominates the episode: survival is being punished
[anomaly] it 220: joint limit violated by 0.47 rad
[anomaly] it 220: contact penetration 5.9 cm
[anomaly] it 220: contact force 19048 N > 50x robot weight
terrain it  220 mean_level 0.1624
it  221 steps  21725184 sps   39,523 | ep_ret   -6.07 ep_len  916.4 (n=139) | pg -0.011 vf 0.015 kl 0.0146 lr 2.6e-04
[anomaly] it 221: explained variance -0.44 < 0 after warm-up: value function not predicting returns
[anomaly] it 221: terminal-step reward dominates the episode: survival is being punished
[anomaly] it 221: joint limit violated by 0.48 rad
[anomaly] it 221: contact penetration 7.0 cm
terrain it  221 mean_level 0.1677
it  222 steps  21823488 sps   39,516 | ep_ret   -6.10 ep_len  933.4 (n=128) | pg -0.010 vf 0.014 kl 0.0147 lr 2.6e-04
[anomaly] it 222: explained variance -0.76 < 0 after warm-up: value function not predicting returns
[anomaly] it 222: terminal-step reward dominates the episode: survival is being punished
[anomaly] it 222: joint limit violated by 0.44 rad
[anomaly] it 222: contact penetration 5.2 cm
[anomaly] it 222: contact force 17199 N > 50x robot weight
terrain it  222 mean_level 0.1748
it  223 steps  21921792 sps   39,508 | ep_ret   -5.85 ep_len  911.3 (n=86) | pg -0.011 vf 0.016 kl 0.0165 lr 1.7e-04
[anomaly] it 223: explained variance -1.69 < 0 after warm-up: value function not predicting returns
[anomaly] it 223: terminal-step reward dominates the episode: survival is being punished
[anomaly] it 223: joint limit violated by 0.41 rad
[anomaly] it 223: contact penetration 4.6 cm
terrain it  223 mean_level 0.1787
it  224 steps  22020096 sps   39,501 | ep_ret   -5.76 ep_len  952.8 (n=123) | pg -0.011 vf 0.016 kl 0.0142 lr 1.7e-04
[anomaly] it 224: explained variance -1.72 < 0 after warm-up: value function not predicting returns
[anomaly] it 224: terminal-step reward dominates the episode: survival is being punished
[anomaly] it 224: joint limit violated by 0.50 rad
[anomaly] it 224: contact penetration 5.8 cm
[anomaly] it 224: contact force 17761 N > 50x robot weight
terrain it  224 mean_level 0.1858
it  225 steps  22118400 sps   39,494 | ep_ret   -6.05 ep_len  871.4 (n=111) | pg -0.011 vf 0.016 kl 0.0154 lr 2.6e-04
[anomaly] it 225: explained variance -0.52 < 0 after warm-up: value function not predicting returns
[anomaly] it 225: terminal-step reward dominates the episode: survival is being punished
[anomaly] it 225: joint limit violated by 0.44 rad
[anomaly] it 225: contact penetration 5.8 cm
[anomaly] it 225: contact force 17691 N > 50x robot weight
terrain it  225 mean_level 0.1887
it  226 steps  22216704 sps   39,488 | ep_ret   -6.12 ep_len  933.0 (n=121) | pg -0.011 vf 0.017 kl 0.0160 lr 2.6e-04
[anomaly] it 226: explained variance -1.54 < 0 after warm-up: value function not predicting returns
[anomaly] it 226: terminal-step reward dominates the episode: survival is being punished
[anomaly] it 226: joint limit violated by 0.47 rad
[anomaly] it 226: contact penetration 6.4 cm
terrain it  226 mean_level 0.1963
it  227 steps  22315008 sps   39,482 | ep_ret   -5.75 ep_len  923.2 (n=112) | pg -0.011 vf 0.017 kl 0.0166 lr 2.6e-04
[anomaly] it 227: explained variance -1.44 < 0 after warm-up: value function not predicting returns
[anomaly] it 227: terminal-step reward dominates the episode: survival is being punished
[anomaly] it 227: joint limit violated by 0.44 rad
[anomaly] it 227: contact penetration 8.9 cm
[anomaly] it 227: contact force 17695 N > 50x robot weight
terrain it  227 mean_level 0.2043
it  228 steps  22413312 sps   39,476 | ep_ret   -5.96 ep_len  899.6 (n=105) | pg -0.009 vf 0.014 kl 0.0146 lr 1.7e-04
[anomaly] it 228: explained variance -0.77 < 0 after warm-up: value function not predicting returns
[anomaly] it 228: terminal-step reward dominates the episode: survival is being punished
[anomaly] it 228: joint limit violated by 0.49 rad
[anomaly] it 228: contact penetration 6.5 cm
terrain it  228 mean_level 0.2097
it  229 steps  22511616 sps   39,469 | ep_ret   -5.92 ep_len  907.3 (n=91) | pg -0.011 vf 0.015 kl 0.0161 lr 2.6e-04
[anomaly] it 229: explained variance -1.15 < 0 after warm-up: value function not predicting returns
[anomaly] it 229: terminal-step reward dominates the episode: survival is being punished
[anomaly] it 229: joint limit violated by 0.45 rad
[anomaly] it 229: contact penetration 5.4 cm
terrain it  229 mean_level 0.2134
it  230 steps  22609920 sps   39,463 | ep_ret   -5.90 ep_len  863.0 (n=78) | pg -0.011 vf 0.016 kl 0.0162 lr 2.6e-04
[anomaly] it 230: explained variance -1.62 < 0 after warm-up: value function not predicting returns
[anomaly] it 230: terminal-step reward dominates the episode: survival is being punished
[anomaly] it 230: joint limit violated by 0.52 rad
[anomaly] it 230: contact penetration 5.3 cm
[anomaly] it 230: contact force 28143 N > 50x robot weight
terrain it  230 mean_level 0.2168
it  231 steps  22708224 sps   39,457 | ep_ret   -5.47 ep_len  892.2 (n=99) | pg -0.009 vf 0.016 kl 0.0154 lr 1.7e-04
[anomaly] it 231: explained variance -1.42 < 0 after warm-up: value function not predicting returns
[anomaly] it 231: terminal-step reward dominates the episode: survival is being punished
[anomaly] it 231: joint limit violated by 0.51 rad
[anomaly] it 231: contact penetration 6.4 cm
terrain it  231 mean_level 0.2219
it  232 steps  22806528 sps   39,451 | ep_ret   -5.91 ep_len  861.7 (n=75) | pg -0.011 vf 0.014 kl 0.0158 lr 2.6e-04
[anomaly] it 232: explained variance -0.68 < 0 after warm-up: value function not predicting returns
[anomaly] it 232: terminal-step reward dominates the episode: survival is being punished
[anomaly] it 232: joint limit violated by 0.52 rad
[anomaly] it 232: contact penetration 6.1 cm
[anomaly] it 232: contact force 22183 N > 50x robot weight
terrain it  232 mean_level 0.2256
it  233 steps  22904832 sps   39,445 | ep_ret   -5.39 ep_len  884.0 (n=73) | pg -0.011 vf 0.015 kl 0.0157 lr 2.6e-04
[anomaly] it 233: explained variance -2.17 < 0 after warm-up: value function not predicting returns
[anomaly] it 233: terminal-step reward dominates the episode: survival is being punished
[anomaly] it 233: joint limit violated by 0.50 rad
[anomaly] it 233: contact penetration 5.4 cm
terrain it  233 mean_level 0.2297
it  234 steps  23003136 sps   39,438 | ep_ret   -5.75 ep_len  861.6 (n=67) | pg -0.012 vf 0.013 kl 0.0155 lr 2.6e-04
[anomaly] it 234: explained variance -0.88 < 0 after warm-up: value function not predicting returns
[anomaly] it 234: terminal-step reward dominates the episode: survival is being punished
[anomaly] it 234: joint limit violated by 0.44 rad
[anomaly] it 234: contact penetration 5.4 cm
terrain it  234 mean_level 0.2332
it  235 steps  23101440 sps   39,432 | ep_ret   -5.43 ep_len  901.6 (n=73) | pg -0.011 vf 0.015 kl 0.0154 lr 1.7e-04
[anomaly] it 235: explained variance -1.46 < 0 after warm-up: value function not predicting returns
[anomaly] it 235: terminal-step reward dominates the episode: survival is being punished
[anomaly] it 235: joint limit violated by 0.46 rad
[anomaly] it 235: contact penetration 5.5 cm
terrain it  235 mean_level 0.2363
it  236 steps  23199744 sps   39,426 | ep_ret   -5.41 ep_len  899.8 (n=74) | pg -0.011 vf 0.016 kl 0.0156 lr 2.6e-04
[anomaly] it 236: explained variance -1.20 < 0 after warm-up: value function not predicting returns
[anomaly] it 236: terminal-step reward dominates the episode: survival is being punished
[anomaly] it 236: joint limit violated by 0.48 rad
[anomaly] it 236: contact penetration 8.0 cm
[anomaly] it 236: contact force 17757 N > 50x robot weight
terrain it  236 mean_level 0.2405
it  237 steps  23298048 sps   39,420 | ep_ret   -5.42 ep_len  851.0 (n=79) | pg -0.009 vf 0.018 kl 0.0146 lr 7.6e-05
[anomaly] it 237: explained variance -1.26 < 0 after warm-up: value function not predicting returns
[anomaly] it 237: terminal-step reward dominates the episode: survival is being punished
[anomaly] it 237: joint limit violated by 0.50 rad
[anomaly] it 237: contact penetration 7.8 cm
[anomaly] it 237: contact force 17171 N > 50x robot weight
terrain it  237 mean_level 0.2429
it  238 steps  23396352 sps   39,412 | ep_ret   -5.38 ep_len  837.4 (n=82) | pg -0.012 vf 0.014 kl 0.0128 lr 2.6e-04
[anomaly] it 238: explained variance -0.66 < 0 after warm-up: value function not predicting returns
[anomaly] it 238: terminal-step reward dominates the episode: survival is being punished
[anomaly] it 238: joint limit violated by 0.48 rad
[anomaly] it 238: contact penetration 5.7 cm
[anomaly] it 238: contact force 17721 N > 50x robot weight
terrain it  238 mean_level 0.2458
it  239 steps  23494656 sps   39,406 | ep_ret   -5.09 ep_len  916.6 (n=83) | pg -0.011 vf 0.017 kl 0.0167 lr 2.6e-04
[anomaly] it 239: explained variance -2.92 < 0 after warm-up: value function not predicting returns
[anomaly] it 239: terminal-step reward dominates the episode: survival is being punished
[anomaly] it 239: joint limit violated by 0.47 rad
[anomaly] it 239: contact penetration 4.3 cm
terrain it  239 mean_level 0.2500
it  240 steps  23592960 sps   39,400 | ep_ret   -5.63 ep_len  820.3 (n=64) | pg -0.010 vf 0.013 kl 0.0171 lr 2.6e-04
[anomaly] it 240: explained variance -1.02 < 0 after warm-up: value function not predicting returns
[anomaly] it 240: terminal-step reward dominates the episode: survival is being punished
[anomaly] it 240: joint limit violated by 0.48 rad
[anomaly] it 240: contact penetration 6.7 cm
[anomaly] it 240: contact force 17688 N > 50x robot weight
terrain it  240 mean_level 0.2549
it  241 steps  23691264 sps   39,390 | ep_ret   -4.85 ep_len  934.0 (n=83) | pg -0.010 vf 0.014 kl 0.0142 lr 2.6e-04
[anomaly] it 241: explained variance -1.94 < 0 after warm-up: value function not predicting returns
[anomaly] it 241: terminal-step reward dominates the episode: survival is being punished
[anomaly] it 241: joint limit violated by 0.45 rad
[anomaly] it 241: contact penetration 4.3 cm
terrain it  241 mean_level 0.2593
it  242 steps  23789568 sps   39,383 | ep_ret   -5.51 ep_len  866.2 (n=66) | pg -0.011 vf 0.013 kl 0.0152 lr 2.6e-04
[anomaly] it 242: explained variance -1.33 < 0 after warm-up: value function not predicting returns
[anomaly] it 242: terminal-step reward dominates the episode: survival is being punished
[anomaly] it 242: joint limit violated by 0.44 rad
[anomaly] it 242: contact penetration 4.1 cm
[anomaly] it 242: contact force 17772 N > 50x robot weight
terrain it  242 mean_level 0.2634
it  243 steps  23887872 sps   39,376 | ep_ret   -4.98 ep_len  925.7 (n=91) | pg -0.010 vf 0.015 kl 0.0160 lr 2.6e-04
[anomaly] it 243: explained variance -1.33 < 0 after warm-up: value function not predicting returns
[anomaly] it 243: terminal-step reward dominates the episode: survival is being punished
[anomaly] it 243: joint limit violated by 0.47 rad
[anomaly] it 243: contact penetration 7.3 cm
[anomaly] it 243: contact force 17720 N > 50x robot weight
terrain it  243 mean_level 0.2698
it  244 steps  23986176 sps   39,368 | ep_ret   -5.15 ep_len  928.4 (n=81) | pg -0.009 vf 0.016 kl 0.0143 lr 1.7e-04
[anomaly] it 244: explained variance -1.57 < 0 after warm-up: value function not predicting returns
[anomaly] it 244: terminal-step reward dominates the episode: survival is being punished
[anomaly] it 244: joint limit violated by 0.50 rad
[anomaly] it 244: contact penetration 5.6 cm
[anomaly] it 244: contact force 17736 N > 50x robot weight
terrain it  244 mean_level 0.2739
it  245 steps  24084480 sps   39,363 | ep_ret   -4.25 ep_len  900.6 (n=86) | pg -0.011 vf 0.014 kl 0.0150 lr 1.7e-04
[anomaly] it 245: explained variance -1.54 < 0 after warm-up: value function not predicting returns
[anomaly] it 245: terminal-step reward dominates the episode: survival is being punished
[anomaly] it 245: joint limit violated by 0.55 rad
[anomaly] it 245: contact penetration 6.1 cm
[anomaly] it 245: contact force 16173 N > 50x robot weight
terrain it  245 mean_level 0.2808
it  246 steps  24182784 sps   39,358 | ep_ret   -4.52 ep_len  924.3 (n=88) | pg -0.010 vf 0.012 kl 0.0158 lr 1.7e-04
[anomaly] it 246: explained variance -1.51 < 0 after warm-up: value function not predicting returns
[anomaly] it 246: terminal-step reward dominates the episode: survival is being punished
[anomaly] it 246: joint limit violated by 0.50 rad
[anomaly] it 246: contact penetration 6.5 cm
[anomaly] it 246: contact force 16198 N > 50x robot weight
terrain it  246 mean_level 0.2834
it  247 steps  24281088 sps   39,353 | ep_ret   -4.67 ep_len  959.3 (n=117) | pg -0.010 vf 0.014 kl 0.0141 lr 1.7e-04
[anomaly] it 247: explained variance -2.01 < 0 after warm-up: value function not predicting returns
[anomaly] it 247: terminal-step reward dominates the episode: survival is being punished
[anomaly] it 247: joint limit violated by 0.49 rad
[anomaly] it 247: contact penetration 5.5 cm
[anomaly] it 247: contact force 17759 N > 50x robot weight
terrain it  247 mean_level 0.2905
it  248 steps  24379392 sps   39,348 | ep_ret   -3.83 ep_len  963.0 (n=99) | pg -0.010 vf 0.014 kl 0.0146 lr 2.6e-04
[anomaly] it 248: explained variance -1.66 < 0 after warm-up: value function not predicting returns
[anomaly] it 248: terminal-step reward dominates the episode: survival is being punished
[anomaly] it 248: joint limit violated by 0.46 rad
[anomaly] it 248: contact penetration 5.7 cm
[anomaly] it 248: contact force 17720 N > 50x robot weight
terrain it  248 mean_level 0.2957
it  249 steps  24477696 sps   39,343 | ep_ret   -4.02 ep_len  887.4 (n=104) | pg -0.011 vf 0.014 kl 0.0158 lr 2.6e-04
[anomaly] it 249: explained variance -0.47 < 0 after warm-up: value function not predicting returns
[anomaly] it 249: terminal-step reward dominates the episode: survival is being punished
[anomaly] it 249: joint limit violated by 0.51 rad
[anomaly] it 249: contact penetration 5.8 cm
[anomaly] it 249: contact force 16185 N > 50x robot weight
terrain it  249 mean_level 0.3000
it  250 steps  24576000 sps   39,338 | ep_ret   -4.14 ep_len  948.6 (n=117) | pg -0.010 vf 0.013 kl 0.0146 lr 1.7e-04
[anomaly] it 250: explained variance -1.07 < 0 after warm-up: value function not predicting returns
[anomaly] it 250: terminal-step reward dominates the episode: survival is being punished
[anomaly] it 250: joint limit violated by 0.49 rad
[anomaly] it 250: contact penetration 5.8 cm
[anomaly] it 250: contact force 16188 N > 50x robot weight
terrain it  250 mean_level 0.3076
it  251 steps  24674304 sps   39,333 | ep_ret   -3.88 ep_len  953.6 (n=134) | pg -0.010 vf 0.011 kl 0.0174 lr 2.6e-04
[anomaly] it 251: explained variance -1.04 < 0 after warm-up: value function not predicting returns
[anomaly] it 251: terminal-step reward dominates the episode: survival is being punished
[anomaly] it 251: joint limit violated by 0.52 rad
[anomaly] it 251: contact penetration 6.9 cm
[anomaly] it 251: contact force 17469 N > 50x robot weight
terrain it  251 mean_level 0.3140
it  252 steps  24772608 sps   39,328 | ep_ret   -3.27 ep_len  970.2 (n=126) | pg -0.010 vf 0.012 kl 0.0150 lr 1.7e-04
[anomaly] it 252: explained variance -1.71 < 0 after warm-up: value function not predicting returns
[anomaly] it 252: terminal-step reward dominates the episode: survival is being punished
[anomaly] it 252: joint limit violated by 0.57 rad
[anomaly] it 252: contact penetration 4.7 cm
[anomaly] it 252: contact force 16197 N > 50x robot weight
terrain it  252 mean_level 0.3228
it  253 steps  24870912 sps   39,322 | ep_ret   -3.51 ep_len  951.6 (n=122) | pg -0.010 vf 0.012 kl 0.0135 lr 1.7e-04
[anomaly] it 253: explained variance -2.00 < 0 after warm-up: value function not predicting returns
[anomaly] it 253: terminal-step reward dominates the episode: survival is being punished
[anomaly] it 253: joint limit violated by 0.54 rad
[anomaly] it 253: contact penetration 6.4 cm
terrain it  253 mean_level 0.3291
it  254 steps  24969216 sps   39,317 | ep_ret   -3.54 ep_len  974.7 (n=156) | pg -0.011 vf 0.010 kl 0.0138 lr 2.6e-04
[anomaly] it 254: explained variance -2.18 < 0 after warm-up: value function not predicting returns
[anomaly] it 254: terminal-step reward dominates the episode: survival is being punished
[anomaly] it 254: joint limit violated by 0.43 rad
[anomaly] it 254: contact penetration 7.2 cm
terrain it  254 mean_level 0.3381
it  255 steps  25067520 sps   39,312 | ep_ret   -3.00 ep_len  959.6 (n=134) | pg -0.009 vf 0.010 kl 0.0154 lr 2.6e-04
[anomaly] it 255: explained variance -2.07 < 0 after warm-up: value function not predicting returns
[anomaly] it 255: terminal-step reward dominates the episode: survival is being punished
[anomaly] it 255: joint limit violated by 0.53 rad
[anomaly] it 255: contact penetration 6.5 cm
terrain it  255 mean_level 0.3430
it  256 steps  25165824 sps   39,308 | ep_ret   -3.11 ep_len  971.2 (n=134) | pg -0.010 vf 0.011 kl 0.0148 lr 1.7e-04
[anomaly] it 256: explained variance -1.40 < 0 after warm-up: value function not predicting returns
[anomaly] it 256: terminal-step reward dominates the episode: survival is being punished
[anomaly] it 256: joint limit violated by 0.46 rad
[anomaly] it 256: contact penetration 6.2 cm
terrain it  256 mean_level 0.3523
it  257 steps  25264128 sps   39,303 | ep_ret   -3.16 ep_len  965.6 (n=136) | pg -0.010 vf 0.009 kl 0.0149 lr 2.6e-04
[anomaly] it 257: explained variance -1.29 < 0 after warm-up: value function not predicting returns
[anomaly] it 257: terminal-step reward dominates the episode: survival is being punished
[anomaly] it 257: joint limit violated by 0.46 rad
[anomaly] it 257: contact penetration 5.4 cm
terrain it  257 mean_level 0.3608
it  258 steps  25362432 sps   39,298 | ep_ret   -2.91 ep_len  976.5 (n=142) | pg -0.011 vf 0.010 kl 0.0166 lr 2.6e-04
[anomaly] it 258: explained variance -1.84 < 0 after warm-up: value function not predicting returns
[anomaly] it 258: terminal-step reward dominates the episode: survival is being punished
[anomaly] it 258: joint limit violated by 0.48 rad
[anomaly] it 258: contact penetration 6.2 cm
terrain it  258 mean_level 0.3704
it  259 steps  25460736 sps   39,293 | ep_ret   -3.03 ep_len  968.9 (n=115) | pg -0.011 vf 0.011 kl 0.0148 lr 2.6e-04
[anomaly] it 259: explained variance -0.92 < 0 after warm-up: value function not predicting returns
[anomaly] it 259: terminal-step reward dominates the episode: survival is being punished
[anomaly] it 259: joint limit violated by 0.48 rad
[anomaly] it 259: contact penetration 5.7 cm
terrain it  259 mean_level 0.3757
it  260 steps  25559040 sps   39,288 | ep_ret   -2.76 ep_len  974.2 (n=125) | pg -0.009 vf 0.013 kl 0.0158 lr 2.6e-04
[anomaly] it 260: explained variance -2.80 < 0 after warm-up: value function not predicting returns
[anomaly] it 260: terminal-step reward dominates the episode: survival is being punished
[anomaly] it 260: joint limit violated by 0.51 rad
[anomaly] it 260: contact penetration 6.3 cm
terrain it  260 mean_level 0.3821
it  261 steps  25657344 sps   39,282 | ep_ret   -3.08 ep_len  950.3 (n=144) | pg -0.011 vf 0.011 kl 0.0156 lr 1.7e-04
[anomaly] it 261: explained variance -0.77 < 0 after warm-up: value function not predicting returns
[anomaly] it 261: terminal-step reward dominates the episode: survival is being punished
[anomaly] it 261: joint limit violated by 0.50 rad
[anomaly] it 261: contact penetration 4.7 cm
terrain it  261 mean_level 0.3896
it  262 steps  25755648 sps   39,277 | ep_ret   -2.80 ep_len  959.3 (n=134) | pg -0.009 vf 0.011 kl 0.0136 lr 1.7e-04
[anomaly] it 262: explained variance -1.78 < 0 after warm-up: value function not predicting returns
[anomaly] it 262: terminal-step reward dominates the episode: survival is being punished
[anomaly] it 262: joint limit violated by 0.49 rad
[anomaly] it 262: contact penetration 5.1 cm
terrain it  262 mean_level 0.3977
it  263 steps  25853952 sps   39,271 | ep_ret   -3.05 ep_len  971.2 (n=129) | pg -0.010 vf 0.011 kl 0.0151 lr 2.6e-04
[anomaly] it 263: explained variance -2.62 < 0 after warm-up: value function not predicting returns
[anomaly] it 263: terminal-step reward dominates the episode: survival is being punished
[anomaly] it 263: joint limit violated by 0.53 rad
[anomaly] it 263: contact penetration 5.8 cm
terrain it  263 mean_level 0.4092
it  264 steps  25952256 sps   39,266 | ep_ret   -3.07 ep_len  951.6 (n=115) | pg -0.009 vf 0.012 kl 0.0156 lr 1.7e-04
[anomaly] it 264: explained variance -1.61 < 0 after warm-up: value function not predicting returns
[anomaly] it 264: terminal-step reward dominates the episode: survival is being punished
[anomaly] it 264: joint limit violated by 0.53 rad
[anomaly] it 264: contact penetration 5.5 cm
[anomaly] it 264: contact force 23901 N > 50x robot weight
terrain it  264 mean_level 0.4163
it  265 steps  26050560 sps   39,260 | ep_ret   -2.72 ep_len  961.7 (n=103) | pg -0.010 vf 0.013 kl 0.0155 lr 2.6e-04
[anomaly] it 265: explained variance -1.14 < 0 after warm-up: value function not predicting returns
[anomaly] it 265: terminal-step reward dominates the episode: survival is being punished
[anomaly] it 265: joint limit violated by 0.50 rad
[anomaly] it 265: contact penetration 4.9 cm
[anomaly] it 265: contact force 23909 N > 50x robot weight
terrain it  265 mean_level 0.4226
it  266 steps  26148864 sps   39,255 | ep_ret   -2.65 ep_len  950.4 (n=104) | pg -0.010 vf 0.010 kl 0.0149 lr 2.6e-04
[anomaly] it 266: explained variance -1.10 < 0 after warm-up: value function not predicting returns
[anomaly] it 266: terminal-step reward dominates the episode: survival is being punished
[anomaly] it 266: joint limit violated by 0.44 rad
[anomaly] it 266: contact penetration 6.1 cm
[anomaly] it 266: contact force 23792 N > 50x robot weight
terrain it  266 mean_level 0.4287
it  267 steps  26247168 sps   39,248 | ep_ret   -2.22 ep_len  983.2 (n=113) | pg -0.010 vf 0.011 kl 0.0161 lr 2.6e-04
[anomaly] it 267: explained variance -4.10 < 0 after warm-up: value function not predicting returns
[anomaly] it 267: terminal-step reward dominates the episode: survival is being punished
[anomaly] it 267: joint limit violated by 0.45 rad
[anomaly] it 267: contact penetration 6.0 cm
[anomaly] it 267: contact force 30117 N > 50x robot weight
terrain it  267 mean_level 0.4353
it  268 steps  26345472 sps   39,243 | ep_ret   -2.50 ep_len  965.1 (n=104) | pg -0.010 vf 0.011 kl 0.0161 lr 2.6e-04
[anomaly] it 268: explained variance -1.23 < 0 after warm-up: value function not predicting returns
[anomaly] it 268: terminal-step reward dominates the episode: survival is being punished
[anomaly] it 268: joint limit violated by 0.49 rad
[anomaly] it 268: contact penetration 5.3 cm
[anomaly] it 268: contact force 28573 N > 50x robot weight
terrain it  268 mean_level 0.4395
it  269 steps  26443776 sps   39,235 | ep_ret   -2.35 ep_len  974.1 (n=88) | pg -0.009 vf 0.012 kl 0.0158 lr 2.6e-04
[anomaly] it 269: explained variance -6.37 < 0 after warm-up: value function not predicting returns
[anomaly] it 269: terminal-step reward dominates the episode: survival is being punished
[anomaly] it 269: joint limit violated by 0.47 rad
[anomaly] it 269: contact penetration 6.0 cm
[anomaly] it 269: contact force 28650 N > 50x robot weight
terrain it  269 mean_level 0.4446
it  270 steps  26542080 sps   39,229 | ep_ret   -2.49 ep_len  914.0 (n=92) | pg -0.011 vf 0.010 kl 0.0158 lr 2.6e-04
[anomaly] it 270: explained variance -1.11 < 0 after warm-up: value function not predicting returns
[anomaly] it 270: terminal-step reward dominates the episode: survival is being punished
[anomaly] it 270: joint limit violated by 0.43 rad
[anomaly] it 270: contact penetration 5.2 cm
[anomaly] it 270: contact force 28651 N > 50x robot weight
terrain it  270 mean_level 0.4492
it  271 steps  26640384 sps   39,224 | ep_ret   -2.54 ep_len  930.8 (n=83) | pg -0.011 vf 0.012 kl 0.0158 lr 2.6e-04
[anomaly] it 271: explained variance -1.89 < 0 after warm-up: value function not predicting returns
[anomaly] it 271: terminal-step reward dominates the episode: survival is being punished
[anomaly] it 271: joint limit violated by 0.53 rad
[anomaly] it 271: contact penetration 4.6 cm
[anomaly] it 271: contact force 28651 N > 50x robot weight
terrain it  271 mean_level 0.4521
it  272 steps  26738688 sps   39,219 | ep_ret   -2.88 ep_len  919.5 (n=90) | pg -0.008 vf 0.014 kl 0.0149 lr 1.7e-04
[anomaly] it 272: explained variance -1.37 < 0 after warm-up: value function not predicting returns
[anomaly] it 272: terminal-step reward dominates the episode: survival is being punished
[anomaly] it 272: joint limit violated by 0.50 rad
[anomaly] it 272: contact penetration 6.8 cm
[anomaly] it 272: contact force 28527 N > 50x robot weight
terrain it  272 mean_level 0.4568
it  273 steps  26836992 sps   39,213 | ep_ret   -2.70 ep_len  940.0 (n=92) | pg -0.011 vf 0.010 kl 0.0141 lr 2.6e-04
[anomaly] it 273: explained variance -1.54 < 0 after warm-up: value function not predicting returns
[anomaly] it 273: terminal-step reward dominates the episode: survival is being punished
[anomaly] it 273: joint limit violated by 0.53 rad
[anomaly] it 273: contact penetration 5.2 cm
[anomaly] it 273: contact force 28648 N > 50x robot weight
terrain it  273 mean_level 0.4617
it  274 steps  26935296 sps   39,208 | ep_ret   -2.53 ep_len  968.4 (n=76) | pg -0.011 vf 0.010 kl 0.0158 lr 2.6e-04
[anomaly] it 274: explained variance -2.37 < 0 after warm-up: value function not predicting returns
[anomaly] it 274: terminal-step reward dominates the episode: survival is being punished
[anomaly] it 274: joint limit violated by 0.58 rad
[anomaly] it 274: contact penetration 7.6 cm
[anomaly] it 274: contact force 28634 N > 50x robot weight
terrain it  274 mean_level 0.4646
it  275 steps  27033600 sps   39,202 | ep_ret   -3.40 ep_len  880.8 (n=62) | pg -0.011 vf 0.010 kl 0.0155 lr 2.6e-04
[anomaly] it 275: explained variance -1.15 < 0 after warm-up: value function not predicting returns
[anomaly] it 275: terminal-step reward dominates the episode: survival is being punished
[anomaly] it 275: joint limit violated by 0.46 rad
[anomaly] it 275: contact penetration 5.2 cm
[anomaly] it 275: contact force 28623 N > 50x robot weight
terrain it  275 mean_level 0.4685
it  276 steps  27131904 sps   39,196 | ep_ret   -2.32 ep_len  952.9 (n=64) | pg -0.011 vf 0.011 kl 0.0159 lr 2.6e-04
[anomaly] it 276: explained variance -2.74 < 0 after warm-up: value function not predicting returns
[anomaly] it 276: terminal-step reward dominates the episode: survival is being punished
[anomaly] it 276: joint limit violated by 0.52 rad
[anomaly] it 276: contact penetration 8.5 cm
[anomaly] it 276: contact force 28650 N > 50x robot weight
terrain it  276 mean_level 0.4688
it  277 steps  27230208 sps   39,190 | ep_ret   -2.30 ep_len  954.7 (n=79) | pg -0.008 vf 0.011 kl 0.0155 lr 1.7e-04
[anomaly] it 277: explained variance -2.33 < 0 after warm-up: value function not predicting returns
[anomaly] it 277: terminal-step reward dominates the episode: survival is being punished
[anomaly] it 277: joint limit violated by 0.52 rad
[anomaly] it 277: contact penetration 6.3 cm
[anomaly] it 277: contact force 28625 N > 50x robot weight
terrain it  277 mean_level 0.4739
it  278 steps  27328512 sps   39,184 | ep_ret   -2.06 ep_len  959.5 (n=75) | pg -0.012 vf 0.011 kl 0.0144 lr 2.6e-04
[anomaly] it 278: explained variance -2.81 < 0 after warm-up: value function not predicting returns
[anomaly] it 278: terminal-step reward dominates the episode: survival is being punished
[anomaly] it 278: joint limit violated by 0.49 rad
[anomaly] it 278: contact penetration 5.2 cm
[anomaly] it 278: contact force 28572 N > 50x robot weight
terrain it  278 mean_level 0.4785
it  279 steps  27426816 sps   39,178 | ep_ret   -2.45 ep_len  951.9 (n=85) | pg -0.010 vf 0.012 kl 0.0167 lr 2.6e-04
[anomaly] it 279: explained variance -1.75 < 0 after warm-up: value function not predicting returns
[anomaly] it 279: terminal-step reward dominates the episode: survival is being punished
[anomaly] it 279: joint limit violated by 0.51 rad
[anomaly] it 279: contact penetration 6.1 cm
[anomaly] it 279: contact force 28646 N > 50x robot weight
terrain it  279 mean_level 0.4846
it  280 steps  27525120 sps   39,172 | ep_ret   -2.24 ep_len  937.4 (n=82) | pg -0.009 vf 0.012 kl 0.0135 lr 1.7e-04
[anomaly] it 280: explained variance -1.06 < 0 after warm-up: value function not predicting returns
[anomaly] it 280: terminal-step reward dominates the episode: survival is being punished
[anomaly] it 280: joint limit violated by 0.52 rad
[anomaly] it 280: contact penetration 6.1 cm
[anomaly] it 280: contact force 28515 N > 50x robot weight
terrain it  280 mean_level 0.4875
it  281 steps  27623424 sps   39,166 | ep_ret   -1.91 ep_len  951.3 (n=80) | pg -0.009 vf 0.012 kl 0.0170 lr 2.6e-04
[anomaly] it 281: explained variance -2.84 < 0 after warm-up: value function not predicting returns
[anomaly] it 281: terminal-step reward dominates the episode: survival is being punished
[anomaly] it 281: joint limit violated by 0.46 rad
[anomaly] it 281: contact penetration 6.0 cm
[anomaly] it 281: contact force 28648 N > 50x robot weight
terrain it  281 mean_level 0.4951
it  282 steps  27721728 sps   39,161 | ep_ret   -2.39 ep_len  944.3 (n=71) | pg -0.010 vf 0.013 kl 0.0151 lr 1.7e-04
[anomaly] it 282: explained variance -1.84 < 0 after warm-up: value function not predicting returns
[anomaly] it 282: terminal-step reward dominates the episode: survival is being punished
[anomaly] it 282: joint limit violated by 0.53 rad
[anomaly] it 282: contact penetration 4.9 cm
[anomaly] it 282: contact force 23904 N > 50x robot weight
terrain it  282 mean_level 0.5007
it  283 steps  27820032 sps   39,155 | ep_ret   -2.19 ep_len  920.8 (n=79) | pg -0.010 vf 0.012 kl 0.0150 lr 1.7e-04
[anomaly] it 283: explained variance -1.23 < 0 after warm-up: value function not predicting returns
[anomaly] it 283: terminal-step reward dominates the episode: survival is being punished
[anomaly] it 283: joint limit violated by 0.52 rad
[anomaly] it 283: contact penetration 5.4 cm
[anomaly] it 283: contact force 28639 N > 50x robot weight
terrain it  283 mean_level 0.5076
it  284 steps  27918336 sps   39,149 | ep_ret   -1.61 ep_len  948.3 (n=79) | pg -0.010 vf 0.011 kl 0.0153 lr 2.6e-04
[anomaly] it 284: explained variance -2.73 < 0 after warm-up: value function not predicting returns
[anomaly] it 284: terminal-step reward dominates the episode: survival is being punished
[anomaly] it 284: joint limit violated by 0.49 rad
[anomaly] it 284: contact penetration 5.5 cm
[anomaly] it 284: contact force 28575 N > 50x robot weight
terrain it  284 mean_level 0.5115
it  285 steps  28016640 sps   39,142 | ep_ret   -1.55 ep_len  973.1 (n=71) | pg -0.011 vf 0.012 kl 0.0162 lr 2.6e-04
[anomaly] it 285: explained variance -2.72 < 0 after warm-up: value function not predicting returns
[anomaly] it 285: terminal-step reward dominates the episode: survival is being punished
[anomaly] it 285: joint limit violated by 0.51 rad
[anomaly] it 285: contact penetration 5.7 cm
[anomaly] it 285: contact force 23900 N > 50x robot weight
terrain it  285 mean_level 0.5176
it  286 steps  28114944 sps   39,137 | ep_ret   -1.47 ep_len  961.8 (n=78) | pg -0.009 vf 0.011 kl 0.0150 lr 1.7e-04
[anomaly] it 286: explained variance -3.66 < 0 after warm-up: value function not predicting returns
[anomaly] it 286: terminal-step reward dominates the episode: survival is being punished
[anomaly] it 286: joint limit violated by 0.46 rad
[anomaly] it 286: contact penetration 6.3 cm
[anomaly] it 286: contact force 28598 N > 50x robot weight
terrain it  286 mean_level 0.5227
it  287 steps  28213248 sps   39,130 | ep_ret   -1.46 ep_len  969.7 (n=88) | pg -0.011 vf 0.011 kl 0.0140 lr 2.6e-04
[anomaly] it 287: explained variance -2.60 < 0 after warm-up: value function not predicting returns
[anomaly] it 287: terminal-step reward dominates the episode: survival is being punished
[anomaly] it 287: joint limit violated by 0.46 rad
[anomaly] it 287: contact penetration 5.0 cm
[anomaly] it 287: contact force 28537 N > 50x robot weight
terrain it  287 mean_level 0.5305
it  288 steps  28311552 sps   39,122 | ep_ret   -1.27 ep_len  948.3 (n=104) | pg -0.011 vf 0.012 kl 0.0147 lr 1.7e-04
[anomaly] it 288: explained variance -1.55 < 0 after warm-up: value function not predicting returns
[anomaly] it 288: terminal-step reward dominates the episode: survival is being punished
[anomaly] it 288: joint limit violated by 0.62 rad
[anomaly] it 288: contact penetration 7.8 cm
[anomaly] it 288: contact force 28606 N > 50x robot weight
terrain it  288 mean_level 0.5371
it  289 steps  28409856 sps   39,116 | ep_ret   -0.75 ep_len  978.6 (n=114) | pg -0.010 vf 0.013 kl 0.0151 lr 2.6e-04
[anomaly] it 289: explained variance -3.80 < 0 after warm-up: value function not predicting returns
[anomaly] it 289: terminal-step reward dominates the episode: survival is being punished
[anomaly] it 289: joint limit violated by 0.45 rad
[anomaly] it 289: contact penetration 6.7 cm
[anomaly] it 289: contact force 28542 N > 50x robot weight
terrain it  289 mean_level 0.5466
it  290 steps  28508160 sps   39,110 | ep_ret   -0.66 ep_len  954.3 (n=88) | pg -0.008 vf 0.011 kl 0.0130 lr 1.7e-04
[anomaly] it 290: explained variance -1.79 < 0 after warm-up: value function not predicting returns
[anomaly] it 290: terminal-step reward dominates the episode: survival is being punished
[anomaly] it 290: joint limit violated by 0.49 rad
[anomaly] it 290: contact penetration 4.8 cm
[anomaly] it 290: contact force 23925 N > 50x robot weight
terrain it  290 mean_level 0.5535
it  291 steps  28606464 sps   39,104 | ep_ret   -0.45 ep_len  978.0 (n=102) | pg -0.009 vf 0.011 kl 0.0130 lr 1.7e-04
[anomaly] it 291: explained variance -4.17 < 0 after warm-up: value function not predicting returns
[anomaly] it 291: terminal-step reward dominates the episode: survival is being punished
[anomaly] it 291: joint limit violated by 0.51 rad
[anomaly] it 291: contact penetration 6.0 cm
[anomaly] it 291: contact force 28652 N > 50x robot weight
terrain it  291 mean_level 0.5613
it  292 steps  28704768 sps   39,098 | ep_ret   -0.65 ep_len  969.9 (n=116) | pg -0.009 vf 0.012 kl 0.0145 lr 1.7e-04
[anomaly] it 292: explained variance -3.51 < 0 after warm-up: value function not predicting returns
[anomaly] it 292: terminal-step reward dominates the episode: survival is being punished
[anomaly] it 292: joint limit violated by 0.47 rad
[anomaly] it 292: contact penetration 7.4 cm
[anomaly] it 292: contact force 28649 N > 50x robot weight
terrain it  292 mean_level 0.5662
it  293 steps  28803072 sps   39,093 | ep_ret   -0.45 ep_len  987.8 (n=141) | pg -0.009 vf 0.013 kl 0.0138 lr 1.7e-04
[anomaly] it 293: explained variance -3.28 < 0 after warm-up: value function not predicting returns
[anomaly] it 293: terminal-step reward dominates the episode: survival is being punished
[anomaly] it 293: joint limit violated by 0.47 rad
[anomaly] it 293: contact penetration 6.3 cm
[anomaly] it 293: contact force 28651 N > 50x robot weight
terrain it  293 mean_level 0.5801
it  294 steps  28901376 sps   39,087 | ep_ret   -0.98 ep_len  958.0 (n=130) | pg -0.010 vf 0.012 kl 0.0147 lr 1.7e-04
[anomaly] it 294: explained variance -1.58 < 0 after warm-up: value function not predicting returns
[anomaly] it 294: terminal-step reward dominates the episode: survival is being punished
[anomaly] it 294: joint limit violated by 0.49 rad
[anomaly] it 294: contact penetration 5.5 cm
[anomaly] it 294: contact force 23345 N > 50x robot weight
terrain it  294 mean_level 0.5923
it  295 steps  28999680 sps   39,081 | ep_ret   -0.14 ep_len  976.3 (n=132) | pg -0.009 vf 0.013 kl 0.0130 lr 1.1e-04
[anomaly] it 295: explained variance -2.32 < 0 after warm-up: value function not predicting returns
[anomaly] it 295: terminal-step reward dominates the episode: survival is being punished
[anomaly] it 295: joint limit violated by 0.43 rad
[anomaly] it 295: contact penetration 7.6 cm
[anomaly] it 295: contact force 23367 N > 50x robot weight
terrain it  295 mean_level 0.6050
it  296 steps  29097984 sps   39,076 | ep_ret   -0.33 ep_len  965.6 (n=160) | pg -0.009 vf 0.012 kl 0.0149 lr 2.6e-04
[anomaly] it 296: explained variance -2.11 < 0 after warm-up: value function not predicting returns
[anomaly] it 296: terminal-step reward dominates the episode: survival is being punished
[anomaly] it 296: joint limit violated by 0.46 rad
[anomaly] it 296: contact penetration 6.1 cm
[anomaly] it 296: contact force 23339 N > 50x robot weight
terrain it  296 mean_level 0.6201
it  297 steps  29196288 sps   39,071 | ep_ret   -0.13 ep_len  965.3 (n=123) | pg -0.009 vf 0.011 kl 0.0154 lr 1.7e-04
[anomaly] it 297: explained variance -2.88 < 0 after warm-up: value function not predicting returns
[anomaly] it 297: terminal-step reward dominates the episode: survival is being punished
[anomaly] it 297: joint limit violated by 0.49 rad
[anomaly] it 297: contact penetration 5.4 cm
[anomaly] it 297: contact force 23914 N > 50x robot weight
terrain it  297 mean_level 0.6323
it  298 steps  29294592 sps   39,067 | ep_ret    0.06 ep_len  969.3 (n=116) | pg -0.010 vf 0.013 kl 0.0154 lr 2.6e-04
[anomaly] it 298: explained variance -3.69 < 0 after warm-up: value function not predicting returns
[anomaly] it 298: terminal-step reward dominates the episode: survival is being punished
[anomaly] it 298: joint limit violated by 0.46 rad
[anomaly] it 298: contact penetration 6.6 cm
[anomaly] it 298: contact force 23417 N > 50x robot weight
terrain it  298 mean_level 0.6411
it  299 steps  29392896 sps   39,063 | ep_ret   -0.02 ep_len  975.1 (n=136) | pg -0.008 vf 0.011 kl 0.0133 lr 1.7e-04
[anomaly] it 299: explained variance -1.83 < 0 after warm-up: value function not predicting returns
[anomaly] it 299: terminal-step reward dominates the episode: survival is being punished
[anomaly] it 299: joint limit violated by 0.54 rad
[anomaly] it 299: contact penetration 6.1 cm
[anomaly] it 299: contact force 23374 N > 50x robot weight
terrain it  299 mean_level 0.6548
it  300 steps  29491200 sps   39,058 | ep_ret   -0.10 ep_len  971.1 (n=141) | pg -0.010 vf 0.010 kl 0.0162 lr 2.6e-04
[anomaly] it 300: explained variance -1.31 < 0 after warm-up: value function not predicting returns
[anomaly] it 300: terminal-step reward dominates the episode: survival is being punished
[anomaly] it 300: joint limit violated by 0.44 rad
[anomaly] it 300: contact penetration 4.7 cm
[anomaly] it 300: contact force 23898 N > 50x robot weight
terrain it  300 mean_level 0.6689
it  301 steps  29589504 sps   39,054 | ep_ret    0.17 ep_len  967.6 (n=122) | pg -0.008 vf 0.013 kl 0.0158 lr 1.7e-04
[anomaly] it 301: explained variance -3.72 < 0 after warm-up: value function not predicting returns
[anomaly] it 301: terminal-step reward dominates the episode: survival is being punished
[anomaly] it 301: joint limit violated by 0.48 rad
[anomaly] it 301: contact penetration 5.9 cm
[anomaly] it 301: contact force 23899 N > 50x robot weight
terrain it  301 mean_level 0.6838
it  302 steps  29687808 sps   39,050 | ep_ret   -0.17 ep_len  952.7 (n=119) | pg -0.010 vf 0.011 kl 0.0145 lr 1.7e-04
[anomaly] it 302: explained variance -1.53 < 0 after warm-up: value function not predicting returns
[anomaly] it 302: terminal-step reward dominates the episode: survival is being punished
[anomaly] it 302: joint limit violated by 0.48 rad
[anomaly] it 302: contact penetration 5.4 cm
[anomaly] it 302: contact force 23855 N > 50x robot weight
terrain it  302 mean_level 0.6968
it  303 steps  29786112 sps   39,045 | ep_ret   -0.16 ep_len  966.2 (n=144) | pg -0.010 vf 0.011 kl 0.0160 lr 2.6e-04
[anomaly] it 303: explained variance -3.14 < 0 after warm-up: value function not predicting returns
[anomaly] it 303: terminal-step reward dominates the episode: survival is being punished
[anomaly] it 303: joint limit violated by 0.45 rad
[anomaly] it 303: contact penetration 5.7 cm
[anomaly] it 303: contact force 23822 N > 50x robot weight
terrain it  303 mean_level 0.7134
it  304 steps  29884416 sps   39,041 | ep_ret    0.08 ep_len  972.0 (n=124) | pg -0.009 vf 0.012 kl 0.0167 lr 2.6e-04
[anomaly] it 304: explained variance -2.44 < 0 after warm-up: value function not predicting returns
[anomaly] it 304: terminal-step reward dominates the episode: survival is being punished
[anomaly] it 304: joint limit violated by 0.50 rad
[anomaly] it 304: contact penetration 5.7 cm
[anomaly] it 304: contact force 23336 N > 50x robot weight
terrain it  304 mean_level 0.7253
it  305 steps  29982720 sps   39,037 | ep_ret   -0.34 ep_len  977.4 (n=120) | pg -0.009 vf 0.012 kl 0.0160 lr 2.6e-04
[anomaly] it 305: explained variance -2.08 < 0 after warm-up: value function not predicting returns
[anomaly] it 305: terminal-step reward dominates the episode: survival is being punished
[anomaly] it 305: joint limit violated by 0.48 rad
[anomaly] it 305: contact penetration 6.2 cm
[anomaly] it 305: contact force 23902 N > 50x robot weight
terrain it  305 mean_level 0.7368
it  306 steps  30081024 sps   39,033 | ep_ret   -0.37 ep_len  935.6 (n=103) | pg -0.009 vf 0.011 kl 0.0142 lr 1.7e-04
[anomaly] it 306: explained variance -1.07 < 0 after warm-up: value function not predicting returns
[anomaly] it 306: terminal-step reward dominates the episode: survival is being punished
[anomaly] it 306: joint limit violated by 0.46 rad
[anomaly] it 306: contact penetration 4.7 cm
[anomaly] it 306: contact force 23865 N > 50x robot weight
terrain it  306 mean_level 0.7471
it  307 steps  30179328 sps   39,029 | ep_ret    0.20 ep_len  964.8 (n=108) | pg -0.011 vf 0.009 kl 0.0144 lr 1.7e-04
[anomaly] it 307: explained variance -2.57 < 0 after warm-up: value function not predicting returns
[anomaly] it 307: terminal-step reward dominates the episode: survival is being punished
[anomaly] it 307: joint limit violated by 0.48 rad
[anomaly] it 307: contact penetration 5.4 cm
[anomaly] it 307: contact force 23900 N > 50x robot weight
terrain it  307 mean_level 0.7593
it  308 steps  30277632 sps   39,025 | ep_ret    0.16 ep_len  979.9 (n=94) | pg -0.010 vf 0.013 kl 0.0144 lr 1.1e-04
[anomaly] it 308: explained variance -5.96 < 0 after warm-up: value function not predicting returns
[anomaly] it 308: terminal-step reward dominates the episode: survival is being punished
[anomaly] it 308: joint limit violated by 0.56 rad
[anomaly] it 308: contact penetration 4.5 cm
[anomaly] it 308: contact force 23429 N > 50x robot weight
terrain it  308 mean_level 0.7686
it  309 steps  30375936 sps   39,021 | ep_ret   -0.35 ep_len  969.6 (n=111) | pg -0.009 vf 0.011 kl 0.0158 lr 1.7e-04
[anomaly] it 309: explained variance -2.78 < 0 after warm-up: value function not predicting returns
[anomaly] it 309: terminal-step reward dominates the episode: survival is being punished
[anomaly] it 309: joint limit violated by 0.64 rad
[anomaly] it 309: contact penetration 6.3 cm
[anomaly] it 309: contact force 23422 N > 50x robot weight
terrain it  309 mean_level 0.7795
it  310 steps  30474240 sps   39,015 | ep_ret   -0.72 ep_len  944.4 (n=102) | pg -0.009 vf 0.011 kl 0.0155 lr 2.6e-04
[anomaly] it 310: explained variance -1.12 < 0 after warm-up: value function not predicting returns
[anomaly] it 310: terminal-step reward dominates the episode: survival is being punished
[anomaly] it 310: joint limit violated by 0.53 rad
[anomaly] it 310: contact penetration 5.9 cm
[anomaly] it 310: contact force 28654 N > 50x robot weight
terrain it  310 mean_level 0.7927
it  311 steps  30572544 sps   39,011 | ep_ret   -0.44 ep_len  943.1 (n=103) | pg -0.010 vf 0.012 kl 0.0136 lr 1.7e-04
[anomaly] it 311: explained variance -1.22 < 0 after warm-up: value function not predicting returns
[anomaly] it 311: terminal-step reward dominates the episode: survival is being punished
[anomaly] it 311: joint limit violated by 0.48 rad
[anomaly] it 311: contact penetration 7.0 cm
[anomaly] it 311: contact force 28656 N > 50x robot weight
terrain it  311 mean_level 0.8040
it  312 steps  30670848 sps   39,007 | ep_ret    0.33 ep_len  968.4 (n=98) | pg -0.009 vf 0.012 kl 0.0140 lr 1.7e-04
[anomaly] it 312: explained variance -1.91 < 0 after warm-up: value function not predicting returns
[anomaly] it 312: terminal-step reward dominates the episode: survival is being punished
[anomaly] it 312: joint limit violated by 0.50 rad
[anomaly] it 312: contact penetration 4.5 cm
[anomaly] it 312: contact force 28651 N > 50x robot weight
terrain it  312 mean_level 0.8149
it  313 steps  30769152 sps   39,003 | ep_ret    0.04 ep_len  965.5 (n=71) | pg -0.009 vf 0.011 kl 0.0144 lr 2.6e-04
[anomaly] it 313: explained variance -1.91 < 0 after warm-up: value function not predicting returns
[anomaly] it 313: terminal-step reward dominates the episode: survival is being punished
[anomaly] it 313: joint limit violated by 0.50 rad
[anomaly] it 313: contact penetration 5.3 cm
[anomaly] it 313: contact force 28648 N > 50x robot weight
terrain it  313 mean_level 0.8228
it  314 steps  30867456 sps   38,999 | ep_ret    0.21 ep_len  956.8 (n=96) | pg -0.009 vf 0.012 kl 0.0172 lr 2.6e-04
[anomaly] it 314: explained variance -2.06 < 0 after warm-up: value function not predicting returns
[anomaly] it 314: terminal-step reward dominates the episode: survival is being punished
[anomaly] it 314: joint limit violated by 0.50 rad
[anomaly] it 314: contact penetration 6.5 cm
[anomaly] it 314: contact force 28645 N > 50x robot weight
terrain it  314 mean_level 0.8325
it  315 steps  30965760 sps   38,980 | ep_ret   -0.28 ep_len  942.3 (n=82) | pg -0.008 vf 0.011 kl 0.0162 lr 2.6e-04
[anomaly] it 315: explained variance -1.70 < 0 after warm-up: value function not predicting returns
[anomaly] it 315: terminal-step reward dominates the episode: survival is being punished
[anomaly] it 315: joint limit violated by 0.50 rad
[anomaly] it 315: contact penetration 5.1 cm
[anomaly] it 315: contact force 28637 N > 50x robot weight
terrain it  315 mean_level 0.8401
it  316 steps  31064064 sps   38,974 | ep_ret   -0.07 ep_len  955.7 (n=77) | pg -0.008 vf 0.013 kl 0.0149 lr 1.7e-04
[anomaly] it 316: explained variance -1.35 < 0 after warm-up: value function not predicting returns
[anomaly] it 316: terminal-step reward dominates the episode: survival is being punished
[anomaly] it 316: joint limit violated by 0.49 rad
[anomaly] it 316: contact penetration 5.9 cm
[anomaly] it 316: contact force 18145 N > 50x robot weight
terrain it  316 mean_level 0.8467
it  317 steps  31162368 sps   38,970 | ep_ret    0.06 ep_len  925.7 (n=72) | pg -0.009 vf 0.014 kl 0.0141 lr 1.7e-04
[anomaly] it 317: explained variance -1.87 < 0 after warm-up: value function not predicting returns
[anomaly] it 317: terminal-step reward dominates the episode: survival is being punished
[anomaly] it 317: joint limit violated by 0.54 rad
[anomaly] it 317: contact penetration 6.9 cm
[anomaly] it 317: contact force 28603 N > 50x robot weight
terrain it  317 mean_level 0.8530
it  318 steps  31260672 sps   38,966 | ep_ret   -0.28 ep_len  924.8 (n=76) | pg -0.009 vf 0.013 kl 0.0124 lr 1.1e-04
[anomaly] it 318: explained variance -1.20 < 0 after warm-up: value function not predicting returns
[anomaly] it 318: terminal-step reward dominates the episode: survival is being punished
[anomaly] it 318: joint limit violated by 0.49 rad
[anomaly] it 318: contact penetration 4.7 cm
[anomaly] it 318: contact force 28648 N > 50x robot weight
terrain it  318 mean_level 0.8608
it  319 steps  31358976 sps   38,962 | ep_ret    0.01 ep_len  922.4 (n=84) | pg -0.009 vf 0.013 kl 0.0145 lr 2.6e-04
[anomaly] it 319: explained variance -1.08 < 0 after warm-up: value function not predicting returns
[anomaly] it 319: terminal-step reward dominates the episode: survival is being punished
[anomaly] it 319: joint limit violated by 0.48 rad
[anomaly] it 319: contact penetration 5.3 cm
[anomaly] it 319: contact force 28559 N > 50x robot weight
terrain it  319 mean_level 0.8665
it  320 steps  31457280 sps   38,957 | ep_ret    0.50 ep_len  937.9 (n=80) | pg -0.009 vf 0.014 kl 0.0160 lr 2.6e-04
[anomaly] it 320: explained variance -1.64 < 0 after warm-up: value function not predicting returns
[anomaly] it 320: terminal-step reward dominates the episode: survival is being punished
[anomaly] it 320: joint limit violated by 0.52 rad
[anomaly] it 320: contact penetration 4.8 cm
[anomaly] it 320: contact force 28572 N > 50x robot weight
terrain it  320 mean_level 0.8740
it  321 steps  31555584 sps   38,953 | ep_ret    0.32 ep_len  968.4 (n=88) | pg -0.008 vf 0.015 kl 0.0152 lr 1.7e-04
[anomaly] it 321: explained variance -2.07 < 0 after warm-up: value function not predicting returns
[anomaly] it 321: terminal-step reward dominates the episode: survival is being punished
[anomaly] it 321: joint limit violated by 0.50 rad
[anomaly] it 321: contact penetration 5.8 cm
[anomaly] it 321: contact force 28536 N > 50x robot weight
terrain it  321 mean_level 0.8870
it  322 steps  31653888 sps   38,949 | ep_ret    0.09 ep_len  941.0 (n=83) | pg -0.009 vf 0.014 kl 0.0151 lr 1.7e-04
[anomaly] it 322: explained variance -2.56 < 0 after warm-up: value function not predicting returns
[anomaly] it 322: terminal-step reward dominates the episode: survival is being punished
[anomaly] it 322: joint limit violated by 0.54 rad
[anomaly] it 322: contact penetration 6.4 cm
[anomaly] it 322: contact force 28651 N > 50x robot weight
terrain it  322 mean_level 0.8965
it  323 steps  31752192 sps   38,945 | ep_ret   -0.01 ep_len  929.1 (n=75) | pg -0.009 vf 0.012 kl 0.0133 lr 1.7e-04
[anomaly] it 323: explained variance -2.52 < 0 after warm-up: value function not predicting returns
[anomaly] it 323: terminal-step reward dominates the episode: survival is being punished
[anomaly] it 323: joint limit violated by 0.51 rad
[anomaly] it 323: contact penetration 5.7 cm
[anomaly] it 323: contact force 28516 N > 50x robot weight
terrain it  323 mean_level 0.9026
it  324 steps  31850496 sps   38,941 | ep_ret   -0.05 ep_len  934.5 (n=76) | pg -0.010 vf 0.015 kl 0.0163 lr 2.6e-04
[anomaly] it 324: explained variance -1.06 < 0 after warm-up: value function not predicting returns
[anomaly] it 324: terminal-step reward dominates the episode: survival is being punished
[anomaly] it 324: joint limit violated by 0.50 rad
[anomaly] it 324: contact penetration 7.0 cm
[anomaly] it 324: contact force 28507 N > 50x robot weight
terrain it  324 mean_level 0.9106
it  325 steps  31948800 sps   38,937 | ep_ret    0.39 ep_len  937.3 (n=85) | pg -0.009 vf 0.013 kl 0.0126 lr 1.1e-04
[anomaly] it 325: explained variance -1.61 < 0 after warm-up: value function not predicting returns
[anomaly] it 325: terminal-step reward dominates the episode: survival is being punished
[anomaly] it 325: joint limit violated by 0.56 rad
[anomaly] it 325: contact penetration 4.9 cm
[anomaly] it 325: contact force 28564 N > 50x robot weight
terrain it  325 mean_level 0.9192
it  326 steps  32047104 sps   38,934 | ep_ret    0.24 ep_len  936.4 (n=83) | pg -0.009 vf 0.014 kl 0.0142 lr 1.7e-04
[anomaly] it 326: explained variance -1.31 < 0 after warm-up: value function not predicting returns
[anomaly] it 326: terminal-step reward dominates the episode: survival is being punished
[anomaly] it 326: joint limit violated by 0.56 rad
[anomaly] it 326: contact penetration 6.3 cm
[anomaly] it 326: contact force 28649 N > 50x robot weight
terrain it  326 mean_level 0.9302
it  327 steps  32145408 sps   38,930 | ep_ret    0.56 ep_len  935.7 (n=76) | pg -0.009 vf 0.013 kl 0.0150 lr 2.6e-04
[anomaly] it 327: explained variance -2.52 < 0 after warm-up: value function not predicting returns
[anomaly] it 327: terminal-step reward dominates the episode: survival is being punished
[anomaly] it 327: joint limit violated by 0.49 rad
[anomaly] it 327: contact penetration 6.4 cm
[anomaly] it 327: contact force 28653 N > 50x robot weight
terrain it  327 mean_level 0.9387
it  328 steps  32243712 sps   38,926 | ep_ret    0.40 ep_len  917.3 (n=88) | pg -0.009 vf 0.013 kl 0.0131 lr 1.7e-04
[anomaly] it 328: explained variance -1.36 < 0 after warm-up: value function not predicting returns
[anomaly] it 328: terminal-step reward dominates the episode: survival is being punished
[anomaly] it 328: joint limit violated by 0.60 rad
[anomaly] it 328: contact penetration 5.9 cm
[anomaly] it 328: contact force 28585 N > 50x robot weight
terrain it  328 mean_level 0.9456
it  329 steps  32342016 sps   38,922 | ep_ret    0.78 ep_len  952.7 (n=90) | pg -0.008 vf 0.014 kl 0.0141 lr 1.7e-04
[anomaly] it 329: explained variance -0.72 < 0 after warm-up: value function not predicting returns
[anomaly] it 329: terminal-step reward dominates the episode: survival is being punished
[anomaly] it 329: joint limit violated by 0.53 rad
[anomaly] it 329: contact penetration 6.1 cm
[anomaly] it 329: contact force 28641 N > 50x robot weight
terrain it  329 mean_level 0.9565
it  330 steps  32440320 sps   38,918 | ep_ret    0.41 ep_len  964.0 (n=111) | pg -0.010 vf 0.013 kl 0.0158 lr 2.6e-04
[anomaly] it 330: explained variance -1.13 < 0 after warm-up: value function not predicting returns
[anomaly] it 330: terminal-step reward dominates the episode: survival is being punished
[anomaly] it 330: joint limit violated by 0.54 rad
[anomaly] it 330: contact penetration 5.1 cm
terrain it  330 mean_level 0.9680
it  331 steps  32538624 sps   38,915 | ep_ret    1.17 ep_len  962.0 (n=104) | pg -0.009 vf 0.014 kl 0.0165 lr 2.6e-04
[anomaly] it 331: explained variance -1.55 < 0 after warm-up: value function not predicting returns
[anomaly] it 331: terminal-step reward dominates the episode: survival is being punished
[anomaly] it 331: joint limit violated by 0.53 rad
[anomaly] it 331: contact penetration 6.1 cm
terrain it  331 mean_level 0.9819
it  332 steps  32636928 sps   38,911 | ep_ret    0.63 ep_len  953.6 (n=93) | pg -0.009 vf 0.011 kl 0.0134 lr 1.7e-04
[anomaly] it 332: explained variance -2.82 < 0 after warm-up: value function not predicting returns
[anomaly] it 332: terminal-step reward dominates the episode: survival is being punished
[anomaly] it 332: joint limit violated by 0.54 rad
[anomaly] it 332: contact penetration 5.3 cm
terrain it  332 mean_level 0.9941
it  333 steps  32735232 sps   38,907 | ep_ret    1.12 ep_len  959.9 (n=117) | pg -0.010 vf 0.012 kl 0.0156 lr 2.6e-04
[anomaly] it 333: explained variance -1.49 < 0 after warm-up: value function not predicting returns
[anomaly] it 333: terminal-step reward dominates the episode: survival is being punished
[anomaly] it 333: joint limit violated by 0.49 rad
[anomaly] it 333: contact penetration 7.0 cm
terrain it  333 mean_level 1.0076
it  334 steps  32833536 sps   38,904 | ep_ret    1.46 ep_len  969.4 (n=118) | pg -0.009 vf 0.012 kl 0.0165 lr 2.6e-04
[anomaly] it 334: explained variance -1.38 < 0 after warm-up: value function not predicting returns
[anomaly] it 334: terminal-step reward dominates the episode: survival is being punished
[anomaly] it 334: joint limit violated by 0.52 rad
[anomaly] it 334: contact penetration 9.4 cm
terrain it  334 mean_level 1.0222
it  335 steps  32931840 sps   38,899 | ep_ret    1.36 ep_len  960.4 (n=131) | pg -0.009 vf 0.011 kl 0.0157 lr 2.6e-04
[anomaly] it 335: explained variance -0.63 < 0 after warm-up: value function not predicting returns
[anomaly] it 335: terminal-step reward dominates the episode: survival is being punished
[anomaly] it 335: joint limit violated by 0.53 rad
[anomaly] it 335: contact penetration 8.7 cm
terrain it  335 mean_level 1.0383
it  336 steps  33030144 sps   38,895 | ep_ret    1.73 ep_len  972.4 (n=134) | pg -0.008 vf 0.015 kl 0.0158 lr 1.7e-04
[anomaly] it 336: explained variance -1.71 < 0 after warm-up: value function not predicting returns
[anomaly] it 336: terminal-step reward dominates the episode: survival is being punished
[anomaly] it 336: joint limit violated by 0.59 rad
[anomaly] it 336: contact penetration 5.2 cm
terrain it  336 mean_level 1.0559
it  337 steps  33128448 sps   38,892 | ep_ret    1.74 ep_len  963.1 (n=144) | pg -0.010 vf 0.013 kl 0.0134 lr 1.7e-04
[anomaly] it 337: explained variance -0.86 < 0 after warm-up: value function not predicting returns
[anomaly] it 337: terminal-step reward dominates the episode: survival is being punished
[anomaly] it 337: joint limit violated by 0.54 rad
[anomaly] it 337: contact penetration 5.7 cm
terrain it  337 mean_level 1.0752
it  338 steps  33226752 sps   38,888 | ep_ret    1.89 ep_len  983.8 (n=147) | pg -0.008 vf 0.013 kl 0.0130 lr 1.1e-04
[anomaly] it 338: explained variance -3.54 < 0 after warm-up: value function not predicting returns
[anomaly] it 338: terminal-step reward dominates the episode: survival is being punished
[anomaly] it 338: joint limit violated by 0.57 rad
[anomaly] it 338: contact penetration 5.3 cm
terrain it  338 mean_level 1.0940
it  339 steps  33325056 sps   38,885 | ep_ret    1.12 ep_len  931.3 (n=112) | pg -0.010 vf 0.013 kl 0.0152 lr 2.6e-04
[anomaly] it 339: explained variance -0.56 < 0 after warm-up: value function not predicting returns
[anomaly] it 339: terminal-step reward dominates the episode: survival is being punished
[anomaly] it 339: joint limit violated by 0.56 rad
[anomaly] it 339: contact penetration 5.8 cm
terrain it  339 mean_level 1.1062
it  340 steps  33423360 sps   38,881 | ep_ret    1.84 ep_len  964.0 (n=129) | pg -0.009 vf 0.014 kl 0.0157 lr 2.6e-04
[anomaly] it 340: explained variance -2.69 < 0 after warm-up: value function not predicting returns
[anomaly] it 340: terminal-step reward dominates the episode: survival is being punished
[anomaly] it 340: joint limit violated by 0.55 rad
[anomaly] it 340: contact penetration 6.1 cm
terrain it  340 mean_level 1.1243
it  341 steps  33521664 sps   38,878 | ep_ret    1.62 ep_len  963.0 (n=133) | pg -0.009 vf 0.012 kl 0.0165 lr 1.1e-04
[anomaly] it 341: explained variance -1.08 < 0 after warm-up: value function not predicting returns
[anomaly] it 341: terminal-step reward dominates the episode: survival is being punished
[anomaly] it 341: joint limit violated by 0.50 rad
[anomaly] it 341: contact penetration 5.5 cm
terrain it  341 mean_level 1.1416
it  342 steps  33619968 sps   38,874 | ep_ret    1.80 ep_len  957.5 (n=137) | pg -0.011 vf 0.013 kl 0.0152 lr 2.6e-04
[anomaly] it 342: explained variance -1.44 < 0 after warm-up: value function not predicting returns
[anomaly] it 342: terminal-step reward dominates the episode: survival is being punished
[anomaly] it 342: joint limit violated by 0.59 rad
[anomaly] it 342: contact penetration 4.6 cm
terrain it  342 mean_level 1.1599
it  343 steps  33718272 sps   38,870 | ep_ret    1.78 ep_len  953.2 (n=115) | pg -0.010 vf 0.013 kl 0.0136 lr 1.7e-04
[anomaly] it 343: explained variance -1.77 < 0 after warm-up: value function not predicting returns
[anomaly] it 343: terminal-step reward dominates the episode: survival is being punished
[anomaly] it 343: joint limit violated by 0.57 rad
[anomaly] it 343: contact penetration 4.9 cm
terrain it  343 mean_level 1.1729
it  344 steps  33816576 sps   38,867 | ep_ret    1.50 ep_len  952.3 (n=136) | pg -0.010 vf 0.012 kl 0.0158 lr 2.6e-04
[anomaly] it 344: explained variance -1.32 < 0 after warm-up: value function not predicting returns
[anomaly] it 344: terminal-step reward dominates the episode: survival is being punished
[anomaly] it 344: joint limit violated by 0.58 rad
[anomaly] it 344: contact penetration 4.6 cm
terrain it  344 mean_level 1.1863
it  345 steps  33914880 sps   38,863 | ep_ret    2.01 ep_len  972.3 (n=134) | pg -0.009 vf 0.012 kl 0.0167 lr 2.6e-04
[anomaly] it 345: explained variance -2.66 < 0 after warm-up: value function not predicting returns
[anomaly] it 345: terminal-step reward dominates the episode: survival is being punished
[anomaly] it 345: joint limit violated by 0.58 rad
[anomaly] it 345: contact penetration 7.6 cm
terrain it  345 mean_level 1.2009
it  346 steps  34013184 sps   38,860 | ep_ret    1.91 ep_len  971.2 (n=116) | pg -0.009 vf 0.012 kl 0.0161 lr 1.7e-04
[anomaly] it 346: explained variance -1.92 < 0 after warm-up: value function not predicting returns
[anomaly] it 346: terminal-step reward dominates the episode: survival is being punished
[anomaly] it 346: joint limit violated by 0.52 rad
[anomaly] it 346: contact penetration 6.2 cm
terrain it  346 mean_level 1.2151
it  347 steps  34111488 sps   38,856 | ep_ret    1.84 ep_len  969.8 (n=108) | pg -0.010 vf 0.013 kl 0.0151 lr 2.6e-04
[anomaly] it 347: explained variance -1.67 < 0 after warm-up: value function not predicting returns
[anomaly] it 347: terminal-step reward dominates the episode: survival is being punished
[anomaly] it 347: joint limit violated by 0.53 rad
[anomaly] it 347: contact penetration 5.8 cm
terrain it  347 mean_level 1.2280
it  348 steps  34209792 sps   38,853 | ep_ret    1.60 ep_len  960.9 (n=89) | pg -0.009 vf 0.009 kl 0.0168 lr 2.6e-04
[anomaly] it 348: explained variance -1.45 < 0 after warm-up: value function not predicting returns
[anomaly] it 348: terminal-step reward dominates the episode: survival is being punished
[anomaly] it 348: joint limit violated by 0.46 rad
[anomaly] it 348: contact penetration 4.4 cm
terrain it  348 mean_level 1.2373
it  349 steps  34308096 sps   38,849 | ep_ret    2.05 ep_len  961.3 (n=111) | pg -0.009 vf 0.011 kl 0.0149 lr 1.7e-04
[anomaly] it 349: explained variance -2.36 < 0 after warm-up: value function not predicting returns
[anomaly] it 349: terminal-step reward dominates the episode: survival is being punished
[anomaly] it 349: joint limit violated by 0.58 rad
[anomaly] it 349: contact penetration 5.2 cm
terrain it  349 mean_level 1.2527
it  350 steps  34406400 sps   38,846 | ep_ret    1.79 ep_len  959.5 (n=97) | pg -0.009 vf 0.014 kl 0.0158 lr 2.6e-04
[anomaly] it 350: explained variance -2.15 < 0 after warm-up: value function not predicting returns
[anomaly] it 350: terminal-step reward dominates the episode: survival is being punished
[anomaly] it 350: joint limit violated by 0.53 rad
[anomaly] it 350: contact penetration 6.0 cm
terrain it  350 mean_level 1.2651
it  351 steps  34504704 sps   38,843 | ep_ret    1.94 ep_len  948.2 (n=105) | pg -0.009 vf 0.014 kl 0.0163 lr 2.6e-04
[anomaly] it 351: explained variance -1.71 < 0 after warm-up: value function not predicting returns
[anomaly] it 351: terminal-step reward dominates the episode: survival is being punished
[anomaly] it 351: joint limit violated by 0.52 rad
[anomaly] it 351: contact penetration 5.3 cm
[anomaly] it 351: contact force 22617 N > 50x robot weight
terrain it  351 mean_level 1.2769
it  352 steps  34603008 sps   38,840 | ep_ret    1.24 ep_len  945.7 (n=110) | pg -0.008 vf 0.011 kl 0.0151 lr 1.7e-04
[anomaly] it 352: explained variance -0.50 < 0 after warm-up: value function not predicting returns
[anomaly] it 352: terminal-step reward dominates the episode: survival is being punished
[anomaly] it 352: joint limit violated by 0.52 rad
[anomaly] it 352: contact penetration 5.8 cm
[anomaly] it 352: contact force 25126 N > 50x robot weight
terrain it  352 mean_level 1.2883
it  353 steps  34701312 sps   38,838 | ep_ret    1.81 ep_len  960.2 (n=97) | pg -0.010 vf 0.012 kl 0.0148 lr 2.6e-04
[anomaly] it 353: explained variance -1.91 < 0 after warm-up: value function not predicting returns
[anomaly] it 353: terminal-step reward dominates the episode: survival is being punished
[anomaly] it 353: joint limit violated by 0.51 rad
[anomaly] it 353: contact penetration 6.2 cm
[anomaly] it 353: contact force 24692 N > 50x robot weight
terrain it  353 mean_level 1.2998
it  354 steps  34799616 sps   38,835 | ep_ret    1.92 ep_len  969.6 (n=88) | pg -0.010 vf 0.011 kl 0.0155 lr 2.6e-04
[anomaly] it 354: explained variance -2.14 < 0 after warm-up: value function not predicting returns
[anomaly] it 354: terminal-step reward dominates the episode: survival is being punished
[anomaly] it 354: joint limit violated by 0.53 rad
[anomaly] it 354: contact penetration 5.3 cm
[anomaly] it 354: contact force 22613 N > 50x robot weight
terrain it  354 mean_level 1.3103
it  355 steps  34897920 sps   38,831 | ep_ret    1.50 ep_len  950.9 (n=81) | pg -0.009 vf 0.012 kl 0.0170 lr 2.6e-04
[anomaly] it 355: explained variance -2.30 < 0 after warm-up: value function not predicting returns
[anomaly] it 355: terminal-step reward dominates the episode: survival is being punished
[anomaly] it 355: joint limit violated by 0.50 rad
[anomaly] it 355: contact penetration 4.8 cm
[anomaly] it 355: contact force 25131 N > 50x robot weight
terrain it  355 mean_level 1.3201
it  356 steps  34996224 sps   38,828 | ep_ret    1.49 ep_len  948.1 (n=100) | pg -0.007 vf 0.014 kl 0.0142 lr 1.7e-04
[anomaly] it 356: explained variance -1.19 < 0 after warm-up: value function not predicting returns
[anomaly] it 356: terminal-step reward dominates the episode: survival is being punished
[anomaly] it 356: joint limit violated by 0.53 rad
[anomaly] it 356: contact penetration 6.7 cm
[anomaly] it 356: contact force 23156 N > 50x robot weight
terrain it  356 mean_level 1.3298
it  357 steps  35094528 sps   38,824 | ep_ret    1.61 ep_len  921.7 (n=71) | pg -0.009 vf 0.015 kl 0.0155 lr 2.6e-04
[anomaly] it 357: explained variance -2.04 < 0 after warm-up: value function not predicting returns
[anomaly] it 357: terminal-step reward dominates the episode: survival is being punished
[anomaly] it 357: joint limit violated by 0.53 rad
[anomaly] it 357: contact penetration 4.5 cm
[anomaly] it 357: contact force 25133 N > 50x robot weight
terrain it  357 mean_level 1.3369
it  358 steps  35192832 sps   38,821 | ep_ret    0.83 ep_len  933.4 (n=83) | pg -0.006 vf 0.016 kl 0.0178 lr 2.6e-04
[anomaly] it 358: explained variance -2.21 < 0 after warm-up: value function not predicting returns
[anomaly] it 358: terminal-step reward dominates the episode: survival is being punished
[anomaly] it 358: joint limit violated by 0.52 rad
[anomaly] it 358: contact penetration 7.2 cm
[anomaly] it 358: contact force 25114 N > 50x robot weight
terrain it  358 mean_level 1.3455
it  359 steps  35291136 sps   38,817 | ep_ret    0.96 ep_len  911.9 (n=81) | pg -0.008 vf 0.015 kl 0.0161 lr 2.6e-04
[anomaly] it 359: explained variance -0.90 < 0 after warm-up: value function not predicting returns
[anomaly] it 359: terminal-step reward dominates the episode: survival is being punished
[anomaly] it 359: joint limit violated by 0.61 rad
[anomaly] it 359: contact penetration 4.4 cm
[anomaly] it 359: contact force 24832 N > 50x robot weight
terrain it  359 mean_level 1.3535
it  360 steps  35389440 sps   38,813 | ep_ret    1.38 ep_len  950.4 (n=84) | pg -0.008 vf 0.013 kl 0.0175 lr 1.7e-04
[anomaly] it 360: explained variance -1.57 < 0 after warm-up: value function not predicting returns
[anomaly] it 360: terminal-step reward dominates the episode: survival is being punished
[anomaly] it 360: joint limit violated by 0.55 rad
[anomaly] it 360: contact penetration 6.4 cm
[anomaly] it 360: contact force 23442 N > 50x robot weight
terrain it  360 mean_level 1.3662
it  361 steps  35487744 sps   38,809 | ep_ret    1.62 ep_len  968.4 (n=73) | pg -0.009 vf 0.013 kl 0.0157 lr 2.6e-04
[anomaly] it 361: explained variance -2.87 < 0 after warm-up: value function not predicting returns
[anomaly] it 361: terminal-step reward dominates the episode: survival is being punished
[anomaly] it 361: joint limit violated by 0.62 rad
[anomaly] it 361: contact penetration 7.1 cm
[anomaly] it 361: contact force 22610 N > 50x robot weight
terrain it  361 mean_level 1.3748
it  362 steps  35586048 sps   38,806 | ep_ret    1.43 ep_len  928.0 (n=92) | pg -0.008 vf 0.016 kl 0.0153 lr 1.1e-04
[anomaly] it 362: explained variance -0.76 < 0 after warm-up: value function not predicting returns
[anomaly] it 362: terminal-step reward dominates the episode: survival is being punished
[anomaly] it 362: joint limit violated by 0.61 rad
[anomaly] it 362: contact penetration 5.2 cm
[anomaly] it 362: contact force 22592 N > 50x robot weight
terrain it  362 mean_level 1.3867
it  363 steps  35684352 sps   38,802 | ep_ret    1.05 ep_len  935.5 (n=80) | pg -0.009 vf 0.015 kl 0.0136 lr 1.7e-04
[anomaly] it 363: explained variance -1.54 < 0 after warm-up: value function not predicting returns
[anomaly] it 363: terminal-step reward dominates the episode: survival is being punished
[anomaly] it 363: joint limit violated by 0.48 rad
[anomaly] it 363: contact penetration 6.7 cm
[anomaly] it 363: contact force 22498 N > 50x robot weight
terrain it  363 mean_level 1.3950
it  364 steps  35782656 sps   38,799 | ep_ret    1.55 ep_len  953.5 (n=92) | pg -0.009 vf 0.016 kl 0.0128 lr 1.1e-04
[anomaly] it 364: explained variance -2.54 < 0 after warm-up: value function not predicting returns
[anomaly] it 364: terminal-step reward dominates the episode: survival is being punished
[anomaly] it 364: joint limit violated by 0.55 rad
[anomaly] it 364: contact penetration 7.1 cm
[anomaly] it 364: contact force 22614 N > 50x robot weight
terrain it  364 mean_level 1.4084
it  365 steps  35880960 sps   38,796 | ep_ret    1.49 ep_len  951.7 (n=62) | pg -0.010 vf 0.016 kl 0.0159 lr 2.6e-04
[anomaly] it 365: explained variance -2.06 < 0 after warm-up: value function not predicting returns
[anomaly] it 365: terminal-step reward dominates the episode: survival is being punished
[anomaly] it 365: joint limit violated by 0.54 rad
[anomaly] it 365: contact penetration 5.3 cm
[anomaly] it 365: contact force 24765 N > 50x robot weight
terrain it  365 mean_level 1.4160
it  366 steps  35979264 sps   38,793 | ep_ret    1.80 ep_len  967.0 (n=81) | pg -0.008 vf 0.014 kl 0.0149 lr 1.7e-04
[anomaly] it 366: explained variance -4.85 < 0 after warm-up: value function not predicting returns
[anomaly] it 366: terminal-step reward dominates the episode: survival is being punished
[anomaly] it 366: joint limit violated by 0.47 rad
[anomaly] it 366: contact penetration 6.6 cm
[anomaly] it 366: contact force 25097 N > 50x robot weight
terrain it  366 mean_level 1.4270
it  367 steps  36077568 sps   38,790 | ep_ret    1.30 ep_len  940.3 (n=79) | pg -0.009 vf 0.017 kl 0.0136 lr 7.6e-05
[anomaly] it 367: explained variance -1.56 < 0 after warm-up: value function not predicting returns
[anomaly] it 367: terminal-step reward dominates the episode: survival is being punished
[anomaly] it 367: joint limit violated by 0.53 rad
[anomaly] it 367: contact penetration 6.1 cm
[anomaly] it 367: contact force 26235 N > 50x robot weight
terrain it  367 mean_level 1.4358
it  368 steps  36175872 sps   38,786 | ep_ret    1.92 ep_len  942.4 (n=89) | pg -0.010 vf 0.015 kl 0.0106 lr 1.7e-04
[anomaly] it 368: explained variance -2.35 < 0 after warm-up: value function not predicting returns
[anomaly] it 368: terminal-step reward dominates the episode: survival is being punished
[anomaly] it 368: joint limit violated by 0.63 rad
[anomaly] it 368: contact penetration 5.5 cm
[anomaly] it 368: contact force 24247 N > 50x robot weight
terrain it  368 mean_level 1.4441
it  369 steps  36274176 sps   38,783 | ep_ret    1.30 ep_len  917.5 (n=91) | pg -0.010 vf 0.017 kl 0.0143 lr 1.7e-04
[anomaly] it 369: explained variance -1.77 < 0 after warm-up: value function not predicting returns
[anomaly] it 369: terminal-step reward dominates the episode: survival is being punished
[anomaly] it 369: joint limit violated by 0.51 rad
[anomaly] it 369: contact penetration 6.1 cm
[anomaly] it 369: contact force 34174 N > 50x robot weight
terrain it  369 mean_level 1.4548
it  370 steps  36372480 sps   38,780 | ep_ret    1.74 ep_len  930.6 (n=87) | pg -0.007 vf 0.015 kl 0.0151 lr 5.1e-05
[anomaly] it 370: explained variance -2.14 < 0 after warm-up: value function not predicting returns
[anomaly] it 370: terminal-step reward dominates the episode: survival is being punished
[anomaly] it 370: joint limit violated by 0.59 rad
[anomaly] it 370: contact penetration 6.1 cm
[anomaly] it 370: contact force 34199 N > 50x robot weight
terrain it  370 mean_level 1.4639
it  371 steps  36470784 sps   38,777 | ep_ret    1.52 ep_len  912.5 (n=111) | pg -0.010 vf 0.013 kl 0.0117 lr 1.7e-04
[anomaly] it 371: explained variance -0.64 < 0 after warm-up: value function not predicting returns
[anomaly] it 371: terminal-step reward dominates the episode: survival is being punished
[anomaly] it 371: joint limit violated by 0.51 rad
[anomaly] it 371: contact penetration 6.2 cm
[anomaly] it 371: contact force 34324 N > 50x robot weight
terrain it  371 mean_level 1.4751
it  372 steps  36569088 sps   38,773 | ep_ret    2.42 ep_len  964.4 (n=112) | pg -0.008 vf 0.015 kl 0.0158 lr 2.6e-04
[anomaly] it 372: explained variance -3.39 < 0 after warm-up: value function not predicting returns
[anomaly] it 372: terminal-step reward dominates the episode: survival is being punished
[anomaly] it 372: joint limit violated by 0.46 rad
[anomaly] it 372: contact penetration 6.9 cm
[anomaly] it 372: contact force 28338 N > 50x robot weight
terrain it  372 mean_level 1.4902
it  373 steps  36667392 sps   38,770 | ep_ret    2.11 ep_len  936.3 (n=97) | pg -0.009 vf 0.012 kl 0.0155 lr 2.6e-04
[anomaly] it 373: explained variance -1.06 < 0 after warm-up: value function not predicting returns
[anomaly] it 373: terminal-step reward dominates the episode: survival is being punished
[anomaly] it 373: joint limit violated by 0.53 rad
[anomaly] it 373: contact penetration 5.7 cm
[anomaly] it 373: contact force 34334 N > 50x robot weight
terrain it  373 mean_level 1.5032
it  374 steps  36765696 sps   38,767 | ep_ret    1.83 ep_len  942.6 (n=110) | pg -0.009 vf 0.016 kl 0.0146 lr 1.7e-04
[anomaly] it 374: explained variance -1.30 < 0 after warm-up: value function not predicting returns
[anomaly] it 374: terminal-step reward dominates the episode: survival is being punished
[anomaly] it 374: joint limit violated by 0.55 rad
[anomaly] it 374: contact penetration 8.1 cm
[anomaly] it 374: contact force 34186 N > 50x robot weight
terrain it  374 mean_level 1.5183
it  375 steps  36864000 sps   38,764 | ep_ret    2.82 ep_len  954.3 (n=108) | pg -0.008 vf 0.016 kl 0.0169 lr 2.6e-04
[anomaly] it 375: explained variance -4.52 < 0 after warm-up: value function not predicting returns
[anomaly] it 375: terminal-step reward dominates the episode: survival is being punished
[anomaly] it 375: joint limit violated by 0.64 rad
[anomaly] it 375: contact penetration 7.2 cm
[anomaly] it 375: contact force 34275 N > 50x robot weight
terrain it  375 mean_level 1.5312
it  376 steps  36962304 sps   38,760 | ep_ret    2.11 ep_len  974.4 (n=118) | pg -0.009 vf 0.017 kl 0.0150 lr 1.7e-04
[anomaly] it 376: explained variance -1.75 < 0 after warm-up: value function not predicting returns
[anomaly] it 376: terminal-step reward dominates the episode: survival is being punished
[anomaly] it 376: joint limit violated by 0.55 rad
[anomaly] it 376: contact penetration 6.0 cm
[anomaly] it 376: contact force 34275 N > 50x robot weight
terrain it  376 mean_level 1.5471
it  377 steps  37060608 sps   38,755 | ep_ret    2.46 ep_len  963.0 (n=130) | pg -0.009 vf 0.015 kl 0.0139 lr 1.7e-04
[anomaly] it 377: explained variance -2.04 < 0 after warm-up: value function not predicting returns
[anomaly] it 377: terminal-step reward dominates the episode: survival is being punished
[anomaly] it 377: joint limit violated by 0.57 rad
[anomaly] it 377: contact penetration 6.1 cm
[anomaly] it 377: contact force 32595 N > 50x robot weight
terrain it  377 mean_level 1.5637
it  378 steps  37158912 sps   38,752 | ep_ret    2.79 ep_len  956.4 (n=113) | pg -0.009 vf 0.013 kl 0.0145 lr 1.7e-04
[anomaly] it 378: explained variance -2.84 < 0 after warm-up: value function not predicting returns
[anomaly] it 378: terminal-step reward dominates the episode: survival is being punished
[anomaly] it 378: joint limit violated by 0.50 rad
[anomaly] it 378: contact penetration 6.8 cm
[anomaly] it 378: contact force 34302 N > 50x robot weight
terrain it  378 mean_level 1.5759
it  379 steps  37257216 sps   38,749 | ep_ret    2.86 ep_len  970.6 (n=156) | pg -0.009 vf 0.017 kl 0.0152 lr 1.7e-04
[anomaly] it 379: explained variance -2.45 < 0 after warm-up: value function not predicting returns
[anomaly] it 379: terminal-step reward dominates the episode: survival is being punished
[anomaly] it 379: joint limit violated by 0.65 rad
[anomaly] it 379: contact penetration 6.1 cm
[anomaly] it 379: contact force 34221 N > 50x robot weight
terrain it  379 mean_level 1.5986
it  380 steps  37355520 sps   38,746 | ep_ret    2.47 ep_len  950.5 (n=139) | pg -0.009 vf 0.013 kl 0.0163 lr 2.6e-04
[anomaly] it 380: explained variance -1.29 < 0 after warm-up: value function not predicting returns
[anomaly] it 380: terminal-step reward dominates the episode: survival is being punished
[anomaly] it 380: joint limit violated by 0.67 rad
[anomaly] it 380: contact penetration 8.1 cm
[anomaly] it 380: contact force 34330 N > 50x robot weight
terrain it  380 mean_level 1.6157
it  381 steps  37453824 sps   38,743 | ep_ret    2.81 ep_len  967.6 (n=133) | pg -0.009 vf 0.016 kl 0.0142 lr 1.7e-04
[anomaly] it 381: explained variance -2.19 < 0 after warm-up: value function not predicting returns
[anomaly] it 381: terminal-step reward dominates the episode: survival is being punished
[anomaly] it 381: joint limit violated by 0.51 rad
[anomaly] it 381: contact penetration 6.2 cm
[anomaly] it 381: contact force 34223 N > 50x robot weight
terrain it  381 mean_level 1.6316
it  382 steps  37552128 sps   38,739 | ep_ret    2.79 ep_len  969.6 (n=112) | pg -0.010 vf 0.020 kl 0.0175 lr 2.6e-04
[anomaly] it 382: explained variance -3.64 < 0 after warm-up: value function not predicting returns
[anomaly] it 382: terminal-step reward dominates the episode: survival is being punished
[anomaly] it 382: joint limit violated by 0.50 rad
[anomaly] it 382: contact penetration 5.9 cm
[anomaly] it 382: contact force 34208 N > 50x robot weight
terrain it  382 mean_level 1.6445
it  383 steps  37650432 sps   38,736 | ep_ret    2.27 ep_len  943.8 (n=153) | pg -0.008 vf 0.016 kl 0.0135 lr 1.7e-04
[anomaly] it 383: explained variance -1.10 < 0 after warm-up: value function not predicting returns
[anomaly] it 383: terminal-step reward dominates the episode: survival is being punished
[anomaly] it 383: joint limit violated by 0.52 rad
[anomaly] it 383: contact penetration 7.8 cm
[anomaly] it 383: contact force 34237 N > 50x robot weight
terrain it  383 mean_level 1.6638
it  384 steps  37748736 sps   38,733 | ep_ret    2.84 ep_len  955.3 (n=114) | pg -0.010 vf 0.015 kl 0.0153 lr 2.6e-04
[anomaly] it 384: explained variance -2.00 < 0 after warm-up: value function not predicting returns
[anomaly] it 384: terminal-step reward dominates the episode: survival is being punished
[anomaly] it 384: joint limit violated by 0.62 rad
[anomaly] it 384: contact penetration 5.6 cm
[anomaly] it 384: contact force 34322 N > 50x robot weight
terrain it  384 mean_level 1.6799
it  385 steps  37847040 sps   38,730 | ep_ret    2.79 ep_len  958.9 (n=127) | pg -0.008 vf 0.012 kl 0.0149 lr 1.7e-04
[anomaly] it 385: explained variance -2.60 < 0 after warm-up: value function not predicting returns
[anomaly] it 385: terminal-step reward dominates the episode: survival is being punished
[anomaly] it 385: joint limit violated by 0.55 rad
[anomaly] it 385: contact penetration 5.6 cm
[anomaly] it 385: contact force 34232 N > 50x robot weight
terrain it  385 mean_level 1.6985
it  386 steps  37945344 sps   38,727 | ep_ret    2.90 ep_len  982.0 (n=135) | pg -0.009 vf 0.015 kl 0.0158 lr 2.6e-04
[anomaly] it 386: explained variance -1.69 < 0 after warm-up: value function not predicting returns
[anomaly] it 386: terminal-step reward dominates the episode: survival is being punished
[anomaly] it 386: joint limit violated by 0.60 rad
[anomaly] it 386: contact penetration 5.9 cm
[anomaly] it 386: contact force 34255 N > 50x robot weight
terrain it  386 mean_level 1.7158
it  387 steps  38043648 sps   38,724 | ep_ret    2.90 ep_len  967.2 (n=119) | pg -0.009 vf 0.013 kl 0.0163 lr 2.6e-04
[anomaly] it 387: explained variance -4.32 < 0 after warm-up: value function not predicting returns
[anomaly] it 387: terminal-step reward dominates the episode: survival is being punished
[anomaly] it 387: joint limit violated by 0.50 rad
[anomaly] it 387: contact penetration 5.9 cm
[anomaly] it 387: contact force 32709 N > 50x robot weight
terrain it  387 mean_level 1.7329
it  388 steps  38141952 sps   38,721 | ep_ret    2.98 ep_len  973.4 (n=116) | pg -0.009 vf 0.014 kl 0.0148 lr 1.7e-04
[anomaly] it 388: explained variance -4.00 < 0 after warm-up: value function not predicting returns
[anomaly] it 388: terminal-step reward dominates the episode: survival is being punished
[anomaly] it 388: joint limit violated by 0.55 rad
[anomaly] it 388: contact penetration 5.3 cm
[anomaly] it 388: contact force 29248 N > 50x robot weight
terrain it  388 mean_level 1.7456
it  389 steps  38240256 sps   38,718 | ep_ret    2.46 ep_len  934.4 (n=108) | pg -0.009 vf 0.015 kl 0.0145 lr 1.7e-04
[anomaly] it 389: explained variance -2.04 < 0 after warm-up: value function not predicting returns
[anomaly] it 389: terminal-step reward dominates the episode: survival is being punished
[anomaly] it 389: joint limit violated by 0.59 rad
[anomaly] it 389: contact penetration 8.7 cm
[anomaly] it 389: contact force 29298 N > 50x robot weight
terrain it  389 mean_level 1.7573
it  390 steps  38338560 sps   38,715 | ep_ret    2.35 ep_len  964.7 (n=98) | pg -0.011 vf 0.012 kl 0.0144 lr 2.6e-04
[anomaly] it 390: explained variance -3.43 < 0 after warm-up: value function not predicting returns
[anomaly] it 390: terminal-step reward dominates the episode: survival is being punished
[anomaly] it 390: joint limit violated by 0.55 rad
[anomaly] it 390: contact penetration 4.7 cm
[anomaly] it 390: contact force 29282 N > 50x robot weight
terrain it  390 mean_level 1.7703
it  391 steps  38436864 sps   38,713 | ep_ret    2.34 ep_len  954.3 (n=96) | pg -0.008 vf 0.016 kl 0.0153 lr 1.7e-04
[anomaly] it 391: explained variance -1.74 < 0 after warm-up: value function not predicting returns
[anomaly] it 391: terminal-step reward dominates the episode: survival is being punished
[anomaly] it 391: joint limit violated by 0.53 rad
[anomaly] it 391: contact penetration 4.6 cm
[anomaly] it 391: contact force 29271 N > 50x robot weight
terrain it  391 mean_level 1.7834
it  392 steps  38535168 sps   38,710 | ep_ret    2.62 ep_len  936.5 (n=109) | pg -0.008 vf 0.015 kl 0.0136 lr 1.7e-04
[anomaly] it 392: explained variance -1.65 < 0 after warm-up: value function not predicting returns
[anomaly] it 392: terminal-step reward dominates the episode: survival is being punished
[anomaly] it 392: joint limit violated by 0.59 rad
[anomaly] it 392: contact penetration 6.6 cm
[anomaly] it 392: contact force 29279 N > 50x robot weight
terrain it  392 mean_level 1.7937
it  393 steps  38633472 sps   38,707 | ep_ret    2.46 ep_len  924.2 (n=113) | pg -0.010 vf 0.016 kl 0.0155 lr 1.7e-04
[anomaly] it 393: explained variance -1.87 < 0 after warm-up: value function not predicting returns
[anomaly] it 393: terminal-step reward dominates the episode: survival is being punished
[anomaly] it 393: joint limit violated by 0.54 rad
[anomaly] it 393: contact penetration 7.8 cm
[anomaly] it 393: contact force 29297 N > 50x robot weight
terrain it  393 mean_level 1.8059
it  394 steps  38731776 sps   38,704 | ep_ret    2.44 ep_len  937.1 (n=104) | pg -0.010 vf 0.017 kl 0.0150 lr 2.6e-04
[anomaly] it 394: explained variance -1.56 < 0 after warm-up: value function not predicting returns
[anomaly] it 394: terminal-step reward dominates the episode: survival is being punished
[anomaly] it 394: joint limit violated by 0.56 rad
[anomaly] it 394: contact penetration 5.8 cm
[anomaly] it 394: contact force 29300 N > 50x robot weight
terrain it  394 mean_level 1.8193
it  395 steps  38830080 sps   38,701 | ep_ret    2.57 ep_len  952.2 (n=102) | pg -0.009 vf 0.018 kl 0.0137 lr 1.7e-04
[anomaly] it 395: explained variance -1.29 < 0 after warm-up: value function not predicting returns
[anomaly] it 395: terminal-step reward dominates the episode: survival is being punished
[anomaly] it 395: joint limit violated by 0.50 rad
[anomaly] it 395: contact penetration 6.8 cm
[anomaly] it 395: contact force 29278 N > 50x robot weight
terrain it  395 mean_level 1.8362
it  396 steps  38928384 sps   38,698 | ep_ret    1.79 ep_len  915.9 (n=93) | pg -0.009 vf 0.015 kl 0.0152 lr 1.7e-04
[anomaly] it 396: explained variance -0.96 < 0 after warm-up: value function not predicting returns
[anomaly] it 396: terminal-step reward dominates the episode: survival is being punished
[anomaly] it 396: joint limit violated by 0.53 rad
[anomaly] it 396: contact penetration 5.8 cm
[anomaly] it 396: contact force 29293 N > 50x robot weight
terrain it  396 mean_level 1.8457
it  397 steps  39026688 sps   38,695 | ep_ret    2.42 ep_len  948.1 (n=83) | pg -0.009 vf 0.015 kl 0.0163 lr 2.6e-04
[anomaly] it 397: explained variance -3.34 < 0 after warm-up: value function not predicting returns
[anomaly] it 397: terminal-step reward dominates the episode: survival is being punished
[anomaly] it 397: joint limit violated by 0.61 rad
[anomaly] it 397: contact penetration 6.9 cm
[anomaly] it 397: contact force 29223 N > 50x robot weight
terrain it  397 mean_level 1.8564
it  398 steps  39124992 sps   38,693 | ep_ret    2.55 ep_len  949.1 (n=88) | pg -0.009 vf 0.014 kl 0.0158 lr 2.6e-04
[anomaly] it 398: explained variance -2.61 < 0 after warm-up: value function not predicting returns
[anomaly] it 398: terminal-step reward dominates the episode: survival is being punished
[anomaly] it 398: joint limit violated by 0.50 rad
[anomaly] it 398: contact penetration 6.3 cm
[anomaly] it 398: contact force 29227 N > 50x robot weight
terrain it  398 mean_level 1.8667
it  399 steps  39223296 sps   38,689 | ep_ret    2.50 ep_len  945.3 (n=84) | pg -0.008 vf 0.014 kl 0.0146 lr 1.7e-04
[anomaly] it 399: explained variance -2.68 < 0 after warm-up: value function not predicting returns
[anomaly] it 399: terminal-step reward dominates the episode: survival is being punished
[anomaly] it 399: joint limit violated by 0.53 rad
[anomaly] it 399: contact penetration 5.7 cm
[anomaly] it 399: contact force 29249 N > 50x robot weight
terrain it  399 mean_level 1.8767
it  400 steps  39321600 sps   38,686 | ep_ret    2.03 ep_len  924.9 (n=72) | pg -0.010 vf 0.013 kl 0.0146 lr 2.6e-04
[anomaly] it 400: explained variance -1.64 < 0 after warm-up: value function not predicting returns
[anomaly] it 400: terminal-step reward dominates the episode: survival is being punished
[anomaly] it 400: joint limit violated by 0.53 rad
[anomaly] it 400: contact penetration 5.9 cm
[anomaly] it 400: contact force 33251 N > 50x robot weight
terrain it  400 mean_level 1.8855
it  401 steps  39419904 sps   38,683 | ep_ret    2.51 ep_len  948.7 (n=81) | pg -0.008 vf 0.014 kl 0.0165 lr 1.7e-04
[anomaly] it 401: explained variance -1.32 < 0 after warm-up: value function not predicting returns
[anomaly] it 401: terminal-step reward dominates the episode: survival is being punished
[anomaly] it 401: joint limit violated by 0.57 rad
[anomaly] it 401: contact penetration 5.8 cm
[anomaly] it 401: contact force 33089 N > 50x robot weight
terrain it  401 mean_level 1.8943
it  402 steps  39518208 sps   38,680 | ep_ret    2.36 ep_len  939.9 (n=82) | pg -0.008 vf 0.017 kl 0.0144 lr 1.1e-04
[anomaly] it 402: explained variance -1.47 < 0 after warm-up: value function not predicting returns
[anomaly] it 402: terminal-step reward dominates the episode: survival is being punished
[anomaly] it 402: joint limit violated by 0.55 rad
[anomaly] it 402: contact penetration 5.9 cm
[anomaly] it 402: contact force 33245 N > 50x robot weight
terrain it  402 mean_level 1.9036
it  403 steps  39616512 sps   38,677 | ep_ret    2.09 ep_len  914.7 (n=84) | pg -0.010 vf 0.016 kl 0.0138 lr 1.1e-04
[anomaly] it 403: explained variance -0.67 < 0 after warm-up: value function not predicting returns
[anomaly] it 403: terminal-step reward dominates the episode: survival is being punished
[anomaly] it 403: joint limit violated by 0.55 rad
[anomaly] it 403: contact penetration 5.9 cm
[anomaly] it 403: contact force 33136 N > 50x robot weight
terrain it  403 mean_level 1.9131
it  404 steps  39714816 sps   38,674 | ep_ret    2.84 ep_len  969.0 (n=87) | pg -0.009 vf 0.014 kl 0.0165 lr 2.6e-04
[anomaly] it 404: explained variance -3.49 < 0 after warm-up: value function not predicting returns
[anomaly] it 404: terminal-step reward dominates the episode: survival is being punished
[anomaly] it 404: joint limit violated by 0.61 rad
[anomaly] it 404: contact penetration 6.4 cm
[anomaly] it 404: contact force 32022 N > 50x robot weight
terrain it  404 mean_level 1.9214
it  405 steps  39813120 sps   38,671 | ep_ret    1.58 ep_len  904.1 (n=91) | pg -0.009 vf 0.014 kl 0.0138 lr 1.7e-04
[anomaly] it 405: explained variance -1.34 < 0 after warm-up: value function not predicting returns
[anomaly] it 405: terminal-step reward dominates the episode: survival is being punished
[anomaly] it 405: joint limit violated by 0.58 rad
[anomaly] it 405: contact penetration 6.1 cm
[anomaly] it 405: contact force 27673 N > 50x robot weight
terrain it  405 mean_level 1.9290
it  406 steps  39911424 sps   38,668 | ep_ret    2.64 ep_len  954.7 (n=74) | pg -0.009 vf 0.014 kl 0.0139 lr 1.7e-04
[anomaly] it 406: explained variance -2.70 < 0 after warm-up: value function not predicting returns
[anomaly] it 406: terminal-step reward dominates the episode: survival is being punished
[anomaly] it 406: joint limit violated by 0.53 rad
[anomaly] it 406: contact penetration 5.0 cm
[anomaly] it 406: contact force 33251 N > 50x robot weight
terrain it  406 mean_level 1.9382
it  407 steps  40009728 sps   38,665 | ep_ret    2.18 ep_len  919.2 (n=79) | pg -0.009 vf 0.012 kl 0.0157 lr 2.6e-04
[anomaly] it 407: explained variance -1.04 < 0 after warm-up: value function not predicting returns
[anomaly] it 407: terminal-step reward dominates the episode: survival is being punished
[anomaly] it 407: joint limit violated by 0.55 rad
[anomaly] it 407: contact penetration 8.5 cm
[anomaly] it 407: contact force 31996 N > 50x robot weight
terrain it  407 mean_level 1.9465
it  408 steps  40108032 sps   38,663 | ep_ret    2.01 ep_len  948.4 (n=68) | pg -0.010 vf 0.012 kl 0.0147 lr 1.7e-04
[anomaly] it 408: explained variance -1.06 < 0 after warm-up: value function not predicting returns
[anomaly] it 408: terminal-step reward dominates the episode: survival is being punished
[anomaly] it 408: joint limit violated by 0.62 rad
[anomaly] it 408: contact penetration 6.6 cm
[anomaly] it 408: contact force 27242 N > 50x robot weight
terrain it  408 mean_level 1.9541
it  409 steps  40206336 sps   38,660 | ep_ret    3.44 ep_len  954.3 (n=78) | pg -0.009 vf 0.015 kl 0.0142 lr 1.1e-04
[anomaly] it 409: explained variance -3.11 < 0 after warm-up: value function not predicting returns
[anomaly] it 409: terminal-step reward dominates the episode: survival is being punished
[anomaly] it 409: joint limit violated by 0.59 rad
[anomaly] it 409: contact penetration 6.3 cm
[anomaly] it 409: contact force 34548 N > 50x robot weight
terrain it  409 mean_level 1.9617
it  410 steps  40304640 sps   38,658 | ep_ret    2.20 ep_len  954.4 (n=79) | pg -0.009 vf 0.014 kl 0.0135 lr 1.7e-04
[anomaly] it 410: explained variance -2.25 < 0 after warm-up: value function not predicting returns
[anomaly] it 410: terminal-step reward dominates the episode: survival is being punished
[anomaly] it 410: joint limit violated by 0.54 rad
[anomaly] it 410: contact penetration 5.4 cm
terrain it  410 mean_level 1.9722
it  411 steps  40402944 sps   38,655 | ep_ret    2.21 ep_len  937.3 (n=98) | pg -0.009 vf 0.014 kl 0.0157 lr 1.7e-04
[anomaly] it 411: explained variance -0.74 < 0 after warm-up: value function not predicting returns
[anomaly] it 411: terminal-step reward dominates the episode: survival is being punished
[anomaly] it 411: joint limit violated by 0.59 rad
[anomaly] it 411: contact penetration 7.4 cm
[anomaly] it 411: contact force 22099 N > 50x robot weight
terrain it  411 mean_level 1.9849
it  412 steps  40501248 sps   38,652 | ep_ret    2.53 ep_len  963.2 (n=87) | pg -0.010 vf 0.013 kl 0.0148 lr 2.6e-04
[anomaly] it 412: explained variance -1.17 < 0 after warm-up: value function not predicting returns
[anomaly] it 412: terminal-step reward dominates the episode: survival is being punished
[anomaly] it 412: joint limit violated by 0.56 rad
[anomaly] it 412: contact penetration 6.7 cm
terrain it  412 mean_level 1.9980
it  413 steps  40599552 sps   38,650 | ep_ret    3.04 ep_len  968.0 (n=108) | pg -0.010 vf 0.016 kl 0.0142 lr 1.7e-04
[anomaly] it 413: explained variance -1.54 < 0 after warm-up: value function not predicting returns
[anomaly] it 413: terminal-step reward dominates the episode: survival is being punished
[anomaly] it 413: joint limit violated by 0.52 rad
[anomaly] it 413: contact penetration 9.7 cm
terrain it  413 mean_level 2.0151
it  414 steps  40697856 sps   38,648 | ep_ret    3.16 ep_len  970.0 (n=116) | pg -0.010 vf 0.013 kl 0.0134 lr 1.7e-04
[anomaly] it 414: explained variance -1.24 < 0 after warm-up: value function not predicting returns
[anomaly] it 414: terminal-step reward dominates the episode: survival is being punished
[anomaly] it 414: joint limit violated by 0.50 rad
[anomaly] it 414: contact penetration 4.7 cm
terrain it  414 mean_level 2.0347
it  415 steps  40796160 sps   38,645 | ep_ret    3.00 ep_len  954.0 (n=88) | pg -0.010 vf 0.014 kl 0.0145 lr 1.7e-04
[anomaly] it 415: explained variance -1.44 < 0 after warm-up: value function not predicting returns
[anomaly] it 415: terminal-step reward dominates the episode: survival is being punished
[anomaly] it 415: joint limit violated by 0.57 rad
[anomaly] it 415: contact penetration 5.7 cm
[anomaly] it 415: contact force 22292 N > 50x robot weight
terrain it  415 mean_level 2.0459
it  416 steps  40894464 sps   38,643 | ep_ret    3.27 ep_len  937.8 (n=109) | pg -0.009 vf 0.016 kl 0.0146 lr 1.7e-04
[anomaly] it 416: explained variance -1.38 < 0 after warm-up: value function not predicting returns
[anomaly] it 416: terminal-step reward dominates the episode: survival is being punished
[anomaly] it 416: joint limit violated by 0.56 rad
[anomaly] it 416: contact penetration 5.4 cm
terrain it  416 mean_level 2.0581
it  417 steps  40992768 sps   38,640 | ep_ret    3.30 ep_len  966.9 (n=117) | pg -0.009 vf 0.015 kl 0.0134 lr 1.1e-04
[anomaly] it 417: explained variance -2.06 < 0 after warm-up: value function not predicting returns
[anomaly] it 417: terminal-step reward dominates the episode: survival is being punished
[anomaly] it 417: joint limit violated by 0.53 rad
[anomaly] it 417: contact penetration 5.1 cm
terrain it  417 mean_level 2.0710
it  418 steps  41091072 sps   38,639 | ep_ret    2.71 ep_len  946.2 (n=133) | pg -0.008 vf 0.014 kl 0.0164 lr 1.7e-04
[anomaly] it 418: explained variance -1.19 < 0 after warm-up: value function not predicting returns
[anomaly] it 418: terminal-step reward dominates the episode: survival is being punished
[anomaly] it 418: joint limit violated by 0.57 rad
[anomaly] it 418: contact penetration 5.1 cm
[anomaly] it 418: contact force 22094 N > 50x robot weight
terrain it  418 mean_level 2.0876
it  419 steps  41189376 sps   38,636 | ep_ret    3.64 ep_len  972.7 (n=125) | pg -0.010 vf 0.015 kl 0.0149 lr 2.6e-04
[anomaly] it 419: explained variance -1.97 < 0 after warm-up: value function not predicting returns
[anomaly] it 419: terminal-step reward dominates the episode: survival is being punished
[anomaly] it 419: joint limit violated by 0.57 rad
[anomaly] it 419: contact penetration 5.6 cm
terrain it  419 mean_level 2.1023
it  420 steps  41287680 sps   38,634 | ep_ret    3.71 ep_len  980.1 (n=112) | pg -0.009 vf 0.013 kl 0.0150 lr 1.7e-04
[anomaly] it 420: explained variance -4.74 < 0 after warm-up: value function not predicting returns
[anomaly] it 420: terminal-step reward dominates the episode: survival is being punished
[anomaly] it 420: joint limit violated by 0.59 rad
[anomaly] it 420: contact penetration 7.2 cm
terrain it  420 mean_level 2.1174
it  421 steps  41385984 sps   38,631 | ep_ret    3.33 ep_len  956.7 (n=150) | pg -0.008 vf 0.014 kl 0.0139 lr 1.1e-04
[anomaly] it 421: explained variance -1.79 < 0 after warm-up: value function not predicting returns
[anomaly] it 421: terminal-step reward dominates the episode: survival is being punished
[anomaly] it 421: joint limit violated by 0.60 rad
[anomaly] it 421: contact penetration 6.3 cm
[anomaly] it 421: contact force 22147 N > 50x robot weight
terrain it  421 mean_level 2.1353
it  422 steps  41484288 sps   38,629 | ep_ret    3.64 ep_len  979.9 (n=124) | pg -0.009 vf 0.014 kl 0.0127 lr 1.7e-04
[anomaly] it 422: explained variance -2.18 < 0 after warm-up: value function not predicting returns
[anomaly] it 422: terminal-step reward dominates the episode: survival is being punished
[anomaly] it 422: joint limit violated by 0.57 rad
[anomaly] it 422: contact penetration 5.2 cm
[anomaly] it 422: contact force 32611 N > 50x robot weight
terrain it  422 mean_level 2.1492
it  423 steps  41582592 sps   38,627 | ep_ret    3.62 ep_len  966.5 (n=119) | pg -0.009 vf 0.012 kl 0.0139 lr 1.7e-04
[anomaly] it 423: explained variance -2.72 < 0 after warm-up: value function not predicting returns
[anomaly] it 423: terminal-step reward dominates the episode: survival is being punished
[anomaly] it 423: joint limit violated by 0.62 rad
[anomaly] it 423: contact penetration 6.1 cm
[anomaly] it 423: contact force 22120 N > 50x robot weight
terrain it  423 mean_level 2.1655
it  424 steps  41680896 sps   38,624 | ep_ret    3.71 ep_len  981.2 (n=133) | pg -0.010 vf 0.012 kl 0.0140 lr 2.6e-04
[anomaly] it 424: explained variance -2.13 < 0 after warm-up: value function not predicting returns
[anomaly] it 424: terminal-step reward dominates the episode: survival is being punished
[anomaly] it 424: joint limit violated by 0.50 rad
[anomaly] it 424: contact penetration 5.1 cm
[anomaly] it 424: contact force 32605 N > 50x robot weight
terrain it  424 mean_level 2.1790
it  425 steps  41779200 sps   38,621 | ep_ret    3.73 ep_len  980.7 (n=128) | pg -0.008 vf 0.013 kl 0.0132 lr 1.1e-04
[anomaly] it 425: explained variance -4.18 < 0 after warm-up: value function not predicting returns
[anomaly] it 425: terminal-step reward dominates the episode: survival is being punished
[anomaly] it 425: joint limit violated by 0.53 rad
[anomaly] it 425: contact penetration 5.0 cm
[anomaly] it 425: contact force 32608 N > 50x robot weight
terrain it  425 mean_level 2.1968
it  426 steps  41877504 sps   38,619 | ep_ret    3.52 ep_len  958.5 (n=126) | pg -0.009 vf 0.014 kl 0.0145 lr 1.7e-04
[anomaly] it 426: explained variance -1.53 < 0 after warm-up: value function not predicting returns
[anomaly] it 426: terminal-step reward dominates the episode: survival is being punished
[anomaly] it 426: joint limit violated by 0.55 rad
[anomaly] it 426: contact penetration 5.9 cm
[anomaly] it 426: contact force 32482 N > 50x robot weight
terrain it  426 mean_level 2.2117
it  427 steps  41975808 sps   38,617 | ep_ret    3.87 ep_len  971.0 (n=109) | pg -0.010 vf 0.011 kl 0.0143 lr 2.6e-04
[anomaly] it 427: explained variance -5.29 < 0 after warm-up: value function not predicting returns
[anomaly] it 427: terminal-step reward dominates the episode: survival is being punished
[anomaly] it 427: joint limit violated by 0.48 rad
[anomaly] it 427: contact penetration 7.7 cm
[anomaly] it 427: contact force 32568 N > 50x robot weight
terrain it  427 mean_level 2.2258
it  428 steps  42074112 sps   38,614 | ep_ret    3.33 ep_len  967.3 (n=150) | pg -0.008 vf 0.013 kl 0.0152 lr 1.7e-04
[anomaly] it 428: explained variance -1.39 < 0 after warm-up: value function not predicting returns
[anomaly] it 428: terminal-step reward dominates the episode: survival is being punished
[anomaly] it 428: joint limit violated by 0.53 rad
[anomaly] it 428: contact penetration 5.3 cm
[anomaly] it 428: contact force 32589 N > 50x robot weight
terrain it  428 mean_level 2.2427
it  429 steps  42172416 sps   38,612 | ep_ret    3.14 ep_len  955.0 (n=119) | pg -0.009 vf 0.013 kl 0.0120 lr 1.1e-04
[anomaly] it 429: explained variance -1.21 < 0 after warm-up: value function not predicting returns
[anomaly] it 429: terminal-step reward dominates the episode: survival is being punished
[anomaly] it 429: joint limit violated by 0.55 rad
[anomaly] it 429: contact penetration 6.3 cm
[anomaly] it 429: contact force 32486 N > 50x robot weight
terrain it  429 mean_level 2.2544
it  430 steps  42270720 sps   38,609 | ep_ret    3.69 ep_len  978.4 (n=111) | pg -0.009 vf 0.012 kl 0.0158 lr 1.7e-04
[anomaly] it 430: explained variance -3.10 < 0 after warm-up: value function not predicting returns
[anomaly] it 430: terminal-step reward dominates the episode: survival is being punished
[anomaly] it 430: joint limit violated by 0.75 rad
[anomaly] it 430: contact penetration 5.7 cm
[anomaly] it 430: contact force 32607 N > 50x robot weight
terrain it  430 mean_level 2.2676
it  431 steps  42369024 sps   38,607 | ep_ret    2.95 ep_len  937.5 (n=101) | pg -0.010 vf 0.014 kl 0.0150 lr 1.7e-04
[anomaly] it 431: explained variance -1.25 < 0 after warm-up: value function not predicting returns
[anomaly] it 431: terminal-step reward dominates the episode: survival is being punished
[anomaly] it 431: joint limit violated by 0.60 rad
[anomaly] it 431: contact penetration 7.1 cm
[anomaly] it 431: contact force 28631 N > 50x robot weight
terrain it  431 mean_level 2.2812
it  432 steps  42467328 sps   38,605 | ep_ret    3.44 ep_len  953.9 (n=101) | pg -0.010 vf 0.015 kl 0.0155 lr 1.1e-04
[anomaly] it 432: explained variance -1.95 < 0 after warm-up: value function not predicting returns
[anomaly] it 432: terminal-step reward dominates the episode: survival is being punished
[anomaly] it 432: joint limit violated by 0.61 rad
[anomaly] it 432: contact penetration 8.4 cm
[anomaly] it 432: contact force 28651 N > 50x robot weight
terrain it  432 mean_level 2.2944
it  433 steps  42565632 sps   38,602 | ep_ret    3.00 ep_len  936.9 (n=98) | pg -0.009 vf 0.011 kl 0.0163 lr 2.6e-04
[anomaly] it 433: explained variance -1.36 < 0 after warm-up: value function not predicting returns
[anomaly] it 433: terminal-step reward dominates the episode: survival is being punished
[anomaly] it 433: joint limit violated by 0.57 rad
[anomaly] it 433: contact penetration 4.9 cm
[anomaly] it 433: contact force 28653 N > 50x robot weight
terrain it  433 mean_level 2.3047
it  434 steps  42663936 sps   38,600 | ep_ret    3.71 ep_len  964.8 (n=108) | pg -0.008 vf 0.012 kl 0.0147 lr 1.7e-04
[anomaly] it 434: explained variance -1.65 < 0 after warm-up: value function not predicting returns
[anomaly] it 434: terminal-step reward dominates the episode: survival is being punished
[anomaly] it 434: joint limit violated by 0.59 rad
[anomaly] it 434: contact penetration 8.2 cm
[anomaly] it 434: contact force 28647 N > 50x robot weight
terrain it  434 mean_level 2.3152
it  435 steps  42762240 sps   38,597 | ep_ret    3.21 ep_len  966.1 (n=108) | pg -0.007 vf 0.014 kl 0.0126 lr 7.6e-05
[anomaly] it 435: explained variance -1.63 < 0 after warm-up: value function not predicting returns
[anomaly] it 435: terminal-step reward dominates the episode: survival is being punished
[anomaly] it 435: joint limit violated by 0.54 rad
[anomaly] it 435: contact penetration 6.0 cm
[anomaly] it 435: contact force 27013 N > 50x robot weight
terrain it  435 mean_level 2.3284
it  436 steps  42860544 sps   38,595 | ep_ret    3.31 ep_len  958.5 (n=115) | pg -0.009 vf 0.013 kl 0.0114 lr 1.7e-04
[anomaly] it 436: explained variance -0.70 < 0 after warm-up: value function not predicting returns
[anomaly] it 436: terminal-step reward dominates the episode: survival is being punished
[anomaly] it 436: joint limit violated by 0.63 rad
[anomaly] it 436: contact penetration 5.1 cm
[anomaly] it 436: contact force 28654 N > 50x robot weight
terrain it  436 mean_level 2.3413
it  437 steps  42958848 sps   38,592 | ep_ret    3.43 ep_len  964.5 (n=105) | pg -0.009 vf 0.014 kl 0.0160 lr 1.7e-04
[anomaly] it 437: explained variance -1.16 < 0 after warm-up: value function not predicting returns
[anomaly] it 437: terminal-step reward dominates the episode: survival is being punished
[anomaly] it 437: joint limit violated by 0.61 rad
[anomaly] it 437: contact penetration 5.5 cm
[anomaly] it 437: contact force 23020 N > 50x robot weight
terrain it  437 mean_level 2.3521
it  438 steps  43057152 sps   38,590 | ep_ret    2.96 ep_len  975.9 (n=72) | pg -0.010 vf 0.012 kl 0.0134 lr 1.7e-04
[anomaly] it 438: explained variance -2.10 < 0 after warm-up: value function not predicting returns
[anomaly] it 438: terminal-step reward dominates the episode: survival is being punished
[anomaly] it 438: joint limit violated by 0.57 rad
[anomaly] it 438: contact penetration 4.9 cm
[anomaly] it 438: contact force 28571 N > 50x robot weight
terrain it  438 mean_level 2.3623
it  439 steps  43155456 sps   38,587 | ep_ret    3.50 ep_len  955.8 (n=79) | pg -0.010 vf 0.012 kl 0.0154 lr 1.7e-04
[anomaly] it 439: explained variance -2.31 < 0 after warm-up: value function not predicting returns
[anomaly] it 439: terminal-step reward dominates the episode: survival is being punished
[anomaly] it 439: joint limit violated by 0.62 rad
[anomaly] it 439: contact penetration 5.4 cm
[anomaly] it 439: contact force 28584 N > 50x robot weight
terrain it  439 mean_level 2.3730
it  440 steps  43253760 sps   38,585 | ep_ret    3.26 ep_len  962.9 (n=79) | pg -0.008 vf 0.012 kl 0.0159 lr 2.6e-04
[anomaly] it 440: explained variance -2.49 < 0 after warm-up: value function not predicting returns
[anomaly] it 440: terminal-step reward dominates the episode: survival is being punished
[anomaly] it 440: joint limit violated by 0.61 rad
[anomaly] it 440: contact penetration 7.7 cm
[anomaly] it 440: contact force 28643 N > 50x robot weight
terrain it  440 mean_level 2.3816
it  441 steps  43352064 sps   38,582 | ep_ret    3.06 ep_len  972.4 (n=74) | pg -0.008 vf 0.012 kl 0.0144 lr 1.7e-04
[anomaly] it 441: explained variance -3.17 < 0 after warm-up: value function not predicting returns
[anomaly] it 441: terminal-step reward dominates the episode: survival is being punished
[anomaly] it 441: joint limit violated by 0.60 rad
[anomaly] it 441: contact penetration 5.8 cm
[anomaly] it 441: contact force 22644 N > 50x robot weight
terrain it  441 mean_level 2.3889
it  442 steps  43450368 sps   38,580 | ep_ret    3.17 ep_len  959.6 (n=78) | pg -0.009 vf 0.014 kl 0.0154 lr 1.7e-04
[anomaly] it 442: explained variance -1.71 < 0 after warm-up: value function not predicting returns
[anomaly] it 442: terminal-step reward dominates the episode: survival is being punished
[anomaly] it 442: joint limit violated by 0.57 rad
[anomaly] it 442: contact penetration 5.9 cm
[anomaly] it 442: contact force 24799 N > 50x robot weight
terrain it  442 mean_level 2.3965
it  443 steps  43548672 sps   38,578 | ep_ret    3.27 ep_len  942.0 (n=78) | pg -0.008 vf 0.014 kl 0.0134 lr 1.1e-04
[anomaly] it 443: explained variance -2.01 < 0 after warm-up: value function not predicting returns
[anomaly] it 443: terminal-step reward dominates the episode: survival is being punished
[anomaly] it 443: joint limit violated by 0.55 rad
[anomaly] it 443: contact penetration 5.2 cm
[anomaly] it 443: contact force 26153 N > 50x robot weight
terrain it  443 mean_level 2.4050
it  444 steps  43646976 sps   38,575 | ep_ret    2.77 ep_len  948.8 (n=84) | pg -0.008 vf 0.014 kl 0.0136 lr 1.1e-04
[anomaly] it 444: explained variance -1.88 < 0 after warm-up: value function not predicting returns
[anomaly] it 444: terminal-step reward dominates the episode: survival is being punished
[anomaly] it 444: joint limit violated by 0.57 rad
[anomaly] it 444: contact penetration 6.4 cm
[anomaly] it 444: contact force 28642 N > 50x robot weight
terrain it  444 mean_level 2.4148
it  445 steps  43745280 sps   38,573 | ep_ret    4.06 ep_len  973.7 (n=81) | pg -0.008 vf 0.014 kl 0.0132 lr 1.1e-04
[anomaly] it 445: explained variance -5.30 < 0 after warm-up: value function not predicting returns
[anomaly] it 445: terminal-step reward dominates the episode: survival is being punished
[anomaly] it 445: joint limit violated by 0.51 rad
[anomaly] it 445: contact penetration 7.0 cm
[anomaly] it 445: contact force 28627 N > 50x robot weight
terrain it  445 mean_level 2.4226
it  446 steps  43843584 sps   38,571 | ep_ret    2.76 ep_len  956.0 (n=92) | pg -0.010 vf 0.012 kl 0.0155 lr 1.7e-04
[anomaly] it 446: explained variance -2.58 < 0 after warm-up: value function not predicting returns
[anomaly] it 446: terminal-step reward dominates the episode: survival is being punished
[anomaly] it 446: joint limit violated by 0.56 rad
[anomaly] it 446: contact penetration 5.2 cm
[anomaly] it 446: contact force 28639 N > 50x robot weight
terrain it  446 mean_level 2.4333
it  447 steps  43941888 sps   38,569 | ep_ret    2.59 ep_len  932.1 (n=82) | pg -0.009 vf 0.016 kl 0.0161 lr 2.6e-04
[anomaly] it 447: explained variance -1.51 < 0 after warm-up: value function not predicting returns
[anomaly] it 447: terminal-step reward dominates the episode: survival is being punished
[anomaly] it 447: joint limit violated by 0.59 rad
[anomaly] it 447: contact penetration 6.3 cm
[anomaly] it 447: contact force 23488 N > 50x robot weight
terrain it  447 mean_level 2.4429
it  448 steps  44040192 sps   38,566 | ep_ret    3.17 ep_len  954.4 (n=76) | pg -0.008 vf 0.015 kl 0.0153 lr 1.7e-04
[anomaly] it 448: explained variance -1.74 < 0 after warm-up: value function not predicting returns
[anomaly] it 448: terminal-step reward dominates the episode: survival is being punished
[anomaly] it 448: joint limit violated by 0.55 rad
[anomaly] it 448: contact penetration 8.7 cm
[anomaly] it 448: contact force 23441 N > 50x robot weight
terrain it  448 mean_level 2.4521
it  449 steps  44138496 sps   38,564 | ep_ret    3.19 ep_len  963.3 (n=84) | pg -0.008 vf 0.014 kl 0.0137 lr 1.1e-04
[anomaly] it 449: explained variance -1.89 < 0 after warm-up: value function not predicting returns
[anomaly] it 449: terminal-step reward dominates the episode: survival is being punished
[anomaly] it 449: joint limit violated by 0.61 rad
[anomaly] it 449: contact penetration 5.1 cm
[anomaly] it 449: contact force 23325 N > 50x robot weight
terrain it  449 mean_level 2.4636
it  450 steps  44236800 sps   38,561 | ep_ret    2.59 ep_len  925.8 (n=78) | pg -0.008 vf 0.013 kl 0.0174 lr 1.1e-04
[anomaly] it 450: explained variance -1.01 < 0 after warm-up: value function not predicting returns
[anomaly] it 450: terminal-step reward dominates the episode: survival is being punished
[anomaly] it 450: joint limit violated by 0.51 rad
[anomaly] it 450: contact penetration 5.7 cm
[anomaly] it 450: contact force 23360 N > 50x robot weight
terrain it  450 mean_level 2.4717
it  451 steps  44335104 sps   38,559 | ep_ret    3.80 ep_len  955.3 (n=73) | pg -0.009 vf 0.014 kl 0.0115 lr 1.7e-04
[anomaly] it 451: explained variance -1.88 < 0 after warm-up: value function not predicting returns
[anomaly] it 451: terminal-step reward dominates the episode: survival is being punished
[anomaly] it 451: joint limit violated by 0.60 rad
[anomaly] it 451: contact penetration 6.6 cm
[anomaly] it 451: contact force 28589 N > 50x robot weight
terrain it  451 mean_level 2.4785
it  452 steps  44433408 sps   38,557 | ep_ret    3.56 ep_len  975.2 (n=86) | pg -0.009 vf 0.014 kl 0.0168 lr 2.6e-04
[anomaly] it 452: explained variance -2.05 < 0 after warm-up: value function not predicting returns
[anomaly] it 452: terminal-step reward dominates the episode: survival is being punished
[anomaly] it 452: joint limit violated by 0.57 rad
[anomaly] it 452: contact penetration 4.9 cm
[anomaly] it 452: contact force 28553 N > 50x robot weight
terrain it  452 mean_level 2.4897
it  453 steps  44531712 sps   38,554 | ep_ret    3.59 ep_len  968.5 (n=95) | pg -0.009 vf 0.015 kl 0.0154 lr 1.7e-04
[anomaly] it 453: explained variance -1.90 < 0 after warm-up: value function not predicting returns
[anomaly] it 453: terminal-step reward dominates the episode: survival is being punished
[anomaly] it 453: joint limit violated by 0.61 rad
[anomaly] it 453: contact penetration 7.2 cm
[anomaly] it 453: contact force 28634 N > 50x robot weight
terrain it  453 mean_level 2.4990
it  454 steps  44630016 sps   38,551 | ep_ret    3.20 ep_len  944.0 (n=98) | pg -0.010 vf 0.017 kl 0.0165 lr 1.1e-04
[anomaly] it 454: explained variance -1.93 < 0 after warm-up: value function not predicting returns
[anomaly] it 454: terminal-step reward dominates the episode: survival is being punished
[anomaly] it 454: joint limit violated by 0.58 rad
[anomaly] it 454: contact penetration 5.9 cm
[anomaly] it 454: contact force 28654 N > 50x robot weight
terrain it  454 mean_level 2.5068
it  455 steps  44728320 sps   38,548 | ep_ret    3.38 ep_len  950.0 (n=107) | pg -0.009 vf 0.016 kl 0.0123 lr 7.6e-05
[anomaly] it 455: explained variance -2.46 < 0 after warm-up: value function not predicting returns
[anomaly] it 455: terminal-step reward dominates the episode: survival is being punished
[anomaly] it 455: joint limit violated by 0.57 rad
[anomaly] it 455: contact penetration 8.7 cm
[anomaly] it 455: contact force 28622 N > 50x robot weight
terrain it  455 mean_level 2.5205
it  456 steps  44826624 sps   38,545 | ep_ret    3.11 ep_len  931.2 (n=104) | pg -0.010 vf 0.016 kl 0.0128 lr 1.7e-04
[anomaly] it 456: explained variance -0.90 < 0 after warm-up: value function not predicting returns
[anomaly] it 456: terminal-step reward dominates the episode: survival is being punished
[anomaly] it 456: joint limit violated by 0.59 rad
[anomaly] it 456: contact penetration 10.3 cm
[anomaly] it 456: contact force 28550 N > 50x robot weight
terrain it  456 mean_level 2.5320
it  457 steps  44924928 sps   38,542 | ep_ret    3.73 ep_len  968.5 (n=97) | pg -0.010 vf 0.014 kl 0.0152 lr 1.7e-04
[anomaly] it 457: explained variance -1.69 < 0 after warm-up: value function not predicting returns
[anomaly] it 457: terminal-step reward dominates the episode: survival is being punished
[anomaly] it 457: joint limit violated by 0.59 rad
[anomaly] it 457: contact penetration 7.1 cm
[anomaly] it 457: contact force 22139 N > 50x robot weight
terrain it  457 mean_level 2.5400
it  458 steps  45023232 sps   38,540 | ep_ret    4.15 ep_len  989.1 (n=115) | pg -0.009 vf 0.010 kl 0.0151 lr 1.7e-04
[anomaly] it 458: explained variance -2.16 < 0 after warm-up: value function not predicting returns
[anomaly] it 458: terminal-step reward dominates the episode: survival is being punished
[anomaly] it 458: joint limit violated by 0.62 rad
[anomaly] it 458: contact penetration 6.2 cm
[anomaly] it 458: contact force 22184 N > 50x robot weight
terrain it  458 mean_level 2.5593
it  459 steps  45121536 sps   38,537 | ep_ret    4.30 ep_len  982.9 (n=109) | pg -0.010 vf 0.012 kl 0.0151 lr 2.6e-04
[anomaly] it 459: explained variance -3.07 < 0 after warm-up: value function not predicting returns
[anomaly] it 459: terminal-step reward dominates the episode: survival is being punished
[anomaly] it 459: joint limit violated by 0.61 rad
[anomaly] it 459: contact penetration 8.2 cm
[anomaly] it 459: contact force 22168 N > 50x robot weight
terrain it  459 mean_level 2.5703
it  460 steps  45219840 sps   38,534 | ep_ret    4.50 ep_len  984.4 (n=126) | pg -0.008 vf 0.013 kl 0.0133 lr 1.1e-04
[anomaly] it 460: explained variance -4.32 < 0 after warm-up: value function not predicting returns
[anomaly] it 460: terminal-step reward dominates the episode: survival is being punished
[anomaly] it 460: joint limit violated by 0.50 rad
[anomaly] it 460: contact penetration 5.1 cm
[anomaly] it 460: contact force 22141 N > 50x robot weight
terrain it  460 mean_level 2.5869
it  461 steps  45318144 sps   38,532 | ep_ret    4.26 ep_len  978.4 (n=117) | pg -0.009 vf 0.015 kl 0.0164 lr 1.7e-04
[anomaly] it 461: explained variance -2.85 < 0 after warm-up: value function not predicting returns
[anomaly] it 461: terminal-step reward dominates the episode: survival is being punished
[anomaly] it 461: joint limit violated by 0.58 rad
[anomaly] it 461: contact penetration 7.8 cm
[anomaly] it 461: contact force 22182 N > 50x robot weight
terrain it  461 mean_level 2.6016
it  462 steps  45416448 sps   38,530 | ep_ret    4.06 ep_len  973.2 (n=131) | pg -0.008 vf 0.011 kl 0.0131 lr 1.1e-04
[anomaly] it 462: explained variance -1.74 < 0 after warm-up: value function not predicting returns
[anomaly] it 462: terminal-step reward dominates the episode: survival is being punished
[anomaly] it 462: joint limit violated by 0.57 rad
[anomaly] it 462: contact penetration 5.1 cm
[anomaly] it 462: contact force 22101 N > 50x robot weight
terrain it  462 mean_level 2.6191
it  463 steps  45514752 sps   38,528 | ep_ret    4.25 ep_len  976.1 (n=135) | pg -0.009 vf 0.012 kl 0.0163 lr 1.7e-04
[anomaly] it 463: explained variance -1.78 < 0 after warm-up: value function not predicting returns
[anomaly] it 463: terminal-step reward dominates the episode: survival is being punished
[anomaly] it 463: joint limit violated by 0.58 rad
[anomaly] it 463: contact penetration 5.6 cm
[anomaly] it 463: contact force 22161 N > 50x robot weight
terrain it  463 mean_level 2.6287
it  464 steps  45613056 sps   38,525 | ep_ret    4.33 ep_len  981.4 (n=118) | pg -0.011 vf 0.011 kl 0.0141 lr 2.6e-04
[anomaly] it 464: explained variance -1.92 < 0 after warm-up: value function not predicting returns
[anomaly] it 464: terminal-step reward dominates the episode: survival is being punished
[anomaly] it 464: joint limit violated by 0.66 rad
[anomaly] it 464: contact penetration 5.1 cm
[anomaly] it 464: contact force 22160 N > 50x robot weight
terrain it  464 mean_level 2.6421
it  465 steps  45711360 sps   38,523 | ep_ret    4.72 ep_len  999.5 (n=120) | pg -0.009 vf 0.012 kl 0.0142 lr 1.7e-04
[anomaly] it 465: explained variance -5.49 < 0 after warm-up: value function not predicting returns
[anomaly] it 465: terminal-step reward dominates the episode: survival is being punished
[anomaly] it 465: joint limit violated by 0.60 rad
[anomaly] it 465: contact penetration 5.3 cm
[anomaly] it 465: contact force 22110 N > 50x robot weight
terrain it  465 mean_level 2.6575
it  466 steps  45809664 sps   38,521 | ep_ret    4.35 ep_len  983.2 (n=126) | pg -0.009 vf 0.011 kl 0.0139 lr 1.7e-04
[anomaly] it 466: explained variance -2.22 < 0 after warm-up: value function not predicting returns
[anomaly] it 466: terminal-step reward dominates the episode: survival is being punished
[anomaly] it 466: joint limit violated by 0.51 rad
[anomaly] it 466: contact penetration 6.1 cm
terrain it  466 mean_level 2.6704
it  467 steps  45907968 sps   38,519 | ep_ret    4.14 ep_len  966.0 (n=132) | pg -0.009 vf 0.012 kl 0.0162 lr 1.7e-04
[anomaly] it 467: explained variance -0.84 < 0 after warm-up: value function not predicting returns
[anomaly] it 467: terminal-step reward dominates the episode: survival is being punished
[anomaly] it 467: joint limit violated by 0.62 rad
[anomaly] it 467: contact penetration 6.4 cm
terrain it  467 mean_level 2.6851
it  468 steps  46006272 sps   38,517 | ep_ret    4.33 ep_len  983.6 (n=122) | pg -0.010 vf 0.013 kl 0.0133 lr 1.1e-04
[anomaly] it 468: explained variance -1.38 < 0 after warm-up: value function not predicting returns
[anomaly] it 468: terminal-step reward dominates the episode: survival is being punished
[anomaly] it 468: joint limit violated by 0.60 rad
[anomaly] it 468: contact penetration 8.1 cm
terrain it  468 mean_level 2.6987
it  469 steps  46104576 sps   38,514 | ep_ret    4.62 ep_len  977.3 (n=122) | pg -0.009 vf 0.011 kl 0.0162 lr 2.6e-04
[anomaly] it 469: explained variance -1.72 < 0 after warm-up: value function not predicting returns
[anomaly] it 469: terminal-step reward dominates the episode: survival is being punished
[anomaly] it 469: joint limit violated by 0.53 rad
[anomaly] it 469: contact penetration 5.5 cm
terrain it  469 mean_level 2.7131
it  470 steps  46202880 sps   38,512 | ep_ret    4.37 ep_len  987.8 (n=134) | pg -0.008 vf 0.011 kl 0.0161 lr 1.7e-04
[anomaly] it 470: explained variance -2.75 < 0 after warm-up: value function not predicting returns
[anomaly] it 470: terminal-step reward dominates the episode: survival is being punished
[anomaly] it 470: joint limit violated by 0.59 rad
[anomaly] it 470: contact penetration 4.2 cm
terrain it  470 mean_level 2.7280
it  471 steps  46301184 sps   38,509 | ep_ret    4.02 ep_len  972.2 (n=114) | pg -0.010 vf 0.009 kl 0.0150 lr 1.7e-04
[anomaly] it 471: explained variance -1.32 < 0 after warm-up: value function not predicting returns
[anomaly] it 471: terminal-step reward dominates the episode: survival is being punished
[anomaly] it 471: joint limit violated by 0.57 rad
[anomaly] it 471: contact penetration 4.9 cm
terrain it  471 mean_level 2.7402
it  472 steps  46399488 sps   38,507 | ep_ret    4.33 ep_len  976.1 (n=112) | pg -0.009 vf 0.011 kl 0.0125 lr 1.1e-04
[anomaly] it 472: explained variance -1.56 < 0 after warm-up: value function not predicting returns
[anomaly] it 472: terminal-step reward dominates the episode: survival is being punished
[anomaly] it 472: joint limit violated by 0.57 rad
[anomaly] it 472: contact penetration 4.4 cm
terrain it  472 mean_level 2.7529
it  473 steps  46497792 sps   38,505 | ep_ret    4.07 ep_len  971.8 (n=82) | pg -0.009 vf 0.010 kl 0.0164 lr 1.7e-04
[anomaly] it 473: explained variance -3.00 < 0 after warm-up: value function not predicting returns
[anomaly] it 473: terminal-step reward dominates the episode: survival is being punished
[anomaly] it 473: joint limit violated by 0.60 rad
[anomaly] it 473: contact penetration 5.0 cm
terrain it  473 mean_level 2.7627
it  474 steps  46596096 sps   38,503 | ep_ret    4.44 ep_len  987.0 (n=101) | pg -0.010 vf 0.010 kl 0.0158 lr 2.6e-04
[anomaly] it 474: explained variance -2.95 < 0 after warm-up: value function not predicting returns
[anomaly] it 474: terminal-step reward dominates the episode: survival is being punished
[anomaly] it 474: joint limit violated by 0.59 rad
[anomaly] it 474: contact penetration 5.8 cm
terrain it  474 mean_level 2.7751
it  475 steps  46694400 sps   38,501 | ep_ret    4.44 ep_len  975.1 (n=100) | pg -0.007 vf 0.011 kl 0.0168 lr 2.6e-04
[anomaly] it 475: explained variance -1.76 < 0 after warm-up: value function not predicting returns
[anomaly] it 475: terminal-step reward dominates the episode: survival is being punished
[anomaly] it 475: joint limit violated by 0.58 rad
[anomaly] it 475: contact penetration 5.4 cm
[anomaly] it 475: contact force 22110 N > 50x robot weight
terrain it  475 mean_level 2.7908
it  476 steps  46792704 sps   38,499 | ep_ret    4.38 ep_len  981.1 (n=105) | pg -0.009 vf 0.011 kl 0.0147 lr 1.7e-04
[anomaly] it 476: explained variance -1.67 < 0 after warm-up: value function not predicting returns
[anomaly] it 476: terminal-step reward dominates the episode: survival is being punished
[anomaly] it 476: joint limit violated by 0.55 rad
[anomaly] it 476: contact penetration 5.2 cm
[anomaly] it 476: contact force 22129 N > 50x robot weight
terrain it  476 mean_level 2.8010
it  477 steps  46891008 sps   38,497 | ep_ret    4.12 ep_len  970.1 (n=103) | pg -0.009 vf 0.012 kl 0.0148 lr 1.7e-04
[anomaly] it 477: explained variance -1.82 < 0 after warm-up: value function not predicting returns
[anomaly] it 477: terminal-step reward dominates the episode: survival is being punished
[anomaly] it 477: joint limit violated by 0.54 rad
[anomaly] it 477: contact penetration 6.8 cm
[anomaly] it 477: contact force 22178 N > 50x robot weight
terrain it  477 mean_level 2.8149
it  478 steps  46989312 sps   38,495 | ep_ret    4.04 ep_len  978.3 (n=107) | pg -0.009 vf 0.013 kl 0.0152 lr 1.7e-04
[anomaly] it 478: explained variance -1.84 < 0 after warm-up: value function not predicting returns
[anomaly] it 478: terminal-step reward dominates the episode: survival is being punished
[anomaly] it 478: joint limit violated by 0.58 rad
[anomaly] it 478: contact penetration 6.6 cm
terrain it  478 mean_level 2.8262
it  479 steps  47087616 sps   38,490 | ep_ret    4.16 ep_len  974.1 (n=94) | pg -0.010 vf 0.015 kl 0.0162 lr 2.6e-04
[anomaly] it 479: explained variance -2.09 < 0 after warm-up: value function not predicting returns
[anomaly] it 479: terminal-step reward dominates the episode: survival is being punished
[anomaly] it 479: joint limit violated by 0.62 rad
[anomaly] it 479: contact penetration 9.4 cm
[anomaly] it 479: contact force 22118 N > 50x robot weight
terrain it  479 mean_level 2.8330
it  480 steps  47185920 sps   38,476 | ep_ret    4.14 ep_len  961.4 (n=81) | pg -0.008 vf 0.013 kl 0.0150 lr 1.1e-04
[anomaly] it 480: explained variance -2.09 < 0 after warm-up: value function not predicting returns
[anomaly] it 480: terminal-step reward dominates the episode: survival is being punished
[anomaly] it 480: joint limit violated by 0.56 rad
[anomaly] it 480: contact penetration 7.0 cm
[anomaly] it 480: contact force 22133 N > 50x robot weight
terrain it  480 mean_level 2.8420
it  481 steps  47284224 sps   38,470 | ep_ret    3.58 ep_len  943.4 (n=87) | pg -0.009 vf 0.013 kl 0.0145 lr 1.7e-04
[anomaly] it 481: explained variance -0.64 < 0 after warm-up: value function not predicting returns
[anomaly] it 481: terminal-step reward dominates the episode: survival is being punished
[anomaly] it 481: joint limit violated by 0.62 rad
[anomaly] it 481: contact penetration 4.9 cm
[anomaly] it 481: contact force 22183 N > 50x robot weight
terrain it  481 mean_level 2.8508
it  482 steps  47382528 sps   38,468 | ep_ret    4.15 ep_len  963.6 (n=62) | pg -0.009 vf 0.012 kl 0.0153 lr 1.7e-04
[anomaly] it 482: explained variance -2.03 < 0 after warm-up: value function not predicting returns
[anomaly] it 482: terminal-step reward dominates the episode: survival is being punished
[anomaly] it 482: joint limit violated by 0.60 rad
[anomaly] it 482: contact penetration 4.7 cm
[anomaly] it 482: contact force 22091 N > 50x robot weight
terrain it  482 mean_level 2.8569
it  483 steps  47480832 sps   38,466 | ep_ret    4.26 ep_len  966.0 (n=80) | pg -0.008 vf 0.014 kl 0.0146 lr 1.7e-04
[anomaly] it 483: explained variance -2.69 < 0 after warm-up: value function not predicting returns
[anomaly] it 483: terminal-step reward dominates the episode: survival is being punished
[anomaly] it 483: joint limit violated by 0.62 rad
[anomaly] it 483: contact penetration 6.1 cm
[anomaly] it 483: contact force 20617 N > 50x robot weight
terrain it  483 mean_level 2.8679
it  484 steps  47579136 sps   38,464 | ep_ret    3.89 ep_len  957.2 (n=80) | pg -0.009 vf 0.012 kl 0.0153 lr 2.6e-04
[anomaly] it 484: explained variance -3.47 < 0 after warm-up: value function not predicting returns
[anomaly] it 484: terminal-step reward dominates the episode: survival is being punished
[anomaly] it 484: joint limit violated by 0.68 rad
[anomaly] it 484: contact penetration 6.3 cm
terrain it  484 mean_level 2.8787
it  485 steps  47677440 sps   38,463 | ep_ret    3.74 ep_len  955.8 (n=86) | pg -0.010 vf 0.010 kl 0.0139 lr 1.7e-04
[anomaly] it 485: explained variance -1.64 < 0 after warm-up: value function not predicting returns
[anomaly] it 485: terminal-step reward dominates the episode: survival is being punished
[anomaly] it 485: joint limit violated by 0.51 rad
[anomaly] it 485: contact penetration 7.1 cm
terrain it  485 mean_level 2.8879
it  486 steps  47775744 sps   38,461 | ep_ret    4.40 ep_len  967.0 (n=73) | pg -0.008 vf 0.012 kl 0.0126 lr 1.1e-04
[anomaly] it 486: explained variance -2.06 < 0 after warm-up: value function not predicting returns
[anomaly] it 486: terminal-step reward dominates the episode: survival is being punished
[anomaly] it 486: joint limit violated by 0.58 rad
[anomaly] it 486: contact penetration 10.1 cm
terrain it  486 mean_level 2.8953
it  487 steps  47874048 sps   38,459 | ep_ret    4.22 ep_len  991.9 (n=95) | pg -0.008 vf 0.012 kl 0.0139 lr 1.7e-04
[anomaly] it 487: explained variance -2.33 < 0 after warm-up: value function not predicting returns
[anomaly] it 487: terminal-step reward dominates the episode: survival is being punished
[anomaly] it 487: joint limit violated by 0.70 rad
[anomaly] it 487: contact penetration 6.3 cm
terrain it  487 mean_level 2.9104
it  488 steps  47972352 sps   38,457 | ep_ret    3.86 ep_len  956.0 (n=80) | pg -0.008 vf 0.012 kl 0.0130 lr 1.1e-04
[anomaly] it 488: explained variance -1.90 < 0 after warm-up: value function not predicting returns
[anomaly] it 488: terminal-step reward dominates the episode: survival is being punished
[anomaly] it 488: joint limit violated by 0.52 rad
[anomaly] it 488: contact penetration 5.2 cm
terrain it  488 mean_level 2.9192
it  489 steps  48070656 sps   38,455 | ep_ret    3.69 ep_len  962.4 (n=98) | pg -0.009 vf 0.012 kl 0.0146 lr 1.7e-04
[anomaly] it 489: explained variance -0.71 < 0 after warm-up: value function not predicting returns
[anomaly] it 489: terminal-step reward dominates the episode: survival is being punished
[anomaly] it 489: joint limit violated by 0.57 rad
[anomaly] it 489: contact penetration 7.6 cm
terrain it  489 mean_level 2.9312
it  490 steps  48168960 sps   38,453 | ep_ret    4.66 ep_len  980.6 (n=63) | pg -0.009 vf 0.011 kl 0.0165 lr 2.6e-04
[anomaly] it 490: explained variance -2.82 < 0 after warm-up: value function not predicting returns
[anomaly] it 490: terminal-step reward dominates the episode: survival is being punished
[anomaly] it 490: joint limit violated by 0.58 rad
[anomaly] it 490: contact penetration 10.6 cm
terrain it  490 mean_level 2.9355
it  491 steps  48267264 sps   38,451 | ep_ret    4.03 ep_len  971.1 (n=82) | pg -0.009 vf 0.010 kl 0.0150 lr 1.7e-04
[anomaly] it 491: explained variance -0.86 < 0 after warm-up: value function not predicting returns
[anomaly] it 491: terminal-step reward dominates the episode: survival is being punished
[anomaly] it 491: joint limit violated by 0.68 rad
[anomaly] it 491: contact penetration 4.7 cm
[anomaly] it 491: contact force 28653 N > 50x robot weight
terrain it  491 mean_level 2.9446
it  492 steps  48365568 sps   38,449 | ep_ret    4.45 ep_len  977.7 (n=80) | pg -0.009 vf 0.011 kl 0.0161 lr 2.6e-04
[anomaly] it 492: explained variance -0.72 < 0 after warm-up: value function not predicting returns
[anomaly] it 492: terminal-step reward dominates the episode: survival is being punished
[anomaly] it 492: joint limit violated by 0.61 rad
[anomaly] it 492: contact penetration 5.8 cm
[anomaly] it 492: contact force 28636 N > 50x robot weight
terrain it  492 mean_level 2.9548
it  493 steps  48463872 sps   38,446 | ep_ret    4.85 ep_len  979.5 (n=87) | pg -0.009 vf 0.012 kl 0.0144 lr 1.7e-04
[anomaly] it 493: explained variance -2.25 < 0 after warm-up: value function not predicting returns
[anomaly] it 493: terminal-step reward dominates the episode: survival is being punished
[anomaly] it 493: joint limit violated by 0.65 rad
[anomaly] it 493: contact penetration 5.5 cm
[anomaly] it 493: contact force 28559 N > 50x robot weight
terrain it  493 mean_level 2.9651
it  494 steps  48562176 sps   38,444 | ep_ret    4.48 ep_len  963.0 (n=85) | pg -0.010 vf 0.013 kl 0.0154 lr 1.1e-04
[anomaly] it 494: explained variance -2.80 < 0 after warm-up: value function not predicting returns
[anomaly] it 494: terminal-step reward dominates the episode: survival is being punished
[anomaly] it 494: joint limit violated by 0.60 rad
[anomaly] it 494: contact penetration 9.2 cm
[anomaly] it 494: contact force 28609 N > 50x robot weight
terrain it  494 mean_level 2.9734
it  495 steps  48660480 sps   38,442 | ep_ret    5.33 ep_len  983.1 (n=86) | pg -0.009 vf 0.013 kl 0.0131 lr 1.1e-04
[anomaly] it 495: explained variance -4.19 < 0 after warm-up: value function not predicting returns
[anomaly] it 495: terminal-step reward dominates the episode: survival is being punished
[anomaly] it 495: joint limit violated by 0.65 rad
[anomaly] it 495: contact penetration 6.9 cm
[anomaly] it 495: contact force 28652 N > 50x robot weight
terrain it  495 mean_level 2.9844
it  496 steps  48758784 sps   38,440 | ep_ret    4.42 ep_len  956.2 (n=105) | pg -0.009 vf 0.015 kl 0.0156 lr 1.7e-04
[anomaly] it 496: explained variance -1.44 < 0 after warm-up: value function not predicting returns
[anomaly] it 496: terminal-step reward dominates the episode: survival is being punished
[anomaly] it 496: joint limit violated by 0.60 rad
[anomaly] it 496: contact penetration 5.5 cm
[anomaly] it 496: contact force 18791 N > 50x robot weight
terrain it  496 mean_level 2.9951
it  497 steps  48857088 sps   38,437 | ep_ret    4.58 ep_len  972.2 (n=116) | pg -0.008 vf 0.014 kl 0.0130 lr 1.1e-04
[anomaly] it 497: explained variance -1.96 < 0 after warm-up: value function not predicting returns
[anomaly] it 497: terminal-step reward dominates the episode: survival is being punished
[anomaly] it 497: joint limit violated by 0.55 rad
[anomaly] it 497: contact penetration 6.0 cm
[anomaly] it 497: contact force 28632 N > 50x robot weight
terrain it  497 mean_level 3.0093
it  498 steps  48955392 sps   38,435 | ep_ret    4.76 ep_len  975.1 (n=92) | pg -0.009 vf 0.013 kl 0.0164 lr 2.6e-04
[anomaly] it 498: explained variance -1.45 < 0 after warm-up: value function not predicting returns
[anomaly] it 498: terminal-step reward dominates the episode: survival is being punished
[anomaly] it 498: joint limit violated by 0.60 rad
[anomaly] it 498: contact penetration 6.4 cm
[anomaly] it 498: contact force 28537 N > 50x robot weight
terrain it  498 mean_level 3.0227
it  499 steps  49053696 sps   38,432 | ep_ret    5.28 ep_len  973.7 (n=110) | pg -0.007 vf 0.012 kl 0.0136 lr 7.6e-05
[anomaly] it 499: explained variance -2.03 < 0 after warm-up: value function not predicting returns
[anomaly] it 499: terminal-step reward dominates the episode: survival is being punished
[anomaly] it 499: joint limit violated by 0.59 rad
[anomaly] it 499: contact penetration 5.0 cm
[anomaly] it 499: contact force 23460 N > 50x robot weight
terrain it  499 mean_level 3.0386
it  500 steps  49152000 sps   38,430 | ep_ret    4.98 ep_len  957.7 (n=111) | pg -0.009 vf 0.014 kl 0.0134 lr 1.7e-04
[anomaly] it 500: explained variance -1.47 < 0 after warm-up: value function not predicting returns
[anomaly] it 500: terminal-step reward dominates the episode: survival is being punished
[anomaly] it 500: joint limit violated by 0.55 rad
[anomaly] it 500: contact penetration 6.7 cm
[anomaly] it 500: contact force 28651 N > 50x robot weight
terrain it  500 mean_level 3.0510
it  501 steps  49250304 sps   38,428 | ep_ret    5.02 ep_len  979.1 (n=110) | pg -0.010 vf 0.013 kl 0.0134 lr 1.7e-04
[anomaly] it 501: explained variance -1.33 < 0 after warm-up: value function not predicting returns
[anomaly] it 501: terminal-step reward dominates the episode: survival is being punished
[anomaly] it 501: joint limit violated by 0.63 rad
[anomaly] it 501: contact penetration 6.7 cm
[anomaly] it 501: contact force 28558 N > 50x robot weight
terrain it  501 mean_level 3.0598
it  502 steps  49348608 sps   38,425 | ep_ret    5.25 ep_len  984.3 (n=121) | pg -0.008 vf 0.013 kl 0.0139 lr 1.1e-04
[anomaly] it 502: explained variance -2.29 < 0 after warm-up: value function not predicting returns
[anomaly] it 502: terminal-step reward dominates the episode: survival is being punished
[anomaly] it 502: joint limit violated by 0.58 rad
[anomaly] it 502: contact penetration 7.0 cm
[anomaly] it 502: contact force 28529 N > 50x robot weight
terrain it  502 mean_level 3.0771
it  503 steps  49446912 sps   38,423 | ep_ret    4.99 ep_len  966.7 (n=108) | pg -0.010 vf 0.013 kl 0.0160 lr 1.7e-04
[anomaly] it 503: explained variance -1.32 < 0 after warm-up: value function not predicting returns
[anomaly] it 503: terminal-step reward dominates the episode: survival is being punished
[anomaly] it 503: joint limit violated by 0.55 rad
[anomaly] it 503: contact penetration 5.5 cm
[anomaly] it 503: contact force 28623 N > 50x robot weight
terrain it  503 mean_level 3.0911
it  504 steps  49545216 sps   38,421 | ep_ret    5.56 ep_len  984.5 (n=148) | pg -0.009 vf 0.013 kl 0.0132 lr 1.1e-04
[anomaly] it 504: explained variance -1.74 < 0 after warm-up: value function not predicting returns
[anomaly] it 504: terminal-step reward dominates the episode: survival is being punished
[anomaly] it 504: joint limit violated by 0.59 rad
[anomaly] it 504: contact penetration 5.7 cm
[anomaly] it 504: contact force 28643 N > 50x robot weight
terrain it  504 mean_level 3.1082
it  505 steps  49643520 sps   38,419 | ep_ret    5.38 ep_len  982.9 (n=123) | pg -0.009 vf 0.013 kl 0.0131 lr 1.1e-04
[anomaly] it 505: explained variance -2.22 < 0 after warm-up: value function not predicting returns
[anomaly] it 505: terminal-step reward dominates the episode: survival is being punished
[anomaly] it 505: joint limit violated by 0.53 rad
[anomaly] it 505: contact penetration 8.0 cm
[anomaly] it 505: contact force 23597 N > 50x robot weight
terrain it  505 mean_level 3.1272
it  506 steps  49741824 sps   38,417 | ep_ret    5.17 ep_len  963.5 (n=139) | pg -0.008 vf 0.015 kl 0.0130 lr 1.1e-04
[anomaly] it 506: explained variance -0.94 < 0 after warm-up: value function not predicting returns
[anomaly] it 506: terminal-step reward dominates the episode: survival is being punished
[anomaly] it 506: joint limit violated by 0.62 rad
[anomaly] it 506: contact penetration 5.4 cm
[anomaly] it 506: contact force 28498 N > 50x robot weight
terrain it  506 mean_level 3.1416
it  507 steps  49840128 sps   38,415 | ep_ret    5.39 ep_len  973.8 (n=111) | pg -0.008 vf 0.012 kl 0.0162 lr 1.1e-04
[anomaly] it 507: explained variance -1.70 < 0 after warm-up: value function not predicting returns
[anomaly] it 507: terminal-step reward dominates the episode: survival is being punished
[anomaly] it 507: joint limit violated by 0.67 rad
[anomaly] it 507: contact penetration 8.6 cm
[anomaly] it 507: contact force 28649 N > 50x robot weight
terrain it  507 mean_level 3.1575
it  508 steps  49938432 sps   38,413 | ep_ret    5.68 ep_len  983.2 (n=134) | pg -0.009 vf 0.011 kl 0.0163 lr 1.7e-04
[anomaly] it 508: explained variance -2.81 < 0 after warm-up: value function not predicting returns
[anomaly] it 508: terminal-step reward dominates the episode: survival is being punished
[anomaly] it 508: joint limit violated by 0.52 rad
[anomaly] it 508: contact penetration 7.0 cm
[anomaly] it 508: contact force 22180 N > 50x robot weight
terrain it  508 mean_level 3.1760
it  509 steps  50036736 sps   38,410 | ep_ret    5.19 ep_len  979.1 (n=113) | pg -0.008 vf 0.012 kl 0.0160 lr 2.6e-04
[anomaly] it 509: explained variance -2.69 < 0 after warm-up: value function not predicting returns
[anomaly] it 509: terminal-step reward dominates the episode: survival is being punished
[anomaly] it 509: joint limit violated by 0.57 rad
[anomaly] it 509: contact penetration 6.0 cm
[anomaly] it 509: contact force 28614 N > 50x robot weight
terrain it  509 mean_level 3.1904
it  510 steps  50135040 sps   38,408 | ep_ret    5.74 ep_len  982.8 (n=118) | pg -0.009 vf 0.011 kl 0.0145 lr 1.7e-04
[anomaly] it 510: explained variance -3.85 < 0 after warm-up: value function not predicting returns
[anomaly] it 510: terminal-step reward dominates the episode: survival is being punished
[anomaly] it 510: joint limit violated by 0.61 rad
[anomaly] it 510: contact penetration 4.9 cm
[anomaly] it 510: contact force 28639 N > 50x robot weight
terrain it  510 mean_level 3.2041
it  511 steps  50233344 sps   38,406 | ep_ret    5.08 ep_len  969.3 (n=143) | pg -0.009 vf 0.009 kl 0.0141 lr 1.7e-04
[anomaly] it 511: explained variance -1.62 < 0 after warm-up: value function not predicting returns
[anomaly] it 511: terminal-step reward dominates the episode: survival is being punished
[anomaly] it 511: joint limit violated by 0.62 rad
[anomaly] it 511: contact penetration 8.7 cm
[anomaly] it 511: contact force 28609 N > 50x robot weight
terrain it  511 mean_level 3.2175
it  512 steps  50331648 sps   38,404 | ep_ret    5.71 ep_len  971.6 (n=121) | pg -0.008 vf 0.012 kl 0.0170 lr 2.6e-04
[anomaly] it 512: explained variance -2.51 < 0 after warm-up: value function not predicting returns
[anomaly] it 512: terminal-step reward dominates the episode: survival is being punished
[anomaly] it 512: joint limit violated by 0.60 rad
[anomaly] it 512: contact penetration 6.9 cm
[anomaly] it 512: contact force 28551 N > 50x robot weight
terrain it  512 mean_level 3.2346
it  513 steps  50429952 sps   38,402 | ep_ret    5.24 ep_len  963.9 (n=118) | pg -0.009 vf 0.010 kl 0.0163 lr 2.6e-04
[anomaly] it 513: explained variance -2.07 < 0 after warm-up: value function not predicting returns
[anomaly] it 513: terminal-step reward dominates the episode: survival is being punished
[anomaly] it 513: joint limit violated by 0.58 rad
[anomaly] it 513: contact penetration 6.3 cm
terrain it  513 mean_level 3.2473
it  514 steps  50528256 sps   38,400 | ep_ret    5.92 ep_len  988.6 (n=107) | pg -0.008 vf 0.012 kl 0.0170 lr 1.7e-04
[anomaly] it 514: explained variance -2.86 < 0 after warm-up: value function not predicting returns
[anomaly] it 514: terminal-step reward dominates the episode: survival is being punished
[anomaly] it 514: joint limit violated by 0.67 rad
[anomaly] it 514: contact penetration 7.1 cm
[anomaly] it 514: contact force 44356 N > 50x robot weight
terrain it  514 mean_level 3.2578
it  515 steps  50626560 sps   38,397 | ep_ret    5.20 ep_len  959.2 (n=93) | pg -0.009 vf 0.011 kl 0.0146 lr 1.7e-04
[anomaly] it 515: explained variance -1.35 < 0 after warm-up: value function not predicting returns
[anomaly] it 515: terminal-step reward dominates the episode: survival is being punished
[anomaly] it 515: joint limit violated by 0.70 rad
[anomaly] it 515: contact penetration 6.3 cm
terrain it  515 mean_level 3.2705
it  516 steps  50724864 sps   38,395 | ep_ret    4.88 ep_len  949.1 (n=96) | pg -0.010 vf 0.010 kl 0.0147 lr 2.6e-04
[anomaly] it 516: explained variance -0.32 < 0 after warm-up: value function not predicting returns
[anomaly] it 516: terminal-step reward dominates the episode: survival is being punished
[anomaly] it 516: joint limit violated by 0.60 rad
[anomaly] it 516: contact penetration 7.7 cm
[anomaly] it 516: contact force 20833 N > 50x robot weight
terrain it  516 mean_level 3.2800
it  517 steps  50823168 sps   38,393 | ep_ret    5.66 ep_len  994.8 (n=94) | pg -0.008 vf 0.012 kl 0.0168 lr 1.7e-04
[anomaly] it 517: explained variance -4.09 < 0 after warm-up: value function not predicting returns
[anomaly] it 517: terminal-step reward dominates the episode: survival is being punished
[anomaly] it 517: joint limit violated by 0.61 rad
[anomaly] it 517: contact penetration 7.2 cm
terrain it  517 mean_level 3.2925
it  518 steps  50921472 sps   38,391 | ep_ret    5.45 ep_len  974.4 (n=105) | pg -0.009 vf 0.011 kl 0.0148 lr 1.7e-04
[anomaly] it 518: explained variance -1.63 < 0 after warm-up: value function not predicting returns
[anomaly] it 518: terminal-step reward dominates the episode: survival is being punished
[anomaly] it 518: joint limit violated by 0.58 rad
[anomaly] it 518: contact penetration 5.8 cm
terrain it  518 mean_level 3.3030
it  519 steps  51019776 sps   38,389 | ep_ret    5.59 ep_len  978.1 (n=101) | pg -0.009 vf 0.013 kl 0.0146 lr 1.7e-04
[anomaly] it 519: explained variance -2.14 < 0 after warm-up: value function not predicting returns
[anomaly] it 519: terminal-step reward dominates the episode: survival is being punished
[anomaly] it 519: joint limit violated by 0.60 rad
[anomaly] it 519: contact penetration 6.5 cm
terrain it  519 mean_level 3.3145
it  520 steps  51118080 sps   38,387 | ep_ret    5.64 ep_len  977.0 (n=96) | pg -0.009 vf 0.013 kl 0.0170 lr 2.6e-04
[anomaly] it 520: explained variance -3.36 < 0 after warm-up: value function not predicting returns
[anomaly] it 520: terminal-step reward dominates the episode: survival is being punished
[anomaly] it 520: joint limit violated by 0.60 rad
[anomaly] it 520: contact penetration 8.1 cm
terrain it  520 mean_level 3.3274
it  521 steps  51216384 sps   38,385 | ep_ret    4.86 ep_len  949.2 (n=99) | pg -0.009 vf 0.014 kl 0.0152 lr 1.7e-04
[anomaly] it 521: explained variance -2.07 < 0 after warm-up: value function not predicting returns
[anomaly] it 521: terminal-step reward dominates the episode: survival is being punished
[anomaly] it 521: joint limit violated by 0.62 rad
[anomaly] it 521: contact penetration 5.0 cm
terrain it  521 mean_level 3.3418
it  522 steps  51314688 sps   38,382 | ep_ret    4.74 ep_len  948.8 (n=82) | pg -0.010 vf 0.012 kl 0.0146 lr 1.7e-04
[anomaly] it 522: explained variance -1.01 < 0 after warm-up: value function not predicting returns
[anomaly] it 522: terminal-step reward dominates the episode: survival is being punished
[anomaly] it 522: joint limit violated by 0.59 rad
[anomaly] it 522: contact penetration 5.6 cm
[anomaly] it 522: contact force 22150 N > 50x robot weight
terrain it  522 mean_level 3.3489
it  523 steps  51412992 sps   38,380 | ep_ret    4.95 ep_len  964.6 (n=89) | pg -0.009 vf 0.013 kl 0.0162 lr 2.6e-04
[anomaly] it 523: explained variance -1.21 < 0 after warm-up: value function not predicting returns
[anomaly] it 523: terminal-step reward dominates the episode: survival is being punished
[anomaly] it 523: joint limit violated by 0.65 rad
[anomaly] it 523: contact penetration 5.1 cm
[anomaly] it 523: contact force 22144 N > 50x robot weight
terrain it  523 mean_level 3.3621
it  524 steps  51511296 sps   38,378 | ep_ret    5.26 ep_len  965.9 (n=75) | pg -0.009 vf 0.015 kl 0.0167 lr 1.7e-04
[anomaly] it 524: explained variance -1.77 < 0 after warm-up: value function not predicting returns
[anomaly] it 524: terminal-step reward dominates the episode: survival is being punished
[anomaly] it 524: joint limit violated by 0.58 rad
[anomaly] it 524: contact penetration 8.9 cm
terrain it  524 mean_level 3.3723
it  525 steps  51609600 sps   38,376 | ep_ret    4.80 ep_len  942.5 (n=81) | pg -0.006 vf 0.011 kl 0.0131 lr 5.1e-05
[anomaly] it 525: explained variance -0.66 < 0 after warm-up: value function not predicting returns
[anomaly] it 525: terminal-step reward dominates the episode: survival is being punished
[anomaly] it 525: joint limit violated by 0.58 rad
[anomaly] it 525: contact penetration 6.0 cm
terrain it  525 mean_level 3.3799
it  526 steps  51707904 sps   38,373 | ep_ret    5.89 ep_len  994.4 (n=75) | pg -0.008 vf 0.012 kl 0.0139 lr 1.7e-04
[anomaly] it 526: explained variance -5.44 < 0 after warm-up: value function not predicting returns
[anomaly] it 526: terminal-step reward dominates the episode: survival is being punished
[anomaly] it 526: joint limit violated by 0.57 rad
[anomaly] it 526: contact penetration 6.7 cm
terrain it  526 mean_level 3.3906
it  527 steps  51806208 sps   38,371 | ep_ret    5.34 ep_len  968.9 (n=88) | pg -0.006 vf 0.012 kl 0.0143 lr 7.6e-05
[anomaly] it 527: explained variance -2.63 < 0 after warm-up: value function not predicting returns
[anomaly] it 527: terminal-step reward dominates the episode: survival is being punished
[anomaly] it 527: joint limit violated by 0.61 rad
[anomaly] it 527: contact penetration 5.0 cm
terrain it  527 mean_level 3.4004
it  528 steps  51904512 sps   38,362 | ep_ret    5.03 ep_len  953.1 (n=78) | pg -0.009 vf 0.013 kl 0.0133 lr 1.7e-04
[anomaly] it 528: explained variance -1.18 < 0 after warm-up: value function not predicting returns
[anomaly] it 528: terminal-step reward dominates the episode: survival is being punished
[anomaly] it 528: joint limit violated by 0.59 rad
[anomaly] it 528: contact penetration 5.1 cm
terrain it  528 mean_level 3.4126
it  529 steps  52002816 sps   38,360 | ep_ret    5.56 ep_len  974.5 (n=93) | pg -0.009 vf 0.011 kl 0.0157 lr 2.6e-04
[anomaly] it 529: explained variance -2.01 < 0 after warm-up: value function not predicting returns
[anomaly] it 529: terminal-step reward dominates the episode: survival is being punished
[anomaly] it 529: joint limit violated by 0.54 rad
[anomaly] it 529: contact penetration 6.0 cm
terrain it  529 mean_level 3.4229
it  530 steps  52101120 sps   38,358 | ep_ret    5.53 ep_len  975.2 (n=87) | pg -0.008 vf 0.015 kl 0.0162 lr 1.7e-04
[anomaly] it 530: explained variance -1.79 < 0 after warm-up: value function not predicting returns
[anomaly] it 530: terminal-step reward dominates the episode: survival is being punished
[anomaly] it 530: joint limit violated by 0.58 rad
[anomaly] it 530: contact penetration 5.4 cm
terrain it  530 mean_level 3.4304
it  531 steps  52199424 sps   38,356 | ep_ret    4.94 ep_len  955.0 (n=84) | pg -0.007 vf 0.013 kl 0.0147 lr 1.7e-04
[anomaly] it 531: explained variance -0.99 < 0 after warm-up: value function not predicting returns
[anomaly] it 531: terminal-step reward dominates the episode: survival is being punished
[anomaly] it 531: joint limit violated by 0.65 rad
[anomaly] it 531: contact penetration 6.6 cm
terrain it  531 mean_level 3.4375
it  532 steps  52297728 sps   38,355 | ep_ret    5.52 ep_len  978.1 (n=78) | pg -0.008 vf 0.012 kl 0.0147 lr 1.1e-04
[anomaly] it 532: explained variance -3.06 < 0 after warm-up: value function not predicting returns
[anomaly] it 532: terminal-step reward dominates the episode: survival is being punished
[anomaly] it 532: joint limit violated by 0.65 rad
[anomaly] it 532: contact penetration 7.0 cm
terrain it  532 mean_level 3.4463
it  533 steps  52396032 sps   38,353 | ep_ret    5.34 ep_len  977.2 (n=75) | pg -0.009 vf 0.015 kl 0.0132 lr 1.7e-04
[anomaly] it 533: explained variance -2.01 < 0 after warm-up: value function not predicting returns
[anomaly] it 533: terminal-step reward dominates the episode: survival is being punished
[anomaly] it 533: joint limit violated by 0.59 rad
[anomaly] it 533: contact penetration 12.0 cm
terrain it  533 mean_level 3.4575
it  534 steps  52494336 sps   38,351 | ep_ret    5.50 ep_len  960.5 (n=77) | pg -0.010 vf 0.011 kl 0.0160 lr 1.7e-04
[anomaly] it 534: explained variance -2.12 < 0 after warm-up: value function not predicting returns
[anomaly] it 534: terminal-step reward dominates the episode: survival is being punished
[anomaly] it 534: joint limit violated by 0.66 rad
[anomaly] it 534: contact penetration 5.7 cm
terrain it  534 mean_level 3.4683
it  535 steps  52592640 sps   38,349 | ep_ret    5.56 ep_len  976.0 (n=81) | pg -0.009 vf 0.016 kl 0.0156 lr 2.6e-04
[anomaly] it 535: explained variance -1.82 < 0 after warm-up: value function not predicting returns
[anomaly] it 535: terminal-step reward dominates the episode: survival is being punished
[anomaly] it 535: joint limit violated by 0.60 rad
[anomaly] it 535: contact penetration 7.1 cm
[anomaly] it 535: contact force 23532 N > 50x robot weight
terrain it  535 mean_level 3.4795
it  536 steps  52690944 sps   38,348 | ep_ret    5.28 ep_len  974.7 (n=95) | pg -0.008 vf 0.012 kl 0.0164 lr 1.7e-04
[anomaly] it 536: explained variance -2.59 < 0 after warm-up: value function not predicting returns
[anomaly] it 536: terminal-step reward dominates the episode: survival is being punished
[anomaly] it 536: joint limit violated by 0.60 rad
[anomaly] it 536: contact penetration 7.2 cm
[anomaly] it 536: contact force 23520 N > 50x robot weight
terrain it  536 mean_level 3.4912
it  537 steps  52789248 sps   38,346 | ep_ret    5.73 ep_len  979.2 (n=88) | pg -0.008 vf 0.013 kl 0.0140 lr 1.1e-04
[anomaly] it 537: explained variance -1.62 < 0 after warm-up: value function not predicting returns
[anomaly] it 537: terminal-step reward dominates the episode: survival is being punished
[anomaly] it 537: joint limit violated by 0.58 rad
[anomaly] it 537: contact penetration 5.6 cm
terrain it  537 mean_level 3.5010
it  538 steps  52887552 sps   38,344 | ep_ret    5.88 ep_len  983.4 (n=106) | pg -0.009 vf 0.010 kl 0.0163 lr 1.7e-04
[anomaly] it 538: explained variance -2.62 < 0 after warm-up: value function not predicting returns
[anomaly] it 538: terminal-step reward dominates the episode: survival is being punished
[anomaly] it 538: joint limit violated by 0.64 rad
[anomaly] it 538: contact penetration 7.9 cm
terrain it  538 mean_level 3.5122
it  539 steps  52985856 sps   38,343 | ep_ret    6.22 ep_len  981.6 (n=108) | pg -0.008 vf 0.011 kl 0.0152 lr 1.7e-04
[anomaly] it 539: explained variance -2.15 < 0 after warm-up: value function not predicting returns
[anomaly] it 539: terminal-step reward dominates the episode: survival is being punished
[anomaly] it 539: joint limit violated by 0.62 rad
[anomaly] it 539: contact penetration 5.1 cm
terrain it  539 mean_level 3.5249
it  540 steps  53084160 sps   38,340 | ep_ret    5.27 ep_len  955.4 (n=95) | pg -0.009 vf 0.013 kl 0.0163 lr 1.7e-04
[anomaly] it 540: explained variance -0.49 < 0 after warm-up: value function not predicting returns
[anomaly] it 540: terminal-step reward dominates the episode: survival is being punished
[anomaly] it 540: joint limit violated by 0.60 rad
[anomaly] it 540: contact penetration 6.0 cm
terrain it  540 mean_level 3.5361
it  541 steps  53182464 sps   38,339 | ep_ret    6.13 ep_len  971.4 (n=106) | pg -0.007 vf 0.013 kl 0.0146 lr 1.7e-04
[anomaly] it 541: explained variance -1.85 < 0 after warm-up: value function not predicting returns
[anomaly] it 541: terminal-step reward dominates the episode: survival is being punished
[anomaly] it 541: joint limit violated by 0.57 rad
[anomaly] it 541: contact penetration 4.8 cm
terrain it  541 mean_level 3.5525
it  542 steps  53280768 sps   38,338 | ep_ret    5.89 ep_len  959.6 (n=119) | pg -0.009 vf 0.011 kl 0.0171 lr 1.1e-04
[anomaly] it 542: explained variance -0.51 < 0 after warm-up: value function not predicting returns
[anomaly] it 542: terminal-step reward dominates the episode: survival is being punished
[anomaly] it 542: joint limit violated by 0.69 rad
[anomaly] it 542: contact penetration 7.9 cm
[anomaly] it 542: contact force 22132 N > 50x robot weight
terrain it  542 mean_level 3.5669
it  543 steps  53379072 sps   38,336 | ep_ret    6.29 ep_len  979.3 (n=108) | pg -0.009 vf 0.014 kl 0.0125 lr 1.7e-04
[anomaly] it 543: explained variance -2.11 < 0 after warm-up: value function not predicting returns
[anomaly] it 543: terminal-step reward dominates the episode: survival is being punished
[anomaly] it 543: joint limit violated by 0.69 rad
[anomaly] it 543: contact penetration 10.1 cm
terrain it  543 mean_level 3.5803
it  544 steps  53477376 sps   38,335 | ep_ret    6.27 ep_len  976.9 (n=115) | pg -0.009 vf 0.011 kl 0.0166 lr 1.7e-04
[anomaly] it 544: explained variance -2.25 < 0 after warm-up: value function not predicting returns
[anomaly] it 544: terminal-step reward dominates the episode: survival is being punished
[anomaly] it 544: joint limit violated by 0.61 rad
[anomaly] it 544: contact penetration 6.4 cm
terrain it  544 mean_level 3.5930
it  545 steps  53575680 sps   38,333 | ep_ret    6.31 ep_len  975.4 (n=120) | pg -0.009 vf 0.014 kl 0.0139 lr 1.7e-04
[anomaly] it 545: explained variance -1.29 < 0 after warm-up: value function not predicting returns
[anomaly] it 545: terminal-step reward dominates the episode: survival is being punished
[anomaly] it 545: joint limit violated by 0.57 rad
[anomaly] it 545: contact penetration 4.8 cm
terrain it  545 mean_level 3.6064
it  546 steps  53673984 sps   38,331 | ep_ret    5.89 ep_len  967.4 (n=142) | pg -0.009 vf 0.014 kl 0.0147 lr 1.7e-04
[anomaly] it 546: explained variance -0.66 < 0 after warm-up: value function not predicting returns
[anomaly] it 546: terminal-step reward dominates the episode: survival is being punished
[anomaly] it 546: joint limit violated by 0.61 rad
[anomaly] it 546: contact penetration 5.4 cm
terrain it  546 mean_level 3.6204
it  547 steps  53772288 sps   38,330 | ep_ret    6.05 ep_len  974.7 (n=122) | pg -0.011 vf 0.011 kl 0.0151 lr 2.6e-04
[anomaly] it 547: explained variance -1.01 < 0 after warm-up: value function not predicting returns
[anomaly] it 547: terminal-step reward dominates the episode: survival is being punished
[anomaly] it 547: joint limit violated by 0.77 rad
[anomaly] it 547: contact penetration 6.9 cm
[anomaly] it 547: contact force 18695 N > 50x robot weight
terrain it  547 mean_level 3.6355
it  548 steps  53870592 sps   38,328 | ep_ret    6.68 ep_len  976.0 (n=120) | pg -0.010 vf 0.011 kl 0.0167 lr 2.6e-04
[anomaly] it 548: explained variance -1.50 < 0 after warm-up: value function not predicting returns
[anomaly] it 548: terminal-step reward dominates the episode: survival is being punished
[anomaly] it 548: joint limit violated by 0.54 rad
[anomaly] it 548: contact penetration 5.5 cm
terrain it  548 mean_level 3.6497
it  549 steps  53968896 sps   38,326 | ep_ret    6.70 ep_len  989.7 (n=131) | pg -0.007 vf 0.008 kl 0.0149 lr 1.7e-04
[anomaly] it 549: explained variance -2.69 < 0 after warm-up: value function not predicting returns
[anomaly] it 549: terminal-step reward dominates the episode: survival is being punished
[anomaly] it 549: joint limit violated by 0.67 rad
[anomaly] it 549: contact penetration 9.5 cm
terrain it  549 mean_level 3.6636
it  550 steps  54067200 sps   38,324 | ep_ret    6.75 ep_len 1000.0 (n=119) | pg -0.010 vf 0.009 kl 0.0153 lr 2.6e-04
[anomaly] it 550: explained variance -5.36 < 0 after warm-up: value function not predicting returns
[anomaly] it 550: joint limit violated by 0.59 rad
[anomaly] it 550: contact penetration 6.0 cm
terrain it  550 mean_level 3.6797
it  551 steps  54165504 sps   38,323 | ep_ret    6.66 ep_len  992.4 (n=115) | pg -0.009 vf 0.010 kl 0.0157 lr 1.7e-04
[anomaly] it 551: explained variance -3.65 < 0 after warm-up: value function not predicting returns
[anomaly] it 551: terminal-step reward dominates the episode: survival is being punished
[anomaly] it 551: joint limit violated by 0.59 rad
[anomaly] it 551: contact penetration 5.5 cm
terrain it  551 mean_level 3.6941
it  552 steps  54263808 sps   38,321 | ep_ret    7.13 ep_len  984.8 (n=105) | pg -0.009 vf 0.010 kl 0.0161 lr 1.7e-04
[anomaly] it 552: explained variance -2.21 < 0 after warm-up: value function not predicting returns
[anomaly] it 552: terminal-step reward dominates the episode: survival is being punished
[anomaly] it 552: joint limit violated by 0.65 rad
[anomaly] it 552: contact penetration 5.5 cm
terrain it  552 mean_level 3.7063
it  553 steps  54362112 sps   38,320 | ep_ret    6.57 ep_len  985.9 (n=148) | pg -0.009 vf 0.010 kl 0.0143 lr 1.7e-04
[anomaly] it 553: explained variance -3.30 < 0 after warm-up: value function not predicting returns
[anomaly] it 553: terminal-step reward dominates the episode: survival is being punished
[anomaly] it 553: joint limit violated by 0.60 rad
[anomaly] it 553: contact penetration 6.1 cm
terrain it  553 mean_level 3.7246
it  554 steps  54460416 sps   38,318 | ep_ret    6.41 ep_len  980.4 (n=115) | pg -0.009 vf 0.010 kl 0.0167 lr 2.6e-04
[anomaly] it 554: explained variance -0.91 < 0 after warm-up: value function not predicting returns
[anomaly] it 554: terminal-step reward dominates the episode: survival is being punished
[anomaly] it 554: joint limit violated by 0.58 rad
[anomaly] it 554: contact penetration 5.2 cm
terrain it  554 mean_level 3.7368
it  555 steps  54558720 sps   38,316 | ep_ret    6.63 ep_len  985.9 (n=108) | pg -0.007 vf 0.008 kl 0.0173 lr 1.7e-04
[anomaly] it 555: explained variance -0.96 < 0 after warm-up: value function not predicting returns
[anomaly] it 555: terminal-step reward dominates the episode: survival is being punished
[anomaly] it 555: joint limit violated by 0.63 rad
[anomaly] it 555: contact penetration 5.4 cm
terrain it  555 mean_level 3.7515
it  556 steps  54657024 sps   38,315 | ep_ret    6.07 ep_len  974.7 (n=103) | pg -0.009 vf 0.011 kl 0.0143 lr 1.1e-04
[anomaly] it 556: explained variance -0.54 < 0 after warm-up: value function not predicting returns
[anomaly] it 556: terminal-step reward dominates the episode: survival is being punished
[anomaly] it 556: joint limit violated by 0.61 rad
[anomaly] it 556: contact penetration 7.4 cm
terrain it  556 mean_level 3.7654
it  557 steps  54755328 sps   38,312 | ep_ret    6.88 ep_len  990.1 (n=92) | pg -0.007 vf 0.010 kl 0.0138 lr 1.1e-04
[anomaly] it 557: explained variance -2.15 < 0 after warm-up: value function not predicting returns
[anomaly] it 557: terminal-step reward dominates the episode: survival is being punished
[anomaly] it 557: joint limit violated by 0.58 rad
[anomaly] it 557: contact penetration 7.5 cm
terrain it  557 mean_level 3.7786
it  558 steps  54853632 sps   38,311 | ep_ret    6.06 ep_len  960.4 (n=96) | pg -0.009 vf 0.011 kl 0.0121 lr 7.6e-05
[anomaly] it 558: explained variance -0.80 < 0 after warm-up: value function not predicting returns
[anomaly] it 558: terminal-step reward dominates the episode: survival is being punished
[anomaly] it 558: joint limit violated by 0.59 rad
[anomaly] it 558: contact penetration 7.2 cm
terrain it  558 mean_level 3.7883
it  559 steps  54951936 sps   38,309 | ep_ret    6.39 ep_len  981.7 (n=101) | pg -0.009 vf 0.010 kl 0.0133 lr 1.7e-04
[anomaly] it 559: explained variance -2.02 < 0 after warm-up: value function not predicting returns
[anomaly] it 559: terminal-step reward dominates the episode: survival is being punished
[anomaly] it 559: joint limit violated by 0.57 rad
[anomaly] it 559: contact penetration 4.6 cm
terrain it  559 mean_level 3.7983
it  560 steps  55050240 sps   38,308 | ep_ret    6.18 ep_len  972.8 (n=97) | pg -0.009 vf 0.012 kl 0.0163 lr 1.7e-04
[anomaly] it 560: explained variance -2.05 < 0 after warm-up: value function not predicting returns
[anomaly] it 560: terminal-step reward dominates the episode: survival is being punished
[anomaly] it 560: joint limit violated by 0.59 rad
[anomaly] it 560: contact penetration 7.2 cm
[anomaly] it 560: contact force 20948 N > 50x robot weight
terrain it  560 mean_level 3.8093
it  561 steps  55148544 sps   38,306 | ep_ret    6.67 ep_len  987.5 (n=118) | pg -0.007 vf 0.011 kl 0.0132 lr 1.1e-04
[anomaly] it 561: explained variance -2.16 < 0 after warm-up: value function not predicting returns
[anomaly] it 561: terminal-step reward dominates the episode: survival is being punished
[anomaly] it 561: joint limit violated by 0.59 rad
[anomaly] it 561: contact penetration 5.3 cm
[anomaly] it 561: contact force 22857 N > 50x robot weight
terrain it  561 mean_level 3.8252
it  562 steps  55246848 sps   38,304 | ep_ret    6.80 ep_len  978.9 (n=99) | pg -0.010 vf 0.012 kl 0.0117 lr 1.7e-04
[anomaly] it 562: explained variance -2.44 < 0 after warm-up: value function not predicting returns
[anomaly] it 562: terminal-step reward dominates the episode: survival is being punished
[anomaly] it 562: joint limit violated by 0.62 rad
[anomaly] it 562: contact penetration 6.7 cm
[anomaly] it 562: contact force 22158 N > 50x robot weight
terrain it  562 mean_level 3.8379
it  563 steps  55345152 sps   38,302 | ep_ret    6.30 ep_len  987.0 (n=80) | pg -0.009 vf 0.014 kl 0.0173 lr 2.6e-04
[anomaly] it 563: explained variance -3.19 < 0 after warm-up: value function not predicting returns
[anomaly] it 563: terminal-step reward dominates the episode: survival is being punished
[anomaly] it 563: joint limit violated by 0.59 rad
[anomaly] it 563: contact penetration 7.2 cm
[anomaly] it 563: contact force 22181 N > 50x robot weight
terrain it  563 mean_level 3.8499
it  564 steps  55443456 sps   38,300 | ep_ret    6.10 ep_len  963.0 (n=87) | pg -0.009 vf 0.012 kl 0.0137 lr 1.1e-04
[anomaly] it 564: explained variance -2.42 < 0 after warm-up: value function not predicting returns
[anomaly] it 564: terminal-step reward dominates the episode: survival is being punished
[anomaly] it 564: joint limit violated by 0.70 rad
[anomaly] it 564: contact penetration 5.8 cm
[anomaly] it 564: contact force 22178 N > 50x robot weight
terrain it  564 mean_level 3.8621
it  565 steps  55541760 sps   38,299 | ep_ret    6.09 ep_len  978.6 (n=80) | pg -0.010 vf 0.011 kl 0.0151 lr 1.7e-04
[anomaly] it 565: explained variance -2.28 < 0 after warm-up: value function not predicting returns
[anomaly] it 565: terminal-step reward dominates the episode: survival is being punished
[anomaly] it 565: joint limit violated by 0.53 rad
[anomaly] it 565: contact penetration 6.1 cm
terrain it  565 mean_level 3.8735
it  566 steps  55640064 sps   38,297 | ep_ret    5.87 ep_len  959.4 (n=77) | pg -0.009 vf 0.011 kl 0.0153 lr 1.7e-04
[anomaly] it 566: explained variance -1.83 < 0 after warm-up: value function not predicting returns
[anomaly] it 566: terminal-step reward dominates the episode: survival is being punished
[anomaly] it 566: joint limit violated by 0.58 rad
[anomaly] it 566: contact penetration 11.4 cm
terrain it  566 mean_level 3.8848
it  567 steps  55738368 sps   38,295 | ep_ret    5.58 ep_len  927.8 (n=92) | pg -0.008 vf 0.013 kl 0.0142 lr 1.1e-04
[anomaly] it 567: explained variance -0.82 < 0 after warm-up: value function not predicting returns
[anomaly] it 567: terminal-step reward dominates the episode: survival is being punished
[anomaly] it 567: joint limit violated by 0.64 rad
[anomaly] it 567: contact penetration 6.0 cm
terrain it  567 mean_level 3.8948
it  568 steps  55836672 sps   38,294 | ep_ret    5.99 ep_len  951.1 (n=82) | pg -0.010 vf 0.013 kl 0.0140 lr 1.7e-04
[anomaly] it 568: explained variance -0.90 < 0 after warm-up: value function not predicting returns
[anomaly] it 568: terminal-step reward dominates the episode: survival is being punished
[anomaly] it 568: joint limit violated by 0.71 rad
[anomaly] it 568: contact penetration 6.8 cm
terrain it  568 mean_level 3.9060
it  569 steps  55934976 sps   38,292 | ep_ret    6.48 ep_len  947.0 (n=84) | pg -0.009 vf 0.012 kl 0.0150 lr 1.7e-04
[anomaly] it 569: explained variance -1.52 < 0 after warm-up: value function not predicting returns
[anomaly] it 569: terminal-step reward dominates the episode: survival is being punished
[anomaly] it 569: joint limit violated by 0.65 rad
[anomaly] it 569: contact penetration 6.4 cm
[anomaly] it 569: contact force 23498 N > 50x robot weight
terrain it  569 mean_level 3.9170
it  570 steps  56033280 sps   38,291 | ep_ret    6.15 ep_len  966.2 (n=87) | pg -0.009 vf 0.011 kl 0.0140 lr 1.1e-04
[anomaly] it 570: explained variance -1.48 < 0 after warm-up: value function not predicting returns
[anomaly] it 570: terminal-step reward dominates the episode: survival is being punished
[anomaly] it 570: joint limit violated by 0.63 rad
[anomaly] it 570: contact penetration 7.2 cm
[anomaly] it 570: contact force 29518 N > 50x robot weight
terrain it  570 mean_level 3.9263
it  571 steps  56131584 sps   38,289 | ep_ret    6.56 ep_len  980.2 (n=90) | pg -0.010 vf 0.011 kl 0.0140 lr 1.7e-04
[anomaly] it 571: explained variance -1.99 < 0 after warm-up: value function not predicting returns
[anomaly] it 571: terminal-step reward dominates the episode: survival is being punished
[anomaly] it 571: joint limit violated by 0.64 rad
[anomaly] it 571: contact penetration 7.6 cm
[anomaly] it 571: contact force 23049 N > 50x robot weight
terrain it  571 mean_level 3.9392
it  572 steps  56229888 sps   38,288 | ep_ret    6.53 ep_len  985.5 (n=84) | pg -0.010 vf 0.013 kl 0.0151 lr 1.7e-04
[anomaly] it 572: explained variance -1.91 < 0 after warm-up: value function not predicting returns
[anomaly] it 572: terminal-step reward dominates the episode: survival is being punished
[anomaly] it 572: joint limit violated by 0.54 rad
[anomaly] it 572: contact penetration 6.2 cm
terrain it  572 mean_level 3.9497
it  573 steps  56328192 sps   38,286 | ep_ret    5.72 ep_len  954.9 (n=86) | pg -0.009 vf 0.010 kl 0.0152 lr 2.6e-04
[anomaly] it 573: explained variance -1.16 < 0 after warm-up: value function not predicting returns
[anomaly] it 573: terminal-step reward dominates the episode: survival is being punished
[anomaly] it 573: joint limit violated by 0.58 rad
[anomaly] it 573: contact penetration 6.6 cm
terrain it  573 mean_level 3.9590
it  574 steps  56426496 sps   38,285 | ep_ret    6.42 ep_len  959.4 (n=83) | pg -0.008 vf 0.012 kl 0.0134 lr 1.1e-04
[anomaly] it 574: explained variance -1.72 < 0 after warm-up: value function not predicting returns
[anomaly] it 574: terminal-step reward dominates the episode: survival is being punished
[anomaly] it 574: joint limit violated by 0.61 rad
[anomaly] it 574: contact penetration 6.6 cm
[anomaly] it 574: contact force 34250 N > 50x robot weight
terrain it  574 mean_level 3.9712
it  575 steps  56524800 sps   38,283 | ep_ret    6.63 ep_len  975.9 (n=74) | pg -0.008 vf 0.013 kl 0.0129 lr 1.7e-04
[anomaly] it 575: explained variance -2.55 < 0 after warm-up: value function not predicting returns
[anomaly] it 575: terminal-step reward dominates the episode: survival is being punished
[anomaly] it 575: joint limit violated by 0.59 rad
[anomaly] it 575: contact penetration 7.6 cm
terrain it  575 mean_level 3.9824
it  576 steps  56623104 sps   38,282 | ep_ret    6.08 ep_len  955.3 (n=75) | pg -0.009 vf 0.013 kl 0.0160 lr 1.7e-04
[anomaly] it 576: explained variance -1.89 < 0 after warm-up: value function not predicting returns
[anomaly] it 576: terminal-step reward dominates the episode: survival is being punished
[anomaly] it 576: joint limit violated by 0.61 rad
[anomaly] it 576: contact penetration 5.6 cm
terrain it  576 mean_level 3.9917
it  577 steps  56721408 sps   38,280 | ep_ret    5.92 ep_len  946.1 (n=90) | pg -0.007 vf 0.013 kl 0.0148 lr 1.7e-04
[anomaly] it 577: explained variance -0.78 < 0 after warm-up: value function not predicting returns
[anomaly] it 577: terminal-step reward dominates the episode: survival is being punished
[anomaly] it 577: joint limit violated by 0.62 rad
[anomaly] it 577: contact penetration 5.5 cm
terrain it  577 mean_level 4.0020
it  578 steps  56819712 sps   38,279 | ep_ret    6.33 ep_len  976.1 (n=96) | pg -0.010 vf 0.011 kl 0.0146 lr 1.7e-04
[anomaly] it 578: explained variance -1.42 < 0 after warm-up: value function not predicting returns
[anomaly] it 578: terminal-step reward dominates the episode: survival is being punished
[anomaly] it 578: joint limit violated by 0.55 rad
[anomaly] it 578: contact penetration 9.0 cm
terrain it  578 mean_level 4.0090
it  579 steps  56918016 sps   38,277 | ep_ret    6.52 ep_len  953.8 (n=92) | pg -0.009 vf 0.014 kl 0.0168 lr 2.6e-04
[anomaly] it 579: explained variance -1.12 < 0 after warm-up: value function not predicting returns
[anomaly] it 579: terminal-step reward dominates the episode: survival is being punished
[anomaly] it 579: joint limit violated by 0.63 rad
[anomaly] it 579: contact penetration 4.6 cm
terrain it  579 mean_level 4.0198
it  580 steps  57016320 sps   38,276 | ep_ret    7.17 ep_len  974.9 (n=112) | pg -0.007 vf 0.015 kl 0.0155 lr 1.7e-04
[anomaly] it 580: explained variance -2.11 < 0 after warm-up: value function not predicting returns
[anomaly] it 580: terminal-step reward dominates the episode: survival is being punished
[anomaly] it 580: joint limit violated by 0.55 rad
[anomaly] it 580: contact penetration 5.2 cm
terrain it  580 mean_level 4.0334
it  581 steps  57114624 sps   38,275 | ep_ret    6.54 ep_len  960.6 (n=100) | pg -0.009 vf 0.012 kl 0.0164 lr 2.6e-04
[anomaly] it 581: explained variance -0.78 < 0 after warm-up: value function not predicting returns
[anomaly] it 581: terminal-step reward dominates the episode: survival is being punished
[anomaly] it 581: joint limit violated by 0.57 rad
[anomaly] it 581: contact penetration 8.2 cm
terrain it  581 mean_level 4.0410
it  582 steps  57212928 sps   38,274 | ep_ret    7.04 ep_len  980.1 (n=103) | pg -0.009 vf 0.011 kl 0.0168 lr 1.7e-04
[anomaly] it 582: explained variance -1.96 < 0 after warm-up: value function not predicting returns
[anomaly] it 582: terminal-step reward dominates the episode: survival is being punished
[anomaly] it 582: joint limit violated by 0.65 rad
[anomaly] it 582: contact penetration 5.5 cm
terrain it  582 mean_level 4.0542
it  583 steps  57311232 sps   38,272 | ep_ret    7.67 ep_len  997.8 (n=105) | pg -0.008 vf 0.014 kl 0.0135 lr 1.1e-04
[anomaly] it 583: explained variance -4.25 < 0 after warm-up: value function not predicting returns
[anomaly] it 583: terminal-step reward dominates the episode: survival is being punished
[anomaly] it 583: joint limit violated by 0.64 rad
[anomaly] it 583: contact penetration 8.3 cm
[anomaly] it 583: contact force 22626 N > 50x robot weight
terrain it  583 mean_level 4.0662
it  584 steps  57409536 sps   38,271 | ep_ret    6.90 ep_len  973.9 (n=113) | pg -0.009 vf 0.012 kl 0.0154 lr 1.7e-04
[anomaly] it 584: explained variance -0.94 < 0 after warm-up: value function not predicting returns
[anomaly] it 584: terminal-step reward dominates the episode: survival is being punished
[anomaly] it 584: joint limit violated by 0.59 rad
[anomaly] it 584: contact penetration 6.3 cm
[anomaly] it 584: contact force 22515 N > 50x robot weight
terrain it  584 mean_level 4.0806
it  585 steps  57507840 sps   38,270 | ep_ret    7.50 ep_len  991.9 (n=109) | pg -0.011 vf 0.009 kl 0.0158 lr 2.6e-04
[anomaly] it 585: explained variance -2.17 < 0 after warm-up: value function not predicting returns
[anomaly] it 585: terminal-step reward dominates the episode: survival is being punished
[anomaly] it 585: joint limit violated by 0.60 rad
[anomaly] it 585: contact penetration 8.4 cm
[anomaly] it 585: contact force 22406 N > 50x robot weight
terrain it  585 mean_level 4.0989
it  586 steps  57606144 sps   38,269 | ep_ret    7.66 ep_len  994.3 (n=108) | pg -0.008 vf 0.014 kl 0.0144 lr 1.1e-04
[anomaly] it 586: explained variance -2.70 < 0 after warm-up: value function not predicting returns
[anomaly] it 586: terminal-step reward dominates the episode: survival is being punished
[anomaly] it 586: joint limit violated by 0.57 rad
[anomaly] it 586: contact penetration 5.8 cm
[anomaly] it 586: contact force 22108 N > 50x robot weight
terrain it  586 mean_level 4.1157
it  587 steps  57704448 sps   38,267 | ep_ret    7.66 ep_len  985.7 (n=135) | pg -0.009 vf 0.009 kl 0.0123 lr 1.1e-04
[anomaly] it 587: explained variance -2.43 < 0 after warm-up: value function not predicting returns
[anomaly] it 587: terminal-step reward dominates the episode: survival is being punished
[anomaly] it 587: joint limit violated by 0.61 rad
[anomaly] it 587: contact penetration 5.8 cm
[anomaly] it 587: contact force 22131 N > 50x robot weight
terrain it  587 mean_level 4.1292
it  588 steps  57802752 sps   38,266 | ep_ret    7.91 ep_len  992.8 (n=128) | pg -0.009 vf 0.012 kl 0.0147 lr 1.7e-04
[anomaly] it 588: explained variance -4.01 < 0 after warm-up: value function not predicting returns
[anomaly] it 588: terminal-step reward dominates the episode: survival is being punished
[anomaly] it 588: joint limit violated by 0.63 rad
[anomaly] it 588: contact penetration 7.0 cm
[anomaly] it 588: contact force 22058 N > 50x robot weight
terrain it  588 mean_level 4.1487
it  589 steps  57901056 sps   38,264 | ep_ret    7.03 ep_len  973.2 (n=126) | pg -0.010 vf 0.009 kl 0.0161 lr 2.6e-04
[anomaly] it 589: explained variance -2.41 < 0 after warm-up: value function not predicting returns
[anomaly] it 589: terminal-step reward dominates the episode: survival is being punished
[anomaly] it 589: joint limit violated by 0.58 rad
[anomaly] it 589: contact penetration 5.1 cm
[anomaly] it 589: contact force 19273 N > 50x robot weight
terrain it  589 mean_level 4.1655
it  590 steps  57999360 sps   38,263 | ep_ret    7.66 ep_len  970.4 (n=123) | pg -0.006 vf 0.012 kl 0.0154 lr 1.7e-04
[anomaly] it 590: explained variance -1.43 < 0 after warm-up: value function not predicting returns
[anomaly] it 590: terminal-step reward dominates the episode: survival is being punished
[anomaly] it 590: joint limit violated by 0.63 rad
[anomaly] it 590: contact penetration 7.0 cm
terrain it  590 mean_level 4.1853
it  591 steps  58097664 sps   38,262 | ep_ret    7.33 ep_len  985.2 (n=122) | pg -0.007 vf 0.012 kl 0.0143 lr 1.7e-04
[anomaly] it 591: explained variance -2.58 < 0 after warm-up: value function not predicting returns
[anomaly] it 591: terminal-step reward dominates the episode: survival is being punished
[anomaly] it 591: joint limit violated by 0.57 rad
[anomaly] it 591: contact penetration 6.0 cm
terrain it  591 mean_level 4.1985
it  592 steps  58195968 sps   38,260 | ep_ret    7.40 ep_len  973.5 (n=124) | pg -0.009 vf 0.010 kl 0.0160 lr 1.7e-04
[anomaly] it 592: explained variance -1.25 < 0 after warm-up: value function not predicting returns
[anomaly] it 592: terminal-step reward dominates the episode: survival is being punished
[anomaly] it 592: joint limit violated by 0.60 rad
[anomaly] it 592: contact penetration 6.2 cm
terrain it  592 mean_level 4.2168
it  593 steps  58294272 sps   38,259 | ep_ret    7.96 ep_len  991.3 (n=111) | pg -0.011 vf 0.010 kl 0.0161 lr 2.6e-04
[anomaly] it 593: explained variance -2.19 < 0 after warm-up: value function not predicting returns
[anomaly] it 593: terminal-step reward dominates the episode: survival is being punished
[anomaly] it 593: joint limit violated by 0.62 rad
[anomaly] it 593: contact penetration 4.7 cm
terrain it  593 mean_level 4.2312
it  594 steps  58392576 sps   38,258 | ep_ret    7.90 ep_len  987.0 (n=120) | pg -0.009 vf 0.012 kl 0.0151 lr 1.7e-04
[anomaly] it 594: explained variance -1.72 < 0 after warm-up: value function not predicting returns
[anomaly] it 594: terminal-step reward dominates the episode: survival is being punished
[anomaly] it 594: joint limit violated by 0.62 rad
[anomaly] it 594: contact penetration 5.0 cm
[anomaly] it 594: contact force 22108 N > 50x robot weight
terrain it  594 mean_level 4.2456
it  595 steps  58490880 sps   38,257 | ep_ret    8.03 ep_len  994.7 (n=123) | pg -0.007 vf 0.010 kl 0.0142 lr 1.7e-04
[anomaly] it 595: explained variance -4.49 < 0 after warm-up: value function not predicting returns
[anomaly] it 595: terminal-step reward dominates the episode: survival is being punished
[anomaly] it 595: joint limit violated by 0.66 rad
[anomaly] it 595: contact penetration 9.4 cm
[anomaly] it 595: contact force 22140 N > 50x robot weight
terrain it  595 mean_level 4.2632
it  596 steps  58589184 sps   38,256 | ep_ret    7.72 ep_len  992.9 (n=114) | pg -0.009 vf 0.012 kl 0.0158 lr 1.7e-04
[anomaly] it 596: explained variance -2.69 < 0 after warm-up: value function not predicting returns
[anomaly] it 596: terminal-step reward dominates the episode: survival is being punished
[anomaly] it 596: joint limit violated by 0.59 rad
[anomaly] it 596: contact penetration 5.8 cm
[anomaly] it 596: contact force 22173 N > 50x robot weight
terrain it  596 mean_level 4.2786
it  597 steps  58687488 sps   38,254 | ep_ret    7.19 ep_len  976.3 (n=116) | pg -0.008 vf 0.011 kl 0.0144 lr 1.1e-04
[anomaly] it 597: explained variance -1.17 < 0 after warm-up: value function not predicting returns
[anomaly] it 597: terminal-step reward dominates the episode: survival is being punished
[anomaly] it 597: joint limit violated by 0.60 rad
[anomaly] it 597: contact penetration 5.8 cm
terrain it  597 mean_level 4.2949
it  598 steps  58785792 sps   38,253 | ep_ret    6.95 ep_len  965.4 (n=83) | pg -0.009 vf 0.013 kl 0.0160 lr 1.7e-04
[anomaly] it 598: explained variance -1.13 < 0 after warm-up: value function not predicting returns
[anomaly] it 598: terminal-step reward dominates the episode: survival is being punished
[anomaly] it 598: joint limit violated by 0.70 rad
[anomaly] it 598: contact penetration 4.9 cm
[anomaly] it 598: contact force 22178 N > 50x robot weight
terrain it  598 mean_level 4.3054
it  599 steps  58884096 sps   38,252 | ep_ret    7.84 ep_len  969.1 (n=98) | pg -0.008 vf 0.015 kl 0.0149 lr 1.7e-04
[anomaly] it 599: explained variance -2.20 < 0 after warm-up: value function not predicting returns
[anomaly] it 599: terminal-step reward dominates the episode: survival is being punished
[anomaly] it 599: joint limit violated by 0.74 rad
[anomaly] it 599: contact penetration 5.0 cm
[anomaly] it 599: contact force 22109 N > 50x robot weight
terrain it  599 mean_level 4.3169
it  600 steps  58982400 sps   38,251 | ep_ret    7.40 ep_len  959.2 (n=103) | pg -0.008 vf 0.012 kl 0.0166 lr 2.6e-04
[anomaly] it 600: explained variance -1.44 < 0 after warm-up: value function not predicting returns
[anomaly] it 600: terminal-step reward dominates the episode: survival is being punished
[anomaly] it 600: joint limit violated by 0.65 rad
[anomaly] it 600: contact penetration 4.8 cm
[anomaly] it 600: contact force 22152 N > 50x robot weight
terrain it  600 mean_level 4.3271
it  601 steps  59080704 sps   38,250 | ep_ret    7.42 ep_len  970.8 (n=98) | pg -0.007 vf 0.011 kl 0.0156 lr 1.7e-04
[anomaly] it 601: explained variance -2.07 < 0 after warm-up: value function not predicting returns
[anomaly] it 601: terminal-step reward dominates the episode: survival is being punished
[anomaly] it 601: joint limit violated by 0.60 rad
[anomaly] it 601: contact penetration 6.0 cm
[anomaly] it 601: contact force 22178 N > 50x robot weight
terrain it  601 mean_level 4.3401
it  602 steps  59179008 sps   38,248 | ep_ret    7.81 ep_len  978.9 (n=93) | pg -0.009 vf 0.011 kl 0.0158 lr 1.7e-04
[anomaly] it 602: explained variance -2.44 < 0 after warm-up: value function not predicting returns
[anomaly] it 602: terminal-step reward dominates the episode: survival is being punished
[anomaly] it 602: joint limit violated by 0.75 rad
[anomaly] it 602: contact penetration 6.0 cm
[anomaly] it 602: contact force 22142 N > 50x robot weight
terrain it  602 mean_level 4.3491
it  603 steps  59277312 sps   38,237 | ep_ret    7.39 ep_len  986.7 (n=106) | pg -0.010 vf 0.014 kl 0.0156 lr 1.7e-04
[anomaly] it 603: explained variance -0.81 < 0 after warm-up: value function not predicting returns
[anomaly] it 603: terminal-step reward dominates the episode: survival is being punished
[anomaly] it 603: joint limit violated by 0.62 rad
[anomaly] it 603: contact penetration 4.8 cm
[anomaly] it 603: contact force 22090 N > 50x robot weight
terrain it  603 mean_level 4.3662
it  604 steps  59375616 sps   38,226 | ep_ret    6.93 ep_len  966.7 (n=101) | pg -0.009 vf 0.013 kl 0.0140 lr 1.7e-04
[anomaly] it 604: explained variance -0.73 < 0 after warm-up: value function not predicting returns
[anomaly] it 604: terminal-step reward dominates the episode: survival is being punished
[anomaly] it 604: joint limit violated by 0.75 rad
[anomaly] it 604: contact penetration 7.3 cm
[anomaly] it 604: contact force 23840 N > 50x robot weight
terrain it  604 mean_level 4.3804
it  605 steps  59473920 sps   38,217 | ep_ret    7.07 ep_len  979.5 (n=86) | pg -0.010 vf 0.012 kl 0.0174 lr 1.7e-04
[anomaly] it 605: explained variance -3.41 < 0 after warm-up: value function not predicting returns
[anomaly] it 605: terminal-step reward dominates the episode: survival is being punished
[anomaly] it 605: joint limit violated by 0.59 rad
[anomaly] it 605: contact penetration 5.5 cm
terrain it  605 mean_level 4.3916
it  606 steps  59572224 sps   38,213 | ep_ret    6.77 ep_len  933.7 (n=96) | pg -0.008 vf 0.014 kl 0.0130 lr 1.1e-04
[anomaly] it 606: explained variance -1.06 < 0 after warm-up: value function not predicting returns
[anomaly] it 606: terminal-step reward dominates the episode: survival is being punished
[anomaly] it 606: joint limit violated by 0.64 rad
[anomaly] it 606: contact penetration 5.9 cm
terrain it  606 mean_level 4.3999
it  607 steps  59670528 sps   38,211 | ep_ret    7.11 ep_len  985.0 (n=67) | pg -0.009 vf 0.012 kl 0.0143 lr 1.7e-04
[anomaly] it 607: explained variance -3.00 < 0 after warm-up: value function not predicting returns
[anomaly] it 607: terminal-step reward dominates the episode: survival is being punished
[anomaly] it 607: joint limit violated by 0.60 rad
[anomaly] it 607: contact penetration 6.7 cm
terrain it  607 mean_level 4.4097
it  608 steps  59768832 sps   38,204 | ep_ret    7.66 ep_len  989.7 (n=86) | pg -0.009 vf 0.011 kl 0.0161 lr 2.6e-04
[anomaly] it 608: explained variance -2.37 < 0 after warm-up: value function not predicting returns
[anomaly] it 608: terminal-step reward dominates the episode: survival is being punished
[anomaly] it 608: joint limit violated by 0.60 rad
[anomaly] it 608: contact penetration 5.6 cm
terrain it  608 mean_level 4.4207
it  609 steps  59867136 sps   38,197 | ep_ret    7.30 ep_len  978.2 (n=82) | pg -0.007 vf 0.013 kl 0.0146 lr 1.1e-04
[anomaly] it 609: explained variance -3.46 < 0 after warm-up: value function not predicting returns
[anomaly] it 609: terminal-step reward dominates the episode: survival is being punished
[anomaly] it 609: joint limit violated by 0.58 rad
[anomaly] it 609: contact penetration 7.0 cm
[anomaly] it 609: contact force 22380 N > 50x robot weight
terrain it  609 mean_level 4.4299
it  610 steps  59965440 sps   38,194 | ep_ret    7.31 ep_len  983.2 (n=87) | pg -0.009 vf 0.011 kl 0.0132 lr 1.7e-04
[anomaly] it 610: explained variance -1.91 < 0 after warm-up: value function not predicting returns
[anomaly] it 610: terminal-step reward dominates the episode: survival is being punished
[anomaly] it 610: joint limit violated by 0.65 rad
[anomaly] it 610: contact penetration 5.1 cm
[anomaly] it 610: contact force 21944 N > 50x robot weight
terrain it  610 mean_level 4.4426
it  611 steps  60063744 sps   38,191 | ep_ret    7.57 ep_len  951.2 (n=81) | pg -0.008 vf 0.013 kl 0.0139 lr 1.7e-04
[anomaly] it 611: explained variance -1.42 < 0 after warm-up: value function not predicting returns
[anomaly] it 611: terminal-step reward dominates the episode: survival is being punished
[anomaly] it 611: joint limit violated by 0.64 rad
[anomaly] it 611: contact penetration 5.6 cm
terrain it  611 mean_level 4.4495
it  612 steps  60162048 sps   38,189 | ep_ret    7.05 ep_len  970.6 (n=98) | pg -0.009 vf 0.010 kl 0.0156 lr 1.7e-04
[anomaly] it 612: explained variance -1.96 < 0 after warm-up: value function not predicting returns
[anomaly] it 612: terminal-step reward dominates the episode: survival is being punished
[anomaly] it 612: joint limit violated by 0.74 rad
[anomaly] it 612: contact penetration 9.0 cm
terrain it  612 mean_level 4.4600
it  613 steps  60260352 sps   38,184 | ep_ret    8.10 ep_len  987.7 (n=82) | pg -0.009 vf 0.010 kl 0.0131 lr 1.1e-04
[anomaly] it 613: explained variance -3.79 < 0 after warm-up: value function not predicting returns
[anomaly] it 613: terminal-step reward dominates the episode: survival is being punished
[anomaly] it 613: joint limit violated by 0.68 rad
[anomaly] it 613: contact penetration 7.2 cm
terrain it  613 mean_level 4.4719
it  614 steps  60358656 sps   38,182 | ep_ret    7.29 ep_len  973.5 (n=102) | pg -0.008 vf 0.012 kl 0.0157 lr 1.7e-04
[anomaly] it 614: explained variance -1.49 < 0 after warm-up: value function not predicting returns
[anomaly] it 614: terminal-step reward dominates the episode: survival is being punished
[anomaly] it 614: joint limit violated by 0.61 rad
[anomaly] it 614: contact penetration 5.5 cm
terrain it  614 mean_level 4.4871
it  615 steps  60456960 sps   38,179 | ep_ret    7.28 ep_len  956.8 (n=67) | pg -0.008 vf 0.012 kl 0.0165 lr 1.7e-04
[anomaly] it 615: explained variance -1.50 < 0 after warm-up: value function not predicting returns
[anomaly] it 615: terminal-step reward dominates the episode: survival is being punished
[anomaly] it 615: joint limit violated by 0.59 rad
[anomaly] it 615: contact penetration 4.7 cm
terrain it  615 mean_level 4.4941
it  616 steps  60555264 sps   38,178 | ep_ret    7.74 ep_len  974.8 (n=80) | pg -0.010 vf 0.013 kl 0.0135 lr 1.7e-04
[anomaly] it 616: explained variance -2.15 < 0 after warm-up: value function not predicting returns
[anomaly] it 616: terminal-step reward dominates the episode: survival is being punished
[anomaly] it 616: joint limit violated by 0.60 rad
[anomaly] it 616: contact penetration 5.0 cm
[anomaly] it 616: contact force 22149 N > 50x robot weight
terrain it  616 mean_level 4.5020
it  617 steps  60653568 sps   38,176 | ep_ret    7.47 ep_len  983.5 (n=71) | pg -0.009 vf 0.013 kl 0.0164 lr 1.7e-04
[anomaly] it 617: explained variance -4.68 < 0 after warm-up: value function not predicting returns
[anomaly] it 617: terminal-step reward dominates the episode: survival is being punished
[anomaly] it 617: joint limit violated by 0.64 rad
[anomaly] it 617: contact penetration 7.2 cm
[anomaly] it 617: contact force 22115 N > 50x robot weight
terrain it  617 mean_level 4.5105
it  618 steps  60751872 sps   38,174 | ep_ret    7.43 ep_len  952.1 (n=88) | pg -0.010 vf 0.010 kl 0.0151 lr 1.7e-04
[anomaly] it 618: explained variance -1.56 < 0 after warm-up: value function not predicting returns
[anomaly] it 618: terminal-step reward dominates the episode: survival is being punished
[anomaly] it 618: joint limit violated by 0.80 rad
[anomaly] it 618: contact penetration 5.6 cm
terrain it  618 mean_level 4.5161
it  619 steps  60850176 sps   38,173 | ep_ret    7.42 ep_len  958.3 (n=97) | pg -0.008 vf 0.016 kl 0.0152 lr 1.7e-04
[anomaly] it 619: explained variance -1.19 < 0 after warm-up: value function not predicting returns
[anomaly] it 619: terminal-step reward dominates the episode: survival is being punished
[anomaly] it 619: joint limit violated by 0.62 rad
[anomaly] it 619: contact penetration 5.3 cm
terrain it  619 mean_level 4.5283
it  620 steps  60948480 sps   38,171 | ep_ret    8.04 ep_len  982.4 (n=85) | pg -0.009 vf 0.013 kl 0.0136 lr 1.1e-04
[anomaly] it 620: explained variance -2.14 < 0 after warm-up: value function not predicting returns
[anomaly] it 620: terminal-step reward dominates the episode: survival is being punished
[anomaly] it 620: joint limit violated by 0.64 rad
[anomaly] it 620: contact penetration 6.2 cm
terrain it  620 mean_level 4.5386
it  621 steps  61046784 sps   38,168 | ep_ret    7.35 ep_len  964.6 (n=109) | pg -0.010 vf 0.013 kl 0.0150 lr 1.7e-04
[anomaly] it 621: explained variance -1.49 < 0 after warm-up: value function not predicting returns
[anomaly] it 621: terminal-step reward dominates the episode: survival is being punished
[anomaly] it 621: joint limit violated by 0.74 rad
[anomaly] it 621: contact penetration 4.6 cm
terrain it  621 mean_level 4.5498
it  622 steps  61145088 sps   38,167 | ep_ret    7.77 ep_len  972.9 (n=121) | pg -0.006 vf 0.011 kl 0.0138 lr 5.1e-05
[anomaly] it 622: explained variance -0.99 < 0 after warm-up: value function not predicting returns
[anomaly] it 622: terminal-step reward dominates the episode: survival is being punished
[anomaly] it 622: joint limit violated by 0.70 rad
[anomaly] it 622: contact penetration 6.5 cm
terrain it  622 mean_level 4.5630
it  623 steps  61243392 sps   38,166 | ep_ret    7.94 ep_len  985.3 (n=92) | pg -0.010 vf 0.011 kl 0.0108 lr 1.1e-04
[anomaly] it 623: explained variance -1.94 < 0 after warm-up: value function not predicting returns
[anomaly] it 623: terminal-step reward dominates the episode: survival is being punished
[anomaly] it 623: joint limit violated by 0.62 rad
[anomaly] it 623: contact penetration 6.2 cm
terrain it  623 mean_level 4.5747
it  624 steps  61341696 sps   38,164 | ep_ret    7.63 ep_len  963.1 (n=107) | pg -0.009 vf 0.016 kl 0.0137 lr 1.7e-04
[anomaly] it 624: explained variance -1.62 < 0 after warm-up: value function not predicting returns
[anomaly] it 624: terminal-step reward dominates the episode: survival is being punished
[anomaly] it 624: joint limit violated by 0.63 rad
[anomaly] it 624: contact penetration 4.7 cm
terrain it  624 mean_level 4.5903
it  625 steps  61440000 sps   38,163 | ep_ret    8.45 ep_len  979.2 (n=107) | pg -0.008 vf 0.015 kl 0.0144 lr 1.1e-04
[anomaly] it 625: explained variance -2.91 < 0 after warm-up: value function not predicting returns
[anomaly] it 625: terminal-step reward dominates the episode: survival is being punished
[anomaly] it 625: joint limit violated by 0.62 rad
[anomaly] it 625: contact penetration 8.4 cm
terrain it  625 mean_level 4.5972
it  626 steps  61538304 sps   38,162 | ep_ret    7.87 ep_len  968.7 (n=103) | pg -0.009 vf 0.011 kl 0.0146 lr 1.7e-04
[anomaly] it 626: explained variance -1.40 < 0 after warm-up: value function not predicting returns
[anomaly] it 626: terminal-step reward dominates the episode: survival is being punished
[anomaly] it 626: joint limit violated by 0.65 rad
[anomaly] it 626: contact penetration 5.6 cm
terrain it  626 mean_level 4.6104
it  627 steps  61636608 sps   38,159 | ep_ret    8.50 ep_len  995.8 (n=118) | pg -0.008 vf 0.011 kl 0.0165 lr 1.7e-04
[anomaly] it 627: explained variance -1.75 < 0 after warm-up: value function not predicting returns
[anomaly] it 627: terminal-step reward dominates the episode: survival is being punished
[anomaly] it 627: joint limit violated by 0.58 rad
[anomaly] it 627: contact penetration 5.4 cm
terrain it  627 mean_level 4.6206
it  628 steps  61734912 sps   38,158 | ep_ret    8.57 ep_len  980.1 (n=105) | pg -0.009 vf 0.011 kl 0.0127 lr 1.1e-04
[anomaly] it 628: explained variance -2.57 < 0 after warm-up: value function not predicting returns
[anomaly] it 628: terminal-step reward dominates the episode: survival is being punished
[anomaly] it 628: joint limit violated by 0.67 rad
[anomaly] it 628: contact penetration 8.3 cm
terrain it  628 mean_level 4.6306
it  629 steps  61833216 sps   38,157 | ep_ret    8.69 ep_len  983.0 (n=138) | pg -0.009 vf 0.011 kl 0.0148 lr 1.7e-04
[anomaly] it 629: explained variance -1.92 < 0 after warm-up: value function not predicting returns
[anomaly] it 629: terminal-step reward dominates the episode: survival is being punished
[anomaly] it 629: joint limit violated by 0.61 rad
[anomaly] it 629: contact penetration 5.3 cm
terrain it  629 mean_level 4.6411
it  630 steps  61931520 sps   38,155 | ep_ret    8.31 ep_len  987.9 (n=128) | pg -0.009 vf 0.013 kl 0.0150 lr 1.7e-04
[anomaly] it 630: explained variance -1.18 < 0 after warm-up: value function not predicting returns
[anomaly] it 630: terminal-step reward dominates the episode: survival is being punished
[anomaly] it 630: joint limit violated by 0.63 rad
[anomaly] it 630: contact penetration 5.7 cm
terrain it  630 mean_level 4.6558
it  631 steps  62029824 sps   38,153 | ep_ret    8.45 ep_len  980.1 (n=130) | pg -0.008 vf 0.011 kl 0.0146 lr 1.7e-04
[anomaly] it 631: explained variance -2.11 < 0 after warm-up: value function not predicting returns
[anomaly] it 631: terminal-step reward dominates the episode: survival is being punished
[anomaly] it 631: joint limit violated by 0.58 rad
[anomaly] it 631: contact penetration 8.1 cm
terrain it  631 mean_level 4.6687
it  632 steps  62128128 sps   38,150 | ep_ret    8.46 ep_len  987.5 (n=115) | pg -0.009 vf 0.011 kl 0.0145 lr 1.7e-04
[anomaly] it 632: explained variance -1.25 < 0 after warm-up: value function not predicting returns
[anomaly] it 632: terminal-step reward dominates the episode: survival is being punished
[anomaly] it 632: joint limit violated by 0.57 rad
[anomaly] it 632: contact penetration 4.7 cm
terrain it  632 mean_level 4.6812
it  633 steps  62226432 sps   38,150 | ep_ret    8.82 ep_len  993.6 (n=128) | pg -0.008 vf 0.009 kl 0.0143 lr 1.7e-04
[anomaly] it 633: explained variance -5.23 < 0 after warm-up: value function not predicting returns
[anomaly] it 633: terminal-step reward dominates the episode: survival is being punished
[anomaly] it 633: joint limit violated by 0.60 rad
[anomaly] it 633: contact penetration 8.5 cm
[anomaly] it 633: contact force 22164 N > 50x robot weight
terrain it  633 mean_level 4.6914
it  634 steps  62324736 sps   38,149 | ep_ret    8.45 ep_len  979.5 (n=103) | pg -0.009 vf 0.012 kl 0.0143 lr 1.7e-04
[anomaly] it 634: explained variance -1.49 < 0 after warm-up: value function not predicting returns
[anomaly] it 634: terminal-step reward dominates the episode: survival is being punished
[anomaly] it 634: joint limit violated by 0.66 rad
[anomaly] it 634: contact penetration 8.1 cm
[anomaly] it 634: contact force 48757 N > 50x robot weight
terrain it  634 mean_level 4.6992
it  635 steps  62423040 sps   38,147 | ep_ret    8.77 ep_len  984.1 (n=107) | pg -0.010 vf 0.010 kl 0.0161 lr 1.1e-04
[anomaly] it 635: explained variance -2.01 < 0 after warm-up: value function not predicting returns
[anomaly] it 635: terminal-step reward dominates the episode: survival is being punished
[anomaly] it 635: joint limit violated by 0.65 rad
[anomaly] it 635: contact penetration 8.4 cm
[anomaly] it 635: contact force 48764 N > 50x robot weight
terrain it  635 mean_level 4.7112
it  636 steps  62521344 sps   38,147 | ep_ret    8.46 ep_len  991.9 (n=134) | pg -0.009 vf 0.015 kl 0.0139 lr 1.7e-04
[anomaly] it 636: explained variance -2.47 < 0 after warm-up: value function not predicting returns
[anomaly] it 636: terminal-step reward dominates the episode: survival is being punished
[anomaly] it 636: joint limit violated by 0.66 rad
[anomaly] it 636: contact penetration 8.0 cm
[anomaly] it 636: contact force 48750 N > 50x robot weight
terrain it  636 mean_level 4.7241
it  637 steps  62619648 sps   38,145 | ep_ret    8.39 ep_len  982.6 (n=110) | pg -0.010 vf 0.010 kl 0.0157 lr 1.7e-04
[anomaly] it 637: explained variance -1.91 < 0 after warm-up: value function not predicting returns
[anomaly] it 637: terminal-step reward dominates the episode: survival is being punished
[anomaly] it 637: joint limit violated by 0.63 rad
[anomaly] it 637: contact penetration 7.3 cm
terrain it  637 mean_level 4.7322
it  638 steps  62717952 sps   38,142 | ep_ret    8.49 ep_len  981.6 (n=116) | pg -0.009 vf 0.012 kl 0.0164 lr 2.6e-04
[anomaly] it 638: explained variance -1.43 < 0 after warm-up: value function not predicting returns
[anomaly] it 638: terminal-step reward dominates the episode: survival is being punished
[anomaly] it 638: joint limit violated by 0.59 rad
[anomaly] it 638: contact penetration 7.8 cm
terrain it  638 mean_level 4.7485
it  639 steps  62816256 sps   38,141 | ep_ret    8.61 ep_len  993.6 (n=105) | pg -0.008 vf 0.012 kl 0.0142 lr 1.1e-04
[anomaly] it 639: explained variance -4.64 < 0 after warm-up: value function not predicting returns
[anomaly] it 639: terminal-step reward dominates the episode: survival is being punished
[anomaly] it 639: joint limit violated by 0.70 rad
[anomaly] it 639: contact penetration 7.5 cm
[anomaly] it 639: contact force 22179 N > 50x robot weight
terrain it  639 mean_level 4.7600
it  640 steps  62914560 sps   38,140 | ep_ret    8.51 ep_len  961.5 (n=97) | pg -0.008 vf 0.014 kl 0.0139 lr 1.7e-04
[anomaly] it 640: explained variance -1.65 < 0 after warm-up: value function not predicting returns
[anomaly] it 640: terminal-step reward dominates the episode: survival is being punished
[anomaly] it 640: joint limit violated by 0.74 rad
[anomaly] it 640: contact penetration 5.8 cm
[anomaly] it 640: contact force 22102 N > 50x robot weight
terrain it  640 mean_level 4.7656
it  641 steps  63012864 sps   38,140 | ep_ret    8.24 ep_len  967.5 (n=99) | pg -0.009 vf 0.013 kl 0.0172 lr 1.7e-04
[anomaly] it 641: explained variance -1.78 < 0 after warm-up: value function not predicting returns
[anomaly] it 641: terminal-step reward dominates the episode: survival is being punished
[anomaly] it 641: joint limit violated by 0.66 rad
[anomaly] it 641: contact penetration 7.7 cm
terrain it  641 mean_level 4.7822
it  642 steps  63111168 sps   38,139 | ep_ret    8.41 ep_len  978.0 (n=95) | pg -0.004 vf 0.012 kl 0.0136 lr 7.6e-05
[anomaly] it 642: explained variance -2.89 < 0 after warm-up: value function not predicting returns
[anomaly] it 642: terminal-step reward dominates the episode: survival is being punished
[anomaly] it 642: joint limit violated by 0.62 rad
[anomaly] it 642: contact penetration 6.6 cm
terrain it  642 mean_level 4.7896
it  643 steps  63209472 sps   38,138 | ep_ret    8.02 ep_len  963.4 (n=104) | pg -0.010 vf 0.013 kl 0.0126 lr 1.7e-04
[anomaly] it 643: explained variance -1.32 < 0 after warm-up: value function not predicting returns
[anomaly] it 643: terminal-step reward dominates the episode: survival is being punished
[anomaly] it 643: joint limit violated by 0.61 rad
[anomaly] it 643: contact penetration 5.6 cm
terrain it  643 mean_level 4.7993
it  644 steps  63307776 sps   38,137 | ep_ret    8.10 ep_len  977.8 (n=99) | pg -0.008 vf 0.012 kl 0.0134 lr 1.7e-04
[anomaly] it 644: explained variance -1.68 < 0 after warm-up: value function not predicting returns
[anomaly] it 644: terminal-step reward dominates the episode: survival is being punished
[anomaly] it 644: joint limit violated by 0.64 rad
[anomaly] it 644: contact penetration 5.2 cm
terrain it  644 mean_level 4.8018
it  645 steps  63406080 sps   38,136 | ep_ret    8.39 ep_len  988.1 (n=93) | pg -0.010 vf 0.010 kl 0.0153 lr 1.7e-04
[anomaly] it 645: explained variance -4.22 < 0 after warm-up: value function not predicting returns
[anomaly] it 645: terminal-step reward dominates the episode: survival is being punished
[anomaly] it 645: joint limit violated by 0.60 rad
[anomaly] it 645: contact penetration 4.7 cm
terrain it  645 mean_level 4.8098
it  646 steps  63504384 sps   38,135 | ep_ret    7.85 ep_len  963.7 (n=95) | pg -0.008 vf 0.009 kl 0.0158 lr 7.6e-05
[anomaly] it 646: explained variance -0.81 < 0 after warm-up: value function not predicting returns
[anomaly] it 646: terminal-step reward dominates the episode: survival is being punished
[anomaly] it 646: joint limit violated by 0.62 rad
[anomaly] it 646: contact penetration 7.0 cm
terrain it  646 mean_level 4.8198
it  647 steps  63602688 sps   38,135 | ep_ret    7.72 ep_len  990.2 (n=89) | pg -0.008 vf 0.011 kl 0.0099 lr 1.1e-04
[anomaly] it 647: explained variance -2.08 < 0 after warm-up: value function not predicting returns
[anomaly] it 647: terminal-step reward dominates the episode: survival is being punished
[anomaly] it 647: joint limit violated by 0.58 rad
[anomaly] it 647: contact penetration 6.2 cm
terrain it  647 mean_level 4.8320
it  648 steps  63700992 sps   38,133 | ep_ret    8.24 ep_len  983.0 (n=82) | pg -0.008 vf 0.010 kl 0.0165 lr 1.7e-04
[anomaly] it 648: explained variance -2.82 < 0 after warm-up: value function not predicting returns
[anomaly] it 648: terminal-step reward dominates the episode: survival is being punished
[anomaly] it 648: joint limit violated by 0.65 rad
[anomaly] it 648: contact penetration 6.0 cm
terrain it  648 mean_level 4.8367
it  649 steps  63799296 sps   38,124 | ep_ret    8.31 ep_len  972.3 (n=79) | pg -0.009 vf 0.011 kl 0.0152 lr 1.7e-04
[anomaly] it 649: explained variance -2.94 < 0 after warm-up: value function not predicting returns
[anomaly] it 649: terminal-step reward dominates the episode: survival is being punished
[anomaly] it 649: joint limit violated by 0.66 rad
[anomaly] it 649: contact penetration 6.4 cm
terrain it  649 mean_level 4.8442
it  650 steps  63897600 sps   38,121 | ep_ret    7.79 ep_len  991.5 (n=76) | pg -0.008 vf 0.012 kl 0.0130 lr 7.6e-05
[anomaly] it 650: explained variance -3.20 < 0 after warm-up: value function not predicting returns
[anomaly] it 650: terminal-step reward dominates the episode: survival is being punished
[anomaly] it 650: joint limit violated by 0.65 rad
[anomaly] it 650: contact penetration 8.9 cm
terrain it  650 mean_level 4.8501
it  651 steps  63995904 sps   38,115 | ep_ret    8.09 ep_len  969.7 (n=79) | pg -0.010 vf 0.013 kl 0.0129 lr 1.7e-04
[anomaly] it 651: explained variance -3.26 < 0 after warm-up: value function not predicting returns
[anomaly] it 651: terminal-step reward dominates the episode: survival is being punished
[anomaly] it 651: joint limit violated by 0.63 rad
[anomaly] it 651: contact penetration 6.6 cm
terrain it  651 mean_level 4.8584
it  652 steps  64094208 sps   38,114 | ep_ret    8.25 ep_len  959.7 (n=89) | pg -0.009 vf 0.012 kl 0.0155 lr 1.7e-04
[anomaly] it 652: explained variance -2.08 < 0 after warm-up: value function not predicting returns
[anomaly] it 652: terminal-step reward dominates the episode: survival is being punished
[anomaly] it 652: joint limit violated by 0.59 rad
[anomaly] it 652: contact penetration 9.9 cm
terrain it  652 mean_level 4.8679
it  653 steps  64192512 sps   38,113 | ep_ret    8.18 ep_len  985.1 (n=88) | pg -0.009 vf 0.014 kl 0.0149 lr 1.7e-04
[anomaly] it 653: explained variance -1.89 < 0 after warm-up: value function not predicting returns
[anomaly] it 653: terminal-step reward dominates the episode: survival is being punished
[anomaly] it 653: joint limit violated by 0.58 rad
[anomaly] it 653: contact penetration 7.7 cm
terrain it  653 mean_level 4.8772
it  654 steps  64290816 sps   38,112 | ep_ret    7.99 ep_len  961.8 (n=101) | pg -0.009 vf 0.013 kl 0.0145 lr 1.7e-04
[anomaly] it 654: explained variance -2.72 < 0 after warm-up: value function not predicting returns
[anomaly] it 654: terminal-step reward dominates the episode: survival is being punished
[anomaly] it 654: joint limit violated by 0.66 rad
[anomaly] it 654: contact penetration 7.1 cm
terrain it  654 mean_level 4.8813
it  655 steps  64389120 sps   38,111 | ep_ret    8.18 ep_len  949.4 (n=89) | pg -0.009 vf 0.015 kl 0.0165 lr 1.1e-04
[anomaly] it 655: explained variance -1.39 < 0 after warm-up: value function not predicting returns
[anomaly] it 655: terminal-step reward dominates the episode: survival is being punished
[anomaly] it 655: joint limit violated by 0.62 rad
[anomaly] it 655: contact penetration 5.2 cm
terrain it  655 mean_level 4.8875
it  656 steps  64487424 sps   38,110 | ep_ret    8.25 ep_len  963.5 (n=90) | pg -0.009 vf 0.010 kl 0.0141 lr 1.7e-04
[anomaly] it 656: explained variance -2.37 < 0 after warm-up: value function not predicting returns
[anomaly] it 656: terminal-step reward dominates the episode: survival is being punished
[anomaly] it 656: joint limit violated by 0.60 rad
[anomaly] it 656: contact penetration 5.5 cm
terrain it  656 mean_level 4.8872
it  657 steps  64585728 sps   38,110 | ep_ret    8.85 ep_len  989.8 (n=83) | pg -0.009 vf 0.011 kl 0.0165 lr 1.7e-04
[anomaly] it 657: explained variance -3.16 < 0 after warm-up: value function not predicting returns
[anomaly] it 657: terminal-step reward dominates the episode: survival is being punished
[anomaly] it 657: joint limit violated by 0.64 rad
[anomaly] it 657: contact penetration 5.6 cm
terrain it  657 mean_level 4.8955
it  658 steps  64684032 sps   38,109 | ep_ret    8.14 ep_len  967.8 (n=71) | pg -0.006 vf 0.009 kl 0.0129 lr 1.1e-04
[anomaly] it 658: explained variance -2.20 < 0 after warm-up: value function not predicting returns
[anomaly] it 658: terminal-step reward dominates the episode: survival is being punished
[anomaly] it 658: joint limit violated by 0.57 rad
[anomaly] it 658: contact penetration 4.3 cm
terrain it  658 mean_level 4.9038
it  659 steps  64782336 sps   38,109 | ep_ret    8.65 ep_len  978.0 (n=77) | pg -0.009 vf 0.010 kl 0.0127 lr 1.7e-04
[anomaly] it 659: explained variance -1.82 < 0 after warm-up: value function not predicting returns
[anomaly] it 659: terminal-step reward dominates the episode: survival is being punished
[anomaly] it 659: joint limit violated by 0.60 rad
[anomaly] it 659: contact penetration 7.2 cm
terrain it  659 mean_level 4.9102
it  660 steps  64880640 sps   38,108 | ep_ret    8.48 ep_len  975.0 (n=84) | pg -0.009 vf 0.010 kl 0.0148 lr 1.1e-04
[anomaly] it 660: explained variance -1.26 < 0 after warm-up: value function not predicting returns
[anomaly] it 660: terminal-step reward dominates the episode: survival is being punished
[anomaly] it 660: joint limit violated by 0.64 rad
[anomaly] it 660: contact penetration 5.6 cm
terrain it  660 mean_level 4.9167
it  661 steps  64978944 sps   38,107 | ep_ret    8.72 ep_len  989.1 (n=99) | pg -0.009 vf 0.009 kl 0.0129 lr 1.7e-04
[anomaly] it 661: explained variance -1.87 < 0 after warm-up: value function not predicting returns
[anomaly] it 661: terminal-step reward dominates the episode: survival is being punished
[anomaly] it 661: joint limit violated by 0.58 rad
[anomaly] it 661: contact penetration 6.2 cm
terrain it  661 mean_level 4.9260
it  662 steps  65077248 sps   38,106 | ep_ret    8.92 ep_len  982.7 (n=82) | pg -0.009 vf 0.010 kl 0.0165 lr 1.7e-04
[anomaly] it 662: explained variance -2.42 < 0 after warm-up: value function not predicting returns
[anomaly] it 662: terminal-step reward dominates the episode: survival is being punished
[anomaly] it 662: joint limit violated by 0.63 rad
[anomaly] it 662: contact penetration 4.9 cm
terrain it  662 mean_level 4.9333
it  663 steps  65175552 sps   38,106 | ep_ret    8.92 ep_len  992.2 (n=107) | pg -0.009 vf 0.009 kl 0.0151 lr 1.7e-04
[anomaly] it 663: explained variance -3.15 < 0 after warm-up: value function not predicting returns
[anomaly] it 663: terminal-step reward dominates the episode: survival is being punished
[anomaly] it 663: joint limit violated by 0.60 rad
[anomaly] it 663: contact penetration 6.2 cm
terrain it  663 mean_level 4.9409
it  664 steps  65273856 sps   38,105 | ep_ret    9.02 ep_len  982.1 (n=112) | pg -0.008 vf 0.011 kl 0.0143 lr 1.1e-04
[anomaly] it 664: explained variance -2.49 < 0 after warm-up: value function not predicting returns
[anomaly] it 664: terminal-step reward dominates the episode: survival is being punished
[anomaly] it 664: joint limit violated by 0.62 rad
[anomaly] it 664: contact penetration 5.9 cm
terrain it  664 mean_level 4.9492
it  665 steps  65372160 sps   38,104 | ep_ret    8.84 ep_len  989.6 (n=100) | pg -0.007 vf 0.015 kl 0.0150 lr 1.7e-04
[anomaly] it 665: explained variance -2.15 < 0 after warm-up: value function not predicting returns
[anomaly] it 665: terminal-step reward dominates the episode: survival is being punished
[anomaly] it 665: joint limit violated by 0.63 rad
[anomaly] it 665: contact penetration 6.8 cm
terrain it  665 mean_level 4.9543
it  666 steps  65470464 sps   38,103 | ep_ret    8.29 ep_len  972.9 (n=104) | pg -0.009 vf 0.009 kl 0.0156 lr 1.7e-04
[anomaly] it 666: explained variance -1.17 < 0 after warm-up: value function not predicting returns
[anomaly] it 666: terminal-step reward dominates the episode: survival is being punished
[anomaly] it 666: joint limit violated by 0.69 rad
[anomaly] it 666: contact penetration 5.2 cm
terrain it  666 mean_level 4.9585
it  667 steps  65568768 sps   38,103 | ep_ret    9.39 ep_len  982.9 (n=114) | pg -0.009 vf 0.011 kl 0.0149 lr 1.7e-04
[anomaly] it 667: explained variance -1.82 < 0 after warm-up: value function not predicting returns
[anomaly] it 667: terminal-step reward dominates the episode: survival is being punished
[anomaly] it 667: joint limit violated by 0.59 rad
[anomaly] it 667: contact penetration 7.2 cm
terrain it  667 mean_level 4.9734
it  668 steps  65667072 sps   38,102 | ep_ret    9.07 ep_len  974.9 (n=113) | pg -0.007 vf 0.010 kl 0.0158 lr 1.7e-04
[anomaly] it 668: explained variance -1.39 < 0 after warm-up: value function not predicting returns
[anomaly] it 668: terminal-step reward dominates the episode: survival is being punished
[anomaly] it 668: joint limit violated by 0.64 rad
[anomaly] it 668: contact penetration 5.8 cm
terrain it  668 mean_level 4.9775
it  669 steps  65765376 sps   38,101 | ep_ret    9.57 ep_len  991.9 (n=108) | pg -0.009 vf 0.012 kl 0.0160 lr 1.7e-04
[anomaly] it 669: explained variance -3.40 < 0 after warm-up: value function not predicting returns
[anomaly] it 669: terminal-step reward dominates the episode: survival is being punished
[anomaly] it 669: joint limit violated by 0.63 rad
[anomaly] it 669: contact penetration 8.0 cm
terrain it  669 mean_level 4.9841
it  670 steps  65863680 sps   38,101 | ep_ret    9.48 ep_len  993.9 (n=114) | pg -0.008 vf 0.011 kl 0.0146 lr 1.7e-04
[anomaly] it 670: explained variance -2.80 < 0 after warm-up: value function not predicting returns
[anomaly] it 670: terminal-step reward dominates the episode: survival is being punished
[anomaly] it 670: joint limit violated by 0.58 rad
[anomaly] it 670: contact penetration 6.4 cm
terrain it  670 mean_level 4.9944
it  671 steps  65961984 sps   38,100 | ep_ret    8.95 ep_len  976.7 (n=137) | pg -0.007 vf 0.013 kl 0.0148 lr 1.7e-04
[anomaly] it 671: explained variance -1.39 < 0 after warm-up: value function not predicting returns
[anomaly] it 671: terminal-step reward dominates the episode: survival is being punished
[anomaly] it 671: joint limit violated by 0.63 rad
[anomaly] it 671: contact penetration 6.7 cm
terrain it  671 mean_level 5.0061
it  672 steps  66060288 sps   38,099 | ep_ret    8.72 ep_len  974.5 (n=128) | pg -0.009 vf 0.014 kl 0.0150 lr 1.1e-04
[anomaly] it 672: explained variance -1.38 < 0 after warm-up: value function not predicting returns
[anomaly] it 672: terminal-step reward dominates the episode: survival is being punished
[anomaly] it 672: joint limit violated by 0.65 rad
[anomaly] it 672: contact penetration 4.8 cm
terrain it  672 mean_level 5.0156
it  673 steps  66158592 sps   38,098 | ep_ret    9.33 ep_len  975.5 (n=113) | pg -0.009 vf 0.011 kl 0.0155 lr 1.7e-04
[anomaly] it 673: explained variance -2.35 < 0 after warm-up: value function not predicting returns
[anomaly] it 673: terminal-step reward dominates the episode: survival is being punished
[anomaly] it 673: joint limit violated by 0.61 rad
[anomaly] it 673: contact penetration 6.7 cm
[anomaly] it 673: contact force 22408 N > 50x robot weight
terrain it  673 mean_level 5.0173
it  674 steps  66256896 sps   38,098 | ep_ret    9.36 ep_len  988.0 (n=131) | pg -0.008 vf 0.013 kl 0.0159 lr 1.7e-04
[anomaly] it 674: explained variance -2.27 < 0 after warm-up: value function not predicting returns
[anomaly] it 674: terminal-step reward dominates the episode: survival is being punished
[anomaly] it 674: joint limit violated by 0.61 rad
[anomaly] it 674: contact penetration 7.1 cm
terrain it  674 mean_level 5.0322
it  675 steps  66355200 sps   38,097 | ep_ret    8.96 ep_len  977.0 (n=116) | pg -0.009 vf 0.009 kl 0.0157 lr 1.7e-04
[anomaly] it 675: explained variance -1.82 < 0 after warm-up: value function not predicting returns
[anomaly] it 675: terminal-step reward dominates the episode: survival is being punished
[anomaly] it 675: joint limit violated by 0.59 rad
[anomaly] it 675: contact penetration 4.8 cm
terrain it  675 mean_level 5.0452
it  676 steps  66453504 sps   38,096 | ep_ret    9.51 ep_len  982.2 (n=111) | pg -0.009 vf 0.013 kl 0.0154 lr 1.1e-04
[anomaly] it 676: explained variance -2.54 < 0 after warm-up: value function not predicting returns
[anomaly] it 676: terminal-step reward dominates the episode: survival is being punished
[anomaly] it 676: joint limit violated by 0.65 rad
[anomaly] it 676: contact penetration 6.2 cm
terrain it  676 mean_level 5.0549
it  677 steps  66551808 sps   38,095 | ep_ret    9.55 ep_len  977.8 (n=105) | pg -0.010 vf 0.011 kl 0.0130 lr 1.7e-04
[anomaly] it 677: explained variance -2.68 < 0 after warm-up: value function not predicting returns
[anomaly] it 677: terminal-step reward dominates the episode: survival is being punished
[anomaly] it 677: joint limit violated by 0.58 rad
[anomaly] it 677: contact penetration 5.6 cm
terrain it  677 mean_level 5.0596
it  678 steps  66650112 sps   38,094 | ep_ret    9.55 ep_len  985.4 (n=138) | pg -0.009 vf 0.011 kl 0.0129 lr 1.1e-04
[anomaly] it 678: explained variance -1.97 < 0 after warm-up: value function not predicting returns
[anomaly] it 678: terminal-step reward dominates the episode: survival is being punished
[anomaly] it 678: joint limit violated by 0.62 rad
[anomaly] it 678: contact penetration 6.6 cm
terrain it  678 mean_level 5.0718
it  679 steps  66748416 sps   38,094 | ep_ret    9.45 ep_len  991.8 (n=106) | pg -0.009 vf 0.011 kl 0.0136 lr 1.7e-04
[anomaly] it 679: explained variance -5.64 < 0 after warm-up: value function not predicting returns
[anomaly] it 679: terminal-step reward dominates the episode: survival is being punished
[anomaly] it 679: joint limit violated by 0.61 rad
[anomaly] it 679: contact penetration 7.1 cm
terrain it  679 mean_level 5.0840
it  680 steps  66846720 sps   38,093 | ep_ret    9.28 ep_len  974.1 (n=119) | pg -0.007 vf 0.011 kl 0.0164 lr 1.7e-04
[anomaly] it 680: explained variance -1.42 < 0 after warm-up: value function not predicting returns
[anomaly] it 680: terminal-step reward dominates the episode: survival is being punished
[anomaly] it 680: joint limit violated by 0.68 rad
[anomaly] it 680: contact penetration 5.1 cm
terrain it  680 mean_level 5.0945
it  681 steps  66945024 sps   38,092 | ep_ret    8.93 ep_len  981.6 (n=103) | pg -0.009 vf 0.012 kl 0.0146 lr 1.7e-04
[anomaly] it 681: explained variance -2.04 < 0 after warm-up: value function not predicting returns
[anomaly] it 681: terminal-step reward dominates the episode: survival is being punished
[anomaly] it 681: joint limit violated by 0.73 rad
[anomaly] it 681: contact penetration 7.1 cm
terrain it  681 mean_level 5.1028
it  682 steps  67043328 sps   38,092 | ep_ret    9.29 ep_len  987.4 (n=94) | pg -0.009 vf 0.014 kl 0.0161 lr 1.1e-04
[anomaly] it 682: explained variance -2.83 < 0 after warm-up: value function not predicting returns
[anomaly] it 682: terminal-step reward dominates the episode: survival is being punished
[anomaly] it 682: joint limit violated by 0.66 rad
[anomaly] it 682: contact penetration 7.7 cm
terrain it  682 mean_level 5.1135
it  683 steps  67141632 sps   38,091 | ep_ret    9.80 ep_len  983.8 (n=95) | pg -0.009 vf 0.012 kl 0.0127 lr 1.7e-04
[anomaly] it 683: explained variance -2.35 < 0 after warm-up: value function not predicting returns
[anomaly] it 683: terminal-step reward dominates the episode: survival is being punished
[anomaly] it 683: joint limit violated by 0.67 rad
[anomaly] it 683: contact penetration 7.3 cm
[anomaly] it 683: contact force 22506 N > 50x robot weight
terrain it  683 mean_level 5.1184
it  684 steps  67239936 sps   38,090 | ep_ret    9.03 ep_len  979.2 (n=106) | pg -0.010 vf 0.014 kl 0.0151 lr 1.7e-04
[anomaly] it 684: explained variance -1.35 < 0 after warm-up: value function not predicting returns
[anomaly] it 684: terminal-step reward dominates the episode: survival is being punished
[anomaly] it 684: joint limit violated by 0.62 rad
[anomaly] it 684: contact penetration 5.9 cm
[anomaly] it 684: contact force 22337 N > 50x robot weight
terrain it  684 mean_level 5.1326
it  685 steps  67338240 sps   38,090 | ep_ret    9.33 ep_len  981.1 (n=93) | pg -0.009 vf 0.010 kl 0.0138 lr 1.1e-04
[anomaly] it 685: explained variance -2.32 < 0 after warm-up: value function not predicting returns
[anomaly] it 685: terminal-step reward dominates the episode: survival is being punished
[anomaly] it 685: joint limit violated by 0.70 rad
[anomaly] it 685: contact penetration 8.1 cm
[anomaly] it 685: contact force 22108 N > 50x robot weight
terrain it  685 mean_level 5.1423
it  686 steps  67436544 sps   38,089 | ep_ret    9.30 ep_len  996.6 (n=112) | pg -0.007 vf 0.010 kl 0.0134 lr 1.1e-04
[anomaly] it 686: explained variance -4.41 < 0 after warm-up: value function not predicting returns
[anomaly] it 686: terminal-step reward dominates the episode: survival is being punished
[anomaly] it 686: joint limit violated by 0.68 rad
[anomaly] it 686: contact penetration 5.1 cm
terrain it  686 mean_level 5.1499
it  687 steps  67534848 sps   38,088 | ep_ret    9.14 ep_len  973.0 (n=93) | pg -0.010 vf 0.012 kl 0.0156 lr 1.1e-04
[anomaly] it 687: explained variance -1.42 < 0 after warm-up: value function not predicting returns
[anomaly] it 687: terminal-step reward dominates the episode: survival is being punished
[anomaly] it 687: joint limit violated by 0.64 rad
[anomaly] it 687: contact penetration 7.2 cm
terrain it  687 mean_level 5.1589
it  688 steps  67633152 sps   38,088 | ep_ret    9.18 ep_len  988.0 (n=76) | pg -0.009 vf 0.010 kl 0.0133 lr 1.7e-04
[anomaly] it 688: explained variance -2.69 < 0 after warm-up: value function not predicting returns
[anomaly] it 688: terminal-step reward dominates the episode: survival is being punished
[anomaly] it 688: joint limit violated by 0.63 rad
[anomaly] it 688: contact penetration 13.8 cm
terrain it  688 mean_level 5.1643
it  689 steps  67731456 sps   38,087 | ep_ret    9.41 ep_len  983.0 (n=91) | pg -0.007 vf 0.012 kl 0.0160 lr 1.7e-04
[anomaly] it 689: explained variance -2.11 < 0 after warm-up: value function not predicting returns
[anomaly] it 689: terminal-step reward dominates the episode: survival is being punished
[anomaly] it 689: joint limit violated by 0.66 rad
[anomaly] it 689: contact penetration 8.7 cm
terrain it  689 mean_level 5.1694
it  690 steps  67829760 sps   38,087 | ep_ret    8.88 ep_len  988.2 (n=77) | pg -0.009 vf 0.011 kl 0.0155 lr 1.7e-04
[anomaly] it 690: explained variance -2.57 < 0 after warm-up: value function not predicting returns
[anomaly] it 690: terminal-step reward dominates the episode: survival is being punished
[anomaly] it 690: joint limit violated by 0.61 rad
[anomaly] it 690: contact penetration 7.7 cm
terrain it  690 mean_level 5.1814
it  691 steps  67928064 sps   38,086 | ep_ret    8.51 ep_len  960.2 (n=76) | pg -0.009 vf 0.013 kl 0.0154 lr 1.7e-04
[anomaly] it 691: explained variance -1.39 < 0 after warm-up: value function not predicting returns
[anomaly] it 691: terminal-step reward dominates the episode: survival is being punished
[anomaly] it 691: joint limit violated by 0.63 rad
[anomaly] it 691: contact penetration 6.8 cm
terrain it  691 mean_level 5.1892
it  692 steps  68026368 sps   38,086 | ep_ret    7.85 ep_len  942.3 (n=95) | pg -0.009 vf 0.013 kl 0.0161 lr 1.7e-04
[anomaly] it 692: explained variance -0.73 < 0 after warm-up: value function not predicting returns
[anomaly] it 692: terminal-step reward dominates the episode: survival is being punished
[anomaly] it 692: joint limit violated by 0.68 rad
[anomaly] it 692: contact penetration 5.2 cm
terrain it  692 mean_level 5.1912
it  693 steps  68124672 sps   38,085 | ep_ret    9.11 ep_len  952.6 (n=84) | pg -0.009 vf 0.011 kl 0.0156 lr 1.7e-04
[anomaly] it 693: explained variance -1.43 < 0 after warm-up: value function not predicting returns
[anomaly] it 693: terminal-step reward dominates the episode: survival is being punished
[anomaly] it 693: joint limit violated by 0.69 rad
[anomaly] it 693: contact penetration 10.6 cm
terrain it  693 mean_level 5.1973
it  694 steps  68222976 sps   38,085 | ep_ret    9.37 ep_len  985.4 (n=81) | pg -0.009 vf 0.011 kl 0.0151 lr 1.7e-04
[anomaly] it 694: explained variance -3.87 < 0 after warm-up: value function not predicting returns
[anomaly] it 694: terminal-step reward dominates the episode: survival is being punished
[anomaly] it 694: joint limit violated by 0.71 rad
[anomaly] it 694: contact penetration 5.8 cm
terrain it  694 mean_level 5.2031
it  695 steps  68321280 sps   38,084 | ep_ret    9.28 ep_len  982.8 (n=95) | pg -0.010 vf 0.009 kl 0.0157 lr 1.7e-04
[anomaly] it 695: explained variance -2.34 < 0 after warm-up: value function not predicting returns
[anomaly] it 695: terminal-step reward dominates the episode: survival is being punished
[anomaly] it 695: joint limit violated by 0.60 rad
[anomaly] it 695: contact penetration 5.4 cm
terrain it  695 mean_level 5.2073
it  696 steps  68419584 sps   38,083 | ep_ret    9.75 ep_len  979.4 (n=86) | pg -0.006 vf 0.012 kl 0.0154 lr 1.1e-04
[anomaly] it 696: explained variance -2.52 < 0 after warm-up: value function not predicting returns
[anomaly] it 696: terminal-step reward dominates the episode: survival is being punished
[anomaly] it 696: joint limit violated by 0.66 rad
[anomaly] it 696: contact penetration 7.4 cm
terrain it  696 mean_level 5.2134
it  697 steps  68517888 sps   38,083 | ep_ret    8.57 ep_len  982.2 (n=88) | pg -0.010 vf 0.011 kl 0.0131 lr 1.7e-04
[anomaly] it 697: explained variance -1.62 < 0 after warm-up: value function not predicting returns
[anomaly] it 697: terminal-step reward dominates the episode: survival is being punished
[anomaly] it 697: joint limit violated by 0.65 rad
[anomaly] it 697: contact penetration 6.3 cm
terrain it  697 mean_level 5.2224
it  698 steps  68616192 sps   38,082 | ep_ret    9.50 ep_len  978.3 (n=87) | pg -0.010 vf 0.012 kl 0.0152 lr 1.7e-04
[anomaly] it 698: explained variance -2.21 < 0 after warm-up: value function not predicting returns
[anomaly] it 698: terminal-step reward dominates the episode: survival is being punished
[anomaly] it 698: joint limit violated by 0.59 rad
[anomaly] it 698: contact penetration 6.6 cm
terrain it  698 mean_level 5.2244
it  699 steps  68714496 sps   38,082 | ep_ret    8.82 ep_len  951.1 (n=90) | pg -0.008 vf 0.014 kl 0.0157 lr 1.7e-04
[anomaly] it 699: explained variance -1.26 < 0 after warm-up: value function not predicting returns
[anomaly] it 699: terminal-step reward dominates the episode: survival is being punished
[anomaly] it 699: joint limit violated by 0.58 rad
[anomaly] it 699: contact penetration 6.4 cm
terrain it  699 mean_level 5.2307
it  700 steps  68812800 sps   38,081 | ep_ret    9.15 ep_len  970.3 (n=72) | pg -0.009 vf 0.012 kl 0.0143 lr 1.7e-04
[anomaly] it 700: explained variance -2.68 < 0 after warm-up: value function not predicting returns
[anomaly] it 700: terminal-step reward dominates the episode: survival is being punished
[anomaly] it 700: joint limit violated by 0.64 rad
[anomaly] it 700: contact penetration 7.3 cm
terrain it  700 mean_level 5.2319
it  701 steps  68911104 sps   38,080 | ep_ret    8.78 ep_len  973.3 (n=76) | pg -0.008 vf 0.011 kl 0.0168 lr 1.7e-04
[anomaly] it 701: explained variance -1.37 < 0 after warm-up: value function not predicting returns
[anomaly] it 701: terminal-step reward dominates the episode: survival is being punished
[anomaly] it 701: joint limit violated by 0.58 rad
[anomaly] it 701: contact penetration 9.2 cm
terrain it  701 mean_level 5.2346
it  702 steps  69009408 sps   38,080 | ep_ret    9.32 ep_len  987.9 (n=87) | pg -0.007 vf 0.011 kl 0.0154 lr 1.7e-04
[anomaly] it 702: explained variance -4.10 < 0 after warm-up: value function not predicting returns
[anomaly] it 702: terminal-step reward dominates the episode: survival is being punished
[anomaly] it 702: joint limit violated by 0.61 rad
[anomaly] it 702: contact penetration 5.2 cm
terrain it  702 mean_level 5.2402
it  703 steps  69107712 sps   38,074 | ep_ret    9.84 ep_len  991.4 (n=96) | pg -0.007 vf 0.009 kl 0.0156 lr 1.1e-04
[anomaly] it 703: explained variance -3.35 < 0 after warm-up: value function not predicting returns
[anomaly] it 703: terminal-step reward dominates the episode: survival is being punished
[anomaly] it 703: joint limit violated by 0.63 rad
[anomaly] it 703: contact penetration 6.4 cm
terrain it  703 mean_level 5.2393
it  704 steps  69206016 sps   38,073 | ep_ret   10.14 ep_len  982.4 (n=92) | pg -0.009 vf 0.010 kl 0.0141 lr 1.7e-04
[anomaly] it 704: explained variance -1.92 < 0 after warm-up: value function not predicting returns
[anomaly] it 704: terminal-step reward dominates the episode: survival is being punished
[anomaly] it 704: joint limit violated by 0.64 rad
[anomaly] it 704: contact penetration 5.8 cm
terrain it  704 mean_level 5.2468
it  705 steps  69304320 sps   38,073 | ep_ret    9.97 ep_len  978.3 (n=107) | pg -0.006 vf 0.011 kl 0.0144 lr 1.1e-04
[anomaly] it 705: explained variance -1.25 < 0 after warm-up: value function not predicting returns
[anomaly] it 705: terminal-step reward dominates the episode: survival is being punished
[anomaly] it 705: joint limit violated by 0.65 rad
[anomaly] it 705: contact penetration 7.0 cm
[anomaly] it 705: contact force 22152 N > 50x robot weight
terrain it  705 mean_level 5.2483
it  706 steps  69402624 sps   38,073 | ep_ret    9.94 ep_len  980.2 (n=91) | pg -0.010 vf 0.011 kl 0.0163 lr 1.7e-04
[anomaly] it 706: explained variance -2.35 < 0 after warm-up: value function not predicting returns
[anomaly] it 706: terminal-step reward dominates the episode: survival is being punished
[anomaly] it 706: joint limit violated by 0.69 rad
[anomaly] it 706: contact penetration 5.6 cm
[anomaly] it 706: contact force 22182 N > 50x robot weight
terrain it  706 mean_level 5.2517
it  707 steps  69500928 sps   38,072 | ep_ret    9.25 ep_len  962.6 (n=112) | pg -0.009 vf 0.016 kl 0.0147 lr 1.7e-04
[anomaly] it 707: explained variance -1.70 < 0 after warm-up: value function not predicting returns
[anomaly] it 707: terminal-step reward dominates the episode: survival is being punished
[anomaly] it 707: joint limit violated by 0.62 rad
[anomaly] it 707: contact penetration 5.2 cm
terrain it  707 mean_level 5.2527
it  708 steps  69599232 sps   38,072 | ep_ret    9.88 ep_len  982.4 (n=106) | pg -0.009 vf 0.013 kl 0.0153 lr 1.7e-04
[anomaly] it 708: explained variance -2.17 < 0 after warm-up: value function not predicting returns
[anomaly] it 708: terminal-step reward dominates the episode: survival is being punished
[anomaly] it 708: joint limit violated by 0.65 rad
[anomaly] it 708: contact penetration 6.0 cm
terrain it  708 mean_level 5.2646
it  709 steps  69697536 sps   38,072 | ep_ret    9.84 ep_len  977.9 (n=117) | pg -0.008 vf 0.011 kl 0.0152 lr 1.7e-04
[anomaly] it 709: explained variance -1.29 < 0 after warm-up: value function not predicting returns
[anomaly] it 709: terminal-step reward dominates the episode: survival is being punished
[anomaly] it 709: joint limit violated by 0.62 rad
[anomaly] it 709: contact penetration 5.2 cm
terrain it  709 mean_level 5.2600
it  710 steps  69795840 sps   38,072 | ep_ret   10.26 ep_len  994.8 (n=109) | pg -0.009 vf 0.013 kl 0.0140 lr 1.7e-04
[anomaly] it 710: explained variance -3.71 < 0 after warm-up: value function not predicting returns
[anomaly] it 710: terminal-step reward dominates the episode: survival is being punished
[anomaly] it 710: joint limit violated by 0.62 rad
[anomaly] it 710: contact penetration 7.8 cm
terrain it  710 mean_level 5.2634
it  711 steps  69894144 sps   38,072 | ep_ret   10.31 ep_len  972.4 (n=112) | pg -0.011 vf 0.011 kl 0.0151 lr 1.7e-04
[anomaly] it 711: explained variance -2.05 < 0 after warm-up: value function not predicting returns
[anomaly] it 711: terminal-step reward dominates the episode: survival is being punished
[anomaly] it 711: joint limit violated by 0.62 rad
[anomaly] it 711: contact penetration 5.5 cm
terrain it  711 mean_level 5.2732
it  712 steps  69992448 sps   38,072 | ep_ret   10.27 ep_len  993.6 (n=124) | pg -0.009 vf 0.010 kl 0.0151 lr 1.7e-04
[anomaly] it 712: explained variance -2.97 < 0 after warm-up: value function not predicting returns
[anomaly] it 712: terminal-step reward dominates the episode: survival is being punished
[anomaly] it 712: joint limit violated by 0.68 rad
[anomaly] it 712: contact penetration 8.1 cm
terrain it  712 mean_level 5.2837
it  713 steps  70090752 sps   38,071 | ep_ret   10.12 ep_len  975.5 (n=130) | pg -0.009 vf 0.012 kl 0.0158 lr 1.7e-04
[anomaly] it 713: explained variance -1.00 < 0 after warm-up: value function not predicting returns
[anomaly] it 713: terminal-step reward dominates the episode: survival is being punished
[anomaly] it 713: joint limit violated by 0.69 rad
[anomaly] it 713: contact penetration 7.7 cm
terrain it  713 mean_level 5.2878
it  714 steps  70189056 sps   38,071 | ep_ret    9.80 ep_len  987.7 (n=130) | pg -0.006 vf 0.010 kl 0.0137 lr 1.1e-04
[anomaly] it 714: explained variance -2.03 < 0 after warm-up: value function not predicting returns
[anomaly] it 714: terminal-step reward dominates the episode: survival is being punished
[anomaly] it 714: joint limit violated by 0.61 rad
[anomaly] it 714: contact penetration 5.1 cm
terrain it  714 mean_level 5.2966
it  715 steps  70287360 sps   38,071 | ep_ret   10.07 ep_len  980.9 (n=122) | pg -0.009 vf 0.011 kl 0.0129 lr 1.7e-04
[anomaly] it 715: explained variance -1.49 < 0 after warm-up: value function not predicting returns
[anomaly] it 715: terminal-step reward dominates the episode: survival is being punished
[anomaly] it 715: joint limit violated by 0.61 rad
[anomaly] it 715: contact penetration 6.9 cm
terrain it  715 mean_level 5.3025
it  716 steps  70385664 sps   38,071 | ep_ret   10.44 ep_len  993.4 (n=119) | pg -0.009 vf 0.010 kl 0.0136 lr 1.7e-04
[anomaly] it 716: explained variance -3.26 < 0 after warm-up: value function not predicting returns
[anomaly] it 716: terminal-step reward dominates the episode: survival is being punished
[anomaly] it 716: joint limit violated by 0.70 rad
[anomaly] it 716: contact penetration 7.9 cm
terrain it  716 mean_level 5.3108
it  717 steps  70483968 sps   38,071 | ep_ret   10.36 ep_len  990.6 (n=121) | pg -0.009 vf 0.010 kl 0.0160 lr 1.1e-04
[anomaly] it 717: explained variance -2.36 < 0 after warm-up: value function not predicting returns
[anomaly] it 717: terminal-step reward dominates the episode: survival is being punished
[anomaly] it 717: joint limit violated by 0.66 rad
[anomaly] it 717: contact penetration 6.2 cm
terrain it  717 mean_level 5.3137
it  718 steps  70582272 sps   38,071 | ep_ret   10.57 ep_len  989.5 (n=102) | pg -0.010 vf 0.010 kl 0.0124 lr 1.7e-04
[anomaly] it 718: explained variance -3.01 < 0 after warm-up: value function not predicting returns
[anomaly] it 718: terminal-step reward dominates the episode: survival is being punished
[anomaly] it 718: joint limit violated by 0.73 rad
[anomaly] it 718: contact penetration 7.3 cm
terrain it  718 mean_level 5.3179
it  719 steps  70680576 sps   38,071 | ep_ret   10.72 ep_len  994.5 (n=117) | pg -0.009 vf 0.010 kl 0.0157 lr 1.7e-04
[anomaly] it 719: explained variance -2.73 < 0 after warm-up: value function not predicting returns
[anomaly] it 719: terminal-step reward dominates the episode: survival is being punished
[anomaly] it 719: joint limit violated by 0.73 rad
[anomaly] it 719: contact penetration 11.3 cm
terrain it  719 mean_level 5.3213
it  720 steps  70778880 sps   38,070 | ep_ret   10.18 ep_len  984.5 (n=124) | pg -0.008 vf 0.014 kl 0.0152 lr 1.1e-04
[anomaly] it 720: explained variance -1.71 < 0 after warm-up: value function not predicting returns
[anomaly] it 720: terminal-step reward dominates the episode: survival is being punished
[anomaly] it 720: joint limit violated by 0.63 rad
[anomaly] it 720: contact penetration 6.9 cm
terrain it  720 mean_level 5.3237
it  721 steps  70877184 sps   38,070 | ep_ret    9.44 ep_len  973.3 (n=107) | pg -0.008 vf 0.011 kl 0.0152 lr 1.7e-04
[anomaly] it 721: explained variance -1.42 < 0 after warm-up: value function not predicting returns
[anomaly] it 721: terminal-step reward dominates the episode: survival is being punished
[anomaly] it 721: joint limit violated by 0.68 rad
[anomaly] it 721: contact penetration 8.3 cm
terrain it  721 mean_level 5.3340
it  722 steps  70975488 sps   38,070 | ep_ret   10.48 ep_len  992.4 (n=120) | pg -0.008 vf 0.010 kl 0.0144 lr 1.7e-04
[anomaly] it 722: explained variance -3.40 < 0 after warm-up: value function not predicting returns
[anomaly] it 722: terminal-step reward dominates the episode: survival is being punished
[anomaly] it 722: joint limit violated by 0.59 rad
[anomaly] it 722: contact penetration 6.0 cm
terrain it  722 mean_level 5.3362
it  723 steps  71073792 sps   38,070 | ep_ret    9.86 ep_len  995.5 (n=84) | pg -0.010 vf 0.010 kl 0.0160 lr 1.1e-04
[anomaly] it 723: explained variance -3.54 < 0 after warm-up: value function not predicting returns
[anomaly] it 723: terminal-step reward dominates the episode: survival is being punished
[anomaly] it 723: joint limit violated by 0.57 rad
[anomaly] it 723: contact penetration 6.7 cm
terrain it  723 mean_level 5.3411
it  724 steps  71172096 sps   38,069 | ep_ret   10.30 ep_len  989.5 (n=97) | pg -0.010 vf 0.011 kl 0.0128 lr 1.7e-04
[anomaly] it 724: explained variance -2.22 < 0 after warm-up: value function not predicting returns
[anomaly] it 724: terminal-step reward dominates the episode: survival is being punished
[anomaly] it 724: joint limit violated by 0.66 rad
[anomaly] it 724: contact penetration 9.6 cm
terrain it  724 mean_level 5.3521
it  725 steps  71270400 sps   38,069 | ep_ret   10.56 ep_len  987.2 (n=101) | pg -0.006 vf 0.011 kl 0.0152 lr 1.7e-04
[anomaly] it 725: explained variance -2.38 < 0 after warm-up: value function not predicting returns
[anomaly] it 725: terminal-step reward dominates the episode: survival is being punished
[anomaly] it 725: joint limit violated by 0.61 rad
[anomaly] it 725: contact penetration 5.6 cm
terrain it  725 mean_level 5.3596
it  726 steps  71368704 sps   38,068 | ep_ret    9.99 ep_len  982.7 (n=108) | pg -0.008 vf 0.009 kl 0.0151 lr 1.1e-04
[anomaly] it 726: explained variance -1.19 < 0 after warm-up: value function not predicting returns
[anomaly] it 726: terminal-step reward dominates the episode: survival is being punished
[anomaly] it 726: joint limit violated by 0.60 rad
[anomaly] it 726: contact penetration 5.9 cm
[anomaly] it 726: contact force 22119 N > 50x robot weight
terrain it  726 mean_level 5.3667
it  727 steps  71467008 sps   38,068 | ep_ret   10.24 ep_len  989.4 (n=90) | pg -0.008 vf 0.010 kl 0.0153 lr 1.1e-04
[anomaly] it 727: explained variance -1.99 < 0 after warm-up: value function not predicting returns
[anomaly] it 727: terminal-step reward dominates the episode: survival is being punished
[anomaly] it 727: joint limit violated by 0.57 rad
[anomaly] it 727: contact penetration 8.7 cm
[anomaly] it 727: contact force 22130 N > 50x robot weight
terrain it  727 mean_level 5.3718
it  728 steps  71565312 sps   38,068 | ep_ret   10.28 ep_len  980.4 (n=103) | pg -0.009 vf 0.010 kl 0.0132 lr 1.7e-04
[anomaly] it 728: explained variance -3.35 < 0 after warm-up: value function not predicting returns
[anomaly] it 728: terminal-step reward dominates the episode: survival is being punished
[anomaly] it 728: joint limit violated by 0.62 rad
[anomaly] it 728: contact penetration 5.9 cm
[anomaly] it 728: contact force 22130 N > 50x robot weight
terrain it  728 mean_level 5.3694
it  729 steps  71663616 sps   38,068 | ep_ret   10.49 ep_len  988.7 (n=95) | pg -0.008 vf 0.010 kl 0.0154 lr 1.7e-04
[anomaly] it 729: explained variance -1.78 < 0 after warm-up: value function not predicting returns
[anomaly] it 729: terminal-step reward dominates the episode: survival is being punished
[anomaly] it 729: joint limit violated by 0.60 rad
[anomaly] it 729: contact penetration 7.5 cm
[anomaly] it 729: contact force 22153 N > 50x robot weight
terrain it  729 mean_level 5.3740
it  730 steps  71761920 sps   38,068 | ep_ret   10.10 ep_len  991.8 (n=74) | pg -0.009 vf 0.009 kl 0.0138 lr 1.7e-04
[anomaly] it 730: explained variance -3.89 < 0 after warm-up: value function not predicting returns
[anomaly] it 730: terminal-step reward dominates the episode: survival is being punished
[anomaly] it 730: joint limit violated by 0.65 rad
[anomaly] it 730: contact penetration 8.3 cm
terrain it  730 mean_level 5.3779
it  731 steps  71860224 sps   38,067 | ep_ret    9.81 ep_len  983.7 (n=91) | pg -0.009 vf 0.013 kl 0.0168 lr 1.7e-04
[anomaly] it 731: explained variance -2.41 < 0 after warm-up: value function not predicting returns
[anomaly] it 731: terminal-step reward dominates the episode: survival is being punished
[anomaly] it 731: joint limit violated by 0.57 rad
[anomaly] it 731: contact penetration 6.1 cm
terrain it  731 mean_level 5.3838
it  732 steps  71958528 sps   38,067 | ep_ret    8.86 ep_len  941.2 (n=66) | pg -0.009 vf 0.011 kl 0.0170 lr 1.1e-04
[anomaly] it 732: explained variance -1.16 < 0 after warm-up: value function not predicting returns
[anomaly] it 732: terminal-step reward dominates the episode: survival is being punished
[anomaly] it 732: joint limit violated by 0.62 rad
[anomaly] it 732: contact penetration 5.9 cm
terrain it  732 mean_level 5.3870
it  733 steps  72056832 sps   38,067 | ep_ret    9.58 ep_len  982.5 (n=81) | pg -0.009 vf 0.009 kl 0.0172 lr 1.1e-04
[anomaly] it 733: explained variance -1.78 < 0 after warm-up: value function not predicting returns
[anomaly] it 733: terminal-step reward dominates the episode: survival is being punished
[anomaly] it 733: joint limit violated by 0.61 rad
[anomaly] it 733: contact penetration 5.3 cm
terrain it  733 mean_level 5.3916
it  734 steps  72155136 sps   38,066 | ep_ret   10.37 ep_len  992.8 (n=88) | pg -0.009 vf 0.011 kl 0.0137 lr 1.7e-04
[anomaly] it 734: explained variance -2.05 < 0 after warm-up: value function not predicting returns
[anomaly] it 734: terminal-step reward dominates the episode: survival is being punished
[anomaly] it 734: joint limit violated by 0.62 rad
[anomaly] it 734: contact penetration 5.9 cm
terrain it  734 mean_level 5.3948
it  735 steps  72253440 sps   38,066 | ep_ret    9.48 ep_len  966.4 (n=91) | pg -0.007 vf 0.010 kl 0.0123 lr 1.1e-04
[anomaly] it 735: explained variance -2.06 < 0 after warm-up: value function not predicting returns
[anomaly] it 735: terminal-step reward dominates the episode: survival is being punished
[anomaly] it 735: joint limit violated by 0.66 rad
[anomaly] it 735: contact penetration 5.3 cm
terrain it  735 mean_level 5.4001
it  736 steps  72351744 sps   38,066 | ep_ret   10.25 ep_len  980.1 (n=77) | pg -0.008 vf 0.009 kl 0.0128 lr 1.7e-04
[anomaly] it 736: explained variance -2.45 < 0 after warm-up: value function not predicting returns
[anomaly] it 736: terminal-step reward dominates the episode: survival is being punished
[anomaly] it 736: joint limit violated by 0.67 rad
[anomaly] it 736: contact penetration 5.9 cm
terrain it  736 mean_level 5.3987
it  737 steps  72450048 sps   38,065 | ep_ret   10.59 ep_len  993.6 (n=97) | pg -0.007 vf 0.010 kl 0.0133 lr 1.1e-04
[anomaly] it 737: explained variance -2.63 < 0 after warm-up: value function not predicting returns
[anomaly] it 737: terminal-step reward dominates the episode: survival is being punished
[anomaly] it 737: joint limit violated by 0.61 rad
[anomaly] it 737: contact penetration 6.8 cm
terrain it  737 mean_level 5.4094
it  738 steps  72548352 sps   38,065 | ep_ret    9.98 ep_len  966.9 (n=78) | pg -0.010 vf 0.013 kl 0.0138 lr 1.7e-04
[anomaly] it 738: explained variance -1.88 < 0 after warm-up: value function not predicting returns
[anomaly] it 738: terminal-step reward dominates the episode: survival is being punished
[anomaly] it 738: joint limit violated by 0.58 rad
[anomaly] it 738: contact penetration 6.7 cm
terrain it  738 mean_level 5.4141
it  739 steps  72646656 sps   38,065 | ep_ret    9.85 ep_len  967.8 (n=109) | pg -0.009 vf 0.010 kl 0.0156 lr 1.7e-04
[anomaly] it 739: explained variance -1.31 < 0 after warm-up: value function not predicting returns
[anomaly] it 739: terminal-step reward dominates the episode: survival is being punished
[anomaly] it 739: joint limit violated by 0.78 rad
[anomaly] it 739: contact penetration 5.0 cm
[anomaly] it 739: contact force 22156 N > 50x robot weight
terrain it  739 mean_level 5.4214
it  740 steps  72744960 sps   38,064 | ep_ret   10.24 ep_len  967.6 (n=73) | pg -0.007 vf 0.013 kl 0.0159 lr 1.7e-04
[anomaly] it 740: explained variance -1.85 < 0 after warm-up: value function not predicting returns
[anomaly] it 740: terminal-step reward dominates the episode: survival is being punished
[anomaly] it 740: joint limit violated by 0.69 rad
[anomaly] it 740: contact penetration 6.9 cm
terrain it  740 mean_level 5.4285
it  741 steps  72843264 sps   38,064 | ep_ret   10.46 ep_len  988.5 (n=85) | pg -0.006 vf 0.008 kl 0.0136 lr 1.1e-04
[anomaly] it 741: explained variance -2.78 < 0 after warm-up: value function not predicting returns
[anomaly] it 741: terminal-step reward dominates the episode: survival is being punished
[anomaly] it 741: joint limit violated by 0.66 rad
[anomaly] it 741: contact penetration 7.3 cm
[anomaly] it 741: contact force 22183 N > 50x robot weight
terrain it  741 mean_level 5.4331
it  742 steps  72941568 sps   38,064 | ep_ret    9.72 ep_len  991.2 (n=72) | pg -0.010 vf 0.010 kl 0.0146 lr 1.7e-04
[anomaly] it 742: explained variance -1.88 < 0 after warm-up: value function not predicting returns
[anomaly] it 742: terminal-step reward dominates the episode: survival is being punished
[anomaly] it 742: joint limit violated by 0.66 rad
[anomaly] it 742: contact penetration 7.1 cm
[anomaly] it 742: contact force 21832 N > 50x robot weight
terrain it  742 mean_level 5.4336
it  743 steps  73039872 sps   38,064 | ep_ret   10.41 ep_len  987.4 (n=84) | pg -0.008 vf 0.011 kl 0.0155 lr 1.7e-04
[anomaly] it 743: explained variance -3.67 < 0 after warm-up: value function not predicting returns
[anomaly] it 743: terminal-step reward dominates the episode: survival is being punished
[anomaly] it 743: joint limit violated by 0.70 rad
[anomaly] it 743: contact penetration 6.4 cm
terrain it  743 mean_level 5.4390
it  744 steps  73138176 sps   38,064 | ep_ret    9.86 ep_len  974.3 (n=101) | pg -0.007 vf 0.010 kl 0.0162 lr 1.1e-04
[anomaly] it 744: explained variance -1.50 < 0 after warm-up: value function not predicting returns
[anomaly] it 744: terminal-step reward dominates the episode: survival is being punished
[anomaly] it 744: joint limit violated by 0.60 rad
[anomaly] it 744: contact penetration 5.6 cm
[anomaly] it 744: contact force 22180 N > 50x robot weight
terrain it  744 mean_level 5.4495
it  745 steps  73236480 sps   38,063 | ep_ret   10.34 ep_len  974.1 (n=83) | pg -0.009 vf 0.012 kl 0.0138 lr 1.7e-04
[anomaly] it 745: explained variance -1.59 < 0 after warm-up: value function not predicting returns
[anomaly] it 745: terminal-step reward dominates the episode: survival is being punished
[anomaly] it 745: joint limit violated by 0.60 rad
[anomaly] it 745: contact penetration 6.3 cm
terrain it  745 mean_level 5.4583
it  746 steps  73334784 sps   38,063 | ep_ret   10.55 ep_len  985.1 (n=105) | pg -0.007 vf 0.015 kl 0.0171 lr 1.7e-04
[anomaly] it 746: explained variance -1.99 < 0 after warm-up: value function not predicting returns
[anomaly] it 746: terminal-step reward dominates the episode: survival is being punished
[anomaly] it 746: joint limit violated by 0.66 rad
[anomaly] it 746: contact penetration 6.5 cm
terrain it  746 mean_level 5.4609
it  747 steps  73433088 sps   38,063 | ep_ret   10.41 ep_len  966.6 (n=118) | pg -0.009 vf 0.011 kl 0.0170 lr 1.7e-04
[anomaly] it 747: explained variance -1.13 < 0 after warm-up: value function not predicting returns
[anomaly] it 747: terminal-step reward dominates the episode: survival is being punished
[anomaly] it 747: joint limit violated by 0.60 rad
[anomaly] it 747: contact penetration 5.9 cm
terrain it  747 mean_level 5.4670
it  748 steps  73531392 sps   38,062 | ep_ret   11.00 ep_len  984.7 (n=89) | pg -0.006 vf 0.012 kl 0.0147 lr 1.1e-04
[anomaly] it 748: explained variance -1.91 < 0 after warm-up: value function not predicting returns
[anomaly] it 748: terminal-step reward dominates the episode: survival is being punished
[anomaly] it 748: joint limit violated by 0.64 rad
[anomaly] it 748: contact penetration 5.3 cm
terrain it  748 mean_level 5.4724
it  749 steps  73629696 sps   38,062 | ep_ret   10.44 ep_len  965.7 (n=115) | pg -0.008 vf 0.014 kl 0.0159 lr 1.7e-04
[anomaly] it 749: explained variance -1.67 < 0 after warm-up: value function not predicting returns
[anomaly] it 749: terminal-step reward dominates the episode: survival is being punished
[anomaly] it 749: joint limit violated by 0.66 rad
[anomaly] it 749: contact penetration 8.0 cm
terrain it  749 mean_level 5.4724
it  750 steps  73728000 sps   38,062 | ep_ret   10.31 ep_len  974.0 (n=109) | pg -0.008 vf 0.012 kl 0.0149 lr 1.1e-04
[anomaly] it 750: explained variance -2.06 < 0 after warm-up: value function not predicting returns
[anomaly] it 750: terminal-step reward dominates the episode: survival is being punished
[anomaly] it 750: joint limit violated by 0.67 rad
[anomaly] it 750: contact penetration 8.3 cm
terrain it  750 mean_level 5.4768
it  751 steps  73826304 sps   38,061 | ep_ret   11.19 ep_len  991.4 (n=107) | pg -0.008 vf 0.012 kl 0.0142 lr 1.7e-04
[anomaly] it 751: explained variance -3.56 < 0 after warm-up: value function not predicting returns
[anomaly] it 751: terminal-step reward dominates the episode: survival is being punished
[anomaly] it 751: joint limit violated by 0.62 rad
[anomaly] it 751: contact penetration 7.1 cm
[anomaly] it 751: contact force 22118 N > 50x robot weight
terrain it  751 mean_level 5.4800
it  752 steps  73924608 sps   38,061 | ep_ret   10.66 ep_len  967.4 (n=123) | pg -0.006 vf 0.011 kl 0.0129 lr 7.6e-05
[anomaly] it 752: explained variance -1.40 < 0 after warm-up: value function not predicting returns
[anomaly] it 752: terminal-step reward dominates the episode: survival is being punished
[anomaly] it 752: joint limit violated by 0.60 rad
[anomaly] it 752: contact penetration 6.0 cm
terrain it  752 mean_level 5.4900
it  753 steps  74022912 sps   38,061 | ep_ret   11.05 ep_len  996.1 (n=101) | pg -0.009 vf 0.011 kl 0.0133 lr 1.7e-04
[anomaly] it 753: explained variance -2.69 < 0 after warm-up: value function not predicting returns
[anomaly] it 753: terminal-step reward dominates the episode: survival is being punished
[anomaly] it 753: joint limit violated by 0.70 rad
[anomaly] it 753: contact penetration 7.1 cm
terrain it  753 mean_level 5.4934
it  754 steps  74121216 sps   38,060 | ep_ret   11.00 ep_len  982.4 (n=134) | pg -0.006 vf 0.011 kl 0.0158 lr 1.1e-04
[anomaly] it 754: explained variance -3.83 < 0 after warm-up: value function not predicting returns
[anomaly] it 754: terminal-step reward dominates the episode: survival is being punished
[anomaly] it 754: joint limit violated by 0.64 rad
[anomaly] it 754: contact penetration 7.0 cm
terrain it  754 mean_level 5.5020
it  755 steps  74219520 sps   38,060 | ep_ret   10.96 ep_len  989.3 (n=131) | pg -0.008 vf 0.012 kl 0.0130 lr 1.7e-04
[anomaly] it 755: explained variance -2.26 < 0 after warm-up: value function not predicting returns
[anomaly] it 755: terminal-step reward dominates the episode: survival is being punished
[anomaly] it 755: joint limit violated by 0.71 rad
[anomaly] it 755: contact penetration 6.9 cm
[anomaly] it 755: contact force 26956 N > 50x robot weight
terrain it  755 mean_level 5.5120
it  756 steps  74317824 sps   38,059 | ep_ret   10.87 ep_len  986.3 (n=136) | pg -0.007 vf 0.013 kl 0.0121 lr 1.1e-04
[anomaly] it 756: explained variance -2.05 < 0 after warm-up: value function not predicting returns
[anomaly] it 756: terminal-step reward dominates the episode: survival is being punished
[anomaly] it 756: joint limit violated by 0.63 rad
[anomaly] it 756: contact penetration 8.5 cm
terrain it  756 mean_level 5.5112
it  757 steps  74416128 sps   38,059 | ep_ret   10.77 ep_len  960.8 (n=117) | pg -0.008 vf 0.010 kl 0.0151 lr 1.7e-04
[anomaly] it 757: explained variance -0.88 < 0 after warm-up: value function not predicting returns
[anomaly] it 757: terminal-step reward dominates the episode: survival is being punished
[anomaly] it 757: joint limit violated by 0.62 rad
[anomaly] it 757: contact penetration 6.5 cm
terrain it  757 mean_level 5.5171
it  758 steps  74514432 sps   38,058 | ep_ret   10.92 ep_len  979.8 (n=132) | pg -0.007 vf 0.011 kl 0.0160 lr 1.7e-04
[anomaly] it 758: explained variance -1.73 < 0 after warm-up: value function not predicting returns
[anomaly] it 758: terminal-step reward dominates the episode: survival is being punished
[anomaly] it 758: joint limit violated by 0.69 rad
[anomaly] it 758: contact penetration 6.4 cm
terrain it  758 mean_level 5.5149
it  759 steps  74612736 sps   38,058 | ep_ret   10.81 ep_len  980.3 (n=103) | pg -0.009 vf 0.010 kl 0.0157 lr 1.7e-04
[anomaly] it 759: explained variance -1.75 < 0 after warm-up: value function not predicting returns
[anomaly] it 759: terminal-step reward dominates the episode: survival is being punished
[anomaly] it 759: joint limit violated by 0.64 rad
[anomaly] it 759: contact penetration 5.0 cm
terrain it  759 mean_level 5.5195
it  760 steps  74711040 sps   38,058 | ep_ret   11.31 ep_len  987.3 (n=101) | pg -0.009 vf 0.011 kl 0.0150 lr 1.7e-04
[anomaly] it 760: explained variance -1.81 < 0 after warm-up: value function not predicting returns
[anomaly] it 760: terminal-step reward dominates the episode: survival is being punished
[anomaly] it 760: joint limit violated by 0.73 rad
[anomaly] it 760: contact penetration 7.0 cm
terrain it  760 mean_level 5.5256
it  761 steps  74809344 sps   38,057 | ep_ret   11.40 ep_len  994.1 (n=124) | pg -0.008 vf 0.014 kl 0.0145 lr 1.1e-04
[anomaly] it 761: explained variance -3.86 < 0 after warm-up: value function not predicting returns
[anomaly] it 761: terminal-step reward dominates the episode: survival is being punished
[anomaly] it 761: joint limit violated by 0.58 rad
[anomaly] it 761: contact penetration 6.9 cm
terrain it  761 mean_level 5.5369
it  762 steps  74907648 sps   38,057 | ep_ret   10.81 ep_len  974.7 (n=116) | pg -0.008 vf 0.013 kl 0.0153 lr 1.7e-04
[anomaly] it 762: explained variance -2.38 < 0 after warm-up: value function not predicting returns
[anomaly] it 762: terminal-step reward dominates the episode: survival is being punished
[anomaly] it 762: joint limit violated by 0.68 rad
[anomaly] it 762: contact penetration 5.6 cm
terrain it  762 mean_level 5.5415
it  763 steps  75005952 sps   38,057 | ep_ret   10.46 ep_len  957.1 (n=122) | pg -0.007 vf 0.013 kl 0.0171 lr 1.7e-04
[anomaly] it 763: explained variance -0.56 < 0 after warm-up: value function not predicting returns
[anomaly] it 763: terminal-step reward dominates the episode: survival is being punished
[anomaly] it 763: joint limit violated by 0.57 rad
[anomaly] it 763: contact penetration 6.1 cm
terrain it  763 mean_level 5.5410
it  764 steps  75104256 sps   38,056 | ep_ret   10.70 ep_len  987.3 (n=102) | pg -0.008 vf 0.010 kl 0.0152 lr 1.7e-04
[anomaly] it 764: explained variance -2.59 < 0 after warm-up: value function not predicting returns
[anomaly] it 764: terminal-step reward dominates the episode: survival is being punished
[anomaly] it 764: joint limit violated by 0.68 rad
[anomaly] it 764: contact penetration 7.0 cm
[anomaly] it 764: contact force 22181 N > 50x robot weight
terrain it  764 mean_level 5.5481
it  765 steps  75202560 sps   38,056 | ep_ret   11.03 ep_len  990.3 (n=94) | pg -0.007 vf 0.012 kl 0.0156 lr 1.7e-04
[anomaly] it 765: explained variance -2.77 < 0 after warm-up: value function not predicting returns
[anomaly] it 765: terminal-step reward dominates the episode: survival is being punished
[anomaly] it 765: joint limit violated by 0.70 rad
[anomaly] it 765: contact penetration 6.7 cm
[anomaly] it 765: contact force 22188 N > 50x robot weight
terrain it  765 mean_level 5.5483
it  766 steps  75300864 sps   38,056 | ep_ret   11.27 ep_len  986.8 (n=96) | pg -0.009 vf 0.016 kl 0.0142 lr 7.6e-05
[anomaly] it 766: explained variance -3.71 < 0 after warm-up: value function not predicting returns
[anomaly] it 766: terminal-step reward dominates the episode: survival is being punished
[anomaly] it 766: joint limit violated by 0.68 rad
[anomaly] it 766: contact penetration 9.8 cm
[anomaly] it 766: contact force 20869 N > 50x robot weight
terrain it  766 mean_level 5.5520
it  767 steps  75399168 sps   38,055 | ep_ret   10.63 ep_len  973.8 (n=106) | pg -0.008 vf 0.012 kl 0.0154 lr 1.7e-04
[anomaly] it 767: explained variance -2.78 < 0 after warm-up: value function not predicting returns
[anomaly] it 767: terminal-step reward dominates the episode: survival is being punished
[anomaly] it 767: joint limit violated by 0.63 rad
[anomaly] it 767: contact penetration 5.8 cm
terrain it  767 mean_level 5.5581
it  768 steps  75497472 sps   38,055 | ep_ret   10.38 ep_len  969.1 (n=101) | pg -0.008 vf 0.015 kl 0.0147 lr 1.1e-04
[anomaly] it 768: explained variance -1.77 < 0 after warm-up: value function not predicting returns
[anomaly] it 768: terminal-step reward dominates the episode: survival is being punished
[anomaly] it 768: joint limit violated by 0.68 rad
[anomaly] it 768: contact penetration 7.0 cm
[anomaly] it 768: contact force 21907 N > 50x robot weight
terrain it  768 mean_level 5.5630
it  769 steps  75595776 sps   38,055 | ep_ret   10.50 ep_len  983.9 (n=96) | pg -0.008 vf 0.011 kl 0.0139 lr 1.1e-04
[anomaly] it 769: explained variance -2.89 < 0 after warm-up: value function not predicting returns
[anomaly] it 769: terminal-step reward dominates the episode: survival is being punished
[anomaly] it 769: joint limit violated by 0.61 rad
[anomaly] it 769: contact penetration 7.1 cm
[anomaly] it 769: contact force 21709 N > 50x robot weight
terrain it  769 mean_level 5.5657
it  770 steps  75694080 sps   38,055 | ep_ret   10.72 ep_len  970.5 (n=93) | pg -0.008 vf 0.014 kl 0.0155 lr 1.7e-04
[anomaly] it 770: explained variance -2.06 < 0 after warm-up: value function not predicting returns
[anomaly] it 770: terminal-step reward dominates the episode: survival is being punished
[anomaly] it 770: joint limit violated by 0.72 rad
[anomaly] it 770: contact penetration 7.4 cm
[anomaly] it 770: contact force 22040 N > 50x robot weight
terrain it  770 mean_level 5.5718
it  771 steps  75792384 sps   38,054 | ep_ret   10.41 ep_len  957.4 (n=88) | pg -0.010 vf 0.010 kl 0.0151 lr 1.7e-04
[anomaly] it 771: explained variance -2.02 < 0 after warm-up: value function not predicting returns
[anomaly] it 771: terminal-step reward dominates the episode: survival is being punished
[anomaly] it 771: joint limit violated by 0.72 rad
[anomaly] it 771: contact penetration 7.2 cm
[anomaly] it 771: contact force 21626 N > 50x robot weight
terrain it  771 mean_level 5.5745
it  772 steps  75890688 sps   38,054 | ep_ret   10.89 ep_len  990.0 (n=78) | pg -0.008 vf 0.011 kl 0.0156 lr 1.1e-04
[anomaly] it 772: explained variance -1.82 < 0 after warm-up: value function not predicting returns
[anomaly] it 772: terminal-step reward dominates the episode: survival is being punished
[anomaly] it 772: joint limit violated by 0.60 rad
[anomaly] it 772: contact penetration 5.5 cm
[anomaly] it 772: contact force 22130 N > 50x robot weight
terrain it  772 mean_level 5.5740
it  773 steps  75988992 sps   38,054 | ep_ret   10.67 ep_len  993.0 (n=84) | pg -0.008 vf 0.014 kl 0.0129 lr 7.6e-05
[anomaly] it 773: explained variance -4.35 < 0 after warm-up: value function not predicting returns
[anomaly] it 773: terminal-step reward dominates the episode: survival is being punished
[anomaly] it 773: joint limit violated by 0.70 rad
[anomaly] it 773: contact penetration 5.5 cm
terrain it  773 mean_level 5.5696
it  774 steps  76087296 sps   38,053 | ep_ret   10.23 ep_len  966.2 (n=82) | pg -0.009 vf 0.011 kl 0.0155 lr 1.7e-04
[anomaly] it 774: explained variance -2.39 < 0 after warm-up: value function not predicting returns
[anomaly] it 774: terminal-step reward dominates the episode: survival is being punished
[anomaly] it 774: joint limit violated by 0.59 rad
[anomaly] it 774: contact penetration 6.8 cm
[anomaly] it 774: contact force 22098 N > 50x robot weight
terrain it  774 mean_level 5.5740
it  775 steps  76185600 sps   38,053 | ep_ret   10.14 ep_len  978.6 (n=80) | pg -0.007 vf 0.014 kl 0.0135 lr 7.6e-05
[anomaly] it 775: explained variance -1.56 < 0 after warm-up: value function not predicting returns
[anomaly] it 775: terminal-step reward dominates the episode: survival is being punished
[anomaly] it 775: joint limit violated by 0.61 rad
[anomaly] it 775: contact penetration 5.9 cm
terrain it  775 mean_level 5.5801
it  776 steps  76283904 sps   38,053 | ep_ret   10.20 ep_len  969.4 (n=85) | pg -0.008 vf 0.012 kl 0.0149 lr 1.7e-04
[anomaly] it 776: explained variance -1.77 < 0 after warm-up: value function not predicting returns
[anomaly] it 776: terminal-step reward dominates the episode: survival is being punished
[anomaly] it 776: joint limit violated by 0.64 rad
[anomaly] it 776: contact penetration 6.2 cm
[anomaly] it 776: contact force 21472 N > 50x robot weight
terrain it  776 mean_level 5.5879
it  777 steps  76382208 sps   38,052 | ep_ret   10.51 ep_len  981.1 (n=87) | pg -0.001 vf 0.010 kl 0.0152 lr 3.4e-05
[anomaly] it 777: explained variance -2.68 < 0 after warm-up: value function not predicting returns
[anomaly] it 777: terminal-step reward dominates the episode: survival is being punished
[anomaly] it 777: joint limit violated by 0.79 rad
[anomaly] it 777: contact penetration 6.8 cm
terrain it  777 mean_level 5.5845
it  778 steps  76480512 sps   38,052 | ep_ret   10.80 ep_len  987.7 (n=81) | pg -0.007 vf 0.012 kl 0.0101 lr 7.6e-05
[anomaly] it 778: explained variance -3.61 < 0 after warm-up: value function not predicting returns
[anomaly] it 778: terminal-step reward dominates the episode: survival is being punished
[anomaly] it 778: joint limit violated by 0.67 rad
[anomaly] it 778: contact penetration 5.6 cm
[anomaly] it 778: contact force 22612 N > 50x robot weight
terrain it  778 mean_level 5.5857
it  779 steps  76578816 sps   38,051 | ep_ret   11.15 ep_len  984.4 (n=87) | pg -0.009 vf 0.011 kl 0.0154 lr 1.7e-04
[anomaly] it 779: explained variance -3.03 < 0 after warm-up: value function not predicting returns
[anomaly] it 779: terminal-step reward dominates the episode: survival is being punished
[anomaly] it 779: joint limit violated by 0.59 rad
[anomaly] it 779: contact penetration 5.9 cm
[anomaly] it 779: contact force 22152 N > 50x robot weight
terrain it  779 mean_level 5.5881
it  780 steps  76677120 sps   38,051 | ep_ret   10.65 ep_len  967.3 (n=94) | pg -0.005 vf 0.014 kl 0.0157 lr 7.6e-05
[anomaly] it 780: explained variance -1.09 < 0 after warm-up: value function not predicting returns
[anomaly] it 780: terminal-step reward dominates the episode: survival is being punished
[anomaly] it 780: joint limit violated by 0.67 rad
[anomaly] it 780: contact penetration 7.7 cm
[anomaly] it 780: contact force 22168 N > 50x robot weight
terrain it  780 mean_level 5.5918
it  781 steps  76775424 sps   38,051 | ep_ret   10.53 ep_len  985.8 (n=91) | pg -0.008 vf 0.010 kl 0.0145 lr 7.6e-05
[anomaly] it 781: explained variance -2.35 < 0 after warm-up: value function not predicting returns
[anomaly] it 781: terminal-step reward dominates the episode: survival is being punished
[anomaly] it 781: joint limit violated by 0.62 rad
[anomaly] it 781: contact penetration 5.9 cm
terrain it  781 mean_level 5.5925
it  782 steps  76873728 sps   38,050 | ep_ret   10.50 ep_len  966.8 (n=90) | pg -0.010 vf 0.012 kl 0.0132 lr 1.7e-04
[anomaly] it 782: explained variance -1.65 < 0 after warm-up: value function not predicting returns
[anomaly] it 782: terminal-step reward dominates the episode: survival is being punished
[anomaly] it 782: joint limit violated by 0.68 rad
[anomaly] it 782: contact penetration 8.4 cm
terrain it  782 mean_level 5.5952
it  783 steps  76972032 sps   38,050 | ep_ret   10.21 ep_len  977.6 (n=73) | pg -0.009 vf 0.011 kl 0.0131 lr 1.1e-04
[anomaly] it 783: explained variance -2.13 < 0 after warm-up: value function not predicting returns
[anomaly] it 783: terminal-step reward dominates the episode: survival is being punished
[anomaly] it 783: joint limit violated by 0.65 rad
[anomaly] it 783: contact penetration 5.1 cm
terrain it  783 mean_level 5.5996
it  784 steps  77070336 sps   38,050 | ep_ret   11.23 ep_len  996.9 (n=74) | pg -0.008 vf 0.012 kl 0.0139 lr 1.1e-04
[anomaly] it 784: explained variance -3.11 < 0 after warm-up: value function not predicting returns
[anomaly] it 784: terminal-step reward dominates the episode: survival is being punished
[anomaly] it 784: joint limit violated by 0.83 rad
[anomaly] it 784: contact penetration 5.4 cm
terrain it  784 mean_level 5.5979
it  785 steps  77168640 sps   38,049 | ep_ret   10.85 ep_len  986.6 (n=86) | pg -0.009 vf 0.013 kl 0.0148 lr 1.7e-04
[anomaly] it 785: explained variance -2.33 < 0 after warm-up: value function not predicting returns
[anomaly] it 785: terminal-step reward dominates the episode: survival is being punished
[anomaly] it 785: joint limit violated by 0.66 rad
[anomaly] it 785: contact penetration 6.2 cm
[anomaly] it 785: contact force 22845 N > 50x robot weight
terrain it  785 mean_level 5.6057
it  786 steps  77266944 sps   38,049 | ep_ret   10.36 ep_len  987.8 (n=97) | pg -0.008 vf 0.012 kl 0.0134 lr 1.1e-04
[anomaly] it 786: explained variance -3.16 < 0 after warm-up: value function not predicting returns
[anomaly] it 786: terminal-step reward dominates the episode: survival is being punished
[anomaly] it 786: joint limit violated by 0.73 rad
[anomaly] it 786: contact penetration 7.2 cm
terrain it  786 mean_level 5.6028
it  787 steps  77365248 sps   38,049 | ep_ret   10.43 ep_len  973.7 (n=81) | pg -0.009 vf 0.010 kl 0.0135 lr 1.7e-04
[anomaly] it 787: explained variance -2.10 < 0 after warm-up: value function not predicting returns
[anomaly] it 787: terminal-step reward dominates the episode: survival is being punished
[anomaly] it 787: joint limit violated by 0.66 rad
[anomaly] it 787: contact penetration 5.4 cm
terrain it  787 mean_level 5.6064
it  788 steps  77463552 sps   38,048 | ep_ret   11.17 ep_len  982.4 (n=105) | pg -0.006 vf 0.011 kl 0.0130 lr 1.1e-04
[anomaly] it 788: explained variance -2.37 < 0 after warm-up: value function not predicting returns
[anomaly] it 788: terminal-step reward dominates the episode: survival is being punished
[anomaly] it 788: joint limit violated by 0.59 rad
[anomaly] it 788: contact penetration 6.2 cm
terrain it  788 mean_level 5.6086
it  789 steps  77561856 sps   38,048 | ep_ret   11.03 ep_len  979.5 (n=112) | pg -0.010 vf 0.010 kl 0.0122 lr 1.7e-04
[anomaly] it 789: explained variance -1.71 < 0 after warm-up: value function not predicting returns
[anomaly] it 789: terminal-step reward dominates the episode: survival is being punished
[anomaly] it 789: joint limit violated by 0.71 rad
[anomaly] it 789: contact penetration 9.3 cm
terrain it  789 mean_level 5.6101
it  790 steps  77660160 sps   38,048 | ep_ret   11.29 ep_len  994.6 (n=98) | pg -0.008 vf 0.012 kl 0.0148 lr 1.1e-04
[anomaly] it 790: explained variance -2.58 < 0 after warm-up: value function not predicting returns
[anomaly] it 790: terminal-step reward dominates the episode: survival is being punished
[anomaly] it 790: joint limit violated by 0.60 rad
[anomaly] it 790: contact penetration 5.4 cm
terrain it  790 mean_level 5.6147
it  791 steps  77758464 sps   38,047 | ep_ret   11.02 ep_len  980.8 (n=113) | pg -0.009 vf 0.012 kl 0.0138 lr 1.1e-04
[anomaly] it 791: explained variance -1.71 < 0 after warm-up: value function not predicting returns
[anomaly] it 791: terminal-step reward dominates the episode: survival is being punished
[anomaly] it 791: joint limit violated by 0.64 rad
[anomaly] it 791: contact penetration 8.9 cm
terrain it  791 mean_level 5.6167
it  792 steps  77856768 sps   38,047 | ep_ret   11.15 ep_len  977.2 (n=117) | pg -0.007 vf 0.012 kl 0.0143 lr 1.1e-04
[anomaly] it 792: explained variance -1.40 < 0 after warm-up: value function not predicting returns
[anomaly] it 792: terminal-step reward dominates the episode: survival is being punished
[anomaly] it 792: joint limit violated by 0.63 rad
[anomaly] it 792: contact penetration 5.3 cm
[anomaly] it 792: contact force 22185 N > 50x robot weight
terrain it  792 mean_level 5.6218
it  793 steps  77955072 sps   38,047 | ep_ret   11.01 ep_len  978.0 (n=116) | pg -0.008 vf 0.011 kl 0.0138 lr 1.7e-04
[anomaly] it 793: explained variance -1.58 < 0 after warm-up: value function not predicting returns
[anomaly] it 793: terminal-step reward dominates the episode: survival is being punished
[anomaly] it 793: joint limit violated by 0.69 rad
[anomaly] it 793: contact penetration 6.7 cm
[anomaly] it 793: contact force 22107 N > 50x robot weight
terrain it  793 mean_level 5.6238
it  794 steps  78053376 sps   38,047 | ep_ret   11.82 ep_len  998.8 (n=109) | pg -0.009 vf 0.013 kl 0.0147 lr 1.1e-04
[anomaly] it 794: explained variance -3.84 < 0 after warm-up: value function not predicting returns
[anomaly] it 794: terminal-step reward dominates the episode: survival is being punished
[anomaly] it 794: joint limit violated by 0.65 rad
[anomaly] it 794: contact penetration 10.1 cm
[anomaly] it 794: contact force 22181 N > 50x robot weight
terrain it  794 mean_level 5.6262
it  795 steps  78151680 sps   38,046 | ep_ret   10.90 ep_len  968.3 (n=115) | pg -0.008 vf 0.013 kl 0.0158 lr 1.7e-04
[anomaly] it 795: explained variance -1.30 < 0 after warm-up: value function not predicting returns
[anomaly] it 795: terminal-step reward dominates the episode: survival is being punished
[anomaly] it 795: joint limit violated by 0.59 rad
[anomaly] it 795: contact penetration 8.1 cm
[anomaly] it 795: contact force 20950 N > 50x robot weight
terrain it  795 mean_level 5.6282
it  796 steps  78249984 sps   38,046 | ep_ret   11.58 ep_len  992.8 (n=130) | pg -0.009 vf 0.014 kl 0.0140 lr 1.1e-04
[anomaly] it 796: explained variance -3.60 < 0 after warm-up: value function not predicting returns
[anomaly] it 796: terminal-step reward dominates the episode: survival is being punished
[anomaly] it 796: joint limit violated by 0.76 rad
[anomaly] it 796: contact penetration 8.0 cm
[anomaly] it 796: contact force 21281 N > 50x robot weight
terrain it  796 mean_level 5.6287
it  797 steps  78348288 sps   38,046 | ep_ret   10.62 ep_len  964.6 (n=129) | pg -0.009 vf 0.015 kl 0.0144 lr 1.7e-04
[anomaly] it 797: explained variance -1.45 < 0 after warm-up: value function not predicting returns
[anomaly] it 797: terminal-step reward dominates the episode: survival is being punished
[anomaly] it 797: joint limit violated by 0.68 rad
[anomaly] it 797: contact penetration 5.4 cm
[anomaly] it 797: contact force 21873 N > 50x robot weight
terrain it  797 mean_level 5.6289
it  798 steps  78446592 sps   38,046 | ep_ret   11.19 ep_len  965.1 (n=123) | pg -0.006 vf 0.013 kl 0.0147 lr 1.1e-04
[anomaly] it 798: explained variance -1.21 < 0 after warm-up: value function not predicting returns
[anomaly] it 798: terminal-step reward dominates the episode: survival is being punished
[anomaly] it 798: joint limit violated by 0.63 rad
[anomaly] it 798: contact penetration 5.8 cm
terrain it  798 mean_level 5.6243
it  799 steps  78544896 sps   38,045 | ep_ret   10.99 ep_len  980.4 (n=140) | pg -0.009 vf 0.011 kl 0.0139 lr 1.7e-04
[anomaly] it 799: explained variance -1.43 < 0 after warm-up: value function not predicting returns
[anomaly] it 799: terminal-step reward dominates the episode: survival is being punished
[anomaly] it 799: joint limit violated by 0.61 rad
[anomaly] it 799: contact penetration 6.4 cm
terrain it  799 mean_level 5.6299
it  800 steps  78643200 sps   38,044 | ep_ret   11.43 ep_len  985.8 (n=107) | pg -0.010 vf 0.012 kl 0.0163 lr 1.1e-04
[anomaly] it 800: explained variance -3.35 < 0 after warm-up: value function not predicting returns
[anomaly] it 800: terminal-step reward dominates the episode: survival is being punished
[anomaly] it 800: joint limit violated by 0.67 rad
[anomaly] it 800: contact penetration 6.5 cm
terrain it  800 mean_level 5.6343
it  801 steps  78741504 sps   38,044 | ep_ret   11.56 ep_len  996.0 (n=108) | pg -0.008 vf 0.013 kl 0.0138 lr 1.1e-04
[anomaly] it 801: explained variance -3.38 < 0 after warm-up: value function not predicting returns
[anomaly] it 801: terminal-step reward dominates the episode: survival is being punished
[anomaly] it 801: joint limit violated by 0.69 rad
[anomaly] it 801: contact penetration 7.4 cm
terrain it  801 mean_level 5.6360
it  802 steps  78839808 sps   38,043 | ep_ret   11.49 ep_len  984.6 (n=99) | pg -0.009 vf 0.013 kl 0.0136 lr 1.7e-04
[anomaly] it 802: explained variance -2.20 < 0 after warm-up: value function not predicting returns
[anomaly] it 802: terminal-step reward dominates the episode: survival is being punished
[anomaly] it 802: joint limit violated by 0.71 rad
[anomaly] it 802: contact penetration 7.6 cm
[anomaly] it 802: contact force 22170 N > 50x robot weight
terrain it  802 mean_level 5.6348
it  803 steps  78938112 sps   38,043 | ep_ret   11.30 ep_len  976.6 (n=139) | pg -0.007 vf 0.015 kl 0.0181 lr 1.7e-04
[anomaly] it 803: explained variance -2.45 < 0 after warm-up: value function not predicting returns
[anomaly] it 803: terminal-step reward dominates the episode: survival is being punished
[anomaly] it 803: joint limit violated by 0.71 rad
[anomaly] it 803: contact penetration 8.4 cm
terrain it  803 mean_level 5.6299
it  804 steps  79036416 sps   38,043 | ep_ret   10.58 ep_len  960.2 (n=108) | pg -0.009 vf 0.012 kl 0.0150 lr 1.7e-04
[anomaly] it 804: explained variance -1.36 < 0 after warm-up: value function not predicting returns
[anomaly] it 804: terminal-step reward dominates the episode: survival is being punished
[anomaly] it 804: joint limit violated by 0.59 rad
[anomaly] it 804: contact penetration 8.2 cm
terrain it  804 mean_level 5.6333
it  805 steps  79134720 sps   38,043 | ep_ret   11.69 ep_len  992.8 (n=114) | pg -0.006 vf 0.011 kl 0.0148 lr 7.6e-05
[anomaly] it 805: explained variance -3.26 < 0 after warm-up: value function not predicting returns
[anomaly] it 805: terminal-step reward dominates the episode: survival is being punished
[anomaly] it 805: joint limit violated by 0.75 rad
[anomaly] it 805: contact penetration 8.3 cm
terrain it  805 mean_level 5.6360
it  806 steps  79233024 sps   38,042 | ep_ret   10.45 ep_len  975.6 (n=102) | pg -0.009 vf 0.014 kl 0.0144 lr 1.7e-04
[anomaly] it 806: explained variance -2.22 < 0 after warm-up: value function not predicting returns
[anomaly] it 806: terminal-step reward dominates the episode: survival is being punished
[anomaly] it 806: joint limit violated by 0.61 rad
[anomaly] it 806: contact penetration 6.9 cm
terrain it  806 mean_level 5.6450
it  807 steps  79331328 sps   38,042 | ep_ret   10.97 ep_len  962.3 (n=101) | pg -0.008 vf 0.012 kl 0.0148 lr 1.7e-04
[anomaly] it 807: explained variance -1.42 < 0 after warm-up: value function not predicting returns
[anomaly] it 807: terminal-step reward dominates the episode: survival is being punished
[anomaly] it 807: joint limit violated by 0.68 rad
[anomaly] it 807: contact penetration 5.6 cm
terrain it  807 mean_level 5.6465
it  808 steps  79429632 sps   38,042 | ep_ret   11.01 ep_len  983.5 (n=98) | pg -0.009 vf 0.011 kl 0.0170 lr 1.7e-04
[anomaly] it 808: explained variance -3.19 < 0 after warm-up: value function not predicting returns
[anomaly] it 808: terminal-step reward dominates the episode: survival is being punished
[anomaly] it 808: joint limit violated by 0.68 rad
[anomaly] it 808: contact penetration 5.8 cm
terrain it  808 mean_level 5.6489
it  809 steps  79527936 sps   38,042 | ep_ret   10.72 ep_len  994.1 (n=109) | pg -0.008 vf 0.010 kl 0.0160 lr 1.7e-04
[anomaly] it 809: explained variance -1.73 < 0 after warm-up: value function not predicting returns
[anomaly] it 809: terminal-step reward dominates the episode: survival is being punished
[anomaly] it 809: joint limit violated by 0.64 rad
[anomaly] it 809: contact penetration 6.9 cm
terrain it  809 mean_level 5.6567
it  810 steps  79626240 sps   38,042 | ep_ret   11.37 ep_len  989.1 (n=90) | pg -0.006 vf 0.011 kl 0.0125 lr 1.1e-04
[anomaly] it 810: explained variance -2.33 < 0 after warm-up: value function not predicting returns
[anomaly] it 810: terminal-step reward dominates the episode: survival is being punished
[anomaly] it 810: joint limit violated by 0.61 rad
[anomaly] it 810: contact penetration 6.8 cm
terrain it  810 mean_level 5.6594
it  811 steps  79724544 sps   38,041 | ep_ret   11.37 ep_len  993.2 (n=106) | pg -0.009 vf 0.009 kl 0.0137 lr 1.1e-04
[anomaly] it 811: explained variance -2.04 < 0 after warm-up: value function not predicting returns
[anomaly] it 811: terminal-step reward dominates the episode: survival is being punished
[anomaly] it 811: joint limit violated by 0.66 rad
[anomaly] it 811: contact penetration 6.9 cm
terrain it  811 mean_level 5.6604
it  812 steps  79822848 sps   38,041 | ep_ret   11.36 ep_len  985.0 (n=94) | pg -0.009 vf 0.009 kl 0.0155 lr 1.7e-04
[anomaly] it 812: explained variance -2.57 < 0 after warm-up: value function not predicting returns
[anomaly] it 812: terminal-step reward dominates the episode: survival is being punished
[anomaly] it 812: joint limit violated by 0.58 rad
[anomaly] it 812: contact penetration 6.5 cm
terrain it  812 mean_level 5.6580
it  813 steps  79921152 sps   38,040 | ep_ret   11.54 ep_len  992.6 (n=70) | pg -0.009 vf 0.012 kl 0.0156 lr 1.7e-04
[anomaly] it 813: explained variance -3.18 < 0 after warm-up: value function not predicting returns
[anomaly] it 813: terminal-step reward dominates the episode: survival is being punished
[anomaly] it 813: joint limit violated by 0.64 rad
[anomaly] it 813: contact penetration 6.5 cm
terrain it  813 mean_level 5.6575
it  814 steps  80019456 sps   38,040 | ep_ret   10.91 ep_len  980.7 (n=83) | pg -0.006 vf 0.011 kl 0.0158 lr 1.7e-04
[anomaly] it 814: explained variance -2.52 < 0 after warm-up: value function not predicting returns
[anomaly] it 814: terminal-step reward dominates the episode: survival is being punished
[anomaly] it 814: joint limit violated by 0.83 rad
[anomaly] it 814: contact penetration 6.0 cm
terrain it  814 mean_level 5.6555
it  815 steps  80117760 sps   38,040 | ep_ret   10.80 ep_len  978.4 (n=85) | pg -0.008 vf 0.011 kl 0.0166 lr 1.7e-04
[anomaly] it 815: explained variance -1.70 < 0 after warm-up: value function not predicting returns
[anomaly] it 815: terminal-step reward dominates the episode: survival is being punished
[anomaly] it 815: joint limit violated by 0.69 rad
[anomaly] it 815: contact penetration 5.5 cm
terrain it  815 mean_level 5.6582
it  816 steps  80216064 sps   38,040 | ep_ret   10.48 ep_len  974.0 (n=78) | pg -0.008 vf 0.008 kl 0.0158 lr 1.7e-04
[anomaly] it 816: explained variance -1.29 < 0 after warm-up: value function not predicting returns
[anomaly] it 816: terminal-step reward dominates the episode: survival is being punished
[anomaly] it 816: joint limit violated by 0.68 rad
[anomaly] it 816: contact penetration 7.0 cm
terrain it  816 mean_level 5.6643
it  817 steps  80314368 sps   38,040 | ep_ret   10.89 ep_len  984.8 (n=86) | pg -0.007 vf 0.012 kl 0.0170 lr 1.7e-04
[anomaly] it 817: explained variance -1.82 < 0 after warm-up: value function not predicting returns
[anomaly] it 817: terminal-step reward dominates the episode: survival is being punished
[anomaly] it 817: joint limit violated by 0.65 rad
[anomaly] it 817: contact penetration 8.5 cm
terrain it  817 mean_level 5.6646
it  818 steps  80412672 sps   38,040 | ep_ret   11.32 ep_len  990.9 (n=85) | pg -0.005 vf 0.011 kl 0.0141 lr 1.1e-04
[anomaly] it 818: explained variance -2.77 < 0 after warm-up: value function not predicting returns
[anomaly] it 818: terminal-step reward dominates the episode: survival is being punished
[anomaly] it 818: joint limit violated by 0.65 rad
[anomaly] it 818: contact penetration 5.0 cm
terrain it  818 mean_level 5.6604
it  819 steps  80510976 sps   38,039 | ep_ret   10.75 ep_len  993.4 (n=80) | pg -0.009 vf 0.012 kl 0.0130 lr 1.7e-04
[anomaly] it 819: explained variance -3.40 < 0 after warm-up: value function not predicting returns
[anomaly] it 819: terminal-step reward dominates the episode: survival is being punished
[anomaly] it 819: joint limit violated by 0.65 rad
[anomaly] it 819: contact penetration 8.1 cm
terrain it  819 mean_level 5.6633
it  820 steps  80609280 sps   38,039 | ep_ret   10.92 ep_len  972.5 (n=83) | pg -0.009 vf 0.011 kl 0.0143 lr 1.1e-04
[anomaly] it 820: explained variance -1.95 < 0 after warm-up: value function not predicting returns
[anomaly] it 820: terminal-step reward dominates the episode: survival is being punished
[anomaly] it 820: joint limit violated by 0.76 rad
[anomaly] it 820: contact penetration 6.4 cm
terrain it  820 mean_level 5.6687
it  821 steps  80707584 sps   38,039 | ep_ret   11.01 ep_len  991.7 (n=83) | pg -0.010 vf 0.009 kl 0.0126 lr 1.7e-04
[anomaly] it 821: explained variance -2.10 < 0 after warm-up: value function not predicting returns
[anomaly] it 821: terminal-step reward dominates the episode: survival is being punished
[anomaly] it 821: joint limit violated by 0.64 rad
[anomaly] it 821: contact penetration 6.6 cm
terrain it  821 mean_level 5.6765
it  822 steps  80805888 sps   38,039 | ep_ret   11.00 ep_len  992.8 (n=86) | pg -0.009 vf 0.010 kl 0.0172 lr 1.7e-04
[anomaly] it 822: explained variance -2.03 < 0 after warm-up: value function not predicting returns
[anomaly] it 822: terminal-step reward dominates the episode: survival is being punished
[anomaly] it 822: joint limit violated by 0.64 rad
[anomaly] it 822: contact penetration 6.6 cm
terrain it  822 mean_level 5.6780
it  823 steps  80904192 sps   38,039 | ep_ret   11.27 ep_len 1000.0 (n=85) | pg -0.008 vf 0.010 kl 0.0156 lr 1.7e-04
[anomaly] it 823: explained variance -4.10 < 0 after warm-up: value function not predicting returns
[anomaly] it 823: joint limit violated by 0.68 rad
[anomaly] it 823: contact penetration 9.4 cm
terrain it  823 mean_level 5.6851
it  824 steps  81002496 sps   38,038 | ep_ret   10.98 ep_len  973.8 (n=91) | pg -0.005 vf 0.012 kl 0.0148 lr 1.1e-04
[anomaly] it 824: explained variance -1.97 < 0 after warm-up: value function not predicting returns
[anomaly] it 824: terminal-step reward dominates the episode: survival is being punished
[anomaly] it 824: joint limit violated by 0.66 rad
[anomaly] it 824: contact penetration 5.7 cm
terrain it  824 mean_level 5.6899
it  825 steps  81100800 sps   38,038 | ep_ret   10.29 ep_len  951.7 (n=76) | pg -0.007 vf 0.012 kl 0.0138 lr 1.7e-04
[anomaly] it 825: explained variance -1.56 < 0 after warm-up: value function not predicting returns
[anomaly] it 825: terminal-step reward dominates the episode: survival is being punished
[anomaly] it 825: joint limit violated by 0.60 rad
[anomaly] it 825: contact penetration 7.5 cm
terrain it  825 mean_level 5.6882
it  826 steps  81199104 sps   38,038 | ep_ret   10.70 ep_len  960.3 (n=73) | pg -0.007 vf 0.017 kl 0.0155 lr 1.1e-04
[anomaly] it 826: explained variance -1.59 < 0 after warm-up: value function not predicting returns
[anomaly] it 826: terminal-step reward dominates the episode: survival is being punished
[anomaly] it 826: joint limit violated by 0.61 rad
[anomaly] it 826: contact penetration 7.2 cm
terrain it  826 mean_level 5.6897
it  827 steps  81297408 sps   38,038 | ep_ret   10.78 ep_len  960.6 (n=91) | pg -0.009 vf 0.012 kl 0.0147 lr 1.7e-04
[anomaly] it 827: explained variance -2.30 < 0 after warm-up: value function not predicting returns
[anomaly] it 827: terminal-step reward dominates the episode: survival is being punished
[anomaly] it 827: joint limit violated by 0.74 rad
[anomaly] it 827: contact penetration 5.7 cm
terrain it  827 mean_level 5.6875
it  828 steps  81395712 sps   38,038 | ep_ret   10.90 ep_len  972.9 (n=97) | pg -0.007 vf 0.013 kl 0.0164 lr 7.6e-05
[anomaly] it 828: explained variance -1.70 < 0 after warm-up: value function not predicting returns
[anomaly] it 828: terminal-step reward dominates the episode: survival is being punished
[anomaly] it 828: joint limit violated by 0.66 rad
[anomaly] it 828: contact penetration 5.3 cm
terrain it  828 mean_level 5.6921
it  829 steps  81494016 sps   38,037 | ep_ret   11.07 ep_len  973.1 (n=92) | pg -0.001 vf 0.012 kl 0.0125 lr 3.4e-05
[anomaly] it 829: explained variance -2.82 < 0 after warm-up: value function not predicting returns
[anomaly] it 829: terminal-step reward dominates the episode: survival is being punished
[anomaly] it 829: joint limit violated by 0.64 rad
[anomaly] it 829: contact penetration 8.9 cm
terrain it  829 mean_level 5.6951
it  830 steps  81592320 sps   38,037 | ep_ret   11.30 ep_len  995.3 (n=111) | pg -0.009 vf 0.010 kl 0.0090 lr 7.6e-05
[anomaly] it 830: explained variance -1.38 < 0 after warm-up: value function not predicting returns
[anomaly] it 830: terminal-step reward dominates the episode: survival is being punished
[anomaly] it 830: joint limit violated by 0.69 rad
[anomaly] it 830: contact penetration 7.8 cm
terrain it  830 mean_level 5.7036
it  831 steps  81690624 sps   38,037 | ep_ret   11.63 ep_len  992.5 (n=90) | pg -0.008 vf 0.011 kl 0.0157 lr 1.7e-04
[anomaly] it 831: explained variance -2.40 < 0 after warm-up: value function not predicting returns
[anomaly] it 831: terminal-step reward dominates the episode: survival is being punished
[anomaly] it 831: joint limit violated by 0.67 rad
[anomaly] it 831: contact penetration 8.1 cm
terrain it  831 mean_level 5.7065
it  832 steps  81788928 sps   38,037 | ep_ret   11.18 ep_len  989.0 (n=112) | pg -0.008 vf 0.010 kl 0.0147 lr 1.1e-04
[anomaly] it 832: explained variance -1.87 < 0 after warm-up: value function not predicting returns
[anomaly] it 832: terminal-step reward dominates the episode: survival is being punished
[anomaly] it 832: joint limit violated by 0.68 rad
[anomaly] it 832: contact penetration 6.4 cm
terrain it  832 mean_level 5.7097
it  833 steps  81887232 sps   38,036 | ep_ret   11.44 ep_len  988.9 (n=106) | pg -0.008 vf 0.013 kl 0.0127 lr 1.1e-04
[anomaly] it 833: explained variance -2.28 < 0 after warm-up: value function not predicting returns
[anomaly] it 833: terminal-step reward dominates the episode: survival is being punished
[anomaly] it 833: joint limit violated by 0.70 rad
[anomaly] it 833: contact penetration 6.4 cm
terrain it  833 mean_level 5.7153
it  834 steps  81985536 sps   38,036 | ep_ret   11.51 ep_len  977.4 (n=115) | pg -0.008 vf 0.014 kl 0.0145 lr 1.1e-04
[anomaly] it 834: explained variance -1.98 < 0 after warm-up: value function not predicting returns
[anomaly] it 834: terminal-step reward dominates the episode: survival is being punished
[anomaly] it 834: joint limit violated by 0.66 rad
[anomaly] it 834: contact penetration 6.5 cm
terrain it  834 mean_level 5.7146
it  835 steps  82083840 sps   38,036 | ep_ret   11.19 ep_len  975.6 (n=117) | pg -0.008 vf 0.013 kl 0.0153 lr 1.7e-04
[anomaly] it 835: explained variance -1.54 < 0 after warm-up: value function not predicting returns
[anomaly] it 835: terminal-step reward dominates the episode: survival is being punished
[anomaly] it 835: joint limit violated by 0.62 rad
[anomaly] it 835: contact penetration 6.6 cm
terrain it  835 mean_level 5.7148
it  836 steps  82182144 sps   38,036 | ep_ret   11.86 ep_len  993.6 (n=112) | pg -0.000 vf 0.013 kl 0.0159 lr 2.3e-05
[anomaly] it 836: explained variance -3.94 < 0 after warm-up: value function not predicting returns
[anomaly] it 836: terminal-step reward dominates the episode: survival is being punished
[anomaly] it 836: joint limit violated by 0.70 rad
[anomaly] it 836: contact penetration 7.3 cm
terrain it  836 mean_level 5.7180
it  837 steps  82280448 sps   38,036 | ep_ret   11.99 ep_len  990.9 (n=121) | pg -0.008 vf 0.010 kl 0.0080 lr 5.1e-05
[anomaly] it 837: explained variance -4.27 < 0 after warm-up: value function not predicting returns
[anomaly] it 837: terminal-step reward dominates the episode: survival is being punished
[anomaly] it 837: joint limit violated by 0.65 rad
[anomaly] it 837: contact penetration 5.6 cm
terrain it  837 mean_level 5.7119
it  838 steps  82378752 sps   38,036 | ep_ret   11.73 ep_len  992.3 (n=133) | pg -0.009 vf 0.012 kl 0.0115 lr 1.1e-04
[anomaly] it 838: explained variance -3.36 < 0 after warm-up: value function not predicting returns
[anomaly] it 838: terminal-step reward dominates the episode: survival is being punished
[anomaly] it 838: joint limit violated by 0.66 rad
[anomaly] it 838: contact penetration 7.4 cm
terrain it  838 mean_level 5.7166
it  839 steps  82477056 sps   38,036 | ep_ret   11.36 ep_len  985.4 (n=128) | pg -0.008 vf 0.013 kl 0.0145 lr 1.7e-04
[anomaly] it 839: explained variance -3.63 < 0 after warm-up: value function not predicting returns
[anomaly] it 839: terminal-step reward dominates the episode: survival is being punished
[anomaly] it 839: joint limit violated by 0.72 rad
[anomaly] it 839: contact penetration 8.3 cm
terrain it  839 mean_level 5.7161
it  840 steps  82575360 sps   38,035 | ep_ret   11.87 ep_len  978.7 (n=131) | pg -0.008 vf 0.011 kl 0.0159 lr 1.7e-04
[anomaly] it 840: explained variance -1.70 < 0 after warm-up: value function not predicting returns
[anomaly] it 840: terminal-step reward dominates the episode: survival is being punished
[anomaly] it 840: joint limit violated by 0.66 rad
[anomaly] it 840: contact penetration 5.2 cm
terrain it  840 mean_level 5.7188
it  841 steps  82673664 sps   38,035 | ep_ret   11.12 ep_len  982.4 (n=119) | pg -0.004 vf 0.010 kl 0.0159 lr 1.1e-04
[anomaly] it 841: explained variance -2.78 < 0 after warm-up: value function not predicting returns
[anomaly] it 841: terminal-step reward dominates the episode: survival is being punished
[anomaly] it 841: joint limit violated by 0.66 rad
[anomaly] it 841: contact penetration 7.5 cm
terrain it  841 mean_level 5.7178
it  842 steps  82771968 sps   38,035 | ep_ret   11.58 ep_len  982.0 (n=113) | pg -0.007 vf 0.013 kl 0.0140 lr 1.7e-04
[anomaly] it 842: explained variance -2.51 < 0 after warm-up: value function not predicting returns
[anomaly] it 842: terminal-step reward dominates the episode: survival is being punished
[anomaly] it 842: joint limit violated by 0.66 rad
[anomaly] it 842: contact penetration 5.6 cm
terrain it  842 mean_level 5.7222
it  843 steps  82870272 sps   38,034 | ep_ret   12.00 ep_len  989.2 (n=104) | pg -0.007 vf 0.011 kl 0.0145 lr 1.1e-04
[anomaly] it 843: explained variance -2.82 < 0 after warm-up: value function not predicting returns
[anomaly] it 843: terminal-step reward dominates the episode: survival is being punished
[anomaly] it 843: joint limit violated by 0.65 rad
[anomaly] it 843: contact penetration 7.6 cm
terrain it  843 mean_level 5.7251
it  844 steps  82968576 sps   38,034 | ep_ret   11.82 ep_len  984.9 (n=112) | pg -0.007 vf 0.010 kl 0.0145 lr 1.7e-04
[anomaly] it 844: explained variance -2.86 < 0 after warm-up: value function not predicting returns
[anomaly] it 844: terminal-step reward dominates the episode: survival is being punished
[anomaly] it 844: joint limit violated by 0.69 rad
[anomaly] it 844: contact penetration 8.6 cm
terrain it  844 mean_level 5.7271
it  845 steps  83066880 sps   38,034 | ep_ret   11.76 ep_len  984.5 (n=130) | pg -0.007 vf 0.011 kl 0.0164 lr 1.1e-04
[anomaly] it 845: explained variance -1.56 < 0 after warm-up: value function not predicting returns
[anomaly] it 845: terminal-step reward dominates the episode: survival is being punished
[anomaly] it 845: joint limit violated by 0.68 rad
[anomaly] it 845: contact penetration 6.1 cm
terrain it  845 mean_level 5.7246
it  846 steps  83165184 sps   38,034 | ep_ret   11.60 ep_len  993.0 (n=106) | pg -0.009 vf 0.010 kl 0.0145 lr 1.7e-04
[anomaly] it 846: explained variance -3.03 < 0 after warm-up: value function not predicting returns
[anomaly] it 846: terminal-step reward dominates the episode: survival is being punished
[anomaly] it 846: joint limit violated by 0.75 rad
[anomaly] it 846: contact penetration 5.6 cm
terrain it  846 mean_level 5.7300
it  847 steps  83263488 sps   38,034 | ep_ret   11.59 ep_len  992.4 (n=123) | pg -0.005 vf 0.010 kl 0.0137 lr 1.1e-04
[anomaly] it 847: explained variance -2.57 < 0 after warm-up: value function not predicting returns
[anomaly] it 847: terminal-step reward dominates the episode: survival is being punished
[anomaly] it 847: joint limit violated by 0.66 rad
[anomaly] it 847: contact penetration 8.0 cm
terrain it  847 mean_level 5.7341
it  848 steps  83361792 sps   38,034 | ep_ret   11.21 ep_len  966.7 (n=90) | pg -0.008 vf 0.012 kl 0.0152 lr 7.6e-05
[anomaly] it 848: explained variance -2.13 < 0 after warm-up: value function not predicting returns
[anomaly] it 848: terminal-step reward dominates the episode: survival is being punished
[anomaly] it 848: joint limit violated by 0.64 rad
[anomaly] it 848: contact penetration 5.6 cm
terrain it  848 mean_level 5.7334
it  849 steps  83460096 sps   38,033 | ep_ret   11.76 ep_len  977.5 (n=101) | pg -0.007 vf 0.012 kl 0.0141 lr 1.1e-04
[anomaly] it 849: explained variance -2.80 < 0 after warm-up: value function not predicting returns
[anomaly] it 849: terminal-step reward dominates the episode: survival is being punished
[anomaly] it 849: joint limit violated by 0.59 rad
[anomaly] it 849: contact penetration 6.0 cm
terrain it  849 mean_level 5.7319
it  850 steps  83558400 sps   38,033 | ep_ret   11.48 ep_len  981.0 (n=108) | pg -0.008 vf 0.011 kl 0.0136 lr 1.7e-04
[anomaly] it 850: explained variance -2.10 < 0 after warm-up: value function not predicting returns
[anomaly] it 850: terminal-step reward dominates the episode: survival is being punished
[anomaly] it 850: joint limit violated by 0.66 rad
[anomaly] it 850: contact penetration 8.7 cm
terrain it  850 mean_level 5.7319
it  851 steps  83656704 sps   38,033 | ep_ret   11.25 ep_len  991.7 (n=104) | pg -0.005 vf 0.010 kl 0.0140 lr 1.1e-04
[anomaly] it 851: explained variance -1.64 < 0 after warm-up: value function not predicting returns
[anomaly] it 851: terminal-step reward dominates the episode: survival is being punished
[anomaly] it 851: joint limit violated by 0.61 rad
[anomaly] it 851: contact penetration 6.6 cm
terrain it  851 mean_level 5.7371
it  852 steps  83755008 sps   38,033 | ep_ret   10.98 ep_len  975.6 (n=93) | pg -0.008 vf 0.013 kl 0.0139 lr 1.7e-04
[anomaly] it 852: explained variance -1.98 < 0 after warm-up: value function not predicting returns
[anomaly] it 852: terminal-step reward dominates the episode: survival is being punished
[anomaly] it 852: joint limit violated by 0.62 rad
[anomaly] it 852: contact penetration 7.5 cm
terrain it  852 mean_level 5.7324
it  853 steps  83853312 sps   38,033 | ep_ret   11.30 ep_len  968.9 (n=104) | pg -0.007 vf 0.013 kl 0.0158 lr 1.7e-04
[anomaly] it 853: explained variance -1.78 < 0 after warm-up: value function not predicting returns
[anomaly] it 853: terminal-step reward dominates the episode: survival is being punished
[anomaly] it 853: joint limit violated by 0.71 rad
[anomaly] it 853: contact penetration 5.7 cm
terrain it  853 mean_level 5.7266
it  854 steps  83951616 sps   38,033 | ep_ret   11.33 ep_len  974.3 (n=98) | pg -0.007 vf 0.011 kl 0.0146 lr 1.1e-04
[anomaly] it 854: explained variance -1.47 < 0 after warm-up: value function not predicting returns
[anomaly] it 854: terminal-step reward dominates the episode: survival is being punished
[anomaly] it 854: joint limit violated by 0.71 rad
[anomaly] it 854: contact penetration 6.7 cm
terrain it  854 mean_level 5.7307
it  855 steps  84049920 sps   38,033 | ep_ret   11.18 ep_len  983.4 (n=71) | pg -0.008 vf 0.014 kl 0.0152 lr 1.7e-04
[anomaly] it 855: explained variance -2.21 < 0 after warm-up: value function not predicting returns
[anomaly] it 855: terminal-step reward dominates the episode: survival is being punished
[anomaly] it 855: joint limit violated by 0.62 rad
[anomaly] it 855: contact penetration 6.5 cm
terrain it  855 mean_level 5.7300
it  856 steps  84148224 sps   38,032 | ep_ret   11.03 ep_len  972.7 (n=89) | pg -0.006 vf 0.010 kl 0.0133 lr 1.1e-04
[anomaly] it 856: explained variance -1.81 < 0 after warm-up: value function not predicting returns
[anomaly] it 856: terminal-step reward dominates the episode: survival is being punished
[anomaly] it 856: joint limit violated by 0.67 rad
[anomaly] it 856: contact penetration 6.7 cm
terrain it  856 mean_level 5.7302
it  857 steps  84246528 sps   38,032 | ep_ret   11.20 ep_len  985.0 (n=71) | pg -0.007 vf 0.011 kl 0.0133 lr 1.7e-04
[anomaly] it 857: explained variance -3.21 < 0 after warm-up: value function not predicting returns
[anomaly] it 857: terminal-step reward dominates the episode: survival is being punished
[anomaly] it 857: joint limit violated by 0.64 rad
[anomaly] it 857: contact penetration 5.4 cm
terrain it  857 mean_level 5.7354
it  858 steps  84344832 sps   38,032 | ep_ret   11.33 ep_len  963.5 (n=73) | pg -0.006 vf 0.011 kl 0.0126 lr 1.1e-04
[anomaly] it 858: explained variance -1.78 < 0 after warm-up: value function not predicting returns
[anomaly] it 858: terminal-step reward dominates the episode: survival is being punished
[anomaly] it 858: joint limit violated by 0.75 rad
[anomaly] it 858: contact penetration 5.8 cm
terrain it  858 mean_level 5.7297
it  859 steps  84443136 sps   38,032 | ep_ret   11.30 ep_len  983.9 (n=87) | pg -0.010 vf 0.010 kl 0.0165 lr 1.1e-04
[anomaly] it 859: explained variance -2.54 < 0 after warm-up: value function not predicting returns
[anomaly] it 859: terminal-step reward dominates the episode: survival is being punished
[anomaly] it 859: joint limit violated by 0.64 rad
[anomaly] it 859: contact penetration 6.2 cm
[anomaly] it 859: contact force 22136 N > 50x robot weight
terrain it  859 mean_level 5.7319
it  860 steps  84541440 sps   38,032 | ep_ret   11.72 ep_len  995.0 (n=85) | pg -0.009 vf 0.009 kl 0.0143 lr 1.1e-04
[anomaly] it 860: explained variance -2.66 < 0 after warm-up: value function not predicting returns
[anomaly] it 860: terminal-step reward dominates the episode: survival is being punished
[anomaly] it 860: joint limit violated by 0.66 rad
[anomaly] it 860: contact penetration 8.5 cm
terrain it  860 mean_level 5.7332
it  861 steps  84639744 sps   38,032 | ep_ret   12.38 ep_len 1000.0 (n=74) | pg -0.010 vf 0.010 kl 0.0138 lr 1.1e-04
[anomaly] it 861: explained variance -3.65 < 0 after warm-up: value function not predicting returns
[anomaly] it 861: joint limit violated by 0.63 rad
[anomaly] it 861: contact penetration 8.7 cm
terrain it  861 mean_level 5.7314
it  862 steps  84738048 sps   38,032 | ep_ret   11.79 ep_len  984.4 (n=89) | pg -0.007 vf 0.011 kl 0.0156 lr 1.7e-04
[anomaly] it 862: explained variance -2.02 < 0 after warm-up: value function not predicting returns
[anomaly] it 862: terminal-step reward dominates the episode: survival is being punished
[anomaly] it 862: joint limit violated by 0.67 rad
[anomaly] it 862: contact penetration 7.1 cm
[anomaly] it 862: contact force 22125 N > 50x robot weight
terrain it  862 mean_level 5.7344
it  863 steps  84836352 sps   38,032 | ep_ret   11.47 ep_len  985.7 (n=72) | pg -0.006 vf 0.012 kl 0.0158 lr 1.1e-04
[anomaly] it 863: explained variance -2.53 < 0 after warm-up: value function not predicting returns
[anomaly] it 863: terminal-step reward dominates the episode: survival is being punished
[anomaly] it 863: joint limit violated by 0.70 rad
[anomaly] it 863: contact penetration 5.1 cm
[anomaly] it 863: contact force 22102 N > 50x robot weight
terrain it  863 mean_level 5.7341
it  864 steps  84934656 sps   38,032 | ep_ret   11.00 ep_len  979.8 (n=108) | pg -0.005 vf 0.011 kl 0.0128 lr 7.6e-05
[anomaly] it 864: explained variance -1.63 < 0 after warm-up: value function not predicting returns
[anomaly] it 864: terminal-step reward dominates the episode: survival is being punished
[anomaly] it 864: joint limit violated by 0.70 rad
[anomaly] it 864: contact penetration 5.9 cm
[anomaly] it 864: contact force 22156 N > 50x robot weight
terrain it  864 mean_level 5.7288
it  865 steps  85032960 sps   38,032 | ep_ret   11.63 ep_len  990.2 (n=75) | pg -0.009 vf 0.011 kl 0.0136 lr 1.7e-04
[anomaly] it 865: explained variance -2.03 < 0 after warm-up: value function not predicting returns
[anomaly] it 865: terminal-step reward dominates the episode: survival is being punished
[anomaly] it 865: joint limit violated by 0.60 rad
[anomaly] it 865: contact penetration 9.0 cm
terrain it  865 mean_level 5.7341
it  866 steps  85131264 sps   38,031 | ep_ret   11.82 ep_len  985.1 (n=86) | pg -0.006 vf 0.011 kl 0.0151 lr 1.1e-04
[anomaly] it 866: explained variance -1.90 < 0 after warm-up: value function not predicting returns
[anomaly] it 866: terminal-step reward dominates the episode: survival is being punished
[anomaly] it 866: joint limit violated by 0.65 rad
[anomaly] it 866: contact penetration 10.5 cm
[anomaly] it 866: contact force 22135 N > 50x robot weight
terrain it  866 mean_level 5.7192
it  867 steps  85229568 sps   38,031 | ep_ret   11.73 ep_len  986.4 (n=69) | pg -0.008 vf 0.011 kl 0.0141 lr 1.7e-04
[anomaly] it 867: explained variance -2.81 < 0 after warm-up: value function not predicting returns
[anomaly] it 867: terminal-step reward dominates the episode: survival is being punished
[anomaly] it 867: joint limit violated by 0.63 rad
[anomaly] it 867: contact penetration 8.0 cm
[anomaly] it 867: contact force 22159 N > 50x robot weight
terrain it  867 mean_level 5.7251
it  868 steps  85327872 sps   38,031 | ep_ret   11.97 ep_len  992.3 (n=86) | pg -0.009 vf 0.012 kl 0.0178 lr 1.7e-04
[anomaly] it 868: explained variance -2.40 < 0 after warm-up: value function not predicting returns
[anomaly] it 868: terminal-step reward dominates the episode: survival is being punished
[anomaly] it 868: joint limit violated by 0.70 rad
[anomaly] it 868: contact penetration 6.9 cm
[anomaly] it 868: contact force 22116 N > 50x robot weight
terrain it  868 mean_level 5.7244
it  869 steps  85426176 sps   38,031 | ep_ret   11.43 ep_len  983.2 (n=99) | pg -0.008 vf 0.009 kl 0.0151 lr 1.7e-04
[anomaly] it 869: explained variance -2.57 < 0 after warm-up: value function not predicting returns
[anomaly] it 869: terminal-step reward dominates the episode: survival is being punished
[anomaly] it 869: joint limit violated by 0.70 rad
[anomaly] it 869: contact penetration 6.2 cm
[anomaly] it 869: contact force 22153 N > 50x robot weight
terrain it  869 mean_level 5.7288
it  870 steps  85524480 sps   38,030 | ep_ret   11.79 ep_len  991.0 (n=81) | pg -0.006 vf 0.012 kl 0.0153 lr 1.1e-04
[anomaly] it 870: explained variance -2.19 < 0 after warm-up: value function not predicting returns
[anomaly] it 870: terminal-step reward dominates the episode: survival is being punished
[anomaly] it 870: joint limit violated by 0.65 rad
[anomaly] it 870: contact penetration 6.6 cm
[anomaly] it 870: contact force 22138 N > 50x robot weight
terrain it  870 mean_level 5.7300
it  871 steps  85622784 sps   38,030 | ep_ret   11.36 ep_len  978.7 (n=104) | pg -0.006 vf 0.012 kl 0.0150 lr 7.6e-05
[anomaly] it 871: explained variance -1.33 < 0 after warm-up: value function not predicting returns
[anomaly] it 871: terminal-step reward dominates the episode: survival is being punished
[anomaly] it 871: joint limit violated by 0.75 rad
[anomaly] it 871: contact penetration 9.4 cm
[anomaly] it 871: contact force 22115 N > 50x robot weight
terrain it  871 mean_level 5.7319
it  872 steps  85721088 sps   38,030 | ep_ret   12.29 ep_len  992.8 (n=115) | pg -0.008 vf 0.012 kl 0.0140 lr 1.1e-04
[anomaly] it 872: explained variance -3.88 < 0 after warm-up: value function not predicting returns
[anomaly] it 872: terminal-step reward dominates the episode: survival is being punished
[anomaly] it 872: joint limit violated by 0.66 rad
[anomaly] it 872: contact penetration 7.5 cm
terrain it  872 mean_level 5.7341
it  873 steps  85819392 sps   38,030 | ep_ret   11.70 ep_len  963.2 (n=84) | pg -0.009 vf 0.010 kl 0.0144 lr 1.7e-04
[anomaly] it 873: explained variance -1.73 < 0 after warm-up: value function not predicting returns
[anomaly] it 873: terminal-step reward dominates the episode: survival is being punished
[anomaly] it 873: joint limit violated by 0.72 rad
[anomaly] it 873: contact penetration 6.1 cm
terrain it  873 mean_level 5.7368
it  874 steps  85917696 sps   38,030 | ep_ret   12.17 ep_len  992.4 (n=112) | pg -0.007 vf 0.008 kl 0.0139 lr 1.1e-04
[anomaly] it 874: explained variance -2.59 < 0 after warm-up: value function not predicting returns
[anomaly] it 874: terminal-step reward dominates the episode: survival is being punished
[anomaly] it 874: joint limit violated by 0.71 rad
[anomaly] it 874: contact penetration 5.9 cm
terrain it  874 mean_level 5.7439
it  875 steps  86016000 sps   38,030 | ep_ret   12.11 ep_len  987.1 (n=108) | pg -0.008 vf 0.009 kl 0.0135 lr 1.7e-04
[anomaly] it 875: explained variance -2.27 < 0 after warm-up: value function not predicting returns
[anomaly] it 875: terminal-step reward dominates the episode: survival is being punished
[anomaly] it 875: joint limit violated by 0.64 rad
[anomaly] it 875: contact penetration 5.9 cm
terrain it  875 mean_level 5.7437
it  876 steps  86114304 sps   38,029 | ep_ret   12.76 ep_len  994.0 (n=110) | pg -0.008 vf 0.010 kl 0.0141 lr 1.1e-04
[anomaly] it 876: explained variance -2.36 < 0 after warm-up: value function not predicting returns
[anomaly] it 876: terminal-step reward dominates the episode: survival is being punished
[anomaly] it 876: joint limit violated by 0.76 rad
[anomaly] it 876: contact penetration 7.1 cm
terrain it  876 mean_level 5.7466
it  877 steps  86212608 sps   38,029 | ep_ret   12.38 ep_len  995.1 (n=119) | pg -0.007 vf 0.008 kl 0.0139 lr 1.7e-04
[anomaly] it 877: explained variance -3.14 < 0 after warm-up: value function not predicting returns
[anomaly] it 877: terminal-step reward dominates the episode: survival is being punished
[anomaly] it 877: joint limit violated by 0.84 rad
[anomaly] it 877: contact penetration 10.3 cm
terrain it  877 mean_level 5.7429
it  878 steps  86310912 sps   38,029 | ep_ret   12.27 ep_len  993.4 (n=102) | pg -0.009 vf 0.008 kl 0.0151 lr 1.7e-04
[anomaly] it 878: explained variance -1.09 < 0 after warm-up: value function not predicting returns
[anomaly] it 878: terminal-step reward dominates the episode: survival is being punished
[anomaly] it 878: joint limit violated by 0.68 rad
[anomaly] it 878: contact penetration 7.7 cm
terrain it  878 mean_level 5.7393
it  879 steps  86409216 sps   38,029 | ep_ret   12.82 ep_len 1000.0 (n=131) | pg -0.007 vf 0.009 kl 0.0153 lr 1.1e-04
[anomaly] it 879: explained variance -3.90 < 0 after warm-up: value function not predicting returns
[anomaly] it 879: joint limit violated by 0.68 rad
[anomaly] it 879: contact penetration 5.8 cm
terrain it  879 mean_level 5.7461
it  880 steps  86507520 sps   38,029 | ep_ret   12.15 ep_len  994.3 (n=130) | pg -0.008 vf 0.008 kl 0.0135 lr 1.7e-04
[anomaly] it 880: explained variance -3.59 < 0 after warm-up: value function not predicting returns
[anomaly] it 880: terminal-step reward dominates the episode: survival is being punished
[anomaly] it 880: joint limit violated by 0.60 rad
[anomaly] it 880: contact penetration 5.8 cm
terrain it  880 mean_level 5.7422
it  881 steps  86605824 sps   38,029 | ep_ret   12.10 ep_len  987.8 (n=133) | pg -0.008 vf 0.010 kl 0.0149 lr 1.7e-04
[anomaly] it 881: explained variance -2.21 < 0 after warm-up: value function not predicting returns
[anomaly] it 881: terminal-step reward dominates the episode: survival is being punished
[anomaly] it 881: joint limit violated by 0.79 rad
[anomaly] it 881: contact penetration 7.2 cm
terrain it  881 mean_level 5.7527
it  882 steps  86704128 sps   38,029 | ep_ret   12.64 ep_len  996.7 (n=121) | pg -0.006 vf 0.011 kl 0.0159 lr 1.7e-04
[anomaly] it 882: explained variance -2.83 < 0 after warm-up: value function not predicting returns
[anomaly] it 882: terminal-step reward dominates the episode: survival is being punished
[anomaly] it 882: joint limit violated by 0.64 rad
[anomaly] it 882: contact penetration 9.8 cm
[anomaly] it 882: contact force 34928 N > 50x robot weight
terrain it  882 mean_level 5.7515
it  883 steps  86802432 sps   38,028 | ep_ret   12.05 ep_len  979.7 (n=121) | pg -0.006 vf 0.011 kl 0.0156 lr 1.1e-04
[anomaly] it 883: explained variance -1.78 < 0 after warm-up: value function not predicting returns
[anomaly] it 883: terminal-step reward dominates the episode: survival is being punished
[anomaly] it 883: joint limit violated by 0.80 rad
[anomaly] it 883: contact penetration 9.3 cm
[anomaly] it 883: contact force 42277 N > 50x robot weight
terrain it  883 mean_level 5.7581
it  884 steps  86900736 sps   38,028 | ep_ret   11.34 ep_len  971.7 (n=104) | pg -0.006 vf 0.010 kl 0.0161 lr 1.1e-04
[anomaly] it 884: explained variance -1.31 < 0 after warm-up: value function not predicting returns
[anomaly] it 884: terminal-step reward dominates the episode: survival is being punished
[anomaly] it 884: joint limit violated by 0.68 rad
[anomaly] it 884: contact penetration 5.0 cm
terrain it  884 mean_level 5.7578
it  885 steps  86999040 sps   38,028 | ep_ret   12.36 ep_len  983.5 (n=106) | pg -0.008 vf 0.009 kl 0.0148 lr 1.1e-04
[anomaly] it 885: explained variance -2.17 < 0 after warm-up: value function not predicting returns
[anomaly] it 885: terminal-step reward dominates the episode: survival is being punished
[anomaly] it 885: joint limit violated by 0.67 rad
[anomaly] it 885: contact penetration 6.2 cm
terrain it  885 mean_level 5.7590
it  886 steps  87097344 sps   38,028 | ep_ret   12.64 ep_len 1000.0 (n=122) | pg -0.005 vf 0.009 kl 0.0128 lr 7.6e-05
[anomaly] it 886: explained variance -4.01 < 0 after warm-up: value function not predicting returns
[anomaly] it 886: joint limit violated by 0.66 rad
[anomaly] it 886: contact penetration 6.1 cm
[anomaly] it 886: contact force 22181 N > 50x robot weight
terrain it  886 mean_level 5.7676
it  887 steps  87195648 sps   38,028 | ep_ret   12.43 ep_len  990.9 (n=115) | pg -0.009 vf 0.011 kl 0.0113 lr 1.1e-04
[anomaly] it 887: explained variance -2.77 < 0 after warm-up: value function not predicting returns
[anomaly] it 887: terminal-step reward dominates the episode: survival is being punished
[anomaly] it 887: joint limit violated by 0.69 rad
[anomaly] it 887: contact penetration 8.4 cm
[anomaly] it 887: contact force 22174 N > 50x robot weight
terrain it  887 mean_level 5.7715
it  888 steps  87293952 sps   38,027 | ep_ret   12.29 ep_len  992.8 (n=115) | pg -0.009 vf 0.009 kl 0.0153 lr 7.6e-05
[anomaly] it 888: explained variance -3.27 < 0 after warm-up: value function not predicting returns
[anomaly] it 888: terminal-step reward dominates the episode: survival is being punished
[anomaly] it 888: joint limit violated by 0.62 rad
[anomaly] it 888: contact penetration 7.7 cm
[anomaly] it 888: contact force 22074 N > 50x robot weight
terrain it  888 mean_level 5.7756
it  889 steps  87392256 sps   38,027 | ep_ret   11.97 ep_len  989.3 (n=106) | pg -0.009 vf 0.011 kl 0.0159 lr 1.7e-04
[anomaly] it 889: explained variance -2.73 < 0 after warm-up: value function not predicting returns
[anomaly] it 889: terminal-step reward dominates the episode: survival is being punished
[anomaly] it 889: joint limit violated by 0.65 rad
[anomaly] it 889: contact penetration 6.9 cm
[anomaly] it 889: contact force 22029 N > 50x robot weight
terrain it  889 mean_level 5.7783
it  890 steps  87490560 sps   38,027 | ep_ret   11.83 ep_len  974.4 (n=99) | pg -0.007 vf 0.010 kl 0.0152 lr 1.1e-04
[anomaly] it 890: explained variance -1.48 < 0 after warm-up: value function not predicting returns
[anomaly] it 890: terminal-step reward dominates the episode: survival is being punished
[anomaly] it 890: joint limit violated by 0.80 rad
[anomaly] it 890: contact penetration 7.0 cm
terrain it  890 mean_level 5.7805
it  891 steps  87588864 sps   38,027 | ep_ret   12.71 ep_len  993.9 (n=102) | pg -0.004 vf 0.011 kl 0.0124 lr 7.6e-05
[anomaly] it 891: explained variance -2.58 < 0 after warm-up: value function not predicting returns
[anomaly] it 891: terminal-step reward dominates the episode: survival is being punished
[anomaly] it 891: joint limit violated by 0.65 rad
[anomaly] it 891: contact penetration 8.4 cm
terrain it  891 mean_level 5.7761
it  892 steps  87687168 sps   38,027 | ep_ret   12.34 ep_len 1000.0 (n=101) | pg -0.006 vf 0.010 kl 0.0149 lr 7.6e-05
[anomaly] it 892: explained variance -3.83 < 0 after warm-up: value function not predicting returns
[anomaly] it 892: joint limit violated by 0.74 rad
[anomaly] it 892: contact penetration 6.1 cm
terrain it  892 mean_level 5.7803
it  893 steps  87785472 sps   38,026 | ep_ret   12.14 ep_len  989.9 (n=101) | pg -0.009 vf 0.009 kl 0.0133 lr 1.7e-04
[anomaly] it 893: explained variance -3.67 < 0 after warm-up: value function not predicting returns
[anomaly] it 893: terminal-step reward dominates the episode: survival is being punished
[anomaly] it 893: joint limit violated by 0.64 rad
[anomaly] it 893: contact penetration 5.8 cm
terrain it  893 mean_level 5.7837
it  894 steps  87883776 sps   38,026 | ep_ret   11.91 ep_len  983.4 (n=101) | pg -0.006 vf 0.012 kl 0.0183 lr 1.1e-04
[anomaly] it 894: explained variance -2.24 < 0 after warm-up: value function not predicting returns
[anomaly] it 894: terminal-step reward dominates the episode: survival is being punished
[anomaly] it 894: joint limit violated by 0.75 rad
[anomaly] it 894: contact penetration 9.0 cm
[anomaly] it 894: contact force 21887 N > 50x robot weight
terrain it  894 mean_level 5.7925
it  895 steps  87982080 sps   38,026 | ep_ret   12.17 ep_len  990.0 (n=94) | pg -0.008 vf 0.009 kl 0.0142 lr 1.7e-04
[anomaly] it 895: explained variance -2.62 < 0 after warm-up: value function not predicting returns
[anomaly] it 895: terminal-step reward dominates the episode: survival is being punished
[anomaly] it 895: joint limit violated by 0.67 rad
[anomaly] it 895: contact penetration 7.2 cm
[anomaly] it 895: contact force 22069 N > 50x robot weight
terrain it  895 mean_level 5.7966
it  896 steps  88080384 sps   38,022 | ep_ret   11.95 ep_len  979.1 (n=93) | pg -0.008 vf 0.011 kl 0.0169 lr 1.7e-04
[anomaly] it 896: explained variance -1.74 < 0 after warm-up: value function not predicting returns
[anomaly] it 896: terminal-step reward dominates the episode: survival is being punished
[anomaly] it 896: joint limit violated by 0.69 rad
[anomaly] it 896: contact penetration 5.8 cm
[anomaly] it 896: contact force 22116 N > 50x robot weight
terrain it  896 mean_level 5.7886
it  897 steps  88178688 sps   38,013 | ep_ret   11.95 ep_len  980.1 (n=84) | pg -0.006 vf 0.011 kl 0.0169 lr 1.7e-04
[anomaly] it 897: explained variance -3.07 < 0 after warm-up: value function not predicting returns
[anomaly] it 897: terminal-step reward dominates the episode: survival is being punished
[anomaly] it 897: joint limit violated by 0.62 rad
[anomaly] it 897: contact penetration 8.3 cm
terrain it  897 mean_level 5.7820
it  898 steps  88276992 sps   38,012 | ep_ret   11.98 ep_len  982.3 (n=82) | pg -0.006 vf 0.010 kl 0.0145 lr 1.1e-04
[anomaly] it 898: explained variance -2.86 < 0 after warm-up: value function not predicting returns
[anomaly] it 898: terminal-step reward dominates the episode: survival is being punished
[anomaly] it 898: joint limit violated by 0.70 rad
[anomaly] it 898: contact penetration 6.8 cm
terrain it  898 mean_level 5.7903
it  899 steps  88375296 sps   38,010 | ep_ret   11.71 ep_len  985.3 (n=78) | pg -0.008 vf 0.010 kl 0.0151 lr 1.7e-04
[anomaly] it 899: explained variance -2.84 < 0 after warm-up: value function not predicting returns
[anomaly] it 899: terminal-step reward dominates the episode: survival is being punished
[anomaly] it 899: joint limit violated by 0.71 rad
[anomaly] it 899: contact penetration 11.7 cm
terrain it  899 mean_level 5.7917
it  900 steps  88473600 sps   38,008 | ep_ret   12.25 ep_len  990.1 (n=75) | pg -0.010 vf 0.010 kl 0.0162 lr 1.7e-04
[anomaly] it 900: explained variance -3.84 < 0 after warm-up: value function not predicting returns
[anomaly] it 900: terminal-step reward dominates the episode: survival is being punished
[anomaly] it 900: joint limit violated by 0.70 rad
[anomaly] it 900: contact penetration 5.8 cm
terrain it  900 mean_level 5.7859
it  901 steps  88571904 sps   38,007 | ep_ret   12.36 ep_len  988.9 (n=78) | pg -0.007 vf 0.011 kl 0.0169 lr 1.7e-04
[anomaly] it 901: explained variance -3.26 < 0 after warm-up: value function not predicting returns
[anomaly] it 901: terminal-step reward dominates the episode: survival is being punished
[anomaly] it 901: joint limit violated by 0.77 rad
[anomaly] it 901: contact penetration 9.7 cm
terrain it  901 mean_level 5.7917
it  902 steps  88670208 sps   38,005 | ep_ret   12.34 ep_len  990.4 (n=87) | pg -0.004 vf 0.012 kl 0.0157 lr 5.1e-05
[anomaly] it 902: explained variance -3.42 < 0 after warm-up: value function not predicting returns
[anomaly] it 902: terminal-step reward dominates the episode: survival is being punished
[anomaly] it 902: joint limit violated by 0.63 rad
[anomaly] it 902: contact penetration 7.5 cm
terrain it  902 mean_level 5.7920
it  903 steps  88768512 sps   38,003 | ep_ret   11.66 ep_len  985.0 (n=78) | pg -0.007 vf 0.010 kl 0.0086 lr 7.6e-05
[anomaly] it 903: explained variance -2.24 < 0 after warm-up: value function not predicting returns
[anomaly] it 903: terminal-step reward dominates the episode: survival is being punished
[anomaly] it 903: joint limit violated by 0.65 rad
[anomaly] it 903: contact penetration 6.8 cm
terrain it  903 mean_level 5.7969
it  904 steps  88866816 sps   38,001 | ep_ret   12.75 ep_len  999.6 (n=84) | pg -0.007 vf 0.010 kl 0.0131 lr 1.1e-04
[anomaly] it 904: explained variance -3.01 < 0 after warm-up: value function not predicting returns
[anomaly] it 904: terminal-step reward dominates the episode: survival is being punished
[anomaly] it 904: joint limit violated by 0.69 rad
[anomaly] it 904: contact penetration 7.9 cm
terrain it  904 mean_level 5.8010
it  905 steps  88965120 sps   38,000 | ep_ret   12.31 ep_len  990.8 (n=85) | pg -0.005 vf 0.012 kl 0.0129 lr 7.6e-05
[anomaly] it 905: explained variance -1.66 < 0 after warm-up: value function not predicting returns
[anomaly] it 905: terminal-step reward dominates the episode: survival is being punished
[anomaly] it 905: joint limit violated by 0.68 rad
[anomaly] it 905: contact penetration 7.3 cm
terrain it  905 mean_level 5.8062
it  906 steps  89063424 sps   37,999 | ep_ret   11.99 ep_len  990.5 (n=90) | pg -0.009 vf 0.015 kl 0.0147 lr 1.1e-04
[anomaly] it 906: explained variance -2.78 < 0 after warm-up: value function not predicting returns
[anomaly] it 906: terminal-step reward dominates the episode: survival is being punished
[anomaly] it 906: joint limit violated by 0.62 rad
[anomaly] it 906: contact penetration 5.9 cm
terrain it  906 mean_level 5.8037
it  907 steps  89161728 sps   37,999 | ep_ret   11.89 ep_len  973.8 (n=91) | pg -0.010 vf 0.009 kl 0.0147 lr 1.7e-04
[anomaly] it 907: explained variance -1.97 < 0 after warm-up: value function not predicting returns
[anomaly] it 907: terminal-step reward dominates the episode: survival is being punished
[anomaly] it 907: joint limit violated by 0.67 rad
[anomaly] it 907: contact penetration 7.4 cm
terrain it  907 mean_level 5.8020
it  908 steps  89260032 sps   37,998 | ep_ret   12.17 ep_len  966.7 (n=79) | pg -0.009 vf 0.008 kl 0.0153 lr 1.1e-04
[anomaly] it 908: explained variance -1.91 < 0 after warm-up: value function not predicting returns
[anomaly] it 908: terminal-step reward dominates the episode: survival is being punished
[anomaly] it 908: joint limit violated by 0.74 rad
[anomaly] it 908: contact penetration 6.0 cm
terrain it  908 mean_level 5.8022
it  909 steps  89358336 sps   37,998 | ep_ret   13.15 ep_len  999.6 (n=75) | pg -0.007 vf 0.011 kl 0.0158 lr 1.7e-04
[anomaly] it 909: explained variance -3.29 < 0 after warm-up: value function not predicting returns
[anomaly] it 909: terminal-step reward dominates the episode: survival is being punished
[anomaly] it 909: joint limit violated by 0.67 rad
[anomaly] it 909: contact penetration 6.0 cm
terrain it  909 mean_level 5.7952
it  910 steps  89456640 sps   37,998 | ep_ret   12.56 ep_len  977.7 (n=88) | pg -0.007 vf 0.014 kl 0.0164 lr 1.1e-04
[anomaly] it 910: explained variance -1.68 < 0 after warm-up: value function not predicting returns
[anomaly] it 910: terminal-step reward dominates the episode: survival is being punished
[anomaly] it 910: joint limit violated by 0.68 rad
[anomaly] it 910: contact penetration 5.7 cm
terrain it  910 mean_level 5.7871
it  911 steps  89554944 sps   37,998 | ep_ret   12.12 ep_len  978.0 (n=95) | pg -0.010 vf 0.010 kl 0.0138 lr 1.7e-04
[anomaly] it 911: explained variance -1.14 < 0 after warm-up: value function not predicting returns
[anomaly] it 911: terminal-step reward dominates the episode: survival is being punished
[anomaly] it 911: joint limit violated by 0.59 rad
[anomaly] it 911: contact penetration 6.8 cm
terrain it  911 mean_level 5.7898
it  912 steps  89653248 sps   37,998 | ep_ret   12.37 ep_len  994.4 (n=76) | pg -0.006 vf 0.011 kl 0.0127 lr 7.6e-05
[anomaly] it 912: explained variance -2.51 < 0 after warm-up: value function not predicting returns
[anomaly] it 912: terminal-step reward dominates the episode: survival is being punished
[anomaly] it 912: joint limit violated by 0.66 rad
[anomaly] it 912: contact penetration 7.0 cm
terrain it  912 mean_level 5.7964
it  913 steps  89751552 sps   37,998 | ep_ret   12.67 ep_len  981.5 (n=108) | pg -0.008 vf 0.010 kl 0.0154 lr 1.7e-04
[anomaly] it 913: explained variance -2.39 < 0 after warm-up: value function not predicting returns
[anomaly] it 913: terminal-step reward dominates the episode: survival is being punished
[anomaly] it 913: joint limit violated by 0.72 rad
[anomaly] it 913: contact penetration 4.9 cm
terrain it  913 mean_level 5.7954
it  914 steps  89849856 sps   37,998 | ep_ret   12.42 ep_len  980.7 (n=116) | pg -0.005 vf 0.014 kl 0.0141 lr 7.6e-05
[anomaly] it 914: explained variance -1.19 < 0 after warm-up: value function not predicting returns
[anomaly] it 914: terminal-step reward dominates the episode: survival is being punished
[anomaly] it 914: joint limit violated by 0.86 rad
[anomaly] it 914: contact penetration 5.7 cm
terrain it  914 mean_level 5.7964
it  915 steps  89948160 sps   37,997 | ep_ret   11.94 ep_len  968.2 (n=99) | pg -0.008 vf 0.011 kl 0.0135 lr 1.1e-04
[anomaly] it 915: explained variance -1.24 < 0 after warm-up: value function not predicting returns
[anomaly] it 915: terminal-step reward dominates the episode: survival is being punished
[anomaly] it 915: joint limit violated by 0.68 rad
[anomaly] it 915: contact penetration 5.5 cm
terrain it  915 mean_level 5.8010
it  916 steps  90046464 sps   37,997 | ep_ret   12.96 ep_len  996.4 (n=105) | pg -0.010 vf 0.009 kl 0.0132 lr 1.1e-04
[anomaly] it 916: explained variance -3.04 < 0 after warm-up: value function not predicting returns
[anomaly] it 916: terminal-step reward dominates the episode: survival is being punished
[anomaly] it 916: joint limit violated by 0.70 rad
[anomaly] it 916: contact penetration 6.2 cm
terrain it  916 mean_level 5.8040
it  917 steps  90144768 sps   37,997 | ep_ret   13.28 ep_len  992.0 (n=118) | pg -0.009 vf 0.008 kl 0.0132 lr 1.1e-04
[anomaly] it 917: explained variance -2.68 < 0 after warm-up: value function not predicting returns
[anomaly] it 917: terminal-step reward dominates the episode: survival is being punished
[anomaly] it 917: joint limit violated by 0.67 rad
[anomaly] it 917: contact penetration 5.5 cm
terrain it  917 mean_level 5.8091
it  918 steps  90243072 sps   37,997 | ep_ret   13.03 ep_len  993.7 (n=115) | pg -0.007 vf 0.011 kl 0.0134 lr 1.1e-04
[anomaly] it 918: explained variance -2.55 < 0 after warm-up: value function not predicting returns
[anomaly] it 918: terminal-step reward dominates the episode: survival is being punished
[anomaly] it 918: joint limit violated by 0.68 rad
[anomaly] it 918: contact penetration 6.3 cm
terrain it  918 mean_level 5.8123
it  919 steps  90341376 sps   37,997 | ep_ret   13.62 ep_len  985.6 (n=103) | pg -0.007 vf 0.011 kl 0.0155 lr 7.6e-05
[anomaly] it 919: explained variance -2.48 < 0 after warm-up: value function not predicting returns
[anomaly] it 919: terminal-step reward dominates the episode: survival is being punished
[anomaly] it 919: joint limit violated by 0.73 rad
[anomaly] it 919: contact penetration 6.5 cm
terrain it  919 mean_level 5.8115
it  920 steps  90439680 sps   37,997 | ep_ret   13.12 ep_len  986.4 (n=116) | pg -0.009 vf 0.010 kl 0.0149 lr 7.6e-05
[anomaly] it 920: explained variance -2.28 < 0 after warm-up: value function not predicting returns
[anomaly] it 920: terminal-step reward dominates the episode: survival is being punished
[anomaly] it 920: joint limit violated by 0.64 rad
[anomaly] it 920: contact penetration 6.1 cm
terrain it  920 mean_level 5.8081
it  921 steps  90537984 sps   37,997 | ep_ret   13.19 ep_len  991.2 (n=130) | pg -0.008 vf 0.011 kl 0.0110 lr 1.1e-04
[anomaly] it 921: explained variance -2.53 < 0 after warm-up: value function not predicting returns
[anomaly] it 921: terminal-step reward dominates the episode: survival is being punished
[anomaly] it 921: joint limit violated by 0.71 rad
[anomaly] it 921: contact penetration 7.1 cm
terrain it  921 mean_level 5.8171
it  922 steps  90636288 sps   37,996 | ep_ret   12.91 ep_len  990.9 (n=121) | pg -0.008 vf 0.009 kl 0.0153 lr 1.7e-04
[anomaly] it 922: explained variance -2.74 < 0 after warm-up: value function not predicting returns
[anomaly] it 922: terminal-step reward dominates the episode: survival is being punished
[anomaly] it 922: joint limit violated by 0.70 rad
[anomaly] it 922: contact penetration 6.0 cm
terrain it  922 mean_level 5.8103
it  923 steps  90734592 sps   37,996 | ep_ret   13.17 ep_len  989.3 (n=123) | pg -0.005 vf 0.011 kl 0.0148 lr 1.1e-04
[anomaly] it 923: explained variance -1.94 < 0 after warm-up: value function not predicting returns
[anomaly] it 923: terminal-step reward dominates the episode: survival is being punished
[anomaly] it 923: joint limit violated by 0.84 rad
[anomaly] it 923: contact penetration 6.9 cm
terrain it  923 mean_level 5.8171
it  924 steps  90832896 sps   37,996 | ep_ret   13.34 ep_len  992.1 (n=134) | pg -0.006 vf 0.010 kl 0.0132 lr 1.1e-04
[anomaly] it 924: explained variance -2.84 < 0 after warm-up: value function not predicting returns
[anomaly] it 924: terminal-step reward dominates the episode: survival is being punished
[anomaly] it 924: joint limit violated by 0.60 rad
[anomaly] it 924: contact penetration 6.3 cm
terrain it  924 mean_level 5.8069
it  925 steps  90931200 sps   37,996 | ep_ret   12.48 ep_len  988.8 (n=111) | pg -0.007 vf 0.011 kl 0.0180 lr 7.6e-05
[anomaly] it 925: explained variance -2.03 < 0 after warm-up: value function not predicting returns
[anomaly] it 925: terminal-step reward dominates the episode: survival is being punished
[anomaly] it 925: joint limit violated by 0.69 rad
[anomaly] it 925: contact penetration 5.7 cm
terrain it  925 mean_level 5.8093
it  926 steps  91029504 sps   37,996 | ep_ret   13.14 ep_len  989.2 (n=107) | pg -0.008 vf 0.011 kl 0.0144 lr 1.7e-04
[anomaly] it 926: explained variance -1.71 < 0 after warm-up: value function not predicting returns
[anomaly] it 926: terminal-step reward dominates the episode: survival is being punished
[anomaly] it 926: joint limit violated by 0.60 rad
[anomaly] it 926: contact penetration 5.9 cm
terrain it  926 mean_level 5.8149
it  927 steps  91127808 sps   37,996 | ep_ret   13.10 ep_len  986.2 (n=105) | pg -0.008 vf 0.010 kl 0.0165 lr 1.7e-04
[anomaly] it 927: explained variance -2.75 < 0 after warm-up: value function not predicting returns
[anomaly] it 927: terminal-step reward dominates the episode: survival is being punished
[anomaly] it 927: joint limit violated by 0.69 rad
[anomaly] it 927: contact penetration 8.6 cm
terrain it  927 mean_level 5.8171
it  928 steps  91226112 sps   37,995 | ep_ret   13.37 ep_len  997.2 (n=128) | pg -0.006 vf 0.011 kl 0.0171 lr 1.7e-04
[anomaly] it 928: explained variance -3.97 < 0 after warm-up: value function not predicting returns
[anomaly] it 928: terminal-step reward dominates the episode: survival is being punished
[anomaly] it 928: joint limit violated by 0.67 rad
[anomaly] it 928: contact penetration 7.3 cm
terrain it  928 mean_level 5.8220
it  929 steps  91324416 sps   37,995 | ep_ret   12.08 ep_len  976.9 (n=109) | pg -0.006 vf 0.010 kl 0.0139 lr 1.1e-04
[anomaly] it 929: explained variance -1.17 < 0 after warm-up: value function not predicting returns
[anomaly] it 929: terminal-step reward dominates the episode: survival is being punished
[anomaly] it 929: joint limit violated by 0.74 rad
[anomaly] it 929: contact penetration 4.8 cm
terrain it  929 mean_level 5.8179
it  930 steps  91422720 sps   37,995 | ep_ret   13.17 ep_len 1000.0 (n=110) | pg -0.006 vf 0.010 kl 0.0124 lr 1.1e-04
[anomaly] it 930: explained variance -4.24 < 0 after warm-up: value function not predicting returns
[anomaly] it 930: joint limit violated by 0.70 rad
[anomaly] it 930: contact penetration 7.1 cm
terrain it  930 mean_level 5.8232
it  931 steps  91521024 sps   37,995 | ep_ret   13.11 ep_len  996.2 (n=103) | pg -0.008 vf 0.014 kl 0.0141 lr 1.1e-04
[anomaly] it 931: explained variance -2.72 < 0 after warm-up: value function not predicting returns
[anomaly] it 931: terminal-step reward dominates the episode: survival is being punished
[anomaly] it 931: joint limit violated by 0.62 rad
[anomaly] it 931: contact penetration 8.4 cm
terrain it  931 mean_level 5.8210
it  932 steps  91619328 sps   37,995 | ep_ret   12.84 ep_len  971.8 (n=102) | pg -0.007 vf 0.012 kl 0.0143 lr 1.7e-04
[anomaly] it 932: explained variance -2.52 < 0 after warm-up: value function not predicting returns
[anomaly] it 932: terminal-step reward dominates the episode: survival is being punished
[anomaly] it 932: joint limit violated by 0.68 rad
[anomaly] it 932: contact penetration 5.5 cm
terrain it  932 mean_level 5.8267
it  933 steps  91717632 sps   37,995 | ep_ret   12.91 ep_len  980.6 (n=105) | pg -0.006 vf 0.012 kl 0.0149 lr 1.1e-04
[anomaly] it 933: explained variance -2.55 < 0 after warm-up: value function not predicting returns
[anomaly] it 933: terminal-step reward dominates the episode: survival is being punished
[anomaly] it 933: joint limit violated by 0.64 rad
[anomaly] it 933: contact penetration 5.9 cm
terrain it  933 mean_level 5.8252
it  934 steps  91815936 sps   37,995 | ep_ret   12.57 ep_len  997.0 (n=104) | pg -0.006 vf 0.011 kl 0.0131 lr 7.6e-05
[anomaly] it 934: explained variance -4.37 < 0 after warm-up: value function not predicting returns
[anomaly] it 934: terminal-step reward dominates the episode: survival is being punished
[anomaly] it 934: joint limit violated by 0.62 rad
[anomaly] it 934: contact penetration 5.9 cm
terrain it  934 mean_level 5.8235
it  935 steps  91914240 sps   37,995 | ep_ret   13.41 ep_len  990.3 (n=92) | pg -0.009 vf 0.010 kl 0.0105 lr 1.1e-04
[anomaly] it 935: explained variance -3.03 < 0 after warm-up: value function not predicting returns
[anomaly] it 935: terminal-step reward dominates the episode: survival is being punished
[anomaly] it 935: joint limit violated by 0.65 rad
[anomaly] it 935: contact penetration 7.3 cm
terrain it  935 mean_level 5.8276
it  936 steps  92012544 sps   37,994 | ep_ret   12.60 ep_len  973.8 (n=112) | pg -0.007 vf 0.011 kl 0.0142 lr 1.1e-04
[anomaly] it 936: explained variance -2.47 < 0 after warm-up: value function not predicting returns
[anomaly] it 936: terminal-step reward dominates the episode: survival is being punished
[anomaly] it 936: joint limit violated by 0.65 rad
[anomaly] it 936: contact penetration 6.0 cm
terrain it  936 mean_level 5.8298
it  937 steps  92110848 sps   37,994 | ep_ret   13.49 ep_len  992.5 (n=96) | pg -0.009 vf 0.010 kl 0.0150 lr 1.1e-04
[anomaly] it 937: explained variance -4.06 < 0 after warm-up: value function not predicting returns
[anomaly] it 937: terminal-step reward dominates the episode: survival is being punished
[anomaly] it 937: joint limit violated by 0.67 rad
[anomaly] it 937: contact penetration 6.1 cm
terrain it  937 mean_level 5.8254
it  938 steps  92209152 sps   37,994 | ep_ret   13.34 ep_len  986.2 (n=72) | pg -0.007 vf 0.013 kl 0.0156 lr 1.1e-04
[anomaly] it 938: explained variance -3.75 < 0 after warm-up: value function not predicting returns
[anomaly] it 938: terminal-step reward dominates the episode: survival is being punished
[anomaly] it 938: joint limit violated by 0.70 rad
[anomaly] it 938: contact penetration 6.7 cm
terrain it  938 mean_level 5.8303
it  939 steps  92307456 sps   37,994 | ep_ret   12.09 ep_len  950.5 (n=92) | pg -0.009 vf 0.011 kl 0.0153 lr 1.7e-04
[anomaly] it 939: explained variance -1.97 < 0 after warm-up: value function not predicting returns
[anomaly] it 939: terminal-step reward dominates the episode: survival is being punished
[anomaly] it 939: joint limit violated by 0.58 rad
[anomaly] it 939: contact penetration 8.1 cm
terrain it  939 mean_level 5.8347
it  940 steps  92405760 sps   37,994 | ep_ret   12.35 ep_len  969.5 (n=81) | pg -0.007 vf 0.010 kl 0.0139 lr 7.6e-05
[anomaly] it 940: explained variance -1.66 < 0 after warm-up: value function not predicting returns
[anomaly] it 940: terminal-step reward dominates the episode: survival is being punished
[anomaly] it 940: joint limit violated by 0.66 rad
[anomaly] it 940: contact penetration 6.1 cm
terrain it  940 mean_level 5.8313
it  941 steps  92504064 sps   37,994 | ep_ret   12.21 ep_len  952.5 (n=80) | pg -0.008 vf 0.013 kl 0.0152 lr 1.1e-04
[anomaly] it 941: explained variance -1.57 < 0 after warm-up: value function not predicting returns
[anomaly] it 941: terminal-step reward dominates the episode: survival is being punished
[anomaly] it 941: joint limit violated by 0.69 rad
[anomaly] it 941: contact penetration 9.8 cm
terrain it  941 mean_level 5.8337
it  942 steps  92602368 sps   37,994 | ep_ret   12.51 ep_len  982.8 (n=86) | pg -0.008 vf 0.011 kl 0.0139 lr 1.7e-04
[anomaly] it 942: explained variance -2.62 < 0 after warm-up: value function not predicting returns
[anomaly] it 942: terminal-step reward dominates the episode: survival is being punished
[anomaly] it 942: joint limit violated by 0.77 rad
[anomaly] it 942: contact penetration 9.4 cm
terrain it  942 mean_level 5.8308
it  943 steps  92700672 sps   37,994 | ep_ret   12.75 ep_len  976.2 (n=83) | pg -0.007 vf 0.010 kl 0.0164 lr 1.7e-04
[anomaly] it 943: explained variance -2.66 < 0 after warm-up: value function not predicting returns
[anomaly] it 943: terminal-step reward dominates the episode: survival is being punished
[anomaly] it 943: joint limit violated by 0.61 rad
[anomaly] it 943: contact penetration 7.7 cm
terrain it  943 mean_level 5.8362
it  944 steps  92798976 sps   37,994 | ep_ret   13.04 ep_len  987.4 (n=78) | pg -0.008 vf 0.011 kl 0.0152 lr 1.1e-04
[anomaly] it 944: explained variance -2.62 < 0 after warm-up: value function not predicting returns
[anomaly] it 944: terminal-step reward dominates the episode: survival is being punished
[anomaly] it 944: joint limit violated by 0.70 rad
[anomaly] it 944: contact penetration 5.4 cm
terrain it  944 mean_level 5.8325
it  945 steps  92897280 sps   37,994 | ep_ret   12.81 ep_len  976.2 (n=84) | pg -0.007 vf 0.017 kl 0.0163 lr 7.6e-05
[anomaly] it 945: explained variance -1.90 < 0 after warm-up: value function not predicting returns
[anomaly] it 945: terminal-step reward dominates the episode: survival is being punished
[anomaly] it 945: joint limit violated by 0.76 rad
[anomaly] it 945: contact penetration 7.2 cm
[anomaly] it 945: contact force 22178 N > 50x robot weight
terrain it  945 mean_level 5.8333
it  946 steps  92995584 sps   37,994 | ep_ret   12.45 ep_len  974.1 (n=87) | pg -0.010 vf 0.009 kl 0.0143 lr 1.7e-04
[anomaly] it 946: explained variance -2.59 < 0 after warm-up: value function not predicting returns
[anomaly] it 946: terminal-step reward dominates the episode: survival is being punished
[anomaly] it 946: joint limit violated by 0.69 rad
[anomaly] it 946: contact penetration 6.9 cm
terrain it  946 mean_level 5.8315
it  947 steps  93093888 sps   37,994 | ep_ret   12.82 ep_len  995.0 (n=81) | pg -0.005 vf 0.011 kl 0.0145 lr 1.1e-04
[anomaly] it 947: explained variance -3.99 < 0 after warm-up: value function not predicting returns
[anomaly] it 947: terminal-step reward dominates the episode: survival is being punished
[anomaly] it 947: joint limit violated by 0.62 rad
[anomaly] it 947: contact penetration 5.6 cm
terrain it  947 mean_level 5.8303
it  948 steps  93192192 sps   37,993 | ep_ret   12.52 ep_len  975.3 (n=93) | pg -0.006 vf 0.011 kl 0.0149 lr 7.6e-05
[anomaly] it 948: explained variance -1.73 < 0 after warm-up: value function not predicting returns
[anomaly] it 948: terminal-step reward dominates the episode: survival is being punished
[anomaly] it 948: joint limit violated by 0.83 rad
[anomaly] it 948: contact penetration 6.8 cm
terrain it  948 mean_level 5.8269
it  949 steps  93290496 sps   37,993 | ep_ret   13.11 ep_len  984.3 (n=92) | pg -0.008 vf 0.009 kl 0.0100 lr 1.1e-04
[anomaly] it 949: explained variance -1.93 < 0 after warm-up: value function not predicting returns
[anomaly] it 949: terminal-step reward dominates the episode: survival is being punished
[anomaly] it 949: joint limit violated by 0.62 rad
[anomaly] it 949: contact penetration 6.6 cm
terrain it  949 mean_level 5.8315
it  950 steps  93388800 sps   37,993 | ep_ret   13.40 ep_len  988.2 (n=76) | pg -0.008 vf 0.012 kl 0.0147 lr 1.7e-04
[anomaly] it 950: explained variance -3.22 < 0 after warm-up: value function not predicting returns
[anomaly] it 950: terminal-step reward dominates the episode: survival is being punished
[anomaly] it 950: joint limit violated by 0.67 rad
[anomaly] it 950: contact penetration 8.1 cm
terrain it  950 mean_level 5.8328
it  951 steps  93487104 sps   37,993 | ep_ret   12.43 ep_len  983.2 (n=76) | pg -0.005 vf 0.009 kl 0.0147 lr 1.1e-04
[anomaly] it 951: explained variance -1.32 < 0 after warm-up: value function not predicting returns
[anomaly] it 951: terminal-step reward dominates the episode: survival is being punished
[anomaly] it 951: joint limit violated by 0.64 rad
[anomaly] it 951: contact penetration 5.6 cm
[anomaly] it 951: contact force 22814 N > 50x robot weight
terrain it  951 mean_level 5.8323
it  952 steps  93585408 sps   37,993 | ep_ret   13.05 ep_len  987.3 (n=95) | pg -0.009 vf 0.010 kl 0.0162 lr 1.7e-04
[anomaly] it 952: explained variance -2.34 < 0 after warm-up: value function not predicting returns
[anomaly] it 952: terminal-step reward dominates the episode: survival is being punished
[anomaly] it 952: joint limit violated by 0.64 rad
[anomaly] it 952: contact penetration 7.2 cm
terrain it  952 mean_level 5.8308
it  953 steps  93683712 sps   37,993 | ep_ret   13.01 ep_len  983.5 (n=94) | pg -0.005 vf 0.013 kl 0.0138 lr 1.1e-04
[anomaly] it 953: explained variance -2.44 < 0 after warm-up: value function not predicting returns
[anomaly] it 953: terminal-step reward dominates the episode: survival is being punished
[anomaly] it 953: joint limit violated by 0.69 rad
[anomaly] it 953: contact penetration 6.3 cm
terrain it  953 mean_level 5.8315
it  954 steps  93782016 sps   37,993 | ep_ret   12.99 ep_len  993.9 (n=89) | pg -0.009 vf 0.009 kl 0.0131 lr 1.7e-04
[anomaly] it 954: explained variance -3.55 < 0 after warm-up: value function not predicting returns
[anomaly] it 954: terminal-step reward dominates the episode: survival is being punished
[anomaly] it 954: joint limit violated by 0.68 rad
[anomaly] it 954: contact penetration 4.5 cm
terrain it  954 mean_level 5.8328
it  955 steps  93880320 sps   37,993 | ep_ret   12.93 ep_len  982.0 (n=112) | pg -0.005 vf 0.013 kl 0.0146 lr 7.6e-05
[anomaly] it 955: explained variance -2.82 < 0 after warm-up: value function not predicting returns
[anomaly] it 955: terminal-step reward dominates the episode: survival is being punished
[anomaly] it 955: joint limit violated by 0.67 rad
[anomaly] it 955: contact penetration 7.2 cm
terrain it  955 mean_level 5.8379
it  956 steps  93978624 sps   37,993 | ep_ret   12.83 ep_len  970.8 (n=99) | pg -0.008 vf 0.010 kl 0.0109 lr 1.1e-04
[anomaly] it 956: explained variance -1.84 < 0 after warm-up: value function not predicting returns
[anomaly] it 956: terminal-step reward dominates the episode: survival is being punished
[anomaly] it 956: joint limit violated by 0.68 rad
[anomaly] it 956: contact penetration 6.7 cm
[anomaly] it 956: contact force 24191 N > 50x robot weight
terrain it  956 mean_level 5.8381
it  957 steps  94076928 sps   37,993 | ep_ret   13.31 ep_len  992.0 (n=106) | pg -0.010 vf 0.011 kl 0.0137 lr 1.1e-04
[anomaly] it 957: explained variance -4.25 < 0 after warm-up: value function not predicting returns
[anomaly] it 957: terminal-step reward dominates the episode: survival is being punished
[anomaly] it 957: joint limit violated by 0.71 rad
[anomaly] it 957: contact penetration 8.1 cm
[anomaly] it 957: contact force 22376 N > 50x robot weight
terrain it  957 mean_level 5.8352
it  958 steps  94175232 sps   37,993 | ep_ret   13.11 ep_len  980.6 (n=103) | pg -0.007 vf 0.010 kl 0.0171 lr 7.6e-05
[anomaly] it 958: explained variance -1.85 < 0 after warm-up: value function not predicting returns
[anomaly] it 958: terminal-step reward dominates the episode: survival is being punished
[anomaly] it 958: joint limit violated by 0.62 rad
[anomaly] it 958: contact penetration 7.0 cm
terrain it  958 mean_level 5.8340
it  959 steps  94273536 sps   37,993 | ep_ret   13.85 ep_len  996.3 (n=110) | pg -0.006 vf 0.010 kl 0.0105 lr 7.6e-05
[anomaly] it 959: explained variance -3.44 < 0 after warm-up: value function not predicting returns
[anomaly] it 959: terminal-step reward dominates the episode: survival is being punished
[anomaly] it 959: joint limit violated by 0.76 rad
[anomaly] it 959: contact penetration 9.0 cm
terrain it  959 mean_level 5.8442
it  960 steps  94371840 sps   37,992 | ep_ret   13.18 ep_len  986.9 (n=116) | pg -0.007 vf 0.009 kl 0.0156 lr 7.6e-05
[anomaly] it 960: explained variance -2.36 < 0 after warm-up: value function not predicting returns
[anomaly] it 960: terminal-step reward dominates the episode: survival is being punished
[anomaly] it 960: joint limit violated by 0.63 rad
[anomaly] it 960: contact penetration 7.1 cm
terrain it  960 mean_level 5.8481
it  961 steps  94470144 sps   37,992 | ep_ret   14.15 ep_len  996.6 (n=103) | pg -0.009 vf 0.011 kl 0.0109 lr 1.1e-04
[anomaly] it 961: explained variance -2.85 < 0 after warm-up: value function not predicting returns
[anomaly] it 961: terminal-step reward dominates the episode: survival is being punished
[anomaly] it 961: joint limit violated by 0.71 rad
[anomaly] it 961: contact penetration 7.4 cm
terrain it  961 mean_level 5.8530
it  962 steps  94568448 sps   37,992 | ep_ret   13.45 ep_len  978.0 (n=126) | pg -0.008 vf 0.012 kl 0.0147 lr 1.1e-04
[anomaly] it 962: explained variance -1.95 < 0 after warm-up: value function not predicting returns
[anomaly] it 962: terminal-step reward dominates the episode: survival is being punished
[anomaly] it 962: joint limit violated by 0.64 rad
[anomaly] it 962: contact penetration 7.1 cm
terrain it  962 mean_level 5.8560
it  963 steps  94666752 sps   37,992 | ep_ret   13.01 ep_len  982.5 (n=129) | pg -0.004 vf 0.010 kl 0.0133 lr 7.6e-05
[anomaly] it 963: explained variance -1.92 < 0 after warm-up: value function not predicting returns
[anomaly] it 963: terminal-step reward dominates the episode: survival is being punished
[anomaly] it 963: joint limit violated by 0.67 rad
[anomaly] it 963: contact penetration 6.2 cm
terrain it  963 mean_level 5.8643
it  964 steps  94765056 sps   37,992 | ep_ret   13.17 ep_len  976.7 (n=125) | pg -0.009 vf 0.011 kl 0.0142 lr 1.7e-04
[anomaly] it 964: explained variance -1.29 < 0 after warm-up: value function not predicting returns
[anomaly] it 964: terminal-step reward dominates the episode: survival is being punished
[anomaly] it 964: joint limit violated by 0.64 rad
[anomaly] it 964: contact penetration 6.8 cm
terrain it  964 mean_level 5.8645
it  965 steps  94863360 sps   37,993 | ep_ret   14.01 ep_len 1000.0 (n=125) | pg -0.006 vf 0.009 kl 0.0154 lr 1.1e-04
[anomaly] it 965: explained variance -3.72 < 0 after warm-up: value function not predicting returns
[anomaly] it 965: joint limit violated by 0.61 rad
[anomaly] it 965: contact penetration 7.9 cm
terrain it  965 mean_level 5.8613
it  966 steps  94961664 sps   37,993 | ep_ret   13.85 ep_len  992.8 (n=119) | pg -0.006 vf 0.008 kl 0.0155 lr 5.1e-05
[anomaly] it 966: explained variance -2.40 < 0 after warm-up: value function not predicting returns
[anomaly] it 966: terminal-step reward dominates the episode: survival is being punished
[anomaly] it 966: joint limit violated by 0.74 rad
[anomaly] it 966: contact penetration 4.8 cm
[anomaly] it 966: contact force 22180 N > 50x robot weight
terrain it  966 mean_level 5.8679
it  967 steps  95059968 sps   37,993 | ep_ret   13.71 ep_len  988.8 (n=113) | pg -0.009 vf 0.010 kl 0.0120 lr 1.1e-04
[anomaly] it 967: explained variance -2.91 < 0 after warm-up: value function not predicting returns
[anomaly] it 967: terminal-step reward dominates the episode: survival is being punished
[anomaly] it 967: joint limit violated by 0.65 rad
[anomaly] it 967: contact penetration 6.3 cm
[anomaly] it 967: contact force 22181 N > 50x robot weight
terrain it  967 mean_level 5.8589
it  968 steps  95158272 sps   37,993 | ep_ret   13.20 ep_len  974.3 (n=106) | pg -0.005 vf 0.013 kl 0.0146 lr 1.1e-04
[anomaly] it 968: explained variance -1.79 < 0 after warm-up: value function not predicting returns
[anomaly] it 968: terminal-step reward dominates the episode: survival is being punished
[anomaly] it 968: joint limit violated by 0.70 rad
[anomaly] it 968: contact penetration 6.4 cm
[anomaly] it 968: contact force 22077 N > 50x robot weight
terrain it  968 mean_level 5.8538
it  969 steps  95256576 sps   37,993 | ep_ret   14.01 ep_len  989.2 (n=107) | pg -0.008 vf 0.010 kl 0.0144 lr 1.7e-04
[anomaly] it 969: explained variance -2.93 < 0 after warm-up: value function not predicting returns
[anomaly] it 969: terminal-step reward dominates the episode: survival is being punished
[anomaly] it 969: joint limit violated by 0.68 rad
[anomaly] it 969: contact penetration 6.4 cm
terrain it  969 mean_level 5.8560
it  970 steps  95354880 sps   37,993 | ep_ret   13.67 ep_len  987.1 (n=127) | pg -0.006 vf 0.009 kl 0.0160 lr 1.7e-04
[anomaly] it 970: explained variance -2.29 < 0 after warm-up: value function not predicting returns
[anomaly] it 970: terminal-step reward dominates the episode: survival is being punished
[anomaly] it 970: joint limit violated by 0.74 rad
[anomaly] it 970: contact penetration 6.2 cm
terrain it  970 mean_level 5.8577
it  971 steps  95453184 sps   37,993 | ep_ret   13.59 ep_len  997.4 (n=101) | pg -0.009 vf 0.008 kl 0.0156 lr 1.1e-04
[anomaly] it 971: explained variance -3.08 < 0 after warm-up: value function not predicting returns
[anomaly] it 971: terminal-step reward dominates the episode: survival is being punished
[anomaly] it 971: joint limit violated by 0.71 rad
[anomaly] it 971: contact penetration 7.8 cm
[anomaly] it 971: contact force 22089 N > 50x robot weight
terrain it  971 mean_level 5.8594
it  972 steps  95551488 sps   37,993 | ep_ret   13.37 ep_len  999.9 (n=115) | pg -0.009 vf 0.008 kl 0.0136 lr 1.7e-04
[anomaly] it 972: explained variance -2.61 < 0 after warm-up: value function not predicting returns
[anomaly] it 972: terminal-step reward dominates the episode: survival is being punished
[anomaly] it 972: joint limit violated by 0.66 rad
[anomaly] it 972: contact penetration 6.0 cm
[anomaly] it 972: contact force 22185 N > 50x robot weight
terrain it  972 mean_level 5.8652
it  973 steps  95649792 sps   37,993 | ep_ret   13.32 ep_len  985.8 (n=95) | pg -0.002 vf 0.010 kl 0.0163 lr 7.6e-05
[anomaly] it 973: explained variance -2.96 < 0 after warm-up: value function not predicting returns
[anomaly] it 973: terminal-step reward dominates the episode: survival is being punished
[anomaly] it 973: joint limit violated by 0.73 rad
[anomaly] it 973: contact penetration 8.8 cm
[anomaly] it 973: contact force 22109 N > 50x robot weight
terrain it  973 mean_level 5.8567
it  974 steps  95748096 sps   37,993 | ep_ret   13.82 ep_len  974.6 (n=99) | pg -0.008 vf 0.010 kl 0.0110 lr 1.1e-04
[anomaly] it 974: explained variance -1.73 < 0 after warm-up: value function not predicting returns
[anomaly] it 974: terminal-step reward dominates the episode: survival is being punished
[anomaly] it 974: joint limit violated by 0.65 rad
[anomaly] it 974: contact penetration 6.0 cm
[anomaly] it 974: contact force 22103 N > 50x robot weight
terrain it  974 mean_level 5.8550
it  975 steps  95846400 sps   37,993 | ep_ret   13.73 ep_len  995.7 (n=110) | pg -0.009 vf 0.010 kl 0.0143 lr 1.7e-04
[anomaly] it 975: explained variance -3.07 < 0 after warm-up: value function not predicting returns
[anomaly] it 975: terminal-step reward dominates the episode: survival is being punished
[anomaly] it 975: joint limit violated by 0.70 rad
[anomaly] it 975: contact penetration 6.8 cm
[anomaly] it 975: contact force 22110 N > 50x robot weight
terrain it  975 mean_level 5.8481
it  976 steps  95944704 sps   37,993 | ep_ret   13.43 ep_len  993.9 (n=96) | pg -0.004 vf 0.011 kl 0.0156 lr 1.1e-04
[anomaly] it 976: explained variance -2.24 < 0 after warm-up: value function not predicting returns
[anomaly] it 976: terminal-step reward dominates the episode: survival is being punished
[anomaly] it 976: joint limit violated by 0.63 rad
[anomaly] it 976: contact penetration 7.7 cm
terrain it  976 mean_level 5.8450
it  977 steps  96043008 sps   37,993 | ep_ret   13.60 ep_len  999.1 (n=96) | pg -0.008 vf 0.008 kl 0.0158 lr 1.7e-04
[anomaly] it 977: explained variance -3.14 < 0 after warm-up: value function not predicting returns
[anomaly] it 977: terminal-step reward dominates the episode: survival is being punished
[anomaly] it 977: joint limit violated by 0.64 rad
[anomaly] it 977: contact penetration 7.2 cm
terrain it  977 mean_level 5.8501
it  978 steps  96141312 sps   37,993 | ep_ret   14.36 ep_len 1000.0 (n=103) | pg -0.007 vf 0.007 kl 0.0162 lr 7.6e-05
[anomaly] it 978: explained variance -3.49 < 0 after warm-up: value function not predicting returns
[anomaly] it 978: joint limit violated by 0.59 rad
[anomaly] it 978: contact penetration 6.7 cm
terrain it  978 mean_level 5.8591
it  979 steps  96239616 sps   37,993 | ep_ret   13.93 ep_len  999.3 (n=92) | pg -0.006 vf 0.008 kl 0.0129 lr 1.1e-04
[anomaly] it 979: explained variance -2.59 < 0 after warm-up: value function not predicting returns
[anomaly] it 979: terminal-step reward dominates the episode: survival is being punished
[anomaly] it 979: joint limit violated by 0.68 rad
[anomaly] it 979: contact penetration 6.5 cm
terrain it  979 mean_level 5.8589
it  980 steps  96337920 sps   37,992 | ep_ret   13.50 ep_len  986.0 (n=77) | pg -0.007 vf 0.011 kl 0.0152 lr 1.7e-04
[anomaly] it 980: explained variance -2.10 < 0 after warm-up: value function not predicting returns
[anomaly] it 980: terminal-step reward dominates the episode: survival is being punished
[anomaly] it 980: joint limit violated by 0.62 rad
[anomaly] it 980: contact penetration 5.6 cm
[anomaly] it 980: contact force 20975 N > 50x robot weight
terrain it  980 mean_level 5.8606
it  981 steps  96436224 sps   37,992 | ep_ret   13.13 ep_len  978.0 (n=92) | pg -0.007 vf 0.009 kl 0.0145 lr 1.1e-04
[anomaly] it 981: explained variance -2.56 < 0 after warm-up: value function not predicting returns
[anomaly] it 981: terminal-step reward dominates the episode: survival is being punished
[anomaly] it 981: joint limit violated by 0.82 rad
[anomaly] it 981: contact penetration 5.9 cm
terrain it  981 mean_level 5.8577
it  982 steps  96534528 sps   37,992 | ep_ret   13.88 ep_len  999.0 (n=74) | pg -0.005 vf 0.012 kl 0.0146 lr 1.1e-04
[anomaly] it 982: explained variance -3.12 < 0 after warm-up: value function not predicting returns
[anomaly] it 982: terminal-step reward dominates the episode: survival is being punished
[anomaly] it 982: joint limit violated by 0.79 rad
[anomaly] it 982: contact penetration 6.4 cm
[anomaly] it 982: contact force 22181 N > 50x robot weight
terrain it  982 mean_level 5.8584
it  983 steps  96632832 sps   37,992 | ep_ret   13.69 ep_len  988.6 (n=81) | pg -0.008 vf 0.010 kl 0.0153 lr 1.1e-04
[anomaly] it 983: explained variance -2.39 < 0 after warm-up: value function not predicting returns
[anomaly] it 983: terminal-step reward dominates the episode: survival is being punished
[anomaly] it 983: joint limit violated by 0.59 rad
[anomaly] it 983: contact penetration 8.7 cm
terrain it  983 mean_level 5.8616
it  984 steps  96731136 sps   37,992 | ep_ret   13.42 ep_len  976.2 (n=88) | pg -0.008 vf 0.009 kl 0.0147 lr 7.6e-05
[anomaly] it 984: explained variance -1.87 < 0 after warm-up: value function not predicting returns
[anomaly] it 984: terminal-step reward dominates the episode: survival is being punished
[anomaly] it 984: joint limit violated by 0.60 rad
[anomaly] it 984: contact penetration 5.9 cm
terrain it  984 mean_level 5.8542
it  985 steps  96829440 sps   37,992 | ep_ret   13.80 ep_len 1000.0 (n=79) | pg -0.008 vf 0.009 kl 0.0166 lr 1.1e-04
[anomaly] it 985: explained variance -3.79 < 0 after warm-up: value function not predicting returns
[anomaly] it 985: joint limit violated by 0.67 rad
[anomaly] it 985: contact penetration 8.8 cm
[anomaly] it 985: contact force 44736 N > 50x robot weight
terrain it  985 mean_level 5.8489
it  986 steps  96927744 sps   37,991 | ep_ret   13.18 ep_len  961.8 (n=74) | pg -0.007 vf 0.011 kl 0.0167 lr 1.7e-04
[anomaly] it 986: explained variance -1.90 < 0 after warm-up: value function not predicting returns
[anomaly] it 986: terminal-step reward dominates the episode: survival is being punished
[anomaly] it 986: joint limit violated by 0.55 rad
[anomaly] it 986: contact penetration 8.1 cm
terrain it  986 mean_level 5.8474
it  987 steps  97026048 sps   37,991 | ep_ret   13.26 ep_len  982.0 (n=92) | pg -0.005 vf 0.009 kl 0.0142 lr 7.6e-05
[anomaly] it 987: explained variance -2.40 < 0 after warm-up: value function not predicting returns
[anomaly] it 987: terminal-step reward dominates the episode: survival is being punished
[anomaly] it 987: joint limit violated by 0.72 rad
[anomaly] it 987: contact penetration 7.4 cm
terrain it  987 mean_level 5.8481
it  988 steps  97124352 sps   37,992 | ep_ret   13.20 ep_len  985.2 (n=73) | pg -0.008 vf 0.010 kl 0.0146 lr 1.1e-04
[anomaly] it 988: explained variance -2.60 < 0 after warm-up: value function not predicting returns
[anomaly] it 988: terminal-step reward dominates the episode: survival is being punished
[anomaly] it 988: joint limit violated by 0.67 rad
[anomaly] it 988: contact penetration 6.5 cm
terrain it  988 mean_level 5.8542
it  989 steps  97222656 sps   37,992 | ep_ret   13.54 ep_len  991.6 (n=103) | pg -0.009 vf 0.013 kl 0.0135 lr 1.7e-04
[anomaly] it 989: explained variance -2.50 < 0 after warm-up: value function not predicting returns
[anomaly] it 989: terminal-step reward dominates the episode: survival is being punished
[anomaly] it 989: joint limit violated by 0.66 rad
[anomaly] it 989: contact penetration 6.3 cm
[anomaly] it 989: contact force 22180 N > 50x robot weight
terrain it  989 mean_level 5.8608
it  990 steps  97320960 sps   37,992 | ep_ret   12.65 ep_len  951.1 (n=90) | pg -0.006 vf 0.011 kl 0.0154 lr 1.1e-04
[anomaly] it 990: explained variance -1.41 < 0 after warm-up: value function not predicting returns
[anomaly] it 990: terminal-step reward dominates the episode: survival is being punished
[anomaly] it 990: joint limit violated by 0.71 rad
[anomaly] it 990: contact penetration 6.3 cm
terrain it  990 mean_level 5.8662
it  991 steps  97419264 sps   37,992 | ep_ret   13.54 ep_len  974.2 (n=88) | pg -0.007 vf 0.010 kl 0.0172 lr 5.1e-05
[anomaly] it 991: explained variance -1.81 < 0 after warm-up: value function not predicting returns
[anomaly] it 991: terminal-step reward dominates the episode: survival is being punished
[anomaly] it 991: joint limit violated by 0.77 rad
[anomaly] it 991: contact penetration 5.8 cm
[anomaly] it 991: contact force 22039 N > 50x robot weight
terrain it  991 mean_level 5.8643
it  992 steps  97517568 sps   37,992 | ep_ret   13.20 ep_len  987.7 (n=71) | pg -0.007 vf 0.014 kl 0.0132 lr 1.1e-04
[anomaly] it 992: explained variance -1.39 < 0 after warm-up: value function not predicting returns
[anomaly] it 992: terminal-step reward dominates the episode: survival is being punished
[anomaly] it 992: joint limit violated by 0.70 rad
[anomaly] it 992: contact penetration 6.1 cm
terrain it  992 mean_level 5.8652
it  993 steps  97615872 sps   37,992 | ep_ret   13.61 ep_len  972.6 (n=93) | pg -0.007 vf 0.015 kl 0.0151 lr 1.1e-04
[anomaly] it 993: explained variance -1.49 < 0 after warm-up: value function not predicting returns
[anomaly] it 993: terminal-step reward dominates the episode: survival is being punished
[anomaly] it 993: joint limit violated by 0.74 rad
[anomaly] it 993: contact penetration 7.4 cm
terrain it  993 mean_level 5.8765
it  994 steps  97714176 sps   37,992 | ep_ret   13.59 ep_len  981.6 (n=102) | pg -0.008 vf 0.009 kl 0.0151 lr 1.7e-04
[anomaly] it 994: explained variance -2.38 < 0 after warm-up: value function not predicting returns
[anomaly] it 994: terminal-step reward dominates the episode: survival is being punished
[anomaly] it 994: joint limit violated by 0.70 rad
[anomaly] it 994: contact penetration 6.1 cm
terrain it  994 mean_level 5.8789
it  995 steps  97812480 sps   37,992 | ep_ret   14.19 ep_len  990.4 (n=79) | pg -0.009 vf 0.008 kl 0.0149 lr 1.7e-04
[anomaly] it 995: explained variance -4.10 < 0 after warm-up: value function not predicting returns
[anomaly] it 995: terminal-step reward dominates the episode: survival is being punished
[anomaly] it 995: joint limit violated by 0.68 rad
[anomaly] it 995: contact penetration 5.9 cm
terrain it  995 mean_level 5.8801
it  996 steps  97910784 sps   37,992 | ep_ret   13.63 ep_len  978.5 (n=103) | pg -0.007 vf 0.009 kl 0.0160 lr 7.6e-05
[anomaly] it 996: explained variance -2.32 < 0 after warm-up: value function not predicting returns
[anomaly] it 996: terminal-step reward dominates the episode: survival is being punished
[anomaly] it 996: joint limit violated by 0.61 rad
[anomaly] it 996: contact penetration 7.0 cm
terrain it  996 mean_level 5.8757
it  997 steps  98009088 sps   37,992 | ep_ret   14.04 ep_len  999.7 (n=116) | pg -0.010 vf 0.009 kl 0.0112 lr 1.1e-04
[anomaly] it 997: explained variance -3.10 < 0 after warm-up: value function not predicting returns
[anomaly] it 997: terminal-step reward dominates the episode: survival is being punished
[anomaly] it 997: joint limit violated by 0.62 rad
[anomaly] it 997: contact penetration 5.6 cm
terrain it  997 mean_level 5.8782
it  998 steps  98107392 sps   37,992 | ep_ret   13.83 ep_len  992.5 (n=90) | pg -0.008 vf 0.009 kl 0.0144 lr 1.1e-04
[anomaly] it 998: explained variance -2.86 < 0 after warm-up: value function not predicting returns
[anomaly] it 998: terminal-step reward dominates the episode: survival is being punished
[anomaly] it 998: joint limit violated by 0.64 rad
[anomaly] it 998: contact penetration 7.3 cm
terrain it  998 mean_level 5.8733
it  999 steps  98205696 sps   37,993 | ep_ret   14.15 ep_len  987.6 (n=108) | pg -0.006 vf 0.010 kl 0.0164 lr 1.1e-04
[anomaly] it 999: explained variance -2.51 < 0 after warm-up: value function not predicting returns
[anomaly] it 999: terminal-step reward dominates the episode: survival is being punished
[anomaly] it 999: joint limit violated by 0.68 rad
[anomaly] it 999: contact penetration 5.9 cm
terrain it  999 mean_level 5.8760
it 1000 steps  98304000 sps   37,993 | ep_ret   14.25 ep_len  990.6 (n=104) | pg -0.008 vf 0.010 kl 0.0153 lr 1.7e-04
[anomaly] it 1000: explained variance -2.50 < 0 after warm-up: value function not predicting returns
[anomaly] it 1000: terminal-step reward dominates the episode: survival is being punished
[anomaly] it 1000: joint limit violated by 0.62 rad
[anomaly] it 1000: contact penetration 6.6 cm
terrain it 1000 mean_level 5.8806
it 1001 steps  98402304 sps   37,993 | ep_ret   13.81 ep_len  973.0 (n=109) | pg -0.007 vf 0.011 kl 0.0146 lr 1.1e-04
[anomaly] it 1001: explained variance -1.62 < 0 after warm-up: value function not predicting returns
[anomaly] it 1001: terminal-step reward dominates the episode: survival is being punished
[anomaly] it 1001: joint limit violated by 0.74 rad
[anomaly] it 1001: contact penetration 5.9 cm
terrain it 1001 mean_level 5.8865
it 1002 steps  98500608 sps   37,993 | ep_ret   14.38 ep_len  992.9 (n=116) | pg -0.009 vf 0.010 kl 0.0154 lr 1.7e-04
[anomaly] it 1002: explained variance -3.25 < 0 after warm-up: value function not predicting returns
[anomaly] it 1002: terminal-step reward dominates the episode: survival is being punished
[anomaly] it 1002: joint limit violated by 0.68 rad
[anomaly] it 1002: contact penetration 6.2 cm
terrain it 1002 mean_level 5.8918
it 1003 steps  98598912 sps   37,993 | ep_ret   13.83 ep_len  973.9 (n=102) | pg -0.006 vf 0.011 kl 0.0151 lr 1.1e-04
[anomaly] it 1003: explained variance -1.44 < 0 after warm-up: value function not predicting returns
[anomaly] it 1003: terminal-step reward dominates the episode: survival is being punished
[anomaly] it 1003: joint limit violated by 0.69 rad
[anomaly] it 1003: contact penetration 6.7 cm
terrain it 1003 mean_level 5.8940
it 1004 steps  98697216 sps   37,993 | ep_ret   14.65 ep_len  990.2 (n=132) | pg -0.009 vf 0.009 kl 0.0153 lr 1.7e-04
[anomaly] it 1004: explained variance -2.81 < 0 after warm-up: value function not predicting returns
[anomaly] it 1004: terminal-step reward dominates the episode: survival is being punished
[anomaly] it 1004: joint limit violated by 0.63 rad
[anomaly] it 1004: contact penetration 7.1 cm
terrain it 1004 mean_level 5.9009
it 1005 steps  98795520 sps   37,993 | ep_ret   14.19 ep_len  999.3 (n=129) | pg -0.007 vf 0.010 kl 0.0175 lr 1.7e-04
[anomaly] it 1005: explained variance -1.63 < 0 after warm-up: value function not predicting returns
[anomaly] it 1005: terminal-step reward dominates the episode: survival is being punished
[anomaly] it 1005: joint limit violated by 0.65 rad
[anomaly] it 1005: contact penetration 7.4 cm
terrain it 1005 mean_level 5.9070
it 1006 steps  98893824 sps   37,993 | ep_ret   14.26 ep_len  989.1 (n=130) | pg -0.006 vf 0.010 kl 0.0142 lr 1.1e-04
[anomaly] it 1006: explained variance -2.83 < 0 after warm-up: value function not predicting returns
[anomaly] it 1006: terminal-step reward dominates the episode: survival is being punished
[anomaly] it 1006: joint limit violated by 0.75 rad
[anomaly] it 1006: contact penetration 6.3 cm
terrain it 1006 mean_level 5.9075
it 1007 steps  98992128 sps   37,993 | ep_ret   14.52 ep_len  993.9 (n=113) | pg -0.007 vf 0.009 kl 0.0163 lr 1.7e-04
[anomaly] it 1007: explained variance -2.94 < 0 after warm-up: value function not predicting returns
[anomaly] it 1007: terminal-step reward dominates the episode: survival is being punished
[anomaly] it 1007: joint limit violated by 0.61 rad
[anomaly] it 1007: contact penetration 5.8 cm
terrain it 1007 mean_level 5.9075
it 1008 steps  99090432 sps   37,993 | ep_ret   14.30 ep_len  983.4 (n=126) | pg -0.000 vf 0.011 kl 0.0151 lr 3.4e-05
[anomaly] it 1008: explained variance -2.11 < 0 after warm-up: value function not predicting returns
[anomaly] it 1008: terminal-step reward dominates the episode: survival is being punished
[anomaly] it 1008: joint limit violated by 0.65 rad
[anomaly] it 1008: contact penetration 5.8 cm
[anomaly] it 1008: contact force 21999 N > 50x robot weight
terrain it 1008 mean_level 5.8967
it 1009 steps  99188736 sps   37,993 | ep_ret   14.64 ep_len  988.4 (n=99) | pg -0.009 vf 0.011 kl 0.0124 lr 1.1e-04
[anomaly] it 1009: explained variance -3.64 < 0 after warm-up: value function not predicting returns
[anomaly] it 1009: terminal-step reward dominates the episode: survival is being punished
[anomaly] it 1009: joint limit violated by 0.73 rad
[anomaly] it 1009: contact penetration 8.6 cm
terrain it 1009 mean_level 5.8994
it 1010 steps  99287040 sps   37,994 | ep_ret   14.44 ep_len  987.5 (n=112) | pg -0.008 vf 0.011 kl 0.0159 lr 1.7e-04
[anomaly] it 1010: explained variance -2.68 < 0 after warm-up: value function not predicting returns
[anomaly] it 1010: terminal-step reward dominates the episode: survival is being punished
[anomaly] it 1010: joint limit violated by 0.63 rad
[anomaly] it 1010: contact penetration 7.5 cm
terrain it 1010 mean_level 5.9006
it 1011 steps  99385344 sps   37,994 | ep_ret   14.60 ep_len  987.1 (n=123) | pg -0.007 vf 0.013 kl 0.0170 lr 1.1e-04
[anomaly] it 1011: explained variance -2.18 < 0 after warm-up: value function not predicting returns
[anomaly] it 1011: terminal-step reward dominates the episode: survival is being punished
[anomaly] it 1011: joint limit violated by 0.72 rad
[anomaly] it 1011: contact penetration 6.5 cm
terrain it 1011 mean_level 5.9067
it 1012 steps  99483648 sps   37,994 | ep_ret   14.31 ep_len  993.8 (n=110) | pg -0.008 vf 0.010 kl 0.0150 lr 1.7e-04
[anomaly] it 1012: explained variance -3.85 < 0 after warm-up: value function not predicting returns
[anomaly] it 1012: terminal-step reward dominates the episode: survival is being punished
[anomaly] it 1012: joint limit violated by 0.66 rad
[anomaly] it 1012: contact penetration 6.0 cm
[anomaly] it 1012: contact force 22140 N > 50x robot weight
terrain it 1012 mean_level 5.9009
it 1013 steps  99581952 sps   37,994 | ep_ret   13.84 ep_len  988.7 (n=112) | pg -0.007 vf 0.011 kl 0.0140 lr 1.1e-04
[anomaly] it 1013: explained variance -2.62 < 0 after warm-up: value function not predicting returns
[anomaly] it 1013: terminal-step reward dominates the episode: survival is being punished
[anomaly] it 1013: joint limit violated by 0.74 rad
[anomaly] it 1013: contact penetration 6.1 cm
terrain it 1013 mean_level 5.9041
it 1014 steps  99680256 sps   37,994 | ep_ret   14.32 ep_len  987.5 (n=104) | pg -0.008 vf 0.010 kl 0.0138 lr 1.7e-04
[anomaly] it 1014: explained variance -2.27 < 0 after warm-up: value function not predicting returns
[anomaly] it 1014: terminal-step reward dominates the episode: survival is being punished
[anomaly] it 1014: joint limit violated by 0.63 rad
[anomaly] it 1014: contact penetration 10.6 cm
terrain it 1014 mean_level 5.9060
it 1015 steps  99778560 sps   37,994 | ep_ret   14.43 ep_len  994.5 (n=100) | pg -0.004 vf 0.009 kl 0.0136 lr 7.6e-05
[anomaly] it 1015: explained variance -3.10 < 0 after warm-up: value function not predicting returns
[anomaly] it 1015: terminal-step reward dominates the episode: survival is being punished
[anomaly] it 1015: joint limit violated by 0.64 rad
[anomaly] it 1015: contact penetration 7.3 cm
terrain it 1015 mean_level 5.9165
it 1016 steps  99876864 sps   37,994 | ep_ret   14.54 ep_len  986.9 (n=106) | pg -0.009 vf 0.009 kl 0.0117 lr 1.1e-04
[anomaly] it 1016: explained variance -3.37 < 0 after warm-up: value function not predicting returns
[anomaly] it 1016: terminal-step reward dominates the episode: survival is being punished
[anomaly] it 1016: joint limit violated by 0.70 rad
[anomaly] it 1016: contact penetration 8.0 cm
terrain it 1016 mean_level 5.9138
it 1017 steps  99975168 sps   37,994 | ep_ret   14.12 ep_len  980.8 (n=95) | pg -0.007 vf 0.009 kl 0.0153 lr 1.7e-04
[anomaly] it 1017: explained variance -1.61 < 0 after warm-up: value function not predicting returns
[anomaly] it 1017: terminal-step reward dominates the episode: survival is being punished
[anomaly] it 1017: joint limit violated by 0.66 rad
[anomaly] it 1017: contact penetration 6.4 cm
terrain it 1017 mean_level 5.9080
it 1018 steps 100073472 sps   37,994 | ep_ret   14.60 ep_len  996.8 (n=93) | pg -0.005 vf 0.008 kl 0.0146 lr 1.1e-04
[anomaly] it 1018: explained variance -2.96 < 0 after warm-up: value function not predicting returns
[anomaly] it 1018: terminal-step reward dominates the episode: survival is being punished
[anomaly] it 1018: joint limit violated by 0.70 rad
[anomaly] it 1018: contact penetration 5.0 cm
terrain it 1018 mean_level 5.9104
it 1019 steps 100171776 sps   37,994 | ep_ret   14.11 ep_len  996.6 (n=99) | pg -0.007 vf 0.008 kl 0.0168 lr 5.1e-05
[anomaly] it 1019: explained variance -3.64 < 0 after warm-up: value function not predicting returns
[anomaly] it 1019: terminal-step reward dominates the episode: survival is being punished
[anomaly] it 1019: joint limit violated by 0.70 rad
[anomaly] it 1019: contact penetration 6.5 cm
terrain it 1019 mean_level 5.9055
it 1020 steps 100270080 sps   37,994 | ep_ret   14.69 ep_len  993.5 (n=91) | pg -0.008 vf 0.009 kl 0.0118 lr 1.1e-04
[anomaly] it 1020: explained variance -2.90 < 0 after warm-up: value function not predicting returns
[anomaly] it 1020: terminal-step reward dominates the episode: survival is being punished
[anomaly] it 1020: joint limit violated by 0.66 rad
[anomaly] it 1020: contact penetration 7.1 cm
[anomaly] it 1020: contact force 22154 N > 50x robot weight
terrain it 1020 mean_level 5.9126
it 1021 steps 100368384 sps   37,994 | ep_ret   14.01 ep_len  987.8 (n=90) | pg -0.007 vf 0.010 kl 0.0158 lr 1.7e-04
[anomaly] it 1021: explained variance -2.11 < 0 after warm-up: value function not predicting returns
[anomaly] it 1021: terminal-step reward dominates the episode: survival is being punished
[anomaly] it 1021: joint limit violated by 0.59 rad
[anomaly] it 1021: contact penetration 6.7 cm
[anomaly] it 1021: contact force 22100 N > 50x robot weight
terrain it 1021 mean_level 5.9150
it 1022 steps 100466688 sps   37,994 | ep_ret   14.42 ep_len  995.6 (n=87) | pg -0.003 vf 0.009 kl 0.0148 lr 7.6e-05
[anomaly] it 1022: explained variance -3.56 < 0 after warm-up: value function not predicting returns
[anomaly] it 1022: terminal-step reward dominates the episode: survival is being punished
[anomaly] it 1022: joint limit violated by 0.73 rad
[anomaly] it 1022: contact penetration 6.4 cm
terrain it 1022 mean_level 5.9185
it 1023 steps 100564992 sps   37,994 | ep_ret   14.52 ep_len  985.9 (n=82) | pg -0.007 vf 0.012 kl 0.0112 lr 1.1e-04
[anomaly] it 1023: explained variance -2.31 < 0 after warm-up: value function not predicting returns
[anomaly] it 1023: terminal-step reward dominates the episode: survival is being punished
[anomaly] it 1023: joint limit violated by 0.59 rad
[anomaly] it 1023: contact penetration 8.3 cm
terrain it 1023 mean_level 5.9170
it 1024 steps 100663296 sps   37,994 | ep_ret   14.28 ep_len  993.3 (n=79) | pg -0.007 vf 0.011 kl 0.0138 lr 7.6e-05
[anomaly] it 1024: explained variance -4.16 < 0 after warm-up: value function not predicting returns
[anomaly] it 1024: terminal-step reward dominates the episode: survival is being punished
[anomaly] it 1024: joint limit violated by 0.72 rad
[anomaly] it 1024: contact penetration 6.7 cm
terrain it 1024 mean_level 5.9204
it 1025 steps 100761600 sps   37,994 | ep_ret   13.82 ep_len  972.1 (n=89) | pg -0.008 vf 0.011 kl 0.0149 lr 1.1e-04
[anomaly] it 1025: explained variance -2.08 < 0 after warm-up: value function not predicting returns
[anomaly] it 1025: terminal-step reward dominates the episode: survival is being punished
[anomaly] it 1025: joint limit violated by 0.69 rad
[anomaly] it 1025: contact penetration 6.4 cm
terrain it 1025 mean_level 5.9189
it 1026 steps 100859904 sps   37,995 | ep_ret   14.00 ep_len  974.1 (n=76) | pg -0.009 vf 0.009 kl 0.0152 lr 1.1e-04
[anomaly] it 1026: explained variance -2.21 < 0 after warm-up: value function not predicting returns
[anomaly] it 1026: terminal-step reward dominates the episode: survival is being punished
[anomaly] it 1026: joint limit violated by 0.68 rad
[anomaly] it 1026: contact penetration 5.6 cm
terrain it 1026 mean_level 5.9260
it 1027 steps 100958208 sps   37,995 | ep_ret   14.01 ep_len  992.9 (n=82) | pg -0.010 vf 0.008 kl 0.0147 lr 1.7e-04
[anomaly] it 1027: explained variance -2.51 < 0 after warm-up: value function not predicting returns
[anomaly] it 1027: terminal-step reward dominates the episode: survival is being punished
[anomaly] it 1027: joint limit violated by 0.66 rad
[anomaly] it 1027: contact penetration 7.0 cm
terrain it 1027 mean_level 5.9221
it 1028 steps 101056512 sps   37,995 | ep_ret   14.49 ep_len  992.9 (n=77) | pg -0.007 vf 0.012 kl 0.0148 lr 1.1e-04
[anomaly] it 1028: explained variance -2.67 < 0 after warm-up: value function not predicting returns
[anomaly] it 1028: terminal-step reward dominates the episode: survival is being punished
[anomaly] it 1028: joint limit violated by 0.61 rad
[anomaly] it 1028: contact penetration 6.8 cm
terrain it 1028 mean_level 5.9282
it 1029 steps 101154816 sps   37,994 | ep_ret   14.06 ep_len  982.3 (n=87) | pg -0.008 vf 0.009 kl 0.0158 lr 1.1e-04
[anomaly] it 1029: explained variance -2.07 < 0 after warm-up: value function not predicting returns
[anomaly] it 1029: terminal-step reward dominates the episode: survival is being punished
[anomaly] it 1029: joint limit violated by 0.62 rad
[anomaly] it 1029: contact penetration 7.8 cm
terrain it 1029 mean_level 5.9307
it 1030 steps 101253120 sps   37,995 | ep_ret   14.10 ep_len  997.5 (n=82) | pg -0.004 vf 0.008 kl 0.0135 lr 7.6e-05
[anomaly] it 1030: explained variance -3.09 < 0 after warm-up: value function not predicting returns
[anomaly] it 1030: terminal-step reward dominates the episode: survival is being punished
[anomaly] it 1030: joint limit violated by 0.69 rad
[anomaly] it 1030: contact penetration 7.5 cm
terrain it 1030 mean_level 5.9307
it 1031 steps 101351424 sps   37,995 | ep_ret   14.02 ep_len  997.8 (n=92) | pg -0.009 vf 0.009 kl 0.0104 lr 1.1e-04
[anomaly] it 1031: explained variance -2.51 < 0 after warm-up: value function not predicting returns
[anomaly] it 1031: terminal-step reward dominates the episode: survival is being punished
[anomaly] it 1031: joint limit violated by 0.66 rad
[anomaly] it 1031: contact penetration 4.7 cm
terrain it 1031 mean_level 5.9353
it 1032 steps 101449728 sps   37,995 | ep_ret   14.25 ep_len  997.5 (n=95) | pg -0.006 vf 0.010 kl 0.0162 lr 1.7e-04
[anomaly] it 1032: explained variance -2.04 < 0 after warm-up: value function not predicting returns
[anomaly] it 1032: terminal-step reward dominates the episode: survival is being punished
[anomaly] it 1032: joint limit violated by 0.68 rad
[anomaly] it 1032: contact penetration 7.6 cm
terrain it 1032 mean_level 5.9380
it 1033 steps 101548032 sps   37,995 | ep_ret   14.41 ep_len  983.6 (n=79) | pg -0.005 vf 0.009 kl 0.0146 lr 7.6e-05
[anomaly] it 1033: explained variance -2.41 < 0 after warm-up: value function not predicting returns
[anomaly] it 1033: terminal-step reward dominates the episode: survival is being punished
[anomaly] it 1033: joint limit violated by 0.78 rad
[anomaly] it 1033: contact penetration 5.3 cm
terrain it 1033 mean_level 5.9365
it 1034 steps 101646336 sps   37,996 | ep_ret   14.25 ep_len  981.7 (n=79) | pg -0.008 vf 0.013 kl 0.0117 lr 1.1e-04
[anomaly] it 1034: explained variance -2.19 < 0 after warm-up: value function not predicting returns
[anomaly] it 1034: terminal-step reward dominates the episode: survival is being punished
[anomaly] it 1034: joint limit violated by 0.79 rad
[anomaly] it 1034: contact penetration 7.1 cm
terrain it 1034 mean_level 5.9399
it 1035 steps 101744640 sps   37,996 | ep_ret   13.96 ep_len  978.3 (n=95) | pg -0.006 vf 0.011 kl 0.0168 lr 1.1e-04
[anomaly] it 1035: explained variance -1.67 < 0 after warm-up: value function not predicting returns
[anomaly] it 1035: terminal-step reward dominates the episode: survival is being punished
[anomaly] it 1035: joint limit violated by 0.69 rad
[anomaly] it 1035: contact penetration 11.9 cm
[anomaly] it 1035: contact force 23489 N > 50x robot weight
terrain it 1035 mean_level 5.9424
it 1036 steps 101842944 sps   37,996 | ep_ret   14.37 ep_len  991.4 (n=95) | pg -0.004 vf 0.008 kl 0.0126 lr 7.6e-05
[anomaly] it 1036: explained variance -3.56 < 0 after warm-up: value function not predicting returns
[anomaly] it 1036: terminal-step reward dominates the episode: survival is being punished
[anomaly] it 1036: joint limit violated by 0.67 rad
[anomaly] it 1036: contact penetration 5.3 cm
terrain it 1036 mean_level 5.9500
it 1037 steps 101941248 sps   37,996 | ep_ret   14.68 ep_len  988.3 (n=71) | pg -0.006 vf 0.011 kl 0.0140 lr 1.1e-04
[anomaly] it 1037: explained variance -3.35 < 0 after warm-up: value function not predicting returns
[anomaly] it 1037: terminal-step reward dominates the episode: survival is being punished
[anomaly] it 1037: joint limit violated by 0.67 rad
[anomaly] it 1037: contact penetration 5.5 cm
terrain it 1037 mean_level 5.9495
it 1038 steps 102039552 sps   37,997 | ep_ret   14.81 ep_len  995.3 (n=106) | pg -0.008 vf 0.008 kl 0.0137 lr 1.7e-04
[anomaly] it 1038: explained variance -2.36 < 0 after warm-up: value function not predicting returns
[anomaly] it 1038: terminal-step reward dominates the episode: survival is being punished
[anomaly] it 1038: joint limit violated by 0.65 rad
[anomaly] it 1038: contact penetration 5.4 cm
[anomaly] it 1038: contact force 23411 N > 50x robot weight
terrain it 1038 mean_level 5.9512
it 1039 steps 102137856 sps   37,997 | ep_ret   14.66 ep_len  989.8 (n=115) | pg -0.005 vf 0.011 kl 0.0150 lr 1.1e-04
[anomaly] it 1039: explained variance -2.67 < 0 after warm-up: value function not predicting returns
[anomaly] it 1039: terminal-step reward dominates the episode: survival is being punished
[anomaly] it 1039: joint limit violated by 0.64 rad
[anomaly] it 1039: contact penetration 7.2 cm
[anomaly] it 1039: contact force 22235 N > 50x robot weight
terrain it 1039 mean_level 5.9504
it 1040 steps 102236160 sps   37,997 | ep_ret   15.10 ep_len  999.5 (n=94) | pg -0.007 vf 0.011 kl 0.0153 lr 1.7e-04
[anomaly] it 1040: explained variance -3.36 < 0 after warm-up: value function not predicting returns
[anomaly] it 1040: terminal-step reward dominates the episode: survival is being punished
[anomaly] it 1040: joint limit violated by 0.76 rad
[anomaly] it 1040: contact penetration 5.5 cm
terrain it 1040 mean_level 5.9500
it 1041 steps 102334464 sps   37,997 | ep_ret   14.51 ep_len  990.2 (n=104) | pg -0.003 vf 0.010 kl 0.0156 lr 7.6e-05
[anomaly] it 1041: explained variance -1.92 < 0 after warm-up: value function not predicting returns
[anomaly] it 1041: terminal-step reward dominates the episode: survival is being punished
[anomaly] it 1041: joint limit violated by 0.69 rad
[anomaly] it 1041: contact penetration 7.9 cm
terrain it 1041 mean_level 5.9487
it 1042 steps 102432768 sps   37,997 | ep_ret   14.89 ep_len  991.0 (n=120) | pg -0.010 vf 0.009 kl 0.0107 lr 1.1e-04
[anomaly] it 1042: explained variance -3.34 < 0 after warm-up: value function not predicting returns
[anomaly] it 1042: terminal-step reward dominates the episode: survival is being punished
[anomaly] it 1042: joint limit violated by 0.63 rad
[anomaly] it 1042: contact penetration 6.2 cm
terrain it 1042 mean_level 5.9473
it 1043 steps 102531072 sps   37,997 | ep_ret   14.51 ep_len  982.5 (n=118) | pg -0.008 vf 0.010 kl 0.0165 lr 1.1e-04
[anomaly] it 1043: explained variance -1.98 < 0 after warm-up: value function not predicting returns
[anomaly] it 1043: terminal-step reward dominates the episode: survival is being punished
[anomaly] it 1043: joint limit violated by 0.74 rad
[anomaly] it 1043: contact penetration 6.7 cm
terrain it 1043 mean_level 5.9485
it 1044 steps 102629376 sps   37,997 | ep_ret   15.46 ep_len  998.1 (n=101) | pg -0.007 vf 0.010 kl 0.0159 lr 1.7e-04
[anomaly] it 1044: explained variance -3.49 < 0 after warm-up: value function not predicting returns
[anomaly] it 1044: terminal-step reward dominates the episode: survival is being punished
[anomaly] it 1044: joint limit violated by 0.67 rad
[anomaly] it 1044: contact penetration 8.0 cm
[anomaly] it 1044: contact force 27293 N > 50x robot weight
terrain it 1044 mean_level 5.9456
it 1045 steps 102727680 sps   37,997 | ep_ret   14.96 ep_len 1000.0 (n=114) | pg -0.006 vf 0.009 kl 0.0176 lr 7.6e-05
[anomaly] it 1045: explained variance -4.12 < 0 after warm-up: value function not predicting returns
[anomaly] it 1045: joint limit violated by 0.70 rad
[anomaly] it 1045: contact penetration 5.9 cm
[anomaly] it 1045: contact force 34181 N > 50x robot weight
terrain it 1045 mean_level 5.9314
it 1046 steps 102825984 sps   37,998 | ep_ret   14.97 ep_len  992.7 (n=127) | pg -0.003 vf 0.010 kl 0.0130 lr 5.1e-05
[anomaly] it 1046: explained variance -2.64 < 0 after warm-up: value function not predicting returns
[anomaly] it 1046: terminal-step reward dominates the episode: survival is being punished
[anomaly] it 1046: joint limit violated by 0.69 rad
[anomaly] it 1046: contact penetration 7.4 cm
terrain it 1046 mean_level 5.9321
it 1047 steps 102924288 sps   37,998 | ep_ret   14.72 ep_len  987.3 (n=120) | pg -0.010 vf 0.009 kl 0.0104 lr 1.1e-04
[anomaly] it 1047: explained variance -2.97 < 0 after warm-up: value function not predicting returns
[anomaly] it 1047: terminal-step reward dominates the episode: survival is being punished
[anomaly] it 1047: joint limit violated by 0.65 rad
[anomaly] it 1047: contact penetration 6.4 cm
terrain it 1047 mean_level 5.9333
it 1048 steps 103022592 sps   37,998 | ep_ret   15.20 ep_len  993.7 (n=124) | pg -0.006 vf 0.011 kl 0.0132 lr 7.6e-05
[anomaly] it 1048: explained variance -2.56 < 0 after warm-up: value function not predicting returns
[anomaly] it 1048: terminal-step reward dominates the episode: survival is being punished
[anomaly] it 1048: joint limit violated by 0.68 rad
[anomaly] it 1048: contact penetration 5.3 cm
terrain it 1048 mean_level 5.9365
it 1049 steps 103120896 sps   37,998 | ep_ret   15.38 ep_len  985.5 (n=130) | pg -0.006 vf 0.009 kl 0.0136 lr 7.6e-05
[anomaly] it 1049: explained variance -2.03 < 0 after warm-up: value function not predicting returns
[anomaly] it 1049: terminal-step reward dominates the episode: survival is being punished
[anomaly] it 1049: joint limit violated by 0.80 rad
[anomaly] it 1049: contact penetration 7.5 cm
terrain it 1049 mean_level 5.9458
it 1050 steps 103219200 sps   37,998 | ep_ret   14.80 ep_len  987.4 (n=116) | pg -0.008 vf 0.011 kl 0.0116 lr 1.1e-04
[anomaly] it 1050: explained variance -2.25 < 0 after warm-up: value function not predicting returns
[anomaly] it 1050: terminal-step reward dominates the episode: survival is being punished
[anomaly] it 1050: joint limit violated by 0.63 rad
[anomaly] it 1050: contact penetration 6.8 cm
terrain it 1050 mean_level 5.9526
it 1051 steps 103317504 sps   37,999 | ep_ret   15.16 ep_len  987.5 (n=108) | pg -0.006 vf 0.011 kl 0.0125 lr 7.6e-05
[anomaly] it 1051: explained variance -2.23 < 0 after warm-up: value function not predicting returns
[anomaly] it 1051: terminal-step reward dominates the episode: survival is being punished
[anomaly] it 1051: joint limit violated by 0.72 rad
[anomaly] it 1051: contact penetration 6.9 cm
terrain it 1051 mean_level 5.9590
it 1052 steps 103415808 sps   37,994 | ep_ret   15.55 ep_len  998.4 (n=103) | pg -0.007 vf 0.010 kl 0.0159 lr 1.1e-04
[anomaly] it 1052: explained variance -3.63 < 0 after warm-up: value function not predicting returns
[anomaly] it 1052: terminal-step reward dominates the episode: survival is being punished
[anomaly] it 1052: joint limit violated by 0.68 rad
[anomaly] it 1052: contact penetration 6.6 cm
terrain it 1052 mean_level 5.9604
it 1053 steps 103514112 sps   37,995 | ep_ret   14.97 ep_len  986.6 (n=131) | pg -0.007 vf 0.010 kl 0.0151 lr 7.6e-05
[anomaly] it 1053: explained variance -2.02 < 0 after warm-up: value function not predicting returns
[anomaly] it 1053: terminal-step reward dominates the episode: survival is being punished
[anomaly] it 1053: joint limit violated by 0.75 rad
[anomaly] it 1053: contact penetration 5.3 cm
terrain it 1053 mean_level 5.9697
it 1054 steps 103612416 sps   37,994 | ep_ret   14.90 ep_len  998.6 (n=107) | pg -0.008 vf 0.008 kl 0.0148 lr 1.1e-04
[anomaly] it 1054: explained variance -3.04 < 0 after warm-up: value function not predicting returns
[anomaly] it 1054: terminal-step reward dominates the episode: survival is being punished
[anomaly] it 1054: joint limit violated by 0.64 rad
[anomaly] it 1054: contact penetration 8.5 cm
terrain it 1054 mean_level 5.9695
it 1055 steps 103710720 sps   37,995 | ep_ret   15.28 ep_len  992.6 (n=104) | pg -0.006 vf 0.009 kl 0.0115 lr 7.6e-05
[anomaly] it 1055: explained variance -2.20 < 0 after warm-up: value function not predicting returns
[anomaly] it 1055: terminal-step reward dominates the episode: survival is being punished
[anomaly] it 1055: joint limit violated by 0.68 rad
[anomaly] it 1055: contact penetration 6.0 cm
terrain it 1055 mean_level 5.9675
it 1056 steps 103809024 sps   37,995 | ep_ret   14.75 ep_len  991.1 (n=102) | pg -0.008 vf 0.009 kl 0.0114 lr 1.1e-04
[anomaly] it 1056: explained variance -2.78 < 0 after warm-up: value function not predicting returns
[anomaly] it 1056: terminal-step reward dominates the episode: survival is being punished
[anomaly] it 1056: joint limit violated by 0.64 rad
[anomaly] it 1056: contact penetration 6.6 cm
terrain it 1056 mean_level 5.9558
it 1057 steps 103907328 sps   37,995 | ep_ret   15.55 ep_len 1000.0 (n=102) | pg -0.006 vf 0.009 kl 0.0152 lr 1.1e-04
[anomaly] it 1057: explained variance -3.43 < 0 after warm-up: value function not predicting returns
[anomaly] it 1057: joint limit violated by 0.64 rad
[anomaly] it 1057: contact penetration 5.2 cm
terrain it 1057 mean_level 5.9521
it 1058 steps 104005632 sps   37,995 | ep_ret   15.94 ep_len 1000.0 (n=100) | pg -0.010 vf 0.009 kl 0.0140 lr 1.7e-04
[anomaly] it 1058: explained variance -3.79 < 0 after warm-up: value function not predicting returns
[anomaly] it 1058: joint limit violated by 0.75 rad
[anomaly] it 1058: contact penetration 6.5 cm
terrain it 1058 mean_level 5.9556
it 1059 steps 104103936 sps   37,995 | ep_ret   14.99 ep_len  981.9 (n=101) | pg -0.007 vf 0.009 kl 0.0148 lr 1.1e-04
[anomaly] it 1059: explained variance -2.06 < 0 after warm-up: value function not predicting returns
[anomaly] it 1059: terminal-step reward dominates the episode: survival is being punished
[anomaly] it 1059: joint limit violated by 0.67 rad
[anomaly] it 1059: contact penetration 6.7 cm
terrain it 1059 mean_level 5.9624
it 1060 steps 104202240 sps   37,996 | ep_ret   14.93 ep_len  986.3 (n=90) | pg -0.007 vf 0.012 kl 0.0163 lr 7.6e-05
[anomaly] it 1060: explained variance -2.26 < 0 after warm-up: value function not predicting returns
[anomaly] it 1060: terminal-step reward dominates the episode: survival is being punished
[anomaly] it 1060: joint limit violated by 0.61 rad
[anomaly] it 1060: contact penetration 8.1 cm
terrain it 1060 mean_level 5.9651
it 1061 steps 104300544 sps   37,996 | ep_ret   14.90 ep_len  984.1 (n=108) | pg -0.008 vf 0.010 kl 0.0119 lr 1.1e-04
[anomaly] it 1061: explained variance -1.27 < 0 after warm-up: value function not predicting returns
[anomaly] it 1061: terminal-step reward dominates the episode: survival is being punished
[anomaly] it 1061: joint limit violated by 0.62 rad
[anomaly] it 1061: contact penetration 5.5 cm
terrain it 1061 mean_level 5.9692
it 1062 steps 104398848 sps   37,996 | ep_ret   15.67 ep_len 1000.0 (n=91) | pg -0.008 vf 0.008 kl 0.0159 lr 1.7e-04
[anomaly] it 1062: explained variance -3.41 < 0 after warm-up: value function not predicting returns
[anomaly] it 1062: joint limit violated by 0.64 rad
[anomaly] it 1062: contact penetration 5.7 cm
terrain it 1062 mean_level 5.9741
it 1063 steps 104497152 sps   37,996 | ep_ret   14.61 ep_len  990.1 (n=76) | pg -0.007 vf 0.010 kl 0.0153 lr 1.1e-04
[anomaly] it 1063: explained variance -2.48 < 0 after warm-up: value function not predicting returns
[anomaly] it 1063: terminal-step reward dominates the episode: survival is being punished
[anomaly] it 1063: joint limit violated by 0.70 rad
[anomaly] it 1063: contact penetration 6.3 cm
terrain it 1063 mean_level 5.9778
it 1064 steps 104595456 sps   37,996 | ep_ret   15.23 ep_len  999.3 (n=89) | pg -0.008 vf 0.012 kl 0.0143 lr 1.1e-04
[anomaly] it 1064: explained variance -3.51 < 0 after warm-up: value function not predicting returns
[anomaly] it 1064: terminal-step reward dominates the episode: survival is being punished
[anomaly] it 1064: joint limit violated by 0.67 rad
[anomaly] it 1064: contact penetration 4.8 cm
terrain it 1064 mean_level 5.9851
it 1065 steps 104693760 sps   37,996 | ep_ret   14.66 ep_len  987.3 (n=82) | pg -0.007 vf 0.011 kl 0.0125 lr 1.1e-04
[anomaly] it 1065: explained variance -3.17 < 0 after warm-up: value function not predicting returns
[anomaly] it 1065: terminal-step reward dominates the episode: survival is being punished
[anomaly] it 1065: joint limit violated by 0.76 rad
[anomaly] it 1065: contact penetration 5.5 cm
terrain it 1065 mean_level 5.9836
it 1066 steps 104792064 sps   37,996 | ep_ret   14.41 ep_len  979.2 (n=84) | pg -0.007 vf 0.012 kl 0.0137 lr 7.6e-05
[anomaly] it 1066: explained variance -2.37 < 0 after warm-up: value function not predicting returns
[anomaly] it 1066: terminal-step reward dominates the episode: survival is being punished
[anomaly] it 1066: joint limit violated by 0.67 rad
[anomaly] it 1066: contact penetration 6.0 cm
terrain it 1066 mean_level 5.9797
it 1067 steps 104890368 sps   37,996 | ep_ret   14.66 ep_len  978.0 (n=91) | pg -0.006 vf 0.013 kl 0.0156 lr 1.1e-04
[anomaly] it 1067: explained variance -1.47 < 0 after warm-up: value function not predicting returns
[anomaly] it 1067: terminal-step reward dominates the episode: survival is being punished
[anomaly] it 1067: joint limit violated by 0.72 rad
[anomaly] it 1067: contact penetration 6.0 cm
terrain it 1067 mean_level 5.9812
it 1068 steps 104988672 sps   37,996 | ep_ret   15.12 ep_len  997.6 (n=80) | pg -0.006 vf 0.008 kl 0.0137 lr 1.1e-04
[anomaly] it 1068: explained variance -3.41 < 0 after warm-up: value function not predicting returns
[anomaly] it 1068: terminal-step reward dominates the episode: survival is being punished
[anomaly] it 1068: joint limit violated by 0.78 rad
[anomaly] it 1068: contact penetration 8.4 cm
terrain it 1068 mean_level 5.9839
it 1069 steps 105086976 sps   37,996 | ep_ret   15.33 ep_len  993.8 (n=74) | pg -0.007 vf 0.008 kl 0.0145 lr 1.1e-04
[anomaly] it 1069: explained variance -3.25 < 0 after warm-up: value function not predicting returns
[anomaly] it 1069: terminal-step reward dominates the episode: survival is being punished
[anomaly] it 1069: joint limit violated by 0.66 rad
[anomaly] it 1069: contact penetration 6.1 cm
terrain it 1069 mean_level 5.9832
it 1070 steps 105185280 sps   37,996 | ep_ret   14.88 ep_len  994.1 (n=84) | pg -0.002 vf 0.009 kl 0.0129 lr 5.1e-05
[anomaly] it 1070: explained variance -2.25 < 0 after warm-up: value function not predicting returns
[anomaly] it 1070: terminal-step reward dominates the episode: survival is being punished
[anomaly] it 1070: joint limit violated by 0.69 rad
[anomaly] it 1070: contact penetration 6.8 cm
terrain it 1070 mean_level 5.9829
it 1071 steps 105283584 sps   37,996 | ep_ret   15.20 ep_len 1000.0 (n=83) | pg -0.008 vf 0.009 kl 0.0121 lr 1.1e-04
[anomaly] it 1071: explained variance -3.77 < 0 after warm-up: value function not predicting returns
[anomaly] it 1071: joint limit violated by 0.63 rad
[anomaly] it 1071: contact penetration 5.7 cm
terrain it 1071 mean_level 5.9805
it 1072 steps 105381888 sps   37,996 | ep_ret   14.42 ep_len  981.0 (n=79) | pg -0.007 vf 0.009 kl 0.0134 lr 1.1e-04
[anomaly] it 1072: explained variance -1.90 < 0 after warm-up: value function not predicting returns
[anomaly] it 1072: terminal-step reward dominates the episode: survival is being punished
[anomaly] it 1072: joint limit violated by 0.68 rad
[anomaly] it 1072: contact penetration 8.0 cm
terrain it 1072 mean_level 5.9800
it 1073 steps 105480192 sps   37,995 | ep_ret   15.14 ep_len  995.1 (n=94) | pg -0.007 vf 0.008 kl 0.0159 lr 1.7e-04
[anomaly] it 1073: explained variance -3.52 < 0 after warm-up: value function not predicting returns
[anomaly] it 1073: terminal-step reward dominates the episode: survival is being punished
[anomaly] it 1073: joint limit violated by 0.66 rad
[anomaly] it 1073: contact penetration 6.3 cm
terrain it 1073 mean_level 5.9827
it 1074 steps 105578496 sps   37,995 | ep_ret   14.79 ep_len  981.2 (n=94) | pg -0.006 vf 0.011 kl 0.0168 lr 5.1e-05
[anomaly] it 1074: explained variance -1.94 < 0 after warm-up: value function not predicting returns
[anomaly] it 1074: terminal-step reward dominates the episode: survival is being punished
[anomaly] it 1074: joint limit violated by 0.62 rad
[anomaly] it 1074: contact penetration 5.1 cm
terrain it 1074 mean_level 5.9824
it 1075 steps 105676800 sps   37,995 | ep_ret   15.20 ep_len  994.3 (n=74) | pg -0.004 vf 0.008 kl 0.0089 lr 3.4e-05
[anomaly] it 1075: explained variance -2.47 < 0 after warm-up: value function not predicting returns
[anomaly] it 1075: terminal-step reward dominates the episode: survival is being punished
[anomaly] it 1075: joint limit violated by 0.66 rad
[anomaly] it 1075: contact penetration 6.2 cm
terrain it 1075 mean_level 5.9849
it 1076 steps 105775104 sps   37,995 | ep_ret   15.15 ep_len  978.7 (n=78) | pg -0.008 vf 0.009 kl 0.0089 lr 7.6e-05
[anomaly] it 1076: explained variance -2.02 < 0 after warm-up: value function not predicting returns
[anomaly] it 1076: terminal-step reward dominates the episode: survival is being punished
[anomaly] it 1076: joint limit violated by 0.60 rad
[anomaly] it 1076: contact penetration 6.5 cm
terrain it 1076 mean_level 5.9885
it 1077 steps 105873408 sps   37,995 | ep_ret   15.49 ep_len  996.9 (n=99) | pg -0.006 vf 0.008 kl 0.0128 lr 1.1e-04
[anomaly] it 1077: explained variance -3.27 < 0 after warm-up: value function not predicting returns
[anomaly] it 1077: terminal-step reward dominates the episode: survival is being punished
[anomaly] it 1077: joint limit violated by 0.65 rad
[anomaly] it 1077: contact penetration 5.5 cm
terrain it 1077 mean_level 5.9841
it 1078 steps 105971712 sps   37,995 | ep_ret   15.51 ep_len  995.8 (n=89) | pg -0.007 vf 0.011 kl 0.0147 lr 1.1e-04
[anomaly] it 1078: explained variance -2.55 < 0 after warm-up: value function not predicting returns
[anomaly] it 1078: terminal-step reward dominates the episode: survival is being punished
[anomaly] it 1078: joint limit violated by 0.67 rad
[anomaly] it 1078: contact penetration 7.6 cm
[anomaly] it 1078: contact force 22157 N > 50x robot weight
terrain it 1078 mean_level 5.9878
it 1079 steps 106070016 sps   37,995 | ep_ret   15.92 ep_len  991.0 (n=86) | pg -0.004 vf 0.008 kl 0.0125 lr 5.1e-05
[anomaly] it 1079: explained variance -2.45 < 0 after warm-up: value function not predicting returns
[anomaly] it 1079: terminal-step reward dominates the episode: survival is being punished
[anomaly] it 1079: joint limit violated by 0.62 rad
[anomaly] it 1079: contact penetration 7.5 cm
terrain it 1079 mean_level 5.9897
it 1080 steps 106168320 sps   37,995 | ep_ret   15.50 ep_len 1000.0 (n=110) | pg -0.007 vf 0.009 kl 0.0123 lr 1.1e-04
[anomaly] it 1080: explained variance -3.14 < 0 after warm-up: value function not predicting returns
[anomaly] it 1080: joint limit violated by 0.57 rad
[anomaly] it 1080: contact penetration 6.2 cm
terrain it 1080 mean_level 5.9929
it 1081 steps 106266624 sps   37,995 | ep_ret   15.88 ep_len  995.5 (n=97) | pg -0.010 vf 0.007 kl 0.0155 lr 1.7e-04
[anomaly] it 1081: explained variance -2.54 < 0 after warm-up: value function not predicting returns
[anomaly] it 1081: terminal-step reward dominates the episode: survival is being punished
[anomaly] it 1081: joint limit violated by 0.70 rad
[anomaly] it 1081: contact penetration 9.1 cm
[anomaly] it 1081: contact force 22740 N > 50x robot weight
terrain it 1081 mean_level 5.9973
it 1082 steps 106364928 sps   37,995 | ep_ret   15.94 ep_len  998.9 (n=103) | pg -0.006 vf 0.009 kl 0.0166 lr 1.1e-04
[anomaly] it 1082: explained variance -2.41 < 0 after warm-up: value function not predicting returns
[anomaly] it 1082: terminal-step reward dominates the episode: survival is being punished
[anomaly] it 1082: joint limit violated by 0.67 rad
[anomaly] it 1082: contact penetration 5.3 cm
terrain it 1082 mean_level 6.0073
it 1083 steps 106463232 sps   37,995 | ep_ret   15.66 ep_len  997.0 (n=105) | pg -0.007 vf 0.007 kl 0.0146 lr 7.6e-05
[anomaly] it 1083: explained variance -2.34 < 0 after warm-up: value function not predicting returns
[anomaly] it 1083: terminal-step reward dominates the episode: survival is being punished
[anomaly] it 1083: joint limit violated by 0.64 rad
[anomaly] it 1083: contact penetration 7.8 cm
terrain it 1083 mean_level 6.0066
it 1084 steps 106561536 sps   37,995 | ep_ret   16.06 ep_len  995.6 (n=109) | pg -0.008 vf 0.010 kl 0.0151 lr 1.7e-04
[anomaly] it 1084: explained variance -2.50 < 0 after warm-up: value function not predicting returns
[anomaly] it 1084: terminal-step reward dominates the episode: survival is being punished
[anomaly] it 1084: joint limit violated by 0.67 rad
[anomaly] it 1084: contact penetration 6.3 cm
[anomaly] it 1084: contact force 22107 N > 50x robot weight
terrain it 1084 mean_level 6.0078
it 1085 steps 106659840 sps   37,996 | ep_ret   15.56 ep_len  989.4 (n=117) | pg -0.001 vf 0.009 kl 0.0156 lr 5.1e-05
[anomaly] it 1085: explained variance -3.14 < 0 after warm-up: value function not predicting returns
[anomaly] it 1085: terminal-step reward dominates the episode: survival is being punished
[anomaly] it 1085: joint limit violated by 0.64 rad
[anomaly] it 1085: contact penetration 7.5 cm
terrain it 1085 mean_level 6.0095
it 1086 steps 106758144 sps   37,995 | ep_ret   16.36 ep_len  993.6 (n=105) | pg -0.008 vf 0.009 kl 0.0127 lr 1.1e-04
[anomaly] it 1086: explained variance -2.78 < 0 after warm-up: value function not predicting returns
[anomaly] it 1086: terminal-step reward dominates the episode: survival is being punished
[anomaly] it 1086: joint limit violated by 0.63 rad
[anomaly] it 1086: contact penetration 5.0 cm
terrain it 1086 mean_level 6.0137
it 1087 steps 106856448 sps   37,995 | ep_ret   16.46 ep_len 1000.0 (n=117) | pg -0.006 vf 0.009 kl 0.0151 lr 7.6e-05
[anomaly] it 1087: explained variance -3.53 < 0 after warm-up: value function not predicting returns
[anomaly] it 1087: joint limit violated by 0.59 rad
[anomaly] it 1087: contact penetration 5.8 cm
[anomaly] it 1087: contact force 22150 N > 50x robot weight
terrain it 1087 mean_level 6.0193
it 1088 steps 106954752 sps   37,996 | ep_ret   15.53 ep_len  994.8 (n=130) | pg -0.007 vf 0.010 kl 0.0135 lr 1.1e-04
[anomaly] it 1088: explained variance -2.22 < 0 after warm-up: value function not predicting returns
[anomaly] it 1088: terminal-step reward dominates the episode: survival is being punished
[anomaly] it 1088: joint limit violated by 0.71 rad
[anomaly] it 1088: contact penetration 8.0 cm
[anomaly] it 1088: contact force 22154 N > 50x robot weight
terrain it 1088 mean_level 6.0125
it 1089 steps 107053056 sps   37,996 | ep_ret   15.99 ep_len  996.8 (n=124) | pg -0.003 vf 0.008 kl 0.0148 lr 5.1e-05
[anomaly] it 1089: explained variance -2.75 < 0 after warm-up: value function not predicting returns
[anomaly] it 1089: terminal-step reward dominates the episode: survival is being punished
[anomaly] it 1089: joint limit violated by 0.76 rad
[anomaly] it 1089: contact penetration 7.6 cm
terrain it 1089 mean_level 6.0156
it 1090 steps 107151360 sps   37,995 | ep_ret   16.52 ep_len 1000.0 (n=124) | pg -0.009 vf 0.008 kl 0.0113 lr 1.1e-04
[anomaly] it 1090: explained variance -3.38 < 0 after warm-up: value function not predicting returns
[anomaly] it 1090: joint limit violated by 0.66 rad
[anomaly] it 1090: contact penetration 5.7 cm
terrain it 1090 mean_level 6.0183
it 1091 steps 107249664 sps   37,995 | ep_ret   16.31 ep_len  999.1 (n=119) | pg -0.008 vf 0.008 kl 0.0154 lr 1.1e-04
[anomaly] it 1091: explained variance -2.47 < 0 after warm-up: value function not predicting returns
[anomaly] it 1091: terminal-step reward dominates the episode: survival is being punished
[anomaly] it 1091: joint limit violated by 0.66 rad
[anomaly] it 1091: contact penetration 5.4 cm
[anomaly] it 1091: contact force 22167 N > 50x robot weight
terrain it 1091 mean_level 6.0149
it 1092 steps 107347968 sps   37,995 | ep_ret   16.11 ep_len  991.2 (n=116) | pg -0.008 vf 0.009 kl 0.0152 lr 1.1e-04
[anomaly] it 1092: explained variance -1.57 < 0 after warm-up: value function not predicting returns
[anomaly] it 1092: terminal-step reward dominates the episode: survival is being punished
[anomaly] it 1092: joint limit violated by 0.72 rad
[anomaly] it 1092: contact penetration 7.0 cm
[anomaly] it 1092: contact force 22144 N > 50x robot weight
terrain it 1092 mean_level 6.0098
it 1093 steps 107446272 sps   37,995 | ep_ret   15.65 ep_len  984.9 (n=111) | pg -0.005 vf 0.008 kl 0.0128 lr 7.6e-05
[anomaly] it 1093: explained variance -1.94 < 0 after warm-up: value function not predicting returns
[anomaly] it 1093: terminal-step reward dominates the episode: survival is being punished
[anomaly] it 1093: joint limit violated by 0.69 rad
[anomaly] it 1093: contact penetration 5.3 cm
[anomaly] it 1093: contact force 22111 N > 50x robot weight
terrain it 1093 mean_level 6.0032
it 1094 steps 107544576 sps   37,995 | ep_ret   16.46 ep_len 1000.0 (n=103) | pg -0.008 vf 0.013 kl 0.0120 lr 1.1e-04
[anomaly] it 1094: explained variance -3.33 < 0 after warm-up: value function not predicting returns
[anomaly] it 1094: joint limit violated by 0.66 rad
[anomaly] it 1094: contact penetration 7.3 cm
terrain it 1094 mean_level 6.0000
it 1095 steps 107642880 sps   37,995 | ep_ret   15.42 ep_len  970.7 (n=136) | pg -0.008 vf 0.009 kl 0.0152 lr 1.1e-04
[anomaly] it 1095: explained variance -1.17 < 0 after warm-up: value function not predicting returns
[anomaly] it 1095: terminal-step reward dominates the episode: survival is being punished
[anomaly] it 1095: joint limit violated by 0.74 rad
[anomaly] it 1095: contact penetration 6.8 cm
terrain it 1095 mean_level 5.9893
it 1096 steps 107741184 sps   37,995 | ep_ret   16.05 ep_len  995.2 (n=97) | pg -0.006 vf 0.008 kl 0.0139 lr 1.1e-04
[anomaly] it 1096: explained variance -2.89 < 0 after warm-up: value function not predicting returns
[anomaly] it 1096: terminal-step reward dominates the episode: survival is being punished
[anomaly] it 1096: joint limit violated by 0.65 rad
[anomaly] it 1096: contact penetration 5.9 cm
terrain it 1096 mean_level 5.9883
it 1097 steps 107839488 sps   37,995 | ep_ret   15.81 ep_len  991.0 (n=115) | pg -0.007 vf 0.010 kl 0.0155 lr 1.7e-04
[anomaly] it 1097: explained variance -1.49 < 0 after warm-up: value function not predicting returns
[anomaly] it 1097: terminal-step reward dominates the episode: survival is being punished
[anomaly] it 1097: joint limit violated by 0.64 rad
[anomaly] it 1097: contact penetration 6.9 cm
terrain it 1097 mean_level 5.9924
it 1098 steps 107937792 sps   37,995 | ep_ret   16.08 ep_len  991.6 (n=96) | pg -0.004 vf 0.008 kl 0.0140 lr 7.6e-05
[anomaly] it 1098: explained variance -3.09 < 0 after warm-up: value function not predicting returns
[anomaly] it 1098: terminal-step reward dominates the episode: survival is being punished
[anomaly] it 1098: joint limit violated by 0.66 rad
[anomaly] it 1098: contact penetration 6.2 cm
terrain it 1098 mean_level 6.0015
it 1099 steps 108036096 sps   37,995 | ep_ret   16.26 ep_len  997.3 (n=96) | pg -0.008 vf 0.008 kl 0.0126 lr 1.1e-04
[anomaly] it 1099: explained variance -2.50 < 0 after warm-up: value function not predicting returns
[anomaly] it 1099: terminal-step reward dominates the episode: survival is being punished
[anomaly] it 1099: joint limit violated by 0.63 rad
[anomaly] it 1099: contact penetration 7.2 cm
[anomaly] it 1099: contact force 22160 N > 50x robot weight
terrain it 1099 mean_level 6.0083
it 1100 steps 108134400 sps   37,995 | ep_ret   16.18 ep_len 1000.0 (n=105) | pg -0.006 vf 0.010 kl 0.0161 lr 7.6e-05
[anomaly] it 1100: explained variance -3.56 < 0 after warm-up: value function not predicting returns
[anomaly] it 1100: joint limit violated by 0.78 rad
[anomaly] it 1100: contact penetration 6.6 cm
terrain it 1100 mean_level 6.0164
it 1101 steps 108232704 sps   37,995 | ep_ret   15.84 ep_len  993.1 (n=97) | pg -0.008 vf 0.010 kl 0.0143 lr 1.1e-04
[anomaly] it 1101: explained variance -2.35 < 0 after warm-up: value function not predicting returns
[anomaly] it 1101: terminal-step reward dominates the episode: survival is being punished
[anomaly] it 1101: joint limit violated by 0.65 rad
[anomaly] it 1101: contact penetration 6.3 cm
terrain it 1101 mean_level 6.0137
it 1102 steps 108331008 sps   37,995 | ep_ret   15.42 ep_len  987.3 (n=94) | pg -0.006 vf 0.009 kl 0.0155 lr 7.6e-05
[anomaly] it 1102: explained variance -2.82 < 0 after warm-up: value function not predicting returns
[anomaly] it 1102: terminal-step reward dominates the episode: survival is being punished
[anomaly] it 1102: joint limit violated by 0.65 rad
[anomaly] it 1102: contact penetration 9.1 cm
terrain it 1102 mean_level 6.0129
it 1103 steps 108429312 sps   37,995 | ep_ret   15.38 ep_len  981.3 (n=108) | pg -0.009 vf 0.009 kl 0.0145 lr 7.6e-05
[anomaly] it 1103: explained variance -1.67 < 0 after warm-up: value function not predicting returns
[anomaly] it 1103: terminal-step reward dominates the episode: survival is being punished
[anomaly] it 1103: joint limit violated by 0.63 rad
[anomaly] it 1103: contact penetration 5.6 cm
terrain it 1103 mean_level 6.0156
it 1104 steps 108527616 sps   37,995 | ep_ret   15.77 ep_len  985.3 (n=90) | pg -0.006 vf 0.010 kl 0.0167 lr 1.1e-04
[anomaly] it 1104: explained variance -2.26 < 0 after warm-up: value function not predicting returns
[anomaly] it 1104: terminal-step reward dominates the episode: survival is being punished
[anomaly] it 1104: joint limit violated by 0.63 rad
[anomaly] it 1104: contact penetration 6.5 cm
terrain it 1104 mean_level 6.0168
it 1105 steps 108625920 sps   37,995 | ep_ret   15.82 ep_len  996.7 (n=74) | pg -0.006 vf 0.010 kl 0.0155 lr 1.1e-04
[anomaly] it 1105: explained variance -3.20 < 0 after warm-up: value function not predicting returns
[anomaly] it 1105: terminal-step reward dominates the episode: survival is being punished
[anomaly] it 1105: joint limit violated by 0.72 rad
[anomaly] it 1105: contact penetration 6.6 cm
terrain it 1105 mean_level 6.0176
it 1106 steps 108724224 sps   37,995 | ep_ret   15.60 ep_len  984.8 (n=93) | pg -0.005 vf 0.012 kl 0.0137 lr 7.6e-05
[anomaly] it 1106: explained variance -2.23 < 0 after warm-up: value function not predicting returns
[anomaly] it 1106: terminal-step reward dominates the episode: survival is being punished
[anomaly] it 1106: joint limit violated by 0.66 rad
[anomaly] it 1106: contact penetration 10.9 cm
[anomaly] it 1106: contact force 22145 N > 50x robot weight
terrain it 1106 mean_level 6.0229
it 1107 steps 108822528 sps   37,995 | ep_ret   15.24 ep_len  985.1 (n=77) | pg -0.009 vf 0.009 kl 0.0120 lr 1.1e-04
[anomaly] it 1107: explained variance -1.81 < 0 after warm-up: value function not predicting returns
[anomaly] it 1107: terminal-step reward dominates the episode: survival is being punished
[anomaly] it 1107: joint limit violated by 0.61 rad
[anomaly] it 1107: contact penetration 6.5 cm
terrain it 1107 mean_level 6.0234
it 1108 steps 108920832 sps   37,995 | ep_ret   16.11 ep_len 1000.0 (n=81) | pg -0.007 vf 0.011 kl 0.0152 lr 1.7e-04
[anomaly] it 1108: explained variance -3.42 < 0 after warm-up: value function not predicting returns
[anomaly] it 1108: joint limit violated by 0.64 rad
[anomaly] it 1108: contact penetration 6.1 cm
terrain it 1108 mean_level 6.0283
it 1109 steps 109019136 sps   37,995 | ep_ret   15.55 ep_len  977.8 (n=97) | pg -0.002 vf 0.013 kl 0.0146 lr 5.1e-05
[anomaly] it 1109: explained variance -1.51 < 0 after warm-up: value function not predicting returns
[anomaly] it 1109: terminal-step reward dominates the episode: survival is being punished
[anomaly] it 1109: joint limit violated by 0.64 rad
[anomaly] it 1109: contact penetration 7.9 cm
terrain it 1109 mean_level 6.0208
it 1110 steps 109117440 sps   37,996 | ep_ret   15.95 ep_len  992.1 (n=77) | pg -0.009 vf 0.008 kl 0.0093 lr 7.6e-05
[anomaly] it 1110: explained variance -2.39 < 0 after warm-up: value function not predicting returns
[anomaly] it 1110: terminal-step reward dominates the episode: survival is being punished
[anomaly] it 1110: joint limit violated by 0.80 rad
[anomaly] it 1110: contact penetration 6.3 cm
terrain it 1110 mean_level 6.0239
it 1111 steps 109215744 sps   37,996 | ep_ret   16.43 ep_len 1000.0 (n=71) | pg -0.009 vf 0.008 kl 0.0124 lr 1.1e-04
[anomaly] it 1111: explained variance -3.00 < 0 after warm-up: value function not predicting returns
[anomaly] it 1111: joint limit violated by 0.61 rad
[anomaly] it 1111: contact penetration 6.2 cm
terrain it 1111 mean_level 6.0239
it 1112 steps 109314048 sps   37,996 | ep_ret   16.04 ep_len  993.5 (n=91) | pg -0.006 vf 0.012 kl 0.0175 lr 1.1e-04
[anomaly] it 1112: explained variance -2.89 < 0 after warm-up: value function not predicting returns
[anomaly] it 1112: terminal-step reward dominates the episode: survival is being punished
[anomaly] it 1112: joint limit violated by 0.58 rad
[anomaly] it 1112: contact penetration 5.1 cm
terrain it 1112 mean_level 6.0181
it 1113 steps 109412352 sps   37,996 | ep_ret   14.93 ep_len  987.0 (n=74) | pg -0.002 vf 0.009 kl 0.0157 lr 7.6e-05
[anomaly] it 1113: explained variance -1.65 < 0 after warm-up: value function not predicting returns
[anomaly] it 1113: terminal-step reward dominates the episode: survival is being punished
[anomaly] it 1113: joint limit violated by 0.64 rad
[anomaly] it 1113: contact penetration 7.4 cm
terrain it 1113 mean_level 6.0159
it 1114 steps 109510656 sps   37,996 | ep_ret   15.50 ep_len  992.1 (n=94) | pg -0.008 vf 0.011 kl 0.0125 lr 1.1e-04
[anomaly] it 1114: explained variance -1.77 < 0 after warm-up: value function not predicting returns
[anomaly] it 1114: terminal-step reward dominates the episode: survival is being punished
[anomaly] it 1114: joint limit violated by 0.74 rad
[anomaly] it 1114: contact penetration 6.9 cm
terrain it 1114 mean_level 6.0159
it 1115 steps 109608960 sps   37,996 | ep_ret   15.37 ep_len  984.6 (n=85) | pg -0.008 vf 0.009 kl 0.0154 lr 1.7e-04
[anomaly] it 1115: explained variance -1.72 < 0 after warm-up: value function not predicting returns
[anomaly] it 1115: terminal-step reward dominates the episode: survival is being punished
[anomaly] it 1115: joint limit violated by 0.64 rad
[anomaly] it 1115: contact penetration 6.3 cm
terrain it 1115 mean_level 6.0178
it 1116 steps 109707264 sps   37,996 | ep_ret   16.16 ep_len 1000.0 (n=89) | pg 0.002 vf 0.008 kl 0.0173 lr 1.5e-05
[anomaly] it 1116: explained variance -2.88 < 0 after warm-up: value function not predicting returns
[anomaly] it 1116: joint limit violated by 0.72 rad
[anomaly] it 1116: contact penetration 6.6 cm
terrain it 1116 mean_level 6.0234
it 1117 steps 109805568 sps   37,996 | ep_ret   16.60 ep_len 1000.0 (n=67) | pg -0.006 vf 0.009 kl 0.0092 lr 5.1e-05
[anomaly] it 1117: explained variance -2.95 < 0 after warm-up: value function not predicting returns
[anomaly] it 1117: joint limit violated by 0.58 rad
[anomaly] it 1117: contact penetration 7.5 cm
[anomaly] it 1117: contact force 23435 N > 50x robot weight
terrain it 1117 mean_level 6.0256
it 1118 steps 109903872 sps   37,996 | ep_ret   15.33 ep_len  969.9 (n=92) | pg -0.009 vf 0.009 kl 0.0120 lr 1.1e-04
[anomaly] it 1118: explained variance -1.49 < 0 after warm-up: value function not predicting returns
[anomaly] it 1118: terminal-step reward dominates the episode: survival is being punished
[anomaly] it 1118: joint limit violated by 0.66 rad
[anomaly] it 1118: contact penetration 5.2 cm
[anomaly] it 1118: contact force 21484 N > 50x robot weight
terrain it 1118 mean_level 6.0256
it 1119 steps 110002176 sps   37,996 | ep_ret   16.15 ep_len  995.1 (n=102) | pg -0.006 vf 0.008 kl 0.0154 lr 7.6e-05
[anomaly] it 1119: explained variance -2.52 < 0 after warm-up: value function not predicting returns
[anomaly] it 1119: terminal-step reward dominates the episode: survival is being punished
[anomaly] it 1119: joint limit violated by 0.62 rad
[anomaly] it 1119: contact penetration 5.0 cm
terrain it 1119 mean_level 6.0320
it 1120 steps 110100480 sps   37,996 | ep_ret   16.50 ep_len 1000.0 (n=75) | pg -0.009 vf 0.008 kl 0.0114 lr 1.1e-04
[anomaly] it 1120: explained variance -2.88 < 0 after warm-up: value function not predicting returns
[anomaly] it 1120: joint limit violated by 0.65 rad
[anomaly] it 1120: contact penetration 6.8 cm
terrain it 1120 mean_level 6.0254
it 1121 steps 110198784 sps   37,996 | ep_ret   16.17 ep_len  973.9 (n=104) | pg -0.004 vf 0.013 kl 0.0149 lr 7.6e-05
[anomaly] it 1121: explained variance -1.25 < 0 after warm-up: value function not predicting returns
[anomaly] it 1121: terminal-step reward dominates the episode: survival is being punished
[anomaly] it 1121: joint limit violated by 0.66 rad
[anomaly] it 1121: contact penetration 7.6 cm
terrain it 1121 mean_level 6.0249
it 1122 steps 110297088 sps   37,995 | ep_ret   16.23 ep_len  995.0 (n=114) | pg -0.009 vf 0.008 kl 0.0133 lr 1.1e-04
[anomaly] it 1122: explained variance -2.08 < 0 after warm-up: value function not predicting returns
[anomaly] it 1122: terminal-step reward dominates the episode: survival is being punished
[anomaly] it 1122: joint limit violated by 0.61 rad
[anomaly] it 1122: contact penetration 5.7 cm
terrain it 1122 mean_level 6.0286
it 1123 steps 110395392 sps   37,995 | ep_ret   16.93 ep_len 1000.0 (n=87) | pg -0.007 vf 0.010 kl 0.0155 lr 1.7e-04
[anomaly] it 1123: explained variance -3.04 < 0 after warm-up: value function not predicting returns
[anomaly] it 1123: joint limit violated by 0.66 rad
[anomaly] it 1123: contact penetration 6.6 cm
terrain it 1123 mean_level 6.0312
it 1124 steps 110493696 sps   37,995 | ep_ret   15.88 ep_len  987.4 (n=112) | pg -0.006 vf 0.010 kl 0.0126 lr 7.6e-05
[anomaly] it 1124: explained variance -2.00 < 0 after warm-up: value function not predicting returns
[anomaly] it 1124: terminal-step reward dominates the episode: survival is being punished
[anomaly] it 1124: joint limit violated by 0.65 rad
[anomaly] it 1124: contact penetration 7.0 cm
terrain it 1124 mean_level 6.0359
it 1125 steps 110592000 sps   37,996 | ep_ret   16.62 ep_len 1000.0 (n=102) | pg -0.008 vf 0.009 kl 0.0159 lr 1.1e-04
[anomaly] it 1125: explained variance -3.36 < 0 after warm-up: value function not predicting returns
[anomaly] it 1125: joint limit violated by 0.72 rad
[anomaly] it 1125: contact penetration 6.7 cm
terrain it 1125 mean_level 6.0332
it 1126 steps 110690304 sps   37,996 | ep_ret   16.53 ep_len  990.6 (n=109) | pg -0.007 vf 0.014 kl 0.0137 lr 7.6e-05
[anomaly] it 1126: explained variance -2.34 < 0 after warm-up: value function not predicting returns
[anomaly] it 1126: terminal-step reward dominates the episode: survival is being punished
[anomaly] it 1126: joint limit violated by 0.63 rad
[anomaly] it 1126: contact penetration 7.8 cm
[anomaly] it 1126: contact force 22159 N > 50x robot weight
terrain it 1126 mean_level 6.0264
it 1127 steps 110788608 sps   37,996 | ep_ret   16.52 ep_len  996.5 (n=118) | pg -0.007 vf 0.010 kl 0.0144 lr 1.1e-04
[anomaly] it 1127: explained variance -2.17 < 0 after warm-up: value function not predicting returns
[anomaly] it 1127: terminal-step reward dominates the episode: survival is being punished
[anomaly] it 1127: joint limit violated by 0.72 rad
[anomaly] it 1127: contact penetration 5.9 cm
terrain it 1127 mean_level 6.0366
it 1128 steps 110886912 sps   37,996 | ep_ret   16.76 ep_len  998.4 (n=95) | pg -0.006 vf 0.011 kl 0.0164 lr 7.6e-05
[anomaly] it 1128: explained variance -3.69 < 0 after warm-up: value function not predicting returns
[anomaly] it 1128: terminal-step reward dominates the episode: survival is being punished
[anomaly] it 1128: joint limit violated by 0.71 rad
[anomaly] it 1128: contact penetration 5.6 cm
terrain it 1128 mean_level 6.0366
it 1129 steps 110985216 sps   37,996 | ep_ret   16.73 ep_len  991.4 (n=131) | pg -0.007 vf 0.010 kl 0.0120 lr 1.1e-04
[anomaly] it 1129: explained variance -2.45 < 0 after warm-up: value function not predicting returns
[anomaly] it 1129: terminal-step reward dominates the episode: survival is being punished
[anomaly] it 1129: joint limit violated by 0.70 rad
[anomaly] it 1129: contact penetration 6.6 cm
terrain it 1129 mean_level 6.0361
it 1130 steps 111083520 sps   37,996 | ep_ret   16.29 ep_len  995.7 (n=132) | pg -0.003 vf 0.011 kl 0.0115 lr 5.1e-05
[anomaly] it 1130: explained variance -2.46 < 0 after warm-up: value function not predicting returns
[anomaly] it 1130: terminal-step reward dominates the episode: survival is being punished
[anomaly] it 1130: joint limit violated by 0.69 rad
[anomaly] it 1130: contact penetration 7.8 cm
terrain it 1130 mean_level 6.0383
it 1131 steps 111181824 sps   37,996 | ep_ret   16.71 ep_len  987.9 (n=127) | pg -0.007 vf 0.009 kl 0.0134 lr 7.6e-05
[anomaly] it 1131: explained variance -2.46 < 0 after warm-up: value function not predicting returns
[anomaly] it 1131: terminal-step reward dominates the episode: survival is being punished
[anomaly] it 1131: joint limit violated by 0.65 rad
[anomaly] it 1131: contact penetration 5.5 cm
terrain it 1131 mean_level 6.0383
it 1132 steps 111280128 sps   37,996 | ep_ret   16.83 ep_len  998.7 (n=110) | pg -0.008 vf 0.008 kl 0.0145 lr 1.1e-04
[anomaly] it 1132: explained variance -3.09 < 0 after warm-up: value function not predicting returns
[anomaly] it 1132: terminal-step reward dominates the episode: survival is being punished
[anomaly] it 1132: joint limit violated by 0.67 rad
[anomaly] it 1132: contact penetration 6.3 cm
terrain it 1132 mean_level 6.0486
it 1133 steps 111378432 sps   37,996 | ep_ret   16.90 ep_len  990.4 (n=129) | pg -0.007 vf 0.008 kl 0.0159 lr 7.6e-05
[anomaly] it 1133: explained variance -2.84 < 0 after warm-up: value function not predicting returns
[anomaly] it 1133: terminal-step reward dominates the episode: survival is being punished
[anomaly] it 1133: joint limit violated by 0.65 rad
[anomaly] it 1133: contact penetration 7.0 cm
terrain it 1133 mean_level 6.0493
it 1134 steps 111476736 sps   37,997 | ep_ret   16.65 ep_len 1000.0 (n=102) | pg -0.008 vf 0.009 kl 0.0118 lr 1.1e-04
[anomaly] it 1134: explained variance -3.63 < 0 after warm-up: value function not predicting returns
[anomaly] it 1134: joint limit violated by 0.66 rad
[anomaly] it 1134: contact penetration 5.9 cm
terrain it 1134 mean_level 6.0457
it 1135 steps 111575040 sps   37,997 | ep_ret   16.84 ep_len  985.3 (n=109) | pg -0.008 vf 0.009 kl 0.0160 lr 1.7e-04
[anomaly] it 1135: explained variance -2.36 < 0 after warm-up: value function not predicting returns
[anomaly] it 1135: terminal-step reward dominates the episode: survival is being punished
[anomaly] it 1135: joint limit violated by 0.65 rad
[anomaly] it 1135: contact penetration 8.0 cm
terrain it 1135 mean_level 6.0486
it 1136 steps 111673344 sps   37,997 | ep_ret   16.15 ep_len  989.7 (n=129) | pg -0.004 vf 0.009 kl 0.0131 lr 7.6e-05
[anomaly] it 1136: explained variance -2.50 < 0 after warm-up: value function not predicting returns
[anomaly] it 1136: terminal-step reward dominates the episode: survival is being punished
[anomaly] it 1136: joint limit violated by 0.61 rad
[anomaly] it 1136: contact penetration 7.2 cm
terrain it 1136 mean_level 6.0500
it 1137 steps 111771648 sps   37,997 | ep_ret   16.73 ep_len  995.4 (n=114) | pg -0.006 vf 0.010 kl 0.0156 lr 1.1e-04
[anomaly] it 1137: explained variance -1.81 < 0 after warm-up: value function not predicting returns
[anomaly] it 1137: terminal-step reward dominates the episode: survival is being punished
[anomaly] it 1137: joint limit violated by 0.66 rad
[anomaly] it 1137: contact penetration 6.6 cm
terrain it 1137 mean_level 6.0591
it 1138 steps 111869952 sps   37,997 | ep_ret   16.50 ep_len  986.4 (n=108) | pg -0.008 vf 0.008 kl 0.0148 lr 1.1e-04
[anomaly] it 1138: explained variance -2.86 < 0 after warm-up: value function not predicting returns
[anomaly] it 1138: terminal-step reward dominates the episode: survival is being punished
[anomaly] it 1138: joint limit violated by 0.66 rad
[anomaly] it 1138: contact penetration 5.2 cm
terrain it 1138 mean_level 6.0688
it 1139 steps 111968256 sps   37,997 | ep_ret   16.74 ep_len  995.4 (n=106) | pg -0.005 vf 0.009 kl 0.0167 lr 5.1e-05
[anomaly] it 1139: explained variance -2.50 < 0 after warm-up: value function not predicting returns
[anomaly] it 1139: terminal-step reward dominates the episode: survival is being punished
[anomaly] it 1139: joint limit violated by 0.62 rad
[anomaly] it 1139: contact penetration 6.6 cm
terrain it 1139 mean_level 6.0676
it 1140 steps 112066560 sps   37,997 | ep_ret   16.76 ep_len  995.3 (n=96) | pg -0.005 vf 0.008 kl 0.0102 lr 5.1e-05
[anomaly] it 1140: explained variance -2.85 < 0 after warm-up: value function not predicting returns
[anomaly] it 1140: terminal-step reward dominates the episode: survival is being punished
[anomaly] it 1140: joint limit violated by 0.74 rad
[anomaly] it 1140: contact penetration 6.4 cm
terrain it 1140 mean_level 6.0554
it 1141 steps 112164864 sps   37,997 | ep_ret   16.98 ep_len  995.6 (n=101) | pg -0.009 vf 0.009 kl 0.0092 lr 7.6e-05
[anomaly] it 1141: explained variance -2.61 < 0 after warm-up: value function not predicting returns
[anomaly] it 1141: terminal-step reward dominates the episode: survival is being punished
[anomaly] it 1141: joint limit violated by 0.72 rad
[anomaly] it 1141: contact penetration 7.3 cm
terrain it 1141 mean_level 6.0510
it 1142 steps 112263168 sps   37,997 | ep_ret   16.67 ep_len  993.4 (n=98) | pg -0.008 vf 0.007 kl 0.0122 lr 1.1e-04
[anomaly] it 1142: explained variance -2.65 < 0 after warm-up: value function not predicting returns
[anomaly] it 1142: terminal-step reward dominates the episode: survival is being punished
[anomaly] it 1142: joint limit violated by 0.65 rad
[anomaly] it 1142: contact penetration 5.9 cm
terrain it 1142 mean_level 6.0564
it 1143 steps 112361472 sps   37,997 | ep_ret   16.40 ep_len  988.7 (n=95) | pg -0.005 vf 0.010 kl 0.0126 lr 1.1e-04
[anomaly] it 1143: explained variance -2.56 < 0 after warm-up: value function not predicting returns
[anomaly] it 1143: terminal-step reward dominates the episode: survival is being punished
[anomaly] it 1143: joint limit violated by 0.72 rad
[anomaly] it 1143: contact penetration 6.9 cm
terrain it 1143 mean_level 6.0532
it 1144 steps 112459776 sps   37,997 | ep_ret   16.34 ep_len  997.0 (n=102) | pg -0.007 vf 0.008 kl 0.0126 lr 7.6e-05
[anomaly] it 1144: explained variance -2.79 < 0 after warm-up: value function not predicting returns
[anomaly] it 1144: terminal-step reward dominates the episode: survival is being punished
[anomaly] it 1144: joint limit violated by 0.64 rad
[anomaly] it 1144: contact penetration 9.5 cm
terrain it 1144 mean_level 6.0513
it 1145 steps 112558080 sps   37,997 | ep_ret   17.06 ep_len 1000.0 (n=96) | pg -0.008 vf 0.008 kl 0.0139 lr 1.1e-04
[anomaly] it 1145: explained variance -3.49 < 0 after warm-up: value function not predicting returns
[anomaly] it 1145: joint limit violated by 0.64 rad
[anomaly] it 1145: contact penetration 6.6 cm
terrain it 1145 mean_level 6.0574
it 1146 steps 112656384 sps   37,997 | ep_ret   16.49 ep_len  986.2 (n=89) | pg -0.005 vf 0.009 kl 0.0124 lr 7.6e-05
[anomaly] it 1146: explained variance -1.98 < 0 after warm-up: value function not predicting returns
[anomaly] it 1146: terminal-step reward dominates the episode: survival is being punished
[anomaly] it 1146: joint limit violated by 0.66 rad
[anomaly] it 1146: contact penetration 7.6 cm
terrain it 1146 mean_level 6.0598
it 1147 steps 112754688 sps   37,998 | ep_ret   16.78 ep_len 1000.0 (n=84) | pg -0.007 vf 0.011 kl 0.0173 lr 1.1e-04
[anomaly] it 1147: explained variance -3.41 < 0 after warm-up: value function not predicting returns
[anomaly] it 1147: joint limit violated by 0.62 rad
[anomaly] it 1147: contact penetration 8.4 cm
terrain it 1147 mean_level 6.0627
it 1148 steps 112852992 sps   37,998 | ep_ret   16.06 ep_len  987.4 (n=87) | pg -0.006 vf 0.009 kl 0.0144 lr 5.1e-05
[anomaly] it 1148: explained variance -1.70 < 0 after warm-up: value function not predicting returns
[anomaly] it 1148: terminal-step reward dominates the episode: survival is being punished
[anomaly] it 1148: joint limit violated by 0.63 rad
[anomaly] it 1148: contact penetration 6.7 cm
terrain it 1148 mean_level 6.0630
it 1149 steps 112951296 sps   37,998 | ep_ret   16.29 ep_len  998.9 (n=81) | pg -0.008 vf 0.007 kl 0.0134 lr 1.1e-04
[anomaly] it 1149: explained variance -3.04 < 0 after warm-up: value function not predicting returns
[anomaly] it 1149: terminal-step reward dominates the episode: survival is being punished
[anomaly] it 1149: joint limit violated by 0.71 rad
[anomaly] it 1149: contact penetration 5.1 cm
terrain it 1149 mean_level 6.0574
it 1150 steps 113049600 sps   37,998 | ep_ret   16.75 ep_len  996.1 (n=84) | pg -0.007 vf 0.008 kl 0.0160 lr 1.1e-04
[anomaly] it 1150: explained variance -2.63 < 0 after warm-up: value function not predicting returns
[anomaly] it 1150: terminal-step reward dominates the episode: survival is being punished
[anomaly] it 1150: joint limit violated by 0.79 rad
[anomaly] it 1150: contact penetration 5.2 cm
terrain it 1150 mean_level 6.0581
it 1151 steps 113147904 sps   37,998 | ep_ret   16.69 ep_len  997.2 (n=82) | pg -0.008 vf 0.008 kl 0.0146 lr 7.6e-05
[anomaly] it 1151: explained variance -2.77 < 0 after warm-up: value function not predicting returns
[anomaly] it 1151: terminal-step reward dominates the episode: survival is being punished
[anomaly] it 1151: joint limit violated by 0.63 rad
[anomaly] it 1151: contact penetration 7.6 cm
terrain it 1151 mean_level 6.0654
it 1152 steps 113246208 sps   37,998 | ep_ret   16.69 ep_len  990.4 (n=78) | pg -0.007 vf 0.009 kl 0.0138 lr 7.6e-05
[anomaly] it 1152: explained variance -2.26 < 0 after warm-up: value function not predicting returns
[anomaly] it 1152: terminal-step reward dominates the episode: survival is being punished
[anomaly] it 1152: joint limit violated by 0.60 rad
[anomaly] it 1152: contact penetration 5.7 cm
terrain it 1152 mean_level 6.0735
it 1153 steps 113344512 sps   37,998 | ep_ret   16.47 ep_len  989.1 (n=73) | pg -0.008 vf 0.009 kl 0.0119 lr 1.1e-04
[anomaly] it 1153: explained variance -3.00 < 0 after warm-up: value function not predicting returns
[anomaly] it 1153: terminal-step reward dominates the episode: survival is being punished
[anomaly] it 1153: joint limit violated by 0.65 rad
[anomaly] it 1153: contact penetration 6.9 cm
terrain it 1153 mean_level 6.0730
it 1154 steps 113442816 sps   37,998 | ep_ret   16.87 ep_len  988.9 (n=90) | pg -0.007 vf 0.008 kl 0.0149 lr 5.1e-05
[anomaly] it 1154: explained variance -2.42 < 0 after warm-up: value function not predicting returns
[anomaly] it 1154: terminal-step reward dominates the episode: survival is being punished
[anomaly] it 1154: joint limit violated by 0.66 rad
[anomaly] it 1154: contact penetration 6.5 cm
terrain it 1154 mean_level 6.0823
it 1155 steps 113541120 sps   37,998 | ep_ret   16.50 ep_len  997.0 (n=82) | pg -0.009 vf 0.007 kl 0.0116 lr 1.1e-04
[anomaly] it 1155: explained variance -2.34 < 0 after warm-up: value function not predicting returns
[anomaly] it 1155: terminal-step reward dominates the episode: survival is being punished
[anomaly] it 1155: joint limit violated by 0.73 rad
[anomaly] it 1155: contact penetration 7.4 cm
terrain it 1155 mean_level 6.0881
it 1156 steps 113639424 sps   37,998 | ep_ret   16.43 ep_len  994.9 (n=88) | pg -0.009 vf 0.007 kl 0.0155 lr 1.7e-04
[anomaly] it 1156: explained variance -2.15 < 0 after warm-up: value function not predicting returns
[anomaly] it 1156: terminal-step reward dominates the episode: survival is being punished
[anomaly] it 1156: joint limit violated by 0.62 rad
[anomaly] it 1156: contact penetration 6.4 cm
terrain it 1156 mean_level 6.0872
it 1157 steps 113737728 sps   37,998 | ep_ret   17.15 ep_len 1000.0 (n=86) | pg -0.006 vf 0.007 kl 0.0160 lr 7.6e-05
[anomaly] it 1157: explained variance -2.96 < 0 after warm-up: value function not predicting returns
[anomaly] it 1157: joint limit violated by 0.66 rad
[anomaly] it 1157: contact penetration 6.9 cm
terrain it 1157 mean_level 6.0781
it 1158 steps 113836032 sps   37,998 | ep_ret   16.71 ep_len  995.4 (n=78) | pg -0.004 vf 0.007 kl 0.0150 lr 5.1e-05
[anomaly] it 1158: explained variance -2.72 < 0 after warm-up: value function not predicting returns
[anomaly] it 1158: terminal-step reward dominates the episode: survival is being punished
[anomaly] it 1158: joint limit violated by 0.67 rad
[anomaly] it 1158: contact penetration 5.7 cm
terrain it 1158 mean_level 6.0803
it 1159 steps 113934336 sps   37,998 | ep_ret   17.22 ep_len  994.8 (n=75) | pg -0.008 vf 0.007 kl 0.0097 lr 7.6e-05
[anomaly] it 1159: explained variance -2.89 < 0 after warm-up: value function not predicting returns
[anomaly] it 1159: terminal-step reward dominates the episode: survival is being punished
[anomaly] it 1159: joint limit violated by 0.55 rad
[anomaly] it 1159: contact penetration 4.6 cm
terrain it 1159 mean_level 6.0823
it 1160 steps 114032640 sps   37,998 | ep_ret   17.03 ep_len 1000.0 (n=94) | pg -0.007 vf 0.007 kl 0.0120 lr 1.1e-04
[anomaly] it 1160: explained variance -3.27 < 0 after warm-up: value function not predicting returns
[anomaly] it 1160: joint limit violated by 0.64 rad
[anomaly] it 1160: contact penetration 6.0 cm
terrain it 1160 mean_level 6.0808
it 1161 steps 114130944 sps   37,998 | ep_ret   17.03 ep_len  993.2 (n=93) | pg -0.007 vf 0.009 kl 0.0164 lr 7.6e-05
[anomaly] it 1161: explained variance -2.70 < 0 after warm-up: value function not predicting returns
[anomaly] it 1161: terminal-step reward dominates the episode: survival is being punished
[anomaly] it 1161: joint limit violated by 0.72 rad
[anomaly] it 1161: contact penetration 6.2 cm
terrain it 1161 mean_level 6.0854
it 1162 steps 114229248 sps   37,998 | ep_ret   16.62 ep_len  973.7 (n=74) | pg -0.008 vf 0.009 kl 0.0154 lr 1.7e-04
[anomaly] it 1162: explained variance -1.77 < 0 after warm-up: value function not predicting returns
[anomaly] it 1162: terminal-step reward dominates the episode: survival is being punished
[anomaly] it 1162: joint limit violated by 0.72 rad
[anomaly] it 1162: contact penetration 6.5 cm
terrain it 1162 mean_level 6.0862
it 1163 steps 114327552 sps   37,998 | ep_ret   16.98 ep_len 1000.0 (n=109) | pg -0.004 vf 0.010 kl 0.0154 lr 7.6e-05
[anomaly] it 1163: explained variance -3.39 < 0 after warm-up: value function not predicting returns
[anomaly] it 1163: joint limit violated by 0.76 rad
[anomaly] it 1163: contact penetration 7.7 cm
terrain it 1163 mean_level 6.0908
it 1164 steps 114425856 sps   37,998 | ep_ret   16.34 ep_len  987.5 (n=118) | pg -0.007 vf 0.010 kl 0.0147 lr 1.1e-04
[anomaly] it 1164: explained variance -1.17 < 0 after warm-up: value function not predicting returns
[anomaly] it 1164: terminal-step reward dominates the episode: survival is being punished
[anomaly] it 1164: joint limit violated by 0.96 rad
[anomaly] it 1164: contact penetration 6.1 cm
terrain it 1164 mean_level 6.0869
it 1165 steps 114524160 sps   37,998 | ep_ret   17.12 ep_len 1000.0 (n=91) | pg -0.007 vf 0.010 kl 0.0158 lr 1.1e-04
[anomaly] it 1165: explained variance -3.57 < 0 after warm-up: value function not predicting returns
[anomaly] it 1165: joint limit violated by 0.70 rad
[anomaly] it 1165: contact penetration 6.2 cm
terrain it 1165 mean_level 6.0864
it 1166 steps 114622464 sps   37,998 | ep_ret   16.98 ep_len  976.5 (n=101) | pg -0.007 vf 0.012 kl 0.0143 lr 7.6e-05
[anomaly] it 1166: explained variance -2.41 < 0 after warm-up: value function not predicting returns
[anomaly] it 1166: terminal-step reward dominates the episode: survival is being punished
[anomaly] it 1166: joint limit violated by 0.76 rad
[anomaly] it 1166: contact penetration 6.3 cm
terrain it 1166 mean_level 6.0923
it 1167 steps 114720768 sps   37,998 | ep_ret   16.72 ep_len  980.6 (n=120) | pg -0.007 vf 0.011 kl 0.0131 lr 1.1e-04
[anomaly] it 1167: explained variance -1.84 < 0 after warm-up: value function not predicting returns
[anomaly] it 1167: terminal-step reward dominates the episode: survival is being punished
[anomaly] it 1167: joint limit violated by 0.62 rad
[anomaly] it 1167: contact penetration 4.6 cm
terrain it 1167 mean_level 6.0886
it 1168 steps 114819072 sps   37,999 | ep_ret   17.01 ep_len  988.9 (n=121) | pg -0.006 vf 0.010 kl 0.0134 lr 1.1e-04
[anomaly] it 1168: explained variance -2.55 < 0 after warm-up: value function not predicting returns
[anomaly] it 1168: terminal-step reward dominates the episode: survival is being punished
[anomaly] it 1168: joint limit violated by 0.65 rad
[anomaly] it 1168: contact penetration 6.0 cm
terrain it 1168 mean_level 6.0925
it 1169 steps 114917376 sps   37,999 | ep_ret   16.99 ep_len  985.8 (n=102) | pg -0.007 vf 0.008 kl 0.0150 lr 1.1e-04
[anomaly] it 1169: explained variance -2.53 < 0 after warm-up: value function not predicting returns
[anomaly] it 1169: terminal-step reward dominates the episode: survival is being punished
[anomaly] it 1169: joint limit violated by 0.62 rad
[anomaly] it 1169: contact penetration 5.8 cm
terrain it 1169 mean_level 6.0930
it 1170 steps 115015680 sps   37,999 | ep_ret   17.47 ep_len  994.2 (n=108) | pg -0.004 vf 0.009 kl 0.0143 lr 7.6e-05
[anomaly] it 1170: explained variance -1.87 < 0 after warm-up: value function not predicting returns
[anomaly] it 1170: terminal-step reward dominates the episode: survival is being punished
[anomaly] it 1170: joint limit violated by 0.68 rad
[anomaly] it 1170: contact penetration 4.8 cm
terrain it 1170 mean_level 6.0896
it 1171 steps 115113984 sps   37,999 | ep_ret   17.42 ep_len  994.4 (n=129) | pg -0.008 vf 0.007 kl 0.0116 lr 1.1e-04
[anomaly] it 1171: explained variance -3.02 < 0 after warm-up: value function not predicting returns
[anomaly] it 1171: terminal-step reward dominates the episode: survival is being punished
[anomaly] it 1171: joint limit violated by 0.65 rad
[anomaly] it 1171: contact penetration 5.1 cm
terrain it 1171 mean_level 6.0908
it 1172 steps 115212288 sps   37,999 | ep_ret   17.43 ep_len 1000.0 (n=123) | pg -0.009 vf 0.007 kl 0.0158 lr 1.1e-04
[anomaly] it 1172: explained variance -3.19 < 0 after warm-up: value function not predicting returns
[anomaly] it 1172: joint limit violated by 0.66 rad
[anomaly] it 1172: contact penetration 7.3 cm
terrain it 1172 mean_level 6.0845
it 1173 steps 115310592 sps   37,999 | ep_ret   17.54 ep_len  995.7 (n=120) | pg -0.003 vf 0.008 kl 0.0130 lr 5.1e-05
[anomaly] it 1173: explained variance -2.73 < 0 after warm-up: value function not predicting returns
[anomaly] it 1173: terminal-step reward dominates the episode: survival is being punished
[anomaly] it 1173: joint limit violated by 0.60 rad
[anomaly] it 1173: contact penetration 6.9 cm
terrain it 1173 mean_level 6.0847
it 1174 steps 115408896 sps   37,999 | ep_ret   17.62 ep_len  994.3 (n=129) | pg -0.009 vf 0.009 kl 0.0124 lr 1.1e-04
[anomaly] it 1174: explained variance -2.36 < 0 after warm-up: value function not predicting returns
[anomaly] it 1174: terminal-step reward dominates the episode: survival is being punished
[anomaly] it 1174: joint limit violated by 0.60 rad
[anomaly] it 1174: contact penetration 8.2 cm
terrain it 1174 mean_level 6.0957
it 1175 steps 115507200 sps   37,999 | ep_ret   17.38 ep_len  985.9 (n=115) | pg -0.006 vf 0.009 kl 0.0160 lr 7.6e-05
[anomaly] it 1175: explained variance -1.84 < 0 after warm-up: value function not predicting returns
[anomaly] it 1175: terminal-step reward dominates the episode: survival is being punished
[anomaly] it 1175: joint limit violated by 0.69 rad
[anomaly] it 1175: contact penetration 5.9 cm
terrain it 1175 mean_level 6.0972
it 1176 steps 115605504 sps   37,999 | ep_ret   17.49 ep_len  992.8 (n=112) | pg -0.005 vf 0.008 kl 0.0130 lr 1.1e-04
[anomaly] it 1176: explained variance -2.47 < 0 after warm-up: value function not predicting returns
[anomaly] it 1176: terminal-step reward dominates the episode: survival is being punished
[anomaly] it 1176: joint limit violated by 0.65 rad
[anomaly] it 1176: contact penetration 5.8 cm
terrain it 1176 mean_level 6.0977
it 1177 steps 115703808 sps   38,000 | ep_ret   17.32 ep_len  986.0 (n=103) | pg -0.006 vf 0.009 kl 0.0163 lr 1.1e-04
[anomaly] it 1177: explained variance -2.15 < 0 after warm-up: value function not predicting returns
[anomaly] it 1177: terminal-step reward dominates the episode: survival is being punished
[anomaly] it 1177: joint limit violated by 0.67 rad
[anomaly] it 1177: contact penetration 6.1 cm
terrain it 1177 mean_level 6.0920
it 1178 steps 115802112 sps   38,000 | ep_ret   17.60 ep_len  996.0 (n=135) | pg -0.007 vf 0.011 kl 0.0135 lr 1.1e-04
[anomaly] it 1178: explained variance -2.86 < 0 after warm-up: value function not predicting returns
[anomaly] it 1178: terminal-step reward dominates the episode: survival is being punished
[anomaly] it 1178: joint limit violated by 0.68 rad
[anomaly] it 1178: contact penetration 11.3 cm
terrain it 1178 mean_level 6.0920
it 1179 steps 115900416 sps   38,000 | ep_ret   16.85 ep_len  985.7 (n=110) | pg -0.004 vf 0.008 kl 0.0141 lr 3.4e-05
[anomaly] it 1179: explained variance -2.76 < 0 after warm-up: value function not predicting returns
[anomaly] it 1179: terminal-step reward dominates the episode: survival is being punished
[anomaly] it 1179: joint limit violated by 0.67 rad
[anomaly] it 1179: contact penetration 7.6 cm
terrain it 1179 mean_level 6.0813
it 1180 steps 115998720 sps   38,000 | ep_ret   17.59 ep_len  992.1 (n=102) | pg -0.007 vf 0.011 kl 0.0109 lr 7.6e-05
[anomaly] it 1180: explained variance -3.12 < 0 after warm-up: value function not predicting returns
[anomaly] it 1180: terminal-step reward dominates the episode: survival is being punished
[anomaly] it 1180: joint limit violated by 0.67 rad
[anomaly] it 1180: contact penetration 9.0 cm
terrain it 1180 mean_level 6.0798
it 1181 steps 116097024 sps   38,000 | ep_ret   16.61 ep_len  980.4 (n=106) | pg -0.007 vf 0.010 kl 0.0148 lr 7.6e-05
[anomaly] it 1181: explained variance -1.94 < 0 after warm-up: value function not predicting returns
[anomaly] it 1181: terminal-step reward dominates the episode: survival is being punished
[anomaly] it 1181: joint limit violated by 0.70 rad
[anomaly] it 1181: contact penetration 7.7 cm
terrain it 1181 mean_level 6.0759
it 1182 steps 116195328 sps   38,000 | ep_ret   17.54 ep_len  990.3 (n=101) | pg -0.007 vf 0.008 kl 0.0151 lr 1.1e-04
[anomaly] it 1182: explained variance -2.22 < 0 after warm-up: value function not predicting returns
[anomaly] it 1182: terminal-step reward dominates the episode: survival is being punished
[anomaly] it 1182: joint limit violated by 0.65 rad
[anomaly] it 1182: contact penetration 6.1 cm
terrain it 1182 mean_level 6.0823
it 1183 steps 116293632 sps   38,000 | ep_ret   17.33 ep_len  994.8 (n=100) | pg -0.009 vf 0.008 kl 0.0161 lr 1.7e-04
[anomaly] it 1183: explained variance -2.81 < 0 after warm-up: value function not predicting returns
[anomaly] it 1183: terminal-step reward dominates the episode: survival is being punished
[anomaly] it 1183: joint limit violated by 0.66 rad
[anomaly] it 1183: contact penetration 7.1 cm
terrain it 1183 mean_level 6.0837
it 1184 steps 116391936 sps   38,001 | ep_ret   17.36 ep_len 1000.0 (n=103) | pg -0.004 vf 0.009 kl 0.0125 lr 5.1e-05
[anomaly] it 1184: explained variance -3.31 < 0 after warm-up: value function not predicting returns
[anomaly] it 1184: joint limit violated by 0.67 rad
[anomaly] it 1184: contact penetration 7.6 cm
[anomaly] it 1184: contact force 22106 N > 50x robot weight
terrain it 1184 mean_level 6.0820
it 1185 steps 116490240 sps   38,001 | ep_ret   17.58 ep_len 1000.0 (n=89) | pg -0.008 vf 0.008 kl 0.0118 lr 1.1e-04
[anomaly] it 1185: explained variance -3.07 < 0 after warm-up: value function not predicting returns
[anomaly] it 1185: joint limit violated by 0.65 rad
[anomaly] it 1185: contact penetration 5.7 cm
[anomaly] it 1185: contact force 22179 N > 50x robot weight
terrain it 1185 mean_level 6.0854
it 1186 steps 116588544 sps   38,001 | ep_ret   17.35 ep_len  993.1 (n=110) | pg -0.004 vf 0.008 kl 0.0144 lr 7.6e-05
[anomaly] it 1186: explained variance -2.66 < 0 after warm-up: value function not predicting returns
[anomaly] it 1186: terminal-step reward dominates the episode: survival is being punished
[anomaly] it 1186: joint limit violated by 0.62 rad
[anomaly] it 1186: contact penetration 7.2 cm
terrain it 1186 mean_level 6.0842
it 1187 steps 116686848 sps   38,001 | ep_ret   17.18 ep_len  989.6 (n=96) | pg -0.008 vf 0.010 kl 0.0150 lr 1.1e-04
[anomaly] it 1187: explained variance -2.11 < 0 after warm-up: value function not predicting returns
[anomaly] it 1187: terminal-step reward dominates the episode: survival is being punished
[anomaly] it 1187: joint limit violated by 0.61 rad
[anomaly] it 1187: contact penetration 5.7 cm
[anomaly] it 1187: contact force 22172 N > 50x robot weight
terrain it 1187 mean_level 6.0864
it 1188 steps 116785152 sps   38,001 | ep_ret   16.98 ep_len  990.5 (n=71) | pg -0.008 vf 0.009 kl 0.0158 lr 1.1e-04
[anomaly] it 1188: explained variance -2.83 < 0 after warm-up: value function not predicting returns
[anomaly] it 1188: terminal-step reward dominates the episode: survival is being punished
[anomaly] it 1188: joint limit violated by 0.76 rad
[anomaly] it 1188: contact penetration 5.9 cm
terrain it 1188 mean_level 6.0828
it 1189 steps 116883456 sps   38,002 | ep_ret   16.79 ep_len  986.4 (n=92) | pg -0.006 vf 0.011 kl 0.0169 lr 7.6e-05
[anomaly] it 1189: explained variance -1.80 < 0 after warm-up: value function not predicting returns
[anomaly] it 1189: terminal-step reward dominates the episode: survival is being punished
[anomaly] it 1189: joint limit violated by 0.67 rad
[anomaly] it 1189: contact penetration 5.5 cm
terrain it 1189 mean_level 6.0776
it 1190 steps 116981760 sps   38,002 | ep_ret   16.84 ep_len  996.4 (n=83) | pg -0.007 vf 0.010 kl 0.0140 lr 1.1e-04
[anomaly] it 1190: explained variance -3.14 < 0 after warm-up: value function not predicting returns
[anomaly] it 1190: terminal-step reward dominates the episode: survival is being punished
[anomaly] it 1190: joint limit violated by 0.64 rad
[anomaly] it 1190: contact penetration 8.8 cm
[anomaly] it 1190: contact force 22107 N > 50x robot weight
terrain it 1190 mean_level 6.0725
it 1191 steps 117080064 sps   38,002 | ep_ret   16.91 ep_len  981.3 (n=81) | pg -0.008 vf 0.008 kl 0.0145 lr 1.7e-04
[anomaly] it 1191: explained variance -2.44 < 0 after warm-up: value function not predicting returns
[anomaly] it 1191: terminal-step reward dominates the episode: survival is being punished
[anomaly] it 1191: joint limit violated by 0.66 rad
[anomaly] it 1191: contact penetration 9.8 cm
terrain it 1191 mean_level 6.0737
it 1192 steps 117178368 sps   38,002 | ep_ret   16.97 ep_len  991.8 (n=92) | pg -0.005 vf 0.010 kl 0.0144 lr 1.1e-04
[anomaly] it 1192: explained variance -2.67 < 0 after warm-up: value function not predicting returns
[anomaly] it 1192: terminal-step reward dominates the episode: survival is being punished
[anomaly] it 1192: joint limit violated by 0.72 rad
[anomaly] it 1192: contact penetration 5.0 cm
terrain it 1192 mean_level 6.0791
it 1193 steps 117276672 sps   38,002 | ep_ret   16.71 ep_len  981.3 (n=86) | pg -0.005 vf 0.015 kl 0.0134 lr 7.6e-05
[anomaly] it 1193: explained variance -2.02 < 0 after warm-up: value function not predicting returns
[anomaly] it 1193: terminal-step reward dominates the episode: survival is being punished
[anomaly] it 1193: joint limit violated by 0.69 rad
[anomaly] it 1193: contact penetration 6.2 cm
terrain it 1193 mean_level 6.0808
it 1194 steps 117374976 sps   38,002 | ep_ret   16.94 ep_len  984.1 (n=72) | pg -0.006 vf 0.014 kl 0.0156 lr 1.1e-04
[anomaly] it 1194: explained variance -2.49 < 0 after warm-up: value function not predicting returns
[anomaly] it 1194: terminal-step reward dominates the episode: survival is being punished
[anomaly] it 1194: joint limit violated by 0.59 rad
[anomaly] it 1194: contact penetration 8.5 cm
terrain it 1194 mean_level 6.0818
it 1195 steps 117473280 sps   38,002 | ep_ret   16.67 ep_len  971.7 (n=82) | pg -0.008 vf 0.009 kl 0.0161 lr 5.1e-05
[anomaly] it 1195: explained variance -1.46 < 0 after warm-up: value function not predicting returns
[anomaly] it 1195: terminal-step reward dominates the episode: survival is being punished
[anomaly] it 1195: joint limit violated by 0.69 rad
[anomaly] it 1195: contact penetration 5.8 cm
terrain it 1195 mean_level 6.0886
it 1196 steps 117571584 sps   38,003 | ep_ret   17.73 ep_len  999.3 (n=83) | pg -0.008 vf 0.010 kl 0.0118 lr 1.1e-04
[anomaly] it 1196: explained variance -2.81 < 0 after warm-up: value function not predicting returns
[anomaly] it 1196: terminal-step reward dominates the episode: survival is being punished
[anomaly] it 1196: joint limit violated by 0.65 rad
[anomaly] it 1196: contact penetration 6.6 cm
terrain it 1196 mean_level 6.0876
it 1197 steps 117669888 sps   38,003 | ep_ret   16.47 ep_len  970.7 (n=78) | pg -0.007 vf 0.010 kl 0.0141 lr 1.1e-04
[anomaly] it 1197: explained variance -1.73 < 0 after warm-up: value function not predicting returns
[anomaly] it 1197: terminal-step reward dominates the episode: survival is being punished
[anomaly] it 1197: joint limit violated by 0.65 rad
[anomaly] it 1197: contact penetration 7.4 cm
terrain it 1197 mean_level 6.0859
it 1198 steps 117768192 sps   38,003 | ep_ret   17.32 ep_len  992.3 (n=93) | pg -0.008 vf 0.011 kl 0.0128 lr 1.1e-04
[anomaly] it 1198: explained variance -3.45 < 0 after warm-up: value function not predicting returns
[anomaly] it 1198: terminal-step reward dominates the episode: survival is being punished
[anomaly] it 1198: joint limit violated by 0.64 rad
[anomaly] it 1198: contact penetration 4.0 cm
[anomaly] it 1198: contact force 22183 N > 50x robot weight
terrain it 1198 mean_level 6.0872
it 1199 steps 117866496 sps   38,003 | ep_ret   17.47 ep_len  987.3 (n=87) | pg -0.007 vf 0.011 kl 0.0155 lr 1.1e-04
[anomaly] it 1199: explained variance -2.32 < 0 after warm-up: value function not predicting returns
[anomaly] it 1199: terminal-step reward dominates the episode: survival is being punished
[anomaly] it 1199: joint limit violated by 0.67 rad
[anomaly] it 1199: contact penetration 8.4 cm
[anomaly] it 1199: contact force 22063 N > 50x robot weight
terrain it 1199 mean_level 6.0945
it 1200 steps 117964800 sps   38,003 | ep_ret   16.68 ep_len  988.3 (n=76) | pg -0.007 vf 0.012 kl 0.0169 lr 1.1e-04
[anomaly] it 1200: explained variance -2.13 < 0 after warm-up: value function not predicting returns
[anomaly] it 1200: terminal-step reward dominates the episode: survival is being punished
[anomaly] it 1200: joint limit violated by 0.58 rad
[anomaly] it 1200: contact penetration 7.3 cm
terrain it 1200 mean_level 6.0964
it 1201 steps 118063104 sps   38,003 | ep_ret   16.84 ep_len  970.8 (n=78) | pg -0.007 vf 0.011 kl 0.0134 lr 1.1e-04
[anomaly] it 1201: explained variance -2.01 < 0 after warm-up: value function not predicting returns
[anomaly] it 1201: terminal-step reward dominates the episode: survival is being punished
[anomaly] it 1201: joint limit violated by 0.66 rad
[anomaly] it 1201: contact penetration 6.0 cm
terrain it 1201 mean_level 6.0967
it 1202 steps 118161408 sps   38,003 | ep_ret   17.00 ep_len  988.0 (n=102) | pg -0.008 vf 0.009 kl 0.0154 lr 1.1e-04
[anomaly] it 1202: explained variance -1.78 < 0 after warm-up: value function not predicting returns
[anomaly] it 1202: terminal-step reward dominates the episode: survival is being punished
[anomaly] it 1202: joint limit violated by 0.62 rad
[anomaly] it 1202: contact penetration 8.3 cm
terrain it 1202 mean_level 6.1030
it 1203 steps 118259712 sps   38,004 | ep_ret   17.01 ep_len  990.7 (n=85) | pg -0.005 vf 0.009 kl 0.0126 lr 5.1e-05
[anomaly] it 1203: explained variance -1.91 < 0 after warm-up: value function not predicting returns
[anomaly] it 1203: terminal-step reward dominates the episode: survival is being punished
[anomaly] it 1203: joint limit violated by 0.62 rad
[anomaly] it 1203: contact penetration 4.7 cm
terrain it 1203 mean_level 6.1047
it 1204 steps 118358016 sps   38,004 | ep_ret   17.90 ep_len  993.8 (n=87) | pg -0.008 vf 0.009 kl 0.0138 lr 1.1e-04
[anomaly] it 1204: explained variance -2.29 < 0 after warm-up: value function not predicting returns
[anomaly] it 1204: terminal-step reward dominates the episode: survival is being punished
[anomaly] it 1204: joint limit violated by 0.66 rad
[anomaly] it 1204: contact penetration 8.5 cm
terrain it 1204 mean_level 6.1045
it 1205 steps 118456320 sps   38,004 | ep_ret   16.97 ep_len  981.1 (n=116) | pg -0.006 vf 0.014 kl 0.0152 lr 1.1e-04
[anomaly] it 1205: explained variance -1.73 < 0 after warm-up: value function not predicting returns
[anomaly] it 1205: terminal-step reward dominates the episode: survival is being punished
[anomaly] it 1205: joint limit violated by 0.61 rad
[anomaly] it 1205: contact penetration 6.5 cm
terrain it 1205 mean_level 6.1089
it 1206 steps 118554624 sps   38,004 | ep_ret   17.69 ep_len  990.5 (n=98) | pg -0.008 vf 0.010 kl 0.0133 lr 7.6e-05
[anomaly] it 1206: explained variance -2.33 < 0 after warm-up: value function not predicting returns
[anomaly] it 1206: terminal-step reward dominates the episode: survival is being punished
[anomaly] it 1206: joint limit violated by 0.65 rad
[anomaly] it 1206: contact penetration 5.6 cm
terrain it 1206 mean_level 6.1033
it 1207 steps 118652928 sps   38,004 | ep_ret   17.04 ep_len  979.3 (n=111) | pg -0.006 vf 0.012 kl 0.0132 lr 5.1e-05
[anomaly] it 1207: explained variance -1.44 < 0 after warm-up: value function not predicting returns
[anomaly] it 1207: terminal-step reward dominates the episode: survival is being punished
[anomaly] it 1207: joint limit violated by 0.59 rad
[anomaly] it 1207: contact penetration 7.2 cm
terrain it 1207 mean_level 6.1072
it 1208 steps 118751232 sps   38,004 | ep_ret   18.20 ep_len  998.6 (n=103) | pg -0.009 vf 0.008 kl 0.0128 lr 1.1e-04
[anomaly] it 1208: explained variance -2.51 < 0 after warm-up: value function not predicting returns
[anomaly] it 1208: terminal-step reward dominates the episode: survival is being punished
[anomaly] it 1208: joint limit violated by 0.59 rad
[anomaly] it 1208: contact penetration 5.8 cm
terrain it 1208 mean_level 6.1064
it 1209 steps 118849536 sps   38,005 | ep_ret   18.22 ep_len  996.2 (n=112) | pg -0.006 vf 0.010 kl 0.0160 lr 7.6e-05
[anomaly] it 1209: explained variance -2.67 < 0 after warm-up: value function not predicting returns
[anomaly] it 1209: terminal-step reward dominates the episode: survival is being punished
[anomaly] it 1209: joint limit violated by 0.61 rad
[anomaly] it 1209: contact penetration 5.7 cm
terrain it 1209 mean_level 6.1040
it 1210 steps 118947840 sps   38,005 | ep_ret   18.29 ep_len 1000.0 (n=112) | pg -0.006 vf 0.008 kl 0.0115 lr 7.6e-05
[anomaly] it 1210: explained variance -3.47 < 0 after warm-up: value function not predicting returns
[anomaly] it 1210: joint limit violated by 0.61 rad
[anomaly] it 1210: contact penetration 5.0 cm
terrain it 1210 mean_level 6.1067
it 1211 steps 119046144 sps   38,005 | ep_ret   18.29 ep_len  997.4 (n=103) | pg -0.005 vf 0.011 kl 0.0146 lr 7.6e-05
[anomaly] it 1211: explained variance -2.54 < 0 after warm-up: value function not predicting returns
[anomaly] it 1211: terminal-step reward dominates the episode: survival is being punished
[anomaly] it 1211: joint limit violated by 0.74 rad
[anomaly] it 1211: contact penetration 6.8 cm
terrain it 1211 mean_level 6.1101
it 1212 steps 119144448 sps   38,005 | ep_ret   17.82 ep_len  995.2 (n=116) | pg -0.008 vf 0.011 kl 0.0125 lr 1.1e-04
[anomaly] it 1212: explained variance -2.61 < 0 after warm-up: value function not predicting returns
[anomaly] it 1212: terminal-step reward dominates the episode: survival is being punished
[anomaly] it 1212: joint limit violated by 0.59 rad
[anomaly] it 1212: contact penetration 5.7 cm
terrain it 1212 mean_level 6.1091
it 1213 steps 119242752 sps   38,005 | ep_ret   17.64 ep_len  999.0 (n=129) | pg -0.007 vf 0.011 kl 0.0165 lr 7.6e-05
[anomaly] it 1213: explained variance -3.48 < 0 after warm-up: value function not predicting returns
[anomaly] it 1213: terminal-step reward dominates the episode: survival is being punished
[anomaly] it 1213: joint limit violated by 0.76 rad
[anomaly] it 1213: contact penetration 8.4 cm
terrain it 1213 mean_level 6.1108
it 1214 steps 119341056 sps   38,006 | ep_ret   17.42 ep_len  984.7 (n=125) | pg -0.009 vf 0.010 kl 0.0122 lr 1.1e-04
[anomaly] it 1214: explained variance -1.68 < 0 after warm-up: value function not predicting returns
[anomaly] it 1214: terminal-step reward dominates the episode: survival is being punished
[anomaly] it 1214: joint limit violated by 0.61 rad
[anomaly] it 1214: contact penetration 6.4 cm
[anomaly] it 1214: contact force 22184 N > 50x robot weight
terrain it 1214 mean_level 6.1082
it 1215 steps 119439360 sps   38,006 | ep_ret   18.25 ep_len  987.5 (n=124) | pg -0.008 vf 0.010 kl 0.0152 lr 1.1e-04
[anomaly] it 1215: explained variance -1.94 < 0 after warm-up: value function not predicting returns
[anomaly] it 1215: terminal-step reward dominates the episode: survival is being punished
[anomaly] it 1215: joint limit violated by 0.66 rad
[anomaly] it 1215: contact penetration 4.9 cm
[anomaly] it 1215: contact force 22108 N > 50x robot weight
terrain it 1215 mean_level 6.1104
it 1216 steps 119537664 sps   38,006 | ep_ret   18.35 ep_len 1000.0 (n=116) | pg -0.005 vf 0.012 kl 0.0140 lr 1.1e-04
[anomaly] it 1216: explained variance -3.27 < 0 after warm-up: value function not predicting returns
[anomaly] it 1216: joint limit violated by 0.67 rad
[anomaly] it 1216: contact penetration 7.1 cm
terrain it 1216 mean_level 6.1086
it 1217 steps 119635968 sps   38,006 | ep_ret   18.08 ep_len  983.0 (n=116) | pg -0.007 vf 0.009 kl 0.0145 lr 1.1e-04
[anomaly] it 1217: explained variance -1.49 < 0 after warm-up: value function not predicting returns
[anomaly] it 1217: terminal-step reward dominates the episode: survival is being punished
[anomaly] it 1217: joint limit violated by 0.57 rad
[anomaly] it 1217: contact penetration 5.3 cm
terrain it 1217 mean_level 6.1072
it 1218 steps 119734272 sps   38,007 | ep_ret   18.55 ep_len 1000.0 (n=108) | pg -0.007 vf 0.011 kl 0.0151 lr 1.1e-04
[anomaly] it 1218: explained variance -3.66 < 0 after warm-up: value function not predicting returns
[anomaly] it 1218: joint limit violated by 0.69 rad
[anomaly] it 1218: contact penetration 6.4 cm
terrain it 1218 mean_level 6.1096
it 1219 steps 119832576 sps   38,007 | ep_ret   18.11 ep_len  989.1 (n=109) | pg -0.007 vf 0.009 kl 0.0171 lr 7.6e-05
[anomaly] it 1219: explained variance -2.18 < 0 after warm-up: value function not predicting returns
[anomaly] it 1219: terminal-step reward dominates the episode: survival is being punished
[anomaly] it 1219: joint limit violated by 0.60 rad
[anomaly] it 1219: contact penetration 6.9 cm
terrain it 1219 mean_level 6.1135
it 1220 steps 119930880 sps   38,007 | ep_ret   17.99 ep_len  991.1 (n=135) | pg -0.010 vf 0.008 kl 0.0121 lr 1.1e-04
[anomaly] it 1220: explained variance -2.42 < 0 after warm-up: value function not predicting returns
[anomaly] it 1220: terminal-step reward dominates the episode: survival is being punished
[anomaly] it 1220: joint limit violated by 0.63 rad
[anomaly] it 1220: contact penetration 6.0 cm
terrain it 1220 mean_level 6.1196
it 1221 steps 120029184 sps   38,007 | ep_ret   17.72 ep_len  985.9 (n=101) | pg -0.007 vf 0.011 kl 0.0155 lr 1.1e-04
[anomaly] it 1221: explained variance -1.83 < 0 after warm-up: value function not predicting returns
[anomaly] it 1221: terminal-step reward dominates the episode: survival is being punished
[anomaly] it 1221: joint limit violated by 0.64 rad
[anomaly] it 1221: contact penetration 5.4 cm
terrain it 1221 mean_level 6.1216
it 1222 steps 120127488 sps   38,008 | ep_ret   17.96 ep_len  995.2 (n=113) | pg -0.002 vf 0.010 kl 0.0161 lr 5.1e-05
[anomaly] it 1222: explained variance -2.11 < 0 after warm-up: value function not predicting returns
[anomaly] it 1222: terminal-step reward dominates the episode: survival is being punished
[anomaly] it 1222: joint limit violated by 0.61 rad
[anomaly] it 1222: contact penetration 6.7 cm
terrain it 1222 mean_level 6.1230
it 1223 steps 120225792 sps   38,008 | ep_ret   18.21 ep_len  996.8 (n=99) | pg -0.008 vf 0.011 kl 0.0096 lr 7.6e-05
[anomaly] it 1223: explained variance -2.69 < 0 after warm-up: value function not predicting returns
[anomaly] it 1223: terminal-step reward dominates the episode: survival is being punished
[anomaly] it 1223: joint limit violated by 0.60 rad
[anomaly] it 1223: contact penetration 7.1 cm
terrain it 1223 mean_level 6.1265
it 1224 steps 120324096 sps   38,008 | ep_ret   17.87 ep_len  979.1 (n=98) | pg -0.008 vf 0.013 kl 0.0124 lr 1.1e-04
[anomaly] it 1224: explained variance -2.02 < 0 after warm-up: value function not predicting returns
[anomaly] it 1224: terminal-step reward dominates the episode: survival is being punished
[anomaly] it 1224: joint limit violated by 0.79 rad
[anomaly] it 1224: contact penetration 7.1 cm
terrain it 1224 mean_level 6.1218
it 1225 steps 120422400 sps   38,009 | ep_ret   17.61 ep_len  981.4 (n=110) | pg -0.007 vf 0.009 kl 0.0154 lr 1.1e-04
[anomaly] it 1225: explained variance -1.80 < 0 after warm-up: value function not predicting returns
[anomaly] it 1225: terminal-step reward dominates the episode: survival is being punished
[anomaly] it 1225: joint limit violated by 0.62 rad
[anomaly] it 1225: contact penetration 5.6 cm
terrain it 1225 mean_level 6.1309
it 1226 steps 120520704 sps   38,009 | ep_ret   17.46 ep_len  986.5 (n=98) | pg -0.005 vf 0.009 kl 0.0133 lr 1.1e-04
[anomaly] it 1226: explained variance -1.91 < 0 after warm-up: value function not predicting returns
[anomaly] it 1226: terminal-step reward dominates the episode: survival is being punished
[anomaly] it 1226: joint limit violated by 0.65 rad
[anomaly] it 1226: contact penetration 5.6 cm
terrain it 1226 mean_level 6.1333
it 1227 steps 120619008 sps   38,009 | ep_ret   17.73 ep_len 1000.0 (n=85) | pg -0.005 vf 0.009 kl 0.0129 lr 7.6e-05
[anomaly] it 1227: explained variance -3.03 < 0 after warm-up: value function not predicting returns
[anomaly] it 1227: joint limit violated by 0.60 rad
[anomaly] it 1227: contact penetration 6.6 cm
terrain it 1227 mean_level 6.1309
it 1228 steps 120717312 sps   38,009 | ep_ret   18.20 ep_len 1000.0 (n=106) | pg -0.006 vf 0.011 kl 0.0136 lr 1.1e-04
[anomaly] it 1228: explained variance -2.81 < 0 after warm-up: value function not predicting returns
[anomaly] it 1228: joint limit violated by 0.65 rad
[anomaly] it 1228: contact penetration 9.2 cm
terrain it 1228 mean_level 6.1318
it 1229 steps 120815616 sps   38,010 | ep_ret   17.67 ep_len  987.7 (n=93) | pg -0.006 vf 0.009 kl 0.0143 lr 1.1e-04
[anomaly] it 1229: explained variance -1.73 < 0 after warm-up: value function not predicting returns
[anomaly] it 1229: terminal-step reward dominates the episode: survival is being punished
[anomaly] it 1229: joint limit violated by 0.61 rad
[anomaly] it 1229: contact penetration 5.3 cm
terrain it 1229 mean_level 6.1304
it 1230 steps 120913920 sps   38,010 | ep_ret   17.39 ep_len  987.2 (n=73) | pg -0.005 vf 0.010 kl 0.0145 lr 1.1e-04
[anomaly] it 1230: explained variance -1.73 < 0 after warm-up: value function not predicting returns
[anomaly] it 1230: terminal-step reward dominates the episode: survival is being punished
[anomaly] it 1230: joint limit violated by 0.68 rad
[anomaly] it 1230: contact penetration 6.5 cm
terrain it 1230 mean_level 6.1311
it 1231 steps 121012224 sps   38,010 | ep_ret   17.98 ep_len  997.2 (n=93) | pg -0.008 vf 0.007 kl 0.0143 lr 1.1e-04
[anomaly] it 1231: explained variance -2.67 < 0 after warm-up: value function not predicting returns
[anomaly] it 1231: terminal-step reward dominates the episode: survival is being punished
[anomaly] it 1231: joint limit violated by 0.63 rad
[anomaly] it 1231: contact penetration 5.9 cm
terrain it 1231 mean_level 6.1296
it 1232 steps 121110528 sps   38,011 | ep_ret   18.24 ep_len  996.0 (n=73) | pg -0.005 vf 0.007 kl 0.0176 lr 5.1e-05
[anomaly] it 1232: explained variance -2.52 < 0 after warm-up: value function not predicting returns
[anomaly] it 1232: terminal-step reward dominates the episode: survival is being punished
[anomaly] it 1232: joint limit violated by 0.66 rad
[anomaly] it 1232: contact penetration 8.3 cm
terrain it 1232 mean_level 6.1306
it 1233 steps 121208832 sps   38,011 | ep_ret   18.06 ep_len 1000.0 (n=79) | pg -0.006 vf 0.007 kl 0.0101 lr 7.6e-05
[anomaly] it 1233: explained variance -3.00 < 0 after warm-up: value function not predicting returns
[anomaly] it 1233: joint limit violated by 0.76 rad
[anomaly] it 1233: contact penetration 4.8 cm
terrain it 1233 mean_level 6.1296
it 1234 steps 121307136 sps   38,012 | ep_ret   17.78 ep_len  995.0 (n=99) | pg -0.008 vf 0.008 kl 0.0134 lr 7.6e-05
[anomaly] it 1234: explained variance -2.24 < 0 after warm-up: value function not predicting returns
[anomaly] it 1234: terminal-step reward dominates the episode: survival is being punished
[anomaly] it 1234: joint limit violated by 0.64 rad
[anomaly] it 1234: contact penetration 7.8 cm
terrain it 1234 mean_level 6.1270
it 1235 steps 121405440 sps   38,012 | ep_ret   17.73 ep_len  989.0 (n=75) | pg -0.004 vf 0.008 kl 0.0129 lr 7.6e-05
[anomaly] it 1235: explained variance -2.38 < 0 after warm-up: value function not predicting returns
[anomaly] it 1235: terminal-step reward dominates the episode: survival is being punished
[anomaly] it 1235: joint limit violated by 0.61 rad
[anomaly] it 1235: contact penetration 6.5 cm
terrain it 1235 mean_level 6.1296
it 1236 steps 121503744 sps   38,012 | ep_ret   17.10 ep_len  993.0 (n=69) | pg -0.007 vf 0.011 kl 0.0147 lr 1.1e-04
[anomaly] it 1236: explained variance -2.30 < 0 after warm-up: value function not predicting returns
[anomaly] it 1236: terminal-step reward dominates the episode: survival is being punished
[anomaly] it 1236: joint limit violated by 0.65 rad
[anomaly] it 1236: contact penetration 5.5 cm
terrain it 1236 mean_level 6.1250
it 1237 steps 121602048 sps   38,013 | ep_ret   17.68 ep_len  982.7 (n=93) | pg -0.005 vf 0.010 kl 0.0155 lr 1.1e-04
[anomaly] it 1237: explained variance -2.11 < 0 after warm-up: value function not predicting returns
[anomaly] it 1237: terminal-step reward dominates the episode: survival is being punished
[anomaly] it 1237: joint limit violated by 0.57 rad
[anomaly] it 1237: contact penetration 5.7 cm
terrain it 1237 mean_level 6.1211
it 1238 steps 121700352 sps   38,013 | ep_ret   17.84 ep_len  989.8 (n=72) | pg -0.007 vf 0.009 kl 0.0151 lr 1.1e-04
[anomaly] it 1238: explained variance -2.61 < 0 after warm-up: value function not predicting returns
[anomaly] it 1238: terminal-step reward dominates the episode: survival is being punished
[anomaly] it 1238: joint limit violated by 0.70 rad
[anomaly] it 1238: contact penetration 6.4 cm
terrain it 1238 mean_level 6.1184
it 1239 steps 121798656 sps   38,013 | ep_ret   17.92 ep_len  996.7 (n=95) | pg -0.007 vf 0.009 kl 0.0159 lr 1.1e-04
[anomaly] it 1239: explained variance -1.82 < 0 after warm-up: value function not predicting returns
[anomaly] it 1239: terminal-step reward dominates the episode: survival is being punished
[anomaly] it 1239: joint limit violated by 0.82 rad
[anomaly] it 1239: contact penetration 6.6 cm
terrain it 1239 mean_level 6.1223
it 1240 steps 121896960 sps   38,013 | ep_ret   17.04 ep_len  984.6 (n=81) | pg -0.005 vf 0.008 kl 0.0150 lr 1.1e-04
[anomaly] it 1240: explained variance -1.96 < 0 after warm-up: value function not predicting returns
[anomaly] it 1240: terminal-step reward dominates the episode: survival is being punished
[anomaly] it 1240: joint limit violated by 0.77 rad
[anomaly] it 1240: contact penetration 5.8 cm
terrain it 1240 mean_level 6.1201
it 1241 steps 121995264 sps   38,014 | ep_ret   17.81 ep_len  988.9 (n=92) | pg -0.008 vf 0.008 kl 0.0128 lr 1.1e-04
[anomaly] it 1241: explained variance -1.66 < 0 after warm-up: value function not predicting returns
[anomaly] it 1241: terminal-step reward dominates the episode: survival is being punished
[anomaly] it 1241: joint limit violated by 0.61 rad
[anomaly] it 1241: contact penetration 8.3 cm
terrain it 1241 mean_level 6.1194
it 1242 steps 122093568 sps   38,014 | ep_ret   17.99 ep_len 1000.0 (n=62) | pg -0.007 vf 0.010 kl 0.0160 lr 1.1e-04
[anomaly] it 1242: explained variance -2.79 < 0 after warm-up: value function not predicting returns
[anomaly] it 1242: joint limit violated by 0.68 rad
[anomaly] it 1242: contact penetration 6.6 cm
terrain it 1242 mean_level 6.1196
it 1243 steps 122191872 sps   38,014 | ep_ret   17.83 ep_len  996.0 (n=93) | pg -0.007 vf 0.009 kl 0.0168 lr 1.7e-04
[anomaly] it 1243: explained variance -2.02 < 0 after warm-up: value function not predicting returns
[anomaly] it 1243: terminal-step reward dominates the episode: survival is being punished
[anomaly] it 1243: joint limit violated by 0.67 rad
[anomaly] it 1243: contact penetration 6.9 cm
terrain it 1243 mean_level 6.1184
it 1244 steps 122290176 sps   38,015 | ep_ret   17.84 ep_len  993.0 (n=103) | pg -0.005 vf 0.009 kl 0.0171 lr 1.1e-04
[anomaly] it 1244: explained variance -1.99 < 0 after warm-up: value function not predicting returns
[anomaly] it 1244: terminal-step reward dominates the episode: survival is being punished
[anomaly] it 1244: joint limit violated by 0.67 rad
[anomaly] it 1244: contact penetration 6.5 cm
terrain it 1244 mean_level 6.1189
it 1245 steps 122388480 sps   38,015 | ep_ret   18.43 ep_len  978.7 (n=76) | pg -0.006 vf 0.008 kl 0.0143 lr 7.6e-05
[anomaly] it 1245: explained variance -1.47 < 0 after warm-up: value function not predicting returns
[anomaly] it 1245: terminal-step reward dominates the episode: survival is being punished
[anomaly] it 1245: joint limit violated by 0.66 rad
[anomaly] it 1245: contact penetration 6.8 cm
terrain it 1245 mean_level 6.1160
it 1246 steps 122486784 sps   38,015 | ep_ret   18.23 ep_len  993.9 (n=102) | pg -0.007 vf 0.009 kl 0.0129 lr 1.1e-04
[anomaly] it 1246: explained variance -2.46 < 0 after warm-up: value function not predicting returns
[anomaly] it 1246: terminal-step reward dominates the episode: survival is being punished
[anomaly] it 1246: joint limit violated by 0.74 rad
[anomaly] it 1246: contact penetration 5.7 cm
terrain it 1246 mean_level 6.1184
it 1247 steps 122585088 sps   38,016 | ep_ret   18.05 ep_len  988.1 (n=121) | pg -0.008 vf 0.007 kl 0.0156 lr 1.1e-04
[anomaly] it 1247: explained variance -1.61 < 0 after warm-up: value function not predicting returns
[anomaly] it 1247: terminal-step reward dominates the episode: survival is being punished
[anomaly] it 1247: joint limit violated by 0.67 rad
[anomaly] it 1247: contact penetration 7.0 cm
terrain it 1247 mean_level 6.1216
it 1248 steps 122683392 sps   38,016 | ep_ret   18.51 ep_len  991.8 (n=87) | pg -0.006 vf 0.011 kl 0.0148 lr 1.1e-04
[anomaly] it 1248: explained variance -2.39 < 0 after warm-up: value function not predicting returns
[anomaly] it 1248: terminal-step reward dominates the episode: survival is being punished
[anomaly] it 1248: joint limit violated by 0.61 rad
[anomaly] it 1248: contact penetration 7.9 cm
terrain it 1248 mean_level 6.1311
it 1249 steps 122781696 sps   38,017 | ep_ret   18.08 ep_len  989.6 (n=117) | pg -0.008 vf 0.009 kl 0.0161 lr 1.1e-04
[anomaly] it 1249: explained variance -1.60 < 0 after warm-up: value function not predicting returns
[anomaly] it 1249: terminal-step reward dominates the episode: survival is being punished
[anomaly] it 1249: joint limit violated by 0.66 rad
[anomaly] it 1249: contact penetration 6.6 cm
terrain it 1249 mean_level 6.1306
it 1250 steps 122880000 sps   38,017 | ep_ret   18.21 ep_len  992.5 (n=104) | pg -0.006 vf 0.009 kl 0.0176 lr 1.1e-04
[anomaly] it 1250: explained variance -1.72 < 0 after warm-up: value function not predicting returns
[anomaly] it 1250: terminal-step reward dominates the episode: survival is being punished
[anomaly] it 1250: joint limit violated by 0.59 rad
[anomaly] it 1250: contact penetration 5.7 cm
terrain it 1250 mean_level 6.1284
it 1251 steps 122978304 sps   38,018 | ep_ret   18.34 ep_len  991.4 (n=108) | pg -0.008 vf 0.008 kl 0.0159 lr 7.6e-05
[anomaly] it 1251: explained variance -2.62 < 0 after warm-up: value function not predicting returns
[anomaly] it 1251: terminal-step reward dominates the episode: survival is being punished
[anomaly] it 1251: joint limit violated by 0.68 rad
[anomaly] it 1251: contact penetration 7.7 cm
terrain it 1251 mean_level 6.1292
it 1252 steps 123076608 sps   38,018 | ep_ret   18.35 ep_len  998.1 (n=115) | pg -0.008 vf 0.009 kl 0.0124 lr 1.1e-04
[anomaly] it 1252: explained variance -3.08 < 0 after warm-up: value function not predicting returns
[anomaly] it 1252: terminal-step reward dominates the episode: survival is being punished
[anomaly] it 1252: joint limit violated by 0.64 rad
[anomaly] it 1252: contact penetration 5.7 cm
terrain it 1252 mean_level 6.1270
it 1253 steps 123174912 sps   38,018 | ep_ret   18.69 ep_len  987.1 (n=94) | pg -0.007 vf 0.011 kl 0.0144 lr 7.6e-05
[anomaly] it 1253: explained variance -2.30 < 0 after warm-up: value function not predicting returns
[anomaly] it 1253: terminal-step reward dominates the episode: survival is being punished
[anomaly] it 1253: joint limit violated by 0.63 rad
[anomaly] it 1253: contact penetration 7.4 cm
terrain it 1253 mean_level 6.1323
it 1254 steps 123273216 sps   38,019 | ep_ret   18.54 ep_len  992.8 (n=132) | pg -0.006 vf 0.009 kl 0.0138 lr 7.6e-05
[anomaly] it 1254: explained variance -1.74 < 0 after warm-up: value function not predicting returns
[anomaly] it 1254: terminal-step reward dominates the episode: survival is being punished
[anomaly] it 1254: joint limit violated by 0.58 rad
[anomaly] it 1254: contact penetration 5.9 cm
terrain it 1254 mean_level 6.1233
it 1255 steps 123371520 sps   38,019 | ep_ret   18.48 ep_len  996.7 (n=131) | pg -0.008 vf 0.008 kl 0.0118 lr 1.1e-04
[anomaly] it 1255: explained variance -2.81 < 0 after warm-up: value function not predicting returns
[anomaly] it 1255: terminal-step reward dominates the episode: survival is being punished
[anomaly] it 1255: joint limit violated by 0.65 rad
[anomaly] it 1255: contact penetration 4.9 cm
terrain it 1255 mean_level 6.1213
it 1256 steps 123469824 sps   38,019 | ep_ret   18.95 ep_len  994.6 (n=124) | pg -0.007 vf 0.006 kl 0.0169 lr 1.1e-04
[anomaly] it 1256: explained variance -1.97 < 0 after warm-up: value function not predicting returns
[anomaly] it 1256: terminal-step reward dominates the episode: survival is being punished
[anomaly] it 1256: joint limit violated by 0.74 rad
[anomaly] it 1256: contact penetration 6.6 cm
terrain it 1256 mean_level 6.1331
it 1257 steps 123568128 sps   38,019 | ep_ret   18.41 ep_len 1000.0 (n=111) | pg -0.009 vf 0.007 kl 0.0140 lr 1.1e-04
[anomaly] it 1257: explained variance -2.58 < 0 after warm-up: value function not predicting returns
[anomaly] it 1257: joint limit violated by 0.64 rad
[anomaly] it 1257: contact penetration 5.5 cm
[anomaly] it 1257: contact force 22177 N > 50x robot weight
terrain it 1257 mean_level 6.1279
it 1258 steps 123666432 sps   38,020 | ep_ret   18.66 ep_len  997.5 (n=124) | pg -0.005 vf 0.008 kl 0.0142 lr 1.1e-04
[anomaly] it 1258: explained variance -2.20 < 0 after warm-up: value function not predicting returns
[anomaly] it 1258: terminal-step reward dominates the episode: survival is being punished
[anomaly] it 1258: joint limit violated by 0.66 rad
[anomaly] it 1258: contact penetration 5.5 cm
[anomaly] it 1258: contact force 22151 N > 50x robot weight
terrain it 1258 mean_level 6.1355
it 1259 steps 123764736 sps   38,020 | ep_ret   19.08 ep_len  997.4 (n=101) | pg -0.007 vf 0.008 kl 0.0151 lr 7.6e-05
[anomaly] it 1259: explained variance -2.44 < 0 after warm-up: value function not predicting returns
[anomaly] it 1259: terminal-step reward dominates the episode: survival is being punished
[anomaly] it 1259: joint limit violated by 0.82 rad
[anomaly] it 1259: contact penetration 5.8 cm
[anomaly] it 1259: contact force 22175 N > 50x robot weight
terrain it 1259 mean_level 6.1362
it 1260 steps 123863040 sps   38,020 | ep_ret   19.08 ep_len 1000.0 (n=110) | pg -0.007 vf 0.007 kl 0.0119 lr 7.6e-05
[anomaly] it 1260: explained variance -2.81 < 0 after warm-up: value function not predicting returns
[anomaly] it 1260: joint limit violated by 0.72 rad
[anomaly] it 1260: contact penetration 6.7 cm
[anomaly] it 1260: contact force 22186 N > 50x robot weight
terrain it 1260 mean_level 6.1355
it 1261 steps 123961344 sps   38,021 | ep_ret   18.52 ep_len  993.6 (n=132) | pg -0.005 vf 0.010 kl 0.0131 lr 1.1e-04
[anomaly] it 1261: explained variance -2.11 < 0 after warm-up: value function not predicting returns
[anomaly] it 1261: terminal-step reward dominates the episode: survival is being punished
[anomaly] it 1261: joint limit violated by 0.67 rad
[anomaly] it 1261: contact penetration 6.4 cm
[anomaly] it 1261: contact force 26730 N > 50x robot weight
terrain it 1261 mean_level 6.1418
it 1262 steps 124059648 sps   38,021 | ep_ret   18.33 ep_len  994.2 (n=115) | pg -0.007 vf 0.008 kl 0.0154 lr 1.1e-04
[anomaly] it 1262: explained variance -2.27 < 0 after warm-up: value function not predicting returns
[anomaly] it 1262: terminal-step reward dominates the episode: survival is being punished
[anomaly] it 1262: joint limit violated by 0.67 rad
[anomaly] it 1262: contact penetration 5.1 cm
terrain it 1262 mean_level 6.1494
it 1263 steps 124157952 sps   38,021 | ep_ret   18.45 ep_len  994.6 (n=108) | pg -0.005 vf 0.008 kl 0.0136 lr 5.1e-05
[anomaly] it 1263: explained variance -2.00 < 0 after warm-up: value function not predicting returns
[anomaly] it 1263: terminal-step reward dominates the episode: survival is being punished
[anomaly] it 1263: joint limit violated by 0.58 rad
[anomaly] it 1263: contact penetration 8.1 cm
[anomaly] it 1263: contact force 22106 N > 50x robot weight
terrain it 1263 mean_level 6.1545
it 1264 steps 124256256 sps   38,021 | ep_ret   18.80 ep_len 1000.0 (n=106) | pg -0.009 vf 0.009 kl 0.0120 lr 1.1e-04
[anomaly] it 1264: explained variance -2.71 < 0 after warm-up: value function not predicting returns
[anomaly] it 1264: joint limit violated by 0.74 rad
[anomaly] it 1264: contact penetration 7.0 cm
terrain it 1264 mean_level 6.1582
it 1265 steps 124354560 sps   38,022 | ep_ret   18.66 ep_len  993.5 (n=98) | pg -0.006 vf 0.010 kl 0.0157 lr 1.1e-04
[anomaly] it 1265: explained variance -2.37 < 0 after warm-up: value function not predicting returns
[anomaly] it 1265: terminal-step reward dominates the episode: survival is being punished
[anomaly] it 1265: joint limit violated by 0.81 rad
[anomaly] it 1265: contact penetration 8.6 cm
terrain it 1265 mean_level 6.1587
it 1266 steps 124452864 sps   38,021 | ep_ret   19.12 ep_len 1000.0 (n=105) | pg -0.006 vf 0.010 kl 0.0141 lr 7.6e-05
[anomaly] it 1266: explained variance -3.06 < 0 after warm-up: value function not predicting returns
[anomaly] it 1266: joint limit violated by 0.66 rad
[anomaly] it 1266: contact penetration 6.1 cm
terrain it 1266 mean_level 6.1582
it 1267 steps 124551168 sps   38,016 | ep_ret   17.65 ep_len  976.6 (n=104) | pg -0.004 vf 0.009 kl 0.0109 lr 5.1e-05
[anomaly] it 1267: explained variance -1.28 < 0 after warm-up: value function not predicting returns
[anomaly] it 1267: terminal-step reward dominates the episode: survival is being punished
[anomaly] it 1267: joint limit violated by 0.65 rad
[anomaly] it 1267: contact penetration 6.3 cm
terrain it 1267 mean_level 6.1565
it 1268 steps 124649472 sps   38,015 | ep_ret   18.69 ep_len 1000.0 (n=89) | pg -0.008 vf 0.009 kl 0.0127 lr 1.1e-04
[anomaly] it 1268: explained variance -3.07 < 0 after warm-up: value function not predicting returns
[anomaly] it 1268: joint limit violated by 0.64 rad
[anomaly] it 1268: contact penetration 7.1 cm
terrain it 1268 mean_level 6.1584
it 1269 steps 124747776 sps   38,015 | ep_ret   18.29 ep_len  992.2 (n=96) | pg -0.007 vf 0.007 kl 0.0158 lr 1.1e-04
[anomaly] it 1269: explained variance -2.35 < 0 after warm-up: value function not predicting returns
[anomaly] it 1269: terminal-step reward dominates the episode: survival is being punished
[anomaly] it 1269: joint limit violated by 0.70 rad
[anomaly] it 1269: contact penetration 5.3 cm
terrain it 1269 mean_level 6.1589
it 1270 steps 124846080 sps   38,015 | ep_ret   18.45 ep_len 1000.0 (n=95) | pg -0.006 vf 0.009 kl 0.0162 lr 1.1e-04
[anomaly] it 1270: explained variance -3.05 < 0 after warm-up: value function not predicting returns
[anomaly] it 1270: joint limit violated by 0.70 rad
[anomaly] it 1270: contact penetration 6.6 cm
terrain it 1270 mean_level 6.1584
it 1271 steps 124944384 sps   38,014 | ep_ret   18.41 ep_len  986.7 (n=88) | pg -0.006 vf 0.010 kl 0.0160 lr 1.1e-04
[anomaly] it 1271: explained variance -2.23 < 0 after warm-up: value function not predicting returns
[anomaly] it 1271: terminal-step reward dominates the episode: survival is being punished
[anomaly] it 1271: joint limit violated by 0.67 rad
[anomaly] it 1271: contact penetration 7.1 cm
terrain it 1271 mean_level 6.1548
it 1272 steps 125042688 sps   38,013 | ep_ret   17.97 ep_len  981.3 (n=83) | pg -0.005 vf 0.008 kl 0.0130 lr 7.6e-05
[anomaly] it 1272: explained variance -1.80 < 0 after warm-up: value function not predicting returns
[anomaly] it 1272: terminal-step reward dominates the episode: survival is being punished
[anomaly] it 1272: joint limit violated by 0.64 rad
[anomaly] it 1272: contact penetration 6.9 cm
terrain it 1272 mean_level 6.1577
it 1273 steps 125140992 sps   38,012 | ep_ret   18.32 ep_len  989.5 (n=84) | pg -0.007 vf 0.011 kl 0.0145 lr 7.6e-05
[anomaly] it 1273: explained variance -1.76 < 0 after warm-up: value function not predicting returns
[anomaly] it 1273: terminal-step reward dominates the episode: survival is being punished
[anomaly] it 1273: joint limit violated by 0.61 rad
[anomaly] it 1273: contact penetration 6.3 cm
[anomaly] it 1273: contact force 22111 N > 50x robot weight
terrain it 1273 mean_level 6.1558
it 1274 steps 125239296 sps   38,012 | ep_ret   18.79 ep_len  996.4 (n=80) | pg -0.006 vf 0.009 kl 0.0151 lr 7.6e-05
[anomaly] it 1274: explained variance -2.72 < 0 after warm-up: value function not predicting returns
[anomaly] it 1274: terminal-step reward dominates the episode: survival is being punished
[anomaly] it 1274: joint limit violated by 0.69 rad
[anomaly] it 1274: contact penetration 6.1 cm
terrain it 1274 mean_level 6.1570
it 1275 steps 125337600 sps   38,012 | ep_ret   18.07 ep_len  989.5 (n=84) | pg 0.001 vf 0.009 kl 0.0132 lr 2.3e-05
[anomaly] it 1275: explained variance -2.78 < 0 after warm-up: value function not predicting returns
[anomaly] it 1275: terminal-step reward dominates the episode: survival is being punished
[anomaly] it 1275: joint limit violated by 0.76 rad
[anomaly] it 1275: contact penetration 5.6 cm
terrain it 1275 mean_level 6.1580
it 1276 steps 125435904 sps   38,012 | ep_ret   18.30 ep_len  986.7 (n=86) | pg -0.007 vf 0.007 kl 0.0088 lr 5.1e-05
[anomaly] it 1276: explained variance -2.30 < 0 after warm-up: value function not predicting returns
[anomaly] it 1276: terminal-step reward dominates the episode: survival is being punished
[anomaly] it 1276: joint limit violated by 0.63 rad
[anomaly] it 1276: contact penetration 10.0 cm
terrain it 1276 mean_level 6.1545
it 1277 steps 125534208 sps   38,012 | ep_ret   18.03 ep_len  987.2 (n=80) | pg -0.009 vf 0.007 kl 0.0136 lr 1.1e-04
[anomaly] it 1277: explained variance -2.37 < 0 after warm-up: value function not predicting returns
[anomaly] it 1277: terminal-step reward dominates the episode: survival is being punished
[anomaly] it 1277: joint limit violated by 0.64 rad
[anomaly] it 1277: contact penetration 6.3 cm
terrain it 1277 mean_level 6.1541
it 1278 steps 125632512 sps   38,012 | ep_ret   19.10 ep_len 1000.0 (n=71) | pg -0.007 vf 0.008 kl 0.0151 lr 1.1e-04
[anomaly] it 1278: explained variance -2.74 < 0 after warm-up: value function not predicting returns
[anomaly] it 1278: joint limit violated by 0.63 rad
[anomaly] it 1278: contact penetration 6.5 cm
terrain it 1278 mean_level 6.1472
it 1279 steps 125730816 sps   38,013 | ep_ret   18.75 ep_len 1000.0 (n=90) | pg -0.006 vf 0.008 kl 0.0147 lr 1.1e-04
[anomaly] it 1279: explained variance -2.58 < 0 after warm-up: value function not predicting returns
[anomaly] it 1279: joint limit violated by 0.64 rad
[anomaly] it 1279: contact penetration 6.8 cm
terrain it 1279 mean_level 6.1470
it 1280 steps 125829120 sps   38,013 | ep_ret   18.70 ep_len 1000.0 (n=77) | pg -0.008 vf 0.007 kl 0.0148 lr 1.1e-04
[anomaly] it 1280: explained variance -2.64 < 0 after warm-up: value function not predicting returns
[anomaly] it 1280: joint limit violated by 0.69 rad
[anomaly] it 1280: contact penetration 4.8 cm
terrain it 1280 mean_level 6.1436
it 1281 steps 125927424 sps   38,013 | ep_ret   18.27 ep_len  995.9 (n=87) | pg -0.005 vf 0.007 kl 0.0149 lr 1.1e-04
[anomaly] it 1281: explained variance -1.96 < 0 after warm-up: value function not predicting returns
[anomaly] it 1281: terminal-step reward dominates the episode: survival is being punished
[anomaly] it 1281: joint limit violated by 0.60 rad
[anomaly] it 1281: contact penetration 6.0 cm
terrain it 1281 mean_level 6.1350
it 1282 steps 126025728 sps   38,013 | ep_ret   18.17 ep_len  992.4 (n=85) | pg -0.005 vf 0.008 kl 0.0158 lr 5.1e-05
[anomaly] it 1282: explained variance -2.07 < 0 after warm-up: value function not predicting returns
[anomaly] it 1282: terminal-step reward dominates the episode: survival is being punished
[anomaly] it 1282: joint limit violated by 0.60 rad
[anomaly] it 1282: contact penetration 8.3 cm
terrain it 1282 mean_level 6.1438
it 1283 steps 126124032 sps   38,013 | ep_ret   18.32 ep_len  991.3 (n=80) | pg -0.008 vf 0.008 kl 0.0132 lr 1.1e-04
[anomaly] it 1283: explained variance -1.73 < 0 after warm-up: value function not predicting returns
[anomaly] it 1283: terminal-step reward dominates the episode: survival is being punished
[anomaly] it 1283: joint limit violated by 0.67 rad
[anomaly] it 1283: contact penetration 5.7 cm
terrain it 1283 mean_level 6.1384
it 1284 steps 126222336 sps   38,013 | ep_ret   18.53 ep_len  984.2 (n=73) | pg -0.008 vf 0.006 kl 0.0165 lr 7.6e-05
[anomaly] it 1284: explained variance -1.78 < 0 after warm-up: value function not predicting returns
[anomaly] it 1284: terminal-step reward dominates the episode: survival is being punished
[anomaly] it 1284: joint limit violated by 0.60 rad
[anomaly] it 1284: contact penetration 7.7 cm
terrain it 1284 mean_level 6.1348
it 1285 steps 126320640 sps   38,014 | ep_ret   19.13 ep_len 1000.0 (n=98) | pg -0.005 vf 0.008 kl 0.0143 lr 5.1e-05
[anomaly] it 1285: explained variance -2.30 < 0 after warm-up: value function not predicting returns
[anomaly] it 1285: joint limit violated by 0.66 rad
[anomaly] it 1285: contact penetration 6.4 cm
[anomaly] it 1285: contact force 22143 N > 50x robot weight
terrain it 1285 mean_level 6.1362
it 1286 steps 126418944 sps   38,014 | ep_ret   18.60 ep_len  992.9 (n=94) | pg -0.008 vf 0.008 kl 0.0088 lr 7.6e-05
[anomaly] it 1286: explained variance -2.14 < 0 after warm-up: value function not predicting returns
[anomaly] it 1286: terminal-step reward dominates the episode: survival is being punished
[anomaly] it 1286: joint limit violated by 0.63 rad
[anomaly] it 1286: contact penetration 6.8 cm
terrain it 1286 mean_level 6.1384
it 1287 steps 126517248 sps   38,014 | ep_ret   18.51 ep_len  994.8 (n=74) | pg -0.008 vf 0.007 kl 0.0125 lr 1.1e-04
[anomaly] it 1287: explained variance -1.79 < 0 after warm-up: value function not predicting returns
[anomaly] it 1287: terminal-step reward dominates the episode: survival is being punished
[anomaly] it 1287: joint limit violated by 0.65 rad
[anomaly] it 1287: contact penetration 7.3 cm
terrain it 1287 mean_level 6.1343
it 1288 steps 126615552 sps   38,014 | ep_ret   19.07 ep_len 1000.0 (n=105) | pg -0.006 vf 0.008 kl 0.0141 lr 7.6e-05
[anomaly] it 1288: explained variance -2.43 < 0 after warm-up: value function not predicting returns
[anomaly] it 1288: joint limit violated by 0.64 rad
[anomaly] it 1288: contact penetration 5.7 cm
terrain it 1288 mean_level 6.1323
it 1289 steps 126713856 sps   38,015 | ep_ret   19.07 ep_len  994.9 (n=122) | pg -0.005 vf 0.008 kl 0.0138 lr 7.6e-05
[anomaly] it 1289: explained variance -2.31 < 0 after warm-up: value function not predicting returns
[anomaly] it 1289: terminal-step reward dominates the episode: survival is being punished
[anomaly] it 1289: joint limit violated by 0.61 rad
[anomaly] it 1289: contact penetration 7.9 cm
terrain it 1289 mean_level 6.1394
it 1290 steps 126812160 sps   38,015 | ep_ret   19.24 ep_len 1000.0 (n=95) | pg -0.009 vf 0.007 kl 0.0119 lr 1.1e-04
[anomaly] it 1290: explained variance -2.63 < 0 after warm-up: value function not predicting returns
[anomaly] it 1290: joint limit violated by 0.67 rad
[anomaly] it 1290: contact penetration 5.2 cm
terrain it 1290 mean_level 6.1423
it 1291 steps 126910464 sps   38,015 | ep_ret   18.66 ep_len  996.3 (n=104) | pg -0.007 vf 0.008 kl 0.0133 lr 1.1e-04
[anomaly] it 1291: explained variance -1.63 < 0 after warm-up: value function not predicting returns
[anomaly] it 1291: terminal-step reward dominates the episode: survival is being punished
[anomaly] it 1291: joint limit violated by 0.62 rad
[anomaly] it 1291: contact penetration 4.9 cm
terrain it 1291 mean_level 6.1375
it 1292 steps 127008768 sps   38,015 | ep_ret   19.15 ep_len  997.3 (n=121) | pg -0.007 vf 0.008 kl 0.0171 lr 1.1e-04
[anomaly] it 1292: explained variance -1.81 < 0 after warm-up: value function not predicting returns
[anomaly] it 1292: terminal-step reward dominates the episode: survival is being punished
[anomaly] it 1292: joint limit violated by 0.66 rad
[anomaly] it 1292: contact penetration 8.1 cm
terrain it 1292 mean_level 6.1333
it 1293 steps 127107072 sps   38,015 | ep_ret   19.17 ep_len  979.8 (n=115) | pg -0.004 vf 0.011 kl 0.0145 lr 7.6e-05
[anomaly] it 1293: explained variance -1.40 < 0 after warm-up: value function not predicting returns
[anomaly] it 1293: terminal-step reward dominates the episode: survival is being punished
[anomaly] it 1293: joint limit violated by 0.60 rad
[anomaly] it 1293: contact penetration 5.5 cm
terrain it 1293 mean_level 6.1292
it 1294 steps 127205376 sps   38,016 | ep_ret   18.73 ep_len  985.1 (n=101) | pg -0.001 vf 0.007 kl 0.0145 lr 5.1e-05
[anomaly] it 1294: explained variance -1.81 < 0 after warm-up: value function not predicting returns
[anomaly] it 1294: terminal-step reward dominates the episode: survival is being punished
[anomaly] it 1294: joint limit violated by 0.73 rad
[anomaly] it 1294: contact penetration 6.5 cm
terrain it 1294 mean_level 6.1326
it 1295 steps 127303680 sps   38,016 | ep_ret   19.74 ep_len  999.4 (n=109) | pg -0.008 vf 0.007 kl 0.0089 lr 7.6e-05
[anomaly] it 1295: explained variance -2.35 < 0 after warm-up: value function not predicting returns
[anomaly] it 1295: terminal-step reward dominates the episode: survival is being punished
[anomaly] it 1295: joint limit violated by 0.62 rad
[anomaly] it 1295: contact penetration 5.0 cm
terrain it 1295 mean_level 6.1375
it 1296 steps 127401984 sps   38,016 | ep_ret   19.37 ep_len  998.3 (n=128) | pg -0.005 vf 0.009 kl 0.0132 lr 1.1e-04
[anomaly] it 1296: explained variance -2.09 < 0 after warm-up: value function not predicting returns
[anomaly] it 1296: terminal-step reward dominates the episode: survival is being punished
[anomaly] it 1296: joint limit violated by 0.63 rad
[anomaly] it 1296: contact penetration 5.2 cm
[anomaly] it 1296: contact force 22111 N > 50x robot weight
terrain it 1296 mean_level 6.1372
it 1297 steps 127500288 sps   38,016 | ep_ret   19.33 ep_len  986.7 (n=119) | pg -0.007 vf 0.007 kl 0.0163 lr 7.6e-05
[anomaly] it 1297: explained variance -2.15 < 0 after warm-up: value function not predicting returns
[anomaly] it 1297: terminal-step reward dominates the episode: survival is being punished
[anomaly] it 1297: joint limit violated by 0.58 rad
[anomaly] it 1297: contact penetration 7.7 cm
[anomaly] it 1297: contact force 22100 N > 50x robot weight
terrain it 1297 mean_level 6.1365
it 1298 steps 127598592 sps   38,016 | ep_ret   19.72 ep_len  996.3 (n=124) | pg -0.007 vf 0.008 kl 0.0116 lr 1.1e-04
[anomaly] it 1298: explained variance -2.19 < 0 after warm-up: value function not predicting returns
[anomaly] it 1298: terminal-step reward dominates the episode: survival is being punished
[anomaly] it 1298: joint limit violated by 0.66 rad
[anomaly] it 1298: contact penetration 6.7 cm
terrain it 1298 mean_level 6.1326
it 1299 steps 127696896 sps   38,016 | ep_ret   19.67 ep_len  997.9 (n=128) | pg -0.006 vf 0.008 kl 0.0149 lr 7.6e-05
[anomaly] it 1299: explained variance -2.14 < 0 after warm-up: value function not predicting returns
[anomaly] it 1299: terminal-step reward dominates the episode: survival is being punished
[anomaly] it 1299: joint limit violated by 0.64 rad
[anomaly] it 1299: contact penetration 6.9 cm
terrain it 1299 mean_level 6.1350
it 1300 steps 127795200 sps   38,016 | ep_ret   19.51 ep_len  988.2 (n=110) | pg -0.007 vf 0.008 kl 0.0136 lr 7.6e-05
[anomaly] it 1300: explained variance -1.80 < 0 after warm-up: value function not predicting returns
[anomaly] it 1300: terminal-step reward dominates the episode: survival is being punished
[anomaly] it 1300: joint limit violated by 0.64 rad
[anomaly] it 1300: contact penetration 4.7 cm
terrain it 1300 mean_level 6.1345
it 1301 steps 127893504 sps   38,017 | ep_ret   19.53 ep_len  999.3 (n=112) | pg -0.007 vf 0.009 kl 0.0137 lr 1.1e-04
[anomaly] it 1301: explained variance -2.12 < 0 after warm-up: value function not predicting returns
[anomaly] it 1301: terminal-step reward dominates the episode: survival is being punished
[anomaly] it 1301: joint limit violated by 0.59 rad
[anomaly] it 1301: contact penetration 7.1 cm
terrain it 1301 mean_level 6.1438
it 1302 steps 127991808 sps   38,017 | ep_ret   19.88 ep_len  993.7 (n=108) | pg -0.008 vf 0.008 kl 0.0153 lr 1.1e-04
[anomaly] it 1302: explained variance -2.43 < 0 after warm-up: value function not predicting returns
[anomaly] it 1302: terminal-step reward dominates the episode: survival is being punished
[anomaly] it 1302: joint limit violated by 0.70 rad
[anomaly] it 1302: contact penetration 5.2 cm
terrain it 1302 mean_level 6.1333
it 1303 steps 128090112 sps   38,017 | ep_ret   19.35 ep_len  996.2 (n=130) | pg -0.007 vf 0.008 kl 0.0140 lr 7.6e-05
[anomaly] it 1303: explained variance -2.67 < 0 after warm-up: value function not predicting returns
[anomaly] it 1303: terminal-step reward dominates the episode: survival is being punished
[anomaly] it 1303: joint limit violated by 0.74 rad
[anomaly] it 1303: contact penetration 6.2 cm
terrain it 1303 mean_level 6.1221
it 1304 steps 128188416 sps   38,017 | ep_ret   19.10 ep_len  989.9 (n=109) | pg -0.009 vf 0.009 kl 0.0120 lr 1.1e-04
[anomaly] it 1304: explained variance -1.87 < 0 after warm-up: value function not predicting returns
[anomaly] it 1304: terminal-step reward dominates the episode: survival is being punished
[anomaly] it 1304: joint limit violated by 0.72 rad
[anomaly] it 1304: contact penetration 8.3 cm
terrain it 1304 mean_level 6.1245
it 1305 steps 128286720 sps   38,018 | ep_ret   19.25 ep_len  991.4 (n=104) | pg -0.008 vf 0.008 kl 0.0141 lr 1.1e-04
[anomaly] it 1305: explained variance -2.00 < 0 after warm-up: value function not predicting returns
[anomaly] it 1305: terminal-step reward dominates the episode: survival is being punished
[anomaly] it 1305: joint limit violated by 0.63 rad
[anomaly] it 1305: contact penetration 6.3 cm
terrain it 1305 mean_level 6.1287
it 1306 steps 128385024 sps   38,018 | ep_ret   19.62 ep_len  992.7 (n=105) | pg -0.006 vf 0.009 kl 0.0136 lr 7.6e-05
[anomaly] it 1306: explained variance -2.05 < 0 after warm-up: value function not predicting returns
[anomaly] it 1306: terminal-step reward dominates the episode: survival is being punished
[anomaly] it 1306: joint limit violated by 0.69 rad
[anomaly] it 1306: contact penetration 7.4 cm
terrain it 1306 mean_level 6.1357
it 1307 steps 128483328 sps   38,018 | ep_ret   19.67 ep_len  994.5 (n=102) | pg -0.009 vf 0.008 kl 0.0120 lr 1.1e-04
[anomaly] it 1307: explained variance -1.90 < 0 after warm-up: value function not predicting returns
[anomaly] it 1307: terminal-step reward dominates the episode: survival is being punished
[anomaly] it 1307: joint limit violated by 0.70 rad
[anomaly] it 1307: contact penetration 5.4 cm
terrain it 1307 mean_level 6.1396
it 1308 steps 128581632 sps   38,018 | ep_ret   19.60 ep_len  999.9 (n=101) | pg -0.008 vf 0.008 kl 0.0165 lr 1.1e-04
[anomaly] it 1308: explained variance -2.53 < 0 after warm-up: value function not predicting returns
[anomaly] it 1308: terminal-step reward dominates the episode: survival is being punished
[anomaly] it 1308: joint limit violated by 0.64 rad
[anomaly] it 1308: contact penetration 7.5 cm
terrain it 1308 mean_level 6.1372
it 1309 steps 128679936 sps   38,019 | ep_ret   18.88 ep_len  995.8 (n=108) | pg -0.008 vf 0.009 kl 0.0166 lr 1.7e-04
[anomaly] it 1309: explained variance -2.10 < 0 after warm-up: value function not predicting returns
[anomaly] it 1309: terminal-step reward dominates the episode: survival is being punished
[anomaly] it 1309: joint limit violated by 0.63 rad
[anomaly] it 1309: contact penetration 7.1 cm
terrain it 1309 mean_level 6.1387
it 1310 steps 128778240 sps   38,019 | ep_ret   19.46 ep_len  985.2 (n=83) | pg -0.006 vf 0.009 kl 0.0150 lr 1.1e-04
[anomaly] it 1310: explained variance -1.72 < 0 after warm-up: value function not predicting returns
[anomaly] it 1310: terminal-step reward dominates the episode: survival is being punished
[anomaly] it 1310: joint limit violated by 0.67 rad
[anomaly] it 1310: contact penetration 6.3 cm
terrain it 1310 mean_level 6.1316
it 1311 steps 128876544 sps   38,019 | ep_ret   19.11 ep_len  995.7 (n=107) | pg -0.004 vf 0.009 kl 0.0132 lr 7.6e-05
[anomaly] it 1311: explained variance -2.40 < 0 after warm-up: value function not predicting returns
[anomaly] it 1311: terminal-step reward dominates the episode: survival is being punished
[anomaly] it 1311: joint limit violated by 0.63 rad
[anomaly] it 1311: contact penetration 5.0 cm
terrain it 1311 mean_level 6.1309
it 1312 steps 128974848 sps   38,019 | ep_ret   19.42 ep_len  993.1 (n=97) | pg -0.008 vf 0.007 kl 0.0128 lr 1.1e-04
[anomaly] it 1312: explained variance -1.87 < 0 after warm-up: value function not predicting returns
[anomaly] it 1312: terminal-step reward dominates the episode: survival is being punished
[anomaly] it 1312: joint limit violated by 0.67 rad
[anomaly] it 1312: contact penetration 5.3 cm
terrain it 1312 mean_level 6.1345
it 1313 steps 129073152 sps   38,020 | ep_ret   19.66 ep_len 1000.0 (n=72) | pg -0.003 vf 0.008 kl 0.0154 lr 2.3e-05
[anomaly] it 1313: explained variance -2.49 < 0 after warm-up: value function not predicting returns
[anomaly] it 1313: joint limit violated by 0.67 rad
[anomaly] it 1313: contact penetration 6.5 cm
terrain it 1313 mean_level 6.1370
it 1314 steps 129171456 sps   38,020 | ep_ret   19.63 ep_len  990.3 (n=89) | pg -0.006 vf 0.007 kl 0.0087 lr 5.1e-05
[anomaly] it 1314: explained variance -2.05 < 0 after warm-up: value function not predicting returns
[anomaly] it 1314: terminal-step reward dominates the episode: survival is being punished
[anomaly] it 1314: joint limit violated by 0.64 rad
[anomaly] it 1314: contact penetration 9.2 cm
terrain it 1314 mean_level 6.1311
it 1315 steps 129269760 sps   38,020 | ep_ret   19.34 ep_len 1000.0 (n=78) | pg -0.008 vf 0.009 kl 0.0120 lr 1.1e-04
[anomaly] it 1315: explained variance -2.56 < 0 after warm-up: value function not predicting returns
[anomaly] it 1315: joint limit violated by 0.62 rad
[anomaly] it 1315: contact penetration 6.5 cm
terrain it 1315 mean_level 6.1340
it 1316 steps 129368064 sps   38,021 | ep_ret   18.71 ep_len  981.4 (n=82) | pg -0.003 vf 0.009 kl 0.0150 lr 7.6e-05
[anomaly] it 1316: explained variance -1.84 < 0 after warm-up: value function not predicting returns
[anomaly] it 1316: terminal-step reward dominates the episode: survival is being punished
[anomaly] it 1316: joint limit violated by 0.66 rad
[anomaly] it 1316: contact penetration 8.2 cm
terrain it 1316 mean_level 6.1284
it 1317 steps 129466368 sps   38,021 | ep_ret   18.90 ep_len  983.3 (n=94) | pg -0.007 vf 0.009 kl 0.0134 lr 1.1e-04
[anomaly] it 1317: explained variance -1.83 < 0 after warm-up: value function not predicting returns
[anomaly] it 1317: terminal-step reward dominates the episode: survival is being punished
[anomaly] it 1317: joint limit violated by 0.62 rad
[anomaly] it 1317: contact penetration 5.9 cm
terrain it 1317 mean_level 6.1230
it 1318 steps 129564672 sps   38,021 | ep_ret   19.33 ep_len  994.5 (n=88) | pg -0.006 vf 0.008 kl 0.0139 lr 1.1e-04
[anomaly] it 1318: explained variance -2.31 < 0 after warm-up: value function not predicting returns
[anomaly] it 1318: terminal-step reward dominates the episode: survival is being punished
[anomaly] it 1318: joint limit violated by 0.75 rad
[anomaly] it 1318: contact penetration 4.8 cm
terrain it 1318 mean_level 6.1147
it 1319 steps 129662976 sps   38,021 | ep_ret   19.60 ep_len  990.1 (n=72) | pg -0.006 vf 0.008 kl 0.0157 lr 7.6e-05
[anomaly] it 1319: explained variance -2.58 < 0 after warm-up: value function not predicting returns
[anomaly] it 1319: terminal-step reward dominates the episode: survival is being punished
[anomaly] it 1319: joint limit violated by 0.56 rad
[anomaly] it 1319: contact penetration 6.4 cm
terrain it 1319 mean_level 6.1123
it 1320 steps 129761280 sps   38,022 | ep_ret   18.99 ep_len  986.5 (n=81) | pg -0.007 vf 0.009 kl 0.0114 lr 1.1e-04
[anomaly] it 1320: explained variance -1.70 < 0 after warm-up: value function not predicting returns
[anomaly] it 1320: terminal-step reward dominates the episode: survival is being punished
[anomaly] it 1320: joint limit violated by 0.70 rad
[anomaly] it 1320: contact penetration 6.2 cm
terrain it 1320 mean_level 6.1157
it 1321 steps 129859584 sps   38,022 | ep_ret   19.46 ep_len  987.3 (n=86) | pg -0.007 vf 0.007 kl 0.0154 lr 1.1e-04
[anomaly] it 1321: explained variance -1.49 < 0 after warm-up: value function not predicting returns
[anomaly] it 1321: terminal-step reward dominates the episode: survival is being punished
[anomaly] it 1321: joint limit violated by 0.58 rad
[anomaly] it 1321: contact penetration 4.4 cm
terrain it 1321 mean_level 6.1118
it 1322 steps 129957888 sps   38,022 | ep_ret   19.05 ep_len  999.7 (n=76) | pg -0.005 vf 0.007 kl 0.0159 lr 1.1e-04
[anomaly] it 1322: explained variance -2.24 < 0 after warm-up: value function not predicting returns
[anomaly] it 1322: terminal-step reward dominates the episode: survival is being punished
[anomaly] it 1322: joint limit violated by 0.58 rad
[anomaly] it 1322: contact penetration 6.8 cm
terrain it 1322 mean_level 6.1067
it 1323 steps 130056192 sps   38,022 | ep_ret   19.17 ep_len  988.8 (n=93) | pg -0.006 vf 0.008 kl 0.0144 lr 7.6e-05
[anomaly] it 1323: explained variance -1.19 < 0 after warm-up: value function not predicting returns
[anomaly] it 1323: terminal-step reward dominates the episode: survival is being punished
[anomaly] it 1323: joint limit violated by 0.68 rad
[anomaly] it 1323: contact penetration 6.6 cm
terrain it 1323 mean_level 6.1001
it 1324 steps 130154496 sps   38,022 | ep_ret   19.77 ep_len  999.4 (n=85) | pg -0.005 vf 0.009 kl 0.0135 lr 7.6e-05
[anomaly] it 1324: explained variance -1.90 < 0 after warm-up: value function not predicting returns
[anomaly] it 1324: terminal-step reward dominates the episode: survival is being punished
[anomaly] it 1324: joint limit violated by 0.59 rad
[anomaly] it 1324: contact penetration 7.1 cm
terrain it 1324 mean_level 6.1013
it 1325 steps 130252800 sps   38,022 | ep_ret   19.62 ep_len  988.9 (n=74) | pg -0.006 vf 0.008 kl 0.0136 lr 5.1e-05
[anomaly] it 1325: explained variance -2.12 < 0 after warm-up: value function not predicting returns
[anomaly] it 1325: terminal-step reward dominates the episode: survival is being punished
[anomaly] it 1325: joint limit violated by 0.60 rad
[anomaly] it 1325: contact penetration 5.0 cm
terrain it 1325 mean_level 6.0964
it 1326 steps 130351104 sps   38,023 | ep_ret   19.65 ep_len  995.2 (n=76) | pg -0.006 vf 0.008 kl 0.0107 lr 7.6e-05
[anomaly] it 1326: explained variance -1.85 < 0 after warm-up: value function not predicting returns
[anomaly] it 1326: terminal-step reward dominates the episode: survival is being punished
[anomaly] it 1326: joint limit violated by 0.60 rad
[anomaly] it 1326: contact penetration 6.3 cm
terrain it 1326 mean_level 6.1033
it 1327 steps 130449408 sps   38,023 | ep_ret   19.54 ep_len  998.7 (n=102) | pg -0.007 vf 0.008 kl 0.0124 lr 1.1e-04
[anomaly] it 1327: explained variance -1.75 < 0 after warm-up: value function not predicting returns
[anomaly] it 1327: terminal-step reward dominates the episode: survival is being punished
[anomaly] it 1327: joint limit violated by 0.77 rad
[anomaly] it 1327: contact penetration 5.8 cm
[anomaly] it 1327: contact force 22161 N > 50x robot weight
terrain it 1327 mean_level 6.0967
it 1328 steps 130547712 sps   38,024 | ep_ret   19.25 ep_len  983.5 (n=80) | pg -0.006 vf 0.008 kl 0.0148 lr 1.1e-04
[anomaly] it 1328: explained variance -1.33 < 0 after warm-up: value function not predicting returns
[anomaly] it 1328: terminal-step reward dominates the episode: survival is being punished
[anomaly] it 1328: joint limit violated by 0.66 rad
[anomaly] it 1328: contact penetration 7.0 cm
[anomaly] it 1328: contact force 22135 N > 50x robot weight
terrain it 1328 mean_level 6.0952
it 1329 steps 130646016 sps   38,024 | ep_ret   20.25 ep_len  992.1 (n=86) | pg -0.008 vf 0.007 kl 0.0133 lr 1.1e-04
[anomaly] it 1329: explained variance -2.12 < 0 after warm-up: value function not predicting returns
[anomaly] it 1329: terminal-step reward dominates the episode: survival is being punished
[anomaly] it 1329: joint limit violated by 0.65 rad
[anomaly] it 1329: contact penetration 5.2 cm
[anomaly] it 1329: contact force 22135 N > 50x robot weight
terrain it 1329 mean_level 6.0898
it 1330 steps 130744320 sps   38,024 | ep_ret   19.75 ep_len  994.4 (n=116) | pg -0.005 vf 0.007 kl 0.0150 lr 1.1e-04
[anomaly] it 1330: explained variance -1.36 < 0 after warm-up: value function not predicting returns
[anomaly] it 1330: terminal-step reward dominates the episode: survival is being punished
[anomaly] it 1330: joint limit violated by 0.58 rad
[anomaly] it 1330: contact penetration 6.5 cm
[anomaly] it 1330: contact force 22102 N > 50x robot weight
terrain it 1330 mean_level 6.0879
it 1331 steps 130842624 sps   38,025 | ep_ret   19.92 ep_len  999.9 (n=95) | pg -0.005 vf 0.007 kl 0.0148 lr 1.1e-04
[anomaly] it 1331: explained variance -1.79 < 0 after warm-up: value function not predicting returns
[anomaly] it 1331: terminal-step reward dominates the episode: survival is being punished
[anomaly] it 1331: joint limit violated by 0.72 rad
[anomaly] it 1331: contact penetration 4.8 cm
[anomaly] it 1331: contact force 22127 N > 50x robot weight
terrain it 1331 mean_level 6.0850
it 1332 steps 130940928 sps   38,025 | ep_ret   19.74 ep_len  996.3 (n=109) | pg -0.004 vf 0.007 kl 0.0136 lr 7.6e-05
[anomaly] it 1332: explained variance -1.60 < 0 after warm-up: value function not predicting returns
[anomaly] it 1332: terminal-step reward dominates the episode: survival is being punished
[anomaly] it 1332: joint limit violated by 0.57 rad
[anomaly] it 1332: contact penetration 6.7 cm
[anomaly] it 1332: contact force 22180 N > 50x robot weight
terrain it 1332 mean_level 6.0850
it 1333 steps 131039232 sps   38,025 | ep_ret   20.04 ep_len 1000.0 (n=103) | pg -0.007 vf 0.007 kl 0.0123 lr 1.1e-04
[anomaly] it 1333: explained variance -2.11 < 0 after warm-up: value function not predicting returns
[anomaly] it 1333: joint limit violated by 0.72 rad
[anomaly] it 1333: contact penetration 7.7 cm
[anomaly] it 1333: contact force 22159 N > 50x robot weight
terrain it 1333 mean_level 6.0845
it 1334 steps 131137536 sps   38,021 | ep_ret   20.50 ep_len  997.6 (n=115) | pg -0.004 vf 0.008 kl 0.0144 lr 7.6e-05
[anomaly] it 1334: explained variance -2.08 < 0 after warm-up: value function not predicting returns
[anomaly] it 1334: terminal-step reward dominates the episode: survival is being punished
[anomaly] it 1334: joint limit violated by 0.59 rad
[anomaly] it 1334: contact penetration 5.6 cm
[anomaly] it 1334: contact force 22102 N > 50x robot weight
terrain it 1334 mean_level 6.0854
it 1335 steps 131235840 sps   38,020 | ep_ret   20.22 ep_len  994.1 (n=113) | pg -0.007 vf 0.007 kl 0.0134 lr 7.6e-05
[anomaly] it 1335: explained variance -1.18 < 0 after warm-up: value function not predicting returns
[anomaly] it 1335: terminal-step reward dominates the episode: survival is being punished
[anomaly] it 1335: joint limit violated by 0.66 rad
[anomaly] it 1335: contact penetration 6.8 cm
terrain it 1335 mean_level 6.0879
it 1336 steps 131334144 sps   38,020 | ep_ret   20.13 ep_len  997.5 (n=107) | pg -0.006 vf 0.009 kl 0.0140 lr 1.1e-04
[anomaly] it 1336: explained variance -1.78 < 0 after warm-up: value function not predicting returns
[anomaly] it 1336: terminal-step reward dominates the episode: survival is being punished
[anomaly] it 1336: joint limit violated by 0.62 rad
[anomaly] it 1336: contact penetration 4.9 cm
terrain it 1336 mean_level 6.0835
it 1337 steps 131432448 sps   38,019 | ep_ret   20.15 ep_len  995.3 (n=116) | pg -0.004 vf 0.009 kl 0.0172 lr 5.1e-05
[anomaly] it 1337: explained variance -1.90 < 0 after warm-up: value function not predicting returns
[anomaly] it 1337: terminal-step reward dominates the episode: survival is being punished
[anomaly] it 1337: joint limit violated by 0.63 rad
[anomaly] it 1337: contact penetration 5.3 cm
terrain it 1337 mean_level 6.0840
it 1338 steps 131530752 sps   38,019 | ep_ret   19.87 ep_len  986.2 (n=130) | pg -0.009 vf 0.006 kl 0.0088 lr 7.6e-05
[anomaly] it 1338: explained variance -1.56 < 0 after warm-up: value function not predicting returns
[anomaly] it 1338: terminal-step reward dominates the episode: survival is being punished
[anomaly] it 1338: joint limit violated by 0.59 rad
[anomaly] it 1338: contact penetration 5.7 cm
terrain it 1338 mean_level 6.0774
it 1339 steps 131629056 sps   38,019 | ep_ret   20.47 ep_len  997.0 (n=123) | pg -0.008 vf 0.006 kl 0.0123 lr 1.1e-04
[anomaly] it 1339: explained variance -1.61 < 0 after warm-up: value function not predicting returns
[anomaly] it 1339: terminal-step reward dominates the episode: survival is being punished
[anomaly] it 1339: joint limit violated by 0.64 rad
[anomaly] it 1339: contact penetration 5.3 cm
terrain it 1339 mean_level 6.0806
it 1340 steps 131727360 sps   38,018 | ep_ret   20.30 ep_len  994.0 (n=124) | pg -0.007 vf 0.006 kl 0.0131 lr 7.6e-05
[anomaly] it 1340: explained variance -1.37 < 0 after warm-up: value function not predicting returns
[anomaly] it 1340: terminal-step reward dominates the episode: survival is being punished
[anomaly] it 1340: joint limit violated by 0.67 rad
[anomaly] it 1340: contact penetration 5.0 cm
terrain it 1340 mean_level 6.0820
it 1341 steps 131825664 sps   38,018 | ep_ret   20.83 ep_len 1000.0 (n=110) | pg -0.009 vf 0.006 kl 0.0120 lr 1.1e-04
[anomaly] it 1341: explained variance -1.91 < 0 after warm-up: value function not predicting returns
[anomaly] it 1341: joint limit violated by 0.62 rad
[anomaly] it 1341: contact penetration 5.6 cm
terrain it 1341 mean_level 6.0767
it 1342 steps 131923968 sps   38,018 | ep_ret   20.77 ep_len 1000.0 (n=115) | pg -0.004 vf 0.007 kl 0.0147 lr 3.4e-05
[anomaly] it 1342: explained variance -2.13 < 0 after warm-up: value function not predicting returns
[anomaly] it 1342: joint limit violated by 0.58 rad
[anomaly] it 1342: contact penetration 6.4 cm
terrain it 1342 mean_level 6.0815
it 1343 steps 132022272 sps   38,018 | ep_ret   20.30 ep_len  993.5 (n=112) | pg -0.007 vf 0.007 kl 0.0107 lr 7.6e-05
[anomaly] it 1343: explained variance -1.50 < 0 after warm-up: value function not predicting returns
[anomaly] it 1343: terminal-step reward dominates the episode: survival is being punished
[anomaly] it 1343: joint limit violated by 0.61 rad
[anomaly] it 1343: contact penetration 5.1 cm
terrain it 1343 mean_level 6.0859
it 1344 steps 132120576 sps   38,017 | ep_ret   20.53 ep_len  997.3 (n=114) | pg -0.005 vf 0.008 kl 0.0146 lr 3.4e-05
[anomaly] it 1344: explained variance -1.58 < 0 after warm-up: value function not predicting returns
[anomaly] it 1344: terminal-step reward dominates the episode: survival is being punished
[anomaly] it 1344: joint limit violated by 0.70 rad
[anomaly] it 1344: contact penetration 6.6 cm
terrain it 1344 mean_level 6.0920
it 1345 steps 132218880 sps   38,017 | ep_ret   20.29 ep_len 1000.0 (n=128) | pg -0.008 vf 0.008 kl 0.0093 lr 7.6e-05
[anomaly] it 1345: explained variance -2.31 < 0 after warm-up: value function not predicting returns
[anomaly] it 1345: joint limit violated by 0.67 rad
[anomaly] it 1345: contact penetration 6.1 cm
terrain it 1345 mean_level 6.0867
it 1346 steps 132317184 sps   38,011 | ep_ret   19.90 ep_len  995.2 (n=101) | pg -0.007 vf 0.007 kl 0.0125 lr 7.6e-05
[anomaly] it 1346: explained variance -1.69 < 0 after warm-up: value function not predicting returns
[anomaly] it 1346: terminal-step reward dominates the episode: survival is being punished
[anomaly] it 1346: joint limit violated by 0.63 rad
[anomaly] it 1346: contact penetration 5.6 cm
terrain it 1346 mean_level 6.0845
it 1347 steps 132415488 sps   38,007 | ep_ret   20.30 ep_len  995.3 (n=112) | pg -0.006 vf 0.009 kl 0.0150 lr 1.1e-04
[anomaly] it 1347: explained variance -1.85 < 0 after warm-up: value function not predicting returns
[anomaly] it 1347: terminal-step reward dominates the episode: survival is being punished
[anomaly] it 1347: joint limit violated by 0.63 rad
[anomaly] it 1347: contact penetration 5.9 cm
terrain it 1347 mean_level 6.0776
it 1348 steps 132513792 sps   38,007 | ep_ret   20.25 ep_len  992.4 (n=95) | pg -0.004 vf 0.007 kl 0.0132 lr 7.6e-05
[anomaly] it 1348: explained variance -2.06 < 0 after warm-up: value function not predicting returns
[anomaly] it 1348: terminal-step reward dominates the episode: survival is being punished
[anomaly] it 1348: joint limit violated by 0.63 rad
[anomaly] it 1348: contact penetration 5.3 cm
terrain it 1348 mean_level 6.0791
it 1349 steps 132612096 sps   38,007 | ep_ret   20.19 ep_len  989.8 (n=101) | pg -0.007 vf 0.008 kl 0.0155 lr 7.6e-05
[anomaly] it 1349: explained variance -1.38 < 0 after warm-up: value function not predicting returns
[anomaly] it 1349: terminal-step reward dominates the episode: survival is being punished
[anomaly] it 1349: joint limit violated by 0.64 rad
[anomaly] it 1349: contact penetration 6.3 cm
terrain it 1349 mean_level 6.0872
it 1350 steps 132710400 sps   38,004 | ep_ret   20.66 ep_len 1000.0 (n=109) | pg -0.006 vf 0.009 kl 0.0140 lr 1.1e-04
[anomaly] it 1350: explained variance -2.32 < 0 after warm-up: value function not predicting returns
[anomaly] it 1350: joint limit violated by 0.66 rad
[anomaly] it 1350: contact penetration 6.1 cm
terrain it 1350 mean_level 6.0891
it 1351 steps 132808704 sps   38,005 | ep_ret   19.44 ep_len  985.3 (n=101) | pg -0.003 vf 0.009 kl 0.0139 lr 5.1e-05
[anomaly] it 1351: explained variance -0.84 < 0 after warm-up: value function not predicting returns
[anomaly] it 1351: terminal-step reward dominates the episode: survival is being punished
[anomaly] it 1351: joint limit violated by 0.70 rad
[anomaly] it 1351: contact penetration 7.9 cm
terrain it 1351 mean_level 6.0818
it 1352 steps 132907008 sps   38,000 | ep_ret   20.56 ep_len 1000.0 (n=84) | pg -0.007 vf 0.007 kl 0.0102 lr 7.6e-05
[anomaly] it 1352: explained variance -2.08 < 0 after warm-up: value function not predicting returns
[anomaly] it 1352: joint limit violated by 0.64 rad
[anomaly] it 1352: contact penetration 6.0 cm
terrain it 1352 mean_level 6.0725
it 1353 steps 133005312 sps   37,995 | ep_ret   20.43 ep_len 1000.0 (n=104) | pg -0.006 vf 0.008 kl 0.0127 lr 1.1e-04
[anomaly] it 1353: explained variance -2.30 < 0 after warm-up: value function not predicting returns
[anomaly] it 1353: joint limit violated by 0.67 rad
[anomaly] it 1353: contact penetration 6.4 cm
terrain it 1353 mean_level 6.0710
it 1354 steps 133103616 sps   37,994 | ep_ret   20.05 ep_len  995.4 (n=94) | pg -0.001 vf 0.006 kl 0.0158 lr 5.1e-05
[anomaly] it 1354: explained variance -1.35 < 0 after warm-up: value function not predicting returns
[anomaly] it 1354: terminal-step reward dominates the episode: survival is being punished
[anomaly] it 1354: joint limit violated by 0.64 rad
[anomaly] it 1354: contact penetration 7.0 cm
terrain it 1354 mean_level 6.0591
it 1355 steps 133201920 sps   37,993 | ep_ret   20.65 ep_len 1000.0 (n=74) | pg -0.006 vf 0.007 kl 0.0118 lr 7.6e-05
[anomaly] it 1355: explained variance -2.00 < 0 after warm-up: value function not predicting returns
[anomaly] it 1355: joint limit violated by 0.68 rad
[anomaly] it 1355: contact penetration 8.2 cm
terrain it 1355 mean_level 6.0586
it 1356 steps 133300224 sps   37,993 | ep_ret   20.38 ep_len  987.6 (n=92) | pg -0.007 vf 0.009 kl 0.0132 lr 1.1e-04
[anomaly] it 1356: explained variance -1.34 < 0 after warm-up: value function not predicting returns
[anomaly] it 1356: terminal-step reward dominates the episode: survival is being punished
[anomaly] it 1356: joint limit violated by 0.71 rad
[anomaly] it 1356: contact penetration 6.7 cm
terrain it 1356 mean_level 6.0518
it 1357 steps 133398528 sps   37,993 | ep_ret   20.10 ep_len  989.0 (n=76) | pg -0.006 vf 0.008 kl 0.0131 lr 7.6e-05
[anomaly] it 1357: explained variance -1.44 < 0 after warm-up: value function not predicting returns
[anomaly] it 1357: terminal-step reward dominates the episode: survival is being punished
[anomaly] it 1357: joint limit violated by 0.61 rad
[anomaly] it 1357: contact penetration 6.5 cm
terrain it 1357 mean_level 6.0505
it 1358 steps 133496832 sps   37,993 | ep_ret   20.36 ep_len  990.5 (n=79) | pg -0.006 vf 0.008 kl 0.0149 lr 7.6e-05
[anomaly] it 1358: explained variance -1.58 < 0 after warm-up: value function not predicting returns
[anomaly] it 1358: terminal-step reward dominates the episode: survival is being punished
[anomaly] it 1358: joint limit violated by 0.62 rad
[anomaly] it 1358: contact penetration 6.1 cm
terrain it 1358 mean_level 6.0559
it 1359 steps 133595136 sps   37,993 | ep_ret   20.43 ep_len  993.9 (n=101) | pg -0.007 vf 0.008 kl 0.0128 lr 1.1e-04
[anomaly] it 1359: explained variance -1.77 < 0 after warm-up: value function not predicting returns
[anomaly] it 1359: terminal-step reward dominates the episode: survival is being punished
[anomaly] it 1359: joint limit violated by 0.71 rad
[anomaly] it 1359: contact penetration 7.3 cm
terrain it 1359 mean_level 6.0569
it 1360 steps 133693440 sps   37,994 | ep_ret   19.72 ep_len  989.5 (n=80) | pg -0.005 vf 0.010 kl 0.0154 lr 7.6e-05
[anomaly] it 1360: explained variance -1.44 < 0 after warm-up: value function not predicting returns
[anomaly] it 1360: terminal-step reward dominates the episode: survival is being punished
[anomaly] it 1360: joint limit violated by 0.57 rad
[anomaly] it 1360: contact penetration 5.1 cm
terrain it 1360 mean_level 6.0562
it 1361 steps 133791744 sps   37,994 | ep_ret   20.71 ep_len  998.5 (n=69) | pg -0.007 vf 0.008 kl 0.0146 lr 1.1e-04
[anomaly] it 1361: explained variance -2.24 < 0 after warm-up: value function not predicting returns
[anomaly] it 1361: terminal-step reward dominates the episode: survival is being punished
[anomaly] it 1361: joint limit violated by 0.64 rad
[anomaly] it 1361: contact penetration 6.3 cm
[anomaly] it 1361: contact force 16512 N > 50x robot weight
terrain it 1361 mean_level 6.0579
it 1362 steps 133890048 sps   37,994 | ep_ret   20.14 ep_len  985.7 (n=93) | pg -0.008 vf 0.007 kl 0.0166 lr 1.1e-04
[anomaly] it 1362: explained variance -1.59 < 0 after warm-up: value function not predicting returns
[anomaly] it 1362: terminal-step reward dominates the episode: survival is being punished
[anomaly] it 1362: joint limit violated by 0.57 rad
[anomaly] it 1362: contact penetration 12.6 cm
terrain it 1362 mean_level 6.0613
it 1363 steps 133988352 sps   37,994 | ep_ret   20.06 ep_len  988.7 (n=74) | pg -0.005 vf 0.009 kl 0.0148 lr 5.1e-05
[anomaly] it 1363: explained variance -1.40 < 0 after warm-up: value function not predicting returns
[anomaly] it 1363: terminal-step reward dominates the episode: survival is being punished
[anomaly] it 1363: joint limit violated by 0.64 rad
[anomaly] it 1363: contact penetration 6.4 cm
terrain it 1363 mean_level 6.0610
it 1364 steps 134086656 sps   37,995 | ep_ret   20.40 ep_len 1000.0 (n=90) | pg -0.009 vf 0.009 kl 0.0131 lr 1.1e-04
[anomaly] it 1364: explained variance -2.05 < 0 after warm-up: value function not predicting returns
[anomaly] it 1364: joint limit violated by 0.62 rad
[anomaly] it 1364: contact penetration 4.8 cm
terrain it 1364 mean_level 6.0686
it 1365 steps 134184960 sps   37,995 | ep_ret   19.75 ep_len  990.6 (n=78) | pg -0.004 vf 0.008 kl 0.0127 lr 5.1e-05
[anomaly] it 1365: explained variance -1.42 < 0 after warm-up: value function not predicting returns
[anomaly] it 1365: terminal-step reward dominates the episode: survival is being punished
[anomaly] it 1365: joint limit violated by 0.57 rad
[anomaly] it 1365: contact penetration 6.1 cm
terrain it 1365 mean_level 6.0696
it 1366 steps 134283264 sps   37,995 | ep_ret   20.76 ep_len 1000.0 (n=90) | pg -0.009 vf 0.007 kl 0.0135 lr 1.1e-04
[anomaly] it 1366: explained variance -1.92 < 0 after warm-up: value function not predicting returns
[anomaly] it 1366: joint limit violated by 0.61 rad
[anomaly] it 1366: contact penetration 8.0 cm
terrain it 1366 mean_level 6.0681
it 1367 steps 134381568 sps   37,995 | ep_ret   20.80 ep_len 1000.0 (n=62) | pg -0.004 vf 0.007 kl 0.0140 lr 7.6e-05
[anomaly] it 1367: explained variance -2.02 < 0 after warm-up: value function not predicting returns
[anomaly] it 1367: joint limit violated by 0.66 rad
[anomaly] it 1367: contact penetration 5.5 cm
terrain it 1367 mean_level 6.0659
it 1368 steps 134479872 sps   37,996 | ep_ret   20.84 ep_len 1000.0 (n=90) | pg -0.004 vf 0.008 kl 0.0141 lr 1.1e-04
[anomaly] it 1368: explained variance -2.03 < 0 after warm-up: value function not predicting returns
[anomaly] it 1368: joint limit violated by 0.71 rad
[anomaly] it 1368: contact penetration 5.6 cm
terrain it 1368 mean_level 6.0623
it 1369 steps 134578176 sps   37,996 | ep_ret   20.12 ep_len  996.1 (n=98) | pg -0.007 vf 0.008 kl 0.0157 lr 7.6e-05
[anomaly] it 1369: explained variance -1.15 < 0 after warm-up: value function not predicting returns
[anomaly] it 1369: terminal-step reward dominates the episode: survival is being punished
[anomaly] it 1369: joint limit violated by 0.64 rad
[anomaly] it 1369: contact penetration 5.1 cm
terrain it 1369 mean_level 6.0544
it 1370 steps 134676480 sps   37,996 | ep_ret   21.02 ep_len 1000.0 (n=74) | pg -0.010 vf 0.007 kl 0.0122 lr 1.1e-04
[anomaly] it 1370: explained variance -1.99 < 0 after warm-up: value function not predicting returns
[anomaly] it 1370: joint limit violated by 0.62 rad
[anomaly] it 1370: contact penetration 4.6 cm
terrain it 1370 mean_level 6.0591
it 1371 steps 134774784 sps   37,994 | ep_ret   21.20 ep_len 1000.0 (n=97) | pg -0.004 vf 0.006 kl 0.0129 lr 7.6e-05
[anomaly] it 1371: explained variance -2.07 < 0 after warm-up: value function not predicting returns
[anomaly] it 1371: joint limit violated by 0.71 rad
[anomaly] it 1371: contact penetration 8.0 cm
terrain it 1371 mean_level 6.0676
it 1372 steps 134873088 sps   37,994 | ep_ret   20.59 ep_len  994.0 (n=121) | pg -0.006 vf 0.010 kl 0.0132 lr 1.1e-04
[anomaly] it 1372: explained variance -1.59 < 0 after warm-up: value function not predicting returns
[anomaly] it 1372: terminal-step reward dominates the episode: survival is being punished
[anomaly] it 1372: joint limit violated by 0.68 rad
[anomaly] it 1372: contact penetration 7.5 cm
terrain it 1372 mean_level 6.0632
it 1373 steps 134971392 sps   37,994 | ep_ret   20.84 ep_len 1000.0 (n=85) | pg -0.003 vf 0.007 kl 0.0159 lr 5.1e-05
[anomaly] it 1373: explained variance -2.26 < 0 after warm-up: value function not predicting returns
[anomaly] it 1373: joint limit violated by 0.59 rad
[anomaly] it 1373: contact penetration 4.7 cm
terrain it 1373 mean_level 6.0706
it 1374 steps 135069696 sps   37,995 | ep_ret   20.25 ep_len  998.0 (n=116) | pg -0.006 vf 0.007 kl 0.0162 lr 2.3e-05
[anomaly] it 1374: explained variance -1.34 < 0 after warm-up: value function not predicting returns
[anomaly] it 1374: terminal-step reward dominates the episode: survival is being punished
[anomaly] it 1374: joint limit violated by 0.65 rad
[anomaly] it 1374: contact penetration 6.5 cm
terrain it 1374 mean_level 6.0723
it 1375 steps 135168000 sps   37,994 | ep_ret   21.09 ep_len  995.4 (n=107) | pg -0.007 vf 0.009 kl 0.0084 lr 5.1e-05
[anomaly] it 1375: explained variance -1.32 < 0 after warm-up: value function not predicting returns
[anomaly] it 1375: terminal-step reward dominates the episode: survival is being punished
[anomaly] it 1375: joint limit violated by 0.66 rad
[anomaly] it 1375: contact penetration 7.0 cm
terrain it 1375 mean_level 6.0762
it 1376 steps 135266304 sps   37,994 | ep_ret   21.16 ep_len  995.7 (n=110) | pg -0.007 vf 0.008 kl 0.0133 lr 1.1e-04
[anomaly] it 1376: explained variance -1.63 < 0 after warm-up: value function not predicting returns
[anomaly] it 1376: terminal-step reward dominates the episode: survival is being punished
[anomaly] it 1376: joint limit violated by 0.59 rad
[anomaly] it 1376: contact penetration 5.9 cm
terrain it 1376 mean_level 6.0811
it 1377 steps 135364608 sps   37,994 | ep_ret   21.12 ep_len  998.8 (n=116) | pg -0.007 vf 0.009 kl 0.0154 lr 1.1e-04
[anomaly] it 1377: explained variance -1.66 < 0 after warm-up: value function not predicting returns
[anomaly] it 1377: terminal-step reward dominates the episode: survival is being punished
[anomaly] it 1377: joint limit violated by 0.61 rad
[anomaly] it 1377: contact penetration 6.0 cm
terrain it 1377 mean_level 6.0872
it 1378 steps 135462912 sps   37,993 | ep_ret   20.50 ep_len  979.9 (n=99) | pg -0.006 vf 0.010 kl 0.0162 lr 7.6e-05
[anomaly] it 1378: explained variance -1.14 < 0 after warm-up: value function not predicting returns
[anomaly] it 1378: terminal-step reward dominates the episode: survival is being punished
[anomaly] it 1378: joint limit violated by 0.63 rad
[anomaly] it 1378: contact penetration 6.6 cm
terrain it 1378 mean_level 6.0894
it 1379 steps 135561216 sps   37,992 | ep_ret   20.63 ep_len  981.7 (n=136) | pg -0.006 vf 0.010 kl 0.0142 lr 1.1e-04
[anomaly] it 1379: explained variance -1.06 < 0 after warm-up: value function not predicting returns
[anomaly] it 1379: terminal-step reward dominates the episode: survival is being punished
[anomaly] it 1379: joint limit violated by 0.66 rad
[anomaly] it 1379: contact penetration 5.1 cm
terrain it 1379 mean_level 6.1001
it 1380 steps 135659520 sps   37,990 | ep_ret   20.85 ep_len 1000.0 (n=132) | pg -0.007 vf 0.008 kl 0.0161 lr 7.6e-05
[anomaly] it 1380: explained variance -2.20 < 0 after warm-up: value function not predicting returns
[anomaly] it 1380: joint limit violated by 0.67 rad
[anomaly] it 1380: contact penetration 8.6 cm
terrain it 1380 mean_level 6.0942
it 1381 steps 135757824 sps   37,988 | ep_ret   20.80 ep_len  987.2 (n=125) | pg -0.006 vf 0.008 kl 0.0147 lr 1.1e-04
[anomaly] it 1381: explained variance -1.74 < 0 after warm-up: value function not predicting returns
[anomaly] it 1381: terminal-step reward dominates the episode: survival is being punished
[anomaly] it 1381: joint limit violated by 0.63 rad
[anomaly] it 1381: contact penetration 6.6 cm
terrain it 1381 mean_level 6.0989
it 1382 steps 135856128 sps   37,987 | ep_ret   20.73 ep_len  992.9 (n=110) | pg -0.004 vf 0.007 kl 0.0138 lr 7.6e-05
[anomaly] it 1382: explained variance -1.45 < 0 after warm-up: value function not predicting returns
[anomaly] it 1382: terminal-step reward dominates the episode: survival is being punished
[anomaly] it 1382: joint limit violated by 0.61 rad
[anomaly] it 1382: contact penetration 6.2 cm
terrain it 1382 mean_level 6.0916
it 1383 steps 135954432 sps   37,986 | ep_ret   21.41 ep_len  999.5 (n=120) | pg -0.008 vf 0.007 kl 0.0130 lr 7.6e-05
[anomaly] it 1383: explained variance -1.87 < 0 after warm-up: value function not predicting returns
[anomaly] it 1383: terminal-step reward dominates the episode: survival is being punished
[anomaly] it 1383: joint limit violated by 0.72 rad
[anomaly] it 1383: contact penetration 8.8 cm
terrain it 1383 mean_level 6.0979
it 1384 steps 136052736 sps   37,985 | ep_ret   21.53 ep_len  997.1 (n=102) | pg -0.006 vf 0.007 kl 0.0135 lr 1.1e-04
[anomaly] it 1384: explained variance -1.80 < 0 after warm-up: value function not predicting returns
[anomaly] it 1384: terminal-step reward dominates the episode: survival is being punished
[anomaly] it 1384: joint limit violated by 0.61 rad
[anomaly] it 1384: contact penetration 5.6 cm
terrain it 1384 mean_level 6.0942
it 1385 steps 136151040 sps   37,986 | ep_ret   21.40 ep_len 1000.0 (n=112) | pg -0.000 vf 0.007 kl 0.0134 lr 3.4e-05
[anomaly] it 1385: explained variance -1.93 < 0 after warm-up: value function not predicting returns
[anomaly] it 1385: joint limit violated by 0.60 rad
[anomaly] it 1385: contact penetration 5.5 cm
terrain it 1385 mean_level 6.0913
it 1386 steps 136249344 sps   37,985 | ep_ret   21.32 ep_len 1000.0 (n=130) | pg -0.008 vf 0.008 kl 0.0099 lr 7.6e-05
[anomaly] it 1386: explained variance -2.02 < 0 after warm-up: value function not predicting returns
[anomaly] it 1386: joint limit violated by 0.63 rad
[anomaly] it 1386: contact penetration 5.9 cm
terrain it 1386 mean_level 6.0964
it 1387 steps 136347648 sps   37,984 | ep_ret   21.07 ep_len  994.4 (n=112) | pg -0.008 vf 0.007 kl 0.0149 lr 1.1e-04
[anomaly] it 1387: explained variance -1.58 < 0 after warm-up: value function not predicting returns
[anomaly] it 1387: terminal-step reward dominates the episode: survival is being punished
[anomaly] it 1387: joint limit violated by 0.61 rad
[anomaly] it 1387: contact penetration 5.2 cm
terrain it 1387 mean_level 6.0957
it 1388 steps 136445952 sps   37,983 | ep_ret   21.38 ep_len 1000.0 (n=105) | pg -0.006 vf 0.007 kl 0.0156 lr 1.1e-04
[anomaly] it 1388: explained variance -1.95 < 0 after warm-up: value function not predicting returns
[anomaly] it 1388: joint limit violated by 0.68 rad
[anomaly] it 1388: contact penetration 5.9 cm
terrain it 1388 mean_level 6.0920
it 1389 steps 136544256 sps   37,982 | ep_ret   21.22 ep_len 1000.0 (n=104) | pg -0.007 vf 0.006 kl 0.0153 lr 1.1e-04
[anomaly] it 1389: explained variance -1.97 < 0 after warm-up: value function not predicting returns
[anomaly] it 1389: joint limit violated by 0.68 rad
[anomaly] it 1389: contact penetration 5.4 cm
terrain it 1389 mean_level 6.0942
it 1390 steps 136642560 sps   37,981 | ep_ret   20.64 ep_len  995.8 (n=97) | pg -0.001 vf 0.008 kl 0.0160 lr 5.1e-05
[anomaly] it 1390: explained variance -1.59 < 0 after warm-up: value function not predicting returns
[anomaly] it 1390: terminal-step reward dominates the episode: survival is being punished
[anomaly] it 1390: joint limit violated by 0.61 rad
[anomaly] it 1390: contact penetration 5.5 cm
terrain it 1390 mean_level 6.0957
it 1391 steps 136740864 sps   37,980 | ep_ret   21.05 ep_len  997.8 (n=107) | pg -0.008 vf 0.006 kl 0.0097 lr 7.6e-05
[anomaly] it 1391: explained variance -1.66 < 0 after warm-up: value function not predicting returns
[anomaly] it 1391: terminal-step reward dominates the episode: survival is being punished
[anomaly] it 1391: joint limit violated by 0.63 rad
[anomaly] it 1391: contact penetration 5.6 cm
terrain it 1391 mean_level 6.1001
it 1392 steps 136839168 sps   37,978 | ep_ret   20.92 ep_len 1000.0 (n=99) | pg -0.004 vf 0.006 kl 0.0123 lr 5.1e-05
[anomaly] it 1392: explained variance -1.88 < 0 after warm-up: value function not predicting returns
[anomaly] it 1392: joint limit violated by 0.66 rad
[anomaly] it 1392: contact penetration 4.5 cm
terrain it 1392 mean_level 6.1086
it 1393 steps 136937472 sps   37,978 | ep_ret   21.39 ep_len 1000.0 (n=91) | pg -0.006 vf 0.008 kl 0.0135 lr 5.1e-05
[anomaly] it 1393: explained variance -2.17 < 0 after warm-up: value function not predicting returns
[anomaly] it 1393: joint limit violated by 0.65 rad
[anomaly] it 1393: contact penetration 7.8 cm
terrain it 1393 mean_level 6.1089
it 1394 steps 137035776 sps   37,977 | ep_ret   20.73 ep_len  996.6 (n=97) | pg -0.006 vf 0.007 kl 0.0159 lr 3.4e-05
[anomaly] it 1394: explained variance -1.61 < 0 after warm-up: value function not predicting returns
[anomaly] it 1394: terminal-step reward dominates the episode: survival is being punished
[anomaly] it 1394: joint limit violated by 0.64 rad
[anomaly] it 1394: contact penetration 6.3 cm
terrain it 1394 mean_level 6.1145
it 1395 steps 137134080 sps   37,977 | ep_ret   21.29 ep_len 1000.0 (n=97) | pg -0.001 vf 0.006 kl 0.0096 lr 2.3e-05
[anomaly] it 1395: explained variance -1.94 < 0 after warm-up: value function not predicting returns
[anomaly] it 1395: joint limit violated by 0.73 rad
[anomaly] it 1395: contact penetration 7.9 cm
terrain it 1395 mean_level 6.1091
it 1396 steps 137232384 sps   37,976 | ep_ret   20.73 ep_len 1000.0 (n=86) | pg -0.007 vf 0.007 kl 0.0087 lr 5.1e-05
[anomaly] it 1396: explained variance -1.84 < 0 after warm-up: value function not predicting returns
[anomaly] it 1396: joint limit violated by 0.60 rad
[anomaly] it 1396: contact penetration 11.4 cm
terrain it 1396 mean_level 6.1121
it 1397 steps 137330688 sps   37,973 | ep_ret   20.92 ep_len 1000.0 (n=80) | pg -0.007 vf 0.007 kl 0.0124 lr 1.1e-04
[anomaly] it 1397: explained variance -1.93 < 0 after warm-up: value function not predicting returns
[anomaly] it 1397: joint limit violated by 0.62 rad
[anomaly] it 1397: contact penetration 8.1 cm
terrain it 1397 mean_level 6.1152
it 1398 steps 137428992 sps   37,970 | ep_ret   20.96 ep_len  990.0 (n=87) | pg -0.006 vf 0.007 kl 0.0150 lr 1.1e-04
[anomaly] it 1398: explained variance -1.66 < 0 after warm-up: value function not predicting returns
[anomaly] it 1398: terminal-step reward dominates the episode: survival is being punished
[anomaly] it 1398: joint limit violated by 0.65 rad
[anomaly] it 1398: contact penetration 7.8 cm
terrain it 1398 mean_level 6.1116
it 1399 steps 137527296 sps   37,966 | ep_ret   21.36 ep_len 1000.0 (n=81) | pg -0.006 vf 0.007 kl 0.0144 lr 5.1e-05
[anomaly] it 1399: explained variance -2.03 < 0 after warm-up: value function not predicting returns
[anomaly] it 1399: joint limit violated by 0.65 rad
[anomaly] it 1399: contact penetration 10.5 cm
terrain it 1399 mean_level 6.1118
it 1400 steps 137625600 sps   37,957 | ep_ret   21.02 ep_len 1000.0 (n=87) | pg -0.004 vf 0.007 kl 0.0128 lr 7.6e-05
[anomaly] it 1400: explained variance -1.92 < 0 after warm-up: value function not predicting returns
[anomaly] it 1400: joint limit violated by 0.62 rad
[anomaly] it 1400: contact penetration 6.1 cm
[anomaly] it 1400: contact force 22166 N > 50x robot weight
terrain it 1400 mean_level 6.1060
it 1401 steps 137723904 sps   37,952 | ep_ret   20.93 ep_len  997.7 (n=86) | pg -0.008 vf 0.006 kl 0.0124 lr 1.1e-04
[anomaly] it 1401: explained variance -1.65 < 0 after warm-up: value function not predicting returns
[anomaly] it 1401: terminal-step reward dominates the episode: survival is being punished
[anomaly] it 1401: joint limit violated by 0.67 rad
[anomaly] it 1401: contact penetration 5.2 cm
terrain it 1401 mean_level 6.1069
it 1402 steps 137822208 sps   37,948 | ep_ret   20.97 ep_len  995.2 (n=82) | pg -0.002 vf 0.010 kl 0.0150 lr 5.1e-05
[anomaly] it 1402: explained variance -1.70 < 0 after warm-up: value function not predicting returns
[anomaly] it 1402: terminal-step reward dominates the episode: survival is being punished
[anomaly] it 1402: joint limit violated by 0.73 rad
[anomaly] it 1402: contact penetration 9.0 cm
terrain it 1402 mean_level 6.1094
it 1403 steps 137920512 sps   37,940 | ep_ret   21.19 ep_len  994.0 (n=74) | pg 0.300 vf 1.569 kl 343.9130 lr 1.0e-05 | blown 0 dropped 1018292785
[anomaly] it 1403: KL 343.913 > 10x target: stale data or LR too high
[anomaly] it 1403: explained variance -1.89 < 0 after warm-up: value function not predicting returns
[anomaly] it 1403: 1018292785 non-finite rows dropped from the update
[anomaly] it 1403: terminal-step reward dominates the episode: survival is being punished
[anomaly] it 1403: joint limit violated by 0.62 rad
[anomaly] it 1403: contact penetration 4.7 cm
terrain it 1403 mean_level 6.1147
it 1404 steps 138018816 sps   37,937 | ep_ret   21.58 ep_len 1000.0 (n=90) | pg -0.009 vf 0.012 kl 0.0096 lr 5.1e-05
[anomaly] it 1404: explained variance -1.63 < 0 after warm-up: value function not predicting returns
[anomaly] it 1404: joint limit violated by 0.61 rad
[anomaly] it 1404: contact penetration 6.6 cm
terrain it 1404 mean_level 6.1125
it 1405 steps 138117120 sps   37,933 | ep_ret   21.06 ep_len 1000.0 (n=77) | pg -0.007 vf 0.009 kl 0.0125 lr 7.6e-05
[anomaly] it 1405: explained variance -2.15 < 0 after warm-up: value function not predicting returns
[anomaly] it 1405: joint limit violated by 0.65 rad
[anomaly] it 1405: contact penetration 7.1 cm
terrain it 1405 mean_level 6.1104
it 1406 steps 138215424 sps   37,931 | ep_ret   21.03 ep_len  992.9 (n=88) | pg -0.006 vf 0.008 kl 0.0145 lr 7.6e-05
[anomaly] it 1406: explained variance -1.35 < 0 after warm-up: value function not predicting returns
[anomaly] it 1406: terminal-step reward dominates the episode: survival is being punished
[anomaly] it 1406: joint limit violated by 0.72 rad
[anomaly] it 1406: contact penetration 9.3 cm
terrain it 1406 mean_level 6.1160
it 1407 steps 138313728 sps   37,926 | ep_ret   20.88 ep_len  994.7 (n=83) | pg -0.007 vf 0.009 kl 0.0139 lr 7.6e-05
[anomaly] it 1407: explained variance -1.64 < 0 after warm-up: value function not predicting returns
[anomaly] it 1407: terminal-step reward dominates the episode: survival is being punished
[anomaly] it 1407: joint limit violated by 0.77 rad
[anomaly] it 1407: contact penetration 7.1 cm
terrain it 1407 mean_level 6.1167
it 1408 steps 138412032 sps   37,923 | ep_ret   20.66 ep_len  984.7 (n=78) | pg 0.003 vf 0.010 kl 0.0158 lr 2.3e-05
[anomaly] it 1408: explained variance -1.47 < 0 after warm-up: value function not predicting returns
[anomaly] it 1408: terminal-step reward dominates the episode: survival is being punished
[anomaly] it 1408: joint limit violated by 0.80 rad
[anomaly] it 1408: contact penetration 5.4 cm
terrain it 1408 mean_level 6.1196
it 1409 steps 138510336 sps   37,917 | ep_ret   20.88 ep_len  989.5 (n=72) | pg -0.003 vf 0.007 kl 0.0102 lr 2.3e-05
[anomaly] it 1409: explained variance -1.81 < 0 after warm-up: value function not predicting returns
[anomaly] it 1409: terminal-step reward dominates the episode: survival is being punished
[anomaly] it 1409: joint limit violated by 0.62 rad
[anomaly] it 1409: contact penetration 10.1 cm
terrain it 1409 mean_level 6.1213
it 1410 steps 138608640 sps   37,913 | ep_ret   21.56 ep_len 1000.0 (n=93) | pg -0.009 vf 0.009 kl 0.0106 lr 7.6e-05
[anomaly] it 1410: explained variance -1.96 < 0 after warm-up: value function not predicting returns
[anomaly] it 1410: joint limit violated by 0.60 rad
[anomaly] it 1410: contact penetration 5.9 cm
terrain it 1410 mean_level 6.1179
it 1411 steps 138706944 sps   37,909 | ep_ret   20.82 ep_len  984.2 (n=92) | pg -0.008 vf 0.006 kl 0.0129 lr 1.1e-04
[anomaly] it 1411: explained variance -1.51 < 0 after warm-up: value function not predicting returns
[anomaly] it 1411: terminal-step reward dominates the episode: survival is being punished
[anomaly] it 1411: joint limit violated by 0.72 rad
[anomaly] it 1411: contact penetration 5.5 cm
terrain it 1411 mean_level 6.1230
it 1412 steps 138805248 sps   37,906 | ep_ret   21.20 ep_len  995.8 (n=72) | pg -0.006 vf 0.006 kl 0.0147 lr 7.6e-05
[anomaly] it 1412: explained variance -1.57 < 0 after warm-up: value function not predicting returns
[anomaly] it 1412: joint limit violated by 0.65 rad
[anomaly] it 1412: contact penetration 6.4 cm
terrain it 1412 mean_level 6.1260
it 1413 steps 138903552 sps   37,904 | ep_ret   21.34 ep_len 1000.0 (n=101) | pg -0.009 vf 0.006 kl 0.0134 lr 1.1e-04
[anomaly] it 1413: explained variance -1.54 < 0 after warm-up: value function not predicting returns
[anomaly] it 1413: joint limit violated by 0.69 rad
[anomaly] it 1413: contact penetration 5.3 cm
terrain it 1413 mean_level 6.1350
it 1414 steps 139001856 sps   37,900 | ep_ret   21.57 ep_len 1000.0 (n=121) | pg -0.002 vf 0.007 kl 0.0141 lr 5.1e-05
[anomaly] it 1414: explained variance -1.62 < 0 after warm-up: value function not predicting returns
[anomaly] it 1414: joint limit violated by 0.58 rad
[anomaly] it 1414: contact penetration 8.6 cm
terrain it 1414 mean_level 6.1331
it 1415 steps 139100160 sps   37,898 | ep_ret   20.93 ep_len 1000.0 (n=94) | pg -0.009 vf 0.007 kl 0.0129 lr 1.1e-04
[anomaly] it 1415: explained variance -1.88 < 0 after warm-up: value function not predicting returns
[anomaly] it 1415: joint limit violated by 0.77 rad
[anomaly] it 1415: contact penetration 6.8 cm
terrain it 1415 mean_level 6.1206
it 1416 steps 139198464 sps   37,897 | ep_ret   21.70 ep_len  995.0 (n=102) | pg -0.004 vf 0.006 kl 0.0152 lr 1.1e-04
[anomaly] it 1416: explained variance -1.54 < 0 after warm-up: value function not predicting returns
[anomaly] it 1416: terminal-step reward dominates the episode: survival is being punished
[anomaly] it 1416: joint limit violated by 0.71 rad
[anomaly] it 1416: contact penetration 5.4 cm
terrain it 1416 mean_level 6.1204
it 1417 steps 139296768 sps   37,895 | ep_ret   21.56 ep_len 1000.0 (n=120) | pg -0.001 vf 0.006 kl 0.0145 lr 3.4e-05
[anomaly] it 1417: explained variance -1.62 < 0 after warm-up: value function not predicting returns
[anomaly] it 1417: joint limit violated by 0.63 rad
[anomaly] it 1417: contact penetration 5.3 cm
terrain it 1417 mean_level 6.1316
it 1418 steps 139395072 sps   37,894 | ep_ret   21.74 ep_len  996.8 (n=118) | pg -0.005 vf 0.006 kl 0.0125 lr 7.6e-05
[anomaly] it 1418: explained variance -1.50 < 0 after warm-up: value function not predicting returns
[anomaly] it 1418: terminal-step reward dominates the episode: survival is being punished
[anomaly] it 1418: joint limit violated by 0.66 rad
[anomaly] it 1418: contact penetration 5.5 cm
terrain it 1418 mean_level 6.1260
it 1419 steps 139493376 sps   37,890 | ep_ret   21.78 ep_len  997.2 (n=105) | pg -0.005 vf 0.008 kl 0.0150 lr 5.1e-05
[anomaly] it 1419: explained variance -1.42 < 0 after warm-up: value function not predicting returns
[anomaly] it 1419: terminal-step reward dominates the episode: survival is being punished
[anomaly] it 1419: joint limit violated by 0.76 rad
[anomaly] it 1419: contact penetration 4.7 cm
terrain it 1419 mean_level 6.1274
it 1420 steps 139591680 sps   37,888 | ep_ret   21.78 ep_len 1000.0 (n=112) | pg -0.006 vf 0.011 kl 0.0154 lr 1.1e-04
[anomaly] it 1420: explained variance -2.14 < 0 after warm-up: value function not predicting returns
[anomaly] it 1420: joint limit violated by 0.69 rad
[anomaly] it 1420: contact penetration 8.3 cm
terrain it 1420 mean_level 6.1211
it 1421 steps 139689984 sps   37,886 | ep_ret   21.22 ep_len  985.2 (n=134) | pg -0.003 vf 0.007 kl 0.0134 lr 7.6e-05
[anomaly] it 1421: explained variance -1.59 < 0 after warm-up: value function not predicting returns
[anomaly] it 1421: terminal-step reward dominates the episode: survival is being punished
[anomaly] it 1421: joint limit violated by 0.67 rad
[anomaly] it 1421: contact penetration 5.0 cm
terrain it 1421 mean_level 6.1240
it 1422 steps 139788288 sps   37,885 | ep_ret   21.69 ep_len  996.9 (n=121) | pg -0.007 vf 0.007 kl 0.0139 lr 7.6e-05
[anomaly] it 1422: explained variance -1.84 < 0 after warm-up: value function not predicting returns
[anomaly] it 1422: terminal-step reward dominates the episode: survival is being punished
[anomaly] it 1422: joint limit violated by 0.61 rad
[anomaly] it 1422: contact penetration 10.2 cm
terrain it 1422 mean_level 6.1233
it 1423 steps 139886592 sps   37,883 | ep_ret   21.52 ep_len  993.5 (n=124) | pg -0.006 vf 0.007 kl 0.0136 lr 1.1e-04
[anomaly] it 1423: explained variance -1.59 < 0 after warm-up: value function not predicting returns
[anomaly] it 1423: terminal-step reward dominates the episode: survival is being punished
[anomaly] it 1423: joint limit violated by 0.69 rad
[anomaly] it 1423: contact penetration 4.7 cm
terrain it 1423 mean_level 6.1177
it 1424 steps 139984896 sps   37,882 | ep_ret   22.37 ep_len  998.0 (n=123) | pg -0.001 vf 0.009 kl 0.0143 lr 3.4e-05
[anomaly] it 1424: explained variance -1.62 < 0 after warm-up: value function not predicting returns
[anomaly] it 1424: terminal-step reward dominates the episode: survival is being punished
[anomaly] it 1424: joint limit violated by 0.58 rad
[anomaly] it 1424: contact penetration 10.8 cm
terrain it 1424 mean_level 6.1179
it 1425 steps 140083200 sps   37,880 | ep_ret   21.90 ep_len  988.7 (n=111) | pg -0.006 vf 0.010 kl 0.0128 lr 7.6e-05
[anomaly] it 1425: explained variance -1.76 < 0 after warm-up: value function not predicting returns
[anomaly] it 1425: terminal-step reward dominates the episode: survival is being punished
[anomaly] it 1425: joint limit violated by 0.67 rad
[anomaly] it 1425: contact penetration 4.4 cm
terrain it 1425 mean_level 6.1165
it 1426 steps 140181504 sps   37,879 | ep_ret   21.63 ep_len  995.5 (n=112) | pg -0.007 vf 0.010 kl 0.0129 lr 1.1e-04
[anomaly] it 1426: explained variance -1.76 < 0 after warm-up: value function not predicting returns
[anomaly] it 1426: terminal-step reward dominates the episode: survival is being punished
[anomaly] it 1426: joint limit violated by 0.72 rad
[anomaly] it 1426: contact penetration 7.4 cm
terrain it 1426 mean_level 6.1101
it 1427 steps 140279808 sps   37,877 | ep_ret   22.07 ep_len  998.5 (n=106) | pg -0.002 vf 0.009 kl 0.0138 lr 3.4e-05
[anomaly] it 1427: explained variance -2.11 < 0 after warm-up: value function not predicting returns
[anomaly] it 1427: terminal-step reward dominates the episode: survival is being punished
[anomaly] it 1427: joint limit violated by 0.64 rad
[anomaly] it 1427: contact penetration 7.4 cm
terrain it 1427 mean_level 6.1172
it 1428 steps 140378112 sps   37,876 | ep_ret   21.84 ep_len  995.6 (n=130) | pg -0.008 vf 0.010 kl 0.0104 lr 7.6e-05
[anomaly] it 1428: explained variance -1.73 < 0 after warm-up: value function not predicting returns
[anomaly] it 1428: terminal-step reward dominates the episode: survival is being punished
[anomaly] it 1428: joint limit violated by 0.68 rad
[anomaly] it 1428: contact penetration 6.4 cm
terrain it 1428 mean_level 6.1072
it 1429 steps 140476416 sps   37,875 | ep_ret   21.23 ep_len  996.1 (n=110) | pg -0.006 vf 0.010 kl 0.0156 lr 1.1e-04
[anomaly] it 1429: explained variance -2.19 < 0 after warm-up: value function not predicting returns
[anomaly] it 1429: terminal-step reward dominates the episode: survival is being punished
[anomaly] it 1429: joint limit violated by 0.66 rad
[anomaly] it 1429: contact penetration 4.7 cm
[anomaly] it 1429: contact force 22107 N > 50x robot weight
terrain it 1429 mean_level 6.1033
it 1430 steps 140574720 sps   37,875 | ep_ret   21.54 ep_len  985.2 (n=104) | pg -0.006 vf 0.008 kl 0.0145 lr 5.1e-05
[anomaly] it 1430: explained variance -1.27 < 0 after warm-up: value function not predicting returns
[anomaly] it 1430: terminal-step reward dominates the episode: survival is being punished
[anomaly] it 1430: joint limit violated by 0.65 rad
[anomaly] it 1430: contact penetration 7.2 cm
terrain it 1430 mean_level 6.0964
it 1431 steps 140673024 sps   37,874 | ep_ret   21.51 ep_len 1000.0 (n=101) | pg -0.007 vf 0.007 kl 0.0142 lr 5.1e-05
[anomaly] it 1431: explained variance -2.13 < 0 after warm-up: value function not predicting returns
[anomaly] it 1431: joint limit violated by 0.63 rad
[anomaly] it 1431: contact penetration 6.1 cm
terrain it 1431 mean_level 6.0991
it 1432 steps 140771328 sps   37,873 | ep_ret   21.88 ep_len  996.8 (n=103) | pg -0.008 vf 0.008 kl 0.0100 lr 7.6e-05
[anomaly] it 1432: explained variance -2.06 < 0 after warm-up: value function not predicting returns
[anomaly] it 1432: terminal-step reward dominates the episode: survival is being punished
[anomaly] it 1432: joint limit violated by 0.72 rad
[anomaly] it 1432: contact penetration 6.3 cm
terrain it 1432 mean_level 6.0979
it 1433 steps 140869632 sps   37,873 | ep_ret   21.48 ep_len  996.1 (n=102) | pg -0.004 vf 0.010 kl 0.0164 lr 5.1e-05
[anomaly] it 1433: explained variance -1.42 < 0 after warm-up: value function not predicting returns
[anomaly] it 1433: terminal-step reward dominates the episode: survival is being punished
[anomaly] it 1433: joint limit violated by 0.62 rad
[anomaly] it 1433: contact penetration 7.5 cm
terrain it 1433 mean_level 6.0994
it 1434 steps 140967936 sps   37,874 | ep_ret   21.07 ep_len  995.1 (n=104) | pg -0.007 vf 0.007 kl 0.0098 lr 7.6e-05
[anomaly] it 1434: explained variance -1.64 < 0 after warm-up: value function not predicting returns
[anomaly] it 1434: terminal-step reward dominates the episode: survival is being punished
[anomaly] it 1434: joint limit violated by 0.61 rad
[anomaly] it 1434: contact penetration 11.2 cm
terrain it 1434 mean_level 6.0986
it 1435 steps 141066240 sps   37,873 | ep_ret   22.37 ep_len 1000.0 (n=84) | pg -0.006 vf 0.007 kl 0.0138 lr 5.1e-05
[anomaly] it 1435: explained variance -1.75 < 0 after warm-up: value function not predicting returns
[anomaly] it 1435: joint limit violated by 0.61 rad
[anomaly] it 1435: contact penetration 5.9 cm
terrain it 1435 mean_level 6.1050
it 1436 steps 141164544 sps   37,874 | ep_ret   21.64 ep_len 1000.0 (n=105) | pg -0.006 vf 0.009 kl 0.0127 lr 5.1e-05
[anomaly] it 1436: explained variance -1.98 < 0 after warm-up: value function not predicting returns
[anomaly] it 1436: joint limit violated by 0.64 rad
[anomaly] it 1436: contact penetration 6.5 cm
terrain it 1436 mean_level 6.1042
it 1437 steps 141262848 sps   37,875 | ep_ret   21.34 ep_len  977.0 (n=100) | pg -0.005 vf 0.011 kl 0.0129 lr 7.6e-05
[anomaly] it 1437: explained variance -1.17 < 0 after warm-up: value function not predicting returns
[anomaly] it 1437: terminal-step reward dominates the episode: survival is being punished
[anomaly] it 1437: joint limit violated by 0.58 rad
[anomaly] it 1437: contact penetration 5.9 cm
terrain it 1437 mean_level 6.0925
it 1438 steps 141361152 sps   37,875 | ep_ret   21.30 ep_len  994.8 (n=68) | pg -0.006 vf 0.007 kl 0.0144 lr 1.1e-04
[anomaly] it 1438: explained variance -1.50 < 0 after warm-up: value function not predicting returns
[anomaly] it 1438: joint limit violated by 0.59 rad
[anomaly] it 1438: contact penetration 5.0 cm
terrain it 1438 mean_level 6.0898
it 1439 steps 141459456 sps   37,876 | ep_ret   21.96 ep_len 1000.0 (n=90) | pg -0.002 vf 0.008 kl 0.0144 lr 5.1e-05
[anomaly] it 1439: explained variance -1.96 < 0 after warm-up: value function not predicting returns
[anomaly] it 1439: joint limit violated by 0.60 rad
[anomaly] it 1439: contact penetration 5.6 cm
terrain it 1439 mean_level 6.0842
it 1440 steps 141557760 sps   37,876 | ep_ret   21.59 ep_len  998.1 (n=81) | pg -0.007 vf 0.008 kl 0.0144 lr 1.1e-04
[anomaly] it 1440: explained variance -2.03 < 0 after warm-up: value function not predicting returns
[anomaly] it 1440: terminal-step reward dominates the episode: survival is being punished
[anomaly] it 1440: joint limit violated by 0.66 rad
[anomaly] it 1440: contact penetration 5.1 cm
terrain it 1440 mean_level 6.0896
it 1441 steps 141656064 sps   37,877 | ep_ret   21.26 ep_len  995.3 (n=83) | pg -0.007 vf 0.008 kl 0.0149 lr 1.1e-04
[anomaly] it 1441: explained variance -1.97 < 0 after warm-up: value function not predicting returns
[anomaly] it 1441: terminal-step reward dominates the episode: survival is being punished
[anomaly] it 1441: joint limit violated by 0.75 rad
[anomaly] it 1441: contact penetration 4.7 cm
terrain it 1441 mean_level 6.0933
it 1442 steps 141754368 sps   37,877 | ep_ret   21.53 ep_len 1000.0 (n=91) | pg -0.006 vf 0.009 kl 0.0136 lr 7.6e-05
[anomaly] it 1442: explained variance -2.33 < 0 after warm-up: value function not predicting returns
[anomaly] it 1442: joint limit violated by 0.60 rad
[anomaly] it 1442: contact penetration 10.3 cm
terrain it 1442 mean_level 6.0969
it 1443 steps 141852672 sps   37,878 | ep_ret   20.97 ep_len  994.4 (n=91) | pg -0.008 vf 0.008 kl 0.0140 lr 1.1e-04
[anomaly] it 1443: explained variance -1.49 < 0 after warm-up: value function not predicting returns
[anomaly] it 1443: terminal-step reward dominates the episode: survival is being punished
[anomaly] it 1443: joint limit violated by 0.66 rad
[anomaly] it 1443: contact penetration 6.6 cm
terrain it 1443 mean_level 6.0942
it 1444 steps 141950976 sps   37,878 | ep_ret   21.22 ep_len  982.1 (n=76) | pg -0.006 vf 0.009 kl 0.0157 lr 3.4e-05
[anomaly] it 1444: explained variance -1.82 < 0 after warm-up: value function not predicting returns
[anomaly] it 1444: terminal-step reward dominates the episode: survival is being punished
[anomaly] it 1444: joint limit violated by 0.64 rad
[anomaly] it 1444: contact penetration 8.6 cm
terrain it 1444 mean_level 6.0989
it 1445 steps 142049280 sps   37,879 | ep_ret   21.36 ep_len  996.3 (n=77) | pg -0.008 vf 0.007 kl 0.0114 lr 7.6e-05
[anomaly] it 1445: explained variance -1.99 < 0 after warm-up: value function not predicting returns
[anomaly] it 1445: terminal-step reward dominates the episode: survival is being punished
[anomaly] it 1445: joint limit violated by 0.62 rad
[anomaly] it 1445: contact penetration 5.5 cm
terrain it 1445 mean_level 6.0964
it 1446 steps 142147584 sps   37,879 | ep_ret   21.83 ep_len  991.0 (n=83) | pg -0.006 vf 0.008 kl 0.0150 lr 1.1e-04
[anomaly] it 1446: explained variance -1.85 < 0 after warm-up: value function not predicting returns
[anomaly] it 1446: terminal-step reward dominates the episode: survival is being punished
[anomaly] it 1446: joint limit violated by 0.60 rad
[anomaly] it 1446: contact penetration 4.9 cm
terrain it 1446 mean_level 6.0989
it 1447 steps 142245888 sps   37,880 | ep_ret   21.40 ep_len  993.8 (n=76) | pg -0.006 vf 0.008 kl 0.0136 lr 7.6e-05
[anomaly] it 1447: explained variance -1.89 < 0 after warm-up: value function not predicting returns
[anomaly] it 1447: terminal-step reward dominates the episode: survival is being punished
[anomaly] it 1447: joint limit violated by 0.67 rad
[anomaly] it 1447: contact penetration 6.3 cm
terrain it 1447 mean_level 6.1028
it 1448 steps 142344192 sps   37,880 | ep_ret   20.85 ep_len  987.5 (n=92) | pg -0.004 vf 0.008 kl 0.0133 lr 5.1e-05
[anomaly] it 1448: explained variance -1.64 < 0 after warm-up: value function not predicting returns
[anomaly] it 1448: terminal-step reward dominates the episode: survival is being punished
[anomaly] it 1448: joint limit violated by 0.65 rad
[anomaly] it 1448: contact penetration 7.6 cm
terrain it 1448 mean_level 6.1052
it 1449 steps 142442496 sps   37,881 | ep_ret   22.00 ep_len  999.0 (n=83) | pg -0.008 vf 0.009 kl 0.0141 lr 1.1e-04
[anomaly] it 1449: explained variance -1.78 < 0 after warm-up: value function not predicting returns
[anomaly] it 1449: terminal-step reward dominates the episode: survival is being punished
[anomaly] it 1449: joint limit violated by 0.68 rad
[anomaly] it 1449: contact penetration 5.8 cm
terrain it 1449 mean_level 6.1094
it 1450 steps 142540800 sps   37,882 | ep_ret   20.83 ep_len  989.3 (n=78) | pg 0.000 vf 0.011 kl 0.0155 lr 2.3e-05
[anomaly] it 1450: explained variance -1.75 < 0 after warm-up: value function not predicting returns
[anomaly] it 1450: joint limit violated by 0.62 rad
[anomaly] it 1450: contact penetration 5.4 cm
terrain it 1450 mean_level 6.1069
it 1451 steps 142639104 sps   37,882 | ep_ret   21.54 ep_len  985.9 (n=77) | pg -0.008 vf 0.010 kl 0.0090 lr 5.1e-05
[anomaly] it 1451: explained variance -1.23 < 0 after warm-up: value function not predicting returns
[anomaly] it 1451: terminal-step reward dominates the episode: survival is being punished
[anomaly] it 1451: joint limit violated by 0.69 rad
[anomaly] it 1451: contact penetration 6.3 cm
terrain it 1451 mean_level 6.1072
it 1452 steps 142737408 sps   37,883 | ep_ret   21.68 ep_len  995.4 (n=102) | pg -0.006 vf 0.011 kl 0.0119 lr 7.6e-05
[anomaly] it 1452: explained variance -1.98 < 0 after warm-up: value function not predicting returns
[anomaly] it 1452: terminal-step reward dominates the episode: survival is being punished
[anomaly] it 1452: joint limit violated by 0.60 rad
[anomaly] it 1452: contact penetration 5.4 cm
terrain it 1452 mean_level 6.1101
it 1453 steps 142835712 sps   37,883 | ep_ret   21.67 ep_len  995.3 (n=82) | pg -0.006 vf 0.009 kl 0.0139 lr 7.6e-05
[anomaly] it 1453: explained variance -1.65 < 0 after warm-up: value function not predicting returns
[anomaly] it 1453: terminal-step reward dominates the episode: survival is being punished
[anomaly] it 1453: joint limit violated by 0.57 rad
[anomaly] it 1453: contact penetration 7.3 cm
terrain it 1453 mean_level 6.1050
it 1454 steps 142934016 sps   37,884 | ep_ret   21.92 ep_len 1000.0 (n=83) | pg -0.007 vf 0.010 kl 0.0134 lr 7.6e-05
[anomaly] it 1454: explained variance -2.50 < 0 after warm-up: value function not predicting returns
[anomaly] it 1454: joint limit violated by 0.66 rad
[anomaly] it 1454: contact penetration 7.3 cm
terrain it 1454 mean_level 6.1086
it 1455 steps 143032320 sps   37,884 | ep_ret   21.23 ep_len  986.8 (n=116) | pg -0.005 vf 0.009 kl 0.0139 lr 7.6e-05
[anomaly] it 1455: explained variance -1.14 < 0 after warm-up: value function not predicting returns
[anomaly] it 1455: terminal-step reward dominates the episode: survival is being punished
[anomaly] it 1455: joint limit violated by 0.96 rad
[anomaly] it 1455: contact penetration 9.5 cm
terrain it 1455 mean_level 6.1060
it 1456 steps 143130624 sps   37,884 | ep_ret   22.08 ep_len  998.0 (n=95) | pg -0.007 vf 0.010 kl 0.0135 lr 1.1e-04
[anomaly] it 1456: explained variance -1.74 < 0 after warm-up: value function not predicting returns
[anomaly] it 1456: terminal-step reward dominates the episode: survival is being punished
[anomaly] it 1456: joint limit violated by 0.65 rad
[anomaly] it 1456: contact penetration 7.3 cm
terrain it 1456 mean_level 6.1064
it 1457 steps 143228928 sps   37,884 | ep_ret   21.75 ep_len  990.0 (n=106) | pg -0.004 vf 0.009 kl 0.0132 lr 7.6e-05
[anomaly] it 1457: explained variance -1.73 < 0 after warm-up: value function not predicting returns
[anomaly] it 1457: terminal-step reward dominates the episode: survival is being punished
[anomaly] it 1457: joint limit violated by 0.69 rad
[anomaly] it 1457: contact penetration 7.9 cm
terrain it 1457 mean_level 6.1091
it 1458 steps 143327232 sps   37,884 | ep_ret   21.69 ep_len  993.9 (n=104) | pg -0.006 vf 0.008 kl 0.0156 lr 5.1e-05
[anomaly] it 1458: explained variance -1.93 < 0 after warm-up: value function not predicting returns
[anomaly] it 1458: terminal-step reward dominates the episode: survival is being punished
[anomaly] it 1458: joint limit violated by 0.71 rad
[anomaly] it 1458: contact penetration 5.6 cm
terrain it 1458 mean_level 6.1106
it 1459 steps 143425536 sps   37,880 | ep_ret   22.13 ep_len  994.0 (n=116) | pg -0.008 vf 0.011 kl 0.0105 lr 7.6e-05
[anomaly] it 1459: explained variance -1.73 < 0 after warm-up: value function not predicting returns
[anomaly] it 1459: terminal-step reward dominates the episode: survival is being punished
[anomaly] it 1459: joint limit violated by 0.59 rad
[anomaly] it 1459: contact penetration 6.8 cm
terrain it 1459 mean_level 6.0962
it 1460 steps 143523840 sps   37,880 | ep_ret   21.91 ep_len  990.4 (n=114) | pg -0.007 vf 0.012 kl 0.0152 lr 5.1e-05
[anomaly] it 1460: explained variance -1.44 < 0 after warm-up: value function not predicting returns
[anomaly] it 1460: terminal-step reward dominates the episode: survival is being punished
[anomaly] it 1460: joint limit violated by 0.81 rad
[anomaly] it 1460: contact penetration 8.6 cm
terrain it 1460 mean_level 6.0957
it 1461 steps 143622144 sps   37,880 | ep_ret   22.26 ep_len  994.5 (n=108) | pg -0.005 vf 0.008 kl 0.0135 lr 3.4e-05
[anomaly] it 1461: explained variance -2.22 < 0 after warm-up: value function not predicting returns
[anomaly] it 1461: terminal-step reward dominates the episode: survival is being punished
[anomaly] it 1461: joint limit violated by 0.65 rad
[anomaly] it 1461: contact penetration 4.9 cm
terrain it 1461 mean_level 6.0889
it 1462 steps 143720448 sps   37,881 | ep_ret   22.10 ep_len  996.2 (n=119) | pg -0.009 vf 0.008 kl 0.0103 lr 7.6e-05
[anomaly] it 1462: explained variance -1.72 < 0 after warm-up: value function not predicting returns
[anomaly] it 1462: terminal-step reward dominates the episode: survival is being punished
[anomaly] it 1462: joint limit violated by 0.64 rad
[anomaly] it 1462: contact penetration 5.4 cm
terrain it 1462 mean_level 6.0918
it 1463 steps 143818752 sps   37,881 | ep_ret   22.13 ep_len 1000.0 (n=132) | pg -0.005 vf 0.009 kl 0.0121 lr 5.1e-05
[anomaly] it 1463: explained variance -2.11 < 0 after warm-up: value function not predicting returns
[anomaly] it 1463: joint limit violated by 0.70 rad
[anomaly] it 1463: contact penetration 5.5 cm
terrain it 1463 mean_level 6.0994
it 1464 steps 143917056 sps   37,880 | ep_ret   22.20 ep_len 1000.0 (n=122) | pg -0.009 vf 0.008 kl 0.0130 lr 7.6e-05
[anomaly] it 1464: explained variance -2.37 < 0 after warm-up: value function not predicting returns
[anomaly] it 1464: joint limit violated by 0.79 rad
[anomaly] it 1464: contact penetration 7.9 cm
terrain it 1464 mean_level 6.1042
it 1465 steps 144015360 sps   37,877 | ep_ret   22.27 ep_len  997.4 (n=122) | pg -0.006 vf 0.009 kl 0.0140 lr 7.6e-05
[anomaly] it 1465: explained variance -1.54 < 0 after warm-up: value function not predicting returns
[anomaly] it 1465: terminal-step reward dominates the episode: survival is being punished
[anomaly] it 1465: joint limit violated by 0.65 rad
[anomaly] it 1465: contact penetration 5.6 cm
terrain it 1465 mean_level 6.1018
it 1466 steps 144113664 sps   37,874 | ep_ret   22.34 ep_len  992.5 (n=111) | pg -0.005 vf 0.009 kl 0.0156 lr 2.3e-05
[anomaly] it 1466: explained variance -1.49 < 0 after warm-up: value function not predicting returns
[anomaly] it 1466: terminal-step reward dominates the episode: survival is being punished
[anomaly] it 1466: joint limit violated by 0.63 rad
[anomaly] it 1466: contact penetration 6.6 cm
terrain it 1466 mean_level 6.0918
it 1467 steps 144211968 sps   37,874 | ep_ret   22.73 ep_len 1000.0 (n=116) | pg -0.004 vf 0.009 kl 0.0084 lr 2.3e-05
[anomaly] it 1467: explained variance -1.98 < 0 after warm-up: value function not predicting returns
[anomaly] it 1467: joint limit violated by 0.73 rad
[anomaly] it 1467: contact penetration 7.2 cm
terrain it 1467 mean_level 6.0908
it 1468 steps 144310272 sps   37,875 | ep_ret   22.19 ep_len  997.5 (n=113) | pg -0.005 vf 0.009 kl 0.0102 lr 5.1e-05
[anomaly] it 1468: explained variance -1.68 < 0 after warm-up: value function not predicting returns
[anomaly] it 1468: terminal-step reward dominates the episode: survival is being punished
[anomaly] it 1468: joint limit violated by 0.61 rad
[anomaly] it 1468: contact penetration 6.9 cm
terrain it 1468 mean_level 6.0894
it 1469 steps 144408576 sps   37,875 | ep_ret   22.32 ep_len  990.7 (n=112) | pg -0.009 vf 0.009 kl 0.0133 lr 1.1e-04
[anomaly] it 1469: explained variance -1.52 < 0 after warm-up: value function not predicting returns
[anomaly] it 1469: terminal-step reward dominates the episode: survival is being punished
[anomaly] it 1469: joint limit violated by 0.68 rad
[anomaly] it 1469: contact penetration 4.8 cm
terrain it 1469 mean_level 6.0901
it 1470 steps 144506880 sps   37,876 | ep_ret   22.20 ep_len  987.6 (n=128) | pg -0.004 vf 0.009 kl 0.0133 lr 7.6e-05
[anomaly] it 1470: explained variance -1.48 < 0 after warm-up: value function not predicting returns
[anomaly] it 1470: terminal-step reward dominates the episode: survival is being punished
[anomaly] it 1470: joint limit violated by 0.61 rad
[anomaly] it 1470: contact penetration 7.4 cm
terrain it 1470 mean_level 6.0908
it 1471 steps 144605184 sps   37,876 | ep_ret   21.74 ep_len  994.5 (n=101) | pg -0.005 vf 0.007 kl 0.0157 lr 1.1e-04
[anomaly] it 1471: explained variance -1.64 < 0 after warm-up: value function not predicting returns
[anomaly] it 1471: terminal-step reward dominates the episode: survival is being punished
[anomaly] it 1471: joint limit violated by 0.59 rad
[anomaly] it 1471: contact penetration 8.4 cm
terrain it 1471 mean_level 6.0894
it 1472 steps 144703488 sps   37,877 | ep_ret   22.32 ep_len  998.8 (n=111) | pg -0.005 vf 0.009 kl 0.0138 lr 7.6e-05
[anomaly] it 1472: explained variance -1.46 < 0 after warm-up: value function not predicting returns
[anomaly] it 1472: terminal-step reward dominates the episode: survival is being punished
[anomaly] it 1472: joint limit violated by 0.84 rad
[anomaly] it 1472: contact penetration 5.4 cm
terrain it 1472 mean_level 6.0969
it 1473 steps 144801792 sps   37,877 | ep_ret   21.82 ep_len  998.6 (n=95) | pg -0.004 vf 0.008 kl 0.0161 lr 1.1e-04
[anomaly] it 1473: explained variance -1.51 < 0 after warm-up: value function not predicting returns
[anomaly] it 1473: terminal-step reward dominates the episode: survival is being punished
[anomaly] it 1473: joint limit violated by 0.68 rad
[anomaly] it 1473: contact penetration 5.9 cm
terrain it 1473 mean_level 6.0930
it 1474 steps 144900096 sps   37,877 | ep_ret   22.27 ep_len  992.4 (n=102) | pg -0.004 vf 0.009 kl 0.0144 lr 7.6e-05
[anomaly] it 1474: explained variance -1.47 < 0 after warm-up: value function not predicting returns
[anomaly] it 1474: terminal-step reward dominates the episode: survival is being punished
[anomaly] it 1474: joint limit violated by 0.68 rad
[anomaly] it 1474: contact penetration 4.8 cm
terrain it 1474 mean_level 6.1003
it 1475 steps 144998400 sps   37,878 | ep_ret   21.89 ep_len  997.8 (n=110) | pg -0.007 vf 0.008 kl 0.0134 lr 1.1e-04
[anomaly] it 1475: explained variance -1.67 < 0 after warm-up: value function not predicting returns
[anomaly] it 1475: terminal-step reward dominates the episode: survival is being punished
[anomaly] it 1475: joint limit violated by 0.76 rad
[anomaly] it 1475: contact penetration 5.8 cm
terrain it 1475 mean_level 6.0977
it 1476 steps 145096704 sps   37,878 | ep_ret   22.05 ep_len  995.1 (n=98) | pg -0.000 vf 0.008 kl 0.0149 lr 2.3e-05
[anomaly] it 1476: explained variance -1.77 < 0 after warm-up: value function not predicting returns
[anomaly] it 1476: terminal-step reward dominates the episode: survival is being punished
[anomaly] it 1476: joint limit violated by 0.70 rad
[anomaly] it 1476: contact penetration 4.5 cm
terrain it 1476 mean_level 6.1001
it 1477 steps 145195008 sps   37,879 | ep_ret   21.85 ep_len  981.1 (n=87) | pg -0.006 vf 0.012 kl 0.0091 lr 5.1e-05
[anomaly] it 1477: explained variance -1.28 < 0 after warm-up: value function not predicting returns
[anomaly] it 1477: terminal-step reward dominates the episode: survival is being punished
[anomaly] it 1477: joint limit violated by 0.81 rad
[anomaly] it 1477: contact penetration 8.1 cm
terrain it 1477 mean_level 6.1008
it 1478 steps 145293312 sps   37,879 | ep_ret   22.08 ep_len  993.8 (n=104) | pg -0.007 vf 0.008 kl 0.0111 lr 7.6e-05
[anomaly] it 1478: explained variance -1.57 < 0 after warm-up: value function not predicting returns
[anomaly] it 1478: terminal-step reward dominates the episode: survival is being punished
[anomaly] it 1478: joint limit violated by 0.64 rad
[anomaly] it 1478: contact penetration 5.7 cm
terrain it 1478 mean_level 6.0957
it 1479 steps 145391616 sps   37,880 | ep_ret   22.43 ep_len  996.8 (n=91) | pg -0.005 vf 0.008 kl 0.0119 lr 5.1e-05
[anomaly] it 1479: explained variance -1.88 < 0 after warm-up: value function not predicting returns
[anomaly] it 1479: terminal-step reward dominates the episode: survival is being punished
[anomaly] it 1479: joint limit violated by 0.61 rad
[anomaly] it 1479: contact penetration 5.7 cm
terrain it 1479 mean_level 6.0989
it 1480 steps 145489920 sps   37,880 | ep_ret   22.08 ep_len  994.4 (n=74) | pg -0.006 vf 0.011 kl 0.0147 lr 1.1e-04
[anomaly] it 1480: explained variance -1.60 < 0 after warm-up: value function not predicting returns
[anomaly] it 1480: terminal-step reward dominates the episode: survival is being punished
[anomaly] it 1480: joint limit violated by 0.65 rad
[anomaly] it 1480: contact penetration 4.8 cm
terrain it 1480 mean_level 6.1016
it 1481 steps 145588224 sps   37,880 | ep_ret   21.93 ep_len  984.7 (n=94) | pg -0.004 vf 0.011 kl 0.0162 lr 7.6e-05
[anomaly] it 1481: explained variance -1.55 < 0 after warm-up: value function not predicting returns
[anomaly] it 1481: terminal-step reward dominates the episode: survival is being punished
[anomaly] it 1481: joint limit violated by 0.70 rad
[anomaly] it 1481: contact penetration 6.0 cm
terrain it 1481 mean_level 6.0972
it 1482 steps 145686528 sps   37,881 | ep_ret   22.07 ep_len 1000.0 (n=74) | pg -0.009 vf 0.009 kl 0.0132 lr 1.1e-04
[anomaly] it 1482: explained variance -2.10 < 0 after warm-up: value function not predicting returns
[anomaly] it 1482: joint limit violated by 0.71 rad
[anomaly] it 1482: contact penetration 6.3 cm
terrain it 1482 mean_level 6.0979
it 1483 steps 145784832 sps   37,881 | ep_ret   21.86 ep_len  998.5 (n=78) | pg -0.006 vf 0.009 kl 0.0164 lr 7.6e-05
[anomaly] it 1483: explained variance -1.74 < 0 after warm-up: value function not predicting returns
[anomaly] it 1483: terminal-step reward dominates the episode: survival is being punished
[anomaly] it 1483: joint limit violated by 0.61 rad
[anomaly] it 1483: contact penetration 6.3 cm
terrain it 1483 mean_level 6.1001
it 1484 steps 145883136 sps   37,882 | ep_ret   22.07 ep_len  993.6 (n=99) | pg -0.004 vf 0.008 kl 0.0116 lr 5.1e-05
[anomaly] it 1484: explained variance -1.11 < 0 after warm-up: value function not predicting returns
[anomaly] it 1484: terminal-step reward dominates the episode: survival is being punished
[anomaly] it 1484: joint limit violated by 0.68 rad
[anomaly] it 1484: contact penetration 4.5 cm
terrain it 1484 mean_level 6.0957
it 1485 steps 145981440 sps   37,882 | ep_ret   21.98 ep_len  990.5 (n=81) | pg -0.006 vf 0.008 kl 0.0163 lr 3.4e-05
[anomaly] it 1485: explained variance -1.49 < 0 after warm-up: value function not predicting returns
[anomaly] it 1485: terminal-step reward dominates the episode: survival is being punished
[anomaly] it 1485: joint limit violated by 0.67 rad
[anomaly] it 1485: contact penetration 6.2 cm
terrain it 1485 mean_level 6.0894
it 1486 steps 146079744 sps   37,882 | ep_ret   21.85 ep_len  991.5 (n=72) | pg -0.008 vf 0.011 kl 0.0122 lr 7.6e-05
[anomaly] it 1486: explained variance -1.58 < 0 after warm-up: value function not predicting returns
[anomaly] it 1486: joint limit violated by 0.62 rad
[anomaly] it 1486: contact penetration 5.4 cm
terrain it 1486 mean_level 6.0876
it 1487 steps 146178048 sps   37,883 | ep_ret   22.11 ep_len  983.2 (n=87) | pg -0.007 vf 0.009 kl 0.0121 lr 1.1e-04
[anomaly] it 1487: explained variance -1.63 < 0 after warm-up: value function not predicting returns
[anomaly] it 1487: terminal-step reward dominates the episode: survival is being punished
[anomaly] it 1487: joint limit violated by 0.63 rad
[anomaly] it 1487: contact penetration 5.6 cm
terrain it 1487 mean_level 6.0818
it 1488 steps 146276352 sps   37,883 | ep_ret   22.06 ep_len  994.8 (n=72) | pg -0.006 vf 0.007 kl 0.0134 lr 7.6e-05
[anomaly] it 1488: explained variance -1.96 < 0 after warm-up: value function not predicting returns
[anomaly] it 1488: terminal-step reward dominates the episode: survival is being punished
[anomaly] it 1488: joint limit violated by 0.59 rad
[anomaly] it 1488: contact penetration 5.4 cm
terrain it 1488 mean_level 6.0818
it 1489 steps 146374656 sps   37,884 | ep_ret   22.14 ep_len  998.0 (n=91) | pg -0.008 vf 0.007 kl 0.0133 lr 5.1e-05
[anomaly] it 1489: explained variance -1.97 < 0 after warm-up: value function not predicting returns
[anomaly] it 1489: terminal-step reward dominates the episode: survival is being punished
[anomaly] it 1489: joint limit violated by 0.70 rad
[anomaly] it 1489: contact penetration 5.4 cm
terrain it 1489 mean_level 6.0847
it 1490 steps 146472960 sps   37,884 | ep_ret   21.88 ep_len  996.1 (n=81) | pg -0.004 vf 0.008 kl 0.0126 lr 7.6e-05
[anomaly] it 1490: explained variance -1.59 < 0 after warm-up: value function not predicting returns
[anomaly] it 1490: terminal-step reward dominates the episode: survival is being punished
[anomaly] it 1490: joint limit violated by 0.66 rad
[anomaly] it 1490: contact penetration 7.5 cm
terrain it 1490 mean_level 6.0867
it 1491 steps 146571264 sps   37,885 | ep_ret   22.53 ep_len 1000.0 (n=89) | pg -0.000 vf 0.008 kl 0.0128 lr 2.3e-05
[anomaly] it 1491: explained variance -1.97 < 0 after warm-up: value function not predicting returns
[anomaly] it 1491: joint limit violated by 0.66 rad
[anomaly] it 1491: contact penetration 6.9 cm
terrain it 1491 mean_level 6.0859
it 1492 steps 146669568 sps   37,885 | ep_ret   22.68 ep_len 1000.0 (n=67) | pg -0.007 vf 0.010 kl 0.0135 lr 7.6e-05
[anomaly] it 1492: explained variance -2.12 < 0 after warm-up: value function not predicting returns
[anomaly] it 1492: joint limit violated by 0.67 rad
[anomaly] it 1492: contact penetration 6.8 cm
terrain it 1492 mean_level 6.0818
it 1493 steps 146767872 sps   37,886 | ep_ret   22.19 ep_len  991.1 (n=92) | pg -0.007 vf 0.007 kl 0.0129 lr 1.1e-04
[anomaly] it 1493: explained variance -2.07 < 0 after warm-up: value function not predicting returns
[anomaly] it 1493: terminal-step reward dominates the episode: survival is being punished
[anomaly] it 1493: joint limit violated by 0.62 rad
[anomaly] it 1493: contact penetration 5.3 cm
terrain it 1493 mean_level 6.0854
it 1494 steps 146866176 sps   37,886 | ep_ret   21.92 ep_len  993.9 (n=100) | pg -0.008 vf 0.007 kl 0.0141 lr 1.1e-04
[anomaly] it 1494: explained variance -1.63 < 0 after warm-up: value function not predicting returns
[anomaly] it 1494: terminal-step reward dominates the episode: survival is being punished
[anomaly] it 1494: joint limit violated by 0.67 rad
[anomaly] it 1494: contact penetration 5.4 cm
terrain it 1494 mean_level 6.0840
it 1495 steps 146964480 sps   37,886 | ep_ret   22.21 ep_len  992.1 (n=76) | pg -0.005 vf 0.007 kl 0.0136 lr 7.6e-05
[anomaly] it 1495: explained variance -1.15 < 0 after warm-up: value function not predicting returns
[anomaly] it 1495: terminal-step reward dominates the episode: survival is being punished
[anomaly] it 1495: joint limit violated by 0.67 rad
[anomaly] it 1495: contact penetration 11.4 cm
terrain it 1495 mean_level 6.0874
it 1496 steps 147062784 sps   37,887 | ep_ret   22.64 ep_len 1000.0 (n=94) | pg -0.006 vf 0.008 kl 0.0149 lr 1.1e-04
[anomaly] it 1496: explained variance -1.92 < 0 after warm-up: value function not predicting returns
[anomaly] it 1496: joint limit violated by 0.67 rad
[anomaly] it 1496: contact penetration 5.0 cm
terrain it 1496 mean_level 6.0850
it 1497 steps 147161088 sps   37,887 | ep_ret   22.15 ep_len  990.2 (n=122) | pg -0.007 vf 0.009 kl 0.0154 lr 1.1e-04
[anomaly] it 1497: explained variance -1.43 < 0 after warm-up: value function not predicting returns
[anomaly] it 1497: terminal-step reward dominates the episode: survival is being punished
[anomaly] it 1497: joint limit violated by 0.82 rad
[anomaly] it 1497: contact penetration 7.1 cm
terrain it 1497 mean_level 6.0745
it 1498 steps 147259392 sps   37,888 | ep_ret   22.93 ep_len 1000.0 (n=82) | pg -0.007 vf 0.007 kl 0.0166 lr 7.6e-05
[anomaly] it 1498: explained variance -1.99 < 0 after warm-up: value function not predicting returns
[anomaly] it 1498: joint limit violated by 0.73 rad
[anomaly] it 1498: contact penetration 5.0 cm
terrain it 1498 mean_level 6.0718
it 1499 steps 147357696 sps   37,888 | ep_ret   22.17 ep_len  997.5 (n=115) | pg -0.003 vf 0.006 kl 0.0130 lr 7.6e-05
[anomaly] it 1499: explained variance -1.78 < 0 after warm-up: value function not predicting returns
[anomaly] it 1499: terminal-step reward dominates the episode: survival is being punished
[anomaly] it 1499: joint limit violated by 0.74 rad
[anomaly] it 1499: contact penetration 6.4 cm
terrain it 1499 mean_level 6.0764
it 1500 steps 147456000 sps   37,889 | ep_ret   22.62 ep_len  997.8 (n=106) | pg -0.008 vf 0.007 kl 0.0122 lr 1.1e-04
[anomaly] it 1500: explained variance -1.57 < 0 after warm-up: value function not predicting returns
[anomaly] it 1500: terminal-step reward dominates the episode: survival is being punished
[anomaly] it 1500: joint limit violated by 0.68 rad
[anomaly] it 1500: contact penetration 5.8 cm
terrain it 1500 mean_level 6.0789
saved policy to runs/policies/g1_rough_ppowarp_fixed_seed2.pt
