== Fri Sep 25 14:48:31 PDT 2026
holder: {"name": "il3_fidelity", "kind": "timing", "minutes": 20.0, "pid": 13396, "start": 1790372911.402688}
  waiting [timing] il3_bench est 10.0 min, queued 1611 s ago
  waiting [train] camera_cartpole_physical_full2 est 25.0 min, queued 3981 s ago
  waiting [low] newton_vbd_replay est 40.0 min, queued 2003 s ago
  waiting [low] il3_physx_ours est 40.0 min, queued 574 s ago
-- record default (--contact_tuning default) 14:48:31
Warning: in BindingsAtPrim at line 671 of /Users/runner/work/OpenUSD/OpenUSD/pxr/usd/usdShade/materialBindingAPI.cpp -- Found material bindings on prim at path (/g1/pelvis/visuals/mesh_0) but MaterialBindingAPI is not applied on the prim
Warning: in BindingsAtPrim at line 671 of /Users/runner/work/OpenUSD/OpenUSD/pxr/usd/usdShade/materialBindingAPI.cpp -- Found material bindings on prim at path (/g1/left_hip_pitch_link/visuals/mesh_0) but MaterialBindingAPI is not applied on the prim
Warning: in BindingsAtPrim at line 671 of /Users/runner/work/OpenUSD/OpenUSD/pxr/usd/usdShade/materialBindingAPI.cpp -- Found material bindings on prim at path (/g1/left_hip_roll_link/visuals/mesh_0) but MaterialBindingAPI is not applied on the prim
Warning: in BindingsAtPrim at line 671 of /Users/runner/work/OpenUSD/OpenUSD/pxr/usd/usdShade/materialBindingAPI.cpp -- Found material bindings on prim at path (/g1/left_hip_yaw_link/visuals/mesh_0) but MaterialBindingAPI is not applied on the prim
Warning: in BindingsAtPrim at line 671 of /Users/runner/work/OpenUSD/OpenUSD/pxr/usd/usdShade/materialBindingAPI.cpp -- Found material bindings on prim at path (/g1/left_knee_link/visuals/mesh_0) but MaterialBindingAPI is not applied on the prim
Warning: in BindingsAtPrim at line 671 of /Users/runner/work/OpenUSD/OpenUSD/pxr/usd/usdShade/materialBindingAPI.cpp -- Found material bindings on prim at path (/g1/left_ankle_pitch_link/visuals/mesh_0) but MaterialBindingAPI is not applied on the prim
Warning: in BindingsAtPrim at line 671 of /Users/runner/work/OpenUSD/OpenUSD/pxr/usd/usdShade/materialBindingAPI.cpp -- Found material bindings on prim at path (/g1/left_ankle_roll_link/visuals/mesh_0) but MaterialBindingAPI is not applied on the prim
Warning: in BindingsAtPrim at line 671 of /Users/runner/work/OpenUSD/OpenUSD/pxr/usd/usdShade/materialBindingAPI.cpp -- Found material bindings on prim at path (/g1/pelvis_contour_link/visuals/mesh_0) but MaterialBindingAPI is not applied on the prim
Warning: in BindingsAtPrim at line 671 of /Users/runner/work/OpenUSD/OpenUSD/pxr/usd/usdShade/materialBindingAPI.cpp -- Found material bindings on prim at path (/g1/right_hip_pitch_link/visuals/mesh_0) but MaterialBindingAPI is not applied on the prim
Warning: in BindingsAtPrim at line 671 of /Users/runner/work/OpenUSD/OpenUSD/pxr/usd/usdShade/materialBindingAPI.cpp -- Found material bindings on prim at path (/g1/right_hip_roll_link/visuals/mesh_0) but MaterialBindingAPI is not applied on the prim
Warning: in BindingsAtPrim at line 671 of /Users/runner/work/OpenUSD/OpenUSD/pxr/usd/usdShade/materialBindingAPI.cpp -- Found material bindings on prim at path (/g1/right_hip_yaw_link/visuals/mesh_0) but MaterialBindingAPI is not applied on the prim
Warning: in BindingsAtPrim at line 671 of /Users/runner/work/OpenUSD/OpenUSD/pxr/usd/usdShade/materialBindingAPI.cpp -- Found material bindings on prim at path (/g1/right_knee_link/visuals/mesh_0) but MaterialBindingAPI is not applied on the prim
Warning: in BindingsAtPrim at line 671 of /Users/runner/work/OpenUSD/OpenUSD/pxr/usd/usdShade/materialBindingAPI.cpp -- Found material bindings on prim at path (/g1/right_ankle_pitch_link/visuals/mesh_0) but MaterialBindingAPI is not applied on the prim
Warning: in BindingsAtPrim at line 671 of /Users/runner/work/OpenUSD/OpenUSD/pxr/usd/usdShade/materialBindingAPI.cpp -- Found material bindings on prim at path (/g1/right_ankle_roll_link/visuals/mesh_0) but MaterialBindingAPI is not applied on the prim
Warning: in BindingsAtPrim at line 671 of /Users/runner/work/OpenUSD/OpenUSD/pxr/usd/usdShade/materialBindingAPI.cpp -- Found material bindings on prim at path (/g1/torso_link/visuals/mesh_0) but MaterialBindingAPI is not applied on the prim
Warning: in BindingsAtPrim at line 671 of /Users/runner/work/OpenUSD/OpenUSD/pxr/usd/usdShade/materialBindingAPI.cpp -- Found material bindings on prim at path (/g1/head_link/visuals/mesh_0) but MaterialBindingAPI is not applied on the prim
Warning: in BindingsAtPrim at line 671 of /Users/runner/work/OpenUSD/OpenUSD/pxr/usd/usdShade/materialBindingAPI.cpp -- Found material bindings on prim at path (/g1/left_shoulder_pitch_link/visuals/mesh_0) but MaterialBindingAPI is not applied on the prim
Warning: in BindingsAtPrim at line 671 of /Users/runner/work/OpenUSD/OpenUSD/pxr/usd/usdShade/materialBindingAPI.cpp -- Found material bindings on prim at path (/g1/left_shoulder_roll_link/visuals/mesh_0) but MaterialBindingAPI is not applied on the prim
Warning: in BindingsAtPrim at line 671 of /Users/runner/work/OpenUSD/OpenUSD/pxr/usd/usdShade/materialBindingAPI.cpp -- Found material bindings on prim at path (/g1/left_shoulder_yaw_link/visuals/mesh_0) but MaterialBindingAPI is not applied on the prim
Warning: in BindingsAtPrim at line 671 of /Users/runner/work/OpenUSD/OpenUSD/pxr/usd/usdShade/materialBindingAPI.cpp -- Found material bindings on prim at path (/g1/left_elbow_pitch_link/visuals/mesh_0) but MaterialBindingAPI is not applied on the prim
Warning: in BindingsAtPrim at line 671 of /Users/runner/work/OpenUSD/OpenUSD/pxr/usd/usdShade/materialBindingAPI.cpp -- Found material bindings on prim at path (/g1/left_elbow_roll_link/visuals/mesh_0) but MaterialBindingAPI is not applied on the prim
Warning: in BindingsAtPrim at line 671 of /Users/runner/work/OpenUSD/OpenUSD/pxr/usd/usdShade/materialBindingAPI.cpp -- Found material bindings on prim at path (/g1/left_palm_link/visuals/mesh_0) but MaterialBindingAPI is not applied on the prim
Warning: in BindingsAtPrim at line 671 of /Users/runner/work/OpenUSD/OpenUSD/pxr/usd/usdShade/materialBindingAPI.cpp -- Found material bindings on prim at path (/g1/left_five_link/visuals/mesh_0) but MaterialBindingAPI is not applied on the prim
Warning: in BindingsAtPrim at line 671 of /Users/runner/work/OpenUSD/OpenUSD/pxr/usd/usdShade/materialBindingAPI.cpp -- Found material bindings on prim at path (/g1/left_six_link/visuals/mesh_0) but MaterialBindingAPI is not applied on the prim
Warning: in BindingsAtPrim at line 671 of /Users/runner/work/OpenUSD/OpenUSD/pxr/usd/usdShade/materialBindingAPI.cpp -- Found material bindings on prim at path (/g1/left_three_link/visuals/mesh_0) but MaterialBindingAPI is not applied on the prim
Warning: in BindingsAtPrim at line 671 of /Users/runner/work/OpenUSD/OpenUSD/pxr/usd/usdShade/materialBindingAPI.cpp -- Found material bindings on prim at path (/g1/left_four_link/visuals/mesh_0) but MaterialBindingAPI is not applied on the prim
Warning: in BindingsAtPrim at line 671 of /Users/runner/work/OpenUSD/OpenUSD/pxr/usd/usdShade/materialBindingAPI.cpp -- Found material bindings on prim at path (/g1/left_zero_link/visuals/mesh_0) but MaterialBindingAPI is not applied on the prim
Warning: in BindingsAtPrim at line 671 of /Users/runner/work/OpenUSD/OpenUSD/pxr/usd/usdShade/materialBindingAPI.cpp -- Found material bindings on prim at path (/g1/left_one_link/visuals/mesh_0) but MaterialBindingAPI is not applied on the prim
Warning: in BindingsAtPrim at line 671 of /Users/runner/work/OpenUSD/OpenUSD/pxr/usd/usdShade/materialBindingAPI.cpp -- Found material bindings on prim at path (/g1/left_two_link/visuals/mesh_0) but MaterialBindingAPI is not applied on the prim
Warning: in BindingsAtPrim at line 671 of /Users/runner/work/OpenUSD/OpenUSD/pxr/usd/usdShade/materialBindingAPI.cpp -- Found material bindings on prim at path (/g1/logo_link/visuals/mesh_0) but MaterialBindingAPI is not applied on the prim
Warning: in BindingsAtPrim at line 671 of /Users/runner/work/OpenUSD/OpenUSD/pxr/usd/usdShade/materialBindingAPI.cpp -- Found material bindings on prim at path (/g1/right_shoulder_pitch_link/visuals/mesh_0) but MaterialBindingAPI is not applied on the prim
Warning: in BindingsAtPrim at line 671 of /Users/runner/work/OpenUSD/OpenUSD/pxr/usd/usdShade/materialBindingAPI.cpp -- Found material bindings on prim at path (/g1/right_shoulder_roll_link/visuals/mesh_0) but MaterialBindingAPI is not applied on the prim
Warning: in BindingsAtPrim at line 671 of /Users/runner/work/OpenUSD/OpenUSD/pxr/usd/usdShade/materialBindingAPI.cpp -- Found material bindings on prim at path (/g1/right_shoulder_yaw_link/visuals/mesh_0) but MaterialBindingAPI is not applied on the prim
Warning: in BindingsAtPrim at line 671 of /Users/runner/work/OpenUSD/OpenUSD/pxr/usd/usdShade/materialBindingAPI.cpp -- Found material bindings on prim at path (/g1/right_elbow_pitch_link/visuals/mesh_0) but MaterialBindingAPI is not applied on the prim
Warning: in BindingsAtPrim at line 671 of /Users/runner/work/OpenUSD/OpenUSD/pxr/usd/usdShade/materialBindingAPI.cpp -- Found material bindings on prim at path (/g1/right_elbow_roll_link/visuals/mesh_0) but MaterialBindingAPI is not applied on the prim
Warning: in BindingsAtPrim at line 671 of /Users/runner/work/OpenUSD/OpenUSD/pxr/usd/usdShade/materialBindingAPI.cpp -- Found material bindings on prim at path (/g1/right_palm_link/visuals/mesh_0) but MaterialBindingAPI is not applied on the prim
Warning: in BindingsAtPrim at line 671 of /Users/runner/work/OpenUSD/OpenUSD/pxr/usd/usdShade/materialBindingAPI.cpp -- Found material bindings on prim at path (/g1/right_five_link/visuals/mesh_0) but MaterialBindingAPI is not applied on the prim
Warning: in BindingsAtPrim at line 671 of /Users/runner/work/OpenUSD/OpenUSD/pxr/usd/usdShade/materialBindingAPI.cpp -- Found material bindings on prim at path (/g1/right_six_link/visuals/mesh_0) but MaterialBindingAPI is not applied on the prim
Warning: in BindingsAtPrim at line 671 of /Users/runner/work/OpenUSD/OpenUSD/pxr/usd/usdShade/materialBindingAPI.cpp -- Found material bindings on prim at path (/g1/right_three_link/visuals/mesh_0) but MaterialBindingAPI is not applied on the prim
Warning: in BindingsAtPrim at line 671 of /Users/runner/work/OpenUSD/OpenUSD/pxr/usd/usdShade/materialBindingAPI.cpp -- Found material bindings on prim at path (/g1/right_four_link/visuals/mesh_0) but MaterialBindingAPI is not applied on the prim
Warning: in BindingsAtPrim at line 671 of /Users/runner/work/OpenUSD/OpenUSD/pxr/usd/usdShade/materialBindingAPI.cpp -- Found material bindings on prim at path (/g1/right_zero_link/visuals/mesh_0) but MaterialBindingAPI is not applied on the prim
Warning: in BindingsAtPrim at line 671 of /Users/runner/work/OpenUSD/OpenUSD/pxr/usd/usdShade/materialBindingAPI.cpp -- Found material bindings on prim at path (/g1/right_one_link/visuals/mesh_0) but MaterialBindingAPI is not applied on the prim
Warning: in BindingsAtPrim at line 671 of /Users/runner/work/OpenUSD/OpenUSD/pxr/usd/usdShade/materialBindingAPI.cpp -- Found material bindings on prim at path (/g1/right_two_link/visuals/mesh_0) but MaterialBindingAPI is not applied on the prim
Warp 1.18.0.dev20260917 initialized:
   CUDA not enabled in this build
   Devices:
     "cpu"      : "arm"
     "metal:0"  : "Apple M4 Max" (Metal)
   Kernel cache:
     /Users/aditya/Library/Caches/warp/1.18.0.dev20260917
Module mujoco_warp._src.smooth ea5c7c8 load on device 'metal:0' took 27.77 ms  (cached)
Module _nxn_broadphase__locals__kernel_13ac863e 13ac863 load on device 'metal:0' took 17.81 ms  (cached)
Module ccd_kernel_builder__locals__ccd_kernel_8a5df304 8a5df30 load on device 'metal:0' took 26.29 ms  (cached)
Module _primitive_narrowphase__locals__primitive_narrowphase_78fb2dbf 78fb2db load on device 'metal:0' took 19.90 ms  (cached)
Module mujoco_warp._src.constraint 2c64b8d load on device 'metal:0' took 16.96 ms  (cached)
Module _friction_dof__locals__kernel_71517a5a 71517a5 load on device 'metal:0' took 17.78 ms  (cached)
Module _limit_slide_hinge__locals__kernel_77544377 7754437 load on device 'metal:0' took 17.36 ms  (cached)
Module _efc_contact_init__locals__kernel_61c7a354 61c7a35 load on device 'metal:0' took 16.52 ms  (cached)
Module _efc_contact_jac_dense__locals__kernel_d7afd5bd e96e9eb load on device 'metal:0' took 16.79 ms  (cached)
Module _efc_contact_update__locals__kernel_a78f94fc a78f94f load on device 'metal:0' took 16.92 ms  (cached)
Module mujoco_warp._src.forward 64fd1ac load on device 'metal:0' took 22.76 ms  (cached)
Module mujoco_warp._src.passive 9eecbc5 load on device 'metal:0' took 21.74 ms  (cached)
Module _qfrc_passive_kernel__locals__kernel_41a4523d 41a4523 load on device 'metal:0' took 16.32 ms  (cached)
Module mujoco_warp._src.forward 8644a19 load on device 'metal:0' took 22.60 ms  (cached)
Module _qfrc_smooth__locals__kernel_5565c635 5565c63 load on device 'metal:0' took 16.43 ms  (cached)
Module mujoco_warp._src.support 8e2ca55 load on device 'metal:0' took 16.64 ms  (cached)
Module _tile_cholesky_factorize_solve_block__locals__kernel_c849d179 af018c2 load on device 'metal:0' took 16.41 ms  (cached)
Module _solve_init_dof__locals__kernel_6c9fecda 6c9fecd load on device 'metal:0' took 16.59 ms  (cached)
Module mujoco_warp._src.solver b7da940 load on device 'metal:0' took 17.35 ms  (cached)
Module _solve_init_jaref_kernel__locals__kernel_c92100ed c92100e load on device 'metal:0' took 16.36 ms  (cached)
Module mul_m_kernel__locals___mul_m_924d61d1 924d61d load on device 'metal:0' took 16.77 ms  (cached)
Module _update_constraint_efc__locals__kernel_59b76e16 59b76e1 load on device 'metal:0' took 17.74 ms  (cached)
Module _update_constraint_init_qfrc_constraint_dense__locals__kernel_5a6ce8fb 5a6ce8f load on device 'metal:0' took 16.86 ms  (cached)
Module _update_gradient_zero_grad_dot__locals__kernel_563a7193 563a719 load on device 'metal:0' took 17.36 ms  (cached)
Module _update_gradient_grad__locals__kernel_a8ff13d7 a8ff13d load on device 'metal:0' took 18.52 ms  (cached)
Module _update_gradient_JTDAJ_dense_tiled__locals__kernel_3d0778ce b888581 load on device 'metal:0' took 17.45 ms  (cached)
Module _update_gradient_cholesky__locals__kernel_2fc8ec32 e7e5510 load on device 'metal:0' took 16.69 ms  (cached)
Module _linesearch_iterative_kernel__locals__kernel_91280eb1 605b505 load on device 'metal:0' took 496.90 ms  (cached)
Module _update_constraint_efc__locals__kernel_bf65bc4b bf65bc4 load on device 'metal:0' took 16.80 ms  (cached)
Module _update_constraint_init_qfrc_constraint_dense__locals__kernel_1a551002 1a55100 load on device 'metal:0' took 16.40 ms  (cached)
Module _update_gradient_zero_grad_dot__locals__kernel_65cece82 65cece8 load on device 'metal:0' took 16.36 ms  (cached)
Module _update_gradient_grad__locals__kernel_e1825747 e182574 load on device 'metal:0' took 16.31 ms  (cached)
Module _update_gradient_h_incremental_cholesky__locals__kernel_c2df9e85 4ace2d1 load on device 'metal:0' took 16.52 ms  (cached)
Module _solve_done__locals__kernel_0b0b8060 0b0b806 load on device 'metal:0' took 16.52 ms  (cached)
Module mujoco_warp._src.sensor 05b20a3 load on device 'metal:0' took 26.76 ms  (cached)
Module mujoco_warp._src.derivative e042361 load on device 'metal:0' took 19.30 ms  (cached)
Module _next_time_builder__locals___next_time_46990cad 46990ca load on device 'metal:0' took 16.23 ms  (cached)
Module reset_data__locals__reset_xfrc_applied_23cf7deb 23cf7de load on device 'metal:0' took 16.45 ms  (cached)
Module reset_data__locals__reset_M_4a6094a4 4a6094a load on device 'metal:0' took 16.59 ms  (cached)
Module reset_data__locals__reset_mocap_7457a9a8 7457a9a load on device 'metal:0' took 16.49 ms  (cached)
Module reset_data__locals__reset_contact_51a17304 51a1730 load on device 'metal:0' took 16.65 ms  (cached)
Module reset_data__locals__reset_sleep_e31fb6d1 e31fb6d load on device 'metal:0' took 16.19 ms  (cached)
Module reset_data__locals__reset_nworld_881fbae0 881fbae load on device 'metal:0' took 16.67 ms  (cached)
Module metalsim.sensors.contact 620b2e7 load on device 'metal:0' took 625.75 ms  (cached)
Module __main__ 7eb52f0 load on device 'metal:0' took 377.72 ms  (compiled)
[metalsim] A_hold: 150 steps, final root z [0.05376585 0.05376585 0.05376586 0.05376585]
[metalsim] B_random: 250 steps, final root z [0.11892645 0.09495202 0.11937676 0.15121119]
[metalsim] C_drop: 150 steps, final root z [0.05376791 0.05376789 0.05376792 0.05376792]
   compare exit 0
-- record hardlimits (--contact_tuning hardlimits) 14:48:47
Warning: in BindingsAtPrim at line 671 of /Users/runner/work/OpenUSD/OpenUSD/pxr/usd/usdShade/materialBindingAPI.cpp -- Found material bindings on prim at path (/g1/pelvis/visuals/mesh_0) but MaterialBindingAPI is not applied on the prim
Warning: in BindingsAtPrim at line 671 of /Users/runner/work/OpenUSD/OpenUSD/pxr/usd/usdShade/materialBindingAPI.cpp -- Found material bindings on prim at path (/g1/left_hip_pitch_link/visuals/mesh_0) but MaterialBindingAPI is not applied on the prim
Warning: in BindingsAtPrim at line 671 of /Users/runner/work/OpenUSD/OpenUSD/pxr/usd/usdShade/materialBindingAPI.cpp -- Found material bindings on prim at path (/g1/left_hip_roll_link/visuals/mesh_0) but MaterialBindingAPI is not applied on the prim
Warning: in BindingsAtPrim at line 671 of /Users/runner/work/OpenUSD/OpenUSD/pxr/usd/usdShade/materialBindingAPI.cpp -- Found material bindings on prim at path (/g1/left_hip_yaw_link/visuals/mesh_0) but MaterialBindingAPI is not applied on the prim
Warning: in BindingsAtPrim at line 671 of /Users/runner/work/OpenUSD/OpenUSD/pxr/usd/usdShade/materialBindingAPI.cpp -- Found material bindings on prim at path (/g1/left_knee_link/visuals/mesh_0) but MaterialBindingAPI is not applied on the prim
Warning: in BindingsAtPrim at line 671 of /Users/runner/work/OpenUSD/OpenUSD/pxr/usd/usdShade/materialBindingAPI.cpp -- Found material bindings on prim at path (/g1/left_ankle_pitch_link/visuals/mesh_0) but MaterialBindingAPI is not applied on the prim
Warning: in BindingsAtPrim at line 671 of /Users/runner/work/OpenUSD/OpenUSD/pxr/usd/usdShade/materialBindingAPI.cpp -- Found material bindings on prim at path (/g1/left_ankle_roll_link/visuals/mesh_0) but MaterialBindingAPI is not applied on the prim
Warning: in BindingsAtPrim at line 671 of /Users/runner/work/OpenUSD/OpenUSD/pxr/usd/usdShade/materialBindingAPI.cpp -- Found material bindings on prim at path (/g1/pelvis_contour_link/visuals/mesh_0) but MaterialBindingAPI is not applied on the prim
Warning: in BindingsAtPrim at line 671 of /Users/runner/work/OpenUSD/OpenUSD/pxr/usd/usdShade/materialBindingAPI.cpp -- Found material bindings on prim at path (/g1/right_hip_pitch_link/visuals/mesh_0) but MaterialBindingAPI is not applied on the prim
Warning: in BindingsAtPrim at line 671 of /Users/runner/work/OpenUSD/OpenUSD/pxr/usd/usdShade/materialBindingAPI.cpp -- Found material bindings on prim at path (/g1/right_hip_roll_link/visuals/mesh_0) but MaterialBindingAPI is not applied on the prim
Warning: in BindingsAtPrim at line 671 of /Users/runner/work/OpenUSD/OpenUSD/pxr/usd/usdShade/materialBindingAPI.cpp -- Found material bindings on prim at path (/g1/right_hip_yaw_link/visuals/mesh_0) but MaterialBindingAPI is not applied on the prim
Warning: in BindingsAtPrim at line 671 of /Users/runner/work/OpenUSD/OpenUSD/pxr/usd/usdShade/materialBindingAPI.cpp -- Found material bindings on prim at path (/g1/right_knee_link/visuals/mesh_0) but MaterialBindingAPI is not applied on the prim
Warning: in BindingsAtPrim at line 671 of /Users/runner/work/OpenUSD/OpenUSD/pxr/usd/usdShade/materialBindingAPI.cpp -- Found material bindings on prim at path (/g1/right_ankle_pitch_link/visuals/mesh_0) but MaterialBindingAPI is not applied on the prim
Warning: in BindingsAtPrim at line 671 of /Users/runner/work/OpenUSD/OpenUSD/pxr/usd/usdShade/materialBindingAPI.cpp -- Found material bindings on prim at path (/g1/right_ankle_roll_link/visuals/mesh_0) but MaterialBindingAPI is not applied on the prim
Warning: in BindingsAtPrim at line 671 of /Users/runner/work/OpenUSD/OpenUSD/pxr/usd/usdShade/materialBindingAPI.cpp -- Found material bindings on prim at path (/g1/torso_link/visuals/mesh_0) but MaterialBindingAPI is not applied on the prim
Warning: in BindingsAtPrim at line 671 of /Users/runner/work/OpenUSD/OpenUSD/pxr/usd/usdShade/materialBindingAPI.cpp -- Found material bindings on prim at path (/g1/head_link/visuals/mesh_0) but MaterialBindingAPI is not applied on the prim
Warning: in BindingsAtPrim at line 671 of /Users/runner/work/OpenUSD/OpenUSD/pxr/usd/usdShade/materialBindingAPI.cpp -- Found material bindings on prim at path (/g1/left_shoulder_pitch_link/visuals/mesh_0) but MaterialBindingAPI is not applied on the prim
Warning: in BindingsAtPrim at line 671 of /Users/runner/work/OpenUSD/OpenUSD/pxr/usd/usdShade/materialBindingAPI.cpp -- Found material bindings on prim at path (/g1/left_shoulder_roll_link/visuals/mesh_0) but MaterialBindingAPI is not applied on the prim
Warning: in BindingsAtPrim at line 671 of /Users/runner/work/OpenUSD/OpenUSD/pxr/usd/usdShade/materialBindingAPI.cpp -- Found material bindings on prim at path (/g1/left_shoulder_yaw_link/visuals/mesh_0) but MaterialBindingAPI is not applied on the prim
Warning: in BindingsAtPrim at line 671 of /Users/runner/work/OpenUSD/OpenUSD/pxr/usd/usdShade/materialBindingAPI.cpp -- Found material bindings on prim at path (/g1/left_elbow_pitch_link/visuals/mesh_0) but MaterialBindingAPI is not applied on the prim
Warning: in BindingsAtPrim at line 671 of /Users/runner/work/OpenUSD/OpenUSD/pxr/usd/usdShade/materialBindingAPI.cpp -- Found material bindings on prim at path (/g1/left_elbow_roll_link/visuals/mesh_0) but MaterialBindingAPI is not applied on the prim
Warning: in BindingsAtPrim at line 671 of /Users/runner/work/OpenUSD/OpenUSD/pxr/usd/usdShade/materialBindingAPI.cpp -- Found material bindings on prim at path (/g1/left_palm_link/visuals/mesh_0) but MaterialBindingAPI is not applied on the prim
Warning: in BindingsAtPrim at line 671 of /Users/runner/work/OpenUSD/OpenUSD/pxr/usd/usdShade/materialBindingAPI.cpp -- Found material bindings on prim at path (/g1/left_five_link/visuals/mesh_0) but MaterialBindingAPI is not applied on the prim
Warning: in BindingsAtPrim at line 671 of /Users/runner/work/OpenUSD/OpenUSD/pxr/usd/usdShade/materialBindingAPI.cpp -- Found material bindings on prim at path (/g1/left_six_link/visuals/mesh_0) but MaterialBindingAPI is not applied on the prim
Warning: in BindingsAtPrim at line 671 of /Users/runner/work/OpenUSD/OpenUSD/pxr/usd/usdShade/materialBindingAPI.cpp -- Found material bindings on prim at path (/g1/left_three_link/visuals/mesh_0) but MaterialBindingAPI is not applied on the prim
Warning: in BindingsAtPrim at line 671 of /Users/runner/work/OpenUSD/OpenUSD/pxr/usd/usdShade/materialBindingAPI.cpp -- Found material bindings on prim at path (/g1/left_four_link/visuals/mesh_0) but MaterialBindingAPI is not applied on the prim
Warning: in BindingsAtPrim at line 671 of /Users/runner/work/OpenUSD/OpenUSD/pxr/usd/usdShade/materialBindingAPI.cpp -- Found material bindings on prim at path (/g1/left_zero_link/visuals/mesh_0) but MaterialBindingAPI is not applied on the prim
Warning: in BindingsAtPrim at line 671 of /Users/runner/work/OpenUSD/OpenUSD/pxr/usd/usdShade/materialBindingAPI.cpp -- Found material bindings on prim at path (/g1/left_one_link/visuals/mesh_0) but MaterialBindingAPI is not applied on the prim
Warning: in BindingsAtPrim at line 671 of /Users/runner/work/OpenUSD/OpenUSD/pxr/usd/usdShade/materialBindingAPI.cpp -- Found material bindings on prim at path (/g1/left_two_link/visuals/mesh_0) but MaterialBindingAPI is not applied on the prim
Warning: in BindingsAtPrim at line 671 of /Users/runner/work/OpenUSD/OpenUSD/pxr/usd/usdShade/materialBindingAPI.cpp -- Found material bindings on prim at path (/g1/logo_link/visuals/mesh_0) but MaterialBindingAPI is not applied on the prim
Warning: in BindingsAtPrim at line 671 of /Users/runner/work/OpenUSD/OpenUSD/pxr/usd/usdShade/materialBindingAPI.cpp -- Found material bindings on prim at path (/g1/right_shoulder_pitch_link/visuals/mesh_0) but MaterialBindingAPI is not applied on the prim
Warning: in BindingsAtPrim at line 671 of /Users/runner/work/OpenUSD/OpenUSD/pxr/usd/usdShade/materialBindingAPI.cpp -- Found material bindings on prim at path (/g1/right_shoulder_roll_link/visuals/mesh_0) but MaterialBindingAPI is not applied on the prim
Warning: in BindingsAtPrim at line 671 of /Users/runner/work/OpenUSD/OpenUSD/pxr/usd/usdShade/materialBindingAPI.cpp -- Found material bindings on prim at path (/g1/right_shoulder_yaw_link/visuals/mesh_0) but MaterialBindingAPI is not applied on the prim
Warning: in BindingsAtPrim at line 671 of /Users/runner/work/OpenUSD/OpenUSD/pxr/usd/usdShade/materialBindingAPI.cpp -- Found material bindings on prim at path (/g1/right_elbow_pitch_link/visuals/mesh_0) but MaterialBindingAPI is not applied on the prim
Warning: in BindingsAtPrim at line 671 of /Users/runner/work/OpenUSD/OpenUSD/pxr/usd/usdShade/materialBindingAPI.cpp -- Found material bindings on prim at path (/g1/right_elbow_roll_link/visuals/mesh_0) but MaterialBindingAPI is not applied on the prim
Warning: in BindingsAtPrim at line 671 of /Users/runner/work/OpenUSD/OpenUSD/pxr/usd/usdShade/materialBindingAPI.cpp -- Found material bindings on prim at path (/g1/right_palm_link/visuals/mesh_0) but MaterialBindingAPI is not applied on the prim
Warning: in BindingsAtPrim at line 671 of /Users/runner/work/OpenUSD/OpenUSD/pxr/usd/usdShade/materialBindingAPI.cpp -- Found material bindings on prim at path (/g1/right_five_link/visuals/mesh_0) but MaterialBindingAPI is not applied on the prim
Warning: in BindingsAtPrim at line 671 of /Users/runner/work/OpenUSD/OpenUSD/pxr/usd/usdShade/materialBindingAPI.cpp -- Found material bindings on prim at path (/g1/right_six_link/visuals/mesh_0) but MaterialBindingAPI is not applied on the prim
Warning: in BindingsAtPrim at line 671 of /Users/runner/work/OpenUSD/OpenUSD/pxr/usd/usdShade/materialBindingAPI.cpp -- Found material bindings on prim at path (/g1/right_three_link/visuals/mesh_0) but MaterialBindingAPI is not applied on the prim
Warning: in BindingsAtPrim at line 671 of /Users/runner/work/OpenUSD/OpenUSD/pxr/usd/usdShade/materialBindingAPI.cpp -- Found material bindings on prim at path (/g1/right_four_link/visuals/mesh_0) but MaterialBindingAPI is not applied on the prim
Warning: in BindingsAtPrim at line 671 of /Users/runner/work/OpenUSD/OpenUSD/pxr/usd/usdShade/materialBindingAPI.cpp -- Found material bindings on prim at path (/g1/right_zero_link/visuals/mesh_0) but MaterialBindingAPI is not applied on the prim
Warning: in BindingsAtPrim at line 671 of /Users/runner/work/OpenUSD/OpenUSD/pxr/usd/usdShade/materialBindingAPI.cpp -- Found material bindings on prim at path (/g1/right_one_link/visuals/mesh_0) but MaterialBindingAPI is not applied on the prim
Warning: in BindingsAtPrim at line 671 of /Users/runner/work/OpenUSD/OpenUSD/pxr/usd/usdShade/materialBindingAPI.cpp -- Found material bindings on prim at path (/g1/right_two_link/visuals/mesh_0) but MaterialBindingAPI is not applied on the prim
Warp 1.18.0.dev20260917 initialized:
   CUDA not enabled in this build
   Devices:
     "cpu"      : "arm"
     "metal:0"  : "Apple M4 Max" (Metal)
   Kernel cache:
     /Users/aditya/Library/Caches/warp/1.18.0.dev20260917
Module mujoco_warp._src.smooth ea5c7c8 load on device 'metal:0' took 26.28 ms  (cached)
Module _nxn_broadphase__locals__kernel_13ac863e 13ac863 load on device 'metal:0' took 17.80 ms  (cached)
Module ccd_kernel_builder__locals__ccd_kernel_8a5df304 8a5df30 load on device 'metal:0' took 26.07 ms  (cached)
Module _primitive_narrowphase__locals__primitive_narrowphase_78fb2dbf 78fb2db load on device 'metal:0' took 19.77 ms  (cached)
Module mujoco_warp._src.constraint 2c64b8d load on device 'metal:0' took 16.59 ms  (cached)
Module _friction_dof__locals__kernel_71517a5a 71517a5 load on device 'metal:0' took 16.79 ms  (cached)
Module _limit_slide_hinge__locals__kernel_77544377 7754437 load on device 'metal:0' took 16.83 ms  (cached)
Module _efc_contact_init__locals__kernel_61c7a354 61c7a35 load on device 'metal:0' took 16.65 ms  (cached)
Module _efc_contact_jac_dense__locals__kernel_d7afd5bd e96e9eb load on device 'metal:0' took 16.39 ms  (cached)
Module _efc_contact_update__locals__kernel_a78f94fc a78f94f load on device 'metal:0' took 16.75 ms  (cached)
Module mujoco_warp._src.forward 64fd1ac load on device 'metal:0' took 22.48 ms  (cached)
Module mujoco_warp._src.passive 9eecbc5 load on device 'metal:0' took 21.59 ms  (cached)
Module _qfrc_passive_kernel__locals__kernel_41a4523d 41a4523 load on device 'metal:0' took 16.53 ms  (cached)
Module mujoco_warp._src.forward 8644a19 load on device 'metal:0' took 21.32 ms  (cached)
Module _qfrc_smooth__locals__kernel_5565c635 5565c63 load on device 'metal:0' took 16.26 ms  (cached)
Module mujoco_warp._src.support 8e2ca55 load on device 'metal:0' took 16.59 ms  (cached)
Module _tile_cholesky_factorize_solve_block__locals__kernel_c849d179 af018c2 load on device 'metal:0' took 16.33 ms  (cached)
Module _solve_init_dof__locals__kernel_6c9fecda 6c9fecd load on device 'metal:0' took 16.04 ms  (cached)
Module mujoco_warp._src.solver b7da940 load on device 'metal:0' took 17.40 ms  (cached)
Module _solve_init_jaref_kernel__locals__kernel_c92100ed c92100e load on device 'metal:0' took 16.44 ms  (cached)
Module mul_m_kernel__locals___mul_m_924d61d1 924d61d load on device 'metal:0' took 16.34 ms  (cached)
Module _update_constraint_efc__locals__kernel_59b76e16 59b76e1 load on device 'metal:0' took 16.58 ms  (cached)
Module _update_constraint_init_qfrc_constraint_dense__locals__kernel_5a6ce8fb 5a6ce8f load on device 'metal:0' took 16.57 ms  (cached)
Module _update_gradient_zero_grad_dot__locals__kernel_563a7193 563a719 load on device 'metal:0' took 16.90 ms  (cached)
Module _update_gradient_grad__locals__kernel_a8ff13d7 a8ff13d load on device 'metal:0' took 16.40 ms  (cached)
Module _update_gradient_JTDAJ_dense_tiled__locals__kernel_3d0778ce b888581 load on device 'metal:0' took 16.50 ms  (cached)
Module _update_gradient_cholesky__locals__kernel_2fc8ec32 e7e5510 load on device 'metal:0' took 16.88 ms  (cached)
Module _linesearch_iterative_kernel__locals__kernel_91280eb1 605b505 load on device 'metal:0' took 17.68 ms  (cached)
Module _update_constraint_efc__locals__kernel_bf65bc4b bf65bc4 load on device 'metal:0' took 16.43 ms  (cached)
Module _update_constraint_init_qfrc_constraint_dense__locals__kernel_1a551002 1a55100 load on device 'metal:0' took 16.08 ms  (cached)
Module _update_gradient_zero_grad_dot__locals__kernel_65cece82 65cece8 load on device 'metal:0' took 16.40 ms  (cached)
Module _update_gradient_grad__locals__kernel_e1825747 e182574 load on device 'metal:0' took 16.28 ms  (cached)
Module _update_gradient_h_incremental_cholesky__locals__kernel_c2df9e85 4ace2d1 load on device 'metal:0' took 16.43 ms  (cached)
Module _solve_done__locals__kernel_0b0b8060 0b0b806 load on device 'metal:0' took 16.26 ms  (cached)
Module mujoco_warp._src.sensor 05b20a3 load on device 'metal:0' took 26.55 ms  (cached)
Module mujoco_warp._src.derivative e042361 load on device 'metal:0' took 19.44 ms  (cached)
Module _next_time_builder__locals___next_time_46990cad 46990ca load on device 'metal:0' took 16.21 ms  (cached)
Module reset_data__locals__reset_xfrc_applied_23cf7deb 23cf7de load on device 'metal:0' took 16.24 ms  (cached)
Module reset_data__locals__reset_M_4a6094a4 4a6094a load on device 'metal:0' took 16.28 ms  (cached)
Module reset_data__locals__reset_mocap_7457a9a8 7457a9a load on device 'metal:0' took 16.40 ms  (cached)
Module reset_data__locals__reset_contact_51a17304 51a1730 load on device 'metal:0' took 16.45 ms  (cached)
Module reset_data__locals__reset_sleep_e31fb6d1 e31fb6d load on device 'metal:0' took 16.16 ms  (cached)
Module reset_data__locals__reset_nworld_881fbae0 881fbae load on device 'metal:0' took 16.21 ms  (cached)
Module metalsim.sensors.contact 620b2e7 load on device 'metal:0' took 19.42 ms  (cached)
Module __main__ 7eb52f0 load on device 'metal:0' took 16.84 ms  (cached)
[metalsim] A_hold: 150 steps, final root z [0.0537666  0.05376659 0.0537666  0.05376694]
[metalsim] B_random: 250 steps, final root z [0.10174971 0.08873122 0.08759939 0.12848586]
[metalsim] C_drop: 150 steps, final root z [0.0537671  0.05376709 0.0537671  0.0537671 ]
   compare exit 0
-- record tau10_impact_hardlimits (--contact_tuning tau10_impact_hardlimits) 14:49:02
Warning: in BindingsAtPrim at line 671 of /Users/runner/work/OpenUSD/OpenUSD/pxr/usd/usdShade/materialBindingAPI.cpp -- Found material bindings on prim at path (/g1/pelvis/visuals/mesh_0) but MaterialBindingAPI is not applied on the prim
Warning: in BindingsAtPrim at line 671 of /Users/runner/work/OpenUSD/OpenUSD/pxr/usd/usdShade/materialBindingAPI.cpp -- Found material bindings on prim at path (/g1/left_hip_pitch_link/visuals/mesh_0) but MaterialBindingAPI is not applied on the prim
Warning: in BindingsAtPrim at line 671 of /Users/runner/work/OpenUSD/OpenUSD/pxr/usd/usdShade/materialBindingAPI.cpp -- Found material bindings on prim at path (/g1/left_hip_roll_link/visuals/mesh_0) but MaterialBindingAPI is not applied on the prim
Warning: in BindingsAtPrim at line 671 of /Users/runner/work/OpenUSD/OpenUSD/pxr/usd/usdShade/materialBindingAPI.cpp -- Found material bindings on prim at path (/g1/left_hip_yaw_link/visuals/mesh_0) but MaterialBindingAPI is not applied on the prim
Warning: in BindingsAtPrim at line 671 of /Users/runner/work/OpenUSD/OpenUSD/pxr/usd/usdShade/materialBindingAPI.cpp -- Found material bindings on prim at path (/g1/left_knee_link/visuals/mesh_0) but MaterialBindingAPI is not applied on the prim
Warning: in BindingsAtPrim at line 671 of /Users/runner/work/OpenUSD/OpenUSD/pxr/usd/usdShade/materialBindingAPI.cpp -- Found material bindings on prim at path (/g1/left_ankle_pitch_link/visuals/mesh_0) but MaterialBindingAPI is not applied on the prim
Warning: in BindingsAtPrim at line 671 of /Users/runner/work/OpenUSD/OpenUSD/pxr/usd/usdShade/materialBindingAPI.cpp -- Found material bindings on prim at path (/g1/left_ankle_roll_link/visuals/mesh_0) but MaterialBindingAPI is not applied on the prim
Warning: in BindingsAtPrim at line 671 of /Users/runner/work/OpenUSD/OpenUSD/pxr/usd/usdShade/materialBindingAPI.cpp -- Found material bindings on prim at path (/g1/pelvis_contour_link/visuals/mesh_0) but MaterialBindingAPI is not applied on the prim
Warning: in BindingsAtPrim at line 671 of /Users/runner/work/OpenUSD/OpenUSD/pxr/usd/usdShade/materialBindingAPI.cpp -- Found material bindings on prim at path (/g1/right_hip_pitch_link/visuals/mesh_0) but MaterialBindingAPI is not applied on the prim
Warning: in BindingsAtPrim at line 671 of /Users/runner/work/OpenUSD/OpenUSD/pxr/usd/usdShade/materialBindingAPI.cpp -- Found material bindings on prim at path (/g1/right_hip_roll_link/visuals/mesh_0) but MaterialBindingAPI is not applied on the prim
Warning: in BindingsAtPrim at line 671 of /Users/runner/work/OpenUSD/OpenUSD/pxr/usd/usdShade/materialBindingAPI.cpp -- Found material bindings on prim at path (/g1/right_hip_yaw_link/visuals/mesh_0) but MaterialBindingAPI is not applied on the prim
Warning: in BindingsAtPrim at line 671 of /Users/runner/work/OpenUSD/OpenUSD/pxr/usd/usdShade/materialBindingAPI.cpp -- Found material bindings on prim at path (/g1/right_knee_link/visuals/mesh_0) but MaterialBindingAPI is not applied on the prim
Warning: in BindingsAtPrim at line 671 of /Users/runner/work/OpenUSD/OpenUSD/pxr/usd/usdShade/materialBindingAPI.cpp -- Found material bindings on prim at path (/g1/right_ankle_pitch_link/visuals/mesh_0) but MaterialBindingAPI is not applied on the prim
Warning: in BindingsAtPrim at line 671 of /Users/runner/work/OpenUSD/OpenUSD/pxr/usd/usdShade/materialBindingAPI.cpp -- Found material bindings on prim at path (/g1/right_ankle_roll_link/visuals/mesh_0) but MaterialBindingAPI is not applied on the prim
Warning: in BindingsAtPrim at line 671 of /Users/runner/work/OpenUSD/OpenUSD/pxr/usd/usdShade/materialBindingAPI.cpp -- Found material bindings on prim at path (/g1/torso_link/visuals/mesh_0) but MaterialBindingAPI is not applied on the prim
Warning: in BindingsAtPrim at line 671 of /Users/runner/work/OpenUSD/OpenUSD/pxr/usd/usdShade/materialBindingAPI.cpp -- Found material bindings on prim at path (/g1/head_link/visuals/mesh_0) but MaterialBindingAPI is not applied on the prim
Warning: in BindingsAtPrim at line 671 of /Users/runner/work/OpenUSD/OpenUSD/pxr/usd/usdShade/materialBindingAPI.cpp -- Found material bindings on prim at path (/g1/left_shoulder_pitch_link/visuals/mesh_0) but MaterialBindingAPI is not applied on the prim
Warning: in BindingsAtPrim at line 671 of /Users/runner/work/OpenUSD/OpenUSD/pxr/usd/usdShade/materialBindingAPI.cpp -- Found material bindings on prim at path (/g1/left_shoulder_roll_link/visuals/mesh_0) but MaterialBindingAPI is not applied on the prim
Warning: in BindingsAtPrim at line 671 of /Users/runner/work/OpenUSD/OpenUSD/pxr/usd/usdShade/materialBindingAPI.cpp -- Found material bindings on prim at path (/g1/left_shoulder_yaw_link/visuals/mesh_0) but MaterialBindingAPI is not applied on the prim
Warning: in BindingsAtPrim at line 671 of /Users/runner/work/OpenUSD/OpenUSD/pxr/usd/usdShade/materialBindingAPI.cpp -- Found material bindings on prim at path (/g1/left_elbow_pitch_link/visuals/mesh_0) but MaterialBindingAPI is not applied on the prim
Warning: in BindingsAtPrim at line 671 of /Users/runner/work/OpenUSD/OpenUSD/pxr/usd/usdShade/materialBindingAPI.cpp -- Found material bindings on prim at path (/g1/left_elbow_roll_link/visuals/mesh_0) but MaterialBindingAPI is not applied on the prim
Warning: in BindingsAtPrim at line 671 of /Users/runner/work/OpenUSD/OpenUSD/pxr/usd/usdShade/materialBindingAPI.cpp -- Found material bindings on prim at path (/g1/left_palm_link/visuals/mesh_0) but MaterialBindingAPI is not applied on the prim
Warning: in BindingsAtPrim at line 671 of /Users/runner/work/OpenUSD/OpenUSD/pxr/usd/usdShade/materialBindingAPI.cpp -- Found material bindings on prim at path (/g1/left_five_link/visuals/mesh_0) but MaterialBindingAPI is not applied on the prim
Warning: in BindingsAtPrim at line 671 of /Users/runner/work/OpenUSD/OpenUSD/pxr/usd/usdShade/materialBindingAPI.cpp -- Found material bindings on prim at path (/g1/left_six_link/visuals/mesh_0) but MaterialBindingAPI is not applied on the prim
Warning: in BindingsAtPrim at line 671 of /Users/runner/work/OpenUSD/OpenUSD/pxr/usd/usdShade/materialBindingAPI.cpp -- Found material bindings on prim at path (/g1/left_three_link/visuals/mesh_0) but MaterialBindingAPI is not applied on the prim
Warning: in BindingsAtPrim at line 671 of /Users/runner/work/OpenUSD/OpenUSD/pxr/usd/usdShade/materialBindingAPI.cpp -- Found material bindings on prim at path (/g1/left_four_link/visuals/mesh_0) but MaterialBindingAPI is not applied on the prim
Warning: in BindingsAtPrim at line 671 of /Users/runner/work/OpenUSD/OpenUSD/pxr/usd/usdShade/materialBindingAPI.cpp -- Found material bindings on prim at path (/g1/left_zero_link/visuals/mesh_0) but MaterialBindingAPI is not applied on the prim
Warning: in BindingsAtPrim at line 671 of /Users/runner/work/OpenUSD/OpenUSD/pxr/usd/usdShade/materialBindingAPI.cpp -- Found material bindings on prim at path (/g1/left_one_link/visuals/mesh_0) but MaterialBindingAPI is not applied on the prim
Warning: in BindingsAtPrim at line 671 of /Users/runner/work/OpenUSD/OpenUSD/pxr/usd/usdShade/materialBindingAPI.cpp -- Found material bindings on prim at path (/g1/left_two_link/visuals/mesh_0) but MaterialBindingAPI is not applied on the prim
Warning: in BindingsAtPrim at line 671 of /Users/runner/work/OpenUSD/OpenUSD/pxr/usd/usdShade/materialBindingAPI.cpp -- Found material bindings on prim at path (/g1/logo_link/visuals/mesh_0) but MaterialBindingAPI is not applied on the prim
Warning: in BindingsAtPrim at line 671 of /Users/runner/work/OpenUSD/OpenUSD/pxr/usd/usdShade/materialBindingAPI.cpp -- Found material bindings on prim at path (/g1/right_shoulder_pitch_link/visuals/mesh_0) but MaterialBindingAPI is not applied on the prim
Warning: in BindingsAtPrim at line 671 of /Users/runner/work/OpenUSD/OpenUSD/pxr/usd/usdShade/materialBindingAPI.cpp -- Found material bindings on prim at path (/g1/right_shoulder_roll_link/visuals/mesh_0) but MaterialBindingAPI is not applied on the prim
Warning: in BindingsAtPrim at line 671 of /Users/runner/work/OpenUSD/OpenUSD/pxr/usd/usdShade/materialBindingAPI.cpp -- Found material bindings on prim at path (/g1/right_shoulder_yaw_link/visuals/mesh_0) but MaterialBindingAPI is not applied on the prim
Warning: in BindingsAtPrim at line 671 of /Users/runner/work/OpenUSD/OpenUSD/pxr/usd/usdShade/materialBindingAPI.cpp -- Found material bindings on prim at path (/g1/right_elbow_pitch_link/visuals/mesh_0) but MaterialBindingAPI is not applied on the prim
Warning: in BindingsAtPrim at line 671 of /Users/runner/work/OpenUSD/OpenUSD/pxr/usd/usdShade/materialBindingAPI.cpp -- Found material bindings on prim at path (/g1/right_elbow_roll_link/visuals/mesh_0) but MaterialBindingAPI is not applied on the prim
Warning: in BindingsAtPrim at line 671 of /Users/runner/work/OpenUSD/OpenUSD/pxr/usd/usdShade/materialBindingAPI.cpp -- Found material bindings on prim at path (/g1/right_palm_link/visuals/mesh_0) but MaterialBindingAPI is not applied on the prim
Warning: in BindingsAtPrim at line 671 of /Users/runner/work/OpenUSD/OpenUSD/pxr/usd/usdShade/materialBindingAPI.cpp -- Found material bindings on prim at path (/g1/right_five_link/visuals/mesh_0) but MaterialBindingAPI is not applied on the prim
Warning: in BindingsAtPrim at line 671 of /Users/runner/work/OpenUSD/OpenUSD/pxr/usd/usdShade/materialBindingAPI.cpp -- Found material bindings on prim at path (/g1/right_six_link/visuals/mesh_0) but MaterialBindingAPI is not applied on the prim
Warning: in BindingsAtPrim at line 671 of /Users/runner/work/OpenUSD/OpenUSD/pxr/usd/usdShade/materialBindingAPI.cpp -- Found material bindings on prim at path (/g1/right_three_link/visuals/mesh_0) but MaterialBindingAPI is not applied on the prim
Warning: in BindingsAtPrim at line 671 of /Users/runner/work/OpenUSD/OpenUSD/pxr/usd/usdShade/materialBindingAPI.cpp -- Found material bindings on prim at path (/g1/right_four_link/visuals/mesh_0) but MaterialBindingAPI is not applied on the prim
Warning: in BindingsAtPrim at line 671 of /Users/runner/work/OpenUSD/OpenUSD/pxr/usd/usdShade/materialBindingAPI.cpp -- Found material bindings on prim at path (/g1/right_zero_link/visuals/mesh_0) but MaterialBindingAPI is not applied on the prim
Warning: in BindingsAtPrim at line 671 of /Users/runner/work/OpenUSD/OpenUSD/pxr/usd/usdShade/materialBindingAPI.cpp -- Found material bindings on prim at path (/g1/right_one_link/visuals/mesh_0) but MaterialBindingAPI is not applied on the prim
Warning: in BindingsAtPrim at line 671 of /Users/runner/work/OpenUSD/OpenUSD/pxr/usd/usdShade/materialBindingAPI.cpp -- Found material bindings on prim at path (/g1/right_two_link/visuals/mesh_0) but MaterialBindingAPI is not applied on the prim
Warp 1.18.0.dev20260917 initialized:
   CUDA not enabled in this build
   Devices:
     "cpu"      : "arm"
     "metal:0"  : "Apple M4 Max" (Metal)
   Kernel cache:
     /Users/aditya/Library/Caches/warp/1.18.0.dev20260917
Module mujoco_warp._src.smooth ea5c7c8 load on device 'metal:0' took 29.12 ms  (cached)
Module _nxn_broadphase__locals__kernel_13ac863e 13ac863 load on device 'metal:0' took 18.30 ms  (cached)
Module ccd_kernel_builder__locals__ccd_kernel_8a5df304 8a5df30 load on device 'metal:0' took 26.50 ms  (cached)
Module _primitive_narrowphase__locals__primitive_narrowphase_78fb2dbf 78fb2db load on device 'metal:0' took 20.00 ms  (cached)
Module mujoco_warp._src.constraint 2c64b8d load on device 'metal:0' took 16.91 ms  (cached)
Module _friction_dof__locals__kernel_71517a5a 71517a5 load on device 'metal:0' took 18.41 ms  (cached)
Module _limit_slide_hinge__locals__kernel_77544377 7754437 load on device 'metal:0' took 17.55 ms  (cached)
Module _efc_contact_init__locals__kernel_61c7a354 61c7a35 load on device 'metal:0' took 18.34 ms  (cached)
Module _efc_contact_jac_dense__locals__kernel_d7afd5bd e96e9eb load on device 'metal:0' took 17.54 ms  (cached)
Module _efc_contact_update__locals__kernel_a78f94fc a78f94f load on device 'metal:0' took 17.52 ms  (cached)
Module mujoco_warp._src.forward 64fd1ac load on device 'metal:0' took 24.21 ms  (cached)
Module mujoco_warp._src.passive 9eecbc5 load on device 'metal:0' took 22.02 ms  (cached)
Module _qfrc_passive_kernel__locals__kernel_41a4523d 41a4523 load on device 'metal:0' took 16.57 ms  (cached)
Module mujoco_warp._src.forward 8644a19 load on device 'metal:0' took 23.29 ms  (cached)
Module _qfrc_smooth__locals__kernel_5565c635 5565c63 load on device 'metal:0' took 17.21 ms  (cached)
Module mujoco_warp._src.support 8e2ca55 load on device 'metal:0' took 17.17 ms  (cached)
Module _tile_cholesky_factorize_solve_block__locals__kernel_c849d179 af018c2 load on device 'metal:0' took 16.96 ms  (cached)
Module _solve_init_dof__locals__kernel_6c9fecda 6c9fecd load on device 'metal:0' took 16.99 ms  (cached)
Module mujoco_warp._src.solver b7da940 load on device 'metal:0' took 18.36 ms  (cached)
Module _solve_init_jaref_kernel__locals__kernel_c92100ed c92100e load on device 'metal:0' took 16.57 ms  (cached)
Module mul_m_kernel__locals___mul_m_924d61d1 924d61d load on device 'metal:0' took 17.86 ms  (cached)
Module _update_constraint_efc__locals__kernel_59b76e16 59b76e1 load on device 'metal:0' took 17.13 ms  (cached)
Module _update_constraint_init_qfrc_constraint_dense__locals__kernel_5a6ce8fb 5a6ce8f load on device 'metal:0' took 16.80 ms  (cached)
Module _update_gradient_zero_grad_dot__locals__kernel_563a7193 563a719 load on device 'metal:0' took 16.74 ms  (cached)
Module _update_gradient_grad__locals__kernel_a8ff13d7 a8ff13d load on device 'metal:0' took 16.80 ms  (cached)
Module _update_gradient_JTDAJ_dense_tiled__locals__kernel_3d0778ce b888581 load on device 'metal:0' took 16.96 ms  (cached)
Module _update_gradient_cholesky__locals__kernel_2fc8ec32 e7e5510 load on device 'metal:0' took 16.90 ms  (cached)
Module _linesearch_iterative_kernel__locals__kernel_91280eb1 605b505 load on device 'metal:0' took 18.48 ms  (cached)
Module _update_constraint_efc__locals__kernel_bf65bc4b bf65bc4 load on device 'metal:0' took 17.27 ms  (cached)
Module _update_constraint_init_qfrc_constraint_dense__locals__kernel_1a551002 1a55100 load on device 'metal:0' took 16.85 ms  (cached)
Module _update_gradient_zero_grad_dot__locals__kernel_65cece82 65cece8 load on device 'metal:0' took 16.75 ms  (cached)
Module _update_gradient_grad__locals__kernel_e1825747 e182574 load on device 'metal:0' took 16.82 ms  (cached)
Module _update_gradient_h_incremental_cholesky__locals__kernel_c2df9e85 4ace2d1 load on device 'metal:0' took 16.94 ms  (cached)
Module _solve_done__locals__kernel_0b0b8060 0b0b806 load on device 'metal:0' took 16.91 ms  (cached)
Module mujoco_warp._src.sensor 05b20a3 load on device 'metal:0' took 27.66 ms  (cached)
Module mujoco_warp._src.derivative e042361 load on device 'metal:0' took 19.87 ms  (cached)
Module _next_time_builder__locals___next_time_46990cad 46990ca load on device 'metal:0' took 16.87 ms  (cached)
Module reset_data__locals__reset_xfrc_applied_23cf7deb 23cf7de load on device 'metal:0' took 17.01 ms  (cached)
Module reset_data__locals__reset_M_4a6094a4 4a6094a load on device 'metal:0' took 16.70 ms  (cached)
Module reset_data__locals__reset_mocap_7457a9a8 7457a9a load on device 'metal:0' took 16.72 ms  (cached)
Module reset_data__locals__reset_contact_51a17304 51a1730 load on device 'metal:0' took 17.05 ms  (cached)
Module reset_data__locals__reset_sleep_e31fb6d1 e31fb6d load on device 'metal:0' took 16.96 ms  (cached)
Module reset_data__locals__reset_nworld_881fbae0 881fbae load on device 'metal:0' took 16.97 ms  (cached)
Module metalsim.sensors.contact 620b2e7 load on device 'metal:0' took 19.81 ms  (cached)
Module __main__ 7eb52f0 load on device 'metal:0' took 17.33 ms  (cached)
[metalsim] A_hold: 150 steps, final root z [0.05379618 0.05379618 0.05379618 0.05379619]
[metalsim] B_random: 250 steps, final root z [0.07076743 0.07930368 0.0681241  0.15157676]
[metalsim] C_drop: 150 steps, final root z [0.05379743 0.05379802 0.05379799 0.053798  ]
   compare exit 0
-- record isaaclab3 (--solver_cfg isaaclab3) 14:49:16
Warning: in BindingsAtPrim at line 671 of /Users/runner/work/OpenUSD/OpenUSD/pxr/usd/usdShade/materialBindingAPI.cpp -- Found material bindings on prim at path (/g1/pelvis/visuals/mesh_0) but MaterialBindingAPI is not applied on the prim
Warning: in BindingsAtPrim at line 671 of /Users/runner/work/OpenUSD/OpenUSD/pxr/usd/usdShade/materialBindingAPI.cpp -- Found material bindings on prim at path (/g1/left_hip_pitch_link/visuals/mesh_0) but MaterialBindingAPI is not applied on the prim
Warning: in BindingsAtPrim at line 671 of /Users/runner/work/OpenUSD/OpenUSD/pxr/usd/usdShade/materialBindingAPI.cpp -- Found material bindings on prim at path (/g1/left_hip_roll_link/visuals/mesh_0) but MaterialBindingAPI is not applied on the prim
Warning: in BindingsAtPrim at line 671 of /Users/runner/work/OpenUSD/OpenUSD/pxr/usd/usdShade/materialBindingAPI.cpp -- Found material bindings on prim at path (/g1/left_hip_yaw_link/visuals/mesh_0) but MaterialBindingAPI is not applied on the prim
Warning: in BindingsAtPrim at line 671 of /Users/runner/work/OpenUSD/OpenUSD/pxr/usd/usdShade/materialBindingAPI.cpp -- Found material bindings on prim at path (/g1/left_knee_link/visuals/mesh_0) but MaterialBindingAPI is not applied on the prim
Warning: in BindingsAtPrim at line 671 of /Users/runner/work/OpenUSD/OpenUSD/pxr/usd/usdShade/materialBindingAPI.cpp -- Found material bindings on prim at path (/g1/left_ankle_pitch_link/visuals/mesh_0) but MaterialBindingAPI is not applied on the prim
Warning: in BindingsAtPrim at line 671 of /Users/runner/work/OpenUSD/OpenUSD/pxr/usd/usdShade/materialBindingAPI.cpp -- Found material bindings on prim at path (/g1/left_ankle_roll_link/visuals/mesh_0) but MaterialBindingAPI is not applied on the prim
Warning: in BindingsAtPrim at line 671 of /Users/runner/work/OpenUSD/OpenUSD/pxr/usd/usdShade/materialBindingAPI.cpp -- Found material bindings on prim at path (/g1/pelvis_contour_link/visuals/mesh_0) but MaterialBindingAPI is not applied on the prim
Warning: in BindingsAtPrim at line 671 of /Users/runner/work/OpenUSD/OpenUSD/pxr/usd/usdShade/materialBindingAPI.cpp -- Found material bindings on prim at path (/g1/right_hip_pitch_link/visuals/mesh_0) but MaterialBindingAPI is not applied on the prim
Warning: in BindingsAtPrim at line 671 of /Users/runner/work/OpenUSD/OpenUSD/pxr/usd/usdShade/materialBindingAPI.cpp -- Found material bindings on prim at path (/g1/right_hip_roll_link/visuals/mesh_0) but MaterialBindingAPI is not applied on the prim
Warning: in BindingsAtPrim at line 671 of /Users/runner/work/OpenUSD/OpenUSD/pxr/usd/usdShade/materialBindingAPI.cpp -- Found material bindings on prim at path (/g1/right_hip_yaw_link/visuals/mesh_0) but MaterialBindingAPI is not applied on the prim
Warning: in BindingsAtPrim at line 671 of /Users/runner/work/OpenUSD/OpenUSD/pxr/usd/usdShade/materialBindingAPI.cpp -- Found material bindings on prim at path (/g1/right_knee_link/visuals/mesh_0) but MaterialBindingAPI is not applied on the prim
Warning: in BindingsAtPrim at line 671 of /Users/runner/work/OpenUSD/OpenUSD/pxr/usd/usdShade/materialBindingAPI.cpp -- Found material bindings on prim at path (/g1/right_ankle_pitch_link/visuals/mesh_0) but MaterialBindingAPI is not applied on the prim
Warning: in BindingsAtPrim at line 671 of /Users/runner/work/OpenUSD/OpenUSD/pxr/usd/usdShade/materialBindingAPI.cpp -- Found material bindings on prim at path (/g1/right_ankle_roll_link/visuals/mesh_0) but MaterialBindingAPI is not applied on the prim
Warning: in BindingsAtPrim at line 671 of /Users/runner/work/OpenUSD/OpenUSD/pxr/usd/usdShade/materialBindingAPI.cpp -- Found material bindings on prim at path (/g1/torso_link/visuals/mesh_0) but MaterialBindingAPI is not applied on the prim
Warning: in BindingsAtPrim at line 671 of /Users/runner/work/OpenUSD/OpenUSD/pxr/usd/usdShade/materialBindingAPI.cpp -- Found material bindings on prim at path (/g1/head_link/visuals/mesh_0) but MaterialBindingAPI is not applied on the prim
Warning: in BindingsAtPrim at line 671 of /Users/runner/work/OpenUSD/OpenUSD/pxr/usd/usdShade/materialBindingAPI.cpp -- Found material bindings on prim at path (/g1/left_shoulder_pitch_link/visuals/mesh_0) but MaterialBindingAPI is not applied on the prim
Warning: in BindingsAtPrim at line 671 of /Users/runner/work/OpenUSD/OpenUSD/pxr/usd/usdShade/materialBindingAPI.cpp -- Found material bindings on prim at path (/g1/left_shoulder_roll_link/visuals/mesh_0) but MaterialBindingAPI is not applied on the prim
Warning: in BindingsAtPrim at line 671 of /Users/runner/work/OpenUSD/OpenUSD/pxr/usd/usdShade/materialBindingAPI.cpp -- Found material bindings on prim at path (/g1/left_shoulder_yaw_link/visuals/mesh_0) but MaterialBindingAPI is not applied on the prim
Warning: in BindingsAtPrim at line 671 of /Users/runner/work/OpenUSD/OpenUSD/pxr/usd/usdShade/materialBindingAPI.cpp -- Found material bindings on prim at path (/g1/left_elbow_pitch_link/visuals/mesh_0) but MaterialBindingAPI is not applied on the prim
Warning: in BindingsAtPrim at line 671 of /Users/runner/work/OpenUSD/OpenUSD/pxr/usd/usdShade/materialBindingAPI.cpp -- Found material bindings on prim at path (/g1/left_elbow_roll_link/visuals/mesh_0) but MaterialBindingAPI is not applied on the prim
Warning: in BindingsAtPrim at line 671 of /Users/runner/work/OpenUSD/OpenUSD/pxr/usd/usdShade/materialBindingAPI.cpp -- Found material bindings on prim at path (/g1/left_palm_link/visuals/mesh_0) but MaterialBindingAPI is not applied on the prim
Warning: in BindingsAtPrim at line 671 of /Users/runner/work/OpenUSD/OpenUSD/pxr/usd/usdShade/materialBindingAPI.cpp -- Found material bindings on prim at path (/g1/left_five_link/visuals/mesh_0) but MaterialBindingAPI is not applied on the prim
Warning: in BindingsAtPrim at line 671 of /Users/runner/work/OpenUSD/OpenUSD/pxr/usd/usdShade/materialBindingAPI.cpp -- Found material bindings on prim at path (/g1/left_six_link/visuals/mesh_0) but MaterialBindingAPI is not applied on the prim
Warning: in BindingsAtPrim at line 671 of /Users/runner/work/OpenUSD/OpenUSD/pxr/usd/usdShade/materialBindingAPI.cpp -- Found material bindings on prim at path (/g1/left_three_link/visuals/mesh_0) but MaterialBindingAPI is not applied on the prim
Warning: in BindingsAtPrim at line 671 of /Users/runner/work/OpenUSD/OpenUSD/pxr/usd/usdShade/materialBindingAPI.cpp -- Found material bindings on prim at path (/g1/left_four_link/visuals/mesh_0) but MaterialBindingAPI is not applied on the prim
Warning: in BindingsAtPrim at line 671 of /Users/runner/work/OpenUSD/OpenUSD/pxr/usd/usdShade/materialBindingAPI.cpp -- Found material bindings on prim at path (/g1/left_zero_link/visuals/mesh_0) but MaterialBindingAPI is not applied on the prim
Warning: in BindingsAtPrim at line 671 of /Users/runner/work/OpenUSD/OpenUSD/pxr/usd/usdShade/materialBindingAPI.cpp -- Found material bindings on prim at path (/g1/left_one_link/visuals/mesh_0) but MaterialBindingAPI is not applied on the prim
Warning: in BindingsAtPrim at line 671 of /Users/runner/work/OpenUSD/OpenUSD/pxr/usd/usdShade/materialBindingAPI.cpp -- Found material bindings on prim at path (/g1/left_two_link/visuals/mesh_0) but MaterialBindingAPI is not applied on the prim
Warning: in BindingsAtPrim at line 671 of /Users/runner/work/OpenUSD/OpenUSD/pxr/usd/usdShade/materialBindingAPI.cpp -- Found material bindings on prim at path (/g1/logo_link/visuals/mesh_0) but MaterialBindingAPI is not applied on the prim
Warning: in BindingsAtPrim at line 671 of /Users/runner/work/OpenUSD/OpenUSD/pxr/usd/usdShade/materialBindingAPI.cpp -- Found material bindings on prim at path (/g1/right_shoulder_pitch_link/visuals/mesh_0) but MaterialBindingAPI is not applied on the prim
Warning: in BindingsAtPrim at line 671 of /Users/runner/work/OpenUSD/OpenUSD/pxr/usd/usdShade/materialBindingAPI.cpp -- Found material bindings on prim at path (/g1/right_shoulder_roll_link/visuals/mesh_0) but MaterialBindingAPI is not applied on the prim
Warning: in BindingsAtPrim at line 671 of /Users/runner/work/OpenUSD/OpenUSD/pxr/usd/usdShade/materialBindingAPI.cpp -- Found material bindings on prim at path (/g1/right_shoulder_yaw_link/visuals/mesh_0) but MaterialBindingAPI is not applied on the prim
Warning: in BindingsAtPrim at line 671 of /Users/runner/work/OpenUSD/OpenUSD/pxr/usd/usdShade/materialBindingAPI.cpp -- Found material bindings on prim at path (/g1/right_elbow_pitch_link/visuals/mesh_0) but MaterialBindingAPI is not applied on the prim
Warning: in BindingsAtPrim at line 671 of /Users/runner/work/OpenUSD/OpenUSD/pxr/usd/usdShade/materialBindingAPI.cpp -- Found material bindings on prim at path (/g1/right_elbow_roll_link/visuals/mesh_0) but MaterialBindingAPI is not applied on the prim
Warning: in BindingsAtPrim at line 671 of /Users/runner/work/OpenUSD/OpenUSD/pxr/usd/usdShade/materialBindingAPI.cpp -- Found material bindings on prim at path (/g1/right_palm_link/visuals/mesh_0) but MaterialBindingAPI is not applied on the prim
Warning: in BindingsAtPrim at line 671 of /Users/runner/work/OpenUSD/OpenUSD/pxr/usd/usdShade/materialBindingAPI.cpp -- Found material bindings on prim at path (/g1/right_five_link/visuals/mesh_0) but MaterialBindingAPI is not applied on the prim
Warning: in BindingsAtPrim at line 671 of /Users/runner/work/OpenUSD/OpenUSD/pxr/usd/usdShade/materialBindingAPI.cpp -- Found material bindings on prim at path (/g1/right_six_link/visuals/mesh_0) but MaterialBindingAPI is not applied on the prim
Warning: in BindingsAtPrim at line 671 of /Users/runner/work/OpenUSD/OpenUSD/pxr/usd/usdShade/materialBindingAPI.cpp -- Found material bindings on prim at path (/g1/right_three_link/visuals/mesh_0) but MaterialBindingAPI is not applied on the prim
Warning: in BindingsAtPrim at line 671 of /Users/runner/work/OpenUSD/OpenUSD/pxr/usd/usdShade/materialBindingAPI.cpp -- Found material bindings on prim at path (/g1/right_four_link/visuals/mesh_0) but MaterialBindingAPI is not applied on the prim
Warning: in BindingsAtPrim at line 671 of /Users/runner/work/OpenUSD/OpenUSD/pxr/usd/usdShade/materialBindingAPI.cpp -- Found material bindings on prim at path (/g1/right_zero_link/visuals/mesh_0) but MaterialBindingAPI is not applied on the prim
Warning: in BindingsAtPrim at line 671 of /Users/runner/work/OpenUSD/OpenUSD/pxr/usd/usdShade/materialBindingAPI.cpp -- Found material bindings on prim at path (/g1/right_one_link/visuals/mesh_0) but MaterialBindingAPI is not applied on the prim
Warning: in BindingsAtPrim at line 671 of /Users/runner/work/OpenUSD/OpenUSD/pxr/usd/usdShade/materialBindingAPI.cpp -- Found material bindings on prim at path (/g1/right_two_link/visuals/mesh_0) but MaterialBindingAPI is not applied on the prim
Warp 1.18.0.dev20260917 initialized:
   CUDA not enabled in this build
   Devices:
     "cpu"      : "arm"
     "metal:0"  : "Apple M4 Max" (Metal)
   Kernel cache:
     /Users/aditya/Library/Caches/warp/1.18.0.dev20260917
Module mujoco_warp._src.smooth ea5c7c8 load on device 'metal:0' took 26.76 ms  (cached)
Module _nxn_broadphase__locals__kernel_13ac863e 13ac863 load on device 'metal:0' took 17.70 ms  (cached)
Module ccd_kernel_builder__locals__ccd_kernel_8a5df304 8a5df30 load on device 'metal:0' took 25.93 ms  (cached)
Module _primitive_narrowphase__locals__primitive_narrowphase_78fb2dbf 78fb2db load on device 'metal:0' took 20.07 ms  (cached)
Module mujoco_warp._src.constraint 2c64b8d load on device 'metal:0' took 16.77 ms  (cached)
Module _friction_dof__locals__kernel_71517a5a 71517a5 load on device 'metal:0' took 17.07 ms  (cached)
Module _limit_slide_hinge__locals__kernel_77544377 7754437 load on device 'metal:0' took 17.08 ms  (cached)
Module _efc_contact_init__locals__kernel_61c7a354 61c7a35 load on device 'metal:0' took 16.48 ms  (cached)
Module _efc_contact_jac_dense__locals__kernel_d7afd5bd e96e9eb load on device 'metal:0' took 16.98 ms  (cached)
Module _efc_contact_update__locals__kernel_a78f94fc a78f94f load on device 'metal:0' took 16.67 ms  (cached)
Module mujoco_warp._src.forward 64fd1ac load on device 'metal:0' took 22.71 ms  (cached)
Module mujoco_warp._src.passive 9eecbc5 load on device 'metal:0' took 21.04 ms  (cached)
Module _qfrc_passive_kernel__locals__kernel_41a4523d 41a4523 load on device 'metal:0' took 16.30 ms  (cached)
Module mujoco_warp._src.forward 8644a19 load on device 'metal:0' took 22.36 ms  (cached)
Module _qfrc_smooth__locals__kernel_5565c635 5565c63 load on device 'metal:0' took 16.66 ms  (cached)
Module mujoco_warp._src.support 8e2ca55 load on device 'metal:0' took 16.77 ms  (cached)
Module _tile_cholesky_factorize_solve_block__locals__kernel_c849d179 af018c2 load on device 'metal:0' took 16.29 ms  (cached)
Module _solve_init_dof__locals__kernel_6c9fecda 6c9fecd load on device 'metal:0' took 15.80 ms  (cached)
Module mujoco_warp._src.solver b7da940 load on device 'metal:0' took 17.50 ms  (cached)
Module _solve_init_jaref_kernel__locals__kernel_c92100ed c92100e load on device 'metal:0' took 16.48 ms  (cached)
Module mul_m_kernel__locals___mul_m_924d61d1 924d61d load on device 'metal:0' took 16.63 ms  (cached)
Module _update_constraint_efc__locals__kernel_59b76e16 59b76e1 load on device 'metal:0' took 16.40 ms  (cached)
Module _update_constraint_init_qfrc_constraint_dense__locals__kernel_5a6ce8fb 5a6ce8f load on device 'metal:0' took 16.44 ms  (cached)
Module _update_gradient_zero_grad_dot__locals__kernel_563a7193 563a719 load on device 'metal:0' took 16.35 ms  (cached)
Module _update_gradient_grad__locals__kernel_a8ff13d7 a8ff13d load on device 'metal:0' took 16.58 ms  (cached)
Module _update_gradient_JTDAJ_dense_tiled__locals__kernel_3d0778ce b888581 load on device 'metal:0' took 16.47 ms  (cached)
Module _update_gradient_cholesky__locals__kernel_2fc8ec32 e7e5510 load on device 'metal:0' took 16.66 ms  (cached)
Module _linesearch_iterative_kernel__locals__kernel_e82cf69b 8525b45 load on device 'metal:0' took 17.81 ms  (cached)
Module _update_constraint_efc__locals__kernel_bf65bc4b bf65bc4 load on device 'metal:0' took 16.68 ms  (cached)
Module _update_constraint_init_qfrc_constraint_dense__locals__kernel_1a551002 1a55100 load on device 'metal:0' took 16.34 ms  (cached)
Module _update_gradient_zero_grad_dot__locals__kernel_65cece82 65cece8 load on device 'metal:0' took 16.30 ms  (cached)
Module _update_gradient_grad__locals__kernel_e1825747 e182574 load on device 'metal:0' took 16.20 ms  (cached)
Module _update_gradient_h_incremental_cholesky__locals__kernel_c2df9e85 4ace2d1 load on device 'metal:0' took 16.80 ms  (cached)
Module _solve_done__locals__kernel_0b0b8060 0b0b806 load on device 'metal:0' took 16.39 ms  (cached)
Module mujoco_warp._src.sensor 05b20a3 load on device 'metal:0' took 26.98 ms  (cached)
Module mujoco_warp._src.derivative e042361 load on device 'metal:0' took 19.34 ms  (cached)
Module _next_time_builder__locals___next_time_46990cad 46990ca load on device 'metal:0' took 16.31 ms  (cached)
Module reset_data__locals__reset_xfrc_applied_23cf7deb 23cf7de load on device 'metal:0' took 16.38 ms  (cached)
Module reset_data__locals__reset_M_4a6094a4 4a6094a load on device 'metal:0' took 16.56 ms  (cached)
Module reset_data__locals__reset_mocap_7457a9a8 7457a9a load on device 'metal:0' took 16.37 ms  (cached)
Module reset_data__locals__reset_contact_51a17304 51a1730 load on device 'metal:0' took 16.57 ms  (cached)
Module reset_data__locals__reset_sleep_e31fb6d1 e31fb6d load on device 'metal:0' took 16.57 ms  (cached)
Module reset_data__locals__reset_nworld_881fbae0 881fbae load on device 'metal:0' took 16.36 ms  (cached)
Module metalsim.physics.solver_presets 3e935cd load on device 'metal:0' took 17.79 ms  (cached)
Module metalsim.sensors.contact 620b2e7 load on device 'metal:0' took 19.03 ms  (cached)
Module __main__ 7eb52f0 load on device 'metal:0' took 17.16 ms  (cached)
[metalsim] A_hold: 150 steps, final root z [0.05379926 0.05379926 0.05379654 0.05379926]
[metalsim] B_random: 250 steps, final root z [0.11750044 0.09054894 0.10332643 0.09761205]
[metalsim] C_drop: 150 steps, final root z [0.05379817 0.05379817 0.05379817 0.05379149]
   compare exit 0
-- record isaaclab3_collide_every_substep (--solver_cfg isaaclab3_collide_every_substep) 14:49:51
Warning: in BindingsAtPrim at line 671 of /Users/runner/work/OpenUSD/OpenUSD/pxr/usd/usdShade/materialBindingAPI.cpp -- Found material bindings on prim at path (/g1/pelvis/visuals/mesh_0) but MaterialBindingAPI is not applied on the prim
Warning: in BindingsAtPrim at line 671 of /Users/runner/work/OpenUSD/OpenUSD/pxr/usd/usdShade/materialBindingAPI.cpp -- Found material bindings on prim at path (/g1/left_hip_pitch_link/visuals/mesh_0) but MaterialBindingAPI is not applied on the prim
Warning: in BindingsAtPrim at line 671 of /Users/runner/work/OpenUSD/OpenUSD/pxr/usd/usdShade/materialBindingAPI.cpp -- Found material bindings on prim at path (/g1/left_hip_roll_link/visuals/mesh_0) but MaterialBindingAPI is not applied on the prim
Warning: in BindingsAtPrim at line 671 of /Users/runner/work/OpenUSD/OpenUSD/pxr/usd/usdShade/materialBindingAPI.cpp -- Found material bindings on prim at path (/g1/left_hip_yaw_link/visuals/mesh_0) but MaterialBindingAPI is not applied on the prim
Warning: in BindingsAtPrim at line 671 of /Users/runner/work/OpenUSD/OpenUSD/pxr/usd/usdShade/materialBindingAPI.cpp -- Found material bindings on prim at path (/g1/left_knee_link/visuals/mesh_0) but MaterialBindingAPI is not applied on the prim
Warning: in BindingsAtPrim at line 671 of /Users/runner/work/OpenUSD/OpenUSD/pxr/usd/usdShade/materialBindingAPI.cpp -- Found material bindings on prim at path (/g1/left_ankle_pitch_link/visuals/mesh_0) but MaterialBindingAPI is not applied on the prim
Warning: in BindingsAtPrim at line 671 of /Users/runner/work/OpenUSD/OpenUSD/pxr/usd/usdShade/materialBindingAPI.cpp -- Found material bindings on prim at path (/g1/left_ankle_roll_link/visuals/mesh_0) but MaterialBindingAPI is not applied on the prim
Warning: in BindingsAtPrim at line 671 of /Users/runner/work/OpenUSD/OpenUSD/pxr/usd/usdShade/materialBindingAPI.cpp -- Found material bindings on prim at path (/g1/pelvis_contour_link/visuals/mesh_0) but MaterialBindingAPI is not applied on the prim
Warning: in BindingsAtPrim at line 671 of /Users/runner/work/OpenUSD/OpenUSD/pxr/usd/usdShade/materialBindingAPI.cpp -- Found material bindings on prim at path (/g1/right_hip_pitch_link/visuals/mesh_0) but MaterialBindingAPI is not applied on the prim
Warning: in BindingsAtPrim at line 671 of /Users/runner/work/OpenUSD/OpenUSD/pxr/usd/usdShade/materialBindingAPI.cpp -- Found material bindings on prim at path (/g1/right_hip_roll_link/visuals/mesh_0) but MaterialBindingAPI is not applied on the prim
Warning: in BindingsAtPrim at line 671 of /Users/runner/work/OpenUSD/OpenUSD/pxr/usd/usdShade/materialBindingAPI.cpp -- Found material bindings on prim at path (/g1/right_hip_yaw_link/visuals/mesh_0) but MaterialBindingAPI is not applied on the prim
Warning: in BindingsAtPrim at line 671 of /Users/runner/work/OpenUSD/OpenUSD/pxr/usd/usdShade/materialBindingAPI.cpp -- Found material bindings on prim at path (/g1/right_knee_link/visuals/mesh_0) but MaterialBindingAPI is not applied on the prim
Warning: in BindingsAtPrim at line 671 of /Users/runner/work/OpenUSD/OpenUSD/pxr/usd/usdShade/materialBindingAPI.cpp -- Found material bindings on prim at path (/g1/right_ankle_pitch_link/visuals/mesh_0) but MaterialBindingAPI is not applied on the prim
Warning: in BindingsAtPrim at line 671 of /Users/runner/work/OpenUSD/OpenUSD/pxr/usd/usdShade/materialBindingAPI.cpp -- Found material bindings on prim at path (/g1/right_ankle_roll_link/visuals/mesh_0) but MaterialBindingAPI is not applied on the prim
Warning: in BindingsAtPrim at line 671 of /Users/runner/work/OpenUSD/OpenUSD/pxr/usd/usdShade/materialBindingAPI.cpp -- Found material bindings on prim at path (/g1/torso_link/visuals/mesh_0) but MaterialBindingAPI is not applied on the prim
Warning: in BindingsAtPrim at line 671 of /Users/runner/work/OpenUSD/OpenUSD/pxr/usd/usdShade/materialBindingAPI.cpp -- Found material bindings on prim at path (/g1/head_link/visuals/mesh_0) but MaterialBindingAPI is not applied on the prim
Warning: in BindingsAtPrim at line 671 of /Users/runner/work/OpenUSD/OpenUSD/pxr/usd/usdShade/materialBindingAPI.cpp -- Found material bindings on prim at path (/g1/left_shoulder_pitch_link/visuals/mesh_0) but MaterialBindingAPI is not applied on the prim
Warning: in BindingsAtPrim at line 671 of /Users/runner/work/OpenUSD/OpenUSD/pxr/usd/usdShade/materialBindingAPI.cpp -- Found material bindings on prim at path (/g1/left_shoulder_roll_link/visuals/mesh_0) but MaterialBindingAPI is not applied on the prim
Warning: in BindingsAtPrim at line 671 of /Users/runner/work/OpenUSD/OpenUSD/pxr/usd/usdShade/materialBindingAPI.cpp -- Found material bindings on prim at path (/g1/left_shoulder_yaw_link/visuals/mesh_0) but MaterialBindingAPI is not applied on the prim
Warning: in BindingsAtPrim at line 671 of /Users/runner/work/OpenUSD/OpenUSD/pxr/usd/usdShade/materialBindingAPI.cpp -- Found material bindings on prim at path (/g1/left_elbow_pitch_link/visuals/mesh_0) but MaterialBindingAPI is not applied on the prim
Warning: in BindingsAtPrim at line 671 of /Users/runner/work/OpenUSD/OpenUSD/pxr/usd/usdShade/materialBindingAPI.cpp -- Found material bindings on prim at path (/g1/left_elbow_roll_link/visuals/mesh_0) but MaterialBindingAPI is not applied on the prim
Warning: in BindingsAtPrim at line 671 of /Users/runner/work/OpenUSD/OpenUSD/pxr/usd/usdShade/materialBindingAPI.cpp -- Found material bindings on prim at path (/g1/left_palm_link/visuals/mesh_0) but MaterialBindingAPI is not applied on the prim
Warning: in BindingsAtPrim at line 671 of /Users/runner/work/OpenUSD/OpenUSD/pxr/usd/usdShade/materialBindingAPI.cpp -- Found material bindings on prim at path (/g1/left_five_link/visuals/mesh_0) but MaterialBindingAPI is not applied on the prim
Warning: in BindingsAtPrim at line 671 of /Users/runner/work/OpenUSD/OpenUSD/pxr/usd/usdShade/materialBindingAPI.cpp -- Found material bindings on prim at path (/g1/left_six_link/visuals/mesh_0) but MaterialBindingAPI is not applied on the prim
Warning: in BindingsAtPrim at line 671 of /Users/runner/work/OpenUSD/OpenUSD/pxr/usd/usdShade/materialBindingAPI.cpp -- Found material bindings on prim at path (/g1/left_three_link/visuals/mesh_0) but MaterialBindingAPI is not applied on the prim
Warning: in BindingsAtPrim at line 671 of /Users/runner/work/OpenUSD/OpenUSD/pxr/usd/usdShade/materialBindingAPI.cpp -- Found material bindings on prim at path (/g1/left_four_link/visuals/mesh_0) but MaterialBindingAPI is not applied on the prim
Warning: in BindingsAtPrim at line 671 of /Users/runner/work/OpenUSD/OpenUSD/pxr/usd/usdShade/materialBindingAPI.cpp -- Found material bindings on prim at path (/g1/left_zero_link/visuals/mesh_0) but MaterialBindingAPI is not applied on the prim
Warning: in BindingsAtPrim at line 671 of /Users/runner/work/OpenUSD/OpenUSD/pxr/usd/usdShade/materialBindingAPI.cpp -- Found material bindings on prim at path (/g1/left_one_link/visuals/mesh_0) but MaterialBindingAPI is not applied on the prim
Warning: in BindingsAtPrim at line 671 of /Users/runner/work/OpenUSD/OpenUSD/pxr/usd/usdShade/materialBindingAPI.cpp -- Found material bindings on prim at path (/g1/left_two_link/visuals/mesh_0) but MaterialBindingAPI is not applied on the prim
Warning: in BindingsAtPrim at line 671 of /Users/runner/work/OpenUSD/OpenUSD/pxr/usd/usdShade/materialBindingAPI.cpp -- Found material bindings on prim at path (/g1/logo_link/visuals/mesh_0) but MaterialBindingAPI is not applied on the prim
Warning: in BindingsAtPrim at line 671 of /Users/runner/work/OpenUSD/OpenUSD/pxr/usd/usdShade/materialBindingAPI.cpp -- Found material bindings on prim at path (/g1/right_shoulder_pitch_link/visuals/mesh_0) but MaterialBindingAPI is not applied on the prim
Warning: in BindingsAtPrim at line 671 of /Users/runner/work/OpenUSD/OpenUSD/pxr/usd/usdShade/materialBindingAPI.cpp -- Found material bindings on prim at path (/g1/right_shoulder_roll_link/visuals/mesh_0) but MaterialBindingAPI is not applied on the prim
Warning: in BindingsAtPrim at line 671 of /Users/runner/work/OpenUSD/OpenUSD/pxr/usd/usdShade/materialBindingAPI.cpp -- Found material bindings on prim at path (/g1/right_shoulder_yaw_link/visuals/mesh_0) but MaterialBindingAPI is not applied on the prim
Warning: in BindingsAtPrim at line 671 of /Users/runner/work/OpenUSD/OpenUSD/pxr/usd/usdShade/materialBindingAPI.cpp -- Found material bindings on prim at path (/g1/right_elbow_pitch_link/visuals/mesh_0) but MaterialBindingAPI is not applied on the prim
Warning: in BindingsAtPrim at line 671 of /Users/runner/work/OpenUSD/OpenUSD/pxr/usd/usdShade/materialBindingAPI.cpp -- Found material bindings on prim at path (/g1/right_elbow_roll_link/visuals/mesh_0) but MaterialBindingAPI is not applied on the prim
Warning: in BindingsAtPrim at line 671 of /Users/runner/work/OpenUSD/OpenUSD/pxr/usd/usdShade/materialBindingAPI.cpp -- Found material bindings on prim at path (/g1/right_palm_link/visuals/mesh_0) but MaterialBindingAPI is not applied on the prim
Warning: in BindingsAtPrim at line 671 of /Users/runner/work/OpenUSD/OpenUSD/pxr/usd/usdShade/materialBindingAPI.cpp -- Found material bindings on prim at path (/g1/right_five_link/visuals/mesh_0) but MaterialBindingAPI is not applied on the prim
Warning: in BindingsAtPrim at line 671 of /Users/runner/work/OpenUSD/OpenUSD/pxr/usd/usdShade/materialBindingAPI.cpp -- Found material bindings on prim at path (/g1/right_six_link/visuals/mesh_0) but MaterialBindingAPI is not applied on the prim
Warning: in BindingsAtPrim at line 671 of /Users/runner/work/OpenUSD/OpenUSD/pxr/usd/usdShade/materialBindingAPI.cpp -- Found material bindings on prim at path (/g1/right_three_link/visuals/mesh_0) but MaterialBindingAPI is not applied on the prim
Warning: in BindingsAtPrim at line 671 of /Users/runner/work/OpenUSD/OpenUSD/pxr/usd/usdShade/materialBindingAPI.cpp -- Found material bindings on prim at path (/g1/right_four_link/visuals/mesh_0) but MaterialBindingAPI is not applied on the prim
Warning: in BindingsAtPrim at line 671 of /Users/runner/work/OpenUSD/OpenUSD/pxr/usd/usdShade/materialBindingAPI.cpp -- Found material bindings on prim at path (/g1/right_zero_link/visuals/mesh_0) but MaterialBindingAPI is not applied on the prim
Warning: in BindingsAtPrim at line 671 of /Users/runner/work/OpenUSD/OpenUSD/pxr/usd/usdShade/materialBindingAPI.cpp -- Found material bindings on prim at path (/g1/right_one_link/visuals/mesh_0) but MaterialBindingAPI is not applied on the prim
Warning: in BindingsAtPrim at line 671 of /Users/runner/work/OpenUSD/OpenUSD/pxr/usd/usdShade/materialBindingAPI.cpp -- Found material bindings on prim at path (/g1/right_two_link/visuals/mesh_0) but MaterialBindingAPI is not applied on the prim
Warp 1.18.0.dev20260917 initialized:
   CUDA not enabled in this build
   Devices:
     "cpu"      : "arm"
     "metal:0"  : "Apple M4 Max" (Metal)
   Kernel cache:
     /Users/aditya/Library/Caches/warp/1.18.0.dev20260917
Module mujoco_warp._src.smooth ea5c7c8 load on device 'metal:0' took 27.75 ms  (cached)
Module _nxn_broadphase__locals__kernel_13ac863e 13ac863 load on device 'metal:0' took 17.69 ms  (cached)
Module ccd_kernel_builder__locals__ccd_kernel_8a5df304 8a5df30 load on device 'metal:0' took 26.15 ms  (cached)
Module _primitive_narrowphase__locals__primitive_narrowphase_78fb2dbf 78fb2db load on device 'metal:0' took 20.28 ms  (cached)
Module mujoco_warp._src.constraint 2c64b8d load on device 'metal:0' took 16.84 ms  (cached)
Module _friction_dof__locals__kernel_71517a5a 71517a5 load on device 'metal:0' took 17.15 ms  (cached)
Module _limit_slide_hinge__locals__kernel_77544377 7754437 load on device 'metal:0' took 17.09 ms  (cached)
Module _efc_contact_init__locals__kernel_61c7a354 61c7a35 load on device 'metal:0' took 16.72 ms  (cached)
Module _efc_contact_jac_dense__locals__kernel_d7afd5bd e96e9eb load on device 'metal:0' took 16.87 ms  (cached)
Module _efc_contact_update__locals__kernel_a78f94fc a78f94f load on device 'metal:0' took 16.89 ms  (cached)
Module mujoco_warp._src.forward 64fd1ac load on device 'metal:0' took 22.73 ms  (cached)
Module mujoco_warp._src.passive 9eecbc5 load on device 'metal:0' took 22.01 ms  (cached)
Module _qfrc_passive_kernel__locals__kernel_41a4523d 41a4523 load on device 'metal:0' took 16.37 ms  (cached)
Module mujoco_warp._src.forward 8644a19 load on device 'metal:0' took 23.94 ms  (cached)
Module _qfrc_smooth__locals__kernel_5565c635 5565c63 load on device 'metal:0' took 17.85 ms  (cached)
Module mujoco_warp._src.support 8e2ca55 load on device 'metal:0' took 17.75 ms  (cached)
Module _tile_cholesky_factorize_solve_block__locals__kernel_c849d179 af018c2 load on device 'metal:0' took 17.76 ms  (cached)
Module _solve_init_dof__locals__kernel_6c9fecda 6c9fecd load on device 'metal:0' took 18.61 ms  (cached)
Module mujoco_warp._src.solver b7da940 load on device 'metal:0' took 17.83 ms  (cached)
Module _solve_init_jaref_kernel__locals__kernel_c92100ed c92100e load on device 'metal:0' took 16.74 ms  (cached)
Module mul_m_kernel__locals___mul_m_924d61d1 924d61d load on device 'metal:0' took 16.69 ms  (cached)
Module _update_constraint_efc__locals__kernel_59b76e16 59b76e1 load on device 'metal:0' took 16.68 ms  (cached)
Module _update_constraint_init_qfrc_constraint_dense__locals__kernel_5a6ce8fb 5a6ce8f load on device 'metal:0' took 16.68 ms  (cached)
Module _update_gradient_zero_grad_dot__locals__kernel_563a7193 563a719 load on device 'metal:0' took 16.49 ms  (cached)
Module _update_gradient_grad__locals__kernel_a8ff13d7 a8ff13d load on device 'metal:0' took 16.51 ms  (cached)
Module _update_gradient_JTDAJ_dense_tiled__locals__kernel_3d0778ce b888581 load on device 'metal:0' took 16.75 ms  (cached)
Module _update_gradient_cholesky__locals__kernel_2fc8ec32 e7e5510 load on device 'metal:0' took 16.29 ms  (cached)
Module _linesearch_iterative_kernel__locals__kernel_e82cf69b 8525b45 load on device 'metal:0' took 17.65 ms  (cached)
Module _update_constraint_efc__locals__kernel_bf65bc4b bf65bc4 load on device 'metal:0' took 16.73 ms  (cached)
Module _update_constraint_init_qfrc_constraint_dense__locals__kernel_1a551002 1a55100 load on device 'metal:0' took 16.61 ms  (cached)
Module _update_gradient_zero_grad_dot__locals__kernel_65cece82 65cece8 load on device 'metal:0' took 16.47 ms  (cached)
Module _update_gradient_grad__locals__kernel_e1825747 e182574 load on device 'metal:0' took 16.50 ms  (cached)
Module _update_gradient_h_incremental_cholesky__locals__kernel_c2df9e85 4ace2d1 load on device 'metal:0' took 16.59 ms  (cached)
Module _solve_done__locals__kernel_0b0b8060 0b0b806 load on device 'metal:0' took 16.56 ms  (cached)
Module mujoco_warp._src.sensor 05b20a3 load on device 'metal:0' took 27.02 ms  (cached)
Module mujoco_warp._src.derivative e042361 load on device 'metal:0' took 19.18 ms  (cached)
Module _next_time_builder__locals___next_time_46990cad 46990ca load on device 'metal:0' took 16.81 ms  (cached)
Module reset_data__locals__reset_xfrc_applied_23cf7deb 23cf7de load on device 'metal:0' took 16.80 ms  (cached)
Module reset_data__locals__reset_M_4a6094a4 4a6094a load on device 'metal:0' took 24.84 ms  (cached)
Module reset_data__locals__reset_mocap_7457a9a8 7457a9a load on device 'metal:0' took 16.54 ms  (cached)
Module reset_data__locals__reset_contact_51a17304 51a1730 load on device 'metal:0' took 16.20 ms  (cached)
Module reset_data__locals__reset_sleep_e31fb6d1 e31fb6d load on device 'metal:0' took 16.56 ms  (cached)
Module reset_data__locals__reset_nworld_881fbae0 881fbae load on device 'metal:0' took 16.54 ms  (cached)
Module metalsim.sensors.contact 620b2e7 load on device 'metal:0' took 19.86 ms  (cached)
Module __main__ 7eb52f0 load on device 'metal:0' took 17.08 ms  (cached)
[metalsim] A_hold: 150 steps, final root z [0.05379912 0.05379912 0.05379912 0.05379912]
[metalsim] B_random: 250 steps, final root z [0.08304149 0.10888208 0.08714402 0.10763229]
[metalsim] C_drop: 150 steps, final root z [0.05379961 0.05379985 0.05379707 0.05379985]
   compare exit 0
-- record isaaclab3_hardlimits (--solver_cfg isaaclab3_hardlimits) 14:50:27
Warning: in BindingsAtPrim at line 671 of /Users/runner/work/OpenUSD/OpenUSD/pxr/usd/usdShade/materialBindingAPI.cpp -- Found material bindings on prim at path (/g1/pelvis/visuals/mesh_0) but MaterialBindingAPI is not applied on the prim
Warning: in BindingsAtPrim at line 671 of /Users/runner/work/OpenUSD/OpenUSD/pxr/usd/usdShade/materialBindingAPI.cpp -- Found material bindings on prim at path (/g1/left_hip_pitch_link/visuals/mesh_0) but MaterialBindingAPI is not applied on the prim
Warning: in BindingsAtPrim at line 671 of /Users/runner/work/OpenUSD/OpenUSD/pxr/usd/usdShade/materialBindingAPI.cpp -- Found material bindings on prim at path (/g1/left_hip_roll_link/visuals/mesh_0) but MaterialBindingAPI is not applied on the prim
Warning: in BindingsAtPrim at line 671 of /Users/runner/work/OpenUSD/OpenUSD/pxr/usd/usdShade/materialBindingAPI.cpp -- Found material bindings on prim at path (/g1/left_hip_yaw_link/visuals/mesh_0) but MaterialBindingAPI is not applied on the prim
Warning: in BindingsAtPrim at line 671 of /Users/runner/work/OpenUSD/OpenUSD/pxr/usd/usdShade/materialBindingAPI.cpp -- Found material bindings on prim at path (/g1/left_knee_link/visuals/mesh_0) but MaterialBindingAPI is not applied on the prim
Warning: in BindingsAtPrim at line 671 of /Users/runner/work/OpenUSD/OpenUSD/pxr/usd/usdShade/materialBindingAPI.cpp -- Found material bindings on prim at path (/g1/left_ankle_pitch_link/visuals/mesh_0) but MaterialBindingAPI is not applied on the prim
Warning: in BindingsAtPrim at line 671 of /Users/runner/work/OpenUSD/OpenUSD/pxr/usd/usdShade/materialBindingAPI.cpp -- Found material bindings on prim at path (/g1/left_ankle_roll_link/visuals/mesh_0) but MaterialBindingAPI is not applied on the prim
Warning: in BindingsAtPrim at line 671 of /Users/runner/work/OpenUSD/OpenUSD/pxr/usd/usdShade/materialBindingAPI.cpp -- Found material bindings on prim at path (/g1/pelvis_contour_link/visuals/mesh_0) but MaterialBindingAPI is not applied on the prim
Warning: in BindingsAtPrim at line 671 of /Users/runner/work/OpenUSD/OpenUSD/pxr/usd/usdShade/materialBindingAPI.cpp -- Found material bindings on prim at path (/g1/right_hip_pitch_link/visuals/mesh_0) but MaterialBindingAPI is not applied on the prim
Warning: in BindingsAtPrim at line 671 of /Users/runner/work/OpenUSD/OpenUSD/pxr/usd/usdShade/materialBindingAPI.cpp -- Found material bindings on prim at path (/g1/right_hip_roll_link/visuals/mesh_0) but MaterialBindingAPI is not applied on the prim
Warning: in BindingsAtPrim at line 671 of /Users/runner/work/OpenUSD/OpenUSD/pxr/usd/usdShade/materialBindingAPI.cpp -- Found material bindings on prim at path (/g1/right_hip_yaw_link/visuals/mesh_0) but MaterialBindingAPI is not applied on the prim
Warning: in BindingsAtPrim at line 671 of /Users/runner/work/OpenUSD/OpenUSD/pxr/usd/usdShade/materialBindingAPI.cpp -- Found material bindings on prim at path (/g1/right_knee_link/visuals/mesh_0) but MaterialBindingAPI is not applied on the prim
Warning: in BindingsAtPrim at line 671 of /Users/runner/work/OpenUSD/OpenUSD/pxr/usd/usdShade/materialBindingAPI.cpp -- Found material bindings on prim at path (/g1/right_ankle_pitch_link/visuals/mesh_0) but MaterialBindingAPI is not applied on the prim
Warning: in BindingsAtPrim at line 671 of /Users/runner/work/OpenUSD/OpenUSD/pxr/usd/usdShade/materialBindingAPI.cpp -- Found material bindings on prim at path (/g1/right_ankle_roll_link/visuals/mesh_0) but MaterialBindingAPI is not applied on the prim
Warning: in BindingsAtPrim at line 671 of /Users/runner/work/OpenUSD/OpenUSD/pxr/usd/usdShade/materialBindingAPI.cpp -- Found material bindings on prim at path (/g1/torso_link/visuals/mesh_0) but MaterialBindingAPI is not applied on the prim
Warning: in BindingsAtPrim at line 671 of /Users/runner/work/OpenUSD/OpenUSD/pxr/usd/usdShade/materialBindingAPI.cpp -- Found material bindings on prim at path (/g1/head_link/visuals/mesh_0) but MaterialBindingAPI is not applied on the prim
Warning: in BindingsAtPrim at line 671 of /Users/runner/work/OpenUSD/OpenUSD/pxr/usd/usdShade/materialBindingAPI.cpp -- Found material bindings on prim at path (/g1/left_shoulder_pitch_link/visuals/mesh_0) but MaterialBindingAPI is not applied on the prim
Warning: in BindingsAtPrim at line 671 of /Users/runner/work/OpenUSD/OpenUSD/pxr/usd/usdShade/materialBindingAPI.cpp -- Found material bindings on prim at path (/g1/left_shoulder_roll_link/visuals/mesh_0) but MaterialBindingAPI is not applied on the prim
Warning: in BindingsAtPrim at line 671 of /Users/runner/work/OpenUSD/OpenUSD/pxr/usd/usdShade/materialBindingAPI.cpp -- Found material bindings on prim at path (/g1/left_shoulder_yaw_link/visuals/mesh_0) but MaterialBindingAPI is not applied on the prim
Warning: in BindingsAtPrim at line 671 of /Users/runner/work/OpenUSD/OpenUSD/pxr/usd/usdShade/materialBindingAPI.cpp -- Found material bindings on prim at path (/g1/left_elbow_pitch_link/visuals/mesh_0) but MaterialBindingAPI is not applied on the prim
Warning: in BindingsAtPrim at line 671 of /Users/runner/work/OpenUSD/OpenUSD/pxr/usd/usdShade/materialBindingAPI.cpp -- Found material bindings on prim at path (/g1/left_elbow_roll_link/visuals/mesh_0) but MaterialBindingAPI is not applied on the prim
Warning: in BindingsAtPrim at line 671 of /Users/runner/work/OpenUSD/OpenUSD/pxr/usd/usdShade/materialBindingAPI.cpp -- Found material bindings on prim at path (/g1/left_palm_link/visuals/mesh_0) but MaterialBindingAPI is not applied on the prim
Warning: in BindingsAtPrim at line 671 of /Users/runner/work/OpenUSD/OpenUSD/pxr/usd/usdShade/materialBindingAPI.cpp -- Found material bindings on prim at path (/g1/left_five_link/visuals/mesh_0) but MaterialBindingAPI is not applied on the prim
Warning: in BindingsAtPrim at line 671 of /Users/runner/work/OpenUSD/OpenUSD/pxr/usd/usdShade/materialBindingAPI.cpp -- Found material bindings on prim at path (/g1/left_six_link/visuals/mesh_0) but MaterialBindingAPI is not applied on the prim
Warning: in BindingsAtPrim at line 671 of /Users/runner/work/OpenUSD/OpenUSD/pxr/usd/usdShade/materialBindingAPI.cpp -- Found material bindings on prim at path (/g1/left_three_link/visuals/mesh_0) but MaterialBindingAPI is not applied on the prim
Warning: in BindingsAtPrim at line 671 of /Users/runner/work/OpenUSD/OpenUSD/pxr/usd/usdShade/materialBindingAPI.cpp -- Found material bindings on prim at path (/g1/left_four_link/visuals/mesh_0) but MaterialBindingAPI is not applied on the prim
Warning: in BindingsAtPrim at line 671 of /Users/runner/work/OpenUSD/OpenUSD/pxr/usd/usdShade/materialBindingAPI.cpp -- Found material bindings on prim at path (/g1/left_zero_link/visuals/mesh_0) but MaterialBindingAPI is not applied on the prim
Warning: in BindingsAtPrim at line 671 of /Users/runner/work/OpenUSD/OpenUSD/pxr/usd/usdShade/materialBindingAPI.cpp -- Found material bindings on prim at path (/g1/left_one_link/visuals/mesh_0) but MaterialBindingAPI is not applied on the prim
Warning: in BindingsAtPrim at line 671 of /Users/runner/work/OpenUSD/OpenUSD/pxr/usd/usdShade/materialBindingAPI.cpp -- Found material bindings on prim at path (/g1/left_two_link/visuals/mesh_0) but MaterialBindingAPI is not applied on the prim
Warning: in BindingsAtPrim at line 671 of /Users/runner/work/OpenUSD/OpenUSD/pxr/usd/usdShade/materialBindingAPI.cpp -- Found material bindings on prim at path (/g1/logo_link/visuals/mesh_0) but MaterialBindingAPI is not applied on the prim
Warning: in BindingsAtPrim at line 671 of /Users/runner/work/OpenUSD/OpenUSD/pxr/usd/usdShade/materialBindingAPI.cpp -- Found material bindings on prim at path (/g1/right_shoulder_pitch_link/visuals/mesh_0) but MaterialBindingAPI is not applied on the prim
Warning: in BindingsAtPrim at line 671 of /Users/runner/work/OpenUSD/OpenUSD/pxr/usd/usdShade/materialBindingAPI.cpp -- Found material bindings on prim at path (/g1/right_shoulder_roll_link/visuals/mesh_0) but MaterialBindingAPI is not applied on the prim
Warning: in BindingsAtPrim at line 671 of /Users/runner/work/OpenUSD/OpenUSD/pxr/usd/usdShade/materialBindingAPI.cpp -- Found material bindings on prim at path (/g1/right_shoulder_yaw_link/visuals/mesh_0) but MaterialBindingAPI is not applied on the prim
Warning: in BindingsAtPrim at line 671 of /Users/runner/work/OpenUSD/OpenUSD/pxr/usd/usdShade/materialBindingAPI.cpp -- Found material bindings on prim at path (/g1/right_elbow_pitch_link/visuals/mesh_0) but MaterialBindingAPI is not applied on the prim
Warning: in BindingsAtPrim at line 671 of /Users/runner/work/OpenUSD/OpenUSD/pxr/usd/usdShade/materialBindingAPI.cpp -- Found material bindings on prim at path (/g1/right_elbow_roll_link/visuals/mesh_0) but MaterialBindingAPI is not applied on the prim
Warning: in BindingsAtPrim at line 671 of /Users/runner/work/OpenUSD/OpenUSD/pxr/usd/usdShade/materialBindingAPI.cpp -- Found material bindings on prim at path (/g1/right_palm_link/visuals/mesh_0) but MaterialBindingAPI is not applied on the prim
Warning: in BindingsAtPrim at line 671 of /Users/runner/work/OpenUSD/OpenUSD/pxr/usd/usdShade/materialBindingAPI.cpp -- Found material bindings on prim at path (/g1/right_five_link/visuals/mesh_0) but MaterialBindingAPI is not applied on the prim
Warning: in BindingsAtPrim at line 671 of /Users/runner/work/OpenUSD/OpenUSD/pxr/usd/usdShade/materialBindingAPI.cpp -- Found material bindings on prim at path (/g1/right_six_link/visuals/mesh_0) but MaterialBindingAPI is not applied on the prim
Warning: in BindingsAtPrim at line 671 of /Users/runner/work/OpenUSD/OpenUSD/pxr/usd/usdShade/materialBindingAPI.cpp -- Found material bindings on prim at path (/g1/right_three_link/visuals/mesh_0) but MaterialBindingAPI is not applied on the prim
Warning: in BindingsAtPrim at line 671 of /Users/runner/work/OpenUSD/OpenUSD/pxr/usd/usdShade/materialBindingAPI.cpp -- Found material bindings on prim at path (/g1/right_four_link/visuals/mesh_0) but MaterialBindingAPI is not applied on the prim
Warning: in BindingsAtPrim at line 671 of /Users/runner/work/OpenUSD/OpenUSD/pxr/usd/usdShade/materialBindingAPI.cpp -- Found material bindings on prim at path (/g1/right_zero_link/visuals/mesh_0) but MaterialBindingAPI is not applied on the prim
Warning: in BindingsAtPrim at line 671 of /Users/runner/work/OpenUSD/OpenUSD/pxr/usd/usdShade/materialBindingAPI.cpp -- Found material bindings on prim at path (/g1/right_one_link/visuals/mesh_0) but MaterialBindingAPI is not applied on the prim
Warning: in BindingsAtPrim at line 671 of /Users/runner/work/OpenUSD/OpenUSD/pxr/usd/usdShade/materialBindingAPI.cpp -- Found material bindings on prim at path (/g1/right_two_link/visuals/mesh_0) but MaterialBindingAPI is not applied on the prim
Warp 1.18.0.dev20260917 initialized:
   CUDA not enabled in this build
   Devices:
     "cpu"      : "arm"
     "metal:0"  : "Apple M4 Max" (Metal)
   Kernel cache:
     /Users/aditya/Library/Caches/warp/1.18.0.dev20260917
Module mujoco_warp._src.smooth ea5c7c8 load on device 'metal:0' took 28.74 ms  (cached)
Module _nxn_broadphase__locals__kernel_13ac863e 13ac863 load on device 'metal:0' took 18.22 ms  (cached)
Module ccd_kernel_builder__locals__ccd_kernel_8a5df304 8a5df30 load on device 'metal:0' took 26.73 ms  (cached)
Module _primitive_narrowphase__locals__primitive_narrowphase_78fb2dbf 78fb2db load on device 'metal:0' took 19.83 ms  (cached)
Module mujoco_warp._src.constraint 2c64b8d load on device 'metal:0' took 17.03 ms  (cached)
Module _friction_dof__locals__kernel_71517a5a 71517a5 load on device 'metal:0' took 17.38 ms  (cached)
Module _limit_slide_hinge__locals__kernel_77544377 7754437 load on device 'metal:0' took 17.08 ms  (cached)
Module _efc_contact_init__locals__kernel_61c7a354 61c7a35 load on device 'metal:0' took 16.78 ms  (cached)
Module _efc_contact_jac_dense__locals__kernel_d7afd5bd e96e9eb load on device 'metal:0' took 17.25 ms  (cached)
Module _efc_contact_update__locals__kernel_a78f94fc a78f94f load on device 'metal:0' took 17.71 ms  (cached)
Module mujoco_warp._src.forward 64fd1ac load on device 'metal:0' took 23.05 ms  (cached)
Module mujoco_warp._src.passive 9eecbc5 load on device 'metal:0' took 22.27 ms  (cached)
Module _qfrc_passive_kernel__locals__kernel_41a4523d 41a4523 load on device 'metal:0' took 17.51 ms  (cached)
Module mujoco_warp._src.forward 8644a19 load on device 'metal:0' took 23.21 ms  (cached)
Module _qfrc_smooth__locals__kernel_5565c635 5565c63 load on device 'metal:0' took 16.85 ms  (cached)
Module mujoco_warp._src.support 8e2ca55 load on device 'metal:0' took 19.59 ms  (cached)
Module _tile_cholesky_factorize_solve_block__locals__kernel_c849d179 af018c2 load on device 'metal:0' took 17.91 ms  (cached)
Module _solve_init_dof__locals__kernel_6c9fecda 6c9fecd load on device 'metal:0' took 17.03 ms  (cached)
Module mujoco_warp._src.solver b7da940 load on device 'metal:0' took 17.82 ms  (cached)
Module _solve_init_jaref_kernel__locals__kernel_c92100ed c92100e load on device 'metal:0' took 16.82 ms  (cached)
Module mul_m_kernel__locals___mul_m_924d61d1 924d61d load on device 'metal:0' took 17.00 ms  (cached)
Module _update_constraint_efc__locals__kernel_59b76e16 59b76e1 load on device 'metal:0' took 17.16 ms  (cached)
Module _update_constraint_init_qfrc_constraint_dense__locals__kernel_5a6ce8fb 5a6ce8f load on device 'metal:0' took 16.79 ms  (cached)
Module _update_gradient_zero_grad_dot__locals__kernel_563a7193 563a719 load on device 'metal:0' took 16.92 ms  (cached)
Module _update_gradient_grad__locals__kernel_a8ff13d7 a8ff13d load on device 'metal:0' took 17.13 ms  (cached)
Module _update_gradient_JTDAJ_dense_tiled__locals__kernel_3d0778ce b888581 load on device 'metal:0' took 16.93 ms  (cached)
Module _update_gradient_cholesky__locals__kernel_2fc8ec32 e7e5510 load on device 'metal:0' took 16.79 ms  (cached)
Module _linesearch_iterative_kernel__locals__kernel_e82cf69b 8525b45 load on device 'metal:0' took 20.01 ms  (cached)
Module _update_constraint_efc__locals__kernel_bf65bc4b bf65bc4 load on device 'metal:0' took 18.89 ms  (cached)
Module _update_constraint_init_qfrc_constraint_dense__locals__kernel_1a551002 1a55100 load on device 'metal:0' took 18.78 ms  (cached)
Module _update_gradient_zero_grad_dot__locals__kernel_65cece82 65cece8 load on device 'metal:0' took 19.54 ms  (cached)
Module _update_gradient_grad__locals__kernel_e1825747 e182574 load on device 'metal:0' took 18.89 ms  (cached)
Module _update_gradient_h_incremental_cholesky__locals__kernel_c2df9e85 4ace2d1 load on device 'metal:0' took 18.73 ms  (cached)
Module _solve_done__locals__kernel_0b0b8060 0b0b806 load on device 'metal:0' took 18.68 ms  (cached)
Module mujoco_warp._src.sensor 05b20a3 load on device 'metal:0' took 30.74 ms  (cached)
Module mujoco_warp._src.derivative e042361 load on device 'metal:0' took 22.35 ms  (cached)
Module _next_time_builder__locals___next_time_46990cad 46990ca load on device 'metal:0' took 18.53 ms  (cached)
Module reset_data__locals__reset_xfrc_applied_23cf7deb 23cf7de load on device 'metal:0' took 18.02 ms  (cached)
Module reset_data__locals__reset_M_4a6094a4 4a6094a load on device 'metal:0' took 17.59 ms  (cached)
Module reset_data__locals__reset_mocap_7457a9a8 7457a9a load on device 'metal:0' took 18.57 ms  (cached)
Module reset_data__locals__reset_contact_51a17304 51a1730 load on device 'metal:0' took 17.53 ms  (cached)
Module reset_data__locals__reset_sleep_e31fb6d1 e31fb6d load on device 'metal:0' took 17.37 ms  (cached)
Module reset_data__locals__reset_nworld_881fbae0 881fbae load on device 'metal:0' took 17.07 ms  (cached)
Module metalsim.physics.solver_presets 3e935cd load on device 'metal:0' took 18.63 ms  (cached)
Module metalsim.sensors.contact 620b2e7 load on device 'metal:0' took 19.49 ms  (cached)
Module __main__ 7eb52f0 load on device 'metal:0' took 18.21 ms  (cached)
[metalsim] A_hold: 150 steps, final root z [0.05379106 0.05379106 0.05379106 0.05379106]
[metalsim] B_random: 250 steps, final root z [0.13815974 0.06840789 0.0693526  0.09041026]
[metalsim] C_drop: 150 steps, final root z [0.05379826 0.05379827 0.05379766 0.05379826]
   compare exit 0
-- transfer 14:51:03
Isaac Lab 3.0 newton_mjwarp checkpoints in MetalSim, command (0.5, 0, 0) for 8 s (commanded 4.0 m), 4 envs, mean action; x travelled [m] mean (min-max) / final pelvis z [m] / torso contacts / max limit excursion [rad]
| checkpoint | default | hardlimits | tau10_impact_hardlimits | isaaclab3 | isaaclab3_hardlimits |
|---|---|---|---|---|---|
Warp 1.18.0.dev20260917 initialized:
   CUDA not enabled in this build
   Devices:
     "cpu"      : "arm"
     "metal:0"  : "Apple M4 Max" (Metal)
   Kernel cache:
     /Users/aditya/Library/Caches/warp/1.18.0.dev20260917
Module mujoco_warp._src.smooth d0e6c82 load on device 'metal:0' took 26.39 ms  (cached)
Module _nxn_broadphase__locals__kernel_3582bd6f 3582bd6 load on device 'metal:0' took 17.82 ms  (cached)
Module ccd_kernel_builder__locals__ccd_kernel_78310433 7831043 load on device 'metal:0' took 26.56 ms  (cached)
Module _primitive_narrowphase__locals__primitive_narrowphase_a5bbb2cb a5bbb2c load on device 'metal:0' took 20.03 ms  (cached)
Module mujoco_warp._src.constraint f5f4518 load on device 'metal:0' took 16.69 ms  (cached)
Module _friction_dof__locals__kernel_0bb9a331 0bb9a33 load on device 'metal:0' took 16.97 ms  (cached)
Module _limit_slide_hinge__locals__kernel_914cb5e1 914cb5e load on device 'metal:0' took 17.49 ms  (cached)
Module _efc_contact_init__locals__kernel_03ee81b4 03ee81b load on device 'metal:0' took 17.05 ms  (cached)
Module _efc_contact_jac_dense__locals__kernel_16824443 e86c3ac load on device 'metal:0' took 17.73 ms  (cached)
Module _efc_contact_update__locals__kernel_89d497ae 89d497a load on device 'metal:0' took 18.40 ms  (cached)
Module mujoco_warp._src.forward 4772766 load on device 'metal:0' took 23.19 ms  (cached)
Module mujoco_warp._src.passive 9e93f67 load on device 'metal:0' took 22.19 ms  (cached)
Module _qfrc_passive_kernel__locals__kernel_8ed29e9b 8ed29e9 load on device 'metal:0' took 16.94 ms  (cached)
Module mujoco_warp._src.forward d28e0c7 load on device 'metal:0' took 22.63 ms  (cached)
Module _qfrc_smooth__locals__kernel_08dfc9ad 08dfc9a load on device 'metal:0' took 16.96 ms  (cached)
Module mujoco_warp._src.support 040f2c5 load on device 'metal:0' took 16.87 ms  (cached)
Module _factor_i_sparse_serial__locals__kernel_bbc34dce 0938022 load on device 'metal:0' took 17.51 ms  (cached)
Module _solve_LD_sparse_serial__locals__kernel_da14e052 352f4b8 load on device 'metal:0' took 17.53 ms  (cached)
Module _solve_init_dof__locals__kernel_8e985b01 8e985b0 load on device 'metal:0' took 16.51 ms  (cached)
Module mujoco_warp._src.solver 571e089 load on device 'metal:0' took 17.77 ms  (cached)
Module _solve_init_jaref_kernel__locals__kernel_7c1132c5 7c1132c load on device 'metal:0' took 16.44 ms  (cached)
Module mul_m_kernel__locals___mul_m_505d9f1c 505d9f1 load on device 'metal:0' took 16.88 ms  (cached)
Module _update_constraint_efc__locals__kernel_55fc5219 55fc521 load on device 'metal:0' took 16.77 ms  (cached)
Module _update_constraint_init_qfrc_constraint_dense__locals__kernel_6f502a20 6f502a2 load on device 'metal:0' took 16.52 ms  (cached)
Module _update_gradient_zero_grad_dot__locals__kernel_86f1e084 86f1e08 load on device 'metal:0' took 16.42 ms  (cached)
Module _update_gradient_grad__locals__kernel_e5baa4a1 e5baa4a load on device 'metal:0' took 16.48 ms  (cached)
Module _update_gradient_JTDAJ_dense_tiled__locals__kernel_712c31a5 8925ee6 load on device 'metal:0' took 16.38 ms  (cached)
Module _update_gradient_cholesky__locals__kernel_ad48cc59 0434274 load on device 'metal:0' took 16.60 ms  (cached)
Module _linesearch_iterative_kernel__locals__kernel_a2a614b4 7ad7e38 load on device 'metal:0' took 18.01 ms  (cached)
Module _update_constraint_efc__locals__kernel_3649f6fe 3649f6f load on device 'metal:0' took 16.90 ms  (cached)
Module _update_constraint_init_qfrc_constraint_dense__locals__kernel_20171f2f 20171f2 load on device 'metal:0' took 16.55 ms  (cached)
Module _update_gradient_zero_grad_dot__locals__kernel_67211e0e 67211e0 load on device 'metal:0' took 16.73 ms  (cached)
Module _update_gradient_grad__locals__kernel_7aee5faa 7aee5fa load on device 'metal:0' took 16.57 ms  (cached)
Module _update_gradient_h_incremental_cholesky__locals__kernel_ff0e6fb9 f5091d7 load on device 'metal:0' took 16.64 ms  (cached)
Module _solve_done__locals__kernel_d351f953 d351f95 load on device 'metal:0' took 16.64 ms  (cached)
Module mujoco_warp._src.sensor c2b0248 load on device 'metal:0' took 27.14 ms  (cached)
Module mujoco_warp._src.derivative 356952f load on device 'metal:0' took 19.31 ms  (cached)
Module _next_time_builder__locals___next_time_bd97507a bd97507 load on device 'metal:0' took 16.69 ms  (cached)
Module reset_data__locals__reset_xfrc_applied_f05e0f72 f05e0f7 load on device 'metal:0' took 16.47 ms  (cached)
Module reset_data__locals__reset_M_debb12fa debb12f load on device 'metal:0' took 16.27 ms  (cached)
Module reset_data__locals__reset_mocap_d5f6a172 d5f6a17 load on device 'metal:0' took 16.49 ms  (cached)
Module reset_data__locals__reset_contact_10be067b 10be067 load on device 'metal:0' took 16.64 ms  (cached)
Module reset_data__locals__reset_sleep_4c0bb4a4 4c0bb4a load on device 'metal:0' took 16.62 ms  (cached)
Module reset_data__locals__reset_nworld_f0ec89aa f0ec89a load on device 'metal:0' took 16.61 ms  (cached)
Module metalsim.sensors.contact 8b280a6 load on device 'metal:0' took 19.30 ms  (cached)
Module _linesearch_iterative_kernel__locals__kernel_76ff806c bfdf7e9 load on device 'metal:0' took 18.51 ms  (cached)
Module metalsim.physics.solver_presets ad1fe6d load on device 'metal:0' took 517.04 ms  (compiled)
Module metalsim.learn.g1_il3 bd6c6cc load on device 'metal:0' took 17.68 ms  (cached)
Module metalsim.learn.warp_policy a9b40e0 load on device 'metal:0' took 17.11 ms  (cached)
Module metalsim.learn.g1_velocity 98312b6 load on device 'metal:0' took 22.27 ms  (cached)
| it 500 | 3.39 (3.34-3.43) / 0.694 / 0 / 0.084 | 3.39 (3.33-3.44) / 0.694 / 0 / 0.084 | 3.39 (3.34-3.44) / 0.694 / 0 / 0.084 | 3.44 (3.40-3.51) / 0.695 / 0 / 0.036 | 3.39 (3.36-3.45) / 0.693 / 0 / 0.081 |
| it 1000 | 3.64 (3.62-3.66) / 0.672 / 0 / 0.135 | 3.64 (3.63-3.66) / 0.672 / 0 / 0.138 | 3.64 (3.63-3.66) / 0.672 / 0 / 0.138 | 3.72 (3.69-3.75) / 0.674 / 0 / 0.049 | 3.68 (3.65-3.71) / 0.675 / 0 / 0.133 |
| it 1499 | 3.66 (3.64-3.70) / 0.663 / 0 / 0.137 | 3.66 (3.64-3.70) / 0.663 / 0 / 0.137 | 3.66 (3.64-3.70) / 0.663 / 0 / 0.137 | 3.78 (3.76-3.79) / 0.662 / 0 / 0.051 | 3.69 (3.66-3.73) / 0.666 / 0 / 0.140 |
exit 0 Fri Sep 25 14:54:47 PDT 2026
