G1 flat PPO: N=4096 obs_dim 123 act_dim 37 rollout 24 x 1000 iterations, engine mjwarp, physics dt 0.0025 (decimation 8), seed 0, reward_cfg flat, height-scan ray order -, terrain collision hfield, height scan exact, solver_cfg None, contact_cfg default, base velocity com, feet-slide velocity origin
it    1 steps     98304 sps   51,440 | ep_ret    0.00 ep_len    0.0 (n=0) | pg 0.022 vf 3.145 kl 0.0744 lr 1.0e-05
[anomaly] it 1: joint limit violated by 0.26 rad
[anomaly] it 1: contact penetration 3.5 cm
it    2 steps    196608 sps   56,920 | ep_ret    0.00 ep_len    0.0 (n=0) | pg -0.002 vf 0.634 kl 0.0056 lr 2.6e-04
[anomaly] it 2: joint limit violated by 0.25 rad
[anomaly] it 2: contact penetration 4.2 cm
it    3 steps    294912 sps   59,013 | ep_ret    0.00 ep_len    0.0 (n=0) | pg -0.005 vf 0.290 kl 0.0130 lr 8.6e-04
[anomaly] it 3: joint limit violated by 0.24 rad
[anomaly] it 3: contact penetration 3.8 cm
it    4 steps    393216 sps   60,241 | ep_ret    0.00 ep_len    0.0 (n=0) | pg -0.003 vf 0.907 kl 0.0126 lr 5.8e-04
[anomaly] it 4: joint limit violated by 0.24 rad
[anomaly] it 4: contact penetration 3.8 cm
it    5 steps    491520 sps   59,870 | ep_ret  -20.69 ep_len  115.0 (n=3137) | pg -0.002 vf 6.607 kl 0.0144 lr 5.8e-04
[anomaly] it 5: terminal-step reward dominates the episode: survival is being punished
[anomaly] it 5: joint limit violated by 0.83 rad
[anomaly] it 5: contact penetration 17.4 cm
it    6 steps    589824 sps   58,952 | ep_ret  -17.09 ep_len   91.4 (n=1349) | pg -0.003 vf 0.623 kl 0.0142 lr 2.6e-04
[anomaly] it 6: terminal-step reward dominates the episode: survival is being punished
[anomaly] it 6: joint limit violated by 0.28 rad
[anomaly] it 6: contact penetration 6.1 cm
it    7 steps    688128 sps   58,448 | ep_ret   -6.38 ep_len   40.3 (n=3145) | pg -0.001 vf 1.050 kl 0.0103 lr 5.8e-04
[anomaly] it 7: joint limit violated by 0.27 rad
[anomaly] it 7: contact penetration 5.6 cm
it    8 steps    786432 sps   58,120 | ep_ret   -6.10 ep_len   39.1 (n=2308) | pg -0.002 vf 0.671 kl 0.0110 lr 5.8e-04
[anomaly] it 8: joint limit violated by 0.31 rad
[anomaly] it 8: contact penetration 4.7 cm
it    9 steps    884736 sps   57,812 | ep_ret   -6.03 ep_len   40.3 (n=2444) | pg -0.006 vf 0.499 kl 0.0127 lr 1.3e-03
[anomaly] it 9: joint limit violated by 0.28 rad
[anomaly] it 9: contact penetration 5.9 cm
it   10 steps    983040 sps   57,594 | ep_ret   -5.97 ep_len   39.3 (n=2560) | pg -0.001 vf 0.408 kl 0.0120 lr 5.8e-04
[anomaly] it 10: joint limit violated by 0.30 rad
[anomaly] it 10: contact penetration 5.9 cm
it   11 steps   1081344 sps   57,397 | ep_ret   -5.99 ep_len   40.0 (n=2339) | pg -0.004 vf 0.290 kl 0.0129 lr 5.8e-04
[anomaly] it 11: joint limit violated by 0.31 rad
[anomaly] it 11: contact penetration 4.9 cm
it   12 steps   1179648 sps   57,250 | ep_ret   -5.98 ep_len   40.4 (n=2545) | pg 0.001 vf 0.218 kl 0.0116 lr 2.6e-04
[anomaly] it 12: joint limit violated by 0.30 rad
[anomaly] it 12: contact penetration 5.3 cm
it   13 steps   1277952 sps   57,127 | ep_ret   -5.94 ep_len   40.1 (n=2360) | pg -0.007 vf 0.156 kl 0.0090 lr 8.6e-04
[anomaly] it 13: joint limit violated by 0.33 rad
[anomaly] it 13: contact penetration 4.9 cm
it   14 steps   1376256 sps   56,998 | ep_ret   -5.94 ep_len   40.8 (n=2425) | pg -0.010 vf 0.080 kl 0.0128 lr 1.3e-03
[anomaly] it 14: joint limit violated by 0.23 rad
[anomaly] it 14: contact penetration 5.5 cm
it   15 steps   1474560 sps   56,847 | ep_ret   -5.89 ep_len   40.4 (n=2443) | pg -0.010 vf 0.042 kl 0.0158 lr 8.6e-04
[anomaly] it 15: joint limit violated by 0.23 rad
[anomaly] it 15: contact penetration 5.2 cm
it   16 steps   1572864 sps   56,738 | ep_ret   -5.85 ep_len   40.6 (n=2393) | pg -0.013 vf 0.026 kl 0.0148 lr 1.3e-03
[anomaly] it 16: joint limit violated by 0.27 rad
[anomaly] it 16: contact penetration 4.9 cm
it   17 steps   1671168 sps   56,653 | ep_ret   -5.80 ep_len   41.2 (n=2384) | pg -0.016 vf 0.018 kl 0.0176 lr 8.6e-04
[anomaly] it 17: joint limit violated by 0.28 rad
[anomaly] it 17: contact penetration 4.9 cm
it   18 steps   1769472 sps   56,564 | ep_ret   -5.75 ep_len   41.4 (n=2303) | pg -0.014 vf 0.014 kl 0.0167 lr 5.8e-04
[anomaly] it 18: joint limit violated by 0.24 rad
[anomaly] it 18: contact penetration 4.1 cm
it   19 steps   1867776 sps   56,480 | ep_ret   -5.73 ep_len   42.3 (n=2344) | pg -0.015 vf 0.012 kl 0.0155 lr 8.6e-04
[anomaly] it 19: joint limit violated by 0.28 rad
[anomaly] it 19: contact penetration 6.0 cm
it   20 steps   1966080 sps   56,398 | ep_ret   -5.69 ep_len   42.7 (n=2258) | pg -0.015 vf 0.011 kl 0.0177 lr 5.8e-04
[anomaly] it 20: joint limit violated by 0.30 rad
[anomaly] it 20: contact penetration 4.7 cm
it   21 steps   2064384 sps   56,332 | ep_ret   -5.66 ep_len   43.3 (n=2268) | pg -0.015 vf 0.011 kl 0.0158 lr 1.3e-03
[anomaly] it 21: joint limit violated by 0.22 rad
[anomaly] it 21: contact penetration 6.7 cm
it   22 steps   2162688 sps   56,262 | ep_ret   -5.62 ep_len   43.8 (n=2188) | pg -0.015 vf 0.011 kl 0.0175 lr 1.3e-03
[anomaly] it 22: joint limit violated by 0.28 rad
[anomaly] it 22: contact penetration 4.8 cm
it   23 steps   2260992 sps   56,204 | ep_ret   -5.58 ep_len   44.0 (n=2228) | pg -0.015 vf 0.011 kl 0.0169 lr 1.3e-03
[anomaly] it 23: joint limit violated by 0.23 rad
[anomaly] it 23: contact penetration 5.2 cm
it   24 steps   2359296 sps   56,140 | ep_ret   -5.56 ep_len   44.9 (n=2148) | pg -0.015 vf 0.011 kl 0.0174 lr 8.6e-04
[anomaly] it 24: joint limit violated by 0.23 rad
[anomaly] it 24: contact penetration 4.5 cm
it   25 steps   2457600 sps   56,072 | ep_ret   -5.53 ep_len   45.2 (n=2170) | pg -0.014 vf 0.011 kl 0.0162 lr 1.3e-03
[anomaly] it 25: joint limit violated by 0.24 rad
[anomaly] it 25: contact penetration 5.6 cm
it   26 steps   2555904 sps   56,015 | ep_ret   -5.51 ep_len   45.6 (n=2107) | pg -0.014 vf 0.011 kl 0.0166 lr 1.3e-03
[anomaly] it 26: joint limit violated by 0.25 rad
[anomaly] it 26: contact penetration 5.2 cm
it   27 steps   2654208 sps   55,950 | ep_ret   -5.49 ep_len   46.3 (n=2101) | pg -0.014 vf 0.012 kl 0.0175 lr 1.3e-03
[anomaly] it 27: joint limit violated by 0.24 rad
[anomaly] it 27: contact penetration 4.8 cm
it   28 steps   2752512 sps   55,893 | ep_ret   -5.49 ep_len   47.5 (n=2002) | pg -0.014 vf 0.012 kl 0.0152 lr 8.6e-04
[anomaly] it 28: joint limit violated by 0.23 rad
[anomaly] it 28: contact penetration 6.3 cm
it   29 steps   2850816 sps   55,846 | ep_ret   -5.46 ep_len   47.6 (n=2075) | pg -0.014 vf 0.013 kl 0.0175 lr 8.6e-04
[anomaly] it 29: joint limit violated by 0.29 rad
[anomaly] it 29: contact penetration 4.7 cm
it   30 steps   2949120 sps   55,788 | ep_ret   -5.45 ep_len   48.2 (n=2036) | pg -0.014 vf 0.013 kl 0.0166 lr 1.3e-03
[anomaly] it 30: joint limit violated by 0.25 rad
[anomaly] it 30: contact penetration 4.2 cm
it   31 steps   3047424 sps   55,741 | ep_ret   -5.43 ep_len   48.4 (n=2004) | pg -0.014 vf 0.012 kl 0.0180 lr 1.3e-03
[anomaly] it 31: joint limit violated by 0.27 rad
[anomaly] it 31: contact penetration 4.9 cm
it   32 steps   3145728 sps   55,699 | ep_ret   -5.42 ep_len   49.2 (n=1971) | pg -0.014 vf 0.012 kl 0.0159 lr 1.3e-03
[anomaly] it 32: joint limit violated by 0.24 rad
[anomaly] it 32: contact penetration 4.0 cm
it   33 steps   3244032 sps   55,653 | ep_ret   -5.40 ep_len   49.3 (n=1946) | pg -0.015 vf 0.012 kl 0.0182 lr 1.3e-03
[anomaly] it 33: joint limit violated by 0.26 rad
[anomaly] it 33: contact penetration 4.1 cm
it   34 steps   3342336 sps   55,595 | ep_ret   -5.40 ep_len   50.4 (n=1949) | pg -0.014 vf 0.012 kl 0.0161 lr 5.8e-04
[anomaly] it 34: terminal-step reward dominates the episode: survival is being punished
[anomaly] it 34: joint limit violated by 0.26 rad
[anomaly] it 34: contact penetration 4.8 cm
it   35 steps   3440640 sps   55,547 | ep_ret   -5.38 ep_len   50.7 (n=1911) | pg -0.015 vf 0.011 kl 0.0156 lr 1.3e-03
[anomaly] it 35: terminal-step reward dominates the episode: survival is being punished
[anomaly] it 35: joint limit violated by 0.27 rad
[anomaly] it 35: contact penetration 4.6 cm
it   36 steps   3538944 sps   55,502 | ep_ret   -5.38 ep_len   51.4 (n=1888) | pg -0.014 vf 0.012 kl 0.0175 lr 1.3e-03
[anomaly] it 36: terminal-step reward dominates the episode: survival is being punished
[anomaly] it 36: joint limit violated by 0.25 rad
[anomaly] it 36: contact penetration 3.8 cm
it   37 steps   3637248 sps   55,466 | ep_ret   -5.37 ep_len   52.0 (n=1854) | pg -0.014 vf 0.011 kl 0.0173 lr 1.3e-03
[anomaly] it 37: terminal-step reward dominates the episode: survival is being punished
[anomaly] it 37: joint limit violated by 0.28 rad
[anomaly] it 37: contact penetration 4.7 cm
it   38 steps   3735552 sps   55,425 | ep_ret   -5.35 ep_len   52.7 (n=1880) | pg -0.014 vf 0.011 kl 0.0170 lr 8.6e-04
[anomaly] it 38: terminal-step reward dominates the episode: survival is being punished
[anomaly] it 38: joint limit violated by 0.27 rad
[anomaly] it 38: contact penetration 4.4 cm
it   39 steps   3833856 sps   55,392 | ep_ret   -5.34 ep_len   53.1 (n=1787) | pg -0.014 vf 0.011 kl 0.0177 lr 1.3e-03
[anomaly] it 39: terminal-step reward dominates the episode: survival is being punished
[anomaly] it 39: joint limit violated by 0.28 rad
[anomaly] it 39: contact penetration 4.3 cm
it   40 steps   3932160 sps   55,358 | ep_ret   -5.33 ep_len   53.3 (n=1888) | pg -0.015 vf 0.010 kl 0.0179 lr 8.6e-04
[anomaly] it 40: terminal-step reward dominates the episode: survival is being punished
[anomaly] it 40: joint limit violated by 0.28 rad
[anomaly] it 40: contact penetration 4.4 cm
it   41 steps   4030464 sps   55,328 | ep_ret   -5.31 ep_len   53.8 (n=1715) | pg -0.014 vf 0.010 kl 0.0145 lr 8.6e-04
[anomaly] it 41: terminal-step reward dominates the episode: survival is being punished
[anomaly] it 41: joint limit violated by 0.29 rad
[anomaly] it 41: contact penetration 3.8 cm
it   42 steps   4128768 sps   55,304 | ep_ret   -5.30 ep_len   54.5 (n=1867) | pg -0.015 vf 0.010 kl 0.0166 lr 8.6e-04
[anomaly] it 42: terminal-step reward dominates the episode: survival is being punished
[anomaly] it 42: joint limit violated by 0.27 rad
[anomaly] it 42: contact penetration 3.7 cm
it   43 steps   4227072 sps   55,268 | ep_ret   -5.29 ep_len   54.9 (n=1735) | pg -0.015 vf 0.010 kl 0.0182 lr 5.8e-04
[anomaly] it 43: terminal-step reward dominates the episode: survival is being punished
[anomaly] it 43: joint limit violated by 0.27 rad
[anomaly] it 43: contact penetration 4.1 cm
it   44 steps   4325376 sps   55,238 | ep_ret   -5.28 ep_len   55.4 (n=1740) | pg -0.015 vf 0.010 kl 0.0159 lr 8.6e-04
[anomaly] it 44: terminal-step reward dominates the episode: survival is being punished
[anomaly] it 44: joint limit violated by 0.27 rad
[anomaly] it 44: contact penetration 4.2 cm
it   45 steps   4423680 sps   55,210 | ep_ret   -5.26 ep_len   56.0 (n=1795) | pg -0.014 vf 0.010 kl 0.0171 lr 8.6e-04
[anomaly] it 45: terminal-step reward dominates the episode: survival is being punished
[anomaly] it 45: joint limit violated by 0.26 rad
[anomaly] it 45: contact penetration 4.6 cm
it   46 steps   4521984 sps   55,180 | ep_ret   -5.24 ep_len   56.2 (n=1702) | pg -0.014 vf 0.010 kl 0.0154 lr 8.6e-04
[anomaly] it 46: terminal-step reward dominates the episode: survival is being punished
[anomaly] it 46: joint limit violated by 0.29 rad
[anomaly] it 46: contact penetration 5.3 cm
it   47 steps   4620288 sps   55,157 | ep_ret   -5.23 ep_len   56.7 (n=1691) | pg -0.015 vf 0.010 kl 0.0178 lr 8.6e-04
[anomaly] it 47: terminal-step reward dominates the episode: survival is being punished
[anomaly] it 47: joint limit violated by 0.28 rad
[anomaly] it 47: contact penetration 3.8 cm
it   48 steps   4718592 sps   55,132 | ep_ret   -5.22 ep_len   57.6 (n=1717) | pg -0.014 vf 0.010 kl 0.0177 lr 8.6e-04
[anomaly] it 48: terminal-step reward dominates the episode: survival is being punished
[anomaly] it 48: joint limit violated by 0.29 rad
[anomaly] it 48: contact penetration 3.9 cm
it   49 steps   4816896 sps   55,105 | ep_ret   -5.21 ep_len   57.5 (n=1678) | pg -0.014 vf 0.010 kl 0.0178 lr 5.8e-04
[anomaly] it 49: terminal-step reward dominates the episode: survival is being punished
[anomaly] it 49: joint limit violated by 0.28 rad
[anomaly] it 49: contact penetration 4.9 cm
it   50 steps   4915200 sps   55,075 | ep_ret   -5.20 ep_len   58.3 (n=1687) | pg -0.014 vf 0.010 kl 0.0160 lr 5.8e-04
[anomaly] it 50: terminal-step reward dominates the episode: survival is being punished
[anomaly] it 50: joint limit violated by 0.31 rad
[anomaly] it 50: contact penetration 3.7 cm
it   51 steps   5013504 sps   55,045 | ep_ret   -5.18 ep_len   58.7 (n=1663) | pg -0.014 vf 0.010 kl 0.0156 lr 8.6e-04
[anomaly] it 51: terminal-step reward dominates the episode: survival is being punished
[anomaly] it 51: joint limit violated by 0.29 rad
[anomaly] it 51: contact penetration 3.9 cm
it   52 steps   5111808 sps   55,017 | ep_ret   -5.17 ep_len   58.8 (n=1591) | pg -0.014 vf 0.011 kl 0.0157 lr 8.6e-04
[anomaly] it 52: terminal-step reward dominates the episode: survival is being punished
[anomaly] it 52: joint limit violated by 0.31 rad
it   53 steps   5210112 sps   54,992 | ep_ret   -5.16 ep_len   59.5 (n=1638) | pg -0.012 vf 0.011 kl 0.0170 lr 8.6e-04
[anomaly] it 53: terminal-step reward dominates the episode: survival is being punished
[anomaly] it 53: joint limit violated by 0.28 rad
[anomaly] it 53: contact penetration 3.7 cm
it   54 steps   5308416 sps   54,962 | ep_ret   -5.16 ep_len   61.3 (n=1595) | pg -0.013 vf 0.011 kl 0.0155 lr 8.6e-04
[anomaly] it 54: terminal-step reward dominates the episode: survival is being punished
[anomaly] it 54: joint limit violated by 0.31 rad
[anomaly] it 54: contact penetration 4.2 cm
it   55 steps   5406720 sps   54,937 | ep_ret   -5.15 ep_len   60.8 (n=1637) | pg -0.014 vf 0.011 kl 0.0164 lr 5.8e-04
[anomaly] it 55: terminal-step reward dominates the episode: survival is being punished
[anomaly] it 55: joint limit violated by 0.34 rad
[anomaly] it 55: contact penetration 3.9 cm
it   56 steps   5505024 sps   54,911 | ep_ret   -5.15 ep_len   61.6 (n=1478) | pg -0.013 vf 0.011 kl 0.0165 lr 5.8e-04
[anomaly] it 56: terminal-step reward dominates the episode: survival is being punished
[anomaly] it 56: joint limit violated by 0.29 rad
[anomaly] it 56: contact penetration 4.3 cm
it   57 steps   5603328 sps   54,886 | ep_ret   -5.14 ep_len   62.5 (n=1600) | pg -0.015 vf 0.010 kl 0.0154 lr 5.8e-04
[anomaly] it 57: terminal-step reward dominates the episode: survival is being punished
[anomaly] it 57: joint limit violated by 0.32 rad
it   58 steps   5701632 sps   54,864 | ep_ret   -5.14 ep_len   63.5 (n=1573) | pg -0.013 vf 0.011 kl 0.0158 lr 5.8e-04
[anomaly] it 58: terminal-step reward dominates the episode: survival is being punished
[anomaly] it 58: joint limit violated by 0.25 rad
[anomaly] it 58: contact penetration 4.3 cm
it   59 steps   5799936 sps   54,842 | ep_ret   -5.11 ep_len   62.4 (n=1510) | pg -0.013 vf 0.011 kl 0.0172 lr 8.6e-04
[anomaly] it 59: terminal-step reward dominates the episode: survival is being punished
[anomaly] it 59: joint limit violated by 0.33 rad
[anomaly] it 59: contact penetration 3.5 cm
it   60 steps   5898240 sps   54,816 | ep_ret   -5.12 ep_len   63.5 (n=1621) | pg -0.013 vf 0.011 kl 0.0163 lr 8.6e-04
[anomaly] it 60: terminal-step reward dominates the episode: survival is being punished
[anomaly] it 60: joint limit violated by 0.28 rad
it   61 steps   5996544 sps   54,790 | ep_ret   -5.11 ep_len   63.4 (n=1468) | pg -0.014 vf 0.011 kl 0.0168 lr 8.6e-04
[anomaly] it 61: terminal-step reward dominates the episode: survival is being punished
[anomaly] it 61: joint limit violated by 0.30 rad
[anomaly] it 61: contact penetration 4.3 cm
it   62 steps   6094848 sps   54,767 | ep_ret   -5.10 ep_len   64.1 (n=1503) | pg -0.013 vf 0.011 kl 0.0169 lr 8.6e-04
[anomaly] it 62: terminal-step reward dominates the episode: survival is being punished
[anomaly] it 62: joint limit violated by 0.32 rad
[anomaly] it 62: contact penetration 3.5 cm
it   63 steps   6193152 sps   54,742 | ep_ret   -5.11 ep_len   65.0 (n=1549) | pg -0.014 vf 0.011 kl 0.0162 lr 5.8e-04
[anomaly] it 63: terminal-step reward dominates the episode: survival is being punished
[anomaly] it 63: joint limit violated by 0.32 rad
[anomaly] it 63: contact penetration 4.2 cm
it   64 steps   6291456 sps   54,719 | ep_ret   -5.09 ep_len   65.4 (n=1460) | pg -0.014 vf 0.011 kl 0.0150 lr 5.8e-04
[anomaly] it 64: terminal-step reward dominates the episode: survival is being punished
[anomaly] it 64: joint limit violated by 0.41 rad
[anomaly] it 64: contact penetration 4.1 cm
it   65 steps   6389760 sps   54,697 | ep_ret   -5.10 ep_len   65.8 (n=1488) | pg -0.014 vf 0.011 kl 0.0163 lr 5.8e-04
[anomaly] it 65: terminal-step reward dominates the episode: survival is being punished
[anomaly] it 65: joint limit violated by 0.32 rad
[anomaly] it 65: contact penetration 4.3 cm
it   66 steps   6488064 sps   54,670 | ep_ret   -5.09 ep_len   66.0 (n=1442) | pg -0.013 vf 0.012 kl 0.0171 lr 8.6e-04
[anomaly] it 66: terminal-step reward dominates the episode: survival is being punished
[anomaly] it 66: joint limit violated by 0.27 rad
[anomaly] it 66: contact penetration 4.4 cm
it   67 steps   6586368 sps   54,648 | ep_ret   -5.10 ep_len   67.0 (n=1436) | pg -0.013 vf 0.012 kl 0.0164 lr 5.8e-04
[anomaly] it 67: terminal-step reward dominates the episode: survival is being punished
[anomaly] it 67: joint limit violated by 0.29 rad
[anomaly] it 67: contact penetration 4.2 cm
it   68 steps   6684672 sps   54,626 | ep_ret   -5.09 ep_len   67.1 (n=1449) | pg -0.013 vf 0.012 kl 0.0148 lr 5.8e-04
[anomaly] it 68: terminal-step reward dominates the episode: survival is being punished
[anomaly] it 68: joint limit violated by 0.30 rad
[anomaly] it 68: contact penetration 3.6 cm
it   69 steps   6782976 sps   54,605 | ep_ret   -5.12 ep_len   69.2 (n=1446) | pg -0.013 vf 0.012 kl 0.0178 lr 8.6e-04
[anomaly] it 69: terminal-step reward dominates the episode: survival is being punished
[anomaly] it 69: joint limit violated by 0.36 rad
[anomaly] it 69: contact penetration 3.8 cm
it   70 steps   6881280 sps   54,583 | ep_ret   -5.08 ep_len   68.1 (n=1403) | pg -0.013 vf 0.012 kl 0.0174 lr 5.8e-04
[anomaly] it 70: terminal-step reward dominates the episode: survival is being punished
[anomaly] it 70: joint limit violated by 0.34 rad
[anomaly] it 70: contact penetration 3.7 cm
it   71 steps   6979584 sps   54,561 | ep_ret   -5.09 ep_len   69.2 (n=1394) | pg -0.014 vf 0.012 kl 0.0174 lr 8.6e-04
[anomaly] it 71: terminal-step reward dominates the episode: survival is being punished
[anomaly] it 71: joint limit violated by 0.32 rad
[anomaly] it 71: contact penetration 3.2 cm
it   72 steps   7077888 sps   54,539 | ep_ret   -5.09 ep_len   69.7 (n=1414) | pg -0.013 vf 0.013 kl 0.0157 lr 5.8e-04
[anomaly] it 72: terminal-step reward dominates the episode: survival is being punished
[anomaly] it 72: joint limit violated by 0.32 rad
[anomaly] it 72: contact penetration 3.1 cm
it   73 steps   7176192 sps   54,517 | ep_ret   -5.09 ep_len   69.8 (n=1382) | pg -0.014 vf 0.012 kl 0.0160 lr 8.6e-04
[anomaly] it 73: terminal-step reward dominates the episode: survival is being punished
[anomaly] it 73: joint limit violated by 0.33 rad
[anomaly] it 73: contact penetration 3.4 cm
it   74 steps   7274496 sps   54,495 | ep_ret   -5.10 ep_len   70.4 (n=1404) | pg -0.014 vf 0.013 kl 0.0164 lr 5.8e-04
[anomaly] it 74: terminal-step reward dominates the episode: survival is being punished
[anomaly] it 74: joint limit violated by 0.26 rad
[anomaly] it 74: contact penetration 3.8 cm
it   75 steps   7372800 sps   54,467 | ep_ret   -5.08 ep_len   70.8 (n=1334) | pg -0.013 vf 0.014 kl 0.0154 lr 5.8e-04
[anomaly] it 75: terminal-step reward dominates the episode: survival is being punished
[anomaly] it 75: joint limit violated by 0.28 rad
[anomaly] it 75: contact penetration 4.5 cm
it   76 steps   7471104 sps   54,429 | ep_ret   -5.07 ep_len   70.9 (n=1370) | pg -0.014 vf 0.014 kl 0.0164 lr 5.8e-04
[anomaly] it 76: terminal-step reward dominates the episode: survival is being punished
[anomaly] it 76: joint limit violated by 0.34 rad
[anomaly] it 76: contact penetration 3.8 cm
it   77 steps   7569408 sps   54,379 | ep_ret   -5.09 ep_len   72.1 (n=1366) | pg -0.014 vf 0.014 kl 0.0169 lr 5.8e-04
[anomaly] it 77: terminal-step reward dominates the episode: survival is being punished
[anomaly] it 77: joint limit violated by 0.40 rad
[anomaly] it 77: contact penetration 3.4 cm
it   78 steps   7667712 sps   54,320 | ep_ret   -5.11 ep_len   73.1 (n=1303) | pg -0.014 vf 0.014 kl 0.0172 lr 5.8e-04
[anomaly] it 78: terminal-step reward dominates the episode: survival is being punished
[anomaly] it 78: joint limit violated by 0.30 rad
[anomaly] it 78: contact penetration 5.1 cm
it   79 steps   7766016 sps   54,273 | ep_ret   -5.10 ep_len   73.6 (n=1316) | pg -0.013 vf 0.014 kl 0.0183 lr 3.8e-04
[anomaly] it 79: terminal-step reward dominates the episode: survival is being punished
[anomaly] it 79: joint limit violated by 0.29 rad
[anomaly] it 79: contact penetration 3.7 cm
it   80 steps   7864320 sps   54,248 | ep_ret   -5.12 ep_len   75.0 (n=1295) | pg -0.014 vf 0.015 kl 0.0168 lr 5.8e-04
[anomaly] it 80: terminal-step reward dominates the episode: survival is being punished
[anomaly] it 80: joint limit violated by 0.30 rad
[anomaly] it 80: contact penetration 3.1 cm
it   81 steps   7962624 sps   54,208 | ep_ret   -5.10 ep_len   74.0 (n=1287) | pg -0.013 vf 0.015 kl 0.0177 lr 5.8e-04
[anomaly] it 81: terminal-step reward dominates the episode: survival is being punished
[anomaly] it 81: joint limit violated by 0.34 rad
[anomaly] it 81: contact penetration 3.3 cm
it   82 steps   8060928 sps   54,156 | ep_ret   -5.12 ep_len   75.3 (n=1321) | pg -0.013 vf 0.015 kl 0.0157 lr 5.8e-04
[anomaly] it 82: terminal-step reward dominates the episode: survival is being punished
[anomaly] it 82: joint limit violated by 0.34 rad
[anomaly] it 82: contact penetration 3.8 cm
it   83 steps   8159232 sps   54,100 | ep_ret   -5.13 ep_len   76.6 (n=1273) | pg -0.014 vf 0.015 kl 0.0155 lr 5.8e-04
[anomaly] it 83: terminal-step reward dominates the episode: survival is being punished
[anomaly] it 83: joint limit violated by 0.31 rad
[anomaly] it 83: contact penetration 3.0 cm
it   84 steps   8257536 sps   54,047 | ep_ret   -5.11 ep_len   75.6 (n=1225) | pg -0.014 vf 0.016 kl 0.0171 lr 5.8e-04
[anomaly] it 84: terminal-step reward dominates the episode: survival is being punished
[anomaly] it 84: joint limit violated by 0.33 rad
it   85 steps   8355840 sps   53,971 | ep_ret   -5.13 ep_len   77.9 (n=1251) | pg -0.013 vf 0.015 kl 0.0155 lr 5.8e-04
[anomaly] it 85: terminal-step reward dominates the episode: survival is being punished
[anomaly] it 85: joint limit violated by 0.31 rad
[anomaly] it 85: contact penetration 3.6 cm
it   86 steps   8454144 sps   53,927 | ep_ret   -5.14 ep_len   77.8 (n=1228) | pg -0.013 vf 0.016 kl 0.0177 lr 5.8e-04
[anomaly] it 86: terminal-step reward dominates the episode: survival is being punished
[anomaly] it 86: joint limit violated by 0.31 rad
[anomaly] it 86: contact penetration 3.3 cm
it   87 steps   8552448 sps   53,877 | ep_ret   -5.17 ep_len   80.3 (n=1182) | pg -0.014 vf 0.016 kl 0.0176 lr 5.8e-04
[anomaly] it 87: terminal-step reward dominates the episode: survival is being punished
[anomaly] it 87: joint limit violated by 0.32 rad
[anomaly] it 87: contact penetration 3.1 cm
it   88 steps   8650752 sps   53,832 | ep_ret   -5.16 ep_len   80.3 (n=1234) | pg -0.013 vf 0.016 kl 0.0181 lr 5.8e-04
[anomaly] it 88: terminal-step reward dominates the episode: survival is being punished
[anomaly] it 88: joint limit violated by 0.32 rad
[anomaly] it 88: contact penetration 4.0 cm
it   89 steps   8749056 sps   53,741 | ep_ret   -5.16 ep_len   80.3 (n=1171) | pg -0.013 vf 0.016 kl 0.0163 lr 5.8e-04
[anomaly] it 89: terminal-step reward dominates the episode: survival is being punished
[anomaly] it 89: joint limit violated by 0.34 rad
it   90 steps   8847360 sps   53,662 | ep_ret   -5.17 ep_len   81.1 (n=1180) | pg -0.013 vf 0.017 kl 0.0178 lr 5.8e-04
[anomaly] it 90: terminal-step reward dominates the episode: survival is being punished
[anomaly] it 90: joint limit violated by 0.31 rad
[anomaly] it 90: contact penetration 3.3 cm
it   91 steps   8945664 sps   53,596 | ep_ret   -5.18 ep_len   82.4 (n=1132) | pg -0.014 vf 0.017 kl 0.0168 lr 5.8e-04
[anomaly] it 91: terminal-step reward dominates the episode: survival is being punished
[anomaly] it 91: joint limit violated by 0.30 rad
[anomaly] it 91: contact penetration 3.7 cm
it   92 steps   9043968 sps   53,540 | ep_ret   -5.22 ep_len   84.5 (n=1186) | pg -0.013 vf 0.018 kl 0.0157 lr 5.8e-04
[anomaly] it 92: terminal-step reward dominates the episode: survival is being punished
[anomaly] it 92: joint limit violated by 0.33 rad
[anomaly] it 92: contact penetration 3.6 cm
it   93 steps   9142272 sps   53,494 | ep_ret   -5.23 ep_len   85.7 (n=1121) | pg -0.014 vf 0.018 kl 0.0178 lr 5.8e-04
[anomaly] it 93: terminal-step reward dominates the episode: survival is being punished
[anomaly] it 93: joint limit violated by 0.32 rad
[anomaly] it 93: contact penetration 4.1 cm
it   94 steps   9240576 sps   53,443 | ep_ret   -5.24 ep_len   86.4 (n=1007) | pg -0.015 vf 0.019 kl 0.0163 lr 3.8e-04
[anomaly] it 94: terminal-step reward dominates the episode: survival is being punished
[anomaly] it 94: joint limit violated by 0.32 rad
[anomaly] it 94: contact penetration 3.9 cm
it   95 steps   9338880 sps   53,375 | ep_ret   -5.24 ep_len   87.6 (n=1133) | pg -0.013 vf 0.019 kl 0.0168 lr 5.8e-04
[anomaly] it 95: terminal-step reward dominates the episode: survival is being punished
[anomaly] it 95: joint limit violated by 0.41 rad
[anomaly] it 95: contact penetration 3.8 cm
it   96 steps   9437184 sps   53,309 | ep_ret   -5.27 ep_len   90.2 (n=1033) | pg -0.014 vf 0.020 kl 0.0162 lr 5.8e-04
[anomaly] it 96: terminal-step reward dominates the episode: survival is being punished
[anomaly] it 96: joint limit violated by 0.32 rad
[anomaly] it 96: contact penetration 3.4 cm
it   97 steps   9535488 sps   53,245 | ep_ret   -5.26 ep_len   90.0 (n=992) | pg -0.013 vf 0.021 kl 0.0163 lr 5.8e-04
[anomaly] it 97: terminal-step reward dominates the episode: survival is being punished
[anomaly] it 97: joint limit violated by 0.38 rad
[anomaly] it 97: contact penetration 3.5 cm
it   98 steps   9633792 sps   53,183 | ep_ret   -5.29 ep_len   92.8 (n=981) | pg -0.014 vf 0.022 kl 0.0168 lr 5.8e-04
[anomaly] it 98: terminal-step reward dominates the episode: survival is being punished
[anomaly] it 98: joint limit violated by 0.34 rad
[anomaly] it 98: contact penetration 4.0 cm
it   99 steps   9732096 sps   53,139 | ep_ret   -5.30 ep_len   94.3 (n=965) | pg -0.014 vf 0.023 kl 0.0166 lr 5.8e-04
[anomaly] it 99: terminal-step reward dominates the episode: survival is being punished
[anomaly] it 99: joint limit violated by 0.37 rad
[anomaly] it 99: contact penetration 3.7 cm
it  100 steps   9830400 sps   53,097 | ep_ret   -5.37 ep_len   98.6 (n=943) | pg -0.014 vf 0.023 kl 0.0169 lr 3.8e-04
[anomaly] it 100: terminal-step reward dominates the episode: survival is being punished
[anomaly] it 100: joint limit violated by 0.38 rad
[anomaly] it 100: contact penetration 3.4 cm
it  101 steps   9928704 sps   53,037 | ep_ret   -5.38 ep_len   99.0 (n=919) | pg -0.013 vf 0.024 kl 0.0160 lr 3.8e-04
[anomaly] it 101: terminal-step reward dominates the episode: survival is being punished
[anomaly] it 101: joint limit violated by 0.35 rad
[anomaly] it 101: contact penetration 4.1 cm
it  102 steps  10027008 sps   52,959 | ep_ret   -5.42 ep_len  102.1 (n=888) | pg -0.014 vf 0.024 kl 0.0156 lr 2.6e-04
[anomaly] it 102: terminal-step reward dominates the episode: survival is being punished
[anomaly] it 102: joint limit violated by 0.36 rad
[anomaly] it 102: contact penetration 3.6 cm
it  103 steps  10125312 sps   52,907 | ep_ret   -5.44 ep_len  103.7 (n=826) | pg -0.013 vf 0.026 kl 0.0147 lr 5.8e-04
[anomaly] it 103: terminal-step reward dominates the episode: survival is being punished
[anomaly] it 103: joint limit violated by 0.38 rad
[anomaly] it 103: contact penetration 3.1 cm
it  104 steps  10223616 sps   52,859 | ep_ret   -5.51 ep_len  106.6 (n=761) | pg -0.014 vf 0.028 kl 0.0174 lr 5.8e-04
[anomaly] it 104: terminal-step reward dominates the episode: survival is being punished
[anomaly] it 104: joint limit violated by 0.36 rad
[anomaly] it 104: contact penetration 4.4 cm
it  105 steps  10321920 sps   52,818 | ep_ret   -5.61 ep_len  112.5 (n=769) | pg -0.013 vf 0.028 kl 0.0161 lr 5.8e-04
[anomaly] it 105: terminal-step reward dominates the episode: survival is being punished
[anomaly] it 105: joint limit violated by 0.37 rad
[anomaly] it 105: contact penetration 4.5 cm
it  106 steps  10420224 sps   52,785 | ep_ret   -5.64 ep_len  116.8 (n=763) | pg -0.013 vf 0.029 kl 0.0166 lr 5.8e-04
[anomaly] it 106: terminal-step reward dominates the episode: survival is being punished
[anomaly] it 106: joint limit violated by 0.36 rad
[anomaly] it 106: contact penetration 3.9 cm
it  107 steps  10518528 sps   52,756 | ep_ret   -5.72 ep_len  120.3 (n=675) | pg -0.014 vf 0.029 kl 0.0179 lr 5.8e-04
[anomaly] it 107: terminal-step reward dominates the episode: survival is being punished
[anomaly] it 107: joint limit violated by 0.38 rad
[anomaly] it 107: contact penetration 4.8 cm
it  108 steps  10616832 sps   52,709 | ep_ret   -5.80 ep_len  126.7 (n=667) | pg -0.014 vf 0.030 kl 0.0169 lr 3.8e-04
[anomaly] it 108: terminal-step reward dominates the episode: survival is being punished
[anomaly] it 108: joint limit violated by 0.36 rad
[anomaly] it 108: contact penetration 3.9 cm
it  109 steps  10715136 sps   52,668 | ep_ret   -5.82 ep_len  127.9 (n=620) | pg -0.014 vf 0.032 kl 0.0167 lr 5.8e-04
[anomaly] it 109: terminal-step reward dominates the episode: survival is being punished
[anomaly] it 109: joint limit violated by 0.41 rad
[anomaly] it 109: contact penetration 3.9 cm
it  110 steps  10813440 sps   52,636 | ep_ret   -5.90 ep_len  133.9 (n=604) | pg -0.014 vf 0.033 kl 0.0166 lr 3.8e-04
[anomaly] it 110: terminal-step reward dominates the episode: survival is being punished
[anomaly] it 110: joint limit violated by 0.35 rad
[anomaly] it 110: contact penetration 4.7 cm
it  111 steps  10911744 sps   52,606 | ep_ret   -6.01 ep_len  140.9 (n=580) | pg -0.015 vf 0.034 kl 0.0163 lr 3.8e-04
[anomaly] it 111: terminal-step reward dominates the episode: survival is being punished
[anomaly] it 111: joint limit violated by 0.39 rad
[anomaly] it 111: contact penetration 4.0 cm
it  112 steps  11010048 sps   52,575 | ep_ret   -6.04 ep_len  141.1 (n=489) | pg -0.014 vf 0.034 kl 0.0156 lr 3.8e-04
[anomaly] it 112: terminal-step reward dominates the episode: survival is being punished
[anomaly] it 112: joint limit violated by 0.41 rad
[anomaly] it 112: contact penetration 4.1 cm
it  113 steps  11108352 sps   52,550 | ep_ret   -6.16 ep_len  148.4 (n=500) | pg -0.013 vf 0.035 kl 0.0173 lr 3.8e-04
[anomaly] it 113: terminal-step reward dominates the episode: survival is being punished
[anomaly] it 113: joint limit violated by 0.37 rad
[anomaly] it 113: contact penetration 3.9 cm
it  114 steps  11206656 sps   52,519 | ep_ret   -6.28 ep_len  155.8 (n=503) | pg -0.012 vf 0.035 kl 0.0179 lr 5.8e-04
[anomaly] it 114: terminal-step reward dominates the episode: survival is being punished
[anomaly] it 114: joint limit violated by 0.42 rad
[anomaly] it 114: contact penetration 4.1 cm
it  115 steps  11304960 sps   52,492 | ep_ret   -6.37 ep_len  161.1 (n=442) | pg -0.014 vf 0.034 kl 0.0169 lr 5.8e-04
[anomaly] it 115: terminal-step reward dominates the episode: survival is being punished
[anomaly] it 115: joint limit violated by 0.37 rad
[anomaly] it 115: contact penetration 5.0 cm
it  116 steps  11403264 sps   52,466 | ep_ret   -6.55 ep_len  178.6 (n=378) | pg -0.014 vf 0.034 kl 0.0168 lr 5.8e-04
[anomaly] it 116: terminal-step reward dominates the episode: survival is being punished
[anomaly] it 116: joint limit violated by 0.34 rad
[anomaly] it 116: contact penetration 4.9 cm
it  117 steps  11501568 sps   52,441 | ep_ret   -6.57 ep_len  179.7 (n=374) | pg -0.014 vf 0.034 kl 0.0174 lr 5.8e-04
[anomaly] it 117: terminal-step reward dominates the episode: survival is being punished
[anomaly] it 117: returns fall as episodes lengthen (corr -0.65): the reward punishes survival
[anomaly] it 117: joint limit violated by 0.38 rad
[anomaly] it 117: contact penetration 4.6 cm
it  118 steps  11599872 sps   52,421 | ep_ret   -6.65 ep_len  180.3 (n=360) | pg -0.013 vf 0.034 kl 0.0176 lr 5.8e-04
[anomaly] it 118: terminal-step reward dominates the episode: survival is being punished
[anomaly] it 118: returns fall as episodes lengthen (corr -0.71): the reward punishes survival
[anomaly] it 118: joint limit violated by 0.37 rad
[anomaly] it 118: contact penetration 4.3 cm
it  119 steps  11698176 sps   52,413 | ep_ret   -6.77 ep_len  188.2 (n=325) | pg -0.013 vf 0.033 kl 0.0172 lr 3.8e-04
[anomaly] it 119: terminal-step reward dominates the episode: survival is being punished
[anomaly] it 119: returns fall as episodes lengthen (corr -0.77): the reward punishes survival
[anomaly] it 119: joint limit violated by 0.49 rad
[anomaly] it 119: contact penetration 3.9 cm
it  120 steps  11796480 sps   52,400 | ep_ret   -6.95 ep_len  205.3 (n=331) | pg -0.014 vf 0.032 kl 0.0175 lr 3.8e-04
[anomaly] it 120: terminal-step reward dominates the episode: survival is being punished
[anomaly] it 120: returns fall as episodes lengthen (corr -0.81): the reward punishes survival
[anomaly] it 120: joint limit violated by 0.36 rad
[anomaly] it 120: contact penetration 4.9 cm
it  121 steps  11894784 sps   52,377 | ep_ret   -7.13 ep_len  215.1 (n=277) | pg -0.013 vf 0.028 kl 0.0166 lr 3.8e-04
[anomaly] it 121: terminal-step reward dominates the episode: survival is being punished
[anomaly] it 121: returns fall as episodes lengthen (corr -0.85): the reward punishes survival
[anomaly] it 121: joint limit violated by 0.33 rad
[anomaly] it 121: contact penetration 7.5 cm
it  122 steps  11993088 sps   52,358 | ep_ret   -7.25 ep_len  226.1 (n=249) | pg -0.014 vf 0.030 kl 0.0170 lr 3.8e-04
[anomaly] it 122: terminal-step reward dominates the episode: survival is being punished
[anomaly] it 122: returns fall as episodes lengthen (corr -0.88): the reward punishes survival
[anomaly] it 122: joint limit violated by 0.34 rad
[anomaly] it 122: contact penetration 4.0 cm
it  123 steps  12091392 sps   52,342 | ep_ret   -7.38 ep_len  229.8 (n=218) | pg -0.014 vf 0.027 kl 0.0171 lr 3.8e-04
[anomaly] it 123: terminal-step reward dominates the episode: survival is being punished
[anomaly] it 123: returns fall as episodes lengthen (corr -0.90): the reward punishes survival
[anomaly] it 123: joint limit violated by 0.41 rad
[anomaly] it 123: contact penetration 4.6 cm
it  124 steps  12189696 sps   52,318 | ep_ret   -7.69 ep_len  249.6 (n=163) | pg -0.012 vf 0.028 kl 0.0159 lr 3.8e-04
[anomaly] it 124: terminal-step reward dominates the episode: survival is being punished
[anomaly] it 124: returns fall as episodes lengthen (corr -0.92): the reward punishes survival
[anomaly] it 124: joint limit violated by 0.35 rad
[anomaly] it 124: contact penetration 4.9 cm
it  125 steps  12288000 sps   52,299 | ep_ret   -7.74 ep_len  253.1 (n=178) | pg -0.012 vf 0.028 kl 0.0153 lr 3.8e-04
[anomaly] it 125: terminal-step reward dominates the episode: survival is being punished
[anomaly] it 125: returns fall as episodes lengthen (corr -0.93): the reward punishes survival
[anomaly] it 125: joint limit violated by 0.33 rad
[anomaly] it 125: contact penetration 4.4 cm
it  126 steps  12386304 sps   52,291 | ep_ret   -7.97 ep_len  266.3 (n=173) | pg -0.013 vf 0.026 kl 0.0150 lr 3.8e-04
[anomaly] it 126: terminal-step reward dominates the episode: survival is being punished
[anomaly] it 126: returns fall as episodes lengthen (corr -0.94): the reward punishes survival
[anomaly] it 126: joint limit violated by 0.36 rad
[anomaly] it 126: contact penetration 4.2 cm
it  127 steps  12484608 sps   52,284 | ep_ret   -7.86 ep_len  264.2 (n=147) | pg -0.013 vf 0.023 kl 0.0182 lr 3.8e-04
[anomaly] it 127: terminal-step reward dominates the episode: survival is being punished
[anomaly] it 127: returns fall as episodes lengthen (corr -0.95): the reward punishes survival
[anomaly] it 127: joint limit violated by 0.37 rad
[anomaly] it 127: contact penetration 4.5 cm
it  128 steps  12582912 sps   52,268 | ep_ret   -7.97 ep_len  275.1 (n=118) | pg -0.012 vf 0.021 kl 0.0145 lr 3.8e-04
[anomaly] it 128: terminal-step reward dominates the episode: survival is being punished
[anomaly] it 128: returns fall as episodes lengthen (corr -0.96): the reward punishes survival
[anomaly] it 128: joint limit violated by 0.36 rad
[anomaly] it 128: contact penetration 6.1 cm
it  129 steps  12681216 sps   52,249 | ep_ret   -8.54 ep_len  308.4 (n=109) | pg -0.013 vf 0.021 kl 0.0162 lr 2.6e-04
[anomaly] it 129: terminal-step reward dominates the episode: survival is being punished
[anomaly] it 129: returns fall as episodes lengthen (corr -0.97): the reward punishes survival
[anomaly] it 129: joint limit violated by 0.37 rad
[anomaly] it 129: contact penetration 4.4 cm
it  130 steps  12779520 sps   52,234 | ep_ret   -8.68 ep_len  328.0 (n=92) | pg -0.014 vf 0.018 kl 0.0157 lr 3.8e-04
[anomaly] it 130: terminal-step reward dominates the episode: survival is being punished
[anomaly] it 130: returns fall as episodes lengthen (corr -0.97): the reward punishes survival
[anomaly] it 130: joint limit violated by 0.41 rad
[anomaly] it 130: contact penetration 4.2 cm
it  131 steps  12877824 sps   52,226 | ep_ret   -8.87 ep_len  339.1 (n=69) | pg -0.012 vf 0.017 kl 0.0152 lr 3.8e-04
[anomaly] it 131: terminal-step reward dominates the episode: survival is being punished
[anomaly] it 131: returns fall as episodes lengthen (corr -0.98): the reward punishes survival
[anomaly] it 131: joint limit violated by 0.38 rad
[anomaly] it 131: contact penetration 4.1 cm
it  132 steps  12976128 sps   52,219 | ep_ret   -8.70 ep_len  337.9 (n=68) | pg -0.012 vf 0.015 kl 0.0146 lr 3.8e-04
[anomaly] it 132: terminal-step reward dominates the episode: survival is being punished
[anomaly] it 132: returns fall as episodes lengthen (corr -0.98): the reward punishes survival
[anomaly] it 132: joint limit violated by 0.38 rad
[anomaly] it 132: contact penetration 5.1 cm
it  133 steps  13074432 sps   52,211 | ep_ret   -8.79 ep_len  331.3 (n=43) | pg -0.012 vf 0.013 kl 0.0162 lr 5.8e-04
[anomaly] it 133: terminal-step reward dominates the episode: survival is being punished
[anomaly] it 133: returns fall as episodes lengthen (corr -0.98): the reward punishes survival
[anomaly] it 133: joint limit violated by 0.45 rad
[anomaly] it 133: contact penetration 5.9 cm
it  134 steps  13172736 sps   52,204 | ep_ret   -8.83 ep_len  352.0 (n=32) | pg -0.013 vf 0.012 kl 0.0152 lr 3.8e-04
[anomaly] it 134: explained variance -0.06 < 0 after warm-up: value function not predicting returns
[anomaly] it 134: terminal-step reward dominates the episode: survival is being punished
[anomaly] it 134: returns fall as episodes lengthen (corr -0.99): the reward punishes survival
[anomaly] it 134: joint limit violated by 0.38 rad
[anomaly] it 134: contact penetration 4.0 cm
it  135 steps  13271040 sps   52,194 | ep_ret   -9.60 ep_len  415.8 (n=36) | pg -0.013 vf 0.010 kl 0.0167 lr 2.6e-04
[anomaly] it 135: terminal-step reward dominates the episode: survival is being punished
[anomaly] it 135: returns fall as episodes lengthen (corr -0.99): the reward punishes survival
[anomaly] it 135: joint limit violated by 0.40 rad
[anomaly] it 135: contact penetration 4.0 cm
it  136 steps  13369344 sps   52,174 | ep_ret  -10.25 ep_len  426.4 (n=32) | pg -0.013 vf 0.010 kl 0.0141 lr 5.8e-04
[anomaly] it 136: terminal-step reward dominates the episode: survival is being punished
[anomaly] it 136: returns fall as episodes lengthen (corr -0.99): the reward punishes survival
[anomaly] it 136: joint limit violated by 0.38 rad
[anomaly] it 136: contact penetration 3.8 cm
it  137 steps  13467648 sps   52,154 | ep_ret   -9.88 ep_len  427.6 (n=15) | pg -0.013 vf 0.009 kl 0.0161 lr 3.8e-04
[anomaly] it 137: explained variance -1.25 < 0 after warm-up: value function not predicting returns
[anomaly] it 137: terminal-step reward dominates the episode: survival is being punished
[anomaly] it 137: returns fall as episodes lengthen (corr -0.99): the reward punishes survival
[anomaly] it 137: joint limit violated by 0.40 rad
[anomaly] it 137: contact penetration 4.1 cm
it  138 steps  13565952 sps   52,142 | ep_ret  -10.26 ep_len  456.4 (n=27) | pg -0.012 vf 0.010 kl 0.0133 lr 3.8e-04
[anomaly] it 138: explained variance -0.45 < 0 after warm-up: value function not predicting returns
[anomaly] it 138: terminal-step reward dominates the episode: survival is being punished
[anomaly] it 138: returns fall as episodes lengthen (corr -0.99): the reward punishes survival
[anomaly] it 138: joint limit violated by 0.41 rad
[anomaly] it 138: contact penetration 4.8 cm
it  139 steps  13664256 sps   52,130 | ep_ret  -11.16 ep_len  535.7 (n=25) | pg -0.011 vf 0.010 kl 0.0169 lr 3.8e-04
[anomaly] it 139: explained variance -0.26 < 0 after warm-up: value function not predicting returns
[anomaly] it 139: terminal-step reward dominates the episode: survival is being punished
[anomaly] it 139: returns fall as episodes lengthen (corr -0.99): the reward punishes survival
[anomaly] it 139: joint limit violated by 0.39 rad
[anomaly] it 139: contact penetration 4.3 cm
it  140 steps  13762560 sps   52,119 | ep_ret  -11.13 ep_len  518.5 (n=24) | pg -0.012 vf 0.008 kl 0.0158 lr 3.8e-04
[anomaly] it 140: terminal-step reward dominates the episode: survival is being punished
[anomaly] it 140: returns fall as episodes lengthen (corr -1.00): the reward punishes survival
[anomaly] it 140: joint limit violated by 0.43 rad
[anomaly] it 140: contact penetration 4.9 cm
it  141 steps  13860864 sps   52,107 | ep_ret  -10.66 ep_len  576.5 (n=13) | pg -0.013 vf 0.007 kl 0.0153 lr 5.8e-04
[anomaly] it 141: explained variance -0.53 < 0 after warm-up: value function not predicting returns
[anomaly] it 141: terminal-step reward dominates the episode: survival is being punished
[anomaly] it 141: returns fall as episodes lengthen (corr -0.99): the reward punishes survival
[anomaly] it 141: joint limit violated by 0.40 rad
[anomaly] it 141: contact penetration 4.5 cm
it  142 steps  13959168 sps   52,092 | ep_ret  -11.29 ep_len  732.6 (n=14) | pg -0.013 vf 0.005 kl 0.0153 lr 3.8e-04
[anomaly] it 142: explained variance -0.83 < 0 after warm-up: value function not predicting returns
[anomaly] it 142: terminal-step reward dominates the episode: survival is being punished
[anomaly] it 142: returns fall as episodes lengthen (corr -0.99): the reward punishes survival
[anomaly] it 142: joint limit violated by 0.36 rad
[anomaly] it 142: contact penetration 4.4 cm
it  143 steps  14057472 sps   52,077 | ep_ret  -11.33 ep_len  792.9 (n=12) | pg -0.013 vf 0.006 kl 0.0158 lr 3.8e-04
[anomaly] it 143: explained variance -2.14 < 0 after warm-up: value function not predicting returns
[anomaly] it 143: terminal-step reward dominates the episode: survival is being punished
[anomaly] it 143: returns fall as episodes lengthen (corr -0.98): the reward punishes survival
[anomaly] it 143: joint limit violated by 0.36 rad
[anomaly] it 143: contact penetration 4.9 cm
it  144 steps  14155776 sps   52,065 | ep_ret  -12.43 ep_len  900.7 (n=26) | pg -0.012 vf 0.005 kl 0.0152 lr 5.8e-04
[anomaly] it 144: explained variance -1.16 < 0 after warm-up: value function not predicting returns
[anomaly] it 144: terminal-step reward dominates the episode: survival is being punished
[anomaly] it 144: returns fall as episodes lengthen (corr -0.97): the reward punishes survival
[anomaly] it 144: joint limit violated by 0.40 rad
[anomaly] it 144: contact penetration 4.0 cm
it  145 steps  14254080 sps   52,054 | ep_ret  -10.37 ep_len  861.8 (n=24) | pg -0.012 vf 0.004 kl 0.0177 lr 3.8e-04
[anomaly] it 145: explained variance -0.75 < 0 after warm-up: value function not predicting returns
[anomaly] it 145: terminal-step reward dominates the episode: survival is being punished
[anomaly] it 145: returns fall as episodes lengthen (corr -0.96): the reward punishes survival
[anomaly] it 145: joint limit violated by 0.37 rad
[anomaly] it 145: contact penetration 3.6 cm
it  146 steps  14352384 sps   52,041 | ep_ret  -10.97 ep_len  908.8 (n=26) | pg -0.011 vf 0.004 kl 0.0149 lr 3.8e-04
[anomaly] it 146: explained variance -0.78 < 0 after warm-up: value function not predicting returns
[anomaly] it 146: terminal-step reward dominates the episode: survival is being punished
[anomaly] it 146: returns fall as episodes lengthen (corr -0.95): the reward punishes survival
[anomaly] it 146: joint limit violated by 0.38 rad
[anomaly] it 146: contact penetration 4.6 cm
it  147 steps  14450688 sps   52,029 | ep_ret  -11.89 ep_len  978.8 (n=39) | pg -0.012 vf 0.004 kl 0.0150 lr 3.8e-04
[anomaly] it 147: explained variance -1.59 < 0 after warm-up: value function not predicting returns
[anomaly] it 147: terminal-step reward dominates the episode: survival is being punished
[anomaly] it 147: returns fall as episodes lengthen (corr -0.95): the reward punishes survival
[anomaly] it 147: joint limit violated by 0.40 rad
[anomaly] it 147: contact penetration 3.4 cm
it  148 steps  14548992 sps   52,016 | ep_ret  -11.40 ep_len  971.7 (n=50) | pg -0.012 vf 0.003 kl 0.0168 lr 3.8e-04
[anomaly] it 148: explained variance -0.89 < 0 after warm-up: value function not predicting returns
[anomaly] it 148: terminal-step reward dominates the episode: survival is being punished
[anomaly] it 148: returns fall as episodes lengthen (corr -0.95): the reward punishes survival
[anomaly] it 148: joint limit violated by 0.39 rad
[anomaly] it 148: contact penetration 4.0 cm
it  149 steps  14647296 sps   52,003 | ep_ret  -10.87 ep_len  979.5 (n=73) | pg -0.012 vf 0.003 kl 0.0162 lr 3.8e-04
[anomaly] it 149: explained variance -0.91 < 0 after warm-up: value function not predicting returns
[anomaly] it 149: terminal-step reward dominates the episode: survival is being punished
[anomaly] it 149: returns fall as episodes lengthen (corr -0.94): the reward punishes survival
[anomaly] it 149: joint limit violated by 0.41 rad
[anomaly] it 149: contact penetration 3.9 cm
it  150 steps  14745600 sps   51,989 | ep_ret  -10.75 ep_len  986.6 (n=84) | pg -0.013 vf 0.004 kl 0.0162 lr 3.8e-04
[anomaly] it 150: explained variance -2.57 < 0 after warm-up: value function not predicting returns
[anomaly] it 150: terminal-step reward dominates the episode: survival is being punished
[anomaly] it 150: returns fall as episodes lengthen (corr -0.94): the reward punishes survival
[anomaly] it 150: joint limit violated by 0.36 rad
[anomaly] it 150: contact penetration 3.5 cm
it  151 steps  14843904 sps   51,977 | ep_ret  -10.94 ep_len  994.2 (n=98) | pg -0.012 vf 0.003 kl 0.0137 lr 3.8e-04
[anomaly] it 151: explained variance -2.14 < 0 after warm-up: value function not predicting returns
[anomaly] it 151: terminal-step reward dominates the episode: survival is being punished
[anomaly] it 151: returns fall as episodes lengthen (corr -0.94): the reward punishes survival
[anomaly] it 151: joint limit violated by 0.41 rad
[anomaly] it 151: contact penetration 3.9 cm
it  152 steps  14942208 sps   51,964 | ep_ret  -10.69 ep_len  995.7 (n=104) | pg -0.012 vf 0.003 kl 0.0164 lr 5.8e-04
[anomaly] it 152: explained variance -4.69 < 0 after warm-up: value function not predicting returns
[anomaly] it 152: terminal-step reward dominates the episode: survival is being punished
[anomaly] it 152: returns fall as episodes lengthen (corr -0.93): the reward punishes survival
[anomaly] it 152: joint limit violated by 0.39 rad
[anomaly] it 152: contact penetration 4.3 cm
it  153 steps  15040512 sps   51,952 | ep_ret  -10.30 ep_len  981.0 (n=132) | pg -0.013 vf 0.003 kl 0.0157 lr 3.8e-04
[anomaly] it 153: explained variance -0.41 < 0 after warm-up: value function not predicting returns
[anomaly] it 153: terminal-step reward dominates the episode: survival is being punished
[anomaly] it 153: returns fall as episodes lengthen (corr -0.93): the reward punishes survival
[anomaly] it 153: joint limit violated by 0.43 rad
[anomaly] it 153: contact penetration 3.6 cm
it  154 steps  15138816 sps   51,937 | ep_ret  -10.46 ep_len  989.2 (n=136) | pg -0.011 vf 0.004 kl 0.0147 lr 3.8e-04
[anomaly] it 154: explained variance -1.02 < 0 after warm-up: value function not predicting returns
[anomaly] it 154: terminal-step reward dominates the episode: survival is being punished
[anomaly] it 154: returns fall as episodes lengthen (corr -0.93): the reward punishes survival
[anomaly] it 154: joint limit violated by 0.44 rad
[anomaly] it 154: contact penetration 5.4 cm
it  155 steps  15237120 sps   51,925 | ep_ret  -10.10 ep_len  991.5 (n=173) | pg -0.012 vf 0.003 kl 0.0167 lr 3.8e-04
[anomaly] it 155: explained variance -0.25 < 0 after warm-up: value function not predicting returns
[anomaly] it 155: terminal-step reward dominates the episode: survival is being punished
[anomaly] it 155: returns fall as episodes lengthen (corr -0.93): the reward punishes survival
[anomaly] it 155: joint limit violated by 0.35 rad
[anomaly] it 155: contact penetration 4.2 cm
it  156 steps  15335424 sps   51,913 | ep_ret   -9.74 ep_len  998.9 (n=185) | pg -0.011 vf 0.004 kl 0.0149 lr 3.8e-04
[anomaly] it 156: explained variance -2.35 < 0 after warm-up: value function not predicting returns
[anomaly] it 156: terminal-step reward dominates the episode: survival is being punished
[anomaly] it 156: returns fall as episodes lengthen (corr -0.92): the reward punishes survival
[anomaly] it 156: joint limit violated by 0.40 rad
[anomaly] it 156: contact penetration 4.2 cm
it  157 steps  15433728 sps   51,901 | ep_ret   -9.85 ep_len  988.3 (n=181) | pg -0.011 vf 0.003 kl 0.0173 lr 5.8e-04
[anomaly] it 157: explained variance -0.60 < 0 after warm-up: value function not predicting returns
[anomaly] it 157: terminal-step reward dominates the episode: survival is being punished
[anomaly] it 157: returns fall as episodes lengthen (corr -0.92): the reward punishes survival
[anomaly] it 157: joint limit violated by 0.49 rad
[anomaly] it 157: contact penetration 3.8 cm
it  158 steps  15532032 sps   51,888 | ep_ret   -9.55 ep_len  993.3 (n=178) | pg -0.011 vf 0.003 kl 0.0172 lr 5.8e-04
[anomaly] it 158: explained variance -2.25 < 0 after warm-up: value function not predicting returns
[anomaly] it 158: terminal-step reward dominates the episode: survival is being punished
[anomaly] it 158: returns fall as episodes lengthen (corr -0.91): the reward punishes survival
[anomaly] it 158: joint limit violated by 0.47 rad
[anomaly] it 158: contact penetration 3.9 cm
it  159 steps  15630336 sps   51,876 | ep_ret   -9.43 ep_len  986.2 (n=189) | pg -0.011 vf 0.003 kl 0.0165 lr 3.8e-04
[anomaly] it 159: explained variance -0.64 < 0 after warm-up: value function not predicting returns
[anomaly] it 159: terminal-step reward dominates the episode: survival is being punished
[anomaly] it 159: returns fall as episodes lengthen (corr -0.91): the reward punishes survival
[anomaly] it 159: joint limit violated by 0.42 rad
[anomaly] it 159: contact penetration 4.4 cm
it  160 steps  15728640 sps   51,863 | ep_ret   -9.07 ep_len  995.9 (n=231) | pg -0.011 vf 0.003 kl 0.0142 lr 3.8e-04
[anomaly] it 160: explained variance -2.22 < 0 after warm-up: value function not predicting returns
[anomaly] it 160: terminal-step reward dominates the episode: survival is being punished
[anomaly] it 160: returns fall as episodes lengthen (corr -0.90): the reward punishes survival
[anomaly] it 160: joint limit violated by 0.44 rad
[anomaly] it 160: contact penetration 3.5 cm
it  161 steps  15826944 sps   51,849 | ep_ret   -8.97 ep_len  994.5 (n=221) | pg -0.012 vf 0.002 kl 0.0164 lr 3.8e-04
[anomaly] it 161: explained variance -2.06 < 0 after warm-up: value function not predicting returns
[anomaly] it 161: terminal-step reward dominates the episode: survival is being punished
[anomaly] it 161: returns fall as episodes lengthen (corr -0.90): the reward punishes survival
[anomaly] it 161: joint limit violated by 0.38 rad
[anomaly] it 161: contact penetration 3.9 cm
it  162 steps  15925248 sps   51,836 | ep_ret   -8.74 ep_len  995.7 (n=212) | pg -0.011 vf 0.003 kl 0.0143 lr 3.8e-04
[anomaly] it 162: explained variance -5.02 < 0 after warm-up: value function not predicting returns
[anomaly] it 162: terminal-step reward dominates the episode: survival is being punished
[anomaly] it 162: returns fall as episodes lengthen (corr -0.89): the reward punishes survival
[anomaly] it 162: joint limit violated by 0.39 rad
[anomaly] it 162: contact penetration 3.9 cm
it  163 steps  16023552 sps   51,822 | ep_ret   -8.64 ep_len  991.1 (n=197) | pg -0.012 vf 0.003 kl 0.0171 lr 3.8e-04
[anomaly] it 163: explained variance -1.76 < 0 after warm-up: value function not predicting returns
[anomaly] it 163: terminal-step reward dominates the episode: survival is being punished
[anomaly] it 163: returns fall as episodes lengthen (corr -0.88): the reward punishes survival
[anomaly] it 163: joint limit violated by 0.44 rad
[anomaly] it 163: contact penetration 4.2 cm
it  164 steps  16121856 sps   51,809 | ep_ret   -8.66 ep_len  992.1 (n=187) | pg -0.011 vf 0.003 kl 0.0142 lr 3.8e-04
[anomaly] it 164: explained variance -0.43 < 0 after warm-up: value function not predicting returns
[anomaly] it 164: terminal-step reward dominates the episode: survival is being punished
[anomaly] it 164: returns fall as episodes lengthen (corr -0.88): the reward punishes survival
[anomaly] it 164: joint limit violated by 0.34 rad
[anomaly] it 164: contact penetration 3.6 cm
it  165 steps  16220160 sps   51,795 | ep_ret   -7.87 ep_len  985.4 (n=162) | pg -0.010 vf 0.003 kl 0.0164 lr 3.8e-04
[anomaly] it 165: explained variance -1.33 < 0 after warm-up: value function not predicting returns
[anomaly] it 165: terminal-step reward dominates the episode: survival is being punished
[anomaly] it 165: returns fall as episodes lengthen (corr -0.87): the reward punishes survival
[anomaly] it 165: joint limit violated by 0.39 rad
[anomaly] it 165: contact penetration 3.7 cm
it  166 steps  16318464 sps   51,780 | ep_ret   -7.79 ep_len  995.9 (n=145) | pg -0.010 vf 0.004 kl 0.0154 lr 3.8e-04
[anomaly] it 166: explained variance -2.80 < 0 after warm-up: value function not predicting returns
[anomaly] it 166: terminal-step reward dominates the episode: survival is being punished
[anomaly] it 166: returns fall as episodes lengthen (corr -0.86): the reward punishes survival
[anomaly] it 166: joint limit violated by 0.39 rad
[anomaly] it 166: contact penetration 5.0 cm
it  167 steps  16416768 sps   51,765 | ep_ret   -7.58 ep_len  972.2 (n=163) | pg -0.010 vf 0.004 kl 0.0150 lr 3.8e-04
[anomaly] it 167: explained variance -0.91 < 0 after warm-up: value function not predicting returns
[anomaly] it 167: terminal-step reward dominates the episode: survival is being punished
[anomaly] it 167: returns fall as episodes lengthen (corr -0.84): the reward punishes survival
[anomaly] it 167: joint limit violated by 0.43 rad
[anomaly] it 167: contact penetration 4.5 cm
it  168 steps  16515072 sps   51,751 | ep_ret   -7.39 ep_len  983.1 (n=140) | pg -0.012 vf 0.003 kl 0.0155 lr 5.8e-04
[anomaly] it 168: explained variance -2.32 < 0 after warm-up: value function not predicting returns
[anomaly] it 168: terminal-step reward dominates the episode: survival is being punished
[anomaly] it 168: returns fall as episodes lengthen (corr -0.83): the reward punishes survival
[anomaly] it 168: joint limit violated by 0.38 rad
[anomaly] it 168: contact penetration 3.6 cm
it  169 steps  16613376 sps   51,735 | ep_ret   -7.23 ep_len  991.7 (n=119) | pg -0.010 vf 0.003 kl 0.0150 lr 3.8e-04
[anomaly] it 169: explained variance -3.65 < 0 after warm-up: value function not predicting returns
[anomaly] it 169: terminal-step reward dominates the episode: survival is being punished
[anomaly] it 169: returns fall as episodes lengthen (corr -0.82): the reward punishes survival
[anomaly] it 169: joint limit violated by 0.36 rad
[anomaly] it 169: contact penetration 4.0 cm
it  170 steps  16711680 sps   51,720 | ep_ret   -6.86 ep_len  995.2 (n=109) | pg -0.011 vf 0.003 kl 0.0168 lr 3.8e-04
[anomaly] it 170: explained variance -6.17 < 0 after warm-up: value function not predicting returns
[anomaly] it 170: terminal-step reward dominates the episode: survival is being punished
[anomaly] it 170: returns fall as episodes lengthen (corr -0.80): the reward punishes survival
[anomaly] it 170: joint limit violated by 0.42 rad
[anomaly] it 170: contact penetration 4.1 cm
it  171 steps  16809984 sps   51,705 | ep_ret   -6.60 ep_len  981.6 (n=102) | pg -0.013 vf 0.002 kl 0.0161 lr 3.8e-04
[anomaly] it 171: explained variance -1.37 < 0 after warm-up: value function not predicting returns
[anomaly] it 171: terminal-step reward dominates the episode: survival is being punished
[anomaly] it 171: returns fall as episodes lengthen (corr -0.78): the reward punishes survival
[anomaly] it 171: joint limit violated by 0.40 rad
[anomaly] it 171: contact penetration 4.0 cm
it  172 steps  16908288 sps   51,691 | ep_ret   -6.26 ep_len  993.0 (n=69) | pg -0.012 vf 0.002 kl 0.0161 lr 3.8e-04
[anomaly] it 172: explained variance -2.51 < 0 after warm-up: value function not predicting returns
[anomaly] it 172: terminal-step reward dominates the episode: survival is being punished
[anomaly] it 172: returns fall as episodes lengthen (corr -0.76): the reward punishes survival
[anomaly] it 172: joint limit violated by 0.37 rad
[anomaly] it 172: contact penetration 4.2 cm
it  173 steps  17006592 sps   51,676 | ep_ret   -6.49 ep_len  989.8 (n=69) | pg -0.011 vf 0.003 kl 0.0171 lr 5.8e-04
[anomaly] it 173: explained variance -2.59 < 0 after warm-up: value function not predicting returns
[anomaly] it 173: terminal-step reward dominates the episode: survival is being punished
[anomaly] it 173: returns fall as episodes lengthen (corr -0.75): the reward punishes survival
[anomaly] it 173: joint limit violated by 0.41 rad
[anomaly] it 173: contact penetration 4.8 cm
it  174 steps  17104896 sps   51,661 | ep_ret   -6.07 ep_len  975.9 (n=55) | pg -0.010 vf 0.003 kl 0.0174 lr 3.8e-04
[anomaly] it 174: explained variance -1.32 < 0 after warm-up: value function not predicting returns
[anomaly] it 174: terminal-step reward dominates the episode: survival is being punished
[anomaly] it 174: returns fall as episodes lengthen (corr -0.73): the reward punishes survival
[anomaly] it 174: joint limit violated by 0.41 rad
[anomaly] it 174: contact penetration 3.6 cm
it  175 steps  17203200 sps   51,646 | ep_ret   -5.56 ep_len  956.2 (n=40) | pg -0.011 vf 0.003 kl 0.0164 lr 5.8e-04
[anomaly] it 175: explained variance -0.76 < 0 after warm-up: value function not predicting returns
[anomaly] it 175: terminal-step reward dominates the episode: survival is being punished
[anomaly] it 175: returns fall as episodes lengthen (corr -0.70): the reward punishes survival
[anomaly] it 175: joint limit violated by 0.39 rad
[anomaly] it 175: contact penetration 4.1 cm
it  176 steps  17301504 sps   51,632 | ep_ret   -4.87 ep_len 1000.0 (n=36) | pg -0.010 vf 0.003 kl 0.0182 lr 2.6e-04
[anomaly] it 176: explained variance -9.61 < 0 after warm-up: value function not predicting returns
[anomaly] it 176: returns fall as episodes lengthen (corr -0.67): the reward punishes survival
[anomaly] it 176: joint limit violated by 0.41 rad
[anomaly] it 176: contact penetration 3.7 cm
it  177 steps  17399808 sps   51,619 | ep_ret   -5.85 ep_len  928.7 (n=39) | pg -0.010 vf 0.003 kl 0.0163 lr 3.8e-04
[anomaly] it 177: explained variance -1.14 < 0 after warm-up: value function not predicting returns
[anomaly] it 177: terminal-step reward dominates the episode: survival is being punished
[anomaly] it 177: returns fall as episodes lengthen (corr -0.65): the reward punishes survival
[anomaly] it 177: joint limit violated by 0.37 rad
[anomaly] it 177: contact penetration 4.6 cm
it  178 steps  17498112 sps   51,604 | ep_ret   -5.54 ep_len  889.8 (n=34) | pg -0.012 vf 0.002 kl 0.0160 lr 3.8e-04
[anomaly] it 178: explained variance -0.34 < 0 after warm-up: value function not predicting returns
[anomaly] it 178: terminal-step reward dominates the episode: survival is being punished
[anomaly] it 178: returns fall as episodes lengthen (corr -0.63): the reward punishes survival
[anomaly] it 178: joint limit violated by 0.40 rad
[anomaly] it 178: contact penetration 3.5 cm
it  179 steps  17596416 sps   51,589 | ep_ret   -4.59 ep_len  978.8 (n=22) | pg -0.011 vf 0.002 kl 0.0157 lr 2.6e-04
[anomaly] it 179: explained variance -3.37 < 0 after warm-up: value function not predicting returns
[anomaly] it 179: terminal-step reward dominates the episode: survival is being punished
[anomaly] it 179: joint limit violated by 0.41 rad
[anomaly] it 179: contact penetration 4.2 cm
it  180 steps  17694720 sps   51,575 | ep_ret   -4.08 ep_len  975.0 (n=23) | pg -0.012 vf 0.002 kl 0.0163 lr 3.8e-04
[anomaly] it 180: explained variance -1.71 < 0 after warm-up: value function not predicting returns
[anomaly] it 180: terminal-step reward dominates the episode: survival is being punished
[anomaly] it 180: joint limit violated by 0.39 rad
[anomaly] it 180: contact penetration 3.9 cm
it  181 steps  17793024 sps   51,560 | ep_ret   -4.57 ep_len  975.5 (n=28) | pg -0.011 vf 0.002 kl 0.0164 lr 3.8e-04
[anomaly] it 181: explained variance -2.29 < 0 after warm-up: value function not predicting returns
[anomaly] it 181: terminal-step reward dominates the episode: survival is being punished
[anomaly] it 181: joint limit violated by 0.42 rad
[anomaly] it 181: contact penetration 4.0 cm
it  182 steps  17891328 sps   51,545 | ep_ret   -3.74 ep_len  983.7 (n=16) | pg -0.010 vf 0.003 kl 0.0149 lr 3.8e-04
[anomaly] it 182: explained variance -1.33 < 0 after warm-up: value function not predicting returns
[anomaly] it 182: terminal-step reward dominates the episode: survival is being punished
[anomaly] it 182: joint limit violated by 0.40 rad
[anomaly] it 182: contact penetration 4.4 cm
it  183 steps  17989632 sps   51,530 | ep_ret   -3.62 ep_len  908.8 (n=13) | pg -0.010 vf 0.002 kl 0.0149 lr 3.8e-04
[anomaly] it 183: explained variance -1.04 < 0 after warm-up: value function not predicting returns
[anomaly] it 183: terminal-step reward dominates the episode: survival is being punished
[anomaly] it 183: joint limit violated by 0.44 rad
[anomaly] it 183: contact penetration 3.6 cm
it  184 steps  18087936 sps   51,515 | ep_ret   -3.92 ep_len  983.5 (n=16) | pg -0.010 vf 0.002 kl 0.0169 lr 3.8e-04
[anomaly] it 184: explained variance -1.24 < 0 after warm-up: value function not predicting returns
[anomaly] it 184: terminal-step reward dominates the episode: survival is being punished
[anomaly] it 184: joint limit violated by 0.39 rad
[anomaly] it 184: contact penetration 4.3 cm
it  185 steps  18186240 sps   51,502 | ep_ret   -3.50 ep_len  958.5 (n=17) | pg -0.011 vf 0.002 kl 0.0173 lr 3.8e-04
[anomaly] it 185: explained variance -0.34 < 0 after warm-up: value function not predicting returns
[anomaly] it 185: terminal-step reward dominates the episode: survival is being punished
[anomaly] it 185: joint limit violated by 0.40 rad
[anomaly] it 185: contact penetration 4.7 cm
it  186 steps  18284544 sps   51,489 | ep_ret   -3.12 ep_len  985.0 (n=25) | pg -0.008 vf 0.002 kl 0.0155 lr 3.8e-04
[anomaly] it 186: explained variance -1.04 < 0 after warm-up: value function not predicting returns
[anomaly] it 186: terminal-step reward dominates the episode: survival is being punished
[anomaly] it 186: joint limit violated by 0.38 rad
[anomaly] it 186: contact penetration 4.0 cm
it  187 steps  18382848 sps   51,475 | ep_ret   -3.04 ep_len  976.7 (n=23) | pg -0.011 vf 0.002 kl 0.0148 lr 3.8e-04
[anomaly] it 187: explained variance -1.33 < 0 after warm-up: value function not predicting returns
[anomaly] it 187: terminal-step reward dominates the episode: survival is being punished
[anomaly] it 187: joint limit violated by 0.38 rad
[anomaly] it 187: contact penetration 4.9 cm
it  188 steps  18481152 sps   51,462 | ep_ret   -2.90 ep_len  957.8 (n=37) | pg -0.012 vf 0.002 kl 0.0169 lr 2.6e-04
[anomaly] it 188: explained variance -0.71 < 0 after warm-up: value function not predicting returns
[anomaly] it 188: terminal-step reward dominates the episode: survival is being punished
[anomaly] it 188: joint limit violated by 0.49 rad
[anomaly] it 188: contact penetration 4.9 cm
it  189 steps  18579456 sps   51,449 | ep_ret   -1.73 ep_len 1000.0 (n=37) | pg -0.010 vf 0.002 kl 0.0142 lr 3.8e-04
[anomaly] it 189: explained variance -4.81 < 0 after warm-up: value function not predicting returns
[anomaly] it 189: joint limit violated by 0.41 rad
[anomaly] it 189: contact penetration 4.0 cm
it  190 steps  18677760 sps   51,435 | ep_ret   -2.14 ep_len  989.7 (n=58) | pg -0.012 vf 0.001 kl 0.0167 lr 3.8e-04
[anomaly] it 190: explained variance -2.67 < 0 after warm-up: value function not predicting returns
[anomaly] it 190: terminal-step reward dominates the episode: survival is being punished
[anomaly] it 190: joint limit violated by 0.38 rad
[anomaly] it 190: contact penetration 3.7 cm
it  191 steps  18776064 sps   51,421 | ep_ret   -1.40 ep_len 1000.0 (n=69) | pg -0.012 vf 0.002 kl 0.0162 lr 3.8e-04
[anomaly] it 191: explained variance -3.98 < 0 after warm-up: value function not predicting returns
[anomaly] it 191: joint limit violated by 0.38 rad
[anomaly] it 191: contact penetration 4.1 cm
it  192 steps  18874368 sps   51,408 | ep_ret   -1.59 ep_len  996.6 (n=96) | pg -0.010 vf 0.002 kl 0.0171 lr 3.8e-04
[anomaly] it 192: explained variance -1.27 < 0 after warm-up: value function not predicting returns
[anomaly] it 192: terminal-step reward dominates the episode: survival is being punished
[anomaly] it 192: joint limit violated by 0.45 rad
[anomaly] it 192: contact penetration 4.8 cm
it  193 steps  18972672 sps   51,395 | ep_ret   -1.52 ep_len  992.5 (n=84) | pg -0.010 vf 0.002 kl 0.0156 lr 2.6e-04
[anomaly] it 193: explained variance -1.68 < 0 after warm-up: value function not predicting returns
[anomaly] it 193: terminal-step reward dominates the episode: survival is being punished
[anomaly] it 193: joint limit violated by 0.38 rad
[anomaly] it 193: contact penetration 4.2 cm
it  194 steps  19070976 sps   51,381 | ep_ret   -1.07 ep_len  991.6 (n=121) | pg -0.009 vf 0.002 kl 0.0170 lr 3.8e-04
[anomaly] it 194: explained variance -1.25 < 0 after warm-up: value function not predicting returns
[anomaly] it 194: terminal-step reward dominates the episode: survival is being punished
[anomaly] it 194: joint limit violated by 0.42 rad
[anomaly] it 194: contact penetration 3.5 cm
it  195 steps  19169280 sps   51,368 | ep_ret   -1.18 ep_len 1000.0 (n=127) | pg -0.011 vf 0.002 kl 0.0169 lr 3.8e-04
[anomaly] it 195: explained variance -6.40 < 0 after warm-up: value function not predicting returns
[anomaly] it 195: joint limit violated by 0.41 rad
[anomaly] it 195: contact penetration 4.0 cm
it  196 steps  19267584 sps   51,355 | ep_ret   -0.73 ep_len  995.4 (n=143) | pg -0.010 vf 0.002 kl 0.0169 lr 5.8e-04
[anomaly] it 196: explained variance -1.25 < 0 after warm-up: value function not predicting returns
[anomaly] it 196: terminal-step reward dominates the episode: survival is being punished
[anomaly] it 196: joint limit violated by 0.38 rad
[anomaly] it 196: contact penetration 3.7 cm
it  197 steps  19365888 sps   51,342 | ep_ret   -0.55 ep_len  990.5 (n=198) | pg -0.010 vf 0.002 kl 0.0178 lr 3.8e-04
[anomaly] it 197: terminal-step reward dominates the episode: survival is being punished
[anomaly] it 197: joint limit violated by 0.37 rad
[anomaly] it 197: contact penetration 3.3 cm
it  198 steps  19464192 sps   51,329 | ep_ret   -0.32 ep_len 1000.0 (n=170) | pg -0.010 vf 0.002 kl 0.0148 lr 3.8e-04
[anomaly] it 198: explained variance -6.44 < 0 after warm-up: value function not predicting returns
[anomaly] it 198: joint limit violated by 0.38 rad
[anomaly] it 198: contact penetration 3.5 cm
it  199 steps  19562496 sps   51,317 | ep_ret   -0.11 ep_len  994.0 (n=179) | pg -0.010 vf 0.002 kl 0.0174 lr 3.8e-04
[anomaly] it 199: explained variance -2.08 < 0 after warm-up: value function not predicting returns
[anomaly] it 199: terminal-step reward dominates the episode: survival is being punished
[anomaly] it 199: joint limit violated by 0.42 rad
[anomaly] it 199: contact penetration 3.5 cm
it  200 steps  19660800 sps   51,303 | ep_ret    0.07 ep_len  999.5 (n=183) | pg -0.009 vf 0.002 kl 0.0180 lr 3.8e-04
[anomaly] it 200: explained variance -0.27 < 0 after warm-up: value function not predicting returns
[anomaly] it 200: terminal-step reward dominates the episode: survival is being punished
[anomaly] it 200: joint limit violated by 0.40 rad
[anomaly] it 200: contact penetration 3.7 cm
it  201 steps  19759104 sps   51,290 | ep_ret    0.29 ep_len  995.5 (n=201) | pg -0.008 vf 0.002 kl 0.0171 lr 5.8e-04
[anomaly] it 201: explained variance -0.79 < 0 after warm-up: value function not predicting returns
[anomaly] it 201: terminal-step reward dominates the episode: survival is being punished
[anomaly] it 201: joint limit violated by 0.41 rad
[anomaly] it 201: contact penetration 3.6 cm
it  202 steps  19857408 sps   51,278 | ep_ret    0.45 ep_len  999.4 (n=217) | pg -0.008 vf 0.002 kl 0.0133 lr 2.6e-04
[anomaly] it 202: explained variance -1.41 < 0 after warm-up: value function not predicting returns
[anomaly] it 202: terminal-step reward dominates the episode: survival is being punished
[anomaly] it 202: joint limit violated by 0.45 rad
[anomaly] it 202: contact penetration 4.3 cm
it  203 steps  19955712 sps   51,265 | ep_ret    0.70 ep_len  999.7 (n=222) | pg -0.010 vf 0.001 kl 0.0140 lr 3.8e-04
[anomaly] it 203: explained variance -3.06 < 0 after warm-up: value function not predicting returns
[anomaly] it 203: terminal-step reward dominates the episode: survival is being punished
[anomaly] it 203: joint limit violated by 0.39 rad
[anomaly] it 203: contact penetration 3.3 cm
it  204 steps  20054016 sps   51,253 | ep_ret    0.92 ep_len 1000.0 (n=212) | pg -0.010 vf 0.002 kl 0.0157 lr 3.8e-04
[anomaly] it 204: explained variance -4.92 < 0 after warm-up: value function not predicting returns
[anomaly] it 204: joint limit violated by 0.45 rad
[anomaly] it 204: contact penetration 3.5 cm
it  205 steps  20152320 sps   51,239 | ep_ret    1.17 ep_len  998.2 (n=186) | pg -0.008 vf 0.002 kl 0.0149 lr 3.8e-04
[anomaly] it 205: explained variance -0.91 < 0 after warm-up: value function not predicting returns
[anomaly] it 205: terminal-step reward dominates the episode: survival is being punished
[anomaly] it 205: joint limit violated by 0.40 rad
[anomaly] it 205: contact penetration 3.8 cm
it  206 steps  20250624 sps   51,227 | ep_ret    1.32 ep_len 1000.0 (n=170) | pg -0.010 vf 0.002 kl 0.0165 lr 3.8e-04
[anomaly] it 206: explained variance -4.52 < 0 after warm-up: value function not predicting returns
[anomaly] it 206: joint limit violated by 0.47 rad
[anomaly] it 206: contact penetration 4.5 cm
it  207 steps  20348928 sps   51,215 | ep_ret    1.60 ep_len  999.0 (n=151) | pg -0.007 vf 0.001 kl 0.0157 lr 3.8e-04
[anomaly] it 207: explained variance -2.48 < 0 after warm-up: value function not predicting returns
[anomaly] it 207: terminal-step reward dominates the episode: survival is being punished
[anomaly] it 207: joint limit violated by 0.41 rad
[anomaly] it 207: contact penetration 3.4 cm
it  208 steps  20447232 sps   51,202 | ep_ret    1.38 ep_len  991.5 (n=149) | pg -0.011 vf 0.001 kl 0.0166 lr 3.8e-04
[anomaly] it 208: explained variance -0.75 < 0 after warm-up: value function not predicting returns
[anomaly] it 208: terminal-step reward dominates the episode: survival is being punished
[anomaly] it 208: joint limit violated by 0.39 rad
[anomaly] it 208: contact penetration 3.5 cm
it  209 steps  20545536 sps   51,190 | ep_ret    1.78 ep_len 1000.0 (n=159) | pg -0.007 vf 0.002 kl 0.0145 lr 3.8e-04
[anomaly] it 209: explained variance -4.36 < 0 after warm-up: value function not predicting returns
[anomaly] it 209: joint limit violated by 0.38 rad
[anomaly] it 209: contact penetration 3.3 cm
it  210 steps  20643840 sps   51,178 | ep_ret    2.03 ep_len  989.5 (n=140) | pg -0.010 vf 0.001 kl 0.0158 lr 3.8e-04
[anomaly] it 210: explained variance -1.29 < 0 after warm-up: value function not predicting returns
[anomaly] it 210: terminal-step reward dominates the episode: survival is being punished
[anomaly] it 210: joint limit violated by 0.41 rad
[anomaly] it 210: contact penetration 3.2 cm
it  211 steps  20742144 sps   51,165 | ep_ret    2.26 ep_len 1000.0 (n=105) | pg -0.008 vf 0.001 kl 0.0139 lr 2.6e-04
[anomaly] it 211: explained variance -4.99 < 0 after warm-up: value function not predicting returns
[anomaly] it 211: joint limit violated by 0.40 rad
[anomaly] it 211: contact penetration 3.4 cm
it  212 steps  20840448 sps   51,153 | ep_ret    2.25 ep_len  991.4 (n=102) | pg -0.011 vf 0.001 kl 0.0132 lr 3.8e-04
[anomaly] it 212: explained variance -0.46 < 0 after warm-up: value function not predicting returns
[anomaly] it 212: terminal-step reward dominates the episode: survival is being punished
[anomaly] it 212: joint limit violated by 0.42 rad
[anomaly] it 212: contact penetration 3.3 cm
it  213 steps  20938752 sps   51,139 | ep_ret    2.63 ep_len 1000.0 (n=99) | pg -0.009 vf 0.001 kl 0.0182 lr 3.8e-04
[anomaly] it 213: explained variance -3.67 < 0 after warm-up: value function not predicting returns
[anomaly] it 213: joint limit violated by 0.46 rad
[anomaly] it 213: contact penetration 3.4 cm
it  214 steps  21037056 sps   51,128 | ep_ret    2.65 ep_len  985.8 (n=61) | pg -0.007 vf 0.002 kl 0.0135 lr 2.6e-04
[anomaly] it 214: explained variance -2.26 < 0 after warm-up: value function not predicting returns
[anomaly] it 214: terminal-step reward dominates the episode: survival is being punished
[anomaly] it 214: joint limit violated by 0.38 rad
[anomaly] it 214: contact penetration 3.5 cm
it  215 steps  21135360 sps   51,116 | ep_ret    2.68 ep_len  998.8 (n=68) | pg -0.007 vf 0.002 kl 0.0156 lr 2.6e-04
[anomaly] it 215: explained variance -1.65 < 0 after warm-up: value function not predicting returns
[anomaly] it 215: terminal-step reward dominates the episode: survival is being punished
[anomaly] it 215: joint limit violated by 0.40 rad
[anomaly] it 215: contact penetration 3.7 cm
it  216 steps  21233664 sps   51,104 | ep_ret    2.72 ep_len  963.7 (n=57) | pg -0.008 vf 0.002 kl 0.0151 lr 2.6e-04
[anomaly] it 216: explained variance -0.25 < 0 after warm-up: value function not predicting returns
[anomaly] it 216: terminal-step reward dominates the episode: survival is being punished
[anomaly] it 216: joint limit violated by 0.39 rad
[anomaly] it 216: contact penetration 4.4 cm
it  217 steps  21331968 sps   51,091 | ep_ret    2.94 ep_len  969.0 (n=34) | pg -0.009 vf 0.001 kl 0.0148 lr 3.8e-04
[anomaly] it 217: explained variance -0.46 < 0 after warm-up: value function not predicting returns
[anomaly] it 217: terminal-step reward dominates the episode: survival is being punished
[anomaly] it 217: joint limit violated by 0.40 rad
[anomaly] it 217: contact penetration 3.3 cm
it  218 steps  21430272 sps   51,078 | ep_ret    3.23 ep_len  978.3 (n=32) | pg -0.009 vf 0.002 kl 0.0149 lr 3.8e-04
[anomaly] it 218: explained variance -0.66 < 0 after warm-up: value function not predicting returns
[anomaly] it 218: terminal-step reward dominates the episode: survival is being punished
[anomaly] it 218: joint limit violated by 0.39 rad
[anomaly] it 218: contact penetration 3.4 cm
it  219 steps  21528576 sps   51,066 | ep_ret    3.72 ep_len 1000.0 (n=43) | pg -0.008 vf 0.002 kl 0.0147 lr 2.6e-04
[anomaly] it 219: explained variance -4.38 < 0 after warm-up: value function not predicting returns
[anomaly] it 219: joint limit violated by 0.41 rad
[anomaly] it 219: contact penetration 3.2 cm
it  220 steps  21626880 sps   51,053 | ep_ret    3.02 ep_len  927.1 (n=28) | pg -0.010 vf 0.001 kl 0.0148 lr 3.8e-04
[anomaly] it 220: explained variance -0.52 < 0 after warm-up: value function not predicting returns
[anomaly] it 220: terminal-step reward dominates the episode: survival is being punished
[anomaly] it 220: joint limit violated by 0.36 rad
[anomaly] it 220: contact penetration 3.5 cm
it  221 steps  21725184 sps   51,041 | ep_ret    3.57 ep_len 1000.0 (n=22) | pg -0.009 vf 0.001 kl 0.0152 lr 3.8e-04
[anomaly] it 221: explained variance -2.05 < 0 after warm-up: value function not predicting returns
[anomaly] it 221: joint limit violated by 0.40 rad
[anomaly] it 221: contact penetration 3.4 cm
it  222 steps  21823488 sps   51,029 | ep_ret    4.18 ep_len 1000.0 (n=24) | pg -0.009 vf 0.001 kl 0.0136 lr 2.6e-04
[anomaly] it 222: explained variance -2.15 < 0 after warm-up: value function not predicting returns
[anomaly] it 222: joint limit violated by 0.37 rad
[anomaly] it 222: contact penetration 3.8 cm
it  223 steps  21921792 sps   51,017 | ep_ret    4.02 ep_len 1000.0 (n=24) | pg -0.009 vf 0.001 kl 0.0159 lr 3.8e-04
[anomaly] it 223: explained variance -3.06 < 0 after warm-up: value function not predicting returns
[anomaly] it 223: joint limit violated by 0.38 rad
[anomaly] it 223: contact penetration 3.5 cm
it  224 steps  22020096 sps   51,004 | ep_ret    4.16 ep_len  970.9 (n=16) | pg -0.007 vf 0.002 kl 0.0143 lr 3.8e-04
[anomaly] it 224: explained variance -2.05 < 0 after warm-up: value function not predicting returns
[anomaly] it 224: terminal-step reward dominates the episode: survival is being punished
[anomaly] it 224: joint limit violated by 0.42 rad
[anomaly] it 224: contact penetration 3.5 cm
it  225 steps  22118400 sps   50,993 | ep_ret    4.32 ep_len  982.8 (n=17) | pg -0.008 vf 0.002 kl 0.0138 lr 3.8e-04
[anomaly] it 225: explained variance -0.61 < 0 after warm-up: value function not predicting returns
[anomaly] it 225: terminal-step reward dominates the episode: survival is being punished
[anomaly] it 225: joint limit violated by 0.43 rad
[anomaly] it 225: contact penetration 3.2 cm
it  226 steps  22216704 sps   50,982 | ep_ret    4.47 ep_len  953.3 (n=17) | pg -0.009 vf 0.001 kl 0.0165 lr 3.8e-04
[anomaly] it 226: explained variance -1.08 < 0 after warm-up: value function not predicting returns
[anomaly] it 226: terminal-step reward dominates the episode: survival is being punished
[anomaly] it 226: joint limit violated by 0.41 rad
[anomaly] it 226: contact penetration 3.8 cm
it  227 steps  22315008 sps   50,971 | ep_ret    4.32 ep_len  977.5 (n=23) | pg -0.008 vf 0.001 kl 0.0151 lr 3.8e-04
[anomaly] it 227: explained variance -0.59 < 0 after warm-up: value function not predicting returns
[anomaly] it 227: terminal-step reward dominates the episode: survival is being punished
[anomaly] it 227: joint limit violated by 0.39 rad
[anomaly] it 227: contact penetration 3.4 cm
it  228 steps  22413312 sps   50,959 | ep_ret    4.65 ep_len  985.0 (n=23) | pg -0.009 vf 0.001 kl 0.0159 lr 3.8e-04
[anomaly] it 228: explained variance -0.35 < 0 after warm-up: value function not predicting returns
[anomaly] it 228: terminal-step reward dominates the episode: survival is being punished
[anomaly] it 228: joint limit violated by 0.38 rad
[anomaly] it 228: contact penetration 3.4 cm
it  229 steps  22511616 sps   50,949 | ep_ret    5.40 ep_len 1000.0 (n=26) | pg -0.009 vf 0.002 kl 0.0162 lr 3.8e-04
[anomaly] it 229: explained variance -2.45 < 0 after warm-up: value function not predicting returns
[anomaly] it 229: joint limit violated by 0.38 rad
[anomaly] it 229: contact penetration 3.6 cm
it  230 steps  22609920 sps   50,939 | ep_ret    4.99 ep_len  963.9 (n=39) | pg -0.008 vf 0.001 kl 0.0164 lr 3.8e-04
[anomaly] it 230: explained variance -0.45 < 0 after warm-up: value function not predicting returns
[anomaly] it 230: terminal-step reward dominates the episode: survival is being punished
[anomaly] it 230: joint limit violated by 0.41 rad
[anomaly] it 230: contact penetration 3.4 cm
it  231 steps  22708224 sps   50,929 | ep_ret    5.46 ep_len  989.6 (n=44) | pg -0.009 vf 0.001 kl 0.0164 lr 3.8e-04
[anomaly] it 231: explained variance -1.18 < 0 after warm-up: value function not predicting returns
[anomaly] it 231: terminal-step reward dominates the episode: survival is being punished
[anomaly] it 231: joint limit violated by 0.37 rad
[anomaly] it 231: contact penetration 3.4 cm
it  232 steps  22806528 sps   50,917 | ep_ret    5.32 ep_len  992.8 (n=61) | pg -0.006 vf 0.002 kl 0.0149 lr 3.8e-04
[anomaly] it 232: explained variance -0.65 < 0 after warm-up: value function not predicting returns
[anomaly] it 232: terminal-step reward dominates the episode: survival is being punished
[anomaly] it 232: joint limit violated by 0.47 rad
[anomaly] it 232: contact penetration 2.8 cm
it  233 steps  22904832 sps   50,907 | ep_ret    5.65 ep_len  992.5 (n=77) | pg -0.006 vf 0.002 kl 0.0136 lr 2.6e-04
[anomaly] it 233: explained variance -0.85 < 0 after warm-up: value function not predicting returns
[anomaly] it 233: terminal-step reward dominates the episode: survival is being punished
[anomaly] it 233: joint limit violated by 0.38 rad
[anomaly] it 233: contact penetration 3.5 cm
it  234 steps  23003136 sps   50,897 | ep_ret    5.64 ep_len  990.8 (n=92) | pg -0.008 vf 0.001 kl 0.0152 lr 3.8e-04
[anomaly] it 234: explained variance -0.90 < 0 after warm-up: value function not predicting returns
[anomaly] it 234: terminal-step reward dominates the episode: survival is being punished
[anomaly] it 234: joint limit violated by 0.38 rad
[anomaly] it 234: contact penetration 3.9 cm
it  235 steps  23101440 sps   50,886 | ep_ret    5.95 ep_len  998.8 (n=100) | pg -0.009 vf 0.002 kl 0.0171 lr 3.8e-04
[anomaly] it 235: explained variance -0.53 < 0 after warm-up: value function not predicting returns
[anomaly] it 235: terminal-step reward dominates the episode: survival is being punished
[anomaly] it 235: joint limit violated by 0.36 rad
[anomaly] it 235: contact penetration 3.3 cm
it  236 steps  23199744 sps   50,876 | ep_ret    6.05 ep_len  992.9 (n=122) | pg -0.007 vf 0.002 kl 0.0154 lr 3.8e-04
[anomaly] it 236: terminal-step reward dominates the episode: survival is being punished
[anomaly] it 236: joint limit violated by 0.36 rad
[anomaly] it 236: contact penetration 3.1 cm
it  237 steps  23298048 sps   50,866 | ep_ret    6.22 ep_len  998.9 (n=128) | pg -0.008 vf 0.002 kl 0.0172 lr 3.8e-04
[anomaly] it 237: explained variance -1.20 < 0 after warm-up: value function not predicting returns
[anomaly] it 237: terminal-step reward dominates the episode: survival is being punished
[anomaly] it 237: joint limit violated by 0.37 rad
[anomaly] it 237: contact penetration 3.5 cm
it  238 steps  23396352 sps   50,856 | ep_ret    6.33 ep_len  994.6 (n=160) | pg -0.007 vf 0.002 kl 0.0154 lr 3.8e-04
[anomaly] it 238: explained variance -3.30 < 0 after warm-up: value function not predicting returns
[anomaly] it 238: terminal-step reward dominates the episode: survival is being punished
[anomaly] it 238: joint limit violated by 0.45 rad
[anomaly] it 238: contact penetration 3.2 cm
it  239 steps  23494656 sps   50,846 | ep_ret    6.38 ep_len  993.1 (n=189) | pg -0.008 vf 0.002 kl 0.0153 lr 2.6e-04
[anomaly] it 239: explained variance -0.03 < 0 after warm-up: value function not predicting returns
[anomaly] it 239: terminal-step reward dominates the episode: survival is being punished
[anomaly] it 239: joint limit violated by 0.39 rad
[anomaly] it 239: contact penetration 3.1 cm
it  240 steps  23592960 sps   50,837 | ep_ret    6.55 ep_len  999.4 (n=178) | pg -0.009 vf 0.001 kl 0.0141 lr 3.8e-04
[anomaly] it 240: explained variance -0.35 < 0 after warm-up: value function not predicting returns
[anomaly] it 240: terminal-step reward dominates the episode: survival is being punished
[anomaly] it 240: joint limit violated by 0.38 rad
[anomaly] it 240: contact penetration 3.1 cm
it  241 steps  23691264 sps   50,827 | ep_ret    6.72 ep_len  995.0 (n=172) | pg -0.007 vf 0.002 kl 0.0153 lr 3.8e-04
[anomaly] it 241: explained variance -0.74 < 0 after warm-up: value function not predicting returns
[anomaly] it 241: terminal-step reward dominates the episode: survival is being punished
[anomaly] it 241: joint limit violated by 0.37 rad
[anomaly] it 241: contact penetration 3.2 cm
it  242 steps  23789568 sps   50,817 | ep_ret    6.80 ep_len  995.6 (n=195) | pg -0.009 vf 0.001 kl 0.0168 lr 3.8e-04
[anomaly] it 242: explained variance -0.04 < 0 after warm-up: value function not predicting returns
[anomaly] it 242: terminal-step reward dominates the episode: survival is being punished
[anomaly] it 242: joint limit violated by 0.44 rad
[anomaly] it 242: contact penetration 2.8 cm
it  243 steps  23887872 sps   50,807 | ep_ret    7.03 ep_len 1000.0 (n=204) | pg -0.010 vf 0.001 kl 0.0167 lr 3.8e-04
[anomaly] it 243: explained variance -1.25 < 0 after warm-up: value function not predicting returns
[anomaly] it 243: joint limit violated by 0.36 rad
[anomaly] it 243: contact penetration 3.4 cm
it  244 steps  23986176 sps   50,798 | ep_ret    7.15 ep_len 1000.0 (n=218) | pg -0.009 vf 0.001 kl 0.0156 lr 3.8e-04
[anomaly] it 244: explained variance -1.19 < 0 after warm-up: value function not predicting returns
[anomaly] it 244: joint limit violated by 0.44 rad
[anomaly] it 244: contact penetration 3.0 cm
it  245 steps  24084480 sps   50,788 | ep_ret    7.09 ep_len 1000.0 (n=220) | pg -0.007 vf 0.002 kl 0.0140 lr 2.6e-04
[anomaly] it 245: explained variance -1.77 < 0 after warm-up: value function not predicting returns
[anomaly] it 245: joint limit violated by 0.37 rad
[anomaly] it 245: contact penetration 2.9 cm
it  246 steps  24182784 sps   50,779 | ep_ret    7.25 ep_len  995.5 (n=201) | pg -0.007 vf 0.002 kl 0.0142 lr 3.8e-04
[anomaly] it 246: explained variance -0.35 < 0 after warm-up: value function not predicting returns
[anomaly] it 246: terminal-step reward dominates the episode: survival is being punished
[anomaly] it 246: joint limit violated by 0.38 rad
[anomaly] it 246: contact penetration 3.1 cm
it  247 steps  24281088 sps   50,770 | ep_ret    7.39 ep_len  995.0 (n=181) | pg -0.008 vf 0.001 kl 0.0176 lr 3.8e-04
[anomaly] it 247: explained variance -1.84 < 0 after warm-up: value function not predicting returns
[anomaly] it 247: terminal-step reward dominates the episode: survival is being punished
[anomaly] it 247: joint limit violated by 0.37 rad
[anomaly] it 247: contact penetration 3.0 cm
it  248 steps  24379392 sps   50,761 | ep_ret    7.52 ep_len  991.7 (n=172) | pg -0.007 vf 0.001 kl 0.0158 lr 3.8e-04
[anomaly] it 248: explained variance -0.71 < 0 after warm-up: value function not predicting returns
[anomaly] it 248: terminal-step reward dominates the episode: survival is being punished
[anomaly] it 248: joint limit violated by 0.41 rad
[anomaly] it 248: contact penetration 3.4 cm
it  249 steps  24477696 sps   50,752 | ep_ret    7.64 ep_len  999.0 (n=146) | pg -0.005 vf 0.002 kl 0.0129 lr 2.6e-04
[anomaly] it 249: explained variance -0.76 < 0 after warm-up: value function not predicting returns
[anomaly] it 249: terminal-step reward dominates the episode: survival is being punished
[anomaly] it 249: joint limit violated by 0.36 rad
[anomaly] it 249: contact penetration 3.6 cm
it  250 steps  24576000 sps   50,742 | ep_ret    7.70 ep_len  994.7 (n=150) | pg -0.006 vf 0.002 kl 0.0153 lr 3.8e-04
[anomaly] it 250: explained variance -0.97 < 0 after warm-up: value function not predicting returns
[anomaly] it 250: terminal-step reward dominates the episode: survival is being punished
[anomaly] it 250: joint limit violated by 0.38 rad
[anomaly] it 250: contact penetration 3.2 cm
it  251 steps  24674304 sps   50,733 | ep_ret    7.70 ep_len  990.6 (n=150) | pg -0.008 vf 0.001 kl 0.0154 lr 3.8e-04
[anomaly] it 251: explained variance -1.43 < 0 after warm-up: value function not predicting returns
[anomaly] it 251: terminal-step reward dominates the episode: survival is being punished
[anomaly] it 251: joint limit violated by 0.42 rad
[anomaly] it 251: contact penetration 3.0 cm
it  252 steps  24772608 sps   50,723 | ep_ret    7.95 ep_len  994.3 (n=128) | pg -0.005 vf 0.002 kl 0.0139 lr 2.6e-04
[anomaly] it 252: explained variance -1.48 < 0 after warm-up: value function not predicting returns
[anomaly] it 252: terminal-step reward dominates the episode: survival is being punished
[anomaly] it 252: joint limit violated by 0.42 rad
[anomaly] it 252: contact penetration 3.0 cm
it  253 steps  24870912 sps   50,714 | ep_ret    7.96 ep_len  997.9 (n=107) | pg -0.006 vf 0.002 kl 0.0135 lr 2.6e-04
[anomaly] it 253: explained variance -0.42 < 0 after warm-up: value function not predicting returns
[anomaly] it 253: terminal-step reward dominates the episode: survival is being punished
[anomaly] it 253: joint limit violated by 0.42 rad
[anomaly] it 253: contact penetration 3.1 cm
it  254 steps  24969216 sps   50,705 | ep_ret    7.91 ep_len  990.2 (n=105) | pg -0.007 vf 0.002 kl 0.0140 lr 2.6e-04
[anomaly] it 254: explained variance -0.06 < 0 after warm-up: value function not predicting returns
[anomaly] it 254: terminal-step reward dominates the episode: survival is being punished
[anomaly] it 254: joint limit violated by 0.40 rad
[anomaly] it 254: contact penetration 3.6 cm
it  255 steps  25067520 sps   50,696 | ep_ret    8.33 ep_len  991.2 (n=84) | pg -0.006 vf 0.002 kl 0.0119 lr 1.7e-04
[anomaly] it 255: explained variance -0.95 < 0 after warm-up: value function not predicting returns
[anomaly] it 255: terminal-step reward dominates the episode: survival is being punished
[anomaly] it 255: joint limit violated by 0.43 rad
[anomaly] it 255: contact penetration 3.1 cm
it  256 steps  25165824 sps   50,687 | ep_ret    8.04 ep_len  977.7 (n=68) | pg -0.007 vf 0.002 kl 0.0156 lr 3.8e-04
[anomaly] it 256: explained variance -0.29 < 0 after warm-up: value function not predicting returns
[anomaly] it 256: terminal-step reward dominates the episode: survival is being punished
[anomaly] it 256: joint limit violated by 0.39 rad
[anomaly] it 256: contact penetration 3.0 cm
it  257 steps  25264128 sps   50,679 | ep_ret    8.28 ep_len  986.8 (n=67) | pg -0.007 vf 0.001 kl 0.0164 lr 3.8e-04
[anomaly] it 257: explained variance -0.08 < 0 after warm-up: value function not predicting returns
[anomaly] it 257: terminal-step reward dominates the episode: survival is being punished
[anomaly] it 257: joint limit violated by 0.40 rad
[anomaly] it 257: contact penetration 2.9 cm
it  258 steps  25362432 sps   50,671 | ep_ret    8.34 ep_len 1000.0 (n=46) | pg -0.007 vf 0.002 kl 0.0137 lr 2.6e-04
[anomaly] it 258: explained variance -2.05 < 0 after warm-up: value function not predicting returns
[anomaly] it 258: joint limit violated by 0.37 rad
[anomaly] it 258: contact penetration 3.0 cm
it  259 steps  25460736 sps   50,663 | ep_ret    8.10 ep_len  972.9 (n=35) | pg -0.005 vf 0.003 kl 0.0151 lr 2.6e-04
[anomaly] it 259: explained variance -0.46 < 0 after warm-up: value function not predicting returns
[anomaly] it 259: terminal-step reward dominates the episode: survival is being punished
[anomaly] it 259: joint limit violated by 0.38 rad
[anomaly] it 259: contact penetration 3.2 cm
it  260 steps  25559040 sps   50,655 | ep_ret    8.28 ep_len  967.2 (n=37) | pg -0.006 vf 0.003 kl 0.0146 lr 2.6e-04
[anomaly] it 260: explained variance -0.97 < 0 after warm-up: value function not predicting returns
[anomaly] it 260: terminal-step reward dominates the episode: survival is being punished
[anomaly] it 260: joint limit violated by 0.37 rad
[anomaly] it 260: contact penetration 3.2 cm
it  261 steps  25657344 sps   50,647 | ep_ret    7.97 ep_len  946.7 (n=46) | pg -0.007 vf 0.002 kl 0.0131 lr 1.7e-04
[anomaly] it 261: explained variance -0.31 < 0 after warm-up: value function not predicting returns
[anomaly] it 261: terminal-step reward dominates the episode: survival is being punished
[anomaly] it 261: joint limit violated by 0.45 rad
[anomaly] it 261: contact penetration 3.1 cm
it  262 steps  25755648 sps   50,640 | ep_ret    7.57 ep_len  964.3 (n=15) | pg -0.007 vf 0.002 kl 0.0140 lr 2.6e-04
[anomaly] it 262: explained variance -1.57 < 0 after warm-up: value function not predicting returns
[anomaly] it 262: terminal-step reward dominates the episode: survival is being punished
[anomaly] it 262: joint limit violated by 0.38 rad
[anomaly] it 262: contact penetration 3.1 cm
it  263 steps  25853952 sps   50,633 | ep_ret    7.83 ep_len  954.0 (n=27) | pg -0.008 vf 0.001 kl 0.0149 lr 3.8e-04
[anomaly] it 263: explained variance -0.91 < 0 after warm-up: value function not predicting returns
[anomaly] it 263: terminal-step reward dominates the episode: survival is being punished
[anomaly] it 263: joint limit violated by 0.35 rad
[anomaly] it 263: contact penetration 3.1 cm
it  264 steps  25952256 sps   50,626 | ep_ret    8.44 ep_len  963.1 (n=28) | pg -0.007 vf 0.002 kl 0.0146 lr 2.6e-04
[anomaly] it 264: explained variance -0.57 < 0 after warm-up: value function not predicting returns
[anomaly] it 264: terminal-step reward dominates the episode: survival is being punished
[anomaly] it 264: joint limit violated by 0.47 rad
[anomaly] it 264: contact penetration 3.6 cm
it  265 steps  26050560 sps   50,618 | ep_ret    8.70 ep_len  971.5 (n=26) | pg -0.009 vf 0.001 kl 0.0134 lr 3.8e-04
[anomaly] it 265: explained variance -0.70 < 0 after warm-up: value function not predicting returns
[anomaly] it 265: terminal-step reward dominates the episode: survival is being punished
[anomaly] it 265: joint limit violated by 0.40 rad
[anomaly] it 265: contact penetration 3.0 cm
it  266 steps  26148864 sps   50,610 | ep_ret    9.79 ep_len 1000.0 (n=14) | pg -0.007 vf 0.001 kl 0.0150 lr 3.8e-04
[anomaly] it 266: explained variance -0.98 < 0 after warm-up: value function not predicting returns
[anomaly] it 266: joint limit violated by 0.38 rad
[anomaly] it 266: contact penetration 3.0 cm
it  267 steps  26247168 sps   50,603 | ep_ret    9.58 ep_len 1000.0 (n=16) | pg -0.007 vf 0.003 kl 0.0136 lr 2.6e-04
[anomaly] it 267: explained variance -1.83 < 0 after warm-up: value function not predicting returns
[anomaly] it 267: joint limit violated by 0.35 rad
[anomaly] it 267: contact penetration 3.0 cm
it  268 steps  26345472 sps   50,596 | ep_ret    8.47 ep_len  953.6 (n=14) | pg -0.009 vf 0.002 kl 0.0146 lr 3.8e-04
[anomaly] it 268: explained variance -0.67 < 0 after warm-up: value function not predicting returns
[anomaly] it 268: terminal-step reward dominates the episode: survival is being punished
[anomaly] it 268: joint limit violated by 0.36 rad
[anomaly] it 268: contact penetration 2.8 cm
it  269 steps  26443776 sps   50,590 | ep_ret    8.87 ep_len  952.1 (n=30) | pg -0.006 vf 0.003 kl 0.0136 lr 1.7e-04
[anomaly] it 269: explained variance -2.31 < 0 after warm-up: value function not predicting returns
[anomaly] it 269: terminal-step reward dominates the episode: survival is being punished
[anomaly] it 269: joint limit violated by 0.38 rad
[anomaly] it 269: contact penetration 3.0 cm
it  270 steps  26542080 sps   50,583 | ep_ret    8.45 ep_len  957.2 (n=30) | pg -0.006 vf 0.003 kl 0.0116 lr 1.7e-04
[anomaly] it 270: explained variance -0.74 < 0 after warm-up: value function not predicting returns
[anomaly] it 270: terminal-step reward dominates the episode: survival is being punished
[anomaly] it 270: joint limit violated by 0.35 rad
[anomaly] it 270: contact penetration 3.1 cm
it  271 steps  26640384 sps   50,576 | ep_ret    9.04 ep_len  968.4 (n=31) | pg -0.007 vf 0.002 kl 0.0138 lr 2.6e-04
[anomaly] it 271: explained variance -1.31 < 0 after warm-up: value function not predicting returns
[anomaly] it 271: terminal-step reward dominates the episode: survival is being punished
[anomaly] it 271: joint limit violated by 0.42 rad
[anomaly] it 271: contact penetration 2.8 cm
it  272 steps  26738688 sps   50,570 | ep_ret    9.32 ep_len  979.2 (n=40) | pg -0.007 vf 0.002 kl 0.0170 lr 3.8e-04
[anomaly] it 272: explained variance -2.86 < 0 after warm-up: value function not predicting returns
[anomaly] it 272: terminal-step reward dominates the episode: survival is being punished
[anomaly] it 272: joint limit violated by 0.44 rad
[anomaly] it 272: contact penetration 3.2 cm
it  273 steps  26836992 sps   50,564 | ep_ret    8.96 ep_len  967.8 (n=49) | pg -0.006 vf 0.002 kl 0.0146 lr 2.6e-04
[anomaly] it 273: explained variance -0.26 < 0 after warm-up: value function not predicting returns
[anomaly] it 273: terminal-step reward dominates the episode: survival is being punished
[anomaly] it 273: joint limit violated by 0.36 rad
[anomaly] it 273: contact penetration 3.1 cm
it  274 steps  26935296 sps   50,557 | ep_ret    9.72 ep_len  986.1 (n=71) | pg -0.007 vf 0.002 kl 0.0147 lr 3.8e-04
[anomaly] it 274: explained variance -0.46 < 0 after warm-up: value function not predicting returns
[anomaly] it 274: terminal-step reward dominates the episode: survival is being punished
[anomaly] it 274: joint limit violated by 0.40 rad
[anomaly] it 274: contact penetration 3.0 cm
it  275 steps  27033600 sps   50,551 | ep_ret    9.79 ep_len  993.9 (n=79) | pg -0.005 vf 0.002 kl 0.0142 lr 2.6e-04
[anomaly] it 275: explained variance -0.72 < 0 after warm-up: value function not predicting returns
[anomaly] it 275: terminal-step reward dominates the episode: survival is being punished
[anomaly] it 275: joint limit violated by 0.38 rad
[anomaly] it 275: contact penetration 3.3 cm
it  276 steps  27131904 sps   50,544 | ep_ret   10.22 ep_len  999.5 (n=96) | pg -0.008 vf 0.001 kl 0.0128 lr 2.6e-04
[anomaly] it 276: explained variance -0.20 < 0 after warm-up: value function not predicting returns
[anomaly] it 276: terminal-step reward dominates the episode: survival is being punished
[anomaly] it 276: joint limit violated by 0.36 rad
[anomaly] it 276: contact penetration 2.8 cm
it  277 steps  27230208 sps   50,538 | ep_ret   10.12 ep_len 1000.0 (n=103) | pg -0.008 vf 0.001 kl 0.0142 lr 3.8e-04
[anomaly] it 277: explained variance -1.38 < 0 after warm-up: value function not predicting returns
[anomaly] it 277: joint limit violated by 0.37 rad
[anomaly] it 277: contact penetration 3.2 cm
it  278 steps  27328512 sps   50,532 | ep_ret   10.12 ep_len  999.8 (n=125) | pg -0.006 vf 0.001 kl 0.0155 lr 3.8e-04
[anomaly] it 278: explained variance -0.88 < 0 after warm-up: value function not predicting returns
[anomaly] it 278: terminal-step reward dominates the episode: survival is being punished
[anomaly] it 278: joint limit violated by 0.40 rad
[anomaly] it 278: contact penetration 2.8 cm
it  279 steps  27426816 sps   50,526 | ep_ret   10.42 ep_len  999.3 (n=132) | pg -0.007 vf 0.002 kl 0.0141 lr 2.6e-04
[anomaly] it 279: explained variance -1.78 < 0 after warm-up: value function not predicting returns
[anomaly] it 279: terminal-step reward dominates the episode: survival is being punished
[anomaly] it 279: joint limit violated by 0.35 rad
[anomaly] it 279: contact penetration 2.8 cm
it  280 steps  27525120 sps   50,520 | ep_ret   10.46 ep_len  998.1 (n=176) | pg -0.006 vf 0.003 kl 0.0151 lr 3.8e-04
[anomaly] it 280: explained variance -2.32 < 0 after warm-up: value function not predicting returns
[anomaly] it 280: terminal-step reward dominates the episode: survival is being punished
[anomaly] it 280: joint limit violated by 0.42 rad
[anomaly] it 280: contact penetration 3.3 cm
it  281 steps  27623424 sps   50,515 | ep_ret   10.39 ep_len  994.7 (n=183) | pg -0.007 vf 0.002 kl 0.0134 lr 2.6e-04
[anomaly] it 281: explained variance -1.64 < 0 after warm-up: value function not predicting returns
[anomaly] it 281: terminal-step reward dominates the episode: survival is being punished
[anomaly] it 281: joint limit violated by 0.34 rad
[anomaly] it 281: contact penetration 2.8 cm
it  282 steps  27721728 sps   50,510 | ep_ret   10.25 ep_len  986.4 (n=178) | pg -0.006 vf 0.003 kl 0.0136 lr 2.6e-04
[anomaly] it 282: terminal-step reward dominates the episode: survival is being punished
[anomaly] it 282: joint limit violated by 0.36 rad
[anomaly] it 282: contact penetration 2.9 cm
it  283 steps  27820032 sps   50,504 | ep_ret   10.57 ep_len  997.3 (n=176) | pg -0.007 vf 0.002 kl 0.0161 lr 3.8e-04
[anomaly] it 283: explained variance -1.47 < 0 after warm-up: value function not predicting returns
[anomaly] it 283: terminal-step reward dominates the episode: survival is being punished
[anomaly] it 283: joint limit violated by 0.39 rad
[anomaly] it 283: contact penetration 3.0 cm
it  284 steps  27918336 sps   50,498 | ep_ret   10.64 ep_len  997.4 (n=186) | pg -0.007 vf 0.002 kl 0.0144 lr 2.6e-04
[anomaly] it 284: explained variance -2.46 < 0 after warm-up: value function not predicting returns
[anomaly] it 284: terminal-step reward dominates the episode: survival is being punished
[anomaly] it 284: joint limit violated by 0.48 rad
[anomaly] it 284: contact penetration 3.2 cm
it  285 steps  28016640 sps   50,493 | ep_ret   10.65 ep_len  998.1 (n=225) | pg -0.006 vf 0.003 kl 0.0135 lr 1.7e-04
[anomaly] it 285: explained variance -1.20 < 0 after warm-up: value function not predicting returns
[anomaly] it 285: terminal-step reward dominates the episode: survival is being punished
[anomaly] it 285: joint limit violated by 0.45 rad
[anomaly] it 285: contact penetration 2.9 cm
it  286 steps  28114944 sps   50,487 | ep_ret   10.85 ep_len  998.4 (n=213) | pg -0.006 vf 0.002 kl 0.0121 lr 1.7e-04
[anomaly] it 286: explained variance -1.28 < 0 after warm-up: value function not predicting returns
[anomaly] it 286: terminal-step reward dominates the episode: survival is being punished
[anomaly] it 286: joint limit violated by 0.38 rad
[anomaly] it 286: contact penetration 2.8 cm
it  287 steps  28213248 sps   50,478 | ep_ret   10.70 ep_len  991.4 (n=212) | pg -0.007 vf 0.001 kl 0.0152 lr 3.8e-04
[anomaly] it 287: explained variance -0.34 < 0 after warm-up: value function not predicting returns
[anomaly] it 287: terminal-step reward dominates the episode: survival is being punished
[anomaly] it 287: joint limit violated by 0.37 rad
[anomaly] it 287: contact penetration 2.8 cm
it  288 steps  28311552 sps   50,472 | ep_ret   10.91 ep_len 1000.0 (n=190) | pg -0.007 vf 0.001 kl 0.0167 lr 3.8e-04
[anomaly] it 288: explained variance -1.56 < 0 after warm-up: value function not predicting returns
[anomaly] it 288: joint limit violated by 0.48 rad
[anomaly] it 288: contact penetration 3.0 cm
it  289 steps  28409856 sps   50,467 | ep_ret   11.06 ep_len  995.0 (n=179) | pg -0.006 vf 0.001 kl 0.0156 lr 3.8e-04
[anomaly] it 289: explained variance -0.84 < 0 after warm-up: value function not predicting returns
[anomaly] it 289: terminal-step reward dominates the episode: survival is being punished
[anomaly] it 289: joint limit violated by 0.37 rad
[anomaly] it 289: contact penetration 2.9 cm
it  290 steps  28508160 sps   50,461 | ep_ret   10.98 ep_len  997.3 (n=160) | pg -0.004 vf 0.002 kl 0.0151 lr 2.6e-04
[anomaly] it 290: explained variance -0.15 < 0 after warm-up: value function not predicting returns
[anomaly] it 290: terminal-step reward dominates the episode: survival is being punished
[anomaly] it 290: joint limit violated by 0.39 rad
[anomaly] it 290: contact penetration 2.7 cm
it  291 steps  28606464 sps   50,452 | ep_ret   11.24 ep_len 1000.0 (n=144) | pg -0.007 vf 0.001 kl 0.0145 lr 3.8e-04
[anomaly] it 291: explained variance -1.63 < 0 after warm-up: value function not predicting returns
[anomaly] it 291: joint limit violated by 0.43 rad
[anomaly] it 291: contact penetration 3.0 cm
it  292 steps  28704768 sps   50,444 | ep_ret   11.13 ep_len  998.7 (n=155) | pg -0.007 vf 0.001 kl 0.0170 lr 3.8e-04
[anomaly] it 292: explained variance -1.57 < 0 after warm-up: value function not predicting returns
[anomaly] it 292: terminal-step reward dominates the episode: survival is being punished
[anomaly] it 292: joint limit violated by 0.41 rad
[anomaly] it 292: contact penetration 3.4 cm
it  293 steps  28803072 sps   50,438 | ep_ret   11.01 ep_len  988.9 (n=140) | pg -0.006 vf 0.002 kl 0.0141 lr 2.6e-04
[anomaly] it 293: explained variance -1.08 < 0 after warm-up: value function not predicting returns
[anomaly] it 293: terminal-step reward dominates the episode: survival is being punished
[anomaly] it 293: joint limit violated by 0.37 rad
[anomaly] it 293: contact penetration 2.8 cm
it  294 steps  28901376 sps   50,430 | ep_ret   11.29 ep_len  993.8 (n=117) | pg -0.007 vf 0.002 kl 0.0150 lr 3.8e-04
[anomaly] it 294: explained variance -1.05 < 0 after warm-up: value function not predicting returns
[anomaly] it 294: terminal-step reward dominates the episode: survival is being punished
[anomaly] it 294: joint limit violated by 0.44 rad
[anomaly] it 294: contact penetration 2.8 cm
it  295 steps  28999680 sps   50,425 | ep_ret   11.11 ep_len  980.9 (n=109) | pg -0.006 vf 0.002 kl 0.0167 lr 3.8e-04
[anomaly] it 295: explained variance -1.05 < 0 after warm-up: value function not predicting returns
[anomaly] it 295: terminal-step reward dominates the episode: survival is being punished
[anomaly] it 295: joint limit violated by 0.48 rad
[anomaly] it 295: contact penetration 2.6 cm
it  296 steps  29097984 sps   50,420 | ep_ret   11.33 ep_len 1000.0 (n=99) | pg -0.006 vf 0.002 kl 0.0137 lr 2.6e-04
[anomaly] it 296: explained variance -1.59 < 0 after warm-up: value function not predicting returns
[anomaly] it 296: terminal-step reward dominates the episode: survival is being punished
[anomaly] it 296: joint limit violated by 0.37 rad
[anomaly] it 296: contact penetration 3.5 cm
it  297 steps  29196288 sps   50,413 | ep_ret   11.16 ep_len  984.2 (n=70) | pg -0.007 vf 0.002 kl 0.0151 lr 3.8e-04
[anomaly] it 297: explained variance -0.14 < 0 after warm-up: value function not predicting returns
[anomaly] it 297: terminal-step reward dominates the episode: survival is being punished
[anomaly] it 297: joint limit violated by 0.41 rad
[anomaly] it 297: contact penetration 2.9 cm
it  298 steps  29294592 sps   50,408 | ep_ret   11.58 ep_len  996.0 (n=69) | pg -0.005 vf 0.002 kl 0.0142 lr 1.7e-04
[anomaly] it 298: explained variance -0.67 < 0 after warm-up: value function not predicting returns
[anomaly] it 298: terminal-step reward dominates the episode: survival is being punished
[anomaly] it 298: joint limit violated by 0.37 rad
[anomaly] it 298: contact penetration 2.9 cm
it  299 steps  29392896 sps   50,404 | ep_ret   11.46 ep_len  987.2 (n=59) | pg -0.007 vf 0.002 kl 0.0135 lr 1.7e-04
[anomaly] it 299: explained variance -1.33 < 0 after warm-up: value function not predicting returns
[anomaly] it 299: terminal-step reward dominates the episode: survival is being punished
[anomaly] it 299: joint limit violated by 0.43 rad
[anomaly] it 299: contact penetration 2.7 cm
it  300 steps  29491200 sps   50,399 | ep_ret   10.90 ep_len  968.8 (n=44) | pg -0.006 vf 0.003 kl 0.0133 lr 2.6e-04
[anomaly] it 300: explained variance -2.17 < 0 after warm-up: value function not predicting returns
[anomaly] it 300: terminal-step reward dominates the episode: survival is being punished
[anomaly] it 300: joint limit violated by 0.41 rad
[anomaly] it 300: contact penetration 2.7 cm
it  301 steps  29589504 sps   50,395 | ep_ret   10.33 ep_len  943.8 (n=40) | pg -0.006 vf 0.002 kl 0.0152 lr 1.7e-04
[anomaly] it 301: explained variance -0.26 < 0 after warm-up: value function not predicting returns
[anomaly] it 301: terminal-step reward dominates the episode: survival is being punished
[anomaly] it 301: joint limit violated by 0.40 rad
[anomaly] it 301: contact penetration 3.2 cm
it  302 steps  29687808 sps   50,392 | ep_ret   11.48 ep_len  975.5 (n=41) | pg -0.006 vf 0.002 kl 0.0161 lr 3.8e-04
[anomaly] it 302: explained variance -1.42 < 0 after warm-up: value function not predicting returns
[anomaly] it 302: terminal-step reward dominates the episode: survival is being punished
[anomaly] it 302: joint limit violated by 0.36 rad
[anomaly] it 302: contact penetration 3.0 cm
it  303 steps  29786112 sps   50,386 | ep_ret   11.34 ep_len  969.6 (n=43) | pg -0.005 vf 0.002 kl 0.0146 lr 2.6e-04
[anomaly] it 303: explained variance -1.22 < 0 after warm-up: value function not predicting returns
[anomaly] it 303: terminal-step reward dominates the episode: survival is being punished
[anomaly] it 303: joint limit violated by 0.40 rad
[anomaly] it 303: contact penetration 2.8 cm
it  304 steps  29884416 sps   50,378 | ep_ret   10.80 ep_len  939.2 (n=23) | pg -0.006 vf 0.002 kl 0.0139 lr 2.6e-04
[anomaly] it 304: explained variance -0.35 < 0 after warm-up: value function not predicting returns
[anomaly] it 304: terminal-step reward dominates the episode: survival is being punished
[anomaly] it 304: joint limit violated by 0.36 rad
[anomaly] it 304: contact penetration 3.4 cm
it  305 steps  29982720 sps   50,374 | ep_ret   10.96 ep_len  963.8 (n=25) | pg -0.007 vf 0.002 kl 0.0152 lr 2.6e-04
[anomaly] it 305: explained variance -0.33 < 0 after warm-up: value function not predicting returns
[anomaly] it 305: terminal-step reward dominates the episode: survival is being punished
[anomaly] it 305: joint limit violated by 0.40 rad
[anomaly] it 305: contact penetration 2.9 cm
it  306 steps  30081024 sps   50,367 | ep_ret   11.21 ep_len  965.5 (n=32) | pg -0.007 vf 0.002 kl 0.0152 lr 3.8e-04
[anomaly] it 306: explained variance -0.08 < 0 after warm-up: value function not predicting returns
[anomaly] it 306: terminal-step reward dominates the episode: survival is being punished
[anomaly] it 306: joint limit violated by 0.35 rad
[anomaly] it 306: contact penetration 2.9 cm
it  307 steps  30179328 sps   50,359 | ep_ret   12.31 ep_len 1000.0 (n=17) | pg -0.002 vf 0.003 kl 0.0157 lr 1.7e-04
[anomaly] it 307: explained variance -2.30 < 0 after warm-up: value function not predicting returns
[anomaly] it 307: joint limit violated by 0.37 rad
[anomaly] it 307: contact penetration 3.0 cm
it  308 steps  30277632 sps   50,351 | ep_ret   10.62 ep_len  928.0 (n=16) | pg -0.008 vf 0.002 kl 0.0121 lr 2.6e-04
[anomaly] it 308: explained variance -1.00 < 0 after warm-up: value function not predicting returns
[anomaly] it 308: terminal-step reward dominates the episode: survival is being punished
[anomaly] it 308: joint limit violated by 0.35 rad
[anomaly] it 308: contact penetration 2.9 cm
it  309 steps  30375936 sps   50,343 | ep_ret   10.70 ep_len  942.6 (n=19) | pg -0.006 vf 0.002 kl 0.0127 lr 1.7e-04
[anomaly] it 309: explained variance -1.37 < 0 after warm-up: value function not predicting returns
[anomaly] it 309: terminal-step reward dominates the episode: survival is being punished
[anomaly] it 309: joint limit violated by 0.42 rad
[anomaly] it 309: contact penetration 2.6 cm
it  310 steps  30474240 sps   50,338 | ep_ret   10.69 ep_len  929.2 (n=23) | pg -0.006 vf 0.002 kl 0.0164 lr 3.8e-04
[anomaly] it 310: explained variance -0.46 < 0 after warm-up: value function not predicting returns
[anomaly] it 310: terminal-step reward dominates the episode: survival is being punished
[anomaly] it 310: joint limit violated by 0.40 rad
[anomaly] it 310: contact penetration 2.9 cm
it  311 steps  30572544 sps   50,333 | ep_ret   12.18 ep_len  987.5 (n=26) | pg -0.006 vf 0.002 kl 0.0149 lr 2.6e-04
[anomaly] it 311: explained variance -1.04 < 0 after warm-up: value function not predicting returns
[anomaly] it 311: terminal-step reward dominates the episode: survival is being punished
[anomaly] it 311: joint limit violated by 0.38 rad
[anomaly] it 311: contact penetration 3.1 cm
it  312 steps  30670848 sps   50,328 | ep_ret   11.87 ep_len  972.3 (n=30) | pg -0.006 vf 0.002 kl 0.0142 lr 2.6e-04
[anomaly] it 312: explained variance -0.36 < 0 after warm-up: value function not predicting returns
[anomaly] it 312: terminal-step reward dominates the episode: survival is being punished
[anomaly] it 312: joint limit violated by 0.43 rad
[anomaly] it 312: contact penetration 2.8 cm
it  313 steps  30769152 sps   50,324 | ep_ret   12.20 ep_len  984.0 (n=40) | pg -0.006 vf 0.003 kl 0.0128 lr 1.7e-04
[anomaly] it 313: explained variance -0.19 < 0 after warm-up: value function not predicting returns
[anomaly] it 313: terminal-step reward dominates the episode: survival is being punished
[anomaly] it 313: joint limit violated by 0.37 rad
[anomaly] it 313: contact penetration 2.6 cm
it  314 steps  30867456 sps   50,321 | ep_ret   12.37 ep_len  991.0 (n=40) | pg -0.008 vf 0.002 kl 0.0141 lr 2.6e-04
[anomaly] it 314: explained variance -0.94 < 0 after warm-up: value function not predicting returns
[anomaly] it 314: terminal-step reward dominates the episode: survival is being punished
[anomaly] it 314: joint limit violated by 0.42 rad
[anomaly] it 314: contact penetration 2.8 cm
it  315 steps  30965760 sps   50,317 | ep_ret   12.38 ep_len  988.6 (n=61) | pg -0.006 vf 0.002 kl 0.0141 lr 2.6e-04
[anomaly] it 315: explained variance -0.18 < 0 after warm-up: value function not predicting returns
[anomaly] it 315: terminal-step reward dominates the episode: survival is being punished
[anomaly] it 315: joint limit violated by 0.38 rad
[anomaly] it 315: contact penetration 3.0 cm
it  316 steps  31064064 sps   50,312 | ep_ret   12.63 ep_len  997.2 (n=73) | pg -0.005 vf 0.003 kl 0.0169 lr 3.8e-04
[anomaly] it 316: explained variance -1.47 < 0 after warm-up: value function not predicting returns
[anomaly] it 316: terminal-step reward dominates the episode: survival is being punished
[anomaly] it 316: joint limit violated by 0.38 rad
[anomaly] it 316: contact penetration 3.0 cm
it  317 steps  31162368 sps   50,308 | ep_ret   12.57 ep_len  989.6 (n=93) | pg -0.005 vf 0.002 kl 0.0134 lr 1.7e-04
[anomaly] it 317: terminal-step reward dominates the episode: survival is being punished
[anomaly] it 317: joint limit violated by 0.47 rad
[anomaly] it 317: contact penetration 3.0 cm
it  318 steps  31260672 sps   50,304 | ep_ret   12.78 ep_len  996.5 (n=82) | pg -0.006 vf 0.002 kl 0.0137 lr 2.6e-04
[anomaly] it 318: explained variance -0.92 < 0 after warm-up: value function not predicting returns
[anomaly] it 318: terminal-step reward dominates the episode: survival is being punished
[anomaly] it 318: joint limit violated by 0.57 rad
[anomaly] it 318: contact penetration 2.7 cm
it  319 steps  31358976 sps   50,300 | ep_ret   12.66 ep_len  988.7 (n=119) | pg -0.006 vf 0.002 kl 0.0158 lr 3.8e-04
[anomaly] it 319: terminal-step reward dominates the episode: survival is being punished
[anomaly] it 319: joint limit violated by 0.36 rad
[anomaly] it 319: contact penetration 2.9 cm
it  320 steps  31457280 sps   50,293 | ep_ret   12.84 ep_len  996.4 (n=126) | pg -0.005 vf 0.002 kl 0.0130 lr 1.7e-04
[anomaly] it 320: terminal-step reward dominates the episode: survival is being punished
[anomaly] it 320: joint limit violated by 0.37 rad
[anomaly] it 320: contact penetration 3.3 cm
it  321 steps  31555584 sps   50,286 | ep_ret   13.09 ep_len 1000.0 (n=139) | pg -0.007 vf 0.001 kl 0.0121 lr 2.6e-04
[anomaly] it 321: explained variance -0.95 < 0 after warm-up: value function not predicting returns
[anomaly] it 321: joint limit violated by 0.42 rad
[anomaly] it 321: contact penetration 2.8 cm
it  322 steps  31653888 sps   50,281 | ep_ret   13.01 ep_len  995.5 (n=195) | pg -0.006 vf 0.002 kl 0.0151 lr 3.8e-04
[anomaly] it 322: explained variance -1.04 < 0 after warm-up: value function not predicting returns
[anomaly] it 322: terminal-step reward dominates the episode: survival is being punished
[anomaly] it 322: joint limit violated by 0.35 rad
[anomaly] it 322: contact penetration 3.1 cm
it  323 steps  31752192 sps   50,278 | ep_ret   13.03 ep_len  999.2 (n=166) | pg -0.005 vf 0.001 kl 0.0137 lr 2.6e-04
[anomaly] it 323: explained variance -0.74 < 0 after warm-up: value function not predicting returns
[anomaly] it 323: terminal-step reward dominates the episode: survival is being punished
[anomaly] it 323: joint limit violated by 0.37 rad
[anomaly] it 323: contact penetration 2.7 cm
it  324 steps  31850496 sps   50,274 | ep_ret   13.09 ep_len  990.5 (n=178) | pg -0.008 vf 0.001 kl 0.0133 lr 3.8e-04
[anomaly] it 324: explained variance -0.10 < 0 after warm-up: value function not predicting returns
[anomaly] it 324: terminal-step reward dominates the episode: survival is being punished
[anomaly] it 324: joint limit violated by 0.40 rad
[anomaly] it 324: contact penetration 2.7 cm
it  325 steps  31948800 sps   50,272 | ep_ret   13.35 ep_len 1000.0 (n=175) | pg -0.006 vf 0.002 kl 0.0143 lr 2.6e-04
[anomaly] it 325: explained variance -0.51 < 0 after warm-up: value function not predicting returns
[anomaly] it 325: joint limit violated by 0.37 rad
[anomaly] it 325: contact penetration 2.8 cm
it  326 steps  32047104 sps   50,270 | ep_ret   13.29 ep_len  998.0 (n=194) | pg -0.006 vf 0.001 kl 0.0163 lr 1.7e-04
[anomaly] it 326: explained variance -0.27 < 0 after warm-up: value function not predicting returns
[anomaly] it 326: terminal-step reward dominates the episode: survival is being punished
[anomaly] it 326: joint limit violated by 0.37 rad
[anomaly] it 326: contact penetration 3.2 cm
it  327 steps  32145408 sps   50,267 | ep_ret   13.25 ep_len  995.9 (n=214) | pg -0.008 vf 0.002 kl 0.0111 lr 2.6e-04
[anomaly] it 327: explained variance -0.74 < 0 after warm-up: value function not predicting returns
[anomaly] it 327: terminal-step reward dominates the episode: survival is being punished
[anomaly] it 327: joint limit violated by 0.36 rad
[anomaly] it 327: contact penetration 2.9 cm
it  328 steps  32243712 sps   50,264 | ep_ret   13.39 ep_len  994.8 (n=218) | pg -0.006 vf 0.002 kl 0.0168 lr 1.7e-04
[anomaly] it 328: explained variance -0.05 < 0 after warm-up: value function not predicting returns
[anomaly] it 328: terminal-step reward dominates the episode: survival is being punished
[anomaly] it 328: joint limit violated by 0.38 rad
[anomaly] it 328: contact penetration 3.0 cm
it  329 steps  32342016 sps   50,262 | ep_ret   13.34 ep_len  991.9 (n=210) | pg -0.006 vf 0.002 kl 0.0124 lr 1.7e-04
[anomaly] it 329: explained variance -0.19 < 0 after warm-up: value function not predicting returns
[anomaly] it 329: terminal-step reward dominates the episode: survival is being punished
[anomaly] it 329: joint limit violated by 0.39 rad
[anomaly] it 329: contact penetration 2.6 cm
it  330 steps  32440320 sps   50,259 | ep_ret   13.43 ep_len  995.6 (n=181) | pg -0.005 vf 0.002 kl 0.0138 lr 1.7e-04
[anomaly] it 330: explained variance -0.69 < 0 after warm-up: value function not predicting returns
[anomaly] it 330: terminal-step reward dominates the episode: survival is being punished
[anomaly] it 330: joint limit violated by 0.33 rad
[anomaly] it 330: contact penetration 2.6 cm
it  331 steps  32538624 sps   50,256 | ep_ret   13.46 ep_len  994.0 (n=169) | pg -0.006 vf 0.002 kl 0.0131 lr 1.7e-04
[anomaly] it 331: explained variance -0.08 < 0 after warm-up: value function not predicting returns
[anomaly] it 331: terminal-step reward dominates the episode: survival is being punished
[anomaly] it 331: joint limit violated by 0.41 rad
[anomaly] it 331: contact penetration 2.9 cm
it  332 steps  32636928 sps   50,254 | ep_ret   13.67 ep_len  994.6 (n=152) | pg -0.007 vf 0.001 kl 0.0129 lr 2.6e-04
[anomaly] it 332: explained variance -0.51 < 0 after warm-up: value function not predicting returns
[anomaly] it 332: terminal-step reward dominates the episode: survival is being punished
[anomaly] it 332: joint limit violated by 0.39 rad
[anomaly] it 332: contact penetration 2.8 cm
it  333 steps  32735232 sps   50,252 | ep_ret   13.63 ep_len  994.0 (n=140) | pg -0.007 vf 0.001 kl 0.0139 lr 2.6e-04
[anomaly] it 333: explained variance -0.92 < 0 after warm-up: value function not predicting returns
[anomaly] it 333: terminal-step reward dominates the episode: survival is being punished
[anomaly] it 333: joint limit violated by 0.41 rad
[anomaly] it 333: contact penetration 2.6 cm
it  334 steps  32833536 sps   50,250 | ep_ret   13.69 ep_len  995.5 (n=161) | pg -0.004 vf 0.003 kl 0.0161 lr 2.6e-04
[anomaly] it 334: explained variance -0.72 < 0 after warm-up: value function not predicting returns
[anomaly] it 334: terminal-step reward dominates the episode: survival is being punished
[anomaly] it 334: joint limit violated by 0.40 rad
[anomaly] it 334: contact penetration 3.0 cm
it  335 steps  32931840 sps   50,248 | ep_ret   13.81 ep_len  993.2 (n=135) | pg -0.006 vf 0.002 kl 0.0146 lr 2.6e-04
[anomaly] it 335: explained variance -2.08 < 0 after warm-up: value function not predicting returns
[anomaly] it 335: terminal-step reward dominates the episode: survival is being punished
[anomaly] it 335: joint limit violated by 0.51 rad
[anomaly] it 335: contact penetration 3.0 cm
it  336 steps  33030144 sps   50,245 | ep_ret   13.35 ep_len  978.0 (n=112) | pg -0.005 vf 0.002 kl 0.0150 lr 2.6e-04
[anomaly] it 336: explained variance -0.53 < 0 after warm-up: value function not predicting returns
[anomaly] it 336: terminal-step reward dominates the episode: survival is being punished
[anomaly] it 336: joint limit violated by 0.47 rad
[anomaly] it 336: contact penetration 2.8 cm
it  337 steps  33128448 sps   50,243 | ep_ret   13.64 ep_len  984.6 (n=101) | pg -0.005 vf 0.002 kl 0.0158 lr 3.8e-04
[anomaly] it 337: explained variance -0.45 < 0 after warm-up: value function not predicting returns
[anomaly] it 337: terminal-step reward dominates the episode: survival is being punished
[anomaly] it 337: joint limit violated by 0.38 rad
[anomaly] it 337: contact penetration 2.7 cm
it  338 steps  33226752 sps   50,241 | ep_ret   13.82 ep_len  992.6 (n=100) | pg -0.004 vf 0.002 kl 0.0143 lr 1.1e-04
[anomaly] it 338: explained variance -0.00 < 0 after warm-up: value function not predicting returns
[anomaly] it 338: terminal-step reward dominates the episode: survival is being punished
[anomaly] it 338: joint limit violated by 0.34 rad
[anomaly] it 338: contact penetration 2.5 cm
it  339 steps  33325056 sps   50,239 | ep_ret   13.71 ep_len  985.5 (n=61) | pg -0.007 vf 0.002 kl 0.0118 lr 2.6e-04
[anomaly] it 339: explained variance -0.15 < 0 after warm-up: value function not predicting returns
[anomaly] it 339: terminal-step reward dominates the episode: survival is being punished
[anomaly] it 339: joint limit violated by 0.42 rad
[anomaly] it 339: contact penetration 3.2 cm
it  340 steps  33423360 sps   50,237 | ep_ret   13.81 ep_len  987.3 (n=72) | pg -0.005 vf 0.002 kl 0.0142 lr 1.1e-04
[anomaly] it 340: explained variance -0.70 < 0 after warm-up: value function not predicting returns
[anomaly] it 340: terminal-step reward dominates the episode: survival is being punished
[anomaly] it 340: joint limit violated by 0.38 rad
[anomaly] it 340: contact penetration 2.6 cm
it  341 steps  33521664 sps   50,235 | ep_ret   13.57 ep_len  981.8 (n=61) | pg -0.007 vf 0.001 kl 0.0141 lr 2.6e-04
[anomaly] it 341: terminal-step reward dominates the episode: survival is being punished
[anomaly] it 341: joint limit violated by 0.45 rad
[anomaly] it 341: contact penetration 3.0 cm
it  342 steps  33619968 sps   50,232 | ep_ret   14.09 ep_len 1000.0 (n=33) | pg -0.004 vf 0.002 kl 0.0134 lr 2.6e-04
[anomaly] it 342: explained variance -0.69 < 0 after warm-up: value function not predicting returns
[anomaly] it 342: joint limit violated by 0.42 rad
[anomaly] it 342: contact penetration 2.7 cm
it  343 steps  33718272 sps   50,230 | ep_ret   13.78 ep_len  976.9 (n=37) | pg -0.004 vf 0.002 kl 0.0154 lr 2.6e-04
[anomaly] it 343: explained variance -1.01 < 0 after warm-up: value function not predicting returns
[anomaly] it 343: terminal-step reward dominates the episode: survival is being punished
[anomaly] it 343: joint limit violated by 0.44 rad
[anomaly] it 343: contact penetration 2.7 cm
it  344 steps  33816576 sps   50,227 | ep_ret   13.38 ep_len  953.5 (n=51) | pg -0.006 vf 0.002 kl 0.0149 lr 2.6e-04
[anomaly] it 344: terminal-step reward dominates the episode: survival is being punished
[anomaly] it 344: joint limit violated by 0.37 rad
[anomaly] it 344: contact penetration 2.7 cm
it  345 steps  33914880 sps   50,225 | ep_ret   14.11 ep_len  987.6 (n=33) | pg -0.006 vf 0.002 kl 0.0159 lr 3.8e-04
[anomaly] it 345: explained variance -0.17 < 0 after warm-up: value function not predicting returns
[anomaly] it 345: terminal-step reward dominates the episode: survival is being punished
[anomaly] it 345: joint limit violated by 0.43 rad
[anomaly] it 345: contact penetration 2.5 cm
it  346 steps  34013184 sps   50,223 | ep_ret   14.28 ep_len 1000.0 (n=24) | pg -0.004 vf 0.002 kl 0.0140 lr 1.1e-04
[anomaly] it 346: explained variance -0.60 < 0 after warm-up: value function not predicting returns
[anomaly] it 346: joint limit violated by 0.44 rad
[anomaly] it 346: contact penetration 2.6 cm
it  347 steps  34111488 sps   50,221 | ep_ret   14.36 ep_len 1000.0 (n=28) | pg -0.007 vf 0.002 kl 0.0128 lr 2.6e-04
[anomaly] it 347: explained variance -1.53 < 0 after warm-up: value function not predicting returns
[anomaly] it 347: joint limit violated by 0.35 rad
[anomaly] it 347: contact penetration 2.6 cm
it  348 steps  34209792 sps   50,218 | ep_ret   13.27 ep_len  957.5 (n=30) | pg -0.005 vf 0.002 kl 0.0163 lr 2.6e-04
[anomaly] it 348: explained variance -0.38 < 0 after warm-up: value function not predicting returns
[anomaly] it 348: terminal-step reward dominates the episode: survival is being punished
[anomaly] it 348: joint limit violated by 0.36 rad
[anomaly] it 348: contact penetration 2.7 cm
it  349 steps  34308096 sps   50,216 | ep_ret   13.78 ep_len  959.0 (n=17) | pg -0.006 vf 0.002 kl 0.0148 lr 2.6e-04
[anomaly] it 349: explained variance -2.09 < 0 after warm-up: value function not predicting returns
[anomaly] it 349: terminal-step reward dominates the episode: survival is being punished
[anomaly] it 349: joint limit violated by 0.39 rad
[anomaly] it 349: contact penetration 2.6 cm
it  350 steps  34406400 sps   50,214 | ep_ret   13.00 ep_len  947.0 (n=25) | pg -0.005 vf 0.005 kl 0.0147 lr 1.7e-04
[anomaly] it 350: explained variance -0.57 < 0 after warm-up: value function not predicting returns
[anomaly] it 350: terminal-step reward dominates the episode: survival is being punished
[anomaly] it 350: joint limit violated by 0.36 rad
[anomaly] it 350: contact penetration 3.1 cm
it  351 steps  34504704 sps   50,212 | ep_ret   12.70 ep_len  943.0 (n=20) | pg -0.007 vf 0.002 kl 0.0132 lr 2.6e-04
[anomaly] it 351: explained variance -1.49 < 0 after warm-up: value function not predicting returns
[anomaly] it 351: terminal-step reward dominates the episode: survival is being punished
[anomaly] it 351: joint limit violated by 0.42 rad
[anomaly] it 351: contact penetration 3.2 cm
it  352 steps  34603008 sps   50,210 | ep_ret   12.74 ep_len  927.3 (n=31) | pg -0.005 vf 0.003 kl 0.0142 lr 2.6e-04
[anomaly] it 352: explained variance -0.02 < 0 after warm-up: value function not predicting returns
[anomaly] it 352: terminal-step reward dominates the episode: survival is being punished
[anomaly] it 352: joint limit violated by 0.37 rad
[anomaly] it 352: contact penetration 2.7 cm
it  353 steps  34701312 sps   50,208 | ep_ret   14.23 ep_len  983.0 (n=25) | pg -0.005 vf 0.003 kl 0.0145 lr 1.7e-04
[anomaly] it 353: explained variance -1.36 < 0 after warm-up: value function not predicting returns
[anomaly] it 353: terminal-step reward dominates the episode: survival is being punished
[anomaly] it 353: joint limit violated by 0.44 rad
[anomaly] it 353: contact penetration 2.8 cm
it  354 steps  34799616 sps   50,206 | ep_ret   14.09 ep_len  975.9 (n=34) | pg -0.007 vf 0.002 kl 0.0129 lr 2.6e-04
[anomaly] it 354: explained variance -1.62 < 0 after warm-up: value function not predicting returns
[anomaly] it 354: terminal-step reward dominates the episode: survival is being punished
[anomaly] it 354: joint limit violated by 0.45 rad
[anomaly] it 354: contact penetration 3.2 cm
it  355 steps  34897920 sps   50,204 | ep_ret   14.12 ep_len  976.5 (n=44) | pg -0.007 vf 0.002 kl 0.0152 lr 3.8e-04
[anomaly] it 355: explained variance -0.74 < 0 after warm-up: value function not predicting returns
[anomaly] it 355: terminal-step reward dominates the episode: survival is being punished
[anomaly] it 355: joint limit violated by 0.39 rad
[anomaly] it 355: contact penetration 2.5 cm
it  356 steps  34996224 sps   50,202 | ep_ret   14.35 ep_len  988.6 (n=45) | pg -0.005 vf 0.002 kl 0.0138 lr 1.7e-04
[anomaly] it 356: explained variance -0.44 < 0 after warm-up: value function not predicting returns
[anomaly] it 356: terminal-step reward dominates the episode: survival is being punished
[anomaly] it 356: joint limit violated by 0.40 rad
[anomaly] it 356: contact penetration 2.6 cm
it  357 steps  35094528 sps   50,200 | ep_ret   14.49 ep_len  987.3 (n=66) | pg -0.008 vf 0.001 kl 0.0123 lr 2.6e-04
[anomaly] it 357: terminal-step reward dominates the episode: survival is being punished
[anomaly] it 357: joint limit violated by 0.36 rad
[anomaly] it 357: contact penetration 2.5 cm
it  358 steps  35192832 sps   50,198 | ep_ret   14.97 ep_len 1000.0 (n=75) | pg -0.006 vf 0.002 kl 0.0153 lr 3.8e-04
[anomaly] it 358: explained variance -0.58 < 0 after warm-up: value function not predicting returns
[anomaly] it 358: joint limit violated by 0.37 rad
[anomaly] it 358: contact penetration 2.5 cm
it  359 steps  35291136 sps   50,197 | ep_ret   14.94 ep_len  996.0 (n=88) | pg -0.003 vf 0.001 kl 0.0152 lr 1.7e-04
[anomaly] it 359: explained variance -0.05 < 0 after warm-up: value function not predicting returns
[anomaly] it 359: terminal-step reward dominates the episode: survival is being punished
[anomaly] it 359: joint limit violated by 0.37 rad
[anomaly] it 359: contact penetration 2.5 cm
it  360 steps  35389440 sps   50,195 | ep_ret   15.01 ep_len 1000.0 (n=98) | pg -0.006 vf 0.002 kl 0.0130 lr 2.6e-04
[anomaly] it 360: explained variance -0.51 < 0 after warm-up: value function not predicting returns
[anomaly] it 360: joint limit violated by 0.39 rad
[anomaly] it 360: contact penetration 2.6 cm
it  361 steps  35487744 sps   50,193 | ep_ret   15.04 ep_len  992.6 (n=118) | pg -0.006 vf 0.001 kl 0.0137 lr 2.6e-04
[anomaly] it 361: explained variance -0.10 < 0 after warm-up: value function not predicting returns
[anomaly] it 361: terminal-step reward dominates the episode: survival is being punished
[anomaly] it 361: joint limit violated by 0.42 rad
[anomaly] it 361: contact penetration 2.6 cm
it  362 steps  35586048 sps   50,192 | ep_ret   15.24 ep_len 1000.0 (n=127) | pg -0.007 vf 0.001 kl 0.0149 lr 2.6e-04
[anomaly] it 362: explained variance -0.26 < 0 after warm-up: value function not predicting returns
[anomaly] it 362: joint limit violated by 0.40 rad
[anomaly] it 362: contact penetration 3.0 cm
it  363 steps  35684352 sps   50,190 | ep_ret   15.24 ep_len 1000.0 (n=154) | pg -0.005 vf 0.002 kl 0.0151 lr 2.6e-04
[anomaly] it 363: explained variance -0.85 < 0 after warm-up: value function not predicting returns
[anomaly] it 363: joint limit violated by 0.36 rad
[anomaly] it 363: contact penetration 2.4 cm
it  364 steps  35782656 sps   50,188 | ep_ret   15.17 ep_len  997.8 (n=180) | pg -0.005 vf 0.002 kl 0.0138 lr 1.7e-04
[anomaly] it 364: explained variance -1.10 < 0 after warm-up: value function not predicting returns
[anomaly] it 364: terminal-step reward dominates the episode: survival is being punished
[anomaly] it 364: joint limit violated by 0.39 rad
[anomaly] it 364: contact penetration 2.4 cm
it  365 steps  35880960 sps   50,187 | ep_ret   15.21 ep_len  999.7 (n=176) | pg -0.005 vf 0.002 kl 0.0138 lr 1.7e-04
[anomaly] it 365: explained variance -2.39 < 0 after warm-up: value function not predicting returns
[anomaly] it 365: terminal-step reward dominates the episode: survival is being punished
[anomaly] it 365: joint limit violated by 0.36 rad
[anomaly] it 365: contact penetration 3.0 cm
it  366 steps  35979264 sps   50,186 | ep_ret   15.02 ep_len  990.1 (n=166) | pg -0.006 vf 0.002 kl 0.0121 lr 1.1e-04
[anomaly] it 366: explained variance -0.04 < 0 after warm-up: value function not predicting returns
[anomaly] it 366: terminal-step reward dominates the episode: survival is being punished
[anomaly] it 366: joint limit violated by 0.37 rad
[anomaly] it 366: contact penetration 2.7 cm
it  367 steps  36077568 sps   50,184 | ep_ret   15.36 ep_len  998.4 (n=180) | pg -0.007 vf 0.001 kl 0.0138 lr 2.6e-04
[anomaly] it 367: explained variance -0.50 < 0 after warm-up: value function not predicting returns
[anomaly] it 367: terminal-step reward dominates the episode: survival is being punished
[anomaly] it 367: joint limit violated by 0.33 rad
[anomaly] it 367: contact penetration 2.6 cm
it  368 steps  36175872 sps   50,183 | ep_ret   15.32 ep_len  998.9 (n=200) | pg -0.007 vf 0.001 kl 0.0160 lr 3.8e-04
[anomaly] it 368: explained variance -0.16 < 0 after warm-up: value function not predicting returns
[anomaly] it 368: terminal-step reward dominates the episode: survival is being punished
[anomaly] it 368: joint limit violated by 0.38 rad
[anomaly] it 368: contact penetration 2.6 cm
it  369 steps  36274176 sps   50,182 | ep_ret   15.38 ep_len 1000.0 (n=213) | pg -0.006 vf 0.001 kl 0.0137 lr 2.6e-04
[anomaly] it 369: explained variance -0.61 < 0 after warm-up: value function not predicting returns
[anomaly] it 369: joint limit violated by 0.35 rad
[anomaly] it 369: contact penetration 2.7 cm
it  370 steps  36372480 sps   50,181 | ep_ret   15.40 ep_len  998.4 (n=219) | pg -0.006 vf 0.001 kl 0.0135 lr 2.6e-04
[anomaly] it 370: explained variance -0.20 < 0 after warm-up: value function not predicting returns
[anomaly] it 370: terminal-step reward dominates the episode: survival is being punished
[anomaly] it 370: joint limit violated by 0.39 rad
[anomaly] it 370: contact penetration 2.6 cm
it  371 steps  36470784 sps   50,180 | ep_ret   15.59 ep_len 1000.0 (n=195) | pg -0.003 vf 0.002 kl 0.0144 lr 1.7e-04
[anomaly] it 371: explained variance -1.04 < 0 after warm-up: value function not predicting returns
[anomaly] it 371: joint limit violated by 0.37 rad
[anomaly] it 371: contact penetration 3.0 cm
it  372 steps  36569088 sps   50,179 | ep_ret   15.56 ep_len  995.5 (n=180) | pg -0.006 vf 0.001 kl 0.0130 lr 2.6e-04
[anomaly] it 372: explained variance -1.37 < 0 after warm-up: value function not predicting returns
[anomaly] it 372: terminal-step reward dominates the episode: survival is being punished
[anomaly] it 372: joint limit violated by 0.39 rad
[anomaly] it 372: contact penetration 2.6 cm
it  373 steps  36667392 sps   50,179 | ep_ret   15.34 ep_len  990.5 (n=169) | pg -0.006 vf 0.001 kl 0.0155 lr 2.6e-04
[anomaly] it 373: explained variance -0.51 < 0 after warm-up: value function not predicting returns
[anomaly] it 373: terminal-step reward dominates the episode: survival is being punished
[anomaly] it 373: joint limit violated by 0.40 rad
[anomaly] it 373: contact penetration 2.7 cm
it  374 steps  36765696 sps   50,178 | ep_ret   15.51 ep_len  995.2 (n=147) | pg -0.003 vf 0.002 kl 0.0146 lr 1.7e-04
[anomaly] it 374: explained variance -0.23 < 0 after warm-up: value function not predicting returns
[anomaly] it 374: terminal-step reward dominates the episode: survival is being punished
[anomaly] it 374: joint limit violated by 0.37 rad
[anomaly] it 374: contact penetration 2.5 cm
it  375 steps  36864000 sps   50,177 | ep_ret   15.41 ep_len  993.8 (n=144) | pg -0.005 vf 0.003 kl 0.0131 lr 2.6e-04
[anomaly] it 375: explained variance -0.87 < 0 after warm-up: value function not predicting returns
[anomaly] it 375: terminal-step reward dominates the episode: survival is being punished
[anomaly] it 375: joint limit violated by 0.34 rad
[anomaly] it 375: contact penetration 3.5 cm
it  376 steps  36962304 sps   50,176 | ep_ret   15.42 ep_len  988.4 (n=150) | pg -0.004 vf 0.003 kl 0.0147 lr 2.6e-04
[anomaly] it 376: explained variance -0.62 < 0 after warm-up: value function not predicting returns
[anomaly] it 376: terminal-step reward dominates the episode: survival is being punished
[anomaly] it 376: joint limit violated by 0.44 rad
[anomaly] it 376: contact penetration 2.9 cm
it  377 steps  37060608 sps   50,175 | ep_ret   15.62 ep_len  992.2 (n=126) | pg -0.005 vf 0.002 kl 0.0134 lr 2.6e-04
[anomaly] it 377: explained variance -0.89 < 0 after warm-up: value function not predicting returns
[anomaly] it 377: terminal-step reward dominates the episode: survival is being punished
[anomaly] it 377: joint limit violated by 0.37 rad
[anomaly] it 377: contact penetration 2.6 cm
it  378 steps  37158912 sps   50,174 | ep_ret   15.36 ep_len  977.2 (n=110) | pg -0.004 vf 0.001 kl 0.0148 lr 2.6e-04
[anomaly] it 378: terminal-step reward dominates the episode: survival is being punished
[anomaly] it 378: joint limit violated by 0.35 rad
[anomaly] it 378: contact penetration 3.1 cm
it  379 steps  37257216 sps   50,174 | ep_ret   15.83 ep_len 1000.0 (n=101) | pg -0.005 vf 0.002 kl 0.0143 lr 2.6e-04
[anomaly] it 379: explained variance -0.72 < 0 after warm-up: value function not predicting returns
[anomaly] it 379: joint limit violated by 0.37 rad
[anomaly] it 379: contact penetration 3.2 cm
it  380 steps  37355520 sps   50,173 | ep_ret   15.63 ep_len  989.8 (n=82) | pg -0.006 vf 0.001 kl 0.0154 lr 2.6e-04
[anomaly] it 380: explained variance -0.44 < 0 after warm-up: value function not predicting returns
[anomaly] it 380: terminal-step reward dominates the episode: survival is being punished
[anomaly] it 380: joint limit violated by 0.38 rad
[anomaly] it 380: contact penetration 2.7 cm
it  381 steps  37453824 sps   50,172 | ep_ret   15.70 ep_len  991.0 (n=69) | pg -0.005 vf 0.002 kl 0.0138 lr 1.7e-04
[anomaly] it 381: explained variance -0.55 < 0 after warm-up: value function not predicting returns
[anomaly] it 381: terminal-step reward dominates the episode: survival is being punished
[anomaly] it 381: joint limit violated by 0.38 rad
[anomaly] it 381: contact penetration 2.8 cm
it  382 steps  37552128 sps   50,171 | ep_ret   15.59 ep_len  982.3 (n=68) | pg -0.004 vf 0.002 kl 0.0139 lr 1.1e-04
[anomaly] it 382: explained variance -0.07 < 0 after warm-up: value function not predicting returns
[anomaly] it 382: terminal-step reward dominates the episode: survival is being punished
[anomaly] it 382: joint limit violated by 0.38 rad
[anomaly] it 382: contact penetration 2.9 cm
it  383 steps  37650432 sps   50,170 | ep_ret   15.50 ep_len  982.6 (n=50) | pg -0.005 vf 0.003 kl 0.0131 lr 1.1e-04
[anomaly] it 383: explained variance -0.36 < 0 after warm-up: value function not predicting returns
[anomaly] it 383: terminal-step reward dominates the episode: survival is being punished
[anomaly] it 383: joint limit violated by 0.42 rad
[anomaly] it 383: contact penetration 2.8 cm
it  384 steps  37748736 sps   50,169 | ep_ret   16.04 ep_len 1000.0 (n=37) | pg -0.005 vf 0.003 kl 0.0141 lr 1.7e-04
[anomaly] it 384: explained variance -2.66 < 0 after warm-up: value function not predicting returns
[anomaly] it 384: joint limit violated by 0.38 rad
[anomaly] it 384: contact penetration 2.4 cm
it  385 steps  37847040 sps   50,168 | ep_ret   14.73 ep_len  947.2 (n=44) | pg -0.006 vf 0.003 kl 0.0154 lr 2.6e-04
[anomaly] it 385: explained variance -1.30 < 0 after warm-up: value function not predicting returns
[anomaly] it 385: terminal-step reward dominates the episode: survival is being punished
[anomaly] it 385: joint limit violated by 0.49 rad
[anomaly] it 385: contact penetration 3.1 cm
it  386 steps  37945344 sps   50,167 | ep_ret   15.48 ep_len  976.3 (n=52) | pg -0.005 vf 0.004 kl 0.0164 lr 2.6e-04
[anomaly] it 386: explained variance -1.25 < 0 after warm-up: value function not predicting returns
[anomaly] it 386: terminal-step reward dominates the episode: survival is being punished
[anomaly] it 386: joint limit violated by 0.37 rad
[anomaly] it 386: contact penetration 3.0 cm
it  387 steps  38043648 sps   50,166 | ep_ret   13.91 ep_len  930.0 (n=22) | pg -0.005 vf 0.005 kl 0.0134 lr 1.1e-04
[anomaly] it 387: explained variance -0.96 < 0 after warm-up: value function not predicting returns
[anomaly] it 387: terminal-step reward dominates the episode: survival is being punished
[anomaly] it 387: joint limit violated by 0.40 rad
[anomaly] it 387: contact penetration 2.7 cm
it  388 steps  38141952 sps   50,165 | ep_ret   12.72 ep_len  875.3 (n=35) | pg -0.005 vf 0.003 kl 0.0140 lr 1.7e-04
[anomaly] it 388: terminal-step reward dominates the episode: survival is being punished
[anomaly] it 388: joint limit violated by 0.39 rad
[anomaly] it 388: contact penetration 3.3 cm
it  389 steps  38240256 sps   50,165 | ep_ret   14.87 ep_len  967.0 (n=33) | pg -0.005 vf 0.003 kl 0.0147 lr 2.6e-04
[anomaly] it 389: explained variance -0.29 < 0 after warm-up: value function not predicting returns
[anomaly] it 389: terminal-step reward dominates the episode: survival is being punished
[anomaly] it 389: joint limit violated by 0.36 rad
[anomaly] it 389: contact penetration 2.4 cm
it  390 steps  38338560 sps   50,164 | ep_ret   15.70 ep_len  989.2 (n=29) | pg -0.004 vf 0.002 kl 0.0144 lr 1.7e-04
[anomaly] it 390: explained variance -1.25 < 0 after warm-up: value function not predicting returns
[anomaly] it 390: terminal-step reward dominates the episode: survival is being punished
[anomaly] it 390: joint limit violated by 0.38 rad
[anomaly] it 390: contact penetration 2.7 cm
it  391 steps  38436864 sps   50,164 | ep_ret   14.80 ep_len  951.4 (n=18) | pg -0.007 vf 0.002 kl 0.0128 lr 2.6e-04
[anomaly] it 391: explained variance -0.52 < 0 after warm-up: value function not predicting returns
[anomaly] it 391: terminal-step reward dominates the episode: survival is being punished
[anomaly] it 391: joint limit violated by 0.39 rad
[anomaly] it 391: contact penetration 2.8 cm
it  392 steps  38535168 sps   50,163 | ep_ret   16.29 ep_len 1000.0 (n=24) | pg -0.005 vf 0.003 kl 0.0146 lr 1.7e-04
[anomaly] it 392: explained variance -2.01 < 0 after warm-up: value function not predicting returns
[anomaly] it 392: joint limit violated by 0.37 rad
[anomaly] it 392: contact penetration 2.7 cm
it  393 steps  38633472 sps   50,163 | ep_ret   14.46 ep_len  944.4 (n=21) | pg -0.007 vf 0.002 kl 0.0137 lr 2.6e-04
[anomaly] it 393: explained variance -0.50 < 0 after warm-up: value function not predicting returns
[anomaly] it 393: terminal-step reward dominates the episode: survival is being punished
[anomaly] it 393: joint limit violated by 0.32 rad
[anomaly] it 393: contact penetration 2.4 cm
it  394 steps  38731776 sps   50,163 | ep_ret   15.46 ep_len  971.1 (n=37) | pg -0.006 vf 0.001 kl 0.0159 lr 2.6e-04
[anomaly] it 394: terminal-step reward dominates the episode: survival is being punished
[anomaly] it 394: joint limit violated by 0.37 rad
[anomaly] it 394: contact penetration 3.1 cm
it  395 steps  38830080 sps   50,162 | ep_ret   16.66 ep_len 1000.0 (n=33) | pg -0.007 vf 0.001 kl 0.0124 lr 1.7e-04
[anomaly] it 395: explained variance -0.31 < 0 after warm-up: value function not predicting returns
[anomaly] it 395: joint limit violated by 0.40 rad
[anomaly] it 395: contact penetration 2.7 cm
it  396 steps  38928384 sps   50,162 | ep_ret   16.50 ep_len 1000.0 (n=31) | pg -0.005 vf 0.003 kl 0.0136 lr 2.6e-04
[anomaly] it 396: explained variance -0.82 < 0 after warm-up: value function not predicting returns
[anomaly] it 396: joint limit violated by 0.41 rad
[anomaly] it 396: contact penetration 2.7 cm
it  397 steps  39026688 sps   50,162 | ep_ret   16.25 ep_len  992.1 (n=43) | pg -0.004 vf 0.002 kl 0.0133 lr 1.7e-04
[anomaly] it 397: explained variance -0.77 < 0 after warm-up: value function not predicting returns
[anomaly] it 397: terminal-step reward dominates the episode: survival is being punished
[anomaly] it 397: joint limit violated by 0.32 rad
[anomaly] it 397: contact penetration 2.6 cm
it  398 steps  39124992 sps   50,161 | ep_ret   16.09 ep_len  983.6 (n=51) | pg -0.005 vf 0.002 kl 0.0149 lr 2.6e-04
[anomaly] it 398: explained variance -0.51 < 0 after warm-up: value function not predicting returns
[anomaly] it 398: terminal-step reward dominates the episode: survival is being punished
[anomaly] it 398: joint limit violated by 0.43 rad
[anomaly] it 398: contact penetration 2.4 cm
it  399 steps  39223296 sps   50,160 | ep_ret   16.30 ep_len  988.3 (n=74) | pg -0.004 vf 0.002 kl 0.0133 lr 1.7e-04
[anomaly] it 399: explained variance -0.00 < 0 after warm-up: value function not predicting returns
[anomaly] it 399: terminal-step reward dominates the episode: survival is being punished
[anomaly] it 399: joint limit violated by 0.44 rad
[anomaly] it 399: contact penetration 2.4 cm
it  400 steps  39321600 sps   50,160 | ep_ret   16.49 ep_len  995.1 (n=77) | pg -0.006 vf 0.001 kl 0.0125 lr 2.6e-04
[anomaly] it 400: terminal-step reward dominates the episode: survival is being punished
[anomaly] it 400: joint limit violated by 0.48 rad
[anomaly] it 400: contact penetration 2.6 cm
it  401 steps  39419904 sps   50,160 | ep_ret   16.81 ep_len 1000.0 (n=90) | pg -0.005 vf 0.001 kl 0.0142 lr 2.6e-04
[anomaly] it 401: explained variance -0.38 < 0 after warm-up: value function not predicting returns
[anomaly] it 401: joint limit violated by 0.40 rad
[anomaly] it 401: contact penetration 2.5 cm
it  402 steps  39518208 sps   50,159 | ep_ret   16.73 ep_len 1000.0 (n=107) | pg -0.003 vf 0.003 kl 0.0144 lr 1.1e-04
[anomaly] it 402: explained variance -0.37 < 0 after warm-up: value function not predicting returns
[anomaly] it 402: joint limit violated by 0.43 rad
[anomaly] it 402: contact penetration 2.8 cm
it  403 steps  39616512 sps   50,159 | ep_ret   16.70 ep_len 1000.0 (n=118) | pg -0.005 vf 0.002 kl 0.0151 lr 2.6e-04
[anomaly] it 403: explained variance -1.37 < 0 after warm-up: value function not predicting returns
[anomaly] it 403: joint limit violated by 0.44 rad
[anomaly] it 403: contact penetration 2.8 cm
it  404 steps  39714816 sps   50,158 | ep_ret   16.80 ep_len  995.4 (n=128) | pg -0.005 vf 0.002 kl 0.0147 lr 2.6e-04
[anomaly] it 404: explained variance -1.25 < 0 after warm-up: value function not predicting returns
[anomaly] it 404: terminal-step reward dominates the episode: survival is being punished
[anomaly] it 404: joint limit violated by 0.37 rad
[anomaly] it 404: contact penetration 2.7 cm
it  405 steps  39813120 sps   50,158 | ep_ret   16.44 ep_len  987.7 (n=170) | pg -0.002 vf 0.001 kl 0.0130 lr 1.1e-04
[anomaly] it 405: terminal-step reward dominates the episode: survival is being punished
[anomaly] it 405: joint limit violated by 0.40 rad
[anomaly] it 405: contact penetration 2.6 cm
it  406 steps  39911424 sps   50,157 | ep_ret   16.77 ep_len  999.2 (n=178) | pg -0.007 vf 0.001 kl 0.0104 lr 1.7e-04
[anomaly] it 406: explained variance -0.03 < 0 after warm-up: value function not predicting returns
[anomaly] it 406: terminal-step reward dominates the episode: survival is being punished
[anomaly] it 406: joint limit violated by 0.38 rad
[anomaly] it 406: contact penetration 3.0 cm
it  407 steps  40009728 sps   50,157 | ep_ret   16.83 ep_len 1000.0 (n=171) | pg -0.006 vf 0.002 kl 0.0130 lr 2.6e-04
[anomaly] it 407: explained variance -0.59 < 0 after warm-up: value function not predicting returns
[anomaly] it 407: joint limit violated by 0.34 rad
[anomaly] it 407: contact penetration 2.4 cm
it  408 steps  40108032 sps   50,156 | ep_ret   16.90 ep_len  997.6 (n=169) | pg -0.005 vf 0.001 kl 0.0127 lr 1.7e-04
[anomaly] it 408: explained variance -0.61 < 0 after warm-up: value function not predicting returns
[anomaly] it 408: terminal-step reward dominates the episode: survival is being punished
[anomaly] it 408: joint limit violated by 0.37 rad
[anomaly] it 408: contact penetration 2.6 cm
it  409 steps  40206336 sps   50,156 | ep_ret   16.80 ep_len  997.6 (n=169) | pg -0.006 vf 0.001 kl 0.0129 lr 2.6e-04
[anomaly] it 409: explained variance -0.23 < 0 after warm-up: value function not predicting returns
[anomaly] it 409: terminal-step reward dominates the episode: survival is being punished
[anomaly] it 409: joint limit violated by 0.36 rad
[anomaly] it 409: contact penetration 3.1 cm
it  410 steps  40304640 sps   50,155 | ep_ret   17.09 ep_len 1000.0 (n=223) | pg -0.005 vf 0.002 kl 0.0137 lr 1.7e-04
[anomaly] it 410: explained variance -0.50 < 0 after warm-up: value function not predicting returns
[anomaly] it 410: joint limit violated by 0.37 rad
[anomaly] it 410: contact penetration 2.5 cm
it  411 steps  40402944 sps   50,154 | ep_ret   16.97 ep_len  998.2 (n=205) | pg -0.006 vf 0.002 kl 0.0133 lr 2.6e-04
[anomaly] it 411: explained variance -0.10 < 0 after warm-up: value function not predicting returns
[anomaly] it 411: terminal-step reward dominates the episode: survival is being punished
[anomaly] it 411: joint limit violated by 0.37 rad
[anomaly] it 411: contact penetration 3.0 cm
it  412 steps  40501248 sps   50,154 | ep_ret   17.14 ep_len 1000.0 (n=206) | pg -0.005 vf 0.001 kl 0.0151 lr 1.7e-04
[anomaly] it 412: explained variance -1.33 < 0 after warm-up: value function not predicting returns
[anomaly] it 412: joint limit violated by 0.37 rad
[anomaly] it 412: contact penetration 2.6 cm
it  413 steps  40599552 sps   50,153 | ep_ret   16.82 ep_len  990.7 (n=187) | pg -0.006 vf 0.001 kl 0.0125 lr 2.6e-04
[anomaly] it 413: explained variance -0.34 < 0 after warm-up: value function not predicting returns
[anomaly] it 413: terminal-step reward dominates the episode: survival is being punished
[anomaly] it 413: joint limit violated by 0.37 rad
[anomaly] it 413: contact penetration 3.2 cm
it  414 steps  40697856 sps   50,153 | ep_ret   17.00 ep_len  995.2 (n=177) | pg -0.004 vf 0.002 kl 0.0127 lr 1.1e-04
[anomaly] it 414: explained variance -1.04 < 0 after warm-up: value function not predicting returns
[anomaly] it 414: terminal-step reward dominates the episode: survival is being punished
[anomaly] it 414: joint limit violated by 0.35 rad
[anomaly] it 414: contact penetration 3.1 cm
it  415 steps  40796160 sps   50,152 | ep_ret   16.82 ep_len  984.5 (n=162) | pg -0.003 vf 0.002 kl 0.0130 lr 1.7e-04
[anomaly] it 415: terminal-step reward dominates the episode: survival is being punished
[anomaly] it 415: joint limit violated by 0.36 rad
[anomaly] it 415: contact penetration 2.5 cm
it  416 steps  40894464 sps   50,152 | ep_ret   17.05 ep_len  994.9 (n=142) | pg -0.005 vf 0.002 kl 0.0140 lr 2.6e-04
[anomaly] it 416: explained variance -0.14 < 0 after warm-up: value function not predicting returns
[anomaly] it 416: terminal-step reward dominates the episode: survival is being punished
[anomaly] it 416: joint limit violated by 0.37 rad
[anomaly] it 416: contact penetration 2.7 cm
it  417 steps  40992768 sps   50,151 | ep_ret   16.98 ep_len 1000.0 (n=151) | pg -0.005 vf 0.001 kl 0.0132 lr 1.1e-04
[anomaly] it 417: explained variance -1.07 < 0 after warm-up: value function not predicting returns
[anomaly] it 417: joint limit violated by 0.36 rad
[anomaly] it 417: contact penetration 2.9 cm
it  418 steps  41091072 sps   50,151 | ep_ret   17.19 ep_len  995.4 (n=141) | pg -0.004 vf 0.003 kl 0.0146 lr 1.7e-04
[anomaly] it 418: explained variance -0.50 < 0 after warm-up: value function not predicting returns
[anomaly] it 418: terminal-step reward dominates the episode: survival is being punished
[anomaly] it 418: joint limit violated by 0.38 rad
[anomaly] it 418: contact penetration 2.6 cm
it  419 steps  41189376 sps   50,151 | ep_ret   17.15 ep_len  996.6 (n=119) | pg -0.006 vf 0.002 kl 0.0137 lr 2.6e-04
[anomaly] it 419: explained variance -0.18 < 0 after warm-up: value function not predicting returns
[anomaly] it 419: terminal-step reward dominates the episode: survival is being punished
[anomaly] it 419: joint limit violated by 0.39 rad
[anomaly] it 419: contact penetration 2.6 cm
it  420 steps  41287680 sps   50,150 | ep_ret   17.39 ep_len 1000.0 (n=104) | pg -0.004 vf 0.001 kl 0.0134 lr 1.1e-04
[anomaly] it 420: explained variance -0.57 < 0 after warm-up: value function not predicting returns
[anomaly] it 420: joint limit violated by 0.34 rad
[anomaly] it 420: contact penetration 3.1 cm
it  421 steps  41385984 sps   50,150 | ep_ret   17.30 ep_len  991.4 (n=98) | pg -0.007 vf 0.001 kl 0.0129 lr 2.6e-04
[anomaly] it 421: explained variance -0.03 < 0 after warm-up: value function not predicting returns
[anomaly] it 421: terminal-step reward dominates the episode: survival is being punished
[anomaly] it 421: joint limit violated by 0.40 rad
[anomaly] it 421: contact penetration 2.9 cm
it  422 steps  41484288 sps   50,150 | ep_ret   17.39 ep_len 1000.0 (n=68) | pg -0.003 vf 0.003 kl 0.0141 lr 1.1e-04
[anomaly] it 422: explained variance -0.24 < 0 after warm-up: value function not predicting returns
[anomaly] it 422: joint limit violated by 0.36 rad
[anomaly] it 422: contact penetration 2.9 cm
it  423 steps  41582592 sps   50,150 | ep_ret   17.02 ep_len  987.5 (n=72) | pg -0.005 vf 0.002 kl 0.0125 lr 1.7e-04
[anomaly] it 423: explained variance -0.30 < 0 after warm-up: value function not predicting returns
[anomaly] it 423: terminal-step reward dominates the episode: survival is being punished
[anomaly] it 423: joint limit violated by 0.43 rad
[anomaly] it 423: contact penetration 2.6 cm
it  424 steps  41680896 sps   50,150 | ep_ret   17.22 ep_len  992.8 (n=61) | pg -0.004 vf 0.002 kl 0.0145 lr 2.6e-04
[anomaly] it 424: explained variance -0.57 < 0 after warm-up: value function not predicting returns
[anomaly] it 424: terminal-step reward dominates the episode: survival is being punished
[anomaly] it 424: joint limit violated by 0.40 rad
[anomaly] it 424: contact penetration 2.5 cm
it  425 steps  41779200 sps   50,149 | ep_ret   16.80 ep_len  981.6 (n=47) | pg -0.004 vf 0.004 kl 0.0169 lr 2.6e-04
[anomaly] it 425: explained variance -0.72 < 0 after warm-up: value function not predicting returns
[anomaly] it 425: terminal-step reward dominates the episode: survival is being punished
[anomaly] it 425: joint limit violated by 0.40 rad
[anomaly] it 425: contact penetration 2.7 cm
it  426 steps  41877504 sps   50,149 | ep_ret   16.71 ep_len  972.9 (n=43) | pg -0.005 vf 0.003 kl 0.0125 lr 1.1e-04
[anomaly] it 426: explained variance -0.68 < 0 after warm-up: value function not predicting returns
[anomaly] it 426: terminal-step reward dominates the episode: survival is being punished
[anomaly] it 426: joint limit violated by 0.36 rad
[anomaly] it 426: contact penetration 2.7 cm
it  427 steps  41975808 sps   50,148 | ep_ret   17.12 ep_len  990.3 (n=43) | pg -0.007 vf 0.002 kl 0.0110 lr 1.7e-04
[anomaly] it 427: explained variance -1.76 < 0 after warm-up: value function not predicting returns
[anomaly] it 427: terminal-step reward dominates the episode: survival is being punished
[anomaly] it 427: joint limit violated by 0.36 rad
[anomaly] it 427: contact penetration 2.9 cm
it  428 steps  42074112 sps   50,148 | ep_ret   16.51 ep_len  968.5 (n=52) | pg -0.006 vf 0.002 kl 0.0147 lr 2.6e-04
[anomaly] it 428: terminal-step reward dominates the episode: survival is being punished
[anomaly] it 428: joint limit violated by 0.41 rad
[anomaly] it 428: contact penetration 2.6 cm
it  429 steps  42172416 sps   50,148 | ep_ret   17.74 ep_len 1000.0 (n=28) | pg -0.005 vf 0.003 kl 0.0149 lr 1.7e-04
[anomaly] it 429: explained variance -0.99 < 0 after warm-up: value function not predicting returns
[anomaly] it 429: joint limit violated by 0.42 rad
[anomaly] it 429: contact penetration 3.8 cm
it  430 steps  42270720 sps   50,148 | ep_ret   16.90 ep_len  977.9 (n=32) | pg -0.004 vf 0.002 kl 0.0134 lr 1.7e-04
[anomaly] it 430: explained variance -0.26 < 0 after warm-up: value function not predicting returns
[anomaly] it 430: terminal-step reward dominates the episode: survival is being punished
[anomaly] it 430: joint limit violated by 0.39 rad
[anomaly] it 430: contact penetration 2.6 cm
it  431 steps  42369024 sps   50,148 | ep_ret   17.24 ep_len  984.6 (n=37) | pg -0.005 vf 0.003 kl 0.0132 lr 1.7e-04
[anomaly] it 431: explained variance -1.03 < 0 after warm-up: value function not predicting returns
[anomaly] it 431: terminal-step reward dominates the episode: survival is being punished
[anomaly] it 431: joint limit violated by 0.39 rad
[anomaly] it 431: contact penetration 2.4 cm
it  432 steps  42467328 sps   50,148 | ep_ret   16.27 ep_len  957.6 (n=23) | pg -0.005 vf 0.003 kl 0.0149 lr 2.6e-04
[anomaly] it 432: explained variance -0.54 < 0 after warm-up: value function not predicting returns
[anomaly] it 432: terminal-step reward dominates the episode: survival is being punished
[anomaly] it 432: joint limit violated by 0.38 rad
[anomaly] it 432: contact penetration 2.8 cm
it  433 steps  42565632 sps   50,148 | ep_ret   16.28 ep_len  962.3 (n=22) | pg -0.004 vf 0.004 kl 0.0145 lr 1.1e-04
[anomaly] it 433: explained variance -0.82 < 0 after warm-up: value function not predicting returns
[anomaly] it 433: terminal-step reward dominates the episode: survival is being punished
[anomaly] it 433: joint limit violated by 0.36 rad
[anomaly] it 433: contact penetration 2.9 cm
it  434 steps  42663936 sps   50,148 | ep_ret   15.63 ep_len  919.3 (n=25) | pg -0.004 vf 0.002 kl 0.0135 lr 1.1e-04
[anomaly] it 434: explained variance -0.99 < 0 after warm-up: value function not predicting returns
[anomaly] it 434: terminal-step reward dominates the episode: survival is being punished
[anomaly] it 434: joint limit violated by 0.42 rad
[anomaly] it 434: contact penetration 2.7 cm
it  435 steps  42762240 sps   50,147 | ep_ret   16.28 ep_len  959.3 (n=32) | pg -0.006 vf 0.003 kl 0.0113 lr 1.7e-04
[anomaly] it 435: explained variance -1.03 < 0 after warm-up: value function not predicting returns
[anomaly] it 435: terminal-step reward dominates the episode: survival is being punished
[anomaly] it 435: joint limit violated by 0.38 rad
[anomaly] it 435: contact penetration 2.7 cm
it  436 steps  42860544 sps   50,147 | ep_ret   17.12 ep_len  977.2 (n=33) | pg -0.006 vf 0.002 kl 0.0134 lr 1.1e-04
[anomaly] it 436: explained variance -1.16 < 0 after warm-up: value function not predicting returns
[anomaly] it 436: terminal-step reward dominates the episode: survival is being punished
[anomaly] it 436: joint limit violated by 0.38 rad
[anomaly] it 436: contact penetration 3.1 cm
it  437 steps  42958848 sps   50,147 | ep_ret   16.80 ep_len  968.2 (n=35) | pg -0.004 vf 0.004 kl 0.0131 lr 1.1e-04
[anomaly] it 437: explained variance -0.69 < 0 after warm-up: value function not predicting returns
[anomaly] it 437: terminal-step reward dominates the episode: survival is being punished
[anomaly] it 437: joint limit violated by 0.37 rad
[anomaly] it 437: contact penetration 3.4 cm
it  438 steps  43057152 sps   50,146 | ep_ret   16.93 ep_len  970.5 (n=43) | pg -0.006 vf 0.004 kl 0.0154 lr 1.7e-04
[anomaly] it 438: explained variance -0.73 < 0 after warm-up: value function not predicting returns
[anomaly] it 438: terminal-step reward dominates the episode: survival is being punished
[anomaly] it 438: joint limit violated by 0.51 rad
[anomaly] it 438: contact penetration 2.6 cm
it  439 steps  43155456 sps   50,146 | ep_ret   16.63 ep_len  964.9 (n=46) | pg -0.005 vf 0.003 kl 0.0135 lr 1.7e-04
[anomaly] it 439: explained variance -0.35 < 0 after warm-up: value function not predicting returns
[anomaly] it 439: terminal-step reward dominates the episode: survival is being punished
[anomaly] it 439: joint limit violated by 0.37 rad
[anomaly] it 439: contact penetration 2.5 cm
it  440 steps  43253760 sps   50,145 | ep_ret   17.50 ep_len  991.4 (n=62) | pg -0.006 vf 0.002 kl 0.0152 lr 2.6e-04
[anomaly] it 440: explained variance -0.83 < 0 after warm-up: value function not predicting returns
[anomaly] it 440: terminal-step reward dominates the episode: survival is being punished
[anomaly] it 440: joint limit violated by 0.39 rad
[anomaly] it 440: contact penetration 2.8 cm
it  441 steps  43352064 sps   50,145 | ep_ret   17.46 ep_len  984.0 (n=76) | pg -0.005 vf 0.002 kl 0.0139 lr 1.7e-04
[anomaly] it 441: explained variance -0.35 < 0 after warm-up: value function not predicting returns
[anomaly] it 441: terminal-step reward dominates the episode: survival is being punished
[anomaly] it 441: joint limit violated by 0.36 rad
[anomaly] it 441: contact penetration 3.2 cm
it  442 steps  43450368 sps   50,145 | ep_ret   17.90 ep_len 1000.0 (n=85) | pg -0.005 vf 0.001 kl 0.0132 lr 2.6e-04
[anomaly] it 442: explained variance -0.37 < 0 after warm-up: value function not predicting returns
[anomaly] it 442: joint limit violated by 0.43 rad
[anomaly] it 442: contact penetration 2.9 cm
it  443 steps  43548672 sps   50,144 | ep_ret   18.04 ep_len 1000.0 (n=79) | pg -0.004 vf 0.002 kl 0.0128 lr 1.7e-04
[anomaly] it 443: explained variance -1.09 < 0 after warm-up: value function not predicting returns
[anomaly] it 443: joint limit violated by 0.43 rad
[anomaly] it 443: contact penetration 3.0 cm
it  444 steps  43646976 sps   50,144 | ep_ret   17.72 ep_len  994.8 (n=117) | pg -0.005 vf 0.002 kl 0.0147 lr 2.6e-04
[anomaly] it 444: explained variance -0.32 < 0 after warm-up: value function not predicting returns
[anomaly] it 444: terminal-step reward dominates the episode: survival is being punished
[anomaly] it 444: joint limit violated by 0.39 rad
[anomaly] it 444: contact penetration 2.8 cm
it  445 steps  43745280 sps   50,143 | ep_ret   17.91 ep_len  996.5 (n=122) | pg -0.003 vf 0.002 kl 0.0155 lr 2.6e-04
[anomaly] it 445: explained variance -0.55 < 0 after warm-up: value function not predicting returns
[anomaly] it 445: terminal-step reward dominates the episode: survival is being punished
[anomaly] it 445: joint limit violated by 0.37 rad
[anomaly] it 445: contact penetration 2.8 cm
it  446 steps  43843584 sps   50,143 | ep_ret   18.08 ep_len 1000.0 (n=130) | pg -0.003 vf 0.001 kl 0.0142 lr 1.7e-04
[anomaly] it 446: explained variance -1.45 < 0 after warm-up: value function not predicting returns
[anomaly] it 446: joint limit violated by 0.34 rad
[anomaly] it 446: contact penetration 3.0 cm
it  447 steps  43941888 sps   50,142 | ep_ret   17.84 ep_len  992.6 (n=191) | pg -0.007 vf 0.001 kl 0.0136 lr 2.6e-04
[anomaly] it 447: terminal-step reward dominates the episode: survival is being punished
[anomaly] it 447: joint limit violated by 0.38 rad
[anomaly] it 447: contact penetration 2.6 cm
it  448 steps  44040192 sps   50,142 | ep_ret   17.98 ep_len 1000.0 (n=163) | pg -0.007 vf 0.001 kl 0.0135 lr 1.7e-04
[anomaly] it 448: explained variance -0.17 < 0 after warm-up: value function not predicting returns
[anomaly] it 448: joint limit violated by 0.36 rad
[anomaly] it 448: contact penetration 2.9 cm
it  449 steps  44138496 sps   50,142 | ep_ret   18.12 ep_len 1000.0 (n=173) | pg -0.004 vf 0.003 kl 0.0127 lr 1.1e-04
[anomaly] it 449: explained variance -0.58 < 0 after warm-up: value function not predicting returns
[anomaly] it 449: joint limit violated by 0.39 rad
[anomaly] it 449: contact penetration 2.8 cm
it  450 steps  44236800 sps   50,141 | ep_ret   18.18 ep_len 1000.0 (n=165) | pg -0.004 vf 0.004 kl 0.0125 lr 7.6e-05
[anomaly] it 450: explained variance -2.08 < 0 after warm-up: value function not predicting returns
[anomaly] it 450: joint limit violated by 0.33 rad
[anomaly] it 450: contact penetration 2.8 cm
it  451 steps  44335104 sps   50,141 | ep_ret   17.96 ep_len  991.6 (n=184) | pg -0.004 vf 0.001 kl 0.0136 lr 1.7e-04
[anomaly] it 451: explained variance -1.60 < 0 after warm-up: value function not predicting returns
[anomaly] it 451: terminal-step reward dominates the episode: survival is being punished
[anomaly] it 451: joint limit violated by 0.44 rad
[anomaly] it 451: contact penetration 2.6 cm
it  452 steps  44433408 sps   50,141 | ep_ret   18.06 ep_len  993.1 (n=212) | pg -0.004 vf 0.001 kl 0.0127 lr 1.7e-04
[anomaly] it 452: explained variance -0.95 < 0 after warm-up: value function not predicting returns
[anomaly] it 452: terminal-step reward dominates the episode: survival is being punished
[anomaly] it 452: joint limit violated by 0.43 rad
[anomaly] it 452: contact penetration 2.5 cm
it  453 steps  44531712 sps   50,141 | ep_ret   18.05 ep_len  994.1 (n=211) | pg -0.003 vf 0.003 kl 0.0136 lr 1.7e-04
[anomaly] it 453: explained variance -0.59 < 0 after warm-up: value function not predicting returns
[anomaly] it 453: terminal-step reward dominates the episode: survival is being punished
[anomaly] it 453: joint limit violated by 0.35 rad
[anomaly] it 453: contact penetration 3.2 cm
it  454 steps  44630016 sps   50,141 | ep_ret   18.20 ep_len  997.9 (n=201) | pg -0.007 vf 0.001 kl 0.0134 lr 2.6e-04
[anomaly] it 454: explained variance -1.12 < 0 after warm-up: value function not predicting returns
[anomaly] it 454: terminal-step reward dominates the episode: survival is being punished
[anomaly] it 454: joint limit violated by 0.43 rad
[anomaly] it 454: contact penetration 2.8 cm
it  455 steps  44728320 sps   50,141 | ep_ret   18.14 ep_len  991.7 (n=181) | pg -0.005 vf 0.001 kl 0.0148 lr 2.6e-04
[anomaly] it 455: terminal-step reward dominates the episode: survival is being punished
[anomaly] it 455: joint limit violated by 0.41 rad
[anomaly] it 455: contact penetration 2.9 cm
it  456 steps  44826624 sps   50,141 | ep_ret   18.35 ep_len 1000.0 (n=166) | pg -0.003 vf 0.001 kl 0.0136 lr 1.1e-04
[anomaly] it 456: explained variance -0.85 < 0 after warm-up: value function not predicting returns
[anomaly] it 456: joint limit violated by 0.36 rad
[anomaly] it 456: contact penetration 2.8 cm
it  457 steps  44924928 sps   50,141 | ep_ret   18.08 ep_len  990.4 (n=152) | pg -0.005 vf 0.001 kl 0.0135 lr 2.6e-04
[anomaly] it 457: explained variance -0.06 < 0 after warm-up: value function not predicting returns
[anomaly] it 457: terminal-step reward dominates the episode: survival is being punished
[anomaly] it 457: joint limit violated by 0.43 rad
[anomaly] it 457: contact penetration 2.8 cm
it  458 steps  45023232 sps   50,140 | ep_ret   18.29 ep_len 1000.0 (n=138) | pg -0.001 vf 0.001 kl 0.0135 lr 1.1e-04
[anomaly] it 458: explained variance -0.76 < 0 after warm-up: value function not predicting returns
[anomaly] it 458: joint limit violated by 0.39 rad
[anomaly] it 458: contact penetration 3.4 cm
it  459 steps  45121536 sps   50,140 | ep_ret   18.05 ep_len  990.3 (n=161) | pg -0.005 vf 0.001 kl 0.0118 lr 1.1e-04
[anomaly] it 459: explained variance -0.16 < 0 after warm-up: value function not predicting returns
[anomaly] it 459: terminal-step reward dominates the episode: survival is being punished
[anomaly] it 459: joint limit violated by 0.42 rad
[anomaly] it 459: contact penetration 2.5 cm
it  460 steps  45219840 sps   50,140 | ep_ret   18.30 ep_len  998.1 (n=134) | pg -0.005 vf 0.002 kl 0.0123 lr 1.7e-04
[anomaly] it 460: explained variance -0.32 < 0 after warm-up: value function not predicting returns
[anomaly] it 460: terminal-step reward dominates the episode: survival is being punished
[anomaly] it 460: joint limit violated by 0.50 rad
[anomaly] it 460: contact penetration 2.7 cm
it  461 steps  45318144 sps   50,140 | ep_ret   18.49 ep_len  996.1 (n=109) | pg -0.005 vf 0.001 kl 0.0131 lr 2.6e-04
[anomaly] it 461: explained variance -0.64 < 0 after warm-up: value function not predicting returns
[anomaly] it 461: terminal-step reward dominates the episode: survival is being punished
[anomaly] it 461: joint limit violated by 0.41 rad
[anomaly] it 461: contact penetration 2.8 cm
it  462 steps  45416448 sps   50,139 | ep_ret   18.18 ep_len  992.2 (n=98) | pg -0.004 vf 0.002 kl 0.0137 lr 1.7e-04
[anomaly] it 462: explained variance -0.35 < 0 after warm-up: value function not predicting returns
[anomaly] it 462: terminal-step reward dominates the episode: survival is being punished
[anomaly] it 462: joint limit violated by 0.37 rad
[anomaly] it 462: contact penetration 2.7 cm
it  463 steps  45514752 sps   50,140 | ep_ret   18.32 ep_len  993.9 (n=96) | pg -0.006 vf 0.003 kl 0.0141 lr 1.7e-04
[anomaly] it 463: explained variance -0.35 < 0 after warm-up: value function not predicting returns
[anomaly] it 463: terminal-step reward dominates the episode: survival is being punished
[anomaly] it 463: joint limit violated by 0.39 rad
[anomaly] it 463: contact penetration 2.9 cm
it  464 steps  45613056 sps   50,140 | ep_ret   18.23 ep_len  993.4 (n=61) | pg -0.004 vf 0.003 kl 0.0133 lr 7.6e-05
[anomaly] it 464: explained variance -0.12 < 0 after warm-up: value function not predicting returns
[anomaly] it 464: terminal-step reward dominates the episode: survival is being punished
[anomaly] it 464: joint limit violated by 0.43 rad
[anomaly] it 464: contact penetration 2.5 cm
it  465 steps  45711360 sps   50,140 | ep_ret   18.61 ep_len 1000.0 (n=74) | pg -0.005 vf 0.003 kl 0.0143 lr 1.7e-04
[anomaly] it 465: explained variance -0.89 < 0 after warm-up: value function not predicting returns
[anomaly] it 465: joint limit violated by 0.37 rad
[anomaly] it 465: contact penetration 2.8 cm
it  466 steps  45809664 sps   50,140 | ep_ret   18.33 ep_len  993.4 (n=62) | pg -0.006 vf 0.002 kl 0.0139 lr 2.6e-04
[anomaly] it 466: explained variance -1.22 < 0 after warm-up: value function not predicting returns
[anomaly] it 466: terminal-step reward dominates the episode: survival is being punished
[anomaly] it 466: joint limit violated by 0.35 rad
[anomaly] it 466: contact penetration 2.6 cm
it  467 steps  45907968 sps   50,140 | ep_ret   17.71 ep_len  973.9 (n=39) | pg -0.005 vf 0.002 kl 0.0141 lr 1.1e-04
[anomaly] it 467: explained variance -0.55 < 0 after warm-up: value function not predicting returns
[anomaly] it 467: terminal-step reward dominates the episode: survival is being punished
[anomaly] it 467: joint limit violated by 0.38 rad
[anomaly] it 467: contact penetration 2.5 cm
it  468 steps  46006272 sps   50,139 | ep_ret   18.10 ep_len  978.6 (n=40) | pg -0.006 vf 0.001 kl 0.0120 lr 1.7e-04
[anomaly] it 468: explained variance -0.49 < 0 after warm-up: value function not predicting returns
[anomaly] it 468: joint limit violated by 0.36 rad
[anomaly] it 468: contact penetration 2.9 cm
it  469 steps  46104576 sps   50,139 | ep_ret   18.46 ep_len  991.7 (n=51) | pg -0.004 vf 0.002 kl 0.0135 lr 1.7e-04
[anomaly] it 469: explained variance -0.09 < 0 after warm-up: value function not predicting returns
[anomaly] it 469: terminal-step reward dominates the episode: survival is being punished
[anomaly] it 469: joint limit violated by 0.40 rad
[anomaly] it 469: contact penetration 2.7 cm
it  470 steps  46202880 sps   50,139 | ep_ret   18.64 ep_len 1000.0 (n=35) | pg -0.006 vf 0.002 kl 0.0138 lr 1.7e-04
[anomaly] it 470: explained variance -1.09 < 0 after warm-up: value function not predicting returns
[anomaly] it 470: joint limit violated by 0.35 rad
[anomaly] it 470: contact penetration 2.6 cm
it  471 steps  46301184 sps   50,140 | ep_ret   17.93 ep_len  977.5 (n=34) | pg -0.006 vf 0.002 kl 0.0134 lr 1.7e-04
[anomaly] it 471: explained variance -0.27 < 0 after warm-up: value function not predicting returns
[anomaly] it 471: terminal-step reward dominates the episode: survival is being punished
[anomaly] it 471: joint limit violated by 0.40 rad
[anomaly] it 471: contact penetration 3.3 cm
it  472 steps  46399488 sps   50,140 | ep_ret   18.36 ep_len  988.2 (n=34) | pg -0.003 vf 0.002 kl 0.0144 lr 1.7e-04
[anomaly] it 472: explained variance -0.63 < 0 after warm-up: value function not predicting returns
[anomaly] it 472: joint limit violated by 0.39 rad
[anomaly] it 472: contact penetration 2.6 cm
it  473 steps  46497792 sps   50,140 | ep_ret   17.92 ep_len  968.7 (n=35) | pg -0.006 vf 0.002 kl 0.0143 lr 1.7e-04
[anomaly] it 473: explained variance -0.00 < 0 after warm-up: value function not predicting returns
[anomaly] it 473: terminal-step reward dominates the episode: survival is being punished
[anomaly] it 473: joint limit violated by 0.41 rad
[anomaly] it 473: contact penetration 2.8 cm
it  474 steps  46596096 sps   50,141 | ep_ret   18.88 ep_len 1000.0 (n=20) | pg -0.005 vf 0.002 kl 0.0132 lr 1.7e-04
[anomaly] it 474: explained variance -0.38 < 0 after warm-up: value function not predicting returns
[anomaly] it 474: joint limit violated by 0.38 rad
[anomaly] it 474: contact penetration 2.5 cm
it  475 steps  46694400 sps   50,141 | ep_ret   18.79 ep_len 1000.0 (n=26) | pg -0.004 vf 0.002 kl 0.0127 lr 1.1e-04
[anomaly] it 475: explained variance -1.54 < 0 after warm-up: value function not predicting returns
[anomaly] it 475: joint limit violated by 0.44 rad
[anomaly] it 475: contact penetration 2.9 cm
it  476 steps  46792704 sps   50,141 | ep_ret   17.41 ep_len  957.3 (n=27) | pg -0.005 vf 0.002 kl 0.0129 lr 1.7e-04
[anomaly] it 476: explained variance -0.32 < 0 after warm-up: value function not predicting returns
[anomaly] it 476: terminal-step reward dominates the episode: survival is being punished
[anomaly] it 476: joint limit violated by 0.44 rad
[anomaly] it 476: contact penetration 2.9 cm
it  477 steps  46891008 sps   50,142 | ep_ret   18.11 ep_len  983.2 (n=37) | pg -0.006 vf 0.002 kl 0.0130 lr 1.1e-04
[anomaly] it 477: explained variance -0.21 < 0 after warm-up: value function not predicting returns
[anomaly] it 477: terminal-step reward dominates the episode: survival is being punished
[anomaly] it 477: joint limit violated by 0.41 rad
[anomaly] it 477: contact penetration 2.8 cm
it  478 steps  46989312 sps   50,143 | ep_ret   18.48 ep_len  986.2 (n=29) | pg -0.006 vf 0.001 kl 0.0121 lr 1.7e-04
[anomaly] it 478: explained variance -0.13 < 0 after warm-up: value function not predicting returns
[anomaly] it 478: joint limit violated by 0.40 rad
[anomaly] it 478: contact penetration 2.7 cm
it  479 steps  47087616 sps   50,144 | ep_ret   18.91 ep_len 1000.0 (n=34) | pg -0.007 vf 0.001 kl 0.0140 lr 2.6e-04
[anomaly] it 479: explained variance -0.15 < 0 after warm-up: value function not predicting returns
[anomaly] it 479: joint limit violated by 0.40 rad
[anomaly] it 479: contact penetration 2.8 cm
it  480 steps  47185920 sps   50,144 | ep_ret   18.82 ep_len 1000.0 (n=48) | pg -0.005 vf 0.001 kl 0.0158 lr 2.6e-04
[anomaly] it 480: explained variance -0.40 < 0 after warm-up: value function not predicting returns
[anomaly] it 480: joint limit violated by 0.40 rad
[anomaly] it 480: contact penetration 3.0 cm
it  481 steps  47284224 sps   50,145 | ep_ret   18.66 ep_len  992.7 (n=49) | pg -0.004 vf 0.001 kl 0.0133 lr 1.7e-04
[anomaly] it 481: terminal-step reward dominates the episode: survival is being punished
[anomaly] it 481: joint limit violated by 0.38 rad
[anomaly] it 481: contact penetration 2.7 cm
it  482 steps  47382528 sps   50,145 | ep_ret   18.99 ep_len 1000.0 (n=65) | pg -0.004 vf 0.003 kl 0.0148 lr 2.6e-04
[anomaly] it 482: explained variance -0.46 < 0 after warm-up: value function not predicting returns
[anomaly] it 482: joint limit violated by 0.34 rad
[anomaly] it 482: contact penetration 2.7 cm
it  483 steps  47480832 sps   50,146 | ep_ret   18.88 ep_len  993.8 (n=75) | pg -0.003 vf 0.002 kl 0.0136 lr 1.1e-04
[anomaly] it 483: explained variance -0.37 < 0 after warm-up: value function not predicting returns
[anomaly] it 483: terminal-step reward dominates the episode: survival is being punished
[anomaly] it 483: joint limit violated by 0.38 rad
[anomaly] it 483: contact penetration 2.7 cm
it  484 steps  47579136 sps   50,147 | ep_ret   18.77 ep_len  995.1 (n=81) | pg -0.005 vf 0.001 kl 0.0143 lr 2.6e-04
[anomaly] it 484: explained variance -0.32 < 0 after warm-up: value function not predicting returns
[anomaly] it 484: terminal-step reward dominates the episode: survival is being punished
[anomaly] it 484: joint limit violated by 0.38 rad
[anomaly] it 484: contact penetration 2.6 cm
it  485 steps  47677440 sps   50,148 | ep_ret   18.99 ep_len  995.6 (n=96) | pg -0.004 vf 0.001 kl 0.0125 lr 1.1e-04
[anomaly] it 485: explained variance -0.08 < 0 after warm-up: value function not predicting returns
[anomaly] it 485: terminal-step reward dominates the episode: survival is being punished
[anomaly] it 485: joint limit violated by 0.35 rad
[anomaly] it 485: contact penetration 2.5 cm
it  486 steps  47775744 sps   50,148 | ep_ret   19.11 ep_len 1000.0 (n=114) | pg -0.005 vf 0.001 kl 0.0150 lr 2.6e-04
[anomaly] it 486: explained variance -0.20 < 0 after warm-up: value function not predicting returns
[anomaly] it 486: joint limit violated by 0.40 rad
[anomaly] it 486: contact penetration 2.6 cm
it  487 steps  47874048 sps   50,149 | ep_ret   18.99 ep_len 1000.0 (n=120) | pg -0.001 vf 0.001 kl 0.0146 lr 7.6e-05
[anomaly] it 487: explained variance -0.46 < 0 after warm-up: value function not predicting returns
[anomaly] it 487: joint limit violated by 0.36 rad
[anomaly] it 487: contact penetration 2.6 cm
it  488 steps  47972352 sps   50,149 | ep_ret   19.18 ep_len  997.4 (n=152) | pg -0.004 vf 0.001 kl 0.0134 lr 1.7e-04
[anomaly] it 488: explained variance -0.30 < 0 after warm-up: value function not predicting returns
[anomaly] it 488: terminal-step reward dominates the episode: survival is being punished
[anomaly] it 488: joint limit violated by 0.39 rad
[anomaly] it 488: contact penetration 2.9 cm
it  489 steps  48070656 sps   50,150 | ep_ret   19.06 ep_len  998.9 (n=178) | pg -0.004 vf 0.001 kl 0.0133 lr 1.7e-04
[anomaly] it 489: explained variance -0.36 < 0 after warm-up: value function not predicting returns
[anomaly] it 489: terminal-step reward dominates the episode: survival is being punished
[anomaly] it 489: joint limit violated by 0.38 rad
[anomaly] it 489: contact penetration 2.8 cm
it  490 steps  48168960 sps   50,151 | ep_ret   19.20 ep_len 1000.0 (n=169) | pg -0.005 vf 0.001 kl 0.0131 lr 1.7e-04
[anomaly] it 490: explained variance -0.63 < 0 after warm-up: value function not predicting returns
[anomaly] it 490: joint limit violated by 0.43 rad
[anomaly] it 490: contact penetration 2.7 cm
it  491 steps  48267264 sps   50,152 | ep_ret   19.31 ep_len 1000.0 (n=160) | pg -0.006 vf 0.001 kl 0.0138 lr 2.6e-04
[anomaly] it 491: explained variance -1.04 < 0 after warm-up: value function not predicting returns
[anomaly] it 491: joint limit violated by 0.37 rad
[anomaly] it 491: contact penetration 2.6 cm
it  492 steps  48365568 sps   50,153 | ep_ret   19.06 ep_len  993.4 (n=176) | pg -0.000 vf 0.001 kl 0.0157 lr 7.6e-05
[anomaly] it 492: explained variance -0.36 < 0 after warm-up: value function not predicting returns
[anomaly] it 492: terminal-step reward dominates the episode: survival is being punished
[anomaly] it 492: joint limit violated by 0.38 rad
[anomaly] it 492: contact penetration 2.5 cm
it  493 steps  48463872 sps   50,154 | ep_ret   19.27 ep_len  997.7 (n=197) | pg -0.005 vf 0.002 kl 0.0125 lr 1.7e-04
[anomaly] it 493: explained variance -0.29 < 0 after warm-up: value function not predicting returns
[anomaly] it 493: terminal-step reward dominates the episode: survival is being punished
[anomaly] it 493: joint limit violated by 0.42 rad
[anomaly] it 493: contact penetration 2.8 cm
it  494 steps  48562176 sps   50,155 | ep_ret   19.15 ep_len  999.9 (n=207) | pg -0.004 vf 0.001 kl 0.0151 lr 2.6e-04
[anomaly] it 494: explained variance -0.24 < 0 after warm-up: value function not predicting returns
[anomaly] it 494: terminal-step reward dominates the episode: survival is being punished
[anomaly] it 494: joint limit violated by 0.38 rad
[anomaly] it 494: contact penetration 2.5 cm
it  495 steps  48660480 sps   50,157 | ep_ret   19.23 ep_len  996.1 (n=216) | pg -0.004 vf 0.001 kl 0.0157 lr 2.6e-04
[anomaly] it 495: explained variance -0.13 < 0 after warm-up: value function not predicting returns
[anomaly] it 495: terminal-step reward dominates the episode: survival is being punished
[anomaly] it 495: joint limit violated by 0.41 rad
[anomaly] it 495: contact penetration 2.8 cm
it  496 steps  48758784 sps   50,158 | ep_ret   19.46 ep_len 1000.0 (n=192) | pg -0.004 vf 0.002 kl 0.0155 lr 2.6e-04
[anomaly] it 496: explained variance -0.27 < 0 after warm-up: value function not predicting returns
[anomaly] it 496: joint limit violated by 0.35 rad
[anomaly] it 496: contact penetration 2.8 cm
it  497 steps  48857088 sps   50,159 | ep_ret   19.48 ep_len 1000.0 (n=176) | pg -0.004 vf 0.002 kl 0.0148 lr 2.6e-04
[anomaly] it 497: explained variance -0.49 < 0 after warm-up: value function not predicting returns
[anomaly] it 497: joint limit violated by 0.36 rad
[anomaly] it 497: contact penetration 2.5 cm
it  498 steps  48955392 sps   50,160 | ep_ret   19.30 ep_len  994.9 (n=167) | pg -0.003 vf 0.001 kl 0.0139 lr 1.1e-04
[anomaly] it 498: explained variance -0.35 < 0 after warm-up: value function not predicting returns
[anomaly] it 498: terminal-step reward dominates the episode: survival is being punished
[anomaly] it 498: joint limit violated by 0.35 rad
[anomaly] it 498: contact penetration 2.6 cm
it  499 steps  49053696 sps   50,160 | ep_ret   19.45 ep_len  998.1 (n=150) | pg -0.003 vf 0.002 kl 0.0129 lr 7.6e-05
[anomaly] it 499: explained variance -0.29 < 0 after warm-up: value function not predicting returns
[anomaly] it 499: terminal-step reward dominates the episode: survival is being punished
[anomaly] it 499: joint limit violated by 0.42 rad
[anomaly] it 499: contact penetration 2.8 cm
it  500 steps  49152000 sps   50,161 | ep_ret   19.20 ep_len  990.9 (n=141) | pg -0.005 vf 0.001 kl 0.0115 lr 1.7e-04
[anomaly] it 500: terminal-step reward dominates the episode: survival is being punished
[anomaly] it 500: joint limit violated by 0.35 rad
[anomaly] it 500: contact penetration 2.8 cm
it  501 steps  49250304 sps   50,162 | ep_ret   19.46 ep_len 1000.0 (n=151) | pg -0.006 vf 0.001 kl 0.0136 lr 2.6e-04
[anomaly] it 501: explained variance -0.54 < 0 after warm-up: value function not predicting returns
[anomaly] it 501: joint limit violated by 0.35 rad
[anomaly] it 501: contact penetration 2.4 cm
it  502 steps  49348608 sps   50,163 | ep_ret   19.35 ep_len  992.9 (n=120) | pg -0.003 vf 0.001 kl 0.0131 lr 1.7e-04
[anomaly] it 502: explained variance -0.09 < 0 after warm-up: value function not predicting returns
[anomaly] it 502: terminal-step reward dominates the episode: survival is being punished
[anomaly] it 502: joint limit violated by 0.36 rad
[anomaly] it 502: contact penetration 2.5 cm
it  503 steps  49446912 sps   50,163 | ep_ret   19.49 ep_len 1000.0 (n=110) | pg -0.004 vf 0.002 kl 0.0170 lr 2.6e-04
[anomaly] it 503: explained variance -0.72 < 0 after warm-up: value function not predicting returns
[anomaly] it 503: joint limit violated by 0.35 rad
[anomaly] it 503: contact penetration 2.6 cm
it  504 steps  49545216 sps   50,164 | ep_ret   19.42 ep_len  991.5 (n=99) | pg -0.002 vf 0.002 kl 0.0143 lr 7.6e-05
[anomaly] it 504: explained variance -0.48 < 0 after warm-up: value function not predicting returns
[anomaly] it 504: terminal-step reward dominates the episode: survival is being punished
[anomaly] it 504: joint limit violated by 0.37 rad
[anomaly] it 504: contact penetration 3.0 cm
it  505 steps  49643520 sps   50,164 | ep_ret   19.30 ep_len  989.8 (n=80) | pg -0.004 vf 0.002 kl 0.0148 lr 1.7e-04
[anomaly] it 505: explained variance -0.94 < 0 after warm-up: value function not predicting returns
[anomaly] it 505: terminal-step reward dominates the episode: survival is being punished
[anomaly] it 505: joint limit violated by 0.45 rad
[anomaly] it 505: contact penetration 2.5 cm
it  506 steps  49741824 sps   50,165 | ep_ret   19.14 ep_len  979.8 (n=72) | pg -0.004 vf 0.002 kl 0.0138 lr 7.6e-05
[anomaly] it 506: explained variance -0.43 < 0 after warm-up: value function not predicting returns
[anomaly] it 506: terminal-step reward dominates the episode: survival is being punished
[anomaly] it 506: joint limit violated by 0.36 rad
[anomaly] it 506: contact penetration 2.8 cm
it  507 steps  49840128 sps   50,165 | ep_ret   19.44 ep_len  988.1 (n=70) | pg -0.005 vf 0.001 kl 0.0125 lr 1.7e-04
[anomaly] it 507: explained variance -0.72 < 0 after warm-up: value function not predicting returns
[anomaly] it 507: terminal-step reward dominates the episode: survival is being punished
[anomaly] it 507: joint limit violated by 0.37 rad
[anomaly] it 507: contact penetration 2.9 cm
it  508 steps  49938432 sps   50,165 | ep_ret   19.11 ep_len  981.7 (n=55) | pg -0.004 vf 0.001 kl 0.0144 lr 1.7e-04
[anomaly] it 508: terminal-step reward dominates the episode: survival is being punished
[anomaly] it 508: joint limit violated by 0.40 rad
[anomaly] it 508: contact penetration 2.5 cm
it  509 steps  50036736 sps   50,166 | ep_ret   19.81 ep_len 1000.0 (n=40) | pg -0.004 vf 0.001 kl 0.0128 lr 1.7e-04
[anomaly] it 509: explained variance -0.11 < 0 after warm-up: value function not predicting returns
[anomaly] it 509: joint limit violated by 0.35 rad
[anomaly] it 509: contact penetration 2.8 cm
it  510 steps  50135040 sps   50,167 | ep_ret   19.80 ep_len 1000.0 (n=39) | pg -0.005 vf 0.001 kl 0.0138 lr 1.7e-04
[anomaly] it 510: explained variance -0.14 < 0 after warm-up: value function not predicting returns
[anomaly] it 510: joint limit violated by 0.38 rad
[anomaly] it 510: contact penetration 2.7 cm
it  511 steps  50233344 sps   50,167 | ep_ret   19.77 ep_len 1000.0 (n=54) | pg -0.005 vf 0.001 kl 0.0154 lr 2.6e-04
[anomaly] it 511: explained variance -0.13 < 0 after warm-up: value function not predicting returns
[anomaly] it 511: joint limit violated by 0.39 rad
[anomaly] it 511: contact penetration 2.6 cm
it  512 steps  50331648 sps   50,168 | ep_ret   19.84 ep_len 1000.0 (n=21) | pg -0.002 vf 0.001 kl 0.0161 lr 1.7e-04
[anomaly] it 512: explained variance -0.18 < 0 after warm-up: value function not predicting returns
[anomaly] it 512: joint limit violated by 0.43 rad
[anomaly] it 512: contact penetration 2.7 cm
it  513 steps  50429952 sps   50,169 | ep_ret   19.90 ep_len 1000.0 (n=36) | pg -0.004 vf 0.002 kl 0.0137 lr 1.7e-04
[anomaly] it 513: explained variance -0.49 < 0 after warm-up: value function not predicting returns
[anomaly] it 513: joint limit violated by 0.38 rad
[anomaly] it 513: contact penetration 2.9 cm
it  514 steps  50528256 sps   50,170 | ep_ret   19.43 ep_len  990.9 (n=38) | pg -0.004 vf 0.001 kl 0.0138 lr 1.1e-04
[anomaly] it 514: explained variance -0.01 < 0 after warm-up: value function not predicting returns
[anomaly] it 514: joint limit violated by 0.38 rad
[anomaly] it 514: contact penetration 2.5 cm
it  515 steps  50626560 sps   50,170 | ep_ret   20.07 ep_len 1000.0 (n=32) | pg -0.005 vf 0.002 kl 0.0131 lr 1.7e-04
[anomaly] it 515: explained variance -0.13 < 0 after warm-up: value function not predicting returns
[anomaly] it 515: joint limit violated by 0.40 rad
[anomaly] it 515: contact penetration 2.7 cm
it  516 steps  50724864 sps   50,171 | ep_ret   19.95 ep_len 1000.0 (n=19) | pg -0.004 vf 0.002 kl 0.0144 lr 1.7e-04
[anomaly] it 516: explained variance -0.38 < 0 after warm-up: value function not predicting returns
[anomaly] it 516: joint limit violated by 0.37 rad
[anomaly] it 516: contact penetration 2.8 cm
it  517 steps  50823168 sps   50,171 | ep_ret   19.88 ep_len 1000.0 (n=25) | pg -0.005 vf 0.002 kl 0.0131 lr 1.1e-04
[anomaly] it 517: explained variance -0.98 < 0 after warm-up: value function not predicting returns
[anomaly] it 517: joint limit violated by 0.48 rad
[anomaly] it 517: contact penetration 2.7 cm
it  518 steps  50921472 sps   50,172 | ep_ret   18.95 ep_len  962.8 (n=29) | pg -0.006 vf 0.002 kl 0.0151 lr 1.7e-04
[anomaly] it 518: explained variance -0.38 < 0 after warm-up: value function not predicting returns
[anomaly] it 518: terminal-step reward dominates the episode: survival is being punished
[anomaly] it 518: joint limit violated by 0.32 rad
[anomaly] it 518: contact penetration 3.5 cm
it  519 steps  51019776 sps   50,172 | ep_ret   19.70 ep_len  993.2 (n=41) | pg -0.003 vf 0.003 kl 0.0143 lr 7.6e-05
[anomaly] it 519: explained variance -0.59 < 0 after warm-up: value function not predicting returns
[anomaly] it 519: joint limit violated by 0.36 rad
[anomaly] it 519: contact penetration 3.0 cm
it  520 steps  51118080 sps   50,174 | ep_ret   19.11 ep_len  979.1 (n=36) | pg -0.004 vf 0.002 kl 0.0156 lr 1.7e-04
[anomaly] it 520: explained variance -0.42 < 0 after warm-up: value function not predicting returns
[anomaly] it 520: terminal-step reward dominates the episode: survival is being punished
[anomaly] it 520: joint limit violated by 0.34 rad
[anomaly] it 520: contact penetration 2.9 cm
it  521 steps  51216384 sps   50,174 | ep_ret   19.21 ep_len  981.6 (n=35) | pg -0.004 vf 0.002 kl 0.0144 lr 1.7e-04
[anomaly] it 521: explained variance -0.25 < 0 after warm-up: value function not predicting returns
[anomaly] it 521: terminal-step reward dominates the episode: survival is being punished
[anomaly] it 521: joint limit violated by 0.37 rad
[anomaly] it 521: contact penetration 2.7 cm
it  522 steps  51314688 sps   50,175 | ep_ret   20.00 ep_len  997.2 (n=47) | pg -0.003 vf 0.002 kl 0.0143 lr 1.7e-04
[anomaly] it 522: explained variance -0.18 < 0 after warm-up: value function not predicting returns
[anomaly] it 522: joint limit violated by 0.44 rad
[anomaly] it 522: contact penetration 2.4 cm
it  523 steps  51412992 sps   50,176 | ep_ret   20.25 ep_len 1000.0 (n=52) | pg -0.005 vf 0.002 kl 0.0139 lr 1.7e-04
[anomaly] it 523: explained variance -0.49 < 0 after warm-up: value function not predicting returns
[anomaly] it 523: joint limit violated by 0.34 rad
[anomaly] it 523: contact penetration 2.8 cm
it  524 steps  51511296 sps   50,177 | ep_ret   19.89 ep_len  994.7 (n=75) | pg -0.004 vf 0.001 kl 0.0141 lr 1.7e-04
[anomaly] it 524: explained variance -0.04 < 0 after warm-up: value function not predicting returns
[anomaly] it 524: terminal-step reward dominates the episode: survival is being punished
[anomaly] it 524: joint limit violated by 0.38 rad
[anomaly] it 524: contact penetration 3.5 cm
it  525 steps  51609600 sps   50,178 | ep_ret   20.16 ep_len 1000.0 (n=74) | pg -0.005 vf 0.001 kl 0.0147 lr 2.6e-04
[anomaly] it 525: explained variance -0.23 < 0 after warm-up: value function not predicting returns
[anomaly] it 525: joint limit violated by 0.37 rad
[anomaly] it 525: contact penetration 3.2 cm
it  526 steps  51707904 sps   50,179 | ep_ret   20.24 ep_len 1000.0 (n=89) | pg -0.003 vf 0.002 kl 0.0148 lr 1.7e-04
[anomaly] it 526: explained variance -0.29 < 0 after warm-up: value function not predicting returns
[anomaly] it 526: joint limit violated by 0.36 rad
[anomaly] it 526: contact penetration 2.6 cm
it  527 steps  51806208 sps   50,180 | ep_ret   20.28 ep_len 1000.0 (n=103) | pg -0.003 vf 0.002 kl 0.0138 lr 1.1e-04
[anomaly] it 527: explained variance -0.81 < 0 after warm-up: value function not predicting returns
[anomaly] it 527: joint limit violated by 0.34 rad
[anomaly] it 527: contact penetration 2.8 cm
it  528 steps  51904512 sps   50,181 | ep_ret   20.16 ep_len  996.7 (n=114) | pg -0.007 vf 0.001 kl 0.0109 lr 1.7e-04
[anomaly] it 528: explained variance -0.33 < 0 after warm-up: value function not predicting returns
[anomaly] it 528: terminal-step reward dominates the episode: survival is being punished
[anomaly] it 528: joint limit violated by 0.40 rad
[anomaly] it 528: contact penetration 2.7 cm
it  529 steps  52002816 sps   50,182 | ep_ret   20.08 ep_len  996.8 (n=122) | pg -0.006 vf 0.001 kl 0.0130 lr 1.7e-04
[anomaly] it 529: explained variance -0.10 < 0 after warm-up: value function not predicting returns
[anomaly] it 529: terminal-step reward dominates the episode: survival is being punished
[anomaly] it 529: joint limit violated by 0.32 rad
[anomaly] it 529: contact penetration 2.9 cm
it  530 steps  52101120 sps   50,182 | ep_ret   20.42 ep_len 1000.0 (n=172) | pg -0.007 vf 0.001 kl 0.0138 lr 2.6e-04
[anomaly] it 530: explained variance -0.11 < 0 after warm-up: value function not predicting returns
[anomaly] it 530: joint limit violated by 0.35 rad
[anomaly] it 530: contact penetration 2.8 cm
it  531 steps  52199424 sps   50,183 | ep_ret   20.40 ep_len 1000.0 (n=171) | pg -0.004 vf 0.001 kl 0.0136 lr 1.7e-04
[anomaly] it 531: explained variance -0.12 < 0 after warm-up: value function not predicting returns
[anomaly] it 531: joint limit violated by 0.36 rad
[anomaly] it 531: contact penetration 2.8 cm
it  532 steps  52297728 sps   50,184 | ep_ret   20.44 ep_len 1000.0 (n=166) | pg -0.004 vf 0.001 kl 0.0137 lr 1.7e-04
[anomaly] it 532: explained variance -0.14 < 0 after warm-up: value function not predicting returns
[anomaly] it 532: joint limit violated by 0.35 rad
[anomaly] it 532: contact penetration 2.7 cm
it  533 steps  52396032 sps   50,185 | ep_ret   20.38 ep_len 1000.0 (n=163) | pg -0.005 vf 0.001 kl 0.0149 lr 2.6e-04
[anomaly] it 533: explained variance -0.11 < 0 after warm-up: value function not predicting returns
[anomaly] it 533: joint limit violated by 0.33 rad
[anomaly] it 533: contact penetration 2.6 cm
it  534 steps  52494336 sps   50,185 | ep_ret   20.51 ep_len 1000.0 (n=165) | pg -0.002 vf 0.001 kl 0.0143 lr 7.6e-05
[anomaly] it 534: explained variance -0.10 < 0 after warm-up: value function not predicting returns
[anomaly] it 534: joint limit violated by 0.35 rad
[anomaly] it 534: contact penetration 2.6 cm
it  535 steps  52592640 sps   50,186 | ep_ret   20.46 ep_len 1000.0 (n=221) | pg -0.005 vf 0.001 kl 0.0121 lr 1.7e-04
[anomaly] it 535: explained variance -0.27 < 0 after warm-up: value function not predicting returns
[anomaly] it 535: joint limit violated by 0.33 rad
[anomaly] it 535: contact penetration 2.5 cm
it  536 steps  52690944 sps   50,187 | ep_ret   20.57 ep_len 1000.0 (n=204) | pg -0.004 vf 0.001 kl 0.0130 lr 1.7e-04
[anomaly] it 536: explained variance -0.51 < 0 after warm-up: value function not predicting returns
[anomaly] it 536: joint limit violated by 0.39 rad
[anomaly] it 536: contact penetration 2.8 cm
it  537 steps  52789248 sps   50,188 | ep_ret   20.44 ep_len  998.9 (n=205) | pg -0.005 vf 0.001 kl 0.0124 lr 1.7e-04
[anomaly] it 537: explained variance -0.09 < 0 after warm-up: value function not predicting returns
[anomaly] it 537: terminal-step reward dominates the episode: survival is being punished
[anomaly] it 537: joint limit violated by 0.35 rad
[anomaly] it 537: contact penetration 2.9 cm
it  538 steps  52887552 sps   50,189 | ep_ret   20.63 ep_len 1000.0 (n=183) | pg -0.004 vf 0.002 kl 0.0133 lr 1.7e-04
[anomaly] it 538: explained variance -0.29 < 0 after warm-up: value function not predicting returns
[anomaly] it 538: joint limit violated by 0.36 rad
[anomaly] it 538: contact penetration 2.8 cm
it  539 steps  52985856 sps   50,190 | ep_ret   20.54 ep_len  997.8 (n=173) | pg -0.004 vf 0.001 kl 0.0138 lr 2.6e-04
[anomaly] it 539: explained variance -0.33 < 0 after warm-up: value function not predicting returns
[anomaly] it 539: terminal-step reward dominates the episode: survival is being punished
[anomaly] it 539: joint limit violated by 0.37 rad
[anomaly] it 539: contact penetration 2.6 cm
it  540 steps  53084160 sps   50,190 | ep_ret   20.47 ep_len  995.2 (n=161) | pg 0.002 vf 0.001 kl 0.0165 lr 3.4e-05
[anomaly] it 540: explained variance -0.07 < 0 after warm-up: value function not predicting returns
[anomaly] it 540: terminal-step reward dominates the episode: survival is being punished
[anomaly] it 540: joint limit violated by 0.35 rad
[anomaly] it 540: contact penetration 2.7 cm
it  541 steps  53182464 sps   50,191 | ep_ret   20.71 ep_len 1000.0 (n=141) | pg -0.005 vf 0.002 kl 0.0086 lr 7.6e-05
[anomaly] it 541: explained variance -0.20 < 0 after warm-up: value function not predicting returns
[anomaly] it 541: joint limit violated by 0.36 rad
[anomaly] it 541: contact penetration 3.0 cm
it  542 steps  53280768 sps   50,193 | ep_ret   20.75 ep_len 1000.0 (n=152) | pg -0.005 vf 0.002 kl 0.0134 lr 1.7e-04
[anomaly] it 542: explained variance -0.74 < 0 after warm-up: value function not predicting returns
[anomaly] it 542: joint limit violated by 0.37 rad
[anomaly] it 542: contact penetration 2.5 cm
it  543 steps  53379072 sps   50,194 | ep_ret   20.56 ep_len  994.3 (n=142) | pg -0.003 vf 0.002 kl 0.0129 lr 1.1e-04
[anomaly] it 543: explained variance -1.13 < 0 after warm-up: value function not predicting returns
[anomaly] it 543: terminal-step reward dominates the episode: survival is being punished
[anomaly] it 543: joint limit violated by 0.36 rad
[anomaly] it 543: contact penetration 2.7 cm
it  544 steps  53477376 sps   50,195 | ep_ret   20.39 ep_len  986.4 (n=117) | pg -0.005 vf 0.002 kl 0.0124 lr 1.7e-04
[anomaly] it 544: explained variance -0.17 < 0 after warm-up: value function not predicting returns
[anomaly] it 544: terminal-step reward dominates the episode: survival is being punished
[anomaly] it 544: joint limit violated by 0.32 rad
[anomaly] it 544: contact penetration 2.5 cm
it  545 steps  53575680 sps   50,195 | ep_ret   20.75 ep_len  996.4 (n=105) | pg -0.003 vf 0.001 kl 0.0126 lr 1.1e-04
[anomaly] it 545: explained variance -0.31 < 0 after warm-up: value function not predicting returns
[anomaly] it 545: terminal-step reward dominates the episode: survival is being punished
[anomaly] it 545: joint limit violated by 0.38 rad
[anomaly] it 545: contact penetration 2.6 cm
it  546 steps  53673984 sps   50,196 | ep_ret   20.51 ep_len  990.8 (n=98) | pg -0.005 vf 0.003 kl 0.0133 lr 1.1e-04
[anomaly] it 546: explained variance -0.48 < 0 after warm-up: value function not predicting returns
[anomaly] it 546: terminal-step reward dominates the episode: survival is being punished
[anomaly] it 546: joint limit violated by 0.40 rad
[anomaly] it 546: contact penetration 2.4 cm
it  547 steps  53772288 sps   50,197 | ep_ret   20.26 ep_len  976.7 (n=70) | pg -0.003 vf 0.003 kl 0.0139 lr 5.1e-05
[anomaly] it 547: explained variance -0.47 < 0 after warm-up: value function not predicting returns
[anomaly] it 547: terminal-step reward dominates the episode: survival is being punished
[anomaly] it 547: joint limit violated by 0.40 rad
[anomaly] it 547: contact penetration 2.5 cm
it  548 steps  53870592 sps   50,198 | ep_ret   20.47 ep_len  979.9 (n=76) | pg -0.004 vf 0.003 kl 0.0127 lr 1.1e-04
[anomaly] it 548: explained variance -0.85 < 0 after warm-up: value function not predicting returns
[anomaly] it 548: terminal-step reward dominates the episode: survival is being punished
[anomaly] it 548: joint limit violated by 0.40 rad
[anomaly] it 548: contact penetration 2.6 cm
it  549 steps  53968896 sps   50,199 | ep_ret   20.53 ep_len  984.9 (n=63) | pg -0.005 vf 0.002 kl 0.0125 lr 1.7e-04
[anomaly] it 549: explained variance -1.17 < 0 after warm-up: value function not predicting returns
[anomaly] it 549: terminal-step reward dominates the episode: survival is being punished
[anomaly] it 549: joint limit violated by 0.43 rad
[anomaly] it 549: contact penetration 2.6 cm
it  550 steps  54067200 sps   50,200 | ep_ret   20.03 ep_len  968.1 (n=54) | pg -0.004 vf 0.003 kl 0.0153 lr 1.7e-04
[anomaly] it 550: terminal-step reward dominates the episode: survival is being punished
[anomaly] it 550: joint limit violated by 0.37 rad
[anomaly] it 550: contact penetration 2.6 cm
it  551 steps  54165504 sps   50,201 | ep_ret   20.93 ep_len 1000.0 (n=41) | pg -0.004 vf 0.002 kl 0.0134 lr 1.1e-04
[anomaly] it 551: explained variance -0.62 < 0 after warm-up: value function not predicting returns
[anomaly] it 551: joint limit violated by 0.41 rad
[anomaly] it 551: contact penetration 3.1 cm
it  552 steps  54263808 sps   50,202 | ep_ret   20.37 ep_len  981.1 (n=44) | pg -0.006 vf 0.001 kl 0.0150 lr 2.6e-04
[anomaly] it 552: terminal-step reward dominates the episode: survival is being punished
[anomaly] it 552: joint limit violated by 0.38 rad
[anomaly] it 552: contact penetration 2.6 cm
it  553 steps  54362112 sps   50,204 | ep_ret   20.87 ep_len 1000.0 (n=48) | pg -0.003 vf 0.002 kl 0.0153 lr 1.1e-04
[anomaly] it 553: explained variance -0.31 < 0 after warm-up: value function not predicting returns
[anomaly] it 553: joint limit violated by 0.35 rad
[anomaly] it 553: contact penetration 2.5 cm
it  554 steps  54460416 sps   50,205 | ep_ret   20.36 ep_len  985.2 (n=29) | pg -0.005 vf 0.001 kl 0.0131 lr 1.7e-04
[anomaly] it 554: explained variance -0.22 < 0 after warm-up: value function not predicting returns
[anomaly] it 554: joint limit violated by 0.34 rad
[anomaly] it 554: contact penetration 2.6 cm
it  555 steps  54558720 sps   50,206 | ep_ret   20.53 ep_len  987.3 (n=32) | pg -0.005 vf 0.001 kl 0.0148 lr 1.7e-04
[anomaly] it 555: explained variance -0.29 < 0 after warm-up: value function not predicting returns
[anomaly] it 555: joint limit violated by 0.48 rad
[anomaly] it 555: contact penetration 2.6 cm
it  556 steps  54657024 sps   50,207 | ep_ret   20.38 ep_len  979.1 (n=41) | pg -0.005 vf 0.001 kl 0.0139 lr 1.7e-04
[anomaly] it 556: joint limit violated by 0.37 rad
[anomaly] it 556: contact penetration 2.5 cm
it  557 steps  54755328 sps   50,208 | ep_ret   21.33 ep_len 1000.0 (n=24) | pg -0.005 vf 0.001 kl 0.0158 lr 2.6e-04
[anomaly] it 557: explained variance -0.11 < 0 after warm-up: value function not predicting returns
[anomaly] it 557: joint limit violated by 0.35 rad
[anomaly] it 557: contact penetration 2.8 cm
it  558 steps  54853632 sps   50,210 | ep_ret   20.94 ep_len 1000.0 (n=19) | pg -0.003 vf 0.002 kl 0.0146 lr 7.6e-05
[anomaly] it 558: explained variance -0.26 < 0 after warm-up: value function not predicting returns
[anomaly] it 558: joint limit violated by 0.37 rad
[anomaly] it 558: contact penetration 2.9 cm
it  559 steps  54951936 sps   50,211 | ep_ret   21.17 ep_len 1000.0 (n=27) | pg -0.004 vf 0.002 kl 0.0130 lr 1.1e-04
[anomaly] it 559: explained variance -0.70 < 0 after warm-up: value function not predicting returns
[anomaly] it 559: joint limit violated by 0.33 rad
[anomaly] it 559: contact penetration 2.6 cm
it  560 steps  55050240 sps   50,212 | ep_ret   21.00 ep_len  988.6 (n=34) | pg -0.005 vf 0.002 kl 0.0127 lr 1.7e-04
[anomaly] it 560: explained variance -0.47 < 0 after warm-up: value function not predicting returns
[anomaly] it 560: joint limit violated by 0.35 rad
[anomaly] it 560: contact penetration 2.6 cm
it  561 steps  55148544 sps   50,213 | ep_ret   20.27 ep_len  978.5 (n=37) | pg -0.004 vf 0.002 kl 0.0129 lr 1.1e-04
[anomaly] it 561: explained variance -0.09 < 0 after warm-up: value function not predicting returns
[anomaly] it 561: terminal-step reward dominates the episode: survival is being punished
[anomaly] it 561: joint limit violated by 0.42 rad
[anomaly] it 561: contact penetration 2.5 cm
it  562 steps  55246848 sps   50,214 | ep_ret   21.28 ep_len 1000.0 (n=36) | pg -0.004 vf 0.002 kl 0.0137 lr 1.7e-04
[anomaly] it 562: explained variance -1.06 < 0 after warm-up: value function not predicting returns
[anomaly] it 562: joint limit violated by 0.35 rad
[anomaly] it 562: contact penetration 2.9 cm
it  563 steps  55345152 sps   50,215 | ep_ret   20.66 ep_len  987.5 (n=46) | pg -0.003 vf 0.002 kl 0.0139 lr 7.6e-05
[anomaly] it 563: explained variance -0.63 < 0 after warm-up: value function not predicting returns
[anomaly] it 563: terminal-step reward dominates the episode: survival is being punished
[anomaly] it 563: joint limit violated by 0.34 rad
[anomaly] it 563: contact penetration 3.3 cm
it  564 steps  55443456 sps   50,215 | ep_ret   20.68 ep_len  981.9 (n=47) | pg -0.004 vf 0.002 kl 0.0116 lr 7.6e-05
[anomaly] it 564: explained variance -0.06 < 0 after warm-up: value function not predicting returns
[anomaly] it 564: terminal-step reward dominates the episode: survival is being punished
[anomaly] it 564: joint limit violated by 0.36 rad
[anomaly] it 564: contact penetration 2.6 cm
it  565 steps  55541760 sps   50,217 | ep_ret   21.33 ep_len 1000.0 (n=60) | pg -0.005 vf 0.001 kl 0.0131 lr 1.7e-04
[anomaly] it 565: explained variance -0.99 < 0 after warm-up: value function not predicting returns
[anomaly] it 565: joint limit violated by 0.35 rad
[anomaly] it 565: contact penetration 2.8 cm
it  566 steps  55640064 sps   50,218 | ep_ret   20.85 ep_len  989.4 (n=77) | pg -0.005 vf 0.001 kl 0.0150 lr 2.6e-04
[anomaly] it 566: explained variance -0.06 < 0 after warm-up: value function not predicting returns
[anomaly] it 566: terminal-step reward dominates the episode: survival is being punished
[anomaly] it 566: joint limit violated by 0.34 rad
[anomaly] it 566: contact penetration 2.4 cm
it  567 steps  55738368 sps   50,219 | ep_ret   21.55 ep_len 1000.0 (n=84) | pg -0.005 vf 0.001 kl 0.0141 lr 1.7e-04
[anomaly] it 567: explained variance -0.11 < 0 after warm-up: value function not predicting returns
[anomaly] it 567: joint limit violated by 0.40 rad
[anomaly] it 567: contact penetration 2.9 cm
it  568 steps  55836672 sps   50,220 | ep_ret   21.34 ep_len 1000.0 (n=81) | pg -0.001 vf 0.002 kl 0.0152 lr 1.1e-04
[anomaly] it 568: explained variance -0.32 < 0 after warm-up: value function not predicting returns
[anomaly] it 568: joint limit violated by 0.35 rad
[anomaly] it 568: contact penetration 2.7 cm
it  569 steps  55934976 sps   50,221 | ep_ret   21.36 ep_len  996.1 (n=114) | pg -0.002 vf 0.001 kl 0.0139 lr 1.7e-04
[anomaly] it 569: terminal-step reward dominates the episode: survival is being punished
[anomaly] it 569: joint limit violated by 0.34 rad
[anomaly] it 569: contact penetration 2.6 cm
it  570 steps  56033280 sps   50,222 | ep_ret   21.57 ep_len 1000.0 (n=119) | pg 0.001 vf 0.001 kl 0.0144 lr 5.1e-05
[anomaly] it 570: explained variance -0.12 < 0 after warm-up: value function not predicting returns
[anomaly] it 570: joint limit violated by 0.39 rad
[anomaly] it 570: contact penetration 2.8 cm
it  571 steps  56131584 sps   50,224 | ep_ret   21.40 ep_len 1000.0 (n=126) | pg -0.007 vf 0.001 kl 0.0100 lr 1.1e-04
[anomaly] it 571: explained variance -0.12 < 0 after warm-up: value function not predicting returns
[anomaly] it 571: joint limit violated by 0.36 rad
[anomaly] it 571: contact penetration 2.5 cm
it  572 steps  56229888 sps   50,225 | ep_ret   21.43 ep_len 1000.0 (n=187) | pg -0.006 vf 0.001 kl 0.0116 lr 1.7e-04
[anomaly] it 572: explained variance -0.12 < 0 after warm-up: value function not predicting returns
[anomaly] it 572: joint limit violated by 0.35 rad
[anomaly] it 572: contact penetration 2.6 cm
it  573 steps  56328192 sps   50,226 | ep_ret   21.42 ep_len 1000.0 (n=158) | pg -0.005 vf 0.001 kl 0.0147 lr 2.6e-04
[anomaly] it 573: explained variance -0.11 < 0 after warm-up: value function not predicting returns
[anomaly] it 573: joint limit violated by 0.32 rad
[anomaly] it 573: contact penetration 2.8 cm
it  574 steps  56426496 sps   50,227 | ep_ret   21.53 ep_len 1000.0 (n=171) | pg -0.003 vf 0.001 kl 0.0153 lr 1.7e-04
[anomaly] it 574: explained variance -0.11 < 0 after warm-up: value function not predicting returns
[anomaly] it 574: joint limit violated by 0.35 rad
[anomaly] it 574: contact penetration 2.6 cm
it  575 steps  56524800 sps   50,228 | ep_ret   21.56 ep_len 1000.0 (n=162) | pg -0.003 vf 0.001 kl 0.0133 lr 1.7e-04
[anomaly] it 575: explained variance -0.11 < 0 after warm-up: value function not predicting returns
[anomaly] it 575: joint limit violated by 0.40 rad
[anomaly] it 575: contact penetration 2.7 cm
it  576 steps  56623104 sps   50,229 | ep_ret   21.53 ep_len 1000.0 (n=179) | pg 0.001 vf 0.001 kl 0.0138 lr 5.1e-05
[anomaly] it 576: explained variance -0.11 < 0 after warm-up: value function not predicting returns
[anomaly] it 576: joint limit violated by 0.38 rad
[anomaly] it 576: contact penetration 2.8 cm
it  577 steps  56721408 sps   50,230 | ep_ret   21.60 ep_len 1000.0 (n=212) | pg -0.005 vf 0.001 kl 0.0097 lr 1.1e-04
[anomaly] it 577: explained variance -0.12 < 0 after warm-up: value function not predicting returns
[anomaly] it 577: joint limit violated by 0.35 rad
[anomaly] it 577: contact penetration 3.1 cm
it  578 steps  56819712 sps   50,231 | ep_ret   21.60 ep_len 1000.0 (n=211) | pg -0.005 vf 0.001 kl 0.0141 lr 1.7e-04
[anomaly] it 578: explained variance -0.44 < 0 after warm-up: value function not predicting returns
[anomaly] it 578: joint limit violated by 0.37 rad
[anomaly] it 578: contact penetration 2.6 cm
it  579 steps  56918016 sps   50,233 | ep_ret   21.52 ep_len  995.4 (n=198) | pg -0.003 vf 0.002 kl 0.0142 lr 1.1e-04
[anomaly] it 579: explained variance -0.16 < 0 after warm-up: value function not predicting returns
[anomaly] it 579: terminal-step reward dominates the episode: survival is being punished
[anomaly] it 579: joint limit violated by 0.34 rad
[anomaly] it 579: contact penetration 2.7 cm
it  580 steps  57016320 sps   50,234 | ep_ret   21.69 ep_len 1000.0 (n=175) | pg -0.003 vf 0.003 kl 0.0137 lr 7.6e-05
[anomaly] it 580: explained variance -1.41 < 0 after warm-up: value function not predicting returns
[anomaly] it 580: joint limit violated by 0.36 rad
[anomaly] it 580: contact penetration 2.6 cm
it  581 steps  57114624 sps   50,235 | ep_ret   21.13 ep_len  981.8 (n=168) | pg -0.004 vf 0.002 kl 0.0124 lr 7.6e-05
[anomaly] it 581: explained variance -0.38 < 0 after warm-up: value function not predicting returns
[anomaly] it 581: terminal-step reward dominates the episode: survival is being punished
[anomaly] it 581: joint limit violated by 0.35 rad
[anomaly] it 581: contact penetration 2.7 cm
it  582 steps  57212928 sps   50,236 | ep_ret   21.44 ep_len  992.5 (n=151) | pg -0.003 vf 0.002 kl 0.0141 lr 1.1e-04
[anomaly] it 582: explained variance -0.52 < 0 after warm-up: value function not predicting returns
[anomaly] it 582: terminal-step reward dominates the episode: survival is being punished
[anomaly] it 582: joint limit violated by 0.37 rad
[anomaly] it 582: contact penetration 2.7 cm
it  583 steps  57311232 sps   50,237 | ep_ret   21.26 ep_len  987.6 (n=138) | pg -0.003 vf 0.001 kl 0.0125 lr 1.1e-04
[anomaly] it 583: explained variance -0.22 < 0 after warm-up: value function not predicting returns
[anomaly] it 583: terminal-step reward dominates the episode: survival is being punished
[anomaly] it 583: joint limit violated by 0.36 rad
[anomaly] it 583: contact penetration 2.8 cm
it  584 steps  57409536 sps   50,239 | ep_ret   21.72 ep_len  997.8 (n=161) | pg -0.005 vf 0.001 kl 0.0112 lr 1.7e-04
[anomaly] it 584: explained variance -0.14 < 0 after warm-up: value function not predicting returns
[anomaly] it 584: terminal-step reward dominates the episode: survival is being punished
[anomaly] it 584: joint limit violated by 0.38 rad
[anomaly] it 584: contact penetration 2.8 cm
it  585 steps  57507840 sps   50,240 | ep_ret   21.72 ep_len 1000.0 (n=135) | pg -0.003 vf 0.002 kl 0.0153 lr 1.7e-04
[anomaly] it 585: explained variance -0.69 < 0 after warm-up: value function not predicting returns
[anomaly] it 585: joint limit violated by 0.31 rad
[anomaly] it 585: contact penetration 2.9 cm
it  586 steps  57606144 sps   50,241 | ep_ret   21.60 ep_len  992.0 (n=110) | pg -0.003 vf 0.002 kl 0.0139 lr 1.1e-04
[anomaly] it 586: explained variance -0.73 < 0 after warm-up: value function not predicting returns
[anomaly] it 586: terminal-step reward dominates the episode: survival is being punished
[anomaly] it 586: joint limit violated by 0.41 rad
[anomaly] it 586: contact penetration 2.5 cm
it  587 steps  57704448 sps   50,242 | ep_ret   21.51 ep_len  985.5 (n=99) | pg -0.004 vf 0.002 kl 0.0132 lr 1.7e-04
[anomaly] it 587: explained variance -0.05 < 0 after warm-up: value function not predicting returns
[anomaly] it 587: terminal-step reward dominates the episode: survival is being punished
[anomaly] it 587: joint limit violated by 0.40 rad
[anomaly] it 587: contact penetration 2.7 cm
it  588 steps  57802752 sps   50,243 | ep_ret   21.83 ep_len 1000.0 (n=94) | pg -0.003 vf 0.002 kl 0.0150 lr 1.7e-04
[anomaly] it 588: explained variance -0.68 < 0 after warm-up: value function not predicting returns
[anomaly] it 588: joint limit violated by 0.33 rad
[anomaly] it 588: contact penetration 2.9 cm
it  589 steps  57901056 sps   50,244 | ep_ret   21.22 ep_len  977.0 (n=67) | pg -0.003 vf 0.002 kl 0.0150 lr 1.7e-04
[anomaly] it 589: explained variance -0.20 < 0 after warm-up: value function not predicting returns
[anomaly] it 589: terminal-step reward dominates the episode: survival is being punished
[anomaly] it 589: joint limit violated by 0.35 rad
[anomaly] it 589: contact penetration 3.0 cm
it  590 steps  57999360 sps   50,245 | ep_ret   21.71 ep_len  994.8 (n=78) | pg -0.003 vf 0.002 kl 0.0130 lr 1.1e-04
[anomaly] it 590: explained variance -0.41 < 0 after warm-up: value function not predicting returns
[anomaly] it 590: terminal-step reward dominates the episode: survival is being punished
[anomaly] it 590: joint limit violated by 0.34 rad
[anomaly] it 590: contact penetration 2.7 cm
it  591 steps  58097664 sps   50,246 | ep_ret   21.49 ep_len  983.1 (n=67) | pg -0.006 vf 0.002 kl 0.0130 lr 1.7e-04
[anomaly] it 591: explained variance -0.05 < 0 after warm-up: value function not predicting returns
[anomaly] it 591: terminal-step reward dominates the episode: survival is being punished
[anomaly] it 591: joint limit violated by 0.34 rad
[anomaly] it 591: contact penetration 2.5 cm
it  592 steps  58195968 sps   50,246 | ep_ret   21.61 ep_len  990.1 (n=42) | pg -0.003 vf 0.003 kl 0.0148 lr 1.1e-04
[anomaly] it 592: explained variance -0.31 < 0 after warm-up: value function not predicting returns
[anomaly] it 592: joint limit violated by 0.33 rad
[anomaly] it 592: contact penetration 2.6 cm
it  593 steps  58294272 sps   50,247 | ep_ret   21.06 ep_len  972.9 (n=43) | pg -0.004 vf 0.002 kl 0.0139 lr 1.7e-04
[anomaly] it 593: terminal-step reward dominates the episode: survival is being punished
[anomaly] it 593: joint limit violated by 0.36 rad
[anomaly] it 593: contact penetration 2.7 cm
it  594 steps  58392576 sps   50,248 | ep_ret   21.94 ep_len 1000.0 (n=51) | pg -0.005 vf 0.001 kl 0.0159 lr 2.6e-04
[anomaly] it 594: explained variance -0.54 < 0 after warm-up: value function not predicting returns
[anomaly] it 594: joint limit violated by 0.37 rad
[anomaly] it 594: contact penetration 2.5 cm
it  595 steps  58490880 sps   50,249 | ep_ret   21.43 ep_len  989.7 (n=34) | pg -0.004 vf 0.004 kl 0.0131 lr 5.1e-05
[anomaly] it 595: explained variance -0.35 < 0 after warm-up: value function not predicting returns
[anomaly] it 595: joint limit violated by 0.33 rad
[anomaly] it 595: contact penetration 2.5 cm
it  596 steps  58589184 sps   50,250 | ep_ret   21.94 ep_len 1000.0 (n=34) | pg -0.005 vf 0.002 kl 0.0135 lr 1.1e-04
[anomaly] it 596: explained variance -1.22 < 0 after warm-up: value function not predicting returns
[anomaly] it 596: joint limit violated by 0.43 rad
[anomaly] it 596: contact penetration 2.4 cm
it  597 steps  58687488 sps   50,251 | ep_ret   21.03 ep_len  967.9 (n=38) | pg -0.004 vf 0.002 kl 0.0129 lr 1.1e-04
[anomaly] it 597: explained variance -0.25 < 0 after warm-up: value function not predicting returns
[anomaly] it 597: terminal-step reward dominates the episode: survival is being punished
[anomaly] it 597: joint limit violated by 0.32 rad
[anomaly] it 597: contact penetration 2.7 cm
it  598 steps  58785792 sps   50,253 | ep_ret   21.69 ep_len  988.7 (n=37) | pg -0.004 vf 0.004 kl 0.0153 lr 1.7e-04
[anomaly] it 598: explained variance -0.57 < 0 after warm-up: value function not predicting returns
[anomaly] it 598: joint limit violated by 0.33 rad
[anomaly] it 598: contact penetration 2.8 cm
it  599 steps  58884096 sps   50,253 | ep_ret   20.04 ep_len  942.3 (n=22) | pg -0.004 vf 0.002 kl 0.0135 lr 1.1e-04
[anomaly] it 599: explained variance -0.06 < 0 after warm-up: value function not predicting returns
[anomaly] it 599: terminal-step reward dominates the episode: survival is being punished
[anomaly] it 599: joint limit violated by 0.36 rad
[anomaly] it 599: contact penetration 2.4 cm
it  600 steps  58982400 sps   50,255 | ep_ret   21.44 ep_len  983.1 (n=25) | pg -0.004 vf 0.004 kl 0.0127 lr 7.6e-05
[anomaly] it 600: explained variance -0.18 < 0 after warm-up: value function not predicting returns
[anomaly] it 600: joint limit violated by 0.37 rad
[anomaly] it 600: contact penetration 2.6 cm
it  601 steps  59080704 sps   50,256 | ep_ret   22.18 ep_len 1000.0 (n=29) | pg -0.003 vf 0.005 kl 0.0149 lr 1.1e-04
[anomaly] it 601: explained variance -1.60 < 0 after warm-up: value function not predicting returns
[anomaly] it 601: joint limit violated by 0.42 rad
[anomaly] it 601: contact penetration 2.9 cm
it  602 steps  59179008 sps   50,257 | ep_ret   20.32 ep_len  952.3 (n=43) | pg -0.005 vf 0.001 kl 0.0136 lr 1.7e-04
[anomaly] it 602: explained variance -0.12 < 0 after warm-up: value function not predicting returns
[anomaly] it 602: terminal-step reward dominates the episode: survival is being punished
[anomaly] it 602: joint limit violated by 0.35 rad
[anomaly] it 602: contact penetration 2.6 cm
it  603 steps  59277312 sps   50,258 | ep_ret   21.72 ep_len  987.7 (n=30) | pg -0.005 vf 0.001 kl 0.0141 lr 1.7e-04
[anomaly] it 603: explained variance -0.11 < 0 after warm-up: value function not predicting returns
[anomaly] it 603: joint limit violated by 0.35 rad
[anomaly] it 603: contact penetration 2.5 cm
it  604 steps  59375616 sps   50,259 | ep_ret   22.28 ep_len 1000.0 (n=38) | pg -0.002 vf 0.001 kl 0.0144 lr 1.1e-04
[anomaly] it 604: explained variance -0.17 < 0 after warm-up: value function not predicting returns
[anomaly] it 604: joint limit violated by 0.39 rad
[anomaly] it 604: contact penetration 2.4 cm
it  605 steps  59473920 sps   50,260 | ep_ret   22.15 ep_len 1000.0 (n=51) | pg -0.005 vf 0.001 kl 0.0143 lr 1.7e-04
[anomaly] it 605: explained variance -0.16 < 0 after warm-up: value function not predicting returns
[anomaly] it 605: joint limit violated by 0.36 rad
[anomaly] it 605: contact penetration 2.5 cm
it  606 steps  59572224 sps   50,261 | ep_ret   22.30 ep_len 1000.0 (n=50) | pg -0.004 vf 0.001 kl 0.0156 lr 2.6e-04
[anomaly] it 606: explained variance -0.12 < 0 after warm-up: value function not predicting returns
[anomaly] it 606: joint limit violated by 0.35 rad
[anomaly] it 606: contact penetration 2.5 cm
it  607 steps  59670528 sps   50,262 | ep_ret   22.15 ep_len 1000.0 (n=66) | pg -0.004 vf 0.001 kl 0.0158 lr 1.7e-04
[anomaly] it 607: explained variance -0.14 < 0 after warm-up: value function not predicting returns
[anomaly] it 607: joint limit violated by 0.41 rad
[anomaly] it 607: contact penetration 2.7 cm
it  608 steps  59768832 sps   50,264 | ep_ret   22.35 ep_len 1000.0 (n=74) | pg -0.004 vf 0.001 kl 0.0145 lr 1.7e-04
[anomaly] it 608: explained variance -0.12 < 0 after warm-up: value function not predicting returns
[anomaly] it 608: joint limit violated by 0.34 rad
[anomaly] it 608: contact penetration 2.7 cm
it  609 steps  59867136 sps   50,265 | ep_ret   22.24 ep_len 1000.0 (n=79) | pg -0.003 vf 0.001 kl 0.0145 lr 1.7e-04
[anomaly] it 609: explained variance -0.23 < 0 after warm-up: value function not predicting returns
[anomaly] it 609: joint limit violated by 0.36 rad
[anomaly] it 609: contact penetration 2.5 cm
it  610 steps  59965440 sps   50,266 | ep_ret   22.27 ep_len 1000.0 (n=94) | pg -0.003 vf 0.001 kl 0.0133 lr 1.7e-04
[anomaly] it 610: explained variance -0.68 < 0 after warm-up: value function not predicting returns
[anomaly] it 610: joint limit violated by 0.38 rad
[anomaly] it 610: contact penetration 2.8 cm
it  611 steps  60063744 sps   50,267 | ep_ret   22.14 ep_len  993.2 (n=115) | pg -0.005 vf 0.001 kl 0.0137 lr 1.7e-04
[anomaly] it 611: terminal-step reward dominates the episode: survival is being punished
[anomaly] it 611: joint limit violated by 0.36 rad
[anomaly] it 611: contact penetration 2.7 cm
it  612 steps  60162048 sps   50,268 | ep_ret   22.18 ep_len 1000.0 (n=118) | pg -0.004 vf 0.002 kl 0.0122 lr 1.1e-04
[anomaly] it 612: explained variance -0.26 < 0 after warm-up: value function not predicting returns
[anomaly] it 612: joint limit violated by 0.35 rad
[anomaly] it 612: contact penetration 2.8 cm
it  613 steps  60260352 sps   50,269 | ep_ret   22.14 ep_len  996.4 (n=150) | pg -0.003 vf 0.001 kl 0.0143 lr 1.7e-04
[anomaly] it 613: explained variance -0.36 < 0 after warm-up: value function not predicting returns
[anomaly] it 613: terminal-step reward dominates the episode: survival is being punished
[anomaly] it 613: joint limit violated by 0.31 rad
[anomaly] it 613: contact penetration 2.7 cm
it  614 steps  60358656 sps   50,271 | ep_ret   22.05 ep_len  993.4 (n=175) | pg -0.002 vf 0.001 kl 0.0146 lr 1.1e-04
[anomaly] it 614: terminal-step reward dominates the episode: survival is being punished
[anomaly] it 614: joint limit violated by 0.35 rad
[anomaly] it 614: contact penetration 2.5 cm
it  615 steps  60456960 sps   50,272 | ep_ret   22.26 ep_len 1000.0 (n=160) | pg -0.002 vf 0.001 kl 0.0126 lr 1.1e-04
[anomaly] it 615: explained variance -0.20 < 0 after warm-up: value function not predicting returns
[anomaly] it 615: joint limit violated by 0.33 rad
[anomaly] it 615: contact penetration 3.1 cm
it  616 steps  60555264 sps   50,273 | ep_ret   22.28 ep_len 1000.0 (n=156) | pg -0.004 vf 0.001 kl 0.0112 lr 1.1e-04
[anomaly] it 616: explained variance -0.43 < 0 after warm-up: value function not predicting returns
[anomaly] it 616: joint limit violated by 0.33 rad
[anomaly] it 616: contact penetration 2.8 cm
it  617 steps  60653568 sps   50,274 | ep_ret   22.30 ep_len  998.0 (n=172) | pg -0.006 vf 0.001 kl 0.0124 lr 1.7e-04
[anomaly] it 617: explained variance -0.04 < 0 after warm-up: value function not predicting returns
[anomaly] it 617: terminal-step reward dominates the episode: survival is being punished
[anomaly] it 617: joint limit violated by 0.36 rad
[anomaly] it 617: contact penetration 2.8 cm
it  618 steps  60751872 sps   50,275 | ep_ret   22.43 ep_len 1000.0 (n=188) | pg -0.003 vf 0.001 kl 0.0150 lr 1.7e-04
[anomaly] it 618: explained variance -0.41 < 0 after warm-up: value function not predicting returns
[anomaly] it 618: joint limit violated by 0.37 rad
[anomaly] it 618: contact penetration 2.7 cm
it  619 steps  60850176 sps   50,277 | ep_ret   22.36 ep_len  999.6 (n=203) | pg 0.000 vf 0.001 kl 0.0149 lr 7.6e-05
[anomaly] it 619: explained variance -0.03 < 0 after warm-up: value function not predicting returns
[anomaly] it 619: terminal-step reward dominates the episode: survival is being punished
[anomaly] it 619: joint limit violated by 0.37 rad
[anomaly] it 619: contact penetration 2.6 cm
it  620 steps  60948480 sps   50,278 | ep_ret   22.37 ep_len 1000.0 (n=216) | pg -0.006 vf 0.001 kl 0.0096 lr 1.1e-04
[anomaly] it 620: explained variance -0.09 < 0 after warm-up: value function not predicting returns
[anomaly] it 620: joint limit violated by 0.34 rad
[anomaly] it 620: contact penetration 3.2 cm
it  621 steps  61046784 sps   50,279 | ep_ret   22.41 ep_len 1000.0 (n=187) | pg -0.004 vf 0.001 kl 0.0127 lr 1.7e-04
[anomaly] it 621: explained variance -0.16 < 0 after warm-up: value function not predicting returns
[anomaly] it 621: joint limit violated by 0.31 rad
[anomaly] it 621: contact penetration 2.6 cm
it  622 steps  61145088 sps   50,281 | ep_ret   22.45 ep_len 1000.0 (n=171) | pg -0.002 vf 0.001 kl 0.0128 lr 1.1e-04
[anomaly] it 622: explained variance -0.69 < 0 after warm-up: value function not predicting returns
[anomaly] it 622: joint limit violated by 0.36 rad
[anomaly] it 622: contact penetration 2.9 cm
it  623 steps  61243392 sps   50,282 | ep_ret   22.29 ep_len  993.2 (n=170) | pg -0.005 vf 0.001 kl 0.0122 lr 1.7e-04
[anomaly] it 623: terminal-step reward dominates the episode: survival is being punished
[anomaly] it 623: joint limit violated by 0.35 rad
[anomaly] it 623: contact penetration 2.4 cm
it  624 steps  61341696 sps   50,284 | ep_ret   22.49 ep_len 1000.0 (n=150) | pg -0.005 vf 0.001 kl 0.0157 lr 1.7e-04
[anomaly] it 624: explained variance -0.10 < 0 after warm-up: value function not predicting returns
[anomaly] it 624: joint limit violated by 0.37 rad
[anomaly] it 624: contact penetration 2.8 cm
it  625 steps  61440000 sps   50,285 | ep_ret   22.63 ep_len 1000.0 (n=137) | pg -0.003 vf 0.001 kl 0.0123 lr 1.1e-04
[anomaly] it 625: explained variance -0.09 < 0 after warm-up: value function not predicting returns
[anomaly] it 625: joint limit violated by 0.39 rad
[anomaly] it 625: contact penetration 3.0 cm
it  626 steps  61538304 sps   50,286 | ep_ret   22.48 ep_len 1000.0 (n=151) | pg -0.003 vf 0.001 kl 0.0124 lr 1.1e-04
[anomaly] it 626: explained variance -0.09 < 0 after warm-up: value function not predicting returns
[anomaly] it 626: joint limit violated by 0.34 rad
[anomaly] it 626: contact penetration 2.6 cm
it  627 steps  61636608 sps   50,288 | ep_ret   22.55 ep_len 1000.0 (n=122) | pg -0.004 vf 0.001 kl 0.0137 lr 1.7e-04
[anomaly] it 627: explained variance -0.23 < 0 after warm-up: value function not predicting returns
[anomaly] it 627: joint limit violated by 0.34 rad
[anomaly] it 627: contact penetration 2.5 cm
it  628 steps  61734912 sps   50,289 | ep_ret   22.56 ep_len 1000.0 (n=108) | pg -0.002 vf 0.003 kl 0.0132 lr 5.1e-05
[anomaly] it 628: explained variance -0.55 < 0 after warm-up: value function not predicting returns
[anomaly] it 628: joint limit violated by 0.31 rad
[anomaly] it 628: contact penetration 2.8 cm
it  629 steps  61833216 sps   50,291 | ep_ret   22.22 ep_len  987.5 (n=104) | pg -0.003 vf 0.002 kl 0.0123 lr 1.1e-04
[anomaly] it 629: explained variance -0.27 < 0 after warm-up: value function not predicting returns
[anomaly] it 629: terminal-step reward dominates the episode: survival is being punished
[anomaly] it 629: joint limit violated by 0.35 rad
[anomaly] it 629: contact penetration 2.7 cm
it  630 steps  61931520 sps   50,292 | ep_ret   22.51 ep_len  995.0 (n=80) | pg -0.004 vf 0.002 kl 0.0138 lr 1.1e-04
[anomaly] it 630: explained variance -0.24 < 0 after warm-up: value function not predicting returns
[anomaly] it 630: terminal-step reward dominates the episode: survival is being punished
[anomaly] it 630: joint limit violated by 0.36 rad
[anomaly] it 630: contact penetration 2.7 cm
it  631 steps  62029824 sps   50,294 | ep_ret   22.71 ep_len 1000.0 (n=75) | pg -0.003 vf 0.003 kl 0.0133 lr 1.1e-04
[anomaly] it 631: explained variance -1.08 < 0 after warm-up: value function not predicting returns
[anomaly] it 631: joint limit violated by 0.33 rad
[anomaly] it 631: contact penetration 3.0 cm
it  632 steps  62128128 sps   50,295 | ep_ret   22.00 ep_len  978.8 (n=76) | pg -0.003 vf 0.002 kl 0.0134 lr 1.7e-04
[anomaly] it 632: explained variance -0.16 < 0 after warm-up: value function not predicting returns
[anomaly] it 632: terminal-step reward dominates the episode: survival is being punished
[anomaly] it 632: joint limit violated by 0.33 rad
[anomaly] it 632: contact penetration 2.5 cm
it  633 steps  62226432 sps   50,296 | ep_ret   22.18 ep_len  985.5 (n=60) | pg -0.004 vf 0.001 kl 0.0157 lr 1.1e-04
[anomaly] it 633: explained variance -0.34 < 0 after warm-up: value function not predicting returns
[anomaly] it 633: joint limit violated by 0.38 rad
[anomaly] it 633: contact penetration 2.7 cm
it  634 steps  62324736 sps   50,297 | ep_ret   22.16 ep_len  987.8 (n=42) | pg -0.004 vf 0.002 kl 0.0154 lr 1.7e-04
[anomaly] it 634: explained variance -0.30 < 0 after warm-up: value function not predicting returns
[anomaly] it 634: joint limit violated by 0.35 rad
[anomaly] it 634: contact penetration 2.8 cm
it  635 steps  62423040 sps   50,299 | ep_ret   22.27 ep_len  989.4 (n=44) | pg -0.004 vf 0.002 kl 0.0149 lr 1.7e-04
[anomaly] it 635: explained variance -0.50 < 0 after warm-up: value function not predicting returns
[anomaly] it 635: joint limit violated by 0.42 rad
[anomaly] it 635: contact penetration 2.4 cm
it  636 steps  62521344 sps   50,300 | ep_ret   22.43 ep_len  992.7 (n=56) | pg -0.003 vf 0.001 kl 0.0141 lr 1.1e-04
[anomaly] it 636: explained variance -0.34 < 0 after warm-up: value function not predicting returns
[anomaly] it 636: joint limit violated by 0.38 rad
[anomaly] it 636: contact penetration 2.6 cm
it  637 steps  62619648 sps   50,301 | ep_ret   22.03 ep_len  979.0 (n=21) | pg -0.004 vf 0.002 kl 0.0154 lr 1.7e-04
[anomaly] it 637: explained variance -0.12 < 0 after warm-up: value function not predicting returns
[anomaly] it 637: joint limit violated by 0.32 rad
[anomaly] it 637: contact penetration 2.6 cm
it  638 steps  62717952 sps   50,302 | ep_ret   22.66 ep_len 1000.0 (n=38) | pg -0.003 vf 0.003 kl 0.0154 lr 1.1e-04
[anomaly] it 638: explained variance -0.21 < 0 after warm-up: value function not predicting returns
[anomaly] it 638: joint limit violated by 0.40 rad
[anomaly] it 638: contact penetration 2.7 cm
it  639 steps  62816256 sps   50,303 | ep_ret   22.08 ep_len  979.9 (n=40) | pg -0.003 vf 0.001 kl 0.0126 lr 7.6e-05
[anomaly] it 639: explained variance -0.02 < 0 after warm-up: value function not predicting returns
[anomaly] it 639: joint limit violated by 0.37 rad
[anomaly] it 639: contact penetration 2.3 cm
it  640 steps  62914560 sps   50,305 | ep_ret   22.85 ep_len 1000.0 (n=33) | pg -0.004 vf 0.001 kl 0.0131 lr 1.1e-04
[anomaly] it 640: explained variance -0.11 < 0 after warm-up: value function not predicting returns
[anomaly] it 640: joint limit violated by 0.34 rad
[anomaly] it 640: contact penetration 2.6 cm
it  641 steps  63012864 sps   50,306 | ep_ret   22.54 ep_len 1000.0 (n=20) | pg -0.004 vf 0.001 kl 0.0132 lr 1.1e-04
[anomaly] it 641: explained variance -0.16 < 0 after warm-up: value function not predicting returns
[anomaly] it 641: joint limit violated by 0.35 rad
[anomaly] it 641: contact penetration 2.4 cm
it  642 steps  63111168 sps   50,307 | ep_ret   22.66 ep_len 1000.0 (n=25) | pg -0.004 vf 0.002 kl 0.0121 lr 7.6e-05
[anomaly] it 642: explained variance -0.52 < 0 after warm-up: value function not predicting returns
[anomaly] it 642: joint limit violated by 0.33 rad
[anomaly] it 642: contact penetration 2.6 cm
it  643 steps  63209472 sps   50,308 | ep_ret   21.96 ep_len  977.3 (n=34) | pg -0.005 vf 0.001 kl 0.0139 lr 1.7e-04
[anomaly] it 643: explained variance -0.10 < 0 after warm-up: value function not predicting returns
[anomaly] it 643: terminal-step reward dominates the episode: survival is being punished
[anomaly] it 643: joint limit violated by 0.39 rad
[anomaly] it 643: contact penetration 2.5 cm
it  644 steps  63307776 sps   50,309 | ep_ret   22.31 ep_len  990.4 (n=45) | pg -0.004 vf 0.002 kl 0.0152 lr 1.1e-04
[anomaly] it 644: explained variance -0.11 < 0 after warm-up: value function not predicting returns
[anomaly] it 644: joint limit violated by 0.40 rad
[anomaly] it 644: contact penetration 2.7 cm
it  645 steps  63406080 sps   50,310 | ep_ret   23.06 ep_len 1000.0 (n=37) | pg -0.003 vf 0.001 kl 0.0135 lr 1.1e-04
[anomaly] it 645: explained variance -0.45 < 0 after warm-up: value function not predicting returns
[anomaly] it 645: joint limit violated by 0.40 rad
[anomaly] it 645: contact penetration 2.8 cm
it  646 steps  63504384 sps   50,311 | ep_ret   22.51 ep_len  988.7 (n=37) | pg -0.005 vf 0.002 kl 0.0151 lr 1.7e-04
[anomaly] it 646: explained variance -0.24 < 0 after warm-up: value function not predicting returns
[anomaly] it 646: joint limit violated by 0.33 rad
[anomaly] it 646: contact penetration 3.0 cm
it  647 steps  63602688 sps   50,312 | ep_ret   22.77 ep_len 1000.0 (n=46) | pg -0.001 vf 0.002 kl 0.0156 lr 7.6e-05
[anomaly] it 647: explained variance -0.64 < 0 after warm-up: value function not predicting returns
[anomaly] it 647: joint limit violated by 0.49 rad
[anomaly] it 647: contact penetration 3.6 cm
it  648 steps  63700992 sps   50,313 | ep_ret   22.72 ep_len  992.4 (n=53) | pg -0.005 vf 0.002 kl 0.0118 lr 1.1e-04
[anomaly] it 648: explained variance -0.71 < 0 after warm-up: value function not predicting returns
[anomaly] it 648: joint limit violated by 0.33 rad
[anomaly] it 648: contact penetration 2.8 cm
it  649 steps  63799296 sps   50,314 | ep_ret   22.58 ep_len  989.6 (n=77) | pg -0.002 vf 0.001 kl 0.0117 lr 7.6e-05
[anomaly] it 649: terminal-step reward dominates the episode: survival is being punished
[anomaly] it 649: joint limit violated by 0.36 rad
[anomaly] it 649: contact penetration 3.0 cm
it  650 steps  63897600 sps   50,315 | ep_ret   23.01 ep_len 1000.0 (n=71) | pg -0.003 vf 0.002 kl 0.0136 lr 1.1e-04
[anomaly] it 650: explained variance -0.26 < 0 after warm-up: value function not predicting returns
[anomaly] it 650: joint limit violated by 0.33 rad
[anomaly] it 650: contact penetration 2.5 cm
it  651 steps  63995904 sps   50,316 | ep_ret   22.87 ep_len  999.2 (n=88) | pg -0.003 vf 0.001 kl 0.0130 lr 1.1e-04
[anomaly] it 651: explained variance -0.20 < 0 after warm-up: value function not predicting returns
[anomaly] it 651: terminal-step reward dominates the episode: survival is being punished
[anomaly] it 651: joint limit violated by 0.32 rad
[anomaly] it 651: contact penetration 2.9 cm
it  652 steps  64094208 sps   50,317 | ep_ret   22.78 ep_len  996.6 (n=104) | pg -0.002 vf 0.001 kl 0.0145 lr 1.1e-04
[anomaly] it 652: explained variance -0.02 < 0 after warm-up: value function not predicting returns
[anomaly] it 652: terminal-step reward dominates the episode: survival is being punished
[anomaly] it 652: joint limit violated by 0.33 rad
[anomaly] it 652: contact penetration 2.7 cm
it  653 steps  64192512 sps   50,318 | ep_ret   23.02 ep_len 1000.0 (n=111) | pg -0.003 vf 0.001 kl 0.0132 lr 1.1e-04
[anomaly] it 653: explained variance -0.64 < 0 after warm-up: value function not predicting returns
[anomaly] it 653: joint limit violated by 0.36 rad
[anomaly] it 653: contact penetration 2.7 cm
it  654 steps  64290816 sps   50,319 | ep_ret   22.80 ep_len  994.4 (n=120) | pg -0.004 vf 0.001 kl 0.0135 lr 1.7e-04
[anomaly] it 654: terminal-step reward dominates the episode: survival is being punished
[anomaly] it 654: joint limit violated by 0.35 rad
[anomaly] it 654: contact penetration 2.7 cm
it  655 steps  64389120 sps   50,320 | ep_ret   22.87 ep_len 1000.0 (n=170) | pg -0.001 vf 0.002 kl 0.0128 lr 7.6e-05
[anomaly] it 655: explained variance -0.10 < 0 after warm-up: value function not predicting returns
[anomaly] it 655: joint limit violated by 0.36 rad
[anomaly] it 655: contact penetration 2.7 cm
it  656 steps  64487424 sps   50,321 | ep_ret   22.99 ep_len  998.8 (n=170) | pg -0.005 vf 0.001 kl 0.0101 lr 1.1e-04
[anomaly] it 656: terminal-step reward dominates the episode: survival is being punished
[anomaly] it 656: joint limit violated by 0.36 rad
[anomaly] it 656: contact penetration 2.8 cm
it  657 steps  64585728 sps   50,322 | ep_ret   23.12 ep_len 1000.0 (n=158) | pg -0.002 vf 0.001 kl 0.0130 lr 1.1e-04
[anomaly] it 657: explained variance -0.14 < 0 after warm-up: value function not predicting returns
[anomaly] it 657: joint limit violated by 0.32 rad
[anomaly] it 657: contact penetration 2.6 cm
it  658 steps  64684032 sps   50,323 | ep_ret   23.20 ep_len 1000.0 (n=161) | pg -0.003 vf 0.001 kl 0.0138 lr 1.7e-04
[anomaly] it 658: explained variance -0.30 < 0 after warm-up: value function not predicting returns
[anomaly] it 658: joint limit violated by 0.38 rad
[anomaly] it 658: contact penetration 2.7 cm
it  659 steps  64782336 sps   50,324 | ep_ret   23.09 ep_len 1000.0 (n=160) | pg -0.003 vf 0.002 kl 0.0155 lr 1.7e-04
[anomaly] it 659: explained variance -0.21 < 0 after warm-up: value function not predicting returns
[anomaly] it 659: joint limit violated by 0.38 rad
[anomaly] it 659: contact penetration 3.0 cm
it  660 steps  64880640 sps   50,325 | ep_ret   23.07 ep_len 1000.0 (n=213) | pg -0.002 vf 0.001 kl 0.0138 lr 1.1e-04
[anomaly] it 660: explained variance -0.77 < 0 after warm-up: value function not predicting returns
[anomaly] it 660: joint limit violated by 0.37 rad
[anomaly] it 660: contact penetration 2.7 cm
it  661 steps  64978944 sps   50,327 | ep_ret   23.09 ep_len  998.8 (n=203) | pg -0.003 vf 0.001 kl 0.0143 lr 1.7e-04
[anomaly] it 661: explained variance -0.68 < 0 after warm-up: value function not predicting returns
[anomaly] it 661: terminal-step reward dominates the episode: survival is being punished
[anomaly] it 661: joint limit violated by 0.37 rad
[anomaly] it 661: contact penetration 3.1 cm
it  662 steps  65077248 sps   50,328 | ep_ret   23.01 ep_len  996.4 (n=204) | pg -0.003 vf 0.001 kl 0.0117 lr 7.6e-05
[anomaly] it 662: terminal-step reward dominates the episode: survival is being punished
[anomaly] it 662: joint limit violated by 0.39 rad
[anomaly] it 662: contact penetration 2.8 cm
it  663 steps  65175552 sps   50,329 | ep_ret   23.13 ep_len 1000.0 (n=180) | pg -0.005 vf 0.001 kl 0.0116 lr 1.1e-04
[anomaly] it 663: explained variance -0.12 < 0 after warm-up: value function not predicting returns
[anomaly] it 663: joint limit violated by 0.35 rad
[anomaly] it 663: contact penetration 2.7 cm
it  664 steps  65273856 sps   50,330 | ep_ret   23.24 ep_len 1000.0 (n=170) | pg -0.002 vf 0.002 kl 0.0139 lr 1.7e-04
[anomaly] it 664: explained variance -0.25 < 0 after warm-up: value function not predicting returns
[anomaly] it 664: joint limit violated by 0.34 rad
[anomaly] it 664: contact penetration 2.8 cm
it  665 steps  65372160 sps   50,332 | ep_ret   23.04 ep_len  997.1 (n=161) | pg -0.002 vf 0.001 kl 0.0135 lr 7.6e-05
[anomaly] it 665: explained variance -0.18 < 0 after warm-up: value function not predicting returns
[anomaly] it 665: terminal-step reward dominates the episode: survival is being punished
[anomaly] it 665: joint limit violated by 0.37 rad
[anomaly] it 665: contact penetration 2.8 cm
it  666 steps  65470464 sps   50,333 | ep_ret   23.02 ep_len  994.0 (n=144) | pg -0.004 vf 0.001 kl 0.0132 lr 1.7e-04
[anomaly] it 666: terminal-step reward dominates the episode: survival is being punished
[anomaly] it 666: joint limit violated by 0.32 rad
[anomaly] it 666: contact penetration 2.6 cm
it  667 steps  65568768 sps   50,334 | ep_ret   23.22 ep_len 1000.0 (n=147) | pg -0.002 vf 0.001 kl 0.0120 lr 7.6e-05
[anomaly] it 667: explained variance -0.08 < 0 after warm-up: value function not predicting returns
[anomaly] it 667: joint limit violated by 0.34 rad
[anomaly] it 667: contact penetration 2.7 cm
it  668 steps  65667072 sps   50,335 | ep_ret   23.25 ep_len 1000.0 (n=140) | pg -0.004 vf 0.001 kl 0.0136 lr 1.1e-04
[anomaly] it 668: explained variance -0.09 < 0 after warm-up: value function not predicting returns
[anomaly] it 668: joint limit violated by 0.34 rad
[anomaly] it 668: contact penetration 2.7 cm
it  669 steps  65765376 sps   50,336 | ep_ret   23.16 ep_len 1000.0 (n=115) | pg -0.006 vf 0.001 kl 0.0128 lr 1.7e-04
[anomaly] it 669: explained variance -0.09 < 0 after warm-up: value function not predicting returns
[anomaly] it 669: joint limit violated by 0.32 rad
[anomaly] it 669: contact penetration 2.7 cm
it  670 steps  65863680 sps   50,337 | ep_ret   23.31 ep_len 1000.0 (n=104) | pg 0.000 vf 0.001 kl 0.0158 lr 7.6e-05
[anomaly] it 670: explained variance -0.09 < 0 after warm-up: value function not predicting returns
[anomaly] it 670: joint limit violated by 0.43 rad
[anomaly] it 670: contact penetration 2.6 cm
it  671 steps  65961984 sps   50,339 | ep_ret   23.37 ep_len 1000.0 (n=98) | pg -0.003 vf 0.002 kl 0.0131 lr 1.1e-04
[anomaly] it 671: explained variance -0.20 < 0 after warm-up: value function not predicting returns
[anomaly] it 671: joint limit violated by 0.38 rad
[anomaly] it 671: contact penetration 3.0 cm
it  672 steps  66060288 sps   50,340 | ep_ret   23.26 ep_len 1000.0 (n=72) | pg -0.003 vf 0.001 kl 0.0144 lr 1.1e-04
[anomaly] it 672: explained variance -0.66 < 0 after warm-up: value function not predicting returns
[anomaly] it 672: joint limit violated by 0.48 rad
[anomaly] it 672: contact penetration 2.9 cm
it  673 steps  66158592 sps   50,341 | ep_ret   22.97 ep_len  990.9 (n=78) | pg -0.004 vf 0.002 kl 0.0139 lr 7.6e-05
[anomaly] it 673: terminal-step reward dominates the episode: survival is being punished
[anomaly] it 673: joint limit violated by 0.34 rad
[anomaly] it 673: contact penetration 2.6 cm
it  674 steps  66256896 sps   50,342 | ep_ret   23.19 ep_len 1000.0 (n=67) | pg -0.005 vf 0.001 kl 0.0105 lr 1.1e-04
[anomaly] it 674: explained variance -0.64 < 0 after warm-up: value function not predicting returns
[anomaly] it 674: joint limit violated by 0.30 rad
[anomaly] it 674: contact penetration 2.7 cm
it  675 steps  66355200 sps   50,343 | ep_ret   22.49 ep_len  974.0 (n=57) | pg -0.005 vf 0.001 kl 0.0139 lr 1.7e-04
[anomaly] it 675: terminal-step reward dominates the episode: survival is being punished
[anomaly] it 675: joint limit violated by 0.34 rad
[anomaly] it 675: contact penetration 2.5 cm
it  676 steps  66453504 sps   50,344 | ep_ret   23.48 ep_len 1000.0 (n=43) | pg -0.003 vf 0.002 kl 0.0144 lr 7.6e-05
[anomaly] it 676: explained variance -0.12 < 0 after warm-up: value function not predicting returns
[anomaly] it 676: joint limit violated by 0.33 rad
[anomaly] it 676: contact penetration 2.6 cm
it  677 steps  66551808 sps   50,345 | ep_ret   23.36 ep_len 1000.0 (n=47) | pg -0.003 vf 0.002 kl 0.0132 lr 7.6e-05
[anomaly] it 677: explained variance -0.53 < 0 after warm-up: value function not predicting returns
[anomaly] it 677: joint limit violated by 0.33 rad
[anomaly] it 677: contact penetration 2.8 cm
it  678 steps  66650112 sps   50,346 | ep_ret   22.69 ep_len  975.7 (n=50) | pg -0.003 vf 0.002 kl 0.0111 lr 7.6e-05
[anomaly] it 678: explained variance -0.09 < 0 after warm-up: value function not predicting returns
[anomaly] it 678: terminal-step reward dominates the episode: survival is being punished
[anomaly] it 678: joint limit violated by 0.34 rad
[anomaly] it 678: contact penetration 3.2 cm
it  679 steps  66748416 sps   50,346 | ep_ret   23.05 ep_len  983.0 (n=30) | pg -0.006 vf 0.001 kl 0.0109 lr 1.1e-04
[anomaly] it 679: joint limit violated by 0.36 rad
[anomaly] it 679: contact penetration 2.8 cm
it  680 steps  66846720 sps   50,347 | ep_ret   23.47 ep_len 1000.0 (n=35) | pg -0.004 vf 0.001 kl 0.0127 lr 1.1e-04
[anomaly] it 680: explained variance -0.17 < 0 after warm-up: value function not predicting returns
[anomaly] it 680: joint limit violated by 0.41 rad
[anomaly] it 680: contact penetration 2.6 cm
it  681 steps  66945024 sps   50,348 | ep_ret   23.39 ep_len 1000.0 (n=42) | pg -0.004 vf 0.005 kl 0.0135 lr 7.6e-05
[anomaly] it 681: explained variance -0.60 < 0 after warm-up: value function not predicting returns
[anomaly] it 681: joint limit violated by 0.35 rad
[anomaly] it 681: contact penetration 2.8 cm
it  682 steps  67043328 sps   50,348 | ep_ret   21.97 ep_len  959.2 (n=28) | pg -0.004 vf 0.002 kl 0.0125 lr 7.6e-05
[anomaly] it 682: explained variance -0.21 < 0 after warm-up: value function not predicting returns
[anomaly] it 682: terminal-step reward dominates the episode: survival is being punished
[anomaly] it 682: joint limit violated by 0.30 rad
[anomaly] it 682: contact penetration 2.5 cm
it  683 steps  67141632 sps   50,349 | ep_ret   22.09 ep_len  952.2 (n=22) | pg -0.004 vf 0.002 kl 0.0133 lr 7.6e-05
[anomaly] it 683: explained variance -0.39 < 0 after warm-up: value function not predicting returns
[anomaly] it 683: terminal-step reward dominates the episode: survival is being punished
[anomaly] it 683: joint limit violated by 0.38 rad
[anomaly] it 683: contact penetration 2.5 cm
it  684 steps  67239936 sps   50,350 | ep_ret   23.26 ep_len  989.8 (n=28) | pg -0.005 vf 0.001 kl 0.0106 lr 1.1e-04
[anomaly] it 684: explained variance -0.52 < 0 after warm-up: value function not predicting returns
[anomaly] it 684: joint limit violated by 0.32 rad
[anomaly] it 684: contact penetration 3.2 cm
it  685 steps  67338240 sps   50,351 | ep_ret   22.77 ep_len  981.7 (n=42) | pg -0.005 vf 0.001 kl 0.0153 lr 1.7e-04
[anomaly] it 685: explained variance -0.01 < 0 after warm-up: value function not predicting returns
[anomaly] it 685: terminal-step reward dominates the episode: survival is being punished
[anomaly] it 685: joint limit violated by 0.37 rad
[anomaly] it 685: contact penetration 2.5 cm
it  686 steps  67436544 sps   50,352 | ep_ret   23.82 ep_len 1000.0 (n=39) | pg -0.003 vf 0.002 kl 0.0136 lr 7.6e-05
[anomaly] it 686: explained variance -0.36 < 0 after warm-up: value function not predicting returns
[anomaly] it 686: joint limit violated by 0.37 rad
[anomaly] it 686: contact penetration 3.3 cm
it  687 steps  67534848 sps   50,352 | ep_ret   23.60 ep_len 1000.0 (n=35) | pg -0.004 vf 0.001 kl 0.0116 lr 1.1e-04
[anomaly] it 687: explained variance -0.77 < 0 after warm-up: value function not predicting returns
[anomaly] it 687: joint limit violated by 0.37 rad
[anomaly] it 687: contact penetration 2.7 cm
it  688 steps  67633152 sps   50,353 | ep_ret   23.07 ep_len  982.5 (n=47) | pg -0.004 vf 0.001 kl 0.0123 lr 1.1e-04
[anomaly] it 688: explained variance -0.07 < 0 after warm-up: value function not predicting returns
[anomaly] it 688: terminal-step reward dominates the episode: survival is being punished
[anomaly] it 688: joint limit violated by 0.37 rad
[anomaly] it 688: contact penetration 2.7 cm
it  689 steps  67731456 sps   50,353 | ep_ret   23.66 ep_len 1000.0 (n=47) | pg -0.003 vf 0.004 kl 0.0141 lr 7.6e-05
[anomaly] it 689: explained variance -0.33 < 0 after warm-up: value function not predicting returns
[anomaly] it 689: joint limit violated by 0.39 rad
[anomaly] it 689: contact penetration 3.0 cm
it  690 steps  67829760 sps   50,354 | ep_ret   23.67 ep_len 1000.0 (n=59) | pg -0.004 vf 0.001 kl 0.0124 lr 1.1e-04
[anomaly] it 690: explained variance -1.35 < 0 after warm-up: value function not predicting returns
[anomaly] it 690: joint limit violated by 0.37 rad
[anomaly] it 690: contact penetration 2.6 cm
it  691 steps  67928064 sps   50,354 | ep_ret   22.89 ep_len  982.4 (n=81) | pg -0.004 vf 0.002 kl 0.0146 lr 1.1e-04
[anomaly] it 691: terminal-step reward dominates the episode: survival is being punished
[anomaly] it 691: joint limit violated by 0.30 rad
[anomaly] it 691: contact penetration 3.1 cm
it  692 steps  68026368 sps   50,356 | ep_ret   23.60 ep_len 1000.0 (n=81) | pg -0.005 vf 0.001 kl 0.0139 lr 1.7e-04
[anomaly] it 692: explained variance -0.53 < 0 after warm-up: value function not predicting returns
[anomaly] it 692: joint limit violated by 0.32 rad
[anomaly] it 692: contact penetration 2.6 cm
it  693 steps  68124672 sps   50,356 | ep_ret   23.36 ep_len  993.0 (n=81) | pg -0.003 vf 0.002 kl 0.0136 lr 7.6e-05
[anomaly] it 693: explained variance -0.32 < 0 after warm-up: value function not predicting returns
[anomaly] it 693: joint limit violated by 0.39 rad
[anomaly] it 693: contact penetration 3.3 cm
it  694 steps  68222976 sps   50,357 | ep_ret   23.46 ep_len  996.9 (n=116) | pg -0.003 vf 0.003 kl 0.0143 lr 1.1e-04
[anomaly] it 694: explained variance -0.45 < 0 after warm-up: value function not predicting returns
[anomaly] it 694: terminal-step reward dominates the episode: survival is being punished
[anomaly] it 694: joint limit violated by 0.30 rad
[anomaly] it 694: contact penetration 3.4 cm
it  695 steps  68321280 sps   50,358 | ep_ret   23.60 ep_len  992.3 (n=120) | pg -0.003 vf 0.003 kl 0.0132 lr 3.4e-05
[anomaly] it 695: explained variance -0.37 < 0 after warm-up: value function not predicting returns
[anomaly] it 695: terminal-step reward dominates the episode: survival is being punished
[anomaly] it 695: joint limit violated by 0.36 rad
[anomaly] it 695: contact penetration 2.7 cm
it  696 steps  68419584 sps   50,359 | ep_ret   23.67 ep_len  998.5 (n=123) | pg -0.003 vf 0.002 kl 0.0116 lr 7.6e-05
[anomaly] it 696: explained variance -1.06 < 0 after warm-up: value function not predicting returns
[anomaly] it 696: terminal-step reward dominates the episode: survival is being punished
[anomaly] it 696: joint limit violated by 0.34 rad
[anomaly] it 696: contact penetration 2.9 cm
it  697 steps  68517888 sps   50,361 | ep_ret   23.48 ep_len  993.4 (n=187) | pg -0.004 vf 0.002 kl 0.0112 lr 1.1e-04
[anomaly] it 697: explained variance -0.01 < 0 after warm-up: value function not predicting returns
[anomaly] it 697: terminal-step reward dominates the episode: survival is being punished
[anomaly] it 697: joint limit violated by 0.31 rad
[anomaly] it 697: contact penetration 2.5 cm
it  698 steps  68616192 sps   50,362 | ep_ret   23.70 ep_len  999.0 (n=157) | pg -0.004 vf 0.002 kl 0.0140 lr 1.7e-04
[anomaly] it 698: explained variance -0.15 < 0 after warm-up: value function not predicting returns
[anomaly] it 698: terminal-step reward dominates the episode: survival is being punished
[anomaly] it 698: joint limit violated by 0.30 rad
[anomaly] it 698: contact penetration 2.5 cm
it  699 steps  68714496 sps   50,363 | ep_ret   23.75 ep_len  997.5 (n=169) | pg -0.002 vf 0.001 kl 0.0130 lr 1.1e-04
[anomaly] it 699: explained variance -0.18 < 0 after warm-up: value function not predicting returns
[anomaly] it 699: terminal-step reward dominates the episode: survival is being punished
[anomaly] it 699: joint limit violated by 0.32 rad
[anomaly] it 699: contact penetration 2.7 cm
it  700 steps  68812800 sps   50,364 | ep_ret   23.70 ep_len  997.3 (n=159) | pg -0.003 vf 0.001 kl 0.0136 lr 1.7e-04
[anomaly] it 700: terminal-step reward dominates the episode: survival is being punished
[anomaly] it 700: joint limit violated by 0.32 rad
[anomaly] it 700: contact penetration 2.8 cm
it  701 steps  68911104 sps   50,365 | ep_ret   23.87 ep_len 1000.0 (n=171) | pg -0.003 vf 0.001 kl 0.0148 lr 1.7e-04
[anomaly] it 701: explained variance -0.09 < 0 after warm-up: value function not predicting returns
[anomaly] it 701: joint limit violated by 0.35 rad
[anomaly] it 701: contact penetration 2.6 cm
it  702 steps  69009408 sps   50,366 | ep_ret   23.87 ep_len 1000.0 (n=204) | pg -0.004 vf 0.001 kl 0.0143 lr 1.7e-04
[anomaly] it 702: explained variance -0.09 < 0 after warm-up: value function not predicting returns
[anomaly] it 702: joint limit violated by 0.38 rad
[anomaly] it 702: contact penetration 2.7 cm
it  703 steps  69107712 sps   50,367 | ep_ret   23.88 ep_len 1000.0 (n=211) | pg -0.001 vf 0.001 kl 0.0144 lr 5.1e-05
[anomaly] it 703: explained variance -0.11 < 0 after warm-up: value function not predicting returns
[anomaly] it 703: joint limit violated by 0.34 rad
[anomaly] it 703: contact penetration 2.4 cm
it  704 steps  69206016 sps   50,368 | ep_ret   23.84 ep_len 1000.0 (n=195) | pg -0.005 vf 0.001 kl 0.0105 lr 1.1e-04
[anomaly] it 704: explained variance -0.33 < 0 after warm-up: value function not predicting returns
[anomaly] it 704: joint limit violated by 0.31 rad
[anomaly] it 704: contact penetration 2.8 cm
it  705 steps  69304320 sps   50,369 | ep_ret   23.89 ep_len  997.7 (n=172) | pg -0.002 vf 0.001 kl 0.0131 lr 1.1e-04
[anomaly] it 705: explained variance -0.31 < 0 after warm-up: value function not predicting returns
[anomaly] it 705: terminal-step reward dominates the episode: survival is being punished
[anomaly] it 705: joint limit violated by 0.32 rad
[anomaly] it 705: contact penetration 2.9 cm
it  706 steps  69402624 sps   50,370 | ep_ret   23.74 ep_len  995.1 (n=164) | pg -0.005 vf 0.001 kl 0.0123 lr 1.7e-04
[anomaly] it 706: explained variance -0.21 < 0 after warm-up: value function not predicting returns
[anomaly] it 706: terminal-step reward dominates the episode: survival is being punished
[anomaly] it 706: joint limit violated by 0.32 rad
[anomaly] it 706: contact penetration 3.0 cm
it  707 steps  69500928 sps   50,371 | ep_ret   23.91 ep_len  997.4 (n=152) | pg -0.003 vf 0.001 kl 0.0156 lr 1.1e-04
[anomaly] it 707: explained variance -0.03 < 0 after warm-up: value function not predicting returns
[anomaly] it 707: terminal-step reward dominates the episode: survival is being punished
[anomaly] it 707: joint limit violated by 0.35 rad
[anomaly] it 707: contact penetration 2.5 cm
it  708 steps  69599232 sps   50,372 | ep_ret   23.83 ep_len 1000.0 (n=137) | pg -0.004 vf 0.001 kl 0.0135 lr 1.7e-04
[anomaly] it 708: explained variance -0.09 < 0 after warm-up: value function not predicting returns
[anomaly] it 708: joint limit violated by 0.37 rad
[anomaly] it 708: contact penetration 2.8 cm
it  709 steps  69697536 sps   50,373 | ep_ret   23.97 ep_len 1000.0 (n=154) | pg -0.001 vf 0.001 kl 0.0134 lr 7.6e-05
[anomaly] it 709: explained variance -0.08 < 0 after warm-up: value function not predicting returns
[anomaly] it 709: joint limit violated by 0.35 rad
[anomaly] it 709: contact penetration 2.9 cm
it  710 steps  69795840 sps   50,373 | ep_ret   24.00 ep_len 1000.0 (n=130) | pg -0.006 vf 0.001 kl 0.0099 lr 1.1e-04
[anomaly] it 710: explained variance -0.09 < 0 after warm-up: value function not predicting returns
[anomaly] it 710: joint limit violated by 0.31 rad
[anomaly] it 710: contact penetration 3.3 cm
it  711 steps  69894144 sps   50,375 | ep_ret   24.00 ep_len 1000.0 (n=108) | pg -0.005 vf 0.001 kl 0.0145 lr 1.7e-04
[anomaly] it 711: explained variance -0.11 < 0 after warm-up: value function not predicting returns
[anomaly] it 711: joint limit violated by 0.35 rad
[anomaly] it 711: contact penetration 2.6 cm
it  712 steps  69992448 sps   50,376 | ep_ret   23.96 ep_len 1000.0 (n=98) | pg 0.000 vf 0.002 kl 0.0173 lr 3.4e-05
[anomaly] it 712: explained variance -0.55 < 0 after warm-up: value function not predicting returns
[anomaly] it 712: joint limit violated by 0.37 rad
[anomaly] it 712: contact penetration 2.7 cm
it  713 steps  70090752 sps   50,377 | ep_ret   23.56 ep_len  989.0 (n=97) | pg -0.004 vf 0.003 kl 0.0110 lr 7.6e-05
[anomaly] it 713: explained variance -0.04 < 0 after warm-up: value function not predicting returns
[anomaly] it 713: terminal-step reward dominates the episode: survival is being punished
[anomaly] it 713: joint limit violated by 0.37 rad
[anomaly] it 713: contact penetration 2.5 cm
it  714 steps  70189056 sps   50,378 | ep_ret   23.68 ep_len  988.0 (n=67) | pg -0.003 vf 0.001 kl 0.0126 lr 7.6e-05
[anomaly] it 714: explained variance -0.46 < 0 after warm-up: value function not predicting returns
[anomaly] it 714: joint limit violated by 0.34 rad
[anomaly] it 714: contact penetration 2.6 cm
it  715 steps  70287360 sps   50,379 | ep_ret   23.43 ep_len  979.2 (n=81) | pg -0.004 vf 0.001 kl 0.0115 lr 1.1e-04
[anomaly] it 715: explained variance -0.10 < 0 after warm-up: value function not predicting returns
[anomaly] it 715: terminal-step reward dominates the episode: survival is being punished
[anomaly] it 715: joint limit violated by 0.30 rad
[anomaly] it 715: contact penetration 2.5 cm
it  716 steps  70385664 sps   50,379 | ep_ret   23.96 ep_len 1000.0 (n=70) | pg -0.003 vf 0.001 kl 0.0126 lr 7.6e-05
[anomaly] it 716: explained variance -0.74 < 0 after warm-up: value function not predicting returns
[anomaly] it 716: joint limit violated by 0.45 rad
[anomaly] it 716: contact penetration 2.5 cm
it  717 steps  70483968 sps   50,380 | ep_ret   23.35 ep_len  982.7 (n=44) | pg -0.004 vf 0.001 kl 0.0123 lr 1.1e-04
[anomaly] it 717: explained variance -0.14 < 0 after warm-up: value function not predicting returns
[anomaly] it 717: terminal-step reward dominates the episode: survival is being punished
[anomaly] it 717: joint limit violated by 0.35 rad
[anomaly] it 717: contact penetration 2.8 cm
it  718 steps  70582272 sps   50,382 | ep_ret   24.17 ep_len 1000.0 (n=42) | pg -0.004 vf 0.001 kl 0.0142 lr 7.6e-05
[anomaly] it 718: explained variance -0.35 < 0 after warm-up: value function not predicting returns
[anomaly] it 718: joint limit violated by 0.40 rad
[anomaly] it 718: contact penetration 2.5 cm
it  719 steps  70680576 sps   50,383 | ep_ret   24.19 ep_len 1000.0 (n=51) | pg -0.004 vf 0.003 kl 0.0137 lr 1.1e-04
[anomaly] it 719: explained variance -0.63 < 0 after warm-up: value function not predicting returns
[anomaly] it 719: joint limit violated by 0.32 rad
[anomaly] it 719: contact penetration 3.0 cm
it  720 steps  70778880 sps   50,384 | ep_ret   23.49 ep_len  980.2 (n=37) | pg -0.002 vf 0.002 kl 0.0161 lr 1.1e-04
[anomaly] it 720: explained variance -0.69 < 0 after warm-up: value function not predicting returns
[anomaly] it 720: joint limit violated by 0.49 rad
[anomaly] it 720: contact penetration 2.7 cm
it  721 steps  70877184 sps   50,384 | ep_ret   22.43 ep_len  952.1 (n=38) | pg -0.003 vf 0.001 kl 0.0137 lr 1.1e-04
[anomaly] it 721: terminal-step reward dominates the episode: survival is being punished
[anomaly] it 721: joint limit violated by 0.33 rad
[anomaly] it 721: contact penetration 2.7 cm
it  722 steps  70975488 sps   50,385 | ep_ret   24.11 ep_len 1000.0 (n=38) | pg -0.002 vf 0.002 kl 0.0141 lr 7.6e-05
[anomaly] it 722: explained variance -0.39 < 0 after warm-up: value function not predicting returns
[anomaly] it 722: joint limit violated by 0.32 rad
[anomaly] it 722: contact penetration 2.4 cm
it  723 steps  71073792 sps   50,386 | ep_ret   23.56 ep_len  984.8 (n=37) | pg -0.004 vf 0.002 kl 0.0125 lr 1.1e-04
[anomaly] it 723: explained variance -0.42 < 0 after warm-up: value function not predicting returns
[anomaly] it 723: joint limit violated by 0.36 rad
[anomaly] it 723: contact penetration 2.9 cm
it  724 steps  71172096 sps   50,387 | ep_ret   24.14 ep_len 1000.0 (n=26) | pg -0.004 vf 0.001 kl 0.0135 lr 1.1e-04
[anomaly] it 724: explained variance -0.81 < 0 after warm-up: value function not predicting returns
[anomaly] it 724: joint limit violated by 0.32 rad
[anomaly] it 724: contact penetration 2.7 cm
it  725 steps  71270400 sps   50,388 | ep_ret   23.04 ep_len  973.7 (n=27) | pg -0.003 vf 0.002 kl 0.0136 lr 5.1e-05
[anomaly] it 725: explained variance -0.31 < 0 after warm-up: value function not predicting returns
[anomaly] it 725: terminal-step reward dominates the episode: survival is being punished
[anomaly] it 725: joint limit violated by 0.33 rad
[anomaly] it 725: contact penetration 2.5 cm
it  726 steps  71368704 sps   50,389 | ep_ret   23.78 ep_len  988.3 (n=31) | pg -0.005 vf 0.001 kl 0.0115 lr 1.1e-04
[anomaly] it 726: explained variance -0.40 < 0 after warm-up: value function not predicting returns
[anomaly] it 726: joint limit violated by 0.58 rad
[anomaly] it 726: contact penetration 2.5 cm
it  727 steps  71467008 sps   50,390 | ep_ret   23.46 ep_len  983.1 (n=48) | pg -0.004 vf 0.001 kl 0.0138 lr 1.7e-04
[anomaly] it 727: terminal-step reward dominates the episode: survival is being punished
[anomaly] it 727: joint limit violated by 0.31 rad
[anomaly] it 727: contact penetration 2.6 cm
it  728 steps  71565312 sps   50,391 | ep_ret   24.35 ep_len 1000.0 (n=29) | pg 0.000 vf 0.001 kl 0.0144 lr 3.4e-05
[anomaly] it 728: explained variance -0.09 < 0 after warm-up: value function not predicting returns
[anomaly] it 728: joint limit violated by 0.35 rad
[anomaly] it 728: contact penetration 2.7 cm
it  729 steps  71663616 sps   50,392 | ep_ret   24.16 ep_len 1000.0 (n=40) | pg -0.005 vf 0.001 kl 0.0101 lr 7.6e-05
[anomaly] it 729: explained variance -0.09 < 0 after warm-up: value function not predicting returns
[anomaly] it 729: joint limit violated by 0.33 rad
[anomaly] it 729: contact penetration 2.7 cm
it  730 steps  71761920 sps   50,393 | ep_ret   24.08 ep_len 1000.0 (n=49) | pg -0.005 vf 0.001 kl 0.0116 lr 1.1e-04
[anomaly] it 730: explained variance -0.12 < 0 after warm-up: value function not predicting returns
[anomaly] it 730: joint limit violated by 0.36 rad
[anomaly] it 730: contact penetration 2.6 cm
it  731 steps  71860224 sps   50,394 | ep_ret   24.23 ep_len 1000.0 (n=51) | pg -0.004 vf 0.001 kl 0.0130 lr 1.7e-04
[anomaly] it 731: explained variance -0.34 < 0 after warm-up: value function not predicting returns
[anomaly] it 731: joint limit violated by 0.34 rad
[anomaly] it 731: contact penetration 2.8 cm
it  732 steps  71958528 sps   50,395 | ep_ret   24.10 ep_len  997.3 (n=67) | pg 0.001 vf 0.001 kl 0.0172 lr 3.4e-05
[anomaly] it 732: explained variance -0.09 < 0 after warm-up: value function not predicting returns
[anomaly] it 732: joint limit violated by 0.30 rad
[anomaly] it 732: contact penetration 2.6 cm
it  733 steps  72056832 sps   50,395 | ep_ret   24.29 ep_len 1000.0 (n=75) | pg -0.004 vf 0.002 kl 0.0108 lr 7.6e-05
[anomaly] it 733: explained variance -0.35 < 0 after warm-up: value function not predicting returns
[anomaly] it 733: joint limit violated by 0.34 rad
[anomaly] it 733: contact penetration 2.4 cm
it  734 steps  72155136 sps   50,397 | ep_ret   24.29 ep_len  998.3 (n=81) | pg -0.004 vf 0.002 kl 0.0122 lr 1.1e-04
[anomaly] it 734: explained variance -0.41 < 0 after warm-up: value function not predicting returns
[anomaly] it 734: joint limit violated by 0.34 rad
[anomaly] it 734: contact penetration 2.7 cm
it  735 steps  72253440 sps   50,398 | ep_ret   24.09 ep_len  991.7 (n=97) | pg -0.003 vf 0.001 kl 0.0126 lr 1.1e-04
[anomaly] it 735: explained variance -0.17 < 0 after warm-up: value function not predicting returns
[anomaly] it 735: terminal-step reward dominates the episode: survival is being punished
[anomaly] it 735: joint limit violated by 0.34 rad
[anomaly] it 735: contact penetration 2.8 cm
it  736 steps  72351744 sps   50,399 | ep_ret   24.09 ep_len  993.0 (n=118) | pg -0.003 vf 0.001 kl 0.0158 lr 1.7e-04
[anomaly] it 736: explained variance -0.03 < 0 after warm-up: value function not predicting returns
[anomaly] it 736: terminal-step reward dominates the episode: survival is being punished
[anomaly] it 736: joint limit violated by 0.30 rad
[anomaly] it 736: contact penetration 2.5 cm
it  737 steps  72450048 sps   50,400 | ep_ret   24.34 ep_len 1000.0 (n=116) | pg -0.002 vf 0.003 kl 0.0152 lr 1.1e-04
[anomaly] it 737: explained variance -0.34 < 0 after warm-up: value function not predicting returns
[anomaly] it 737: joint limit violated by 0.34 rad
[anomaly] it 737: contact penetration 2.9 cm
it  738 steps  72548352 sps   50,401 | ep_ret   24.15 ep_len  996.8 (n=152) | pg -0.003 vf 0.001 kl 0.0148 lr 1.1e-04
[anomaly] it 738: explained variance -0.52 < 0 after warm-up: value function not predicting returns
[anomaly] it 738: terminal-step reward dominates the episode: survival is being punished
[anomaly] it 738: joint limit violated by 0.38 rad
[anomaly] it 738: contact penetration 2.8 cm
it  739 steps  72646656 sps   50,402 | ep_ret   24.23 ep_len  995.9 (n=174) | pg -0.004 vf 0.001 kl 0.0128 lr 1.7e-04
[anomaly] it 739: terminal-step reward dominates the episode: survival is being punished
[anomaly] it 739: joint limit violated by 0.38 rad
[anomaly] it 739: contact penetration 2.6 cm
it  740 steps  72744960 sps   50,403 | ep_ret   24.37 ep_len 1000.0 (n=159) | pg 0.001 vf 0.001 kl 0.0165 lr 5.1e-05
[anomaly] it 740: explained variance -0.27 < 0 after warm-up: value function not predicting returns
[anomaly] it 740: joint limit violated by 0.35 rad
[anomaly] it 740: contact penetration 3.0 cm
it  741 steps  72843264 sps   50,404 | ep_ret   24.45 ep_len 1000.0 (n=156) | pg -0.005 vf 0.001 kl 0.0122 lr 1.1e-04
[anomaly] it 741: explained variance -0.43 < 0 after warm-up: value function not predicting returns
[anomaly] it 741: joint limit violated by 0.35 rad
[anomaly] it 741: contact penetration 2.9 cm
it  742 steps  72941568 sps   50,405 | ep_ret   24.32 ep_len  997.7 (n=170) | pg -0.003 vf 0.001 kl 0.0126 lr 1.1e-04
[anomaly] it 742: explained variance -0.10 < 0 after warm-up: value function not predicting returns
[anomaly] it 742: terminal-step reward dominates the episode: survival is being punished
[anomaly] it 742: joint limit violated by 0.33 rad
[anomaly] it 742: contact penetration 2.5 cm
it  743 steps  73039872 sps   50,407 | ep_ret   24.56 ep_len 1000.0 (n=184) | pg -0.001 vf 0.001 kl 0.0125 lr 7.6e-05
[anomaly] it 743: explained variance -0.18 < 0 after warm-up: value function not predicting returns
[anomaly] it 743: joint limit violated by 0.32 rad
[anomaly] it 743: contact penetration 3.1 cm
it  744 steps  73138176 sps   50,407 | ep_ret   24.41 ep_len  995.7 (n=202) | pg -0.004 vf 0.003 kl 0.0123 lr 1.1e-04
[anomaly] it 744: explained variance -0.11 < 0 after warm-up: value function not predicting returns
[anomaly] it 744: terminal-step reward dominates the episode: survival is being punished
[anomaly] it 744: joint limit violated by 0.35 rad
[anomaly] it 744: contact penetration 3.0 cm
it  745 steps  73236480 sps   50,408 | ep_ret   24.43 ep_len 1000.0 (n=213) | pg -0.002 vf 0.001 kl 0.0131 lr 7.6e-05
[anomaly] it 745: explained variance -0.75 < 0 after warm-up: value function not predicting returns
[anomaly] it 745: joint limit violated by 0.34 rad
[anomaly] it 745: contact penetration 2.7 cm
it  746 steps  73334784 sps   50,409 | ep_ret   24.24 ep_len  991.3 (n=185) | pg -0.002 vf 0.002 kl 0.0131 lr 7.6e-05
[anomaly] it 746: explained variance -0.42 < 0 after warm-up: value function not predicting returns
[anomaly] it 746: terminal-step reward dominates the episode: survival is being punished
[anomaly] it 746: joint limit violated by 0.37 rad
[anomaly] it 746: contact penetration 2.8 cm
it  747 steps  73433088 sps   50,410 | ep_ret   24.35 ep_len  994.4 (n=170) | pg -0.003 vf 0.002 kl 0.0132 lr 7.6e-05
[anomaly] it 747: terminal-step reward dominates the episode: survival is being punished
[anomaly] it 747: joint limit violated by 0.34 rad
[anomaly] it 747: contact penetration 2.7 cm
it  748 steps  73531392 sps   50,411 | ep_ret   24.44 ep_len  999.1 (n=168) | pg -0.003 vf 0.002 kl 0.0129 lr 7.6e-05
[anomaly] it 748: explained variance -0.34 < 0 after warm-up: value function not predicting returns
[anomaly] it 748: terminal-step reward dominates the episode: survival is being punished
[anomaly] it 748: joint limit violated by 0.34 rad
[anomaly] it 748: contact penetration 2.9 cm
it  749 steps  73629696 sps   50,412 | ep_ret   24.27 ep_len  990.8 (n=151) | pg -0.002 vf 0.002 kl 0.0136 lr 1.1e-04
[anomaly] it 749: explained variance -0.08 < 0 after warm-up: value function not predicting returns
[anomaly] it 749: terminal-step reward dominates the episode: survival is being punished
[anomaly] it 749: joint limit violated by 0.34 rad
[anomaly] it 749: contact penetration 3.2 cm
it  750 steps  73728000 sps   50,413 | ep_ret   24.62 ep_len 1000.0 (n=135) | pg -0.003 vf 0.001 kl 0.0132 lr 1.1e-04
[anomaly] it 750: explained variance -0.49 < 0 after warm-up: value function not predicting returns
[anomaly] it 750: joint limit violated by 0.34 rad
[anomaly] it 750: contact penetration 2.5 cm
it  751 steps  73826304 sps   50,414 | ep_ret   24.34 ep_len  993.8 (n=146) | pg -0.003 vf 0.001 kl 0.0130 lr 1.1e-04
[anomaly] it 751: explained variance -0.05 < 0 after warm-up: value function not predicting returns
[anomaly] it 751: terminal-step reward dominates the episode: survival is being punished
[anomaly] it 751: joint limit violated by 0.32 rad
[anomaly] it 751: contact penetration 2.5 cm
it  752 steps  73924608 sps   50,415 | ep_ret   24.62 ep_len 1000.0 (n=117) | pg -0.004 vf 0.001 kl 0.0137 lr 1.1e-04
[anomaly] it 752: explained variance -0.09 < 0 after warm-up: value function not predicting returns
[anomaly] it 752: joint limit violated by 0.32 rad
[anomaly] it 752: contact penetration 2.7 cm
it  753 steps  74022912 sps   50,416 | ep_ret   24.73 ep_len 1000.0 (n=106) | pg -0.003 vf 0.001 kl 0.0157 lr 1.7e-04
[anomaly] it 753: explained variance -0.09 < 0 after warm-up: value function not predicting returns
[anomaly] it 753: joint limit violated by 0.35 rad
[anomaly] it 753: contact penetration 2.7 cm
it  754 steps  74121216 sps   50,417 | ep_ret   24.66 ep_len 1000.0 (n=101) | pg -0.000 vf 0.002 kl 0.0166 lr 2.3e-05
[anomaly] it 754: explained variance -0.27 < 0 after warm-up: value function not predicting returns
[anomaly] it 754: joint limit violated by 0.31 rad
[anomaly] it 754: contact penetration 2.6 cm
it  755 steps  74219520 sps   50,418 | ep_ret   24.71 ep_len 1000.0 (n=79) | pg -0.004 vf 0.002 kl 0.0084 lr 5.1e-05
[anomaly] it 755: explained variance -0.88 < 0 after warm-up: value function not predicting returns
[anomaly] it 755: joint limit violated by 0.38 rad
[anomaly] it 755: contact penetration 2.6 cm
it  756 steps  74317824 sps   50,419 | ep_ret   24.20 ep_len  989.6 (n=79) | pg -0.003 vf 0.002 kl 0.0146 lr 1.1e-04
[anomaly] it 756: explained variance -0.42 < 0 after warm-up: value function not predicting returns
[anomaly] it 756: terminal-step reward dominates the episode: survival is being punished
[anomaly] it 756: joint limit violated by 0.33 rad
[anomaly] it 756: contact penetration 3.0 cm
it  757 steps  74416128 sps   50,420 | ep_ret   24.41 ep_len  994.8 (n=78) | pg -0.004 vf 0.002 kl 0.0134 lr 7.6e-05
[anomaly] it 757: explained variance -0.35 < 0 after warm-up: value function not predicting returns
[anomaly] it 757: joint limit violated by 0.43 rad
[anomaly] it 757: contact penetration 2.5 cm
it  758 steps  74514432 sps   50,421 | ep_ret   24.37 ep_len  986.0 (n=60) | pg -0.003 vf 0.001 kl 0.0133 lr 1.1e-04
[anomaly] it 758: explained variance -0.28 < 0 after warm-up: value function not predicting returns
[anomaly] it 758: joint limit violated by 0.34 rad
[anomaly] it 758: contact penetration 2.6 cm
it  759 steps  74612736 sps   50,422 | ep_ret   24.67 ep_len 1000.0 (n=41) | pg -0.001 vf 0.001 kl 0.0120 lr 5.1e-05
[anomaly] it 759: explained variance -0.42 < 0 after warm-up: value function not predicting returns
[anomaly] it 759: joint limit violated by 0.67 rad
[anomaly] it 759: contact penetration 2.8 cm
it  760 steps  74711040 sps   50,423 | ep_ret   24.30 ep_len  991.0 (n=43) | pg -0.004 vf 0.002 kl 0.0102 lr 7.6e-05
[anomaly] it 760: explained variance -0.12 < 0 after warm-up: value function not predicting returns
[anomaly] it 760: joint limit violated by 0.33 rad
[anomaly] it 760: contact penetration 2.6 cm
it  761 steps  74809344 sps   50,424 | ep_ret   24.62 ep_len 1000.0 (n=57) | pg -0.003 vf 0.002 kl 0.0129 lr 1.1e-04
[anomaly] it 761: explained variance -0.52 < 0 after warm-up: value function not predicting returns
[anomaly] it 761: joint limit violated by 0.34 rad
[anomaly] it 761: contact penetration 2.6 cm
it  762 steps  74907648 sps   50,424 | ep_ret   23.27 ep_len  966.2 (n=25) | pg -0.004 vf 0.003 kl 0.0146 lr 1.1e-04
[anomaly] it 762: explained variance -0.13 < 0 after warm-up: value function not predicting returns
[anomaly] it 762: terminal-step reward dominates the episode: survival is being punished
[anomaly] it 762: joint limit violated by 0.31 rad
[anomaly] it 762: contact penetration 2.7 cm
it  763 steps  75005952 sps   50,425 | ep_ret   24.67 ep_len 1000.0 (n=40) | pg -0.004 vf 0.003 kl 0.0124 lr 5.1e-05
[anomaly] it 763: explained variance -1.09 < 0 after warm-up: value function not predicting returns
[anomaly] it 763: joint limit violated by 0.35 rad
[anomaly] it 763: contact penetration 4.6 cm
it  764 steps  75104256 sps   50,426 | ep_ret   23.71 ep_len  967.4 (n=44) | pg -0.005 vf 0.002 kl 0.0128 lr 1.1e-04
[anomaly] it 764: explained variance -0.53 < 0 after warm-up: value function not predicting returns
[anomaly] it 764: terminal-step reward dominates the episode: survival is being punished
[anomaly] it 764: joint limit violated by 0.31 rad
[anomaly] it 764: contact penetration 2.6 cm
it  765 steps  75202560 sps   50,427 | ep_ret   23.38 ep_len  962.5 (n=35) | pg -0.002 vf 0.001 kl 0.0127 lr 5.1e-05
[anomaly] it 765: terminal-step reward dominates the episode: survival is being punished
[anomaly] it 765: joint limit violated by 0.40 rad
[anomaly] it 765: contact penetration 2.7 cm
it  766 steps  75300864 sps   50,428 | ep_ret   24.72 ep_len 1000.0 (n=27) | pg -0.004 vf 0.002 kl 0.0128 lr 1.1e-04
[anomaly] it 766: explained variance -0.21 < 0 after warm-up: value function not predicting returns
[anomaly] it 766: joint limit violated by 0.33 rad
[anomaly] it 766: contact penetration 2.9 cm
it  767 steps  75399168 sps   50,429 | ep_ret   23.77 ep_len  977.9 (n=26) | pg -0.003 vf 0.002 kl 0.0139 lr 7.6e-05
[anomaly] it 767: explained variance -0.02 < 0 after warm-up: value function not predicting returns
[anomaly] it 767: joint limit violated by 0.37 rad
[anomaly] it 767: contact penetration 2.8 cm
it  768 steps  75497472 sps   50,430 | ep_ret   24.95 ep_len 1000.0 (n=37) | pg -0.003 vf 0.001 kl 0.0121 lr 7.6e-05
[anomaly] it 768: explained variance -0.33 < 0 after warm-up: value function not predicting returns
[anomaly] it 768: joint limit violated by 0.33 rad
[anomaly] it 768: contact penetration 2.5 cm
it  769 steps  75595776 sps   50,431 | ep_ret   24.48 ep_len  994.3 (n=47) | pg -0.005 vf 0.001 kl 0.0118 lr 1.1e-04
[anomaly] it 769: joint limit violated by 0.36 rad
[anomaly] it 769: contact penetration 2.5 cm
it  770 steps  75694080 sps   50,432 | ep_ret   24.82 ep_len 1000.0 (n=34) | pg -0.002 vf 0.001 kl 0.0135 lr 1.1e-04
[anomaly] it 770: explained variance -0.09 < 0 after warm-up: value function not predicting returns
[anomaly] it 770: joint limit violated by 0.38 rad
[anomaly] it 770: contact penetration 2.7 cm
it  771 steps  75792384 sps   50,433 | ep_ret   24.69 ep_len 1000.0 (n=39) | pg -0.002 vf 0.002 kl 0.0147 lr 7.6e-05
[anomaly] it 771: explained variance -0.17 < 0 after warm-up: value function not predicting returns
[anomaly] it 771: joint limit violated by 0.36 rad
[anomaly] it 771: contact penetration 2.7 cm
it  772 steps  75890688 sps   50,434 | ep_ret   24.80 ep_len 1000.0 (n=45) | pg -0.003 vf 0.003 kl 0.0146 lr 1.1e-04
[anomaly] it 772: explained variance -0.80 < 0 after warm-up: value function not predicting returns
[anomaly] it 772: joint limit violated by 0.35 rad
[anomaly] it 772: contact penetration 2.8 cm
it  773 steps  75988992 sps   50,435 | ep_ret   24.41 ep_len  988.2 (n=56) | pg -0.003 vf 0.004 kl 0.0158 lr 1.1e-04
[anomaly] it 773: explained variance -0.60 < 0 after warm-up: value function not predicting returns
[anomaly] it 773: terminal-step reward dominates the episode: survival is being punished
[anomaly] it 773: joint limit violated by 0.43 rad
[anomaly] it 773: contact penetration 2.7 cm
it  774 steps  76087296 sps   50,436 | ep_ret   24.57 ep_len  990.6 (n=79) | pg -0.002 vf 0.001 kl 0.0119 lr 5.1e-05
[anomaly] it 774: explained variance -1.34 < 0 after warm-up: value function not predicting returns
[anomaly] it 774: terminal-step reward dominates the episode: survival is being punished
[anomaly] it 774: joint limit violated by 0.32 rad
[anomaly] it 774: contact penetration 2.6 cm
it  775 steps  76185600 sps   50,437 | ep_ret   23.94 ep_len  979.9 (n=75) | pg -0.003 vf 0.002 kl 0.0123 lr 5.1e-05
[anomaly] it 775: terminal-step reward dominates the episode: survival is being punished
[anomaly] it 775: joint limit violated by 0.34 rad
[anomaly] it 775: contact penetration 3.0 cm
it  776 steps  76283904 sps   50,437 | ep_ret   24.91 ep_len 1000.0 (n=88) | pg -0.004 vf 0.002 kl 0.0113 lr 1.1e-04
[anomaly] it 776: explained variance -0.49 < 0 after warm-up: value function not predicting returns
[anomaly] it 776: joint limit violated by 0.31 rad
[anomaly] it 776: contact penetration 2.6 cm
it  777 steps  76382208 sps   50,438 | ep_ret   24.81 ep_len 1000.0 (n=106) | pg -0.002 vf 0.001 kl 0.0137 lr 1.1e-04
[anomaly] it 777: explained variance -0.76 < 0 after warm-up: value function not predicting returns
[anomaly] it 777: joint limit violated by 0.44 rad
[anomaly] it 777: contact penetration 2.8 cm
it  778 steps  76480512 sps   50,439 | ep_ret   24.52 ep_len  993.7 (n=113) | pg -0.003 vf 0.001 kl 0.0124 lr 7.6e-05
[anomaly] it 778: explained variance -0.07 < 0 after warm-up: value function not predicting returns
[anomaly] it 778: terminal-step reward dominates the episode: survival is being punished
[anomaly] it 778: joint limit violated by 0.36 rad
[anomaly] it 778: contact penetration 2.9 cm
it  779 steps  76578816 sps   50,440 | ep_ret   24.97 ep_len 1000.0 (n=119) | pg -0.003 vf 0.001 kl 0.0157 lr 1.1e-04
[anomaly] it 779: explained variance -0.16 < 0 after warm-up: value function not predicting returns
[anomaly] it 779: joint limit violated by 0.32 rad
[anomaly] it 779: contact penetration 2.8 cm
it  780 steps  76677120 sps   50,441 | ep_ret   24.99 ep_len 1000.0 (n=170) | pg 0.000 vf 0.001 kl 0.0139 lr 5.1e-05
[anomaly] it 780: explained variance -0.30 < 0 after warm-up: value function not predicting returns
[anomaly] it 780: joint limit violated by 0.32 rad
[anomaly] it 780: contact penetration 2.8 cm
it  781 steps  76775424 sps   50,442 | ep_ret   24.90 ep_len 1000.0 (n=168) | pg -0.004 vf 0.002 kl 0.0098 lr 7.6e-05
[anomaly] it 781: explained variance -0.56 < 0 after warm-up: value function not predicting returns
[anomaly] it 781: joint limit violated by 0.42 rad
[anomaly] it 781: contact penetration 2.7 cm
it  782 steps  76873728 sps   50,443 | ep_ret   24.83 ep_len  996.4 (n=156) | pg -0.005 vf 0.001 kl 0.0107 lr 1.1e-04
[anomaly] it 782: explained variance -0.00 < 0 after warm-up: value function not predicting returns
[anomaly] it 782: terminal-step reward dominates the episode: survival is being punished
[anomaly] it 782: joint limit violated by 0.32 rad
[anomaly] it 782: contact penetration 3.2 cm
it  783 steps  76972032 sps   50,445 | ep_ret   24.91 ep_len 1000.0 (n=159) | pg -0.005 vf 0.001 kl 0.0119 lr 1.7e-04
[anomaly] it 783: explained variance -0.08 < 0 after warm-up: value function not predicting returns
[anomaly] it 783: joint limit violated by 0.33 rad
[anomaly] it 783: contact penetration 2.9 cm
it  784 steps  77070336 sps   50,446 | ep_ret   24.94 ep_len 1000.0 (n=158) | pg -0.001 vf 0.001 kl 0.0139 lr 7.6e-05
[anomaly] it 784: explained variance -0.09 < 0 after warm-up: value function not predicting returns
[anomaly] it 784: joint limit violated by 0.34 rad
[anomaly] it 784: contact penetration 2.9 cm
it  785 steps  77168640 sps   50,447 | ep_ret   24.98 ep_len 1000.0 (n=208) | pg -0.003 vf 0.001 kl 0.0127 lr 1.1e-04
[anomaly] it 785: explained variance -0.22 < 0 after warm-up: value function not predicting returns
[anomaly] it 785: joint limit violated by 0.38 rad
[anomaly] it 785: contact penetration 2.6 cm
it  786 steps  77266944 sps   50,448 | ep_ret   24.89 ep_len  995.8 (n=200) | pg -0.002 vf 0.002 kl 0.0127 lr 5.1e-05
[anomaly] it 786: explained variance -0.07 < 0 after warm-up: value function not predicting returns
[anomaly] it 786: terminal-step reward dominates the episode: survival is being punished
[anomaly] it 786: joint limit violated by 0.33 rad
[anomaly] it 786: contact penetration 3.3 cm
it  787 steps  77365248 sps   50,450 | ep_ret   24.99 ep_len 1000.0 (n=200) | pg -0.005 vf 0.001 kl 0.0111 lr 1.1e-04
[anomaly] it 787: explained variance -0.66 < 0 after warm-up: value function not predicting returns
[anomaly] it 787: joint limit violated by 0.33 rad
[anomaly] it 787: contact penetration 2.8 cm
it  788 steps  77463552 sps   50,451 | ep_ret   24.84 ep_len  995.1 (n=177) | pg -0.006 vf 0.001 kl 0.0130 lr 1.7e-04
[anomaly] it 788: explained variance -0.03 < 0 after warm-up: value function not predicting returns
[anomaly] it 788: terminal-step reward dominates the episode: survival is being punished
[anomaly] it 788: joint limit violated by 0.35 rad
[anomaly] it 788: contact penetration 2.8 cm
it  789 steps  77561856 sps   50,452 | ep_ret   25.00 ep_len 1000.0 (n=171) | pg -0.001 vf 0.001 kl 0.0123 lr 7.6e-05
[anomaly] it 789: explained variance -0.09 < 0 after warm-up: value function not predicting returns
[anomaly] it 789: joint limit violated by 0.35 rad
[anomaly] it 789: contact penetration 2.9 cm
it  790 steps  77660160 sps   50,453 | ep_ret   25.06 ep_len 1000.0 (n=160) | pg -0.005 vf 0.001 kl 0.0113 lr 1.1e-04
[anomaly] it 790: explained variance -0.08 < 0 after warm-up: value function not predicting returns
[anomaly] it 790: joint limit violated by 0.31 rad
[anomaly] it 790: contact penetration 3.1 cm
it  791 steps  77758464 sps   50,454 | ep_ret   25.07 ep_len 1000.0 (n=140) | pg -0.003 vf 0.001 kl 0.0149 lr 1.7e-04
[anomaly] it 791: explained variance -0.11 < 0 after warm-up: value function not predicting returns
[anomaly] it 791: joint limit violated by 0.30 rad
[anomaly] it 791: contact penetration 2.9 cm
it  792 steps  77856768 sps   50,455 | ep_ret   25.05 ep_len 1000.0 (n=145) | pg -0.000 vf 0.002 kl 0.0161 lr 5.1e-05
[anomaly] it 792: explained variance -0.21 < 0 after warm-up: value function not predicting returns
[anomaly] it 792: joint limit violated by 0.33 rad
[anomaly] it 792: contact penetration 2.9 cm
it  793 steps  77955072 sps   50,456 | ep_ret   24.99 ep_len  995.1 (n=138) | pg -0.003 vf 0.002 kl 0.0111 lr 7.6e-05
[anomaly] it 793: explained variance -0.30 < 0 after warm-up: value function not predicting returns
[anomaly] it 793: terminal-step reward dominates the episode: survival is being punished
[anomaly] it 793: joint limit violated by 0.37 rad
[anomaly] it 793: contact penetration 3.1 cm
it  794 steps  78053376 sps   50,457 | ep_ret   24.71 ep_len  989.3 (n=113) | pg -0.003 vf 0.002 kl 0.0129 lr 1.1e-04
[anomaly] it 794: terminal-step reward dominates the episode: survival is being punished
[anomaly] it 794: joint limit violated by 0.34 rad
[anomaly] it 794: contact penetration 2.7 cm
it  795 steps  78151680 sps   50,458 | ep_ret   25.10 ep_len 1000.0 (n=101) | pg -0.002 vf 0.001 kl 0.0120 lr 7.6e-05
[anomaly] it 795: explained variance -0.21 < 0 after warm-up: value function not predicting returns
[anomaly] it 795: joint limit violated by 0.34 rad
[anomaly] it 795: contact penetration 2.6 cm
it  796 steps  78249984 sps   50,459 | ep_ret   25.08 ep_len 1000.0 (n=96) | pg -0.004 vf 0.001 kl 0.0130 lr 1.1e-04
[anomaly] it 796: explained variance -0.31 < 0 after warm-up: value function not predicting returns
[anomaly] it 796: joint limit violated by 0.32 rad
[anomaly] it 796: contact penetration 2.8 cm
it  797 steps  78348288 sps   50,460 | ep_ret   25.14 ep_len 1000.0 (n=74) | pg -0.002 vf 0.001 kl 0.0129 lr 5.1e-05
[anomaly] it 797: explained variance -0.51 < 0 after warm-up: value function not predicting returns
[anomaly] it 797: joint limit violated by 0.32 rad
[anomaly] it 797: contact penetration 2.8 cm
it  798 steps  78446592 sps   50,462 | ep_ret   24.75 ep_len  993.7 (n=81) | pg -0.004 vf 0.002 kl 0.0130 lr 5.1e-05
[anomaly] it 798: explained variance -0.37 < 0 after warm-up: value function not predicting returns
[anomaly] it 798: joint limit violated by 0.29 rad
[anomaly] it 798: contact penetration 3.0 cm
it  799 steps  78544896 sps   50,463 | ep_ret   24.87 ep_len  993.2 (n=69) | pg -0.003 vf 0.003 kl 0.0141 lr 7.6e-05
[anomaly] it 799: explained variance -0.16 < 0 after warm-up: value function not predicting returns
[anomaly] it 799: joint limit violated by 0.36 rad
[anomaly] it 799: contact penetration 2.8 cm
it  800 steps  78643200 sps   50,464 | ep_ret   24.88 ep_len  991.8 (n=55) | pg -0.004 vf 0.001 kl 0.0129 lr 1.1e-04
[anomaly] it 800: explained variance -0.02 < 0 after warm-up: value function not predicting returns
[anomaly] it 800: joint limit violated by 0.37 rad
[anomaly] it 800: contact penetration 2.7 cm
it  801 steps  78741504 sps   50,465 | ep_ret   25.11 ep_len 1000.0 (n=44) | pg -0.002 vf 0.001 kl 0.0115 lr 5.1e-05
[anomaly] it 801: explained variance -0.07 < 0 after warm-up: value function not predicting returns
[anomaly] it 801: joint limit violated by 0.34 rad
[anomaly] it 801: contact penetration 2.7 cm
it  802 steps  78839808 sps   50,466 | ep_ret   25.28 ep_len 1000.0 (n=45) | pg -0.005 vf 0.001 kl 0.0115 lr 1.1e-04
[anomaly] it 802: explained variance -0.09 < 0 after warm-up: value function not predicting returns
[anomaly] it 802: joint limit violated by 0.34 rad
[anomaly] it 802: contact penetration 2.7 cm
it  803 steps  78938112 sps   50,468 | ep_ret   25.09 ep_len 1000.0 (n=50) | pg -0.003 vf 0.001 kl 0.0135 lr 1.1e-04
[anomaly] it 803: explained variance -0.09 < 0 after warm-up: value function not predicting returns
[anomaly] it 803: joint limit violated by 0.31 rad
[anomaly] it 803: contact penetration 2.8 cm
it  804 steps  79036416 sps   50,469 | ep_ret   25.14 ep_len 1000.0 (n=35) | pg -0.003 vf 0.002 kl 0.0146 lr 1.1e-04
[anomaly] it 804: explained variance -0.18 < 0 after warm-up: value function not predicting returns
[anomaly] it 804: joint limit violated by 0.30 rad
[anomaly] it 804: contact penetration 2.8 cm
it  805 steps  79134720 sps   50,470 | ep_ret   25.35 ep_len 1000.0 (n=36) | pg -0.002 vf 0.001 kl 0.0135 lr 7.6e-05
[anomaly] it 805: explained variance -0.62 < 0 after warm-up: value function not predicting returns
[anomaly] it 805: joint limit violated by 0.36 rad
[anomaly] it 805: contact penetration 2.7 cm
it  806 steps  79233024 sps   50,471 | ep_ret   24.30 ep_len  970.1 (n=45) | pg -0.005 vf 0.002 kl 0.0138 lr 1.1e-04
[anomaly] it 806: terminal-step reward dominates the episode: survival is being punished
[anomaly] it 806: joint limit violated by 0.32 rad
[anomaly] it 806: contact penetration 2.9 cm
it  807 steps  79331328 sps   50,472 | ep_ret   25.14 ep_len 1000.0 (n=30) | pg -0.001 vf 0.002 kl 0.0141 lr 5.1e-05
[anomaly] it 807: explained variance -0.41 < 0 after warm-up: value function not predicting returns
[anomaly] it 807: joint limit violated by 0.30 rad
[anomaly] it 807: contact penetration 2.8 cm
it  808 steps  79429632 sps   50,474 | ep_ret   24.57 ep_len  982.2 (n=25) | pg -0.005 vf 0.001 kl 0.0122 lr 1.1e-04
[anomaly] it 808: explained variance -0.22 < 0 after warm-up: value function not predicting returns
[anomaly] it 808: joint limit violated by 0.32 rad
[anomaly] it 808: contact penetration 2.8 cm
it  809 steps  79527936 sps   50,475 | ep_ret   24.70 ep_len  985.7 (n=30) | pg -0.003 vf 0.001 kl 0.0142 lr 1.7e-04
[anomaly] it 809: joint limit violated by 0.34 rad
[anomaly] it 809: contact penetration 2.6 cm
it  810 steps  79626240 sps   50,476 | ep_ret   25.21 ep_len 1000.0 (n=43) | pg 0.002 vf 0.001 kl 0.0180 lr 2.3e-05
[anomaly] it 810: explained variance -0.07 < 0 after warm-up: value function not predicting returns
[anomaly] it 810: joint limit violated by 0.36 rad
[anomaly] it 810: contact penetration 2.6 cm
it  811 steps  79724544 sps   50,477 | ep_ret   25.35 ep_len 1000.0 (n=40) | pg -0.004 vf 0.001 kl 0.0086 lr 5.1e-05
[anomaly] it 811: explained variance -0.20 < 0 after warm-up: value function not predicting returns
[anomaly] it 811: joint limit violated by 0.31 rad
[anomaly] it 811: contact penetration 2.8 cm
it  812 steps  79822848 sps   50,479 | ep_ret   25.47 ep_len 1000.0 (n=33) | pg -0.005 vf 0.001 kl 0.0124 lr 1.1e-04
[anomaly] it 812: explained variance -0.37 < 0 after warm-up: value function not predicting returns
[anomaly] it 812: joint limit violated by 0.31 rad
[anomaly] it 812: contact penetration 2.6 cm
it  813 steps  79921152 sps   50,480 | ep_ret   25.05 ep_len  991.4 (n=48) | pg -0.003 vf 0.002 kl 0.0145 lr 1.1e-04
[anomaly] it 813: explained variance -0.35 < 0 after warm-up: value function not predicting returns
[anomaly] it 813: joint limit violated by 0.39 rad
[anomaly] it 813: contact penetration 2.4 cm
it  814 steps  80019456 sps   50,482 | ep_ret   25.03 ep_len  991.2 (n=48) | pg -0.004 vf 0.003 kl 0.0140 lr 7.6e-05
[anomaly] it 814: explained variance -0.45 < 0 after warm-up: value function not predicting returns
[anomaly] it 814: joint limit violated by 0.31 rad
[anomaly] it 814: contact penetration 2.9 cm
it  815 steps  80117760 sps   50,483 | ep_ret   24.68 ep_len  987.1 (n=64) | pg -0.003 vf 0.003 kl 0.0115 lr 5.1e-05
[anomaly] it 815: explained variance -0.14 < 0 after warm-up: value function not predicting returns
[anomaly] it 815: terminal-step reward dominates the episode: survival is being punished
[anomaly] it 815: joint limit violated by 0.36 rad
[anomaly] it 815: contact penetration 2.6 cm
it  816 steps  80216064 sps   50,484 | ep_ret   25.02 ep_len  994.4 (n=81) | pg -0.003 vf 0.002 kl 0.0130 lr 1.1e-04
[anomaly] it 816: explained variance -0.48 < 0 after warm-up: value function not predicting returns
[anomaly] it 816: joint limit violated by 0.32 rad
[anomaly] it 816: contact penetration 2.8 cm
it  817 steps  80314368 sps   50,485 | ep_ret   25.21 ep_len  995.4 (n=83) | pg -0.004 vf 0.001 kl 0.0137 lr 7.6e-05
[anomaly] it 817: explained variance -0.38 < 0 after warm-up: value function not predicting returns
[anomaly] it 817: joint limit violated by 0.38 rad
[anomaly] it 817: contact penetration 3.2 cm
it  818 steps  80412672 sps   50,487 | ep_ret   24.90 ep_len  986.9 (n=84) | pg -0.003 vf 0.002 kl 0.0130 lr 5.1e-05
[anomaly] it 818: explained variance -0.11 < 0 after warm-up: value function not predicting returns
[anomaly] it 818: terminal-step reward dominates the episode: survival is being punished
[anomaly] it 818: joint limit violated by 0.33 rad
[anomaly] it 818: contact penetration 2.6 cm
it  819 steps  80510976 sps   50,488 | ep_ret   25.21 ep_len  996.4 (n=117) | pg -0.003 vf 0.002 kl 0.0144 lr 1.1e-04
[anomaly] it 819: explained variance -0.14 < 0 after warm-up: value function not predicting returns
[anomaly] it 819: terminal-step reward dominates the episode: survival is being punished
[anomaly] it 819: joint limit violated by 0.30 rad
[anomaly] it 819: contact penetration 2.7 cm
it  820 steps  80609280 sps   50,489 | ep_ret   25.34 ep_len 1000.0 (n=119) | pg -0.004 vf 0.001 kl 0.0146 lr 1.7e-04
[anomaly] it 820: explained variance -0.39 < 0 after warm-up: value function not predicting returns
[anomaly] it 820: joint limit violated by 0.36 rad
[anomaly] it 820: contact penetration 2.8 cm
it  821 steps  80707584 sps   50,491 | ep_ret   25.27 ep_len  996.9 (n=121) | pg 0.001 vf 0.001 kl 0.0165 lr 7.6e-05
[anomaly] it 821: explained variance -0.09 < 0 after warm-up: value function not predicting returns
[anomaly] it 821: terminal-step reward dominates the episode: survival is being punished
[anomaly] it 821: joint limit violated by 0.31 rad
[anomaly] it 821: contact penetration 3.2 cm
it  822 steps  80805888 sps   50,492 | ep_ret   25.38 ep_len 1000.0 (n=184) | pg -0.004 vf 0.001 kl 0.0109 lr 1.1e-04
[anomaly] it 822: explained variance -0.07 < 0 after warm-up: value function not predicting returns
[anomaly] it 822: joint limit violated by 0.33 rad
[anomaly] it 822: contact penetration 3.0 cm
it  823 steps  80904192 sps   50,494 | ep_ret   25.41 ep_len 1000.0 (n=156) | pg -0.003 vf 0.001 kl 0.0111 lr 7.6e-05
[anomaly] it 823: explained variance -0.08 < 0 after warm-up: value function not predicting returns
[anomaly] it 823: joint limit violated by 0.30 rad
[anomaly] it 823: contact penetration 2.7 cm
it  824 steps  81002496 sps   50,495 | ep_ret   25.43 ep_len 1000.0 (n=164) | pg -0.002 vf 0.000 kl 0.0112 lr 1.1e-04
[anomaly] it 824: explained variance -0.07 < 0 after warm-up: value function not predicting returns
[anomaly] it 824: joint limit violated by 0.38 rad
[anomaly] it 824: contact penetration 2.7 cm
it  825 steps  81100800 sps   50,496 | ep_ret   25.49 ep_len 1000.0 (n=159) | pg -0.002 vf 0.001 kl 0.0154 lr 7.6e-05
[anomaly] it 825: explained variance -0.07 < 0 after warm-up: value function not predicting returns
[anomaly] it 825: joint limit violated by 0.30 rad
[anomaly] it 825: contact penetration 3.2 cm
it  826 steps  81199104 sps   50,498 | ep_ret   25.49 ep_len 1000.0 (n=170) | pg -0.003 vf 0.002 kl 0.0121 lr 1.1e-04
[anomaly] it 826: explained variance -0.22 < 0 after warm-up: value function not predicting returns
[anomaly] it 826: joint limit violated by 0.34 rad
[anomaly] it 826: contact penetration 2.8 cm
it  827 steps  81297408 sps   50,498 | ep_ret   25.46 ep_len 1000.0 (n=200) | pg -0.003 vf 0.001 kl 0.0147 lr 1.1e-04
[anomaly] it 827: explained variance -0.48 < 0 after warm-up: value function not predicting returns
[anomaly] it 827: joint limit violated by 0.31 rad
[anomaly] it 827: contact penetration 2.8 cm
it  828 steps  81395712 sps   50,500 | ep_ret   25.38 ep_len  995.7 (n=209) | pg -0.001 vf 0.002 kl 0.0138 lr 3.4e-05
[anomaly] it 828: explained variance -0.42 < 0 after warm-up: value function not predicting returns
[anomaly] it 828: terminal-step reward dominates the episode: survival is being punished
[anomaly] it 828: joint limit violated by 0.32 rad
[anomaly] it 828: contact penetration 2.9 cm
it  829 steps  81494016 sps   50,501 | ep_ret   25.36 ep_len  996.1 (n=198) | pg -0.004 vf 0.001 kl 0.0111 lr 7.6e-05
[anomaly] it 829: terminal-step reward dominates the episode: survival is being punished
[anomaly] it 829: joint limit violated by 0.30 rad
[anomaly] it 829: contact penetration 2.5 cm
it  830 steps  81592320 sps   50,502 | ep_ret   25.47 ep_len 1000.0 (n=169) | pg -0.004 vf 0.001 kl 0.0114 lr 1.1e-04
[anomaly] it 830: explained variance -0.09 < 0 after warm-up: value function not predicting returns
[anomaly] it 830: joint limit violated by 0.33 rad
[anomaly] it 830: contact penetration 3.0 cm
it  831 steps  81690624 sps   50,504 | ep_ret   25.55 ep_len 1000.0 (n=163) | pg -0.002 vf 0.001 kl 0.0125 lr 7.6e-05
[anomaly] it 831: explained variance -0.37 < 0 after warm-up: value function not predicting returns
[anomaly] it 831: joint limit violated by 0.30 rad
[anomaly] it 831: contact penetration 2.8 cm
it  832 steps  81788928 sps   50,505 | ep_ret   25.34 ep_len  994.5 (n=150) | pg -0.003 vf 0.001 kl 0.0133 lr 1.1e-04
[anomaly] it 832: explained variance -0.01 < 0 after warm-up: value function not predicting returns
[anomaly] it 832: terminal-step reward dominates the episode: survival is being punished
[anomaly] it 832: joint limit violated by 0.37 rad
[anomaly] it 832: contact penetration 2.7 cm
it  833 steps  81887232 sps   50,507 | ep_ret   25.68 ep_len 1000.0 (n=131) | pg -0.002 vf 0.001 kl 0.0127 lr 5.1e-05
[anomaly] it 833: explained variance -0.38 < 0 after warm-up: value function not predicting returns
[anomaly] it 833: joint limit violated by 0.30 rad
[anomaly] it 833: contact penetration 2.7 cm
it  834 steps  81985536 sps   50,508 | ep_ret   25.46 ep_len  998.5 (n=153) | pg -0.003 vf 0.002 kl 0.0129 lr 7.6e-05
[anomaly] it 834: explained variance -0.16 < 0 after warm-up: value function not predicting returns
[anomaly] it 834: terminal-step reward dominates the episode: survival is being punished
[anomaly] it 834: joint limit violated by 0.33 rad
[anomaly] it 834: contact penetration 2.7 cm
it  835 steps  82083840 sps   50,509 | ep_ret   25.67 ep_len 1000.0 (n=128) | pg -0.003 vf 0.001 kl 0.0124 lr 1.1e-04
[anomaly] it 835: explained variance -0.67 < 0 after warm-up: value function not predicting returns
[anomaly] it 835: joint limit violated by 0.43 rad
[anomaly] it 835: contact penetration 2.5 cm
it  836 steps  82182144 sps   50,511 | ep_ret   25.33 ep_len  997.0 (n=108) | pg -0.002 vf 0.001 kl 0.0122 lr 5.1e-05
[anomaly] it 836: terminal-step reward dominates the episode: survival is being punished
[anomaly] it 836: joint limit violated by 0.33 rad
[anomaly] it 836: contact penetration 3.0 cm
it  837 steps  82280448 sps   50,513 | ep_ret   25.64 ep_len 1000.0 (n=96) | pg -0.005 vf 0.001 kl 0.0093 lr 7.6e-05
[anomaly] it 837: explained variance -0.07 < 0 after warm-up: value function not predicting returns
[anomaly] it 837: joint limit violated by 0.31 rad
[anomaly] it 837: contact penetration 2.9 cm
it  838 steps  82378752 sps   50,514 | ep_ret   25.64 ep_len 1000.0 (n=95) | pg -0.006 vf 0.001 kl 0.0106 lr 1.1e-04
[anomaly] it 838: explained variance -0.07 < 0 after warm-up: value function not predicting returns
[anomaly] it 838: joint limit violated by 0.33 rad
[anomaly] it 838: contact penetration 2.9 cm
it  839 steps  82477056 sps   50,516 | ep_ret   25.66 ep_len 1000.0 (n=69) | pg -0.002 vf 0.002 kl 0.0127 lr 5.1e-05
[anomaly] it 839: explained variance -0.23 < 0 after warm-up: value function not predicting returns
[anomaly] it 839: joint limit violated by 0.35 rad
[anomaly] it 839: contact penetration 2.5 cm
it  840 steps  82575360 sps   50,515 | ep_ret   25.64 ep_len 1000.0 (n=82) | pg -0.004 vf 0.002 kl 0.0123 lr 1.1e-04
[anomaly] it 840: explained variance -0.54 < 0 after warm-up: value function not predicting returns
[anomaly] it 840: joint limit violated by 0.34 rad
[anomaly] it 840: contact penetration 3.6 cm
it  841 steps  82673664 sps   50,516 | ep_ret   25.52 ep_len  994.3 (n=70) | pg -0.003 vf 0.001 kl 0.0163 lr 1.1e-04
[anomaly] it 841: explained variance -0.62 < 0 after warm-up: value function not predicting returns
[anomaly] it 841: joint limit violated by 0.34 rad
[anomaly] it 841: contact penetration 2.9 cm
it  842 steps  82771968 sps   50,517 | ep_ret   24.37 ep_len  964.8 (n=45) | pg -0.002 vf 0.002 kl 0.0140 lr 7.6e-05
[anomaly] it 842: explained variance -0.05 < 0 after warm-up: value function not predicting returns
[anomaly] it 842: terminal-step reward dominates the episode: survival is being punished
[anomaly] it 842: joint limit violated by 0.32 rad
[anomaly] it 842: contact penetration 2.8 cm
it  843 steps  82870272 sps   50,519 | ep_ret   25.57 ep_len 1000.0 (n=43) | pg -0.004 vf 0.001 kl 0.0127 lr 1.1e-04
[anomaly] it 843: explained variance -0.38 < 0 after warm-up: value function not predicting returns
[anomaly] it 843: joint limit violated by 0.35 rad
[anomaly] it 843: contact penetration 2.7 cm
it  844 steps  82968576 sps   50,520 | ep_ret   25.31 ep_len  992.5 (n=51) | pg -0.003 vf 0.001 kl 0.0145 lr 7.6e-05
[anomaly] it 844: explained variance -0.02 < 0 after warm-up: value function not predicting returns
[anomaly] it 844: joint limit violated by 0.38 rad
[anomaly] it 844: contact penetration 2.7 cm
it  845 steps  83066880 sps   50,522 | ep_ret   25.84 ep_len 1000.0 (n=38) | pg -0.003 vf 0.001 kl 0.0109 lr 7.6e-05
[anomaly] it 845: explained variance -0.07 < 0 after warm-up: value function not predicting returns
[anomaly] it 845: joint limit violated by 0.33 rad
[anomaly] it 845: contact penetration 2.8 cm
it  846 steps  83165184 sps   50,524 | ep_ret   25.68 ep_len 1000.0 (n=39) | pg -0.004 vf 0.001 kl 0.0138 lr 7.6e-05
[anomaly] it 846: explained variance -0.06 < 0 after warm-up: value function not predicting returns
[anomaly] it 846: joint limit violated by 0.32 rad
[anomaly] it 846: contact penetration 2.6 cm
it  847 steps  83263488 sps   50,525 | ep_ret   25.70 ep_len 1000.0 (n=39) | pg -0.003 vf 0.003 kl 0.0125 lr 7.6e-05
[anomaly] it 847: explained variance -0.16 < 0 after warm-up: value function not predicting returns
[anomaly] it 847: joint limit violated by 0.39 rad
[anomaly] it 847: contact penetration 3.1 cm
it  848 steps  83361792 sps   50,524 | ep_ret   25.80 ep_len 1000.0 (n=40) | pg -0.004 vf 0.001 kl 0.0130 lr 1.1e-04
[anomaly] it 848: explained variance -0.52 < 0 after warm-up: value function not predicting returns
[anomaly] it 848: joint limit violated by 0.34 rad
[anomaly] it 848: contact penetration 2.7 cm
it  849 steps  83460096 sps   50,525 | ep_ret   25.06 ep_len  982.6 (n=28) | pg -0.003 vf 0.001 kl 0.0133 lr 7.6e-05
[anomaly] it 849: explained variance -0.38 < 0 after warm-up: value function not predicting returns
[anomaly] it 849: joint limit violated by 0.33 rad
[anomaly] it 849: contact penetration 2.6 cm
it  850 steps  83558400 sps   50,526 | ep_ret   25.36 ep_len  997.0 (n=28) | pg -0.003 vf 0.001 kl 0.0142 lr 1.1e-04
[anomaly] it 850: explained variance -0.08 < 0 after warm-up: value function not predicting returns
[anomaly] it 850: joint limit violated by 0.36 rad
[anomaly] it 850: contact penetration 2.9 cm
it  851 steps  83656704 sps   50,528 | ep_ret   25.72 ep_len 1000.0 (n=33) | pg -0.003 vf 0.002 kl 0.0152 lr 1.1e-04
[anomaly] it 851: explained variance -0.14 < 0 after warm-up: value function not predicting returns
[anomaly] it 851: joint limit violated by 0.33 rad
[anomaly] it 851: contact penetration 2.8 cm
it  852 steps  83755008 sps   50,529 | ep_ret   25.62 ep_len  990.8 (n=48) | pg -0.003 vf 0.001 kl 0.0151 lr 1.1e-04
[anomaly] it 852: joint limit violated by 0.31 rad
[anomaly] it 852: contact penetration 2.8 cm
it  853 steps  83853312 sps   50,530 | ep_ret   25.83 ep_len 1000.0 (n=29) | pg -0.004 vf 0.001 kl 0.0143 lr 1.1e-04
[anomaly] it 853: explained variance -0.11 < 0 after warm-up: value function not predicting returns
[anomaly] it 853: joint limit violated by 0.36 rad
[anomaly] it 853: contact penetration 3.0 cm
it  854 steps  83951616 sps   50,531 | ep_ret   25.81 ep_len 1000.0 (n=39) | pg -0.004 vf 0.001 kl 0.0131 lr 7.6e-05
[anomaly] it 854: explained variance -0.11 < 0 after warm-up: value function not predicting returns
[anomaly] it 854: joint limit violated by 0.34 rad
[anomaly] it 854: contact penetration 2.9 cm
it  855 steps  84049920 sps   50,531 | ep_ret   25.84 ep_len 1000.0 (n=49) | pg -0.004 vf 0.001 kl 0.0129 lr 1.1e-04
[anomaly] it 855: explained variance -0.08 < 0 after warm-up: value function not predicting returns
[anomaly] it 855: joint limit violated by 0.35 rad
[anomaly] it 855: contact penetration 2.9 cm
it  856 steps  84148224 sps   50,531 | ep_ret   25.74 ep_len 1000.0 (n=53) | pg -0.003 vf 0.001 kl 0.0146 lr 1.7e-04
[anomaly] it 856: explained variance -0.07 < 0 after warm-up: value function not predicting returns
[anomaly] it 856: joint limit violated by 0.34 rad
[anomaly] it 856: contact penetration 2.5 cm
it  857 steps  84246528 sps   50,532 | ep_ret   25.80 ep_len 1000.0 (n=69) | pg -0.001 vf 0.001 kl 0.0143 lr 7.6e-05
[anomaly] it 857: explained variance -0.07 < 0 after warm-up: value function not predicting returns
[anomaly] it 857: joint limit violated by 0.31 rad
[anomaly] it 857: contact penetration 2.6 cm
it  858 steps  84344832 sps   50,533 | ep_ret   25.74 ep_len 1000.0 (n=76) | pg -0.004 vf 0.001 kl 0.0137 lr 1.1e-04
[anomaly] it 858: explained variance -0.07 < 0 after warm-up: value function not predicting returns
[anomaly] it 858: joint limit violated by 0.34 rad
[anomaly] it 858: contact penetration 2.8 cm
it  859 steps  84443136 sps   50,533 | ep_ret   25.92 ep_len 1000.0 (n=83) | pg -0.003 vf 0.002 kl 0.0129 lr 7.6e-05
[anomaly] it 859: explained variance -0.18 < 0 after warm-up: value function not predicting returns
[anomaly] it 859: joint limit violated by 0.30 rad
[anomaly] it 859: contact penetration 2.6 cm
it  860 steps  84541440 sps   50,534 | ep_ret   25.72 ep_len  995.5 (n=96) | pg -0.002 vf 0.003 kl 0.0135 lr 2.3e-05
[anomaly] it 860: explained variance -0.08 < 0 after warm-up: value function not predicting returns
[anomaly] it 860: joint limit violated by 0.32 rad
[anomaly] it 860: contact penetration 2.8 cm
it  861 steps  84639744 sps   50,535 | ep_ret   25.80 ep_len 1000.0 (n=118) | pg -0.003 vf 0.002 kl 0.0098 lr 5.1e-05
[anomaly] it 861: explained variance -0.82 < 0 after warm-up: value function not predicting returns
[anomaly] it 861: joint limit violated by 0.32 rad
[anomaly] it 861: contact penetration 2.9 cm
it  862 steps  84738048 sps   50,534 | ep_ret   25.64 ep_len  994.2 (n=119) | pg -0.002 vf 0.001 kl 0.0134 lr 7.6e-05
[anomaly] it 862: explained variance -0.56 < 0 after warm-up: value function not predicting returns
[anomaly] it 862: terminal-step reward dominates the episode: survival is being punished
[anomaly] it 862: joint limit violated by 0.29 rad
[anomaly] it 862: contact penetration 2.7 cm
it  863 steps  84836352 sps   50,534 | ep_ret   25.65 ep_len  994.6 (n=151) | pg -0.004 vf 0.001 kl 0.0128 lr 1.1e-04
[anomaly] it 863: explained variance -0.16 < 0 after warm-up: value function not predicting returns
[anomaly] it 863: terminal-step reward dominates the episode: survival is being punished
[anomaly] it 863: joint limit violated by 0.35 rad
[anomaly] it 863: contact penetration 3.1 cm
it  864 steps  84934656 sps   50,535 | ep_ret   25.85 ep_len  997.6 (n=172) | pg -0.002 vf 0.001 kl 0.0153 lr 1.1e-04
[anomaly] it 864: explained variance -0.07 < 0 after warm-up: value function not predicting returns
[anomaly] it 864: terminal-step reward dominates the episode: survival is being punished
[anomaly] it 864: joint limit violated by 0.35 rad
[anomaly] it 864: contact penetration 2.7 cm
it  865 steps  85032960 sps   50,537 | ep_ret   26.04 ep_len 1000.0 (n=158) | pg -0.002 vf 0.001 kl 0.0131 lr 1.1e-04
[anomaly] it 865: explained variance -0.37 < 0 after warm-up: value function not predicting returns
[anomaly] it 865: joint limit violated by 0.35 rad
[anomaly] it 865: contact penetration 2.6 cm
it  866 steps  85131264 sps   50,539 | ep_ret   25.84 ep_len  998.7 (n=154) | pg -0.002 vf 0.001 kl 0.0117 lr 7.6e-05
[anomaly] it 866: explained variance -0.02 < 0 after warm-up: value function not predicting returns
[anomaly] it 866: terminal-step reward dominates the episode: survival is being punished
[anomaly] it 866: joint limit violated by 0.34 rad
[anomaly] it 866: contact penetration 2.9 cm
it  867 steps  85229568 sps   50,541 | ep_ret   25.91 ep_len 1000.0 (n=169) | pg -0.003 vf 0.002 kl 0.0139 lr 7.6e-05
[anomaly] it 867: explained variance -0.12 < 0 after warm-up: value function not predicting returns
[anomaly] it 867: joint limit violated by 0.30 rad
[anomaly] it 867: contact penetration 2.6 cm
it  868 steps  85327872 sps   50,541 | ep_ret   26.01 ep_len 1000.0 (n=183) | pg -0.003 vf 0.002 kl 0.0140 lr 7.6e-05
[anomaly] it 868: explained variance -0.61 < 0 after warm-up: value function not predicting returns
[anomaly] it 868: joint limit violated by 0.36 rad
[anomaly] it 868: contact penetration 3.2 cm
it  869 steps  85426176 sps   50,541 | ep_ret   25.94 ep_len  998.5 (n=201) | pg -0.005 vf 0.001 kl 0.0118 lr 1.1e-04
[anomaly] it 869: explained variance -0.82 < 0 after warm-up: value function not predicting returns
[anomaly] it 869: terminal-step reward dominates the episode: survival is being punished
[anomaly] it 869: joint limit violated by 0.35 rad
[anomaly] it 869: contact penetration 2.7 cm
it  870 steps  85524480 sps   50,542 | ep_ret   25.78 ep_len  996.0 (n=213) | pg -0.002 vf 0.001 kl 0.0154 lr 5.1e-05
[anomaly] it 870: terminal-step reward dominates the episode: survival is being punished
[anomaly] it 870: joint limit violated by 0.29 rad
[anomaly] it 870: contact penetration 2.7 cm
it  871 steps  85622784 sps   50,542 | ep_ret   25.99 ep_len 1000.0 (n=185) | pg -0.003 vf 0.003 kl 0.0113 lr 3.4e-05
[anomaly] it 871: explained variance -0.61 < 0 after warm-up: value function not predicting returns
[anomaly] it 871: joint limit violated by 0.36 rad
[anomaly] it 871: contact penetration 3.0 cm
it  872 steps  85721088 sps   50,544 | ep_ret   25.82 ep_len  995.4 (n=168) | pg -0.003 vf 0.001 kl 0.0110 lr 7.6e-05
[anomaly] it 872: explained variance -0.48 < 0 after warm-up: value function not predicting returns
[anomaly] it 872: terminal-step reward dominates the episode: survival is being punished
[anomaly] it 872: joint limit violated by 0.37 rad
[anomaly] it 872: contact penetration 2.7 cm
it  873 steps  85819392 sps   50,545 | ep_ret   25.66 ep_len  990.1 (n=169) | pg -0.003 vf 0.001 kl 0.0131 lr 1.1e-04
[anomaly] it 873: terminal-step reward dominates the episode: survival is being punished
[anomaly] it 873: joint limit violated by 0.38 rad
[anomaly] it 873: contact penetration 2.8 cm
it  874 steps  85917696 sps   50,546 | ep_ret   26.00 ep_len 1000.0 (n=146) | pg -0.002 vf 0.003 kl 0.0116 lr 5.1e-05
[anomaly] it 874: explained variance -0.17 < 0 after warm-up: value function not predicting returns
[anomaly] it 874: joint limit violated by 0.34 rad
[anomaly] it 874: contact penetration 3.3 cm
it  875 steps  86016000 sps   50,547 | ep_ret   26.00 ep_len  999.6 (n=130) | pg -0.003 vf 0.002 kl 0.0131 lr 7.6e-05
[anomaly] it 875: explained variance -0.04 < 0 after warm-up: value function not predicting returns
[anomaly] it 875: terminal-step reward dominates the episode: survival is being punished
[anomaly] it 875: joint limit violated by 0.36 rad
[anomaly] it 875: contact penetration 3.0 cm
it  876 steps  86114304 sps   50,546 | ep_ret   26.09 ep_len 1000.0 (n=144) | pg -0.002 vf 0.001 kl 0.0128 lr 7.6e-05
[anomaly] it 876: explained variance -0.43 < 0 after warm-up: value function not predicting returns
[anomaly] it 876: joint limit violated by 0.30 rad
[anomaly] it 876: contact penetration 3.0 cm
it  877 steps  86212608 sps   50,546 | ep_ret   25.90 ep_len  992.9 (n=118) | pg -0.004 vf 0.001 kl 0.0125 lr 1.1e-04
[anomaly] it 877: explained variance -0.04 < 0 after warm-up: value function not predicting returns
[anomaly] it 877: terminal-step reward dominates the episode: survival is being punished
[anomaly] it 877: joint limit violated by 0.35 rad
[anomaly] it 877: contact penetration 2.7 cm
it  878 steps  86310912 sps   50,548 | ep_ret   26.09 ep_len 1000.0 (n=105) | pg -0.001 vf 0.001 kl 0.0124 lr 3.4e-05
[anomaly] it 878: explained variance -0.19 < 0 after warm-up: value function not predicting returns
[anomaly] it 878: joint limit violated by 0.33 rad
[anomaly] it 878: contact penetration 2.7 cm
it  879 steps  86409216 sps   50,550 | ep_ret   25.78 ep_len  992.5 (n=99) | pg -0.004 vf 0.001 kl 0.0101 lr 7.6e-05
[anomaly] it 879: terminal-step reward dominates the episode: survival is being punished
[anomaly] it 879: joint limit violated by 0.35 rad
[anomaly] it 879: contact penetration 2.7 cm
it  880 steps  86507520 sps   50,551 | ep_ret   26.08 ep_len 1000.0 (n=79) | pg -0.004 vf 0.001 kl 0.0120 lr 1.1e-04
[anomaly] it 880: explained variance -0.08 < 0 after warm-up: value function not predicting returns
[anomaly] it 880: joint limit violated by 0.40 rad
[anomaly] it 880: contact penetration 2.8 cm
it  881 steps  86605824 sps   50,552 | ep_ret   26.09 ep_len 1000.0 (n=79) | pg -0.000 vf 0.001 kl 0.0153 lr 2.3e-05
[anomaly] it 881: explained variance -0.07 < 0 after warm-up: value function not predicting returns
[anomaly] it 881: joint limit violated by 0.32 rad
[anomaly] it 881: contact penetration 2.6 cm
it  882 steps  86704128 sps   50,552 | ep_ret   26.15 ep_len 1000.0 (n=75) | pg -0.004 vf 0.001 kl 0.0094 lr 5.1e-05
[anomaly] it 882: explained variance -0.10 < 0 after warm-up: value function not predicting returns
[anomaly] it 882: joint limit violated by 0.33 rad
[anomaly] it 882: contact penetration 2.7 cm
it  883 steps  86802432 sps   50,552 | ep_ret   26.09 ep_len 1000.0 (n=62) | pg -0.003 vf 0.001 kl 0.0100 lr 5.1e-05
[anomaly] it 883: explained variance -0.36 < 0 after warm-up: value function not predicting returns
[anomaly] it 883: joint limit violated by 0.32 rad
[anomaly] it 883: contact penetration 2.6 cm
it  884 steps  86900736 sps   50,551 | ep_ret   25.71 ep_len  990.6 (n=44) | pg -0.005 vf 0.001 kl 0.0131 lr 1.1e-04
[anomaly] it 884: explained variance -0.02 < 0 after warm-up: value function not predicting returns
[anomaly] it 884: joint limit violated by 0.39 rad
[anomaly] it 884: contact penetration 2.8 cm
it  885 steps  86999040 sps   50,551 | ep_ret   26.07 ep_len 1000.0 (n=42) | pg -0.002 vf 0.003 kl 0.0139 lr 7.6e-05
[anomaly] it 885: explained variance -0.20 < 0 after warm-up: value function not predicting returns
[anomaly] it 885: joint limit violated by 0.36 rad
[anomaly] it 885: contact penetration 3.0 cm
it  886 steps  87097344 sps   50,553 | ep_ret   25.84 ep_len  992.5 (n=58) | pg -0.004 vf 0.003 kl 0.0122 lr 5.1e-05
[anomaly] it 886: explained variance -0.25 < 0 after warm-up: value function not predicting returns
[anomaly] it 886: joint limit violated by 0.32 rad
[anomaly] it 886: contact penetration 2.9 cm
it  887 steps  87195648 sps   50,554 | ep_ret   25.69 ep_len  984.8 (n=26) | pg -0.003 vf 0.003 kl 0.0133 lr 3.4e-05
[anomaly] it 887: explained variance -0.79 < 0 after warm-up: value function not predicting returns
[anomaly] it 887: joint limit violated by 0.33 rad
[anomaly] it 887: contact penetration 2.5 cm
it  888 steps  87293952 sps   50,555 | ep_ret   25.12 ep_len  973.4 (n=40) | pg -0.002 vf 0.002 kl 0.0130 lr 5.1e-05
[anomaly] it 888: explained variance -0.36 < 0 after warm-up: value function not predicting returns
[anomaly] it 888: terminal-step reward dominates the episode: survival is being punished
[anomaly] it 888: joint limit violated by 0.33 rad
[anomaly] it 888: contact penetration 3.1 cm
it  889 steps  87392256 sps   50,555 | ep_ret   25.79 ep_len  991.0 (n=44) | pg -0.003 vf 0.004 kl 0.0144 lr 7.6e-05
[anomaly] it 889: explained variance -0.48 < 0 after warm-up: value function not predicting returns
[anomaly] it 889: joint limit violated by 0.33 rad
[anomaly] it 889: contact penetration 2.7 cm
it  890 steps  87490560 sps   50,554 | ep_ret   25.71 ep_len  987.7 (n=35) | pg -0.003 vf 0.001 kl 0.0131 lr 1.1e-04
[anomaly] it 890: explained variance -0.67 < 0 after warm-up: value function not predicting returns
[anomaly] it 890: joint limit violated by 0.35 rad
[anomaly] it 890: contact penetration 2.8 cm
it  891 steps  87588864 sps   50,554 | ep_ret   25.11 ep_len  976.0 (n=30) | pg -0.002 vf 0.001 kl 0.0132 lr 7.6e-05
[anomaly] it 891: explained variance -0.04 < 0 after warm-up: value function not predicting returns
[anomaly] it 891: terminal-step reward dominates the episode: survival is being punished
[anomaly] it 891: joint limit violated by 0.32 rad
[anomaly] it 891: contact penetration 2.6 cm
it  892 steps  87687168 sps   50,555 | ep_ret   26.17 ep_len 1000.0 (n=26) | pg -0.004 vf 0.002 kl 0.0129 lr 1.1e-04
[anomaly] it 892: explained variance -0.19 < 0 after warm-up: value function not predicting returns
[anomaly] it 892: joint limit violated by 0.33 rad
[anomaly] it 892: contact penetration 2.8 cm
it  893 steps  87785472 sps   50,556 | ep_ret   26.11 ep_len 1000.0 (n=37) | pg -0.004 vf 0.001 kl 0.0135 lr 7.6e-05
[anomaly] it 893: explained variance -0.69 < 0 after warm-up: value function not predicting returns
[anomaly] it 893: joint limit violated by 0.33 rad
[anomaly] it 893: contact penetration 3.0 cm
it  894 steps  87883776 sps   50,557 | ep_ret   25.44 ep_len  980.1 (n=49) | pg -0.003 vf 0.002 kl 0.0154 lr 7.6e-05
[anomaly] it 894: explained variance -0.07 < 0 after warm-up: value function not predicting returns
[anomaly] it 894: terminal-step reward dominates the episode: survival is being punished
[anomaly] it 894: joint limit violated by 0.35 rad
[anomaly] it 894: contact penetration 2.9 cm
it  895 steps  87982080 sps   50,557 | ep_ret   26.14 ep_len 1000.0 (n=33) | pg -0.002 vf 0.003 kl 0.0124 lr 5.1e-05
[anomaly] it 895: explained variance -0.62 < 0 after warm-up: value function not predicting returns
[anomaly] it 895: joint limit violated by 0.34 rad
[anomaly] it 895: contact penetration 2.9 cm
it  896 steps  88080384 sps   50,556 | ep_ret   25.92 ep_len  990.9 (n=41) | pg -0.004 vf 0.003 kl 0.0119 lr 7.6e-05
[anomaly] it 896: explained variance -0.62 < 0 after warm-up: value function not predicting returns
[anomaly] it 896: joint limit violated by 0.33 rad
[anomaly] it 896: contact penetration 3.5 cm
it  897 steps  88178688 sps   50,555 | ep_ret   25.78 ep_len  990.9 (n=48) | pg -0.004 vf 0.002 kl 0.0145 lr 1.1e-04
[anomaly] it 897: explained variance -0.37 < 0 after warm-up: value function not predicting returns
[anomaly] it 897: terminal-step reward dominates the episode: survival is being punished
[anomaly] it 897: joint limit violated by 0.31 rad
[anomaly] it 897: contact penetration 2.7 cm
it  898 steps  88276992 sps   50,555 | ep_ret   25.87 ep_len  990.6 (n=58) | pg 0.000 vf 0.001 kl 0.0154 lr 5.1e-05
[anomaly] it 898: explained variance -0.14 < 0 after warm-up: value function not predicting returns
[anomaly] it 898: joint limit violated by 0.33 rad
[anomaly] it 898: contact penetration 2.7 cm
it  899 steps  88375296 sps   50,556 | ep_ret   26.31 ep_len 1000.0 (n=79) | pg -0.004 vf 0.001 kl 0.0126 lr 7.6e-05
[anomaly] it 899: explained variance -0.49 < 0 after warm-up: value function not predicting returns
[anomaly] it 899: joint limit violated by 0.34 rad
[anomaly] it 899: contact penetration 2.8 cm
it  900 steps  88473600 sps   50,556 | ep_ret   26.33 ep_len 1000.0 (n=75) | pg -0.003 vf 0.001 kl 0.0124 lr 7.6e-05
[anomaly] it 900: explained variance -0.69 < 0 after warm-up: value function not predicting returns
[anomaly] it 900: joint limit violated by 0.35 rad
[anomaly] it 900: contact penetration 2.8 cm
it  901 steps  88571904 sps   50,557 | ep_ret   25.93 ep_len  994.4 (n=89) | pg -0.003 vf 0.001 kl 0.0117 lr 7.6e-05
[anomaly] it 901: explained variance -0.26 < 0 after warm-up: value function not predicting returns
[anomaly] it 901: terminal-step reward dominates the episode: survival is being punished
[anomaly] it 901: joint limit violated by 0.33 rad
[anomaly] it 901: contact penetration 2.6 cm
it  902 steps  88670208 sps   50,556 | ep_ret   26.16 ep_len  995.9 (n=106) | pg -0.003 vf 0.001 kl 0.0133 lr 1.1e-04
[anomaly] it 902: explained variance -0.07 < 0 after warm-up: value function not predicting returns
[anomaly] it 902: terminal-step reward dominates the episode: survival is being punished
[anomaly] it 902: joint limit violated by 0.35 rad
[anomaly] it 902: contact penetration 2.9 cm
it  903 steps  88768512 sps   50,554 | ep_ret   26.28 ep_len 1000.0 (n=115) | pg 0.000 vf 0.001 kl 0.0141 lr 5.1e-05
[anomaly] it 903: explained variance -0.39 < 0 after warm-up: value function not predicting returns
[anomaly] it 903: joint limit violated by 0.29 rad
[anomaly] it 903: contact penetration 2.7 cm
it  904 steps  88866816 sps   50,554 | ep_ret   26.06 ep_len  993.4 (n=121) | pg -0.002 vf 0.002 kl 0.0119 lr 7.6e-05
[anomaly] it 904: explained variance -0.08 < 0 after warm-up: value function not predicting returns
[anomaly] it 904: terminal-step reward dominates the episode: survival is being punished
[anomaly] it 904: joint limit violated by 0.32 rad
[anomaly] it 904: contact penetration 2.7 cm
it  905 steps  88965120 sps   50,553 | ep_ret   26.16 ep_len  997.9 (n=167) | pg -0.003 vf 0.001 kl 0.0131 lr 7.6e-05
[anomaly] it 905: terminal-step reward dominates the episode: survival is being punished
[anomaly] it 905: joint limit violated by 0.32 rad
[anomaly] it 905: contact penetration 3.0 cm
it  906 steps  89063424 sps   50,553 | ep_ret   26.25 ep_len 1000.0 (n=167) | pg -0.004 vf 0.001 kl 0.0120 lr 1.1e-04
[anomaly] it 906: explained variance -0.08 < 0 after warm-up: value function not predicting returns
[anomaly] it 906: joint limit violated by 0.41 rad
[anomaly] it 906: contact penetration 2.7 cm
it  907 steps  89161728 sps   50,554 | ep_ret   26.24 ep_len 1000.0 (n=154) | pg -0.002 vf 0.001 kl 0.0126 lr 7.6e-05
[anomaly] it 907: explained variance -0.07 < 0 after warm-up: value function not predicting returns
[anomaly] it 907: joint limit violated by 0.30 rad
[anomaly] it 907: contact penetration 3.1 cm
it  908 steps  89260032 sps   50,555 | ep_ret   26.34 ep_len 1000.0 (n=158) | pg -0.003 vf 0.001 kl 0.0144 lr 5.1e-05
[anomaly] it 908: explained variance -0.08 < 0 after warm-up: value function not predicting returns
[anomaly] it 908: joint limit violated by 0.31 rad
[anomaly] it 908: contact penetration 3.0 cm
it  909 steps  89358336 sps   50,554 | ep_ret   26.29 ep_len 1000.0 (n=158) | pg -0.002 vf 0.002 kl 0.0144 lr 1.1e-04
[anomaly] it 909: explained variance -0.29 < 0 after warm-up: value function not predicting returns
[anomaly] it 909: joint limit violated by 0.31 rad
[anomaly] it 909: contact penetration 2.7 cm
it  910 steps  89456640 sps   50,552 | ep_ret   26.24 ep_len  995.8 (n=207) | pg 0.003 vf 0.001 kl 0.0162 lr 3.4e-05
[anomaly] it 910: explained variance -0.22 < 0 after warm-up: value function not predicting returns
[anomaly] it 910: terminal-step reward dominates the episode: survival is being punished
[anomaly] it 910: joint limit violated by 0.31 rad
[anomaly] it 910: contact penetration 3.0 cm
it  911 steps  89554944 sps   50,551 | ep_ret   26.32 ep_len  999.2 (n=200) | pg -0.005 vf 0.000 kl 0.0095 lr 7.6e-05
[anomaly] it 911: explained variance -0.02 < 0 after warm-up: value function not predicting returns
[anomaly] it 911: terminal-step reward dominates the episode: survival is being punished
[anomaly] it 911: joint limit violated by 0.33 rad
[anomaly] it 911: contact penetration 2.9 cm
it  912 steps  89653248 sps   50,552 | ep_ret   26.30 ep_len 1000.0 (n=199) | pg -0.003 vf 0.001 kl 0.0112 lr 7.6e-05
[anomaly] it 912: explained variance -0.08 < 0 after warm-up: value function not predicting returns
[anomaly] it 912: joint limit violated by 0.34 rad
[anomaly] it 912: contact penetration 2.9 cm
it  913 steps  89751552 sps   50,552 | ep_ret   26.35 ep_len 1000.0 (n=175) | pg -0.004 vf 0.001 kl 0.0135 lr 1.1e-04
[anomaly] it 913: explained variance -0.08 < 0 after warm-up: value function not predicting returns
[anomaly] it 913: joint limit violated by 0.37 rad
[anomaly] it 913: contact penetration 2.6 cm
it  914 steps  89849856 sps   50,554 | ep_ret   26.31 ep_len 1000.0 (n=173) | pg -0.002 vf 0.000 kl 0.0125 lr 1.1e-04
[anomaly] it 914: explained variance -0.07 < 0 after warm-up: value function not predicting returns
[anomaly] it 914: joint limit violated by 0.40 rad
[anomaly] it 914: contact penetration 3.1 cm
it  915 steps  89948160 sps   50,554 | ep_ret   26.35 ep_len 1000.0 (n=158) | pg -0.002 vf 0.001 kl 0.0125 lr 7.6e-05
[anomaly] it 915: explained variance -0.07 < 0 after warm-up: value function not predicting returns
[anomaly] it 915: joint limit violated by 0.36 rad
[anomaly] it 915: contact penetration 3.2 cm
it  916 steps  90046464 sps   50,552 | ep_ret   26.32 ep_len 1000.0 (n=136) | pg -0.005 vf 0.000 kl 0.0109 lr 1.1e-04
[anomaly] it 916: explained variance -0.07 < 0 after warm-up: value function not predicting returns
[anomaly] it 916: joint limit violated by 0.33 rad
[anomaly] it 916: contact penetration 2.8 cm
it  917 steps  90144768 sps   50,551 | ep_ret   26.34 ep_len 1000.0 (n=145) | pg 0.001 vf 0.001 kl 0.0153 lr 7.6e-05
[anomaly] it 917: explained variance -0.06 < 0 after warm-up: value function not predicting returns
[anomaly] it 917: joint limit violated by 0.34 rad
[anomaly] it 917: contact penetration 3.1 cm
it  918 steps  90243072 sps   50,550 | ep_ret   26.39 ep_len 1000.0 (n=135) | pg -0.001 vf 0.002 kl 0.0137 lr 5.1e-05
[anomaly] it 918: explained variance -0.12 < 0 after warm-up: value function not predicting returns
[anomaly] it 918: joint limit violated by 0.33 rad
[anomaly] it 918: contact penetration 2.9 cm
it  919 steps  90341376 sps   50,552 | ep_ret   26.31 ep_len 1000.0 (n=115) | pg -0.005 vf 0.001 kl 0.0121 lr 1.1e-04
[anomaly] it 919: explained variance -0.37 < 0 after warm-up: value function not predicting returns
[anomaly] it 919: joint limit violated by 0.31 rad
[anomaly] it 919: contact penetration 2.8 cm
it  920 steps  90439680 sps   50,553 | ep_ret   26.10 ep_len  991.1 (n=95) | pg -0.002 vf 0.001 kl 0.0142 lr 1.1e-04
[anomaly] it 920: explained variance -0.05 < 0 after warm-up: value function not predicting returns
[anomaly] it 920: joint limit violated by 0.33 rad
[anomaly] it 920: contact penetration 3.1 cm
it  921 steps  90537984 sps   50,554 | ep_ret   26.40 ep_len 1000.0 (n=95) | pg -0.003 vf 0.001 kl 0.0140 lr 7.6e-05
[anomaly] it 921: explained variance -0.07 < 0 after warm-up: value function not predicting returns
[anomaly] it 921: joint limit violated by 0.32 rad
[anomaly] it 921: contact penetration 3.1 cm
it  922 steps  90636288 sps   50,550 | ep_ret   26.58 ep_len 1000.0 (n=73) | pg -0.005 vf 0.001 kl 0.0124 lr 7.6e-05
[anomaly] it 922: explained variance -0.07 < 0 after warm-up: value function not predicting returns
[anomaly] it 922: joint limit violated by 0.34 rad
[anomaly] it 922: contact penetration 2.9 cm
it  923 steps  90734592 sps   50,548 | ep_ret   26.33 ep_len 1000.0 (n=79) | pg -0.004 vf 0.001 kl 0.0129 lr 7.6e-05
[anomaly] it 923: explained variance -0.07 < 0 after warm-up: value function not predicting returns
[anomaly] it 923: joint limit violated by 0.31 rad
[anomaly] it 923: contact penetration 2.9 cm
it  924 steps  90832896 sps   50,548 | ep_ret   26.49 ep_len 1000.0 (n=69) | pg -0.002 vf 0.002 kl 0.0117 lr 5.1e-05
[anomaly] it 924: explained variance -0.19 < 0 after warm-up: value function not predicting returns
[anomaly] it 924: joint limit violated by 0.32 rad
[anomaly] it 924: contact penetration 2.9 cm
it  925 steps  90931200 sps   50,547 | ep_ret   26.14 ep_len  992.2 (n=58) | pg -0.004 vf 0.002 kl 0.0130 lr 1.1e-04
[anomaly] it 925: explained variance -0.09 < 0 after warm-up: value function not predicting returns
[anomaly] it 925: joint limit violated by 0.34 rad
[anomaly] it 925: contact penetration 3.1 cm
it  926 steps  91029504 sps   50,548 | ep_ret   26.38 ep_len 1000.0 (n=45) | pg -0.002 vf 0.002 kl 0.0152 lr 7.6e-05
[anomaly] it 926: explained variance -0.46 < 0 after warm-up: value function not predicting returns
[anomaly] it 926: joint limit violated by 0.33 rad
[anomaly] it 926: contact penetration 3.2 cm
it  927 steps  91127808 sps   50,549 | ep_ret   26.09 ep_len  992.4 (n=45) | pg -0.003 vf 0.001 kl 0.0139 lr 1.1e-04
[anomaly] it 927: explained variance -0.34 < 0 after warm-up: value function not predicting returns
[anomaly] it 927: joint limit violated by 0.35 rad
[anomaly] it 927: contact penetration 2.6 cm
it  928 steps  91226112 sps   50,550 | ep_ret   26.03 ep_len  988.2 (n=52) | pg -0.002 vf 0.002 kl 0.0147 lr 7.6e-05
[anomaly] it 928: explained variance -0.09 < 0 after warm-up: value function not predicting returns
[anomaly] it 928: joint limit violated by 0.38 rad
[anomaly] it 928: contact penetration 2.7 cm
it  929 steps  91324416 sps   50,547 | ep_ret   26.47 ep_len 1000.0 (n=35) | pg -0.003 vf 0.004 kl 0.0140 lr 5.1e-05
[anomaly] it 929: explained variance -0.37 < 0 after warm-up: value function not predicting returns
[anomaly] it 929: joint limit violated by 0.34 rad
[anomaly] it 929: contact penetration 2.9 cm
it  930 steps  91422720 sps   50,545 | ep_ret   25.28 ep_len  968.2 (n=39) | pg -0.004 vf 0.002 kl 0.0118 lr 7.6e-05
[anomaly] it 930: explained variance -0.25 < 0 after warm-up: value function not predicting returns
[anomaly] it 930: terminal-step reward dominates the episode: survival is being punished
[anomaly] it 930: joint limit violated by 0.34 rad
[anomaly] it 930: contact penetration 3.0 cm
it  931 steps  91521024 sps   50,545 | ep_ret   26.13 ep_len  991.2 (n=45) | pg -0.004 vf 0.001 kl 0.0131 lr 1.1e-04
[anomaly] it 931: explained variance -0.56 < 0 after warm-up: value function not predicting returns
[anomaly] it 931: joint limit violated by 0.31 rad
[anomaly] it 931: contact penetration 3.2 cm
it  932 steps  91619328 sps   50,544 | ep_ret   25.42 ep_len  974.2 (n=35) | pg -0.003 vf 0.001 kl 0.0139 lr 7.6e-05
[anomaly] it 932: terminal-step reward dominates the episode: survival is being punished
[anomaly] it 932: joint limit violated by 0.36 rad
[anomaly] it 932: contact penetration 3.1 cm
it  933 steps  91717632 sps   50,544 | ep_ret   26.66 ep_len 1000.0 (n=25) | pg -0.003 vf 0.002 kl 0.0134 lr 7.6e-05
[anomaly] it 933: explained variance -0.25 < 0 after warm-up: value function not predicting returns
[anomaly] it 933: joint limit violated by 0.30 rad
[anomaly] it 933: contact penetration 2.7 cm
it  934 steps  91815936 sps   50,545 | ep_ret   25.79 ep_len  986.0 (n=31) | pg -0.004 vf 0.001 kl 0.0142 lr 1.1e-04
[anomaly] it 934: explained variance -0.23 < 0 after warm-up: value function not predicting returns
[anomaly] it 934: joint limit violated by 0.33 rad
[anomaly] it 934: contact penetration 2.8 cm
it  935 steps  91914240 sps   50,544 | ep_ret   26.25 ep_len  990.7 (n=45) | pg -0.001 vf 0.001 kl 0.0144 lr 7.6e-05
[anomaly] it 935: joint limit violated by 0.30 rad
[anomaly] it 935: contact penetration 2.7 cm
it  936 steps  92012544 sps   50,542 | ep_ret   26.53 ep_len 1000.0 (n=40) | pg -0.003 vf 0.002 kl 0.0142 lr 7.6e-05
[anomaly] it 936: explained variance -0.41 < 0 after warm-up: value function not predicting returns
[anomaly] it 936: joint limit violated by 0.38 rad
[anomaly] it 936: contact penetration 2.6 cm
it  937 steps  92110848 sps   50,541 | ep_ret   25.40 ep_len  976.1 (n=34) | pg -0.003 vf 0.002 kl 0.0129 lr 5.1e-05
[anomaly] it 937: terminal-step reward dominates the episode: survival is being punished
[anomaly] it 937: joint limit violated by 0.31 rad
[anomaly] it 937: contact penetration 2.7 cm
it  938 steps  92209152 sps   50,540 | ep_ret   26.55 ep_len 1000.0 (n=50) | pg -0.005 vf 0.001 kl 0.0132 lr 1.1e-04
[anomaly] it 938: explained variance -0.31 < 0 after warm-up: value function not predicting returns
[anomaly] it 938: joint limit violated by 0.32 rad
[anomaly] it 938: contact penetration 2.7 cm
it  939 steps  92307456 sps   50,540 | ep_ret   26.59 ep_len 1000.0 (n=49) | pg -0.004 vf 0.001 kl 0.0143 lr 7.6e-05
[anomaly] it 939: explained variance -0.31 < 0 after warm-up: value function not predicting returns
[anomaly] it 939: joint limit violated by 0.31 rad
[anomaly] it 939: contact penetration 2.6 cm
it  940 steps  92405760 sps   50,541 | ep_ret   26.67 ep_len 1000.0 (n=64) | pg -0.002 vf 0.002 kl 0.0138 lr 7.6e-05
[anomaly] it 940: explained variance -0.55 < 0 after warm-up: value function not predicting returns
[anomaly] it 940: joint limit violated by 0.37 rad
[anomaly] it 940: contact penetration 2.7 cm
it  941 steps  92504064 sps   50,542 | ep_ret   26.48 ep_len  995.1 (n=80) | pg -0.003 vf 0.002 kl 0.0152 lr 1.1e-04
[anomaly] it 941: explained variance -0.30 < 0 after warm-up: value function not predicting returns
[anomaly] it 941: joint limit violated by 0.37 rad
[anomaly] it 941: contact penetration 2.9 cm
it  942 steps  92602368 sps   50,539 | ep_ret   26.40 ep_len  995.9 (n=84) | pg -0.002 vf 0.001 kl 0.0130 lr 7.6e-05
[anomaly] it 942: explained variance -0.23 < 0 after warm-up: value function not predicting returns
[anomaly] it 942: joint limit violated by 0.30 rad
[anomaly] it 942: contact penetration 2.9 cm
it  943 steps  92700672 sps   50,538 | ep_ret   26.60 ep_len  999.7 (n=85) | pg -0.002 vf 0.002 kl 0.0140 lr 1.1e-04
[anomaly] it 943: explained variance -0.13 < 0 after warm-up: value function not predicting returns
[anomaly] it 943: joint limit violated by 0.36 rad
[anomaly] it 943: contact penetration 3.2 cm
it  944 steps  92798976 sps   50,537 | ep_ret   26.53 ep_len  995.4 (n=117) | pg 0.002 vf 0.001 kl 0.0160 lr 2.3e-05
[anomaly] it 944: explained variance -0.00 < 0 after warm-up: value function not predicting returns
[anomaly] it 944: terminal-step reward dominates the episode: survival is being punished
[anomaly] it 944: joint limit violated by 0.35 rad
[anomaly] it 944: contact penetration 2.8 cm
it  945 steps  92897280 sps   50,537 | ep_ret   26.62 ep_len 1000.0 (n=121) | pg -0.004 vf 0.001 kl 0.0093 lr 5.1e-05
[anomaly] it 945: explained variance -0.07 < 0 after warm-up: value function not predicting returns
[anomaly] it 945: joint limit violated by 0.32 rad
[anomaly] it 945: contact penetration 2.6 cm
it  946 steps  92995584 sps   50,538 | ep_ret   26.77 ep_len 1000.0 (n=119) | pg -0.005 vf 0.001 kl 0.0092 lr 7.6e-05
[anomaly] it 946: explained variance -0.07 < 0 after warm-up: value function not predicting returns
[anomaly] it 946: joint limit violated by 0.32 rad
[anomaly] it 946: contact penetration 2.9 cm
it  947 steps  93093888 sps   50,539 | ep_ret   26.68 ep_len 1000.0 (n=183) | pg -0.000 vf 0.001 kl 0.0119 lr 5.1e-05
[anomaly] it 947: explained variance -0.07 < 0 after warm-up: value function not predicting returns
[anomaly] it 947: joint limit violated by 0.34 rad
[anomaly] it 947: contact penetration 2.9 cm
it  948 steps  93192192 sps   50,540 | ep_ret   26.76 ep_len 1000.0 (n=154) | pg -0.006 vf 0.000 kl 0.0113 lr 1.1e-04
[anomaly] it 948: explained variance -0.07 < 0 after warm-up: value function not predicting returns
[anomaly] it 948: joint limit violated by 0.34 rad
[anomaly] it 948: contact penetration 3.0 cm
it  949 steps  93290496 sps   50,537 | ep_ret   26.74 ep_len 1000.0 (n=163) | pg -0.002 vf 0.001 kl 0.0143 lr 1.1e-04
[anomaly] it 949: explained variance -0.07 < 0 after warm-up: value function not predicting returns
[anomaly] it 949: joint limit violated by 0.31 rad
[anomaly] it 949: contact penetration 2.8 cm
it  950 steps  93388800 sps   50,536 | ep_ret   26.75 ep_len 1000.0 (n=157) | pg -0.003 vf 0.002 kl 0.0142 lr 1.1e-04
[anomaly] it 950: explained variance -0.15 < 0 after warm-up: value function not predicting returns
[anomaly] it 950: joint limit violated by 0.31 rad
[anomaly] it 950: contact penetration 2.7 cm
it  951 steps  93487104 sps   50,535 | ep_ret   26.73 ep_len 1000.0 (n=170) | pg -0.003 vf 0.001 kl 0.0129 lr 1.1e-04
[anomaly] it 951: explained variance -0.40 < 0 after warm-up: value function not predicting returns
[anomaly] it 951: joint limit violated by 0.32 rad
[anomaly] it 951: contact penetration 2.7 cm
it  952 steps  93585408 sps   50,535 | ep_ret   26.66 ep_len  998.4 (n=200) | pg -0.002 vf 0.001 kl 0.0125 lr 5.1e-05
[anomaly] it 952: explained variance -0.06 < 0 after warm-up: value function not predicting returns
[anomaly] it 952: terminal-step reward dominates the episode: survival is being punished
[anomaly] it 952: joint limit violated by 0.31 rad
[anomaly] it 952: contact penetration 2.8 cm
it  953 steps  93683712 sps   50,536 | ep_ret   26.71 ep_len 1000.0 (n=207) | pg -0.002 vf 0.001 kl 0.0117 lr 7.6e-05
[anomaly] it 953: explained variance -0.20 < 0 after warm-up: value function not predicting returns
[anomaly] it 953: joint limit violated by 0.32 rad
[anomaly] it 953: contact penetration 2.9 cm
it  954 steps  93782016 sps   50,537 | ep_ret   26.67 ep_len  997.9 (n=196) | pg -0.003 vf 0.001 kl 0.0115 lr 7.6e-05
[anomaly] it 954: explained variance -0.16 < 0 after warm-up: value function not predicting returns
[anomaly] it 954: terminal-step reward dominates the episode: survival is being punished
[anomaly] it 954: joint limit violated by 0.32 rad
[anomaly] it 954: contact penetration 2.8 cm
it  955 steps  93880320 sps   50,536 | ep_ret   26.78 ep_len  999.3 (n=167) | pg -0.003 vf 0.001 kl 0.0119 lr 1.1e-04
[anomaly] it 955: explained variance -0.01 < 0 after warm-up: value function not predicting returns
[anomaly] it 955: terminal-step reward dominates the episode: survival is being punished
[anomaly] it 955: joint limit violated by 0.35 rad
[anomaly] it 955: contact penetration 2.8 cm
it  956 steps  93978624 sps   50,533 | ep_ret   26.81 ep_len 1000.0 (n=166) | pg -0.002 vf 0.000 kl 0.0137 lr 7.6e-05
[anomaly] it 956: explained variance -0.06 < 0 after warm-up: value function not predicting returns
[anomaly] it 956: joint limit violated by 0.33 rad
[anomaly] it 956: contact penetration 2.6 cm
it  957 steps  94076928 sps   50,529 | ep_ret   26.83 ep_len 1000.0 (n=145) | pg -0.003 vf 0.000 kl 0.0112 lr 7.6e-05
[anomaly] it 957: explained variance -0.07 < 0 after warm-up: value function not predicting returns
[anomaly] it 957: joint limit violated by 0.32 rad
[anomaly] it 957: contact penetration 2.7 cm
it  958 steps  94175232 sps   50,527 | ep_ret   26.88 ep_len 1000.0 (n=130) | pg -0.003 vf 0.001 kl 0.0124 lr 1.1e-04
[anomaly] it 958: explained variance -0.07 < 0 after warm-up: value function not predicting returns
[anomaly] it 958: joint limit violated by 0.34 rad
[anomaly] it 958: contact penetration 2.8 cm
it  959 steps  94273536 sps   50,525 | ep_ret   26.74 ep_len 1000.0 (n=152) | pg -0.002 vf 0.001 kl 0.0139 lr 1.1e-04
[anomaly] it 959: explained variance -0.07 < 0 after warm-up: value function not predicting returns
[anomaly] it 959: joint limit violated by 0.35 rad
[anomaly] it 959: contact penetration 2.5 cm
it  960 steps  94371840 sps   50,521 | ep_ret   26.84 ep_len 1000.0 (n=124) | pg -0.004 vf 0.000 kl 0.0131 lr 7.6e-05
[anomaly] it 960: explained variance -0.07 < 0 after warm-up: value function not predicting returns
[anomaly] it 960: joint limit violated by 0.33 rad
[anomaly] it 960: contact penetration 3.0 cm
it  961 steps  94470144 sps   50,515 | ep_ret   26.87 ep_len 1000.0 (n=109) | pg -0.004 vf 0.001 kl 0.0128 lr 1.1e-04
[anomaly] it 961: explained variance -0.07 < 0 after warm-up: value function not predicting returns
[anomaly] it 961: joint limit violated by 0.32 rad
[anomaly] it 961: contact penetration 4.1 cm
it  962 steps  94568448 sps   50,511 | ep_ret   26.91 ep_len 1000.0 (n=92) | pg -0.002 vf 0.001 kl 0.0123 lr 5.1e-05
[anomaly] it 962: explained variance -0.06 < 0 after warm-up: value function not predicting returns
[anomaly] it 962: joint limit violated by 0.31 rad
[anomaly] it 962: contact penetration 2.6 cm
it  963 steps  94666752 sps   50,508 | ep_ret   26.88 ep_len 1000.0 (n=95) | pg -0.005 vf 0.001 kl 0.0113 lr 7.6e-05
[anomaly] it 963: explained variance -0.07 < 0 after warm-up: value function not predicting returns
[anomaly] it 963: joint limit violated by 0.33 rad
[anomaly] it 963: contact penetration 3.1 cm
it  964 steps  94765056 sps   50,506 | ep_ret   26.77 ep_len 1000.0 (n=68) | pg -0.002 vf 0.002 kl 0.0123 lr 5.1e-05
[anomaly] it 964: explained variance -0.25 < 0 after warm-up: value function not predicting returns
[anomaly] it 964: joint limit violated by 0.31 rad
[anomaly] it 964: contact penetration 2.8 cm
it  965 steps  94863360 sps   50,501 | ep_ret   26.50 ep_len  994.8 (n=80) | pg -0.003 vf 0.001 kl 0.0116 lr 7.6e-05
[anomaly] it 965: joint limit violated by 0.34 rad
[anomaly] it 965: contact penetration 2.6 cm
it  966 steps  94961664 sps   50,501 | ep_ret   26.83 ep_len 1000.0 (n=70) | pg -0.003 vf 0.002 kl 0.0135 lr 7.6e-05
[anomaly] it 966: explained variance -0.15 < 0 after warm-up: value function not predicting returns
[anomaly] it 966: joint limit violated by 0.39 rad
[anomaly] it 966: contact penetration 2.7 cm
it  967 steps  95059968 sps   50,501 | ep_ret   26.32 ep_len  984.5 (n=47) | pg -0.003 vf 0.002 kl 0.0143 lr 7.6e-05
[anomaly] it 967: explained variance -0.04 < 0 after warm-up: value function not predicting returns
[anomaly] it 967: joint limit violated by 0.33 rad
[anomaly] it 967: contact penetration 2.7 cm
it  968 steps  95158272 sps   50,501 | ep_ret   26.84 ep_len 1000.0 (n=43) | pg -0.003 vf 0.004 kl 0.0151 lr 7.6e-05
[anomaly] it 968: explained variance -0.52 < 0 after warm-up: value function not predicting returns
[anomaly] it 968: joint limit violated by 0.39 rad
[anomaly] it 968: contact penetration 2.8 cm
it  969 steps  95256576 sps   50,501 | ep_ret   26.21 ep_len  980.1 (n=53) | pg -0.004 vf 0.001 kl 0.0138 lr 7.6e-05
[anomaly] it 969: explained variance -0.48 < 0 after warm-up: value function not predicting returns
[anomaly] it 969: terminal-step reward dominates the episode: survival is being punished
[anomaly] it 969: joint limit violated by 0.31 rad
[anomaly] it 969: contact penetration 2.7 cm
it  970 steps  95354880 sps   50,502 | ep_ret   26.11 ep_len  982.9 (n=43) | pg -0.002 vf 0.001 kl 0.0139 lr 7.6e-05
[anomaly] it 970: terminal-step reward dominates the episode: survival is being punished
[anomaly] it 970: joint limit violated by 0.29 rad
[anomaly] it 970: contact penetration 2.9 cm
it  971 steps  95453184 sps   50,503 | ep_ret   26.86 ep_len 1000.0 (n=40) | pg -0.005 vf 0.001 kl 0.0132 lr 1.1e-04
[anomaly] it 971: explained variance -0.07 < 0 after warm-up: value function not predicting returns
[anomaly] it 971: joint limit violated by 0.36 rad
[anomaly] it 971: contact penetration 2.8 cm
it  972 steps  95551488 sps   50,504 | ep_ret   26.88 ep_len 1000.0 (n=39) | pg -0.003 vf 0.002 kl 0.0149 lr 7.6e-05
[anomaly] it 972: explained variance -0.17 < 0 after warm-up: value function not predicting returns
[anomaly] it 972: joint limit violated by 0.32 rad
[anomaly] it 972: contact penetration 2.8 cm
it  973 steps  95649792 sps   50,505 | ep_ret   26.99 ep_len 1000.0 (n=42) | pg -0.003 vf 0.003 kl 0.0134 lr 5.1e-05
[anomaly] it 973: explained variance -0.79 < 0 after warm-up: value function not predicting returns
[anomaly] it 973: joint limit violated by 0.46 rad
[anomaly] it 973: contact penetration 3.0 cm
it  974 steps  95748096 sps   50,506 | ep_ret   25.74 ep_len  965.2 (n=33) | pg -0.004 vf 0.002 kl 0.0124 lr 7.6e-05
[anomaly] it 974: explained variance -0.45 < 0 after warm-up: value function not predicting returns
[anomaly] it 974: terminal-step reward dominates the episode: survival is being punished
[anomaly] it 974: joint limit violated by 0.29 rad
[anomaly] it 974: contact penetration 2.6 cm
it  975 steps  95846400 sps   50,508 | ep_ret   25.27 ep_len  958.0 (n=30) | pg -0.001 vf 0.001 kl 0.0143 lr 5.1e-05
[anomaly] it 975: terminal-step reward dominates the episode: survival is being punished
[anomaly] it 975: joint limit violated by 0.30 rad
[anomaly] it 975: contact penetration 2.9 cm
it  976 steps  95944704 sps   50,509 | ep_ret   27.00 ep_len 1000.0 (n=34) | pg -0.003 vf 0.002 kl 0.0128 lr 7.6e-05
[anomaly] it 976: explained variance -0.41 < 0 after warm-up: value function not predicting returns
[anomaly] it 976: joint limit violated by 0.36 rad
[anomaly] it 976: contact penetration 2.8 cm
it  977 steps  96043008 sps   50,511 | ep_ret   26.63 ep_len  994.5 (n=51) | pg -0.003 vf 0.001 kl 0.0149 lr 1.1e-04
[anomaly] it 977: explained variance -0.27 < 0 after warm-up: value function not predicting returns
[anomaly] it 977: joint limit violated by 0.36 rad
[anomaly] it 977: contact penetration 2.8 cm
it  978 steps  96141312 sps   50,513 | ep_ret   26.47 ep_len  986.0 (n=30) | pg -0.003 vf 0.001 kl 0.0142 lr 5.1e-05
[anomaly] it 978: explained variance -0.18 < 0 after warm-up: value function not predicting returns
[anomaly] it 978: joint limit violated by 0.31 rad
[anomaly] it 978: contact penetration 2.9 cm
it  979 steps  96239616 sps   50,515 | ep_ret   26.57 ep_len  990.2 (n=42) | pg -0.003 vf 0.001 kl 0.0143 lr 7.6e-05
[anomaly] it 979: joint limit violated by 0.36 rad
[anomaly] it 979: contact penetration 2.6 cm
it  980 steps  96337920 sps   50,518 | ep_ret   26.96 ep_len 1000.0 (n=51) | pg -0.003 vf 0.001 kl 0.0143 lr 1.1e-04
[anomaly] it 980: explained variance -0.07 < 0 after warm-up: value function not predicting returns
[anomaly] it 980: joint limit violated by 0.33 rad
[anomaly] it 980: contact penetration 3.0 cm
it  981 steps  96436224 sps   50,520 | ep_ret   27.01 ep_len 1000.0 (n=53) | pg -0.002 vf 0.003 kl 0.0145 lr 7.6e-05
[anomaly] it 981: explained variance -0.31 < 0 after warm-up: value function not predicting returns
[anomaly] it 981: joint limit violated by 0.30 rad
[anomaly] it 981: contact penetration 2.7 cm
it  982 steps  96534528 sps   50,522 | ep_ret   26.85 ep_len  994.8 (n=71) | pg -0.003 vf 0.003 kl 0.0132 lr 5.1e-05
[anomaly] it 982: explained variance -0.30 < 0 after warm-up: value function not predicting returns
[anomaly] it 982: joint limit violated by 0.30 rad
[anomaly] it 982: contact penetration 2.5 cm
it  983 steps  96632832 sps   50,524 | ep_ret   26.80 ep_len  993.9 (n=74) | pg -0.003 vf 0.001 kl 0.0121 lr 5.1e-05
[anomaly] it 983: explained variance -0.65 < 0 after warm-up: value function not predicting returns
[anomaly] it 983: joint limit violated by 0.30 rad
[anomaly] it 983: contact penetration 3.1 cm
it  984 steps  96731136 sps   50,526 | ep_ret   26.51 ep_len  987.9 (n=89) | pg -0.003 vf 0.002 kl 0.0132 lr 7.6e-05
[anomaly] it 984: terminal-step reward dominates the episode: survival is being punished
[anomaly] it 984: joint limit violated by 0.31 rad
[anomaly] it 984: contact penetration 2.5 cm
it  985 steps  96829440 sps   50,528 | ep_ret   27.01 ep_len 1000.0 (n=96) | pg -0.003 vf 0.001 kl 0.0130 lr 5.1e-05
[anomaly] it 985: explained variance -0.36 < 0 after warm-up: value function not predicting returns
[anomaly] it 985: joint limit violated by 0.35 rad
[anomaly] it 985: contact penetration 2.9 cm
it  986 steps  96927744 sps   50,530 | ep_ret   26.94 ep_len  996.4 (n=118) | pg -0.003 vf 0.002 kl 0.0142 lr 7.6e-05
[anomaly] it 986: explained variance -0.07 < 0 after warm-up: value function not predicting returns
[anomaly] it 986: terminal-step reward dominates the episode: survival is being punished
[anomaly] it 986: joint limit violated by 0.39 rad
[anomaly] it 986: contact penetration 2.8 cm
it  987 steps  97026048 sps   50,532 | ep_ret   27.06 ep_len 1000.0 (n=116) | pg -0.002 vf 0.002 kl 0.0138 lr 7.6e-05
[anomaly] it 987: explained variance -0.40 < 0 after warm-up: value function not predicting returns
[anomaly] it 987: joint limit violated by 0.31 rad
[anomaly] it 987: contact penetration 3.1 cm
it  988 steps  97124352 sps   50,534 | ep_ret   26.96 ep_len  997.7 (n=150) | pg -0.003 vf 0.001 kl 0.0137 lr 1.1e-04
[anomaly] it 988: explained variance -0.28 < 0 after warm-up: value function not predicting returns
[anomaly] it 988: terminal-step reward dominates the episode: survival is being punished
[anomaly] it 988: joint limit violated by 0.32 rad
[anomaly] it 988: contact penetration 2.7 cm
it  989 steps  97222656 sps   50,536 | ep_ret   27.03 ep_len  997.5 (n=170) | pg -0.002 vf 0.001 kl 0.0136 lr 7.6e-05
[anomaly] it 989: explained variance -0.05 < 0 after warm-up: value function not predicting returns
[anomaly] it 989: terminal-step reward dominates the episode: survival is being punished
[anomaly] it 989: joint limit violated by 0.30 rad
[anomaly] it 989: contact penetration 3.1 cm
it  990 steps  97320960 sps   50,538 | ep_ret   27.04 ep_len 1000.0 (n=155) | pg -0.004 vf 0.001 kl 0.0140 lr 1.1e-04
[anomaly] it 990: explained variance -0.08 < 0 after warm-up: value function not predicting returns
[anomaly] it 990: joint limit violated by 0.31 rad
[anomaly] it 990: contact penetration 3.4 cm
it  991 steps  97419264 sps   50,540 | ep_ret   27.11 ep_len 1000.0 (n=152) | pg -0.000 vf 0.001 kl 0.0139 lr 7.6e-05
[anomaly] it 991: explained variance -0.08 < 0 after warm-up: value function not predicting returns
[anomaly] it 991: joint limit violated by 0.33 rad
[anomaly] it 991: contact penetration 2.7 cm
it  992 steps  97517568 sps   50,542 | ep_ret   27.14 ep_len 1000.0 (n=169) | pg -0.004 vf 0.000 kl 0.0126 lr 1.1e-04
[anomaly] it 992: explained variance -0.06 < 0 after warm-up: value function not predicting returns
[anomaly] it 992: joint limit violated by 0.32 rad
[anomaly] it 992: contact penetration 2.7 cm
it  993 steps  97615872 sps   50,544 | ep_ret   27.14 ep_len 1000.0 (n=183) | pg -0.002 vf 0.001 kl 0.0127 lr 7.6e-05
[anomaly] it 993: explained variance -0.06 < 0 after warm-up: value function not predicting returns
[anomaly] it 993: joint limit violated by 0.34 rad
[anomaly] it 993: contact penetration 2.7 cm
it  994 steps  97714176 sps   50,546 | ep_ret   27.16 ep_len 1000.0 (n=199) | pg -0.005 vf 0.001 kl 0.0119 lr 1.1e-04
[anomaly] it 994: explained variance -0.06 < 0 after warm-up: value function not predicting returns
[anomaly] it 994: joint limit violated by 0.38 rad
[anomaly] it 994: contact penetration 2.9 cm
it  995 steps  97812480 sps   50,548 | ep_ret   27.14 ep_len 1000.0 (n=208) | pg 0.001 vf 0.000 kl 0.0134 lr 5.1e-05
[anomaly] it 995: explained variance -0.06 < 0 after warm-up: value function not predicting returns
[anomaly] it 995: joint limit violated by 0.39 rad
[anomaly] it 995: contact penetration 3.0 cm
it  996 steps  97910784 sps   50,550 | ep_ret   27.16 ep_len 1000.0 (n=183) | pg -0.003 vf 0.000 kl 0.0146 lr 1.1e-04
[anomaly] it 996: explained variance -0.06 < 0 after warm-up: value function not predicting returns
[anomaly] it 996: joint limit violated by 0.33 rad
[anomaly] it 996: contact penetration 2.7 cm
it  997 steps  98009088 sps   50,552 | ep_ret   27.22 ep_len 1000.0 (n=163) | pg 0.001 vf 0.000 kl 0.0140 lr 3.4e-05
[anomaly] it 997: explained variance -0.06 < 0 after warm-up: value function not predicting returns
[anomaly] it 997: joint limit violated by 0.35 rad
[anomaly] it 997: contact penetration 2.8 cm
it  998 steps  98107392 sps   50,554 | ep_ret   27.21 ep_len 1000.0 (n=166) | pg -0.003 vf 0.000 kl 0.0117 lr 7.6e-05
[anomaly] it 998: explained variance -0.06 < 0 after warm-up: value function not predicting returns
[anomaly] it 998: joint limit violated by 0.32 rad
[anomaly] it 998: contact penetration 2.7 cm
it  999 steps  98205696 sps   50,557 | ep_ret   27.23 ep_len 1000.0 (n=144) | pg -0.003 vf 0.000 kl 0.0117 lr 7.6e-05
[anomaly] it 999: explained variance -0.06 < 0 after warm-up: value function not predicting returns
[anomaly] it 999: joint limit violated by 0.29 rad
[anomaly] it 999: contact penetration 2.7 cm
it 1000 steps  98304000 sps   50,559 | ep_ret   27.11 ep_len 1000.0 (n=128) | pg -0.005 vf 0.000 kl 0.0124 lr 1.1e-04
[anomaly] it 1000: explained variance -0.06 < 0 after warm-up: value function not predicting returns
[anomaly] it 1000: joint limit violated by 0.30 rad
[anomaly] it 1000: contact penetration 2.8 cm
saved policy to runs/il3/ckpt/g1_flat_flatcfg_com.pt
