G1 rough PPO: N=4096 obs_dim 310 act_dim 37 rollout 24 x 500 iterations, engine mjwarp, physics dt 0.0025 (decimation 8), seed 0, reward_cfg rough_il3, height-scan ray order xy, terrain collision hfield, height scan exact, solver_cfg isaaclab3_every_substep_cap20, contact_cfg recommended, base velocity com, feet-slide velocity com, Isaac Lab 3.0 events True (backend newton_mjwarp), add_base_mass {'body': 'torso_link', 'scale_min': 0.8000494837760925, 'scale_max': 1.2497823238372803, 'dof_invweight0_ratio_range': [0.9505320191383362, 1.0460338592529297], 'limit_timeconst_ratio_range': [0.9787041187018577, 1.0248056023509573]}
it    1 steps     98304 sps   39,213 | ep_ret    0.00 ep_len    0.0 (n=0) | pg 0.129 vf 13.813 kl 2.3194 lr 1.0e-05
[anomaly] it 1: KL 2.319 > 10x target: stale data or LR too high
[anomaly] it 1: joint limit violated by 0.33 rad
terrain it    1 mean_level 2.4866
terms it    1 {"track_lin_vel_xy_exp": null, "track_ang_vel_z_exp": null, "feet_air_time": null, "feet_slide": null, "joint_deviation": null, "flat_orientation_l2": null, "action_rate_l2": null, "termination_penalty": null, "lin_vel_z_l2": null, "ang_vel_xy_l2": null, "dof_torques_l2": null, "dof_acc_l2": null, "dof_pos_limits": null, "episodes": 0, "base_contact": null, "pushes": 4096}
it    2 steps    196608 sps   42,985 | ep_ret    0.00 ep_len    0.0 (n=0) | pg 0.002 vf 9.593 kl 0.0093 lr 5.1e-05
[anomaly] it 2: joint limit violated by 0.31 rad
terrain it    2 mean_level 2.4866
terms it    2 {"track_lin_vel_xy_exp": null, "track_ang_vel_z_exp": null, "feet_air_time": null, "feet_slide": null, "joint_deviation": null, "flat_orientation_l2": null, "action_rate_l2": null, "termination_penalty": null, "lin_vel_z_l2": null, "ang_vel_xy_l2": null, "dof_torques_l2": null, "dof_acc_l2": null, "dof_pos_limits": null, "episodes": 0, "base_contact": null, "pushes": 0}
it    3 steps    294912 sps   44,580 | ep_ret    0.00 ep_len    0.0 (n=0) | pg -0.003 vf 10.298 kl 0.0081 lr 1.7e-04
[anomaly] it 3: joint limit violated by 0.30 rad
terrain it    3 mean_level 2.4866
terms it    3 {"track_lin_vel_xy_exp": null, "track_ang_vel_z_exp": null, "feet_air_time": null, "feet_slide": null, "joint_deviation": null, "flat_orientation_l2": null, "action_rate_l2": null, "termination_penalty": null, "lin_vel_z_l2": null, "ang_vel_xy_l2": null, "dof_torques_l2": null, "dof_acc_l2": null, "dof_pos_limits": null, "episodes": 0, "base_contact": null, "pushes": 0}
it    4 steps    393216 sps   45,459 | ep_ret    0.00 ep_len    0.0 (n=0) | pg -0.002 vf 13.348 kl 0.0107 lr 2.6e-04
[anomaly] it 4: joint limit violated by 0.31 rad
terrain it    4 mean_level 2.4866
terms it    4 {"track_lin_vel_xy_exp": null, "track_ang_vel_z_exp": null, "feet_air_time": null, "feet_slide": null, "joint_deviation": null, "flat_orientation_l2": null, "action_rate_l2": null, "termination_penalty": null, "lin_vel_z_l2": null, "ang_vel_xy_l2": null, "dof_torques_l2": null, "dof_acc_l2": null, "dof_pos_limits": null, "episodes": 0, "base_contact": null, "pushes": 0}
it    5 steps    491520 sps   46,046 | ep_ret    0.00 ep_len    0.0 (n=0) | pg -0.001 vf 15.951 kl 0.0141 lr 3.8e-04
[anomaly] it 5: joint limit violated by 0.41 rad
terrain it    5 mean_level 2.4866
terms it    5 {"track_lin_vel_xy_exp": null, "track_ang_vel_z_exp": null, "feet_air_time": null, "feet_slide": null, "joint_deviation": null, "flat_orientation_l2": null, "action_rate_l2": null, "termination_penalty": null, "lin_vel_z_l2": null, "ang_vel_xy_l2": null, "dof_torques_l2": null, "dof_acc_l2": null, "dof_pos_limits": null, "episodes": 0, "base_contact": null, "pushes": 0}
it    6 steps    589824 sps   46,471 | ep_ret    0.00 ep_len    0.0 (n=0) | pg -0.003 vf 20.234 kl 0.0129 lr 5.8e-04
[anomaly] it 6: joint limit violated by 0.27 rad
terrain it    6 mean_level 2.4866
terms it    6 {"track_lin_vel_xy_exp": null, "track_ang_vel_z_exp": null, "feet_air_time": null, "feet_slide": null, "joint_deviation": null, "flat_orientation_l2": null, "action_rate_l2": null, "termination_penalty": null, "lin_vel_z_l2": null, "ang_vel_xy_l2": null, "dof_torques_l2": null, "dof_acc_l2": null, "dof_pos_limits": null, "episodes": 0, "base_contact": null, "pushes": 0}
it    7 steps    688128 sps   46,802 | ep_ret    0.00 ep_len    0.0 (n=0) | pg -0.003 vf 25.717 kl 0.0133 lr 3.8e-04
[anomaly] it 7: joint limit violated by 0.31 rad
terrain it    7 mean_level 2.4866
terms it    7 {"track_lin_vel_xy_exp": null, "track_ang_vel_z_exp": null, "feet_air_time": null, "feet_slide": null, "joint_deviation": null, "flat_orientation_l2": null, "action_rate_l2": null, "termination_penalty": null, "lin_vel_z_l2": null, "ang_vel_xy_l2": null, "dof_torques_l2": null, "dof_acc_l2": null, "dof_pos_limits": null, "episodes": 0, "base_contact": null, "pushes": 0}
it    8 steps    786432 sps   47,044 | ep_ret    0.00 ep_len    0.0 (n=0) | pg -0.003 vf 33.385 kl 0.0128 lr 3.8e-04
[anomaly] it 8: joint limit violated by 0.28 rad
terrain it    8 mean_level 2.4866
terms it    8 {"track_lin_vel_xy_exp": null, "track_ang_vel_z_exp": null, "feet_air_time": null, "feet_slide": null, "joint_deviation": null, "flat_orientation_l2": null, "action_rate_l2": null, "termination_penalty": null, "lin_vel_z_l2": null, "ang_vel_xy_l2": null, "dof_torques_l2": null, "dof_acc_l2": null, "dof_pos_limits": null, "episodes": 0, "base_contact": null, "pushes": 0}
it    9 steps    884736 sps   47,236 | ep_ret    0.00 ep_len    0.0 (n=0) | pg -0.004 vf 45.060 kl 0.0134 lr 5.8e-04
[anomaly] it 9: joint limit violated by 0.31 rad
terrain it    9 mean_level 2.4866
terms it    9 {"track_lin_vel_xy_exp": null, "track_ang_vel_z_exp": null, "feet_air_time": null, "feet_slide": null, "joint_deviation": null, "flat_orientation_l2": null, "action_rate_l2": null, "termination_penalty": null, "lin_vel_z_l2": null, "ang_vel_xy_l2": null, "dof_torques_l2": null, "dof_acc_l2": null, "dof_pos_limits": null, "episodes": 0, "base_contact": null, "pushes": 0}
it   10 steps    983040 sps   47,307 | ep_ret -306.83 ep_len  232.7 (n=7) | pg -0.001 vf 79.294 kl 0.0161 lr 2.6e-04 | blown 7 dropped 0
[anomaly] it 10: joint speed 231 rad/s > 3x actuator velocity limit (37.0)
[anomaly] it 10: joint limit violated by 0.91 rad
terrain it   10 mean_level 2.4880
terms it   10 {"track_lin_vel_xy_exp": 4e-05, "track_ang_vel_z_exp": 0.02187, "feet_air_time": 0.0, "feet_slide": -0.00222, "joint_deviation": -0.18217, "flat_orientation_l2": -0.12032, "action_rate_l2": -0.09117, "termination_penalty": -0.2, "lin_vel_z_l2": 0.0, "ang_vel_xy_l2": -12.63542, "dof_torques_l2": -0.00161, "dof_acc_l2": -2.12903, "dof_pos_limits": -0.0017, "episodes": 7, "base_contact": 1.0, "pushes": 0}
it   11 steps   1081344 sps   47,206 | ep_ret -422.53 ep_len  253.4 (n=54) | pg 0.002 vf 472.241 kl 0.0228 lr 1.0e-05 | blown 52 dropped 0
[anomaly] it 11: joint speed 798 rad/s > 3x actuator velocity limit (37.0)
[anomaly] it 11: joint limit violated by 1.26 rad
terrain it   11 mean_level 2.4998
terms it   11 {"track_lin_vel_xy_exp": 0.00033, "track_ang_vel_z_exp": 0.02121, "feet_air_time": 0.0, "feet_slide": -0.00269, "joint_deviation": -0.20048, "flat_orientation_l2": -0.13062, "action_rate_l2": -0.09957, "termination_penalty": -0.2, "lin_vel_z_l2": 0.0, "ang_vel_xy_l2": -14.13039, "dof_torques_l2": -0.00176, "dof_acc_l2": -6.38032, "dof_pos_limits": -0.00205, "episodes": 54, "base_contact": 1.0, "pushes": 0}
it   12 steps   1179648 sps   46,901 | ep_ret -392.08 ep_len  265.3 (n=261) | pg 0.004 vf 1220.610 kl 0.0128 lr 1.0e-05 | blown 246 dropped 0
[anomaly] it 12: terminal-step reward dominates the episode: survival is being punished
[anomaly] it 12: joint speed 716 rad/s > 3x actuator velocity limit (37.0)
[anomaly] it 12: joint limit violated by 1.86 rad
terrain it   12 mean_level 2.5500
terms it   12 {"track_lin_vel_xy_exp": 0.00058, "track_ang_vel_z_exp": 0.02349, "feet_air_time": 0.0, "feet_slide": -0.00275, "joint_deviation": -0.20825, "flat_orientation_l2": -0.13615, "action_rate_l2": -0.1047, "termination_penalty": -0.2, "lin_vel_z_l2": 0.0, "ang_vel_xy_l2": -14.33084, "dof_torques_l2": -0.0018, "dof_acc_l2": -4.64173, "dof_pos_limits": -0.00207, "episodes": 261, "base_contact": 1.0, "pushes": 0}
it   13 steps   1277952 sps   46,383 | ep_ret -259.31 ep_len  296.6 (n=3029) | pg 0.005 vf 3864.688 kl 0.0149 lr 1.0e-05 | blown 474 dropped 0
[anomaly] it 13: terminal-step reward dominates the episode: survival is being punished
[anomaly] it 13: joint speed 732 rad/s > 3x actuator velocity limit (37.0)
[anomaly] it 13: joint limit violated by 1.39 rad
[anomaly] it 13: contact penetration 15.9 cm
[anomaly] it 13: contact force 260602 N > 50x robot weight
terrain it   13 mean_level 3.2239
terms it   13 {"track_lin_vel_xy_exp": 0.00028, "track_ang_vel_z_exp": 0.03164, "feet_air_time": 0.0, "feet_slide": -0.00498, "joint_deviation": -0.22793, "flat_orientation_l2": -0.15118, "action_rate_l2": -0.11681, "termination_penalty": -0.20001, "lin_vel_z_l2": 0.0, "ang_vel_xy_l2": -10.85654, "dof_torques_l2": -0.0017, "dof_acc_l2": -1.43596, "dof_pos_limits": -0.00249, "episodes": 3029, "base_contact": 1.0, "pushes": 0}
it   14 steps   1376256 sps   45,816 | ep_ret -131.46 ep_len  193.0 (n=1429) | pg -0.002 vf 22.062 kl 0.0081 lr 3.8e-04 | blown 14 dropped 0
[anomaly] it 14: terminal-step reward dominates the episode: survival is being punished
[anomaly] it 14: joint limit violated by 0.32 rad
terrain it   14 mean_level 3.2834
terms it   14 {"track_lin_vel_xy_exp": 0.00242, "track_ang_vel_z_exp": 0.02142, "feet_air_time": 1e-05, "feet_slide": -0.00446, "joint_deviation": -0.13917, "flat_orientation_l2": -0.09654, "action_rate_l2": -0.07621, "termination_penalty": -0.2, "lin_vel_z_l2": 0.0, "ang_vel_xy_l2": -5.72433, "dof_torques_l2": -0.00105, "dof_acc_l2": -0.35353, "dof_pos_limits": -0.00167, "episodes": 1429, "base_contact": 1.0, "pushes": 0}
it   15 steps   1474560 sps   45,438 | ep_ret   -8.07 ep_len   41.3 (n=3061) | pg -0.007 vf 1.608 kl 0.0126 lr 5.8e-04
[anomaly] it 15: joint limit violated by 0.28 rad
[anomaly] it 15: contact penetration 2.3 cm
terrain it   15 mean_level 2.6086
terms it   15 {"track_lin_vel_xy_exp": 0.00593, "track_ang_vel_z_exp": 0.00492, "feet_air_time": 3e-05, "feet_slide": -0.00292, "joint_deviation": -0.01127, "flat_orientation_l2": -0.01527, "action_rate_l2": -0.01677, "termination_penalty": -0.20001, "lin_vel_z_l2": 0.0, "ang_vel_xy_l2": -0.14727, "dof_torques_l2": -0.00018, "dof_acc_l2": -0.0202, "dof_pos_limits": -0.00038, "episodes": 3061, "base_contact": 1.0, "pushes": 0}
it   16 steps   1572864 sps   45,136 | ep_ret   -8.90 ep_len   43.7 (n=2175) | pg 0.003 vf 1.898 kl 0.0194 lr 3.4e-05 | blown 1 dropped 0
[anomaly] it 16: joint limit violated by 0.36 rad
[anomaly] it 16: contact penetration 2.0 cm
terrain it   16 mean_level 2.1824
terms it   16 {"track_lin_vel_xy_exp": 0.0062, "track_ang_vel_z_exp": 0.00525, "feet_air_time": 3e-05, "feet_slide": -0.00311, "joint_deviation": -0.01233, "flat_orientation_l2": -0.01568, "action_rate_l2": -0.01778, "termination_penalty": -0.2, "lin_vel_z_l2": 0.0, "ang_vel_xy_l2": -0.18296, "dof_torques_l2": -0.00019, "dof_acc_l2": -0.02417, "dof_pos_limits": -0.00041, "episodes": 2175, "base_contact": 1.0, "pushes": 0}
it   17 steps   1671168 sps   44,857 | ep_ret   -7.55 ep_len   42.2 (n=2390) | pg 0.001 vf 10.105 kl 0.0154 lr 1.0e-05 | blown 1 dropped 0
[anomaly] it 17: joint limit violated by 0.28 rad
[anomaly] it 17: contact penetration 2.2 cm
terrain it   17 mean_level 1.7480
terms it   17 {"track_lin_vel_xy_exp": 0.00633, "track_ang_vel_z_exp": 0.00502, "feet_air_time": 3e-05, "feet_slide": -0.00316, "joint_deviation": -0.01071, "flat_orientation_l2": -0.01464, "action_rate_l2": -0.01727, "termination_penalty": -0.2, "lin_vel_z_l2": 0.0, "ang_vel_xy_l2": -0.11559, "dof_torques_l2": -0.00018, "dof_acc_l2": -0.02671, "dof_pos_limits": -0.0004, "episodes": 2390, "base_contact": 1.0, "pushes": 0}
it   18 steps   1769472 sps   44,623 | ep_ret   -6.56 ep_len   40.5 (n=2567) | pg -0.004 vf 0.375 kl 0.0048 lr 5.8e-04
[anomaly] it 18: joint limit violated by 0.30 rad
terrain it   18 mean_level 1.3433
terms it   18 {"track_lin_vel_xy_exp": 0.00617, "track_ang_vel_z_exp": 0.00492, "feet_air_time": 3e-05, "feet_slide": -0.00306, "joint_deviation": -0.00984, "flat_orientation_l2": -0.01411, "action_rate_l2": -0.01662, "termination_penalty": -0.20001, "lin_vel_z_l2": 0.0, "ang_vel_xy_l2": -0.07506, "dof_torques_l2": -0.00017, "dof_acc_l2": -0.01984, "dof_pos_limits": -0.00039, "episodes": 2567, "base_contact": 1.0, "pushes": 0}
it   19 steps   1867776 sps   44,403 | ep_ret   -6.32 ep_len   40.7 (n=2363) | pg 0.000 vf 0.167 kl 0.0125 lr 1.1e-04
[anomaly] it 19: joint limit violated by 0.29 rad
terrain it   19 mean_level 1.0278
terms it   19 {"track_lin_vel_xy_exp": 0.00623, "track_ang_vel_z_exp": 0.00493, "feet_air_time": 3e-05, "feet_slide": -0.00307, "joint_deviation": -0.00975, "flat_orientation_l2": -0.01396, "action_rate_l2": -0.01674, "termination_penalty": -0.2, "lin_vel_z_l2": 0.0, "ang_vel_xy_l2": -0.06509, "dof_torques_l2": -0.00017, "dof_acc_l2": -0.01795, "dof_pos_limits": -0.0004, "episodes": 2363, "base_contact": 1.0, "pushes": 0}
it   20 steps   1966080 sps   44,211 | ep_ret   -6.50 ep_len   40.8 (n=2382) | pg -0.007 vf 0.093 kl 0.0089 lr 3.8e-04
[anomaly] it 20: joint limit violated by 0.32 rad
terrain it   20 mean_level 0.7439
terms it   20 {"track_lin_vel_xy_exp": 0.00632, "track_ang_vel_z_exp": 0.00491, "feet_air_time": 3e-05, "feet_slide": -0.00312, "joint_deviation": -0.00992, "flat_orientation_l2": -0.01402, "action_rate_l2": -0.01684, "termination_penalty": -0.2, "lin_vel_z_l2": 0.0, "ang_vel_xy_l2": -0.07323, "dof_torques_l2": -0.00017, "dof_acc_l2": -0.01865, "dof_pos_limits": -0.00038, "episodes": 2382, "base_contact": 1.0, "pushes": 0}
it   21 steps   2064384 sps   44,037 | ep_ret   -6.13 ep_len   41.0 (n=2430) | pg -0.004 vf 0.068 kl 0.0129 lr 1.1e-04
[anomaly] it 21: joint limit violated by 0.32 rad
terrain it   21 mean_level 0.5232
terms it   21 {"track_lin_vel_xy_exp": 0.0064, "track_ang_vel_z_exp": 0.00497, "feet_air_time": 3e-05, "feet_slide": -0.00314, "joint_deviation": -0.00968, "flat_orientation_l2": -0.01387, "action_rate_l2": -0.01696, "termination_penalty": -0.2, "lin_vel_z_l2": 0.0, "ang_vel_xy_l2": -0.05632, "dof_torques_l2": -0.00017, "dof_acc_l2": -0.01722, "dof_pos_limits": -0.0004, "episodes": 2430, "base_contact": 1.0, "pushes": 0}
it   22 steps   2162688 sps   43,874 | ep_ret   -6.08 ep_len   40.8 (n=2401) | pg -0.011 vf 0.040 kl 0.0102 lr 3.8e-04
[anomaly] it 22: joint limit violated by 0.31 rad
terrain it   22 mean_level 0.3354
terms it   22 {"track_lin_vel_xy_exp": 0.00643, "track_ang_vel_z_exp": 0.00503, "feet_air_time": 3e-05, "feet_slide": -0.00316, "joint_deviation": -0.00954, "flat_orientation_l2": -0.0137, "action_rate_l2": -0.01681, "termination_penalty": -0.2, "lin_vel_z_l2": 0.0, "ang_vel_xy_l2": -0.05475, "dof_torques_l2": -0.00017, "dof_acc_l2": -0.01705, "dof_pos_limits": -0.00039, "episodes": 2401, "base_contact": 1.0, "pushes": 0}
it   23 steps   2260992 sps   43,726 | ep_ret   -6.03 ep_len   40.8 (n=2380) | pg -0.011 vf 0.026 kl 0.0155 lr 5.8e-04
[anomaly] it 23: joint limit violated by 0.29 rad
terrain it   23 mean_level 0.2034
terms it   23 {"track_lin_vel_xy_exp": 0.0065, "track_ang_vel_z_exp": 0.00504, "feet_air_time": 3e-05, "feet_slide": -0.0031, "joint_deviation": -0.00947, "flat_orientation_l2": -0.01367, "action_rate_l2": -0.01672, "termination_penalty": -0.2, "lin_vel_z_l2": 0.0, "ang_vel_xy_l2": -0.05333, "dof_torques_l2": -0.00016, "dof_acc_l2": -0.01647, "dof_pos_limits": -0.00039, "episodes": 2380, "base_contact": 1.0, "pushes": 0}
it   24 steps   2359296 sps   43,589 | ep_ret   -6.01 ep_len   41.3 (n=2366) | pg -0.014 vf 0.017 kl 0.0156 lr 3.8e-04
[anomaly] it 24: joint limit violated by 0.30 rad
terrain it   24 mean_level 0.1064
terms it   24 {"track_lin_vel_xy_exp": 0.00666, "track_ang_vel_z_exp": 0.00527, "feet_air_time": 3e-05, "feet_slide": -0.00316, "joint_deviation": -0.00953, "flat_orientation_l2": -0.01356, "action_rate_l2": -0.01686, "termination_penalty": -0.2, "lin_vel_z_l2": 0.0, "ang_vel_xy_l2": -0.05201, "dof_torques_l2": -0.00016, "dof_acc_l2": -0.01666, "dof_pos_limits": -0.0004, "episodes": 2366, "base_contact": 1.0, "pushes": 0}
it   25 steps   2457600 sps   43,471 | ep_ret   -5.97 ep_len   41.9 (n=2339) | pg -0.014 vf 0.013 kl 0.0153 lr 3.8e-04
[anomaly] it 25: joint limit violated by 0.27 rad
terrain it   25 mean_level 0.0537
terms it   25 {"track_lin_vel_xy_exp": 0.00694, "track_ang_vel_z_exp": 0.00529, "feet_air_time": 4e-05, "feet_slide": -0.00319, "joint_deviation": -0.00964, "flat_orientation_l2": -0.01351, "action_rate_l2": -0.01704, "termination_penalty": -0.2, "lin_vel_z_l2": 0.0, "ang_vel_xy_l2": -0.05055, "dof_torques_l2": -0.00016, "dof_acc_l2": -0.01651, "dof_pos_limits": -0.0004, "episodes": 2339, "base_contact": 1.0, "pushes": 0}
it   26 steps   2555904 sps   43,355 | ep_ret   -5.90 ep_len   41.8 (n=2334) | pg -0.014 vf 0.012 kl 0.0162 lr 3.8e-04
[anomaly] it 26: explained variance -0.01 < 0 after warm-up: value function not predicting returns
[anomaly] it 26: joint limit violated by 0.25 rad
terrain it   26 mean_level 0.0273
terms it   26 {"track_lin_vel_xy_exp": 0.00701, "track_ang_vel_z_exp": 0.00537, "feet_air_time": 4e-05, "feet_slide": -0.00313, "joint_deviation": -0.0095, "flat_orientation_l2": -0.01349, "action_rate_l2": -0.01685, "termination_penalty": -0.2, "lin_vel_z_l2": 0.0, "ang_vel_xy_l2": -0.04812, "dof_torques_l2": -0.00015, "dof_acc_l2": -0.01585, "dof_pos_limits": -0.00041, "episodes": 2334, "base_contact": 1.0, "pushes": 0}
it   27 steps   2654208 sps   43,244 | ep_ret   -5.86 ep_len   42.1 (n=2388) | pg -0.015 vf 0.011 kl 0.0153 lr 5.8e-04
[anomaly] it 27: explained variance -0.01 < 0 after warm-up: value function not predicting returns
[anomaly] it 27: joint limit violated by 0.25 rad
terrain it   27 mean_level 0.0117
terms it   27 {"track_lin_vel_xy_exp": 0.00722, "track_ang_vel_z_exp": 0.00553, "feet_air_time": 4e-05, "feet_slide": -0.00315, "joint_deviation": -0.00954, "flat_orientation_l2": -0.0133, "action_rate_l2": -0.01689, "termination_penalty": -0.2, "lin_vel_z_l2": 0.0, "ang_vel_xy_l2": -0.04667, "dof_torques_l2": -0.00015, "dof_acc_l2": -0.01544, "dof_pos_limits": -0.00041, "episodes": 2388, "base_contact": 1.0, "pushes": 0}
it   28 steps   2752512 sps   43,142 | ep_ret   -5.80 ep_len   42.1 (n=2252) | pg -0.014 vf 0.010 kl 0.0172 lr 5.8e-04
[anomaly] it 28: explained variance -0.01 < 0 after warm-up: value function not predicting returns
[anomaly] it 28: joint limit violated by 0.37 rad
terrain it   28 mean_level 0.0049
terms it   28 {"track_lin_vel_xy_exp": 0.00716, "track_ang_vel_z_exp": 0.00544, "feet_air_time": 4e-05, "feet_slide": -0.0031, "joint_deviation": -0.00944, "flat_orientation_l2": -0.01311, "action_rate_l2": -0.01676, "termination_penalty": -0.2, "lin_vel_z_l2": 0.0, "ang_vel_xy_l2": -0.04437, "dof_torques_l2": -0.00014, "dof_acc_l2": -0.01513, "dof_pos_limits": -0.0004, "episodes": 2252, "base_contact": 1.0, "pushes": 0}
it   29 steps   2850816 sps   43,043 | ep_ret   -5.73 ep_len   42.6 (n=2292) | pg -0.014 vf 0.010 kl 0.0163 lr 8.6e-04
[anomaly] it 29: joint limit violated by 0.21 rad
terrain it   29 mean_level 0.0010
terms it   29 {"track_lin_vel_xy_exp": 0.00756, "track_ang_vel_z_exp": 0.0057, "feet_air_time": 4e-05, "feet_slide": -0.00307, "joint_deviation": -0.00947, "flat_orientation_l2": -0.01314, "action_rate_l2": -0.01686, "termination_penalty": -0.2, "lin_vel_z_l2": 0.0, "ang_vel_xy_l2": -0.04222, "dof_torques_l2": -0.00014, "dof_acc_l2": -0.01468, "dof_pos_limits": -0.00042, "episodes": 2292, "base_contact": 1.0, "pushes": 0}
it   30 steps   2949120 sps   42,955 | ep_ret   -5.71 ep_len   43.3 (n=2273) | pg -0.013 vf 0.011 kl 0.0169 lr 8.6e-04
[anomaly] it 30: joint limit violated by 0.22 rad
terrain it   30 mean_level 0.0005
terms it   30 {"track_lin_vel_xy_exp": 0.00771, "track_ang_vel_z_exp": 0.00594, "feet_air_time": 4e-05, "feet_slide": -0.00305, "joint_deviation": -0.00958, "flat_orientation_l2": -0.01302, "action_rate_l2": -0.01701, "termination_penalty": -0.2, "lin_vel_z_l2": 0.0, "ang_vel_xy_l2": -0.04112, "dof_torques_l2": -0.00013, "dof_acc_l2": -0.01462, "dof_pos_limits": -0.00042, "episodes": 2273, "base_contact": 1.0, "pushes": 0}
it   31 steps   3047424 sps   42,869 | ep_ret   -5.65 ep_len   43.4 (n=2192) | pg -0.014 vf 0.009 kl 0.0157 lr 5.8e-04
[anomaly] it 31: joint limit violated by 0.25 rad
terrain it   31 mean_level 0.0002
terms it   31 {"track_lin_vel_xy_exp": 0.00777, "track_ang_vel_z_exp": 0.00597, "feet_air_time": 4e-05, "feet_slide": -0.00302, "joint_deviation": -0.00953, "flat_orientation_l2": -0.01279, "action_rate_l2": -0.01699, "termination_penalty": -0.2, "lin_vel_z_l2": 0.0, "ang_vel_xy_l2": -0.03942, "dof_torques_l2": -0.00013, "dof_acc_l2": -0.01413, "dof_pos_limits": -0.00043, "episodes": 2192, "base_contact": 1.0, "pushes": 0}
it   32 steps   3145728 sps   42,787 | ep_ret   -5.62 ep_len   44.1 (n=2276) | pg -0.014 vf 0.010 kl 0.0144 lr 5.8e-04
[anomaly] it 32: joint limit violated by 0.23 rad
terrain it   32 mean_level 0.0002
terms it   32 {"track_lin_vel_xy_exp": 0.00804, "track_ang_vel_z_exp": 0.0061, "feet_air_time": 4e-05, "feet_slide": -0.00304, "joint_deviation": -0.00963, "flat_orientation_l2": -0.0126, "action_rate_l2": -0.01714, "termination_penalty": -0.2, "lin_vel_z_l2": 0.0, "ang_vel_xy_l2": -0.03827, "dof_torques_l2": -0.00013, "dof_acc_l2": -0.01379, "dof_pos_limits": -0.00044, "episodes": 2276, "base_contact": 1.0, "pushes": 0}
it   33 steps   3244032 sps   42,710 | ep_ret   -5.57 ep_len   44.1 (n=2200) | pg -0.014 vf 0.010 kl 0.0162 lr 5.8e-04
[anomaly] it 33: joint limit violated by 0.22 rad
terrain it   33 mean_level 0.0000
terms it   33 {"track_lin_vel_xy_exp": 0.00825, "track_ang_vel_z_exp": 0.00616, "feet_air_time": 5e-05, "feet_slide": -0.00298, "joint_deviation": -0.00957, "flat_orientation_l2": -0.01244, "action_rate_l2": -0.01705, "termination_penalty": -0.2, "lin_vel_z_l2": 0.0, "ang_vel_xy_l2": -0.03672, "dof_torques_l2": -0.00012, "dof_acc_l2": -0.01363, "dof_pos_limits": -0.00044, "episodes": 2200, "base_contact": 1.0, "pushes": 0}
it   34 steps   3342336 sps   42,641 | ep_ret   -5.55 ep_len   44.6 (n=2202) | pg -0.013 vf 0.010 kl 0.0154 lr 5.8e-04
[anomaly] it 34: joint limit violated by 0.20 rad
terrain it   34 mean_level 0.0000
terms it   34 {"track_lin_vel_xy_exp": 0.0083, "track_ang_vel_z_exp": 0.00626, "feet_air_time": 5e-05, "feet_slide": -0.003, "joint_deviation": -0.00966, "flat_orientation_l2": -0.01228, "action_rate_l2": -0.01718, "termination_penalty": -0.2, "lin_vel_z_l2": 0.0, "ang_vel_xy_l2": -0.03579, "dof_torques_l2": -0.00012, "dof_acc_l2": -0.01353, "dof_pos_limits": -0.00045, "episodes": 2202, "base_contact": 1.0, "pushes": 0}
it   35 steps   3440640 sps   42,573 | ep_ret   -5.50 ep_len   44.9 (n=2105) | pg -0.013 vf 0.010 kl 0.0169 lr 8.6e-04
[anomaly] it 35: joint limit violated by 0.22 rad
terrain it   35 mean_level 0.0000
terms it   35 {"track_lin_vel_xy_exp": 0.00848, "track_ang_vel_z_exp": 0.00639, "feet_air_time": 5e-05, "feet_slide": -0.00293, "joint_deviation": -0.00969, "flat_orientation_l2": -0.01209, "action_rate_l2": -0.0172, "termination_penalty": -0.2, "lin_vel_z_l2": 0.0, "ang_vel_xy_l2": -0.0344, "dof_torques_l2": -0.00012, "dof_acc_l2": -0.01325, "dof_pos_limits": -0.00045, "episodes": 2105, "base_contact": 1.0, "pushes": 0}
it   36 steps   3538944 sps   42,511 | ep_ret   -5.48 ep_len   45.6 (n=2192) | pg -0.012 vf 0.011 kl 0.0163 lr 8.6e-04
[anomaly] it 36: joint limit violated by 0.21 rad
terrain it   36 mean_level 0.0000
terms it   36 {"track_lin_vel_xy_exp": 0.00869, "track_ang_vel_z_exp": 0.00643, "feet_air_time": 5e-05, "feet_slide": -0.00294, "joint_deviation": -0.00982, "flat_orientation_l2": -0.01192, "action_rate_l2": -0.01743, "termination_penalty": -0.2, "lin_vel_z_l2": 0.0, "ang_vel_xy_l2": -0.03337, "dof_torques_l2": -0.00012, "dof_acc_l2": -0.01302, "dof_pos_limits": -0.00046, "episodes": 2192, "base_contact": 1.0, "pushes": 0}
it   37 steps   3637248 sps   42,455 | ep_ret   -5.42 ep_len   45.1 (n=2180) | pg -0.012 vf 0.011 kl 0.0175 lr 8.6e-04
[anomaly] it 37: joint limit violated by 0.24 rad
terrain it   37 mean_level 0.0000
terms it   37 {"track_lin_vel_xy_exp": 0.00873, "track_ang_vel_z_exp": 0.00656, "feet_air_time": 5e-05, "feet_slide": -0.00285, "joint_deviation": -0.00966, "flat_orientation_l2": -0.01169, "action_rate_l2": -0.01721, "termination_penalty": -0.2, "lin_vel_z_l2": 0.0, "ang_vel_xy_l2": -0.03214, "dof_torques_l2": -0.00011, "dof_acc_l2": -0.01232, "dof_pos_limits": -0.00046, "episodes": 2180, "base_contact": 1.0, "pushes": 0}
it   38 steps   3735552 sps   42,404 | ep_ret   -5.39 ep_len   45.6 (n=2113) | pg -0.013 vf 0.011 kl 0.0143 lr 5.8e-04
[anomaly] it 38: joint limit violated by 0.21 rad
terrain it   38 mean_level 0.0000
terms it   38 {"track_lin_vel_xy_exp": 0.00885, "track_ang_vel_z_exp": 0.00664, "feet_air_time": 5e-05, "feet_slide": -0.00283, "joint_deviation": -0.00978, "flat_orientation_l2": -0.01141, "action_rate_l2": -0.01734, "termination_penalty": -0.2, "lin_vel_z_l2": 0.0, "ang_vel_xy_l2": -0.03097, "dof_torques_l2": -0.00011, "dof_acc_l2": -0.01233, "dof_pos_limits": -0.00045, "episodes": 2113, "base_contact": 1.0, "pushes": 0}
it   39 steps   3833856 sps   42,356 | ep_ret   -5.37 ep_len   45.9 (n=2150) | pg -0.013 vf 0.012 kl 0.0145 lr 5.8e-04
[anomaly] it 39: joint limit violated by 0.26 rad
terrain it   39 mean_level 0.0000
terms it   39 {"track_lin_vel_xy_exp": 0.00907, "track_ang_vel_z_exp": 0.00677, "feet_air_time": 5e-05, "feet_slide": -0.00285, "joint_deviation": -0.00978, "flat_orientation_l2": -0.01118, "action_rate_l2": -0.01738, "termination_penalty": -0.2, "lin_vel_z_l2": 0.0, "ang_vel_xy_l2": -0.03005, "dof_torques_l2": -0.00011, "dof_acc_l2": -0.0124, "dof_pos_limits": -0.00047, "episodes": 2150, "base_contact": 1.0, "pushes": 0}
it   40 steps   3932160 sps   42,308 | ep_ret   -5.34 ep_len   46.4 (n=2084) | pg -0.012 vf 0.011 kl 0.0155 lr 5.8e-04
[anomaly] it 40: joint limit violated by 0.24 rad
terrain it   40 mean_level 0.0000
terms it   40 {"track_lin_vel_xy_exp": 0.00911, "track_ang_vel_z_exp": 0.00684, "feet_air_time": 5e-05, "feet_slide": -0.0028, "joint_deviation": -0.00995, "flat_orientation_l2": -0.01101, "action_rate_l2": -0.01756, "termination_penalty": -0.2, "lin_vel_z_l2": 0.0, "ang_vel_xy_l2": -0.02913, "dof_torques_l2": -0.00011, "dof_acc_l2": -0.01213, "dof_pos_limits": -0.00047, "episodes": 2084, "base_contact": 1.0, "pushes": 0}
it   41 steps   4030464 sps   42,262 | ep_ret   -5.30 ep_len   46.4 (n=2148) | pg -0.013 vf 0.012 kl 0.0142 lr 5.8e-04
[anomaly] it 41: joint limit violated by 0.21 rad
terrain it   41 mean_level 0.0000
terms it   41 {"track_lin_vel_xy_exp": 0.00932, "track_ang_vel_z_exp": 0.00689, "feet_air_time": 5e-05, "feet_slide": -0.00278, "joint_deviation": -0.00989, "flat_orientation_l2": -0.01065, "action_rate_l2": -0.0175, "termination_penalty": -0.2, "lin_vel_z_l2": 0.0, "ang_vel_xy_l2": -0.02794, "dof_torques_l2": -0.00011, "dof_acc_l2": -0.01195, "dof_pos_limits": -0.00047, "episodes": 2148, "base_contact": 1.0, "pushes": 0}
it   42 steps   4128768 sps   42,219 | ep_ret   -5.26 ep_len   46.5 (n=2013) | pg -0.013 vf 0.012 kl 0.0157 lr 5.8e-04
[anomaly] it 42: joint limit violated by 0.19 rad
terrain it   42 mean_level 0.0000
terms it   42 {"track_lin_vel_xy_exp": 0.00942, "track_ang_vel_z_exp": 0.00696, "feet_air_time": 5e-05, "feet_slide": -0.00274, "joint_deviation": -0.00989, "flat_orientation_l2": -0.01035, "action_rate_l2": -0.01755, "termination_penalty": -0.2, "lin_vel_z_l2": 0.0, "ang_vel_xy_l2": -0.02671, "dof_torques_l2": -0.00011, "dof_acc_l2": -0.01146, "dof_pos_limits": -0.00049, "episodes": 2013, "base_contact": 1.0, "pushes": 0}
it   43 steps   4227072 sps   42,179 | ep_ret   -5.24 ep_len   47.1 (n=2120) | pg -0.012 vf 0.012 kl 0.0151 lr 5.8e-04
[anomaly] it 43: joint limit violated by 0.19 rad
terrain it   43 mean_level 0.0000
terms it   43 {"track_lin_vel_xy_exp": 0.00972, "track_ang_vel_z_exp": 0.00699, "feet_air_time": 6e-05, "feet_slide": -0.00276, "joint_deviation": -0.01002, "flat_orientation_l2": -0.01, "action_rate_l2": -0.01778, "termination_penalty": -0.2, "lin_vel_z_l2": 0.0, "ang_vel_xy_l2": -0.02606, "dof_torques_l2": -0.0001, "dof_acc_l2": -0.01148, "dof_pos_limits": -0.00049, "episodes": 2120, "base_contact": 1.0, "pushes": 0}
it   44 steps   4325376 sps   42,139 | ep_ret   -5.21 ep_len   47.2 (n=2047) | pg -0.011 vf 0.012 kl 0.0151 lr 5.8e-04
[anomaly] it 44: joint limit violated by 0.21 rad
terrain it   44 mean_level 0.0000
terms it   44 {"track_lin_vel_xy_exp": 0.00989, "track_ang_vel_z_exp": 0.00698, "feet_air_time": 6e-05, "feet_slide": -0.00274, "joint_deviation": -0.01006, "flat_orientation_l2": -0.00966, "action_rate_l2": -0.01776, "termination_penalty": -0.2, "lin_vel_z_l2": 0.0, "ang_vel_xy_l2": -0.02513, "dof_torques_l2": -0.0001, "dof_acc_l2": -0.01152, "dof_pos_limits": -0.00051, "episodes": 2047, "base_contact": 1.0, "pushes": 0}
it   45 steps   4423680 sps   42,095 | ep_ret   -5.18 ep_len   47.6 (n=2065) | pg -0.011 vf 0.012 kl 0.0144 lr 5.8e-04
[anomaly] it 45: joint limit violated by 0.22 rad
terrain it   45 mean_level 0.0000
terms it   45 {"track_lin_vel_xy_exp": 0.00994, "track_ang_vel_z_exp": 0.00707, "feet_air_time": 6e-05, "feet_slide": -0.00273, "joint_deviation": -0.01013, "flat_orientation_l2": -0.00917, "action_rate_l2": -0.01788, "termination_penalty": -0.2, "lin_vel_z_l2": 0.0, "ang_vel_xy_l2": -0.02434, "dof_torques_l2": -0.0001, "dof_acc_l2": -0.01106, "dof_pos_limits": -0.00051, "episodes": 2065, "base_contact": 1.0, "pushes": 0}
it   46 steps   4521984 sps   42,058 | ep_ret   -5.17 ep_len   47.9 (n=2075) | pg -0.012 vf 0.012 kl 0.0160 lr 5.8e-04
[anomaly] it 46: joint limit violated by 0.19 rad
terrain it   46 mean_level 0.0000
terms it   46 {"track_lin_vel_xy_exp": 0.01024, "track_ang_vel_z_exp": 0.00708, "feet_air_time": 6e-05, "feet_slide": -0.00275, "joint_deviation": -0.01019, "flat_orientation_l2": -0.00906, "action_rate_l2": -0.01801, "termination_penalty": -0.2, "lin_vel_z_l2": 0.0, "ang_vel_xy_l2": -0.02379, "dof_torques_l2": -0.0001, "dof_acc_l2": -0.01129, "dof_pos_limits": -0.00053, "episodes": 2075, "base_contact": 1.0, "pushes": 0}
it   47 steps   4620288 sps   42,025 | ep_ret   -5.13 ep_len   47.6 (n=2043) | pg -0.012 vf 0.012 kl 0.0162 lr 8.6e-04
[anomaly] it 47: joint limit violated by 0.21 rad
terrain it   47 mean_level 0.0000
terms it   47 {"track_lin_vel_xy_exp": 0.01021, "track_ang_vel_z_exp": 0.00713, "feet_air_time": 6e-05, "feet_slide": -0.00268, "joint_deviation": -0.01012, "flat_orientation_l2": -0.00853, "action_rate_l2": -0.01784, "termination_penalty": -0.2, "lin_vel_z_l2": 0.0, "ang_vel_xy_l2": -0.02291, "dof_torques_l2": -0.0001, "dof_acc_l2": -0.01098, "dof_pos_limits": -0.00052, "episodes": 2043, "base_contact": 1.0, "pushes": 0}
it   48 steps   4718592 sps   41,989 | ep_ret   -5.10 ep_len   47.4 (n=2077) | pg -0.012 vf 0.012 kl 0.0169 lr 5.8e-04
[anomaly] it 48: joint limit violated by 0.22 rad
terrain it   48 mean_level 0.0000
terms it   48 {"track_lin_vel_xy_exp": 0.01006, "track_ang_vel_z_exp": 0.00712, "feet_air_time": 6e-05, "feet_slide": -0.00265, "joint_deviation": -0.01003, "flat_orientation_l2": -0.0083, "action_rate_l2": -0.01772, "termination_penalty": -0.2, "lin_vel_z_l2": 0.0, "ang_vel_xy_l2": -0.02198, "dof_torques_l2": -0.0001, "dof_acc_l2": -0.0107, "dof_pos_limits": -0.00051, "episodes": 2077, "base_contact": 1.0, "pushes": 0}
it   49 steps   4816896 sps   41,951 | ep_ret   -5.09 ep_len   48.4 (n=1975) | pg -0.012 vf 0.012 kl 0.0172 lr 8.6e-04
[anomaly] it 49: joint limit violated by 0.20 rad
terrain it   49 mean_level 0.0000
terms it   49 {"track_lin_vel_xy_exp": 0.01038, "track_ang_vel_z_exp": 0.00719, "feet_air_time": 6e-05, "feet_slide": -0.00267, "joint_deviation": -0.01025, "flat_orientation_l2": -0.00817, "action_rate_l2": -0.01808, "termination_penalty": -0.2, "lin_vel_z_l2": 0.0, "ang_vel_xy_l2": -0.02186, "dof_torques_l2": -0.0001, "dof_acc_l2": -0.01075, "dof_pos_limits": -0.00052, "episodes": 1975, "base_contact": 1.0, "pushes": 0}
it   50 steps   4915200 sps   41,919 | ep_ret   -5.06 ep_len   48.6 (n=2026) | pg -0.010 vf 0.014 kl 0.0154 lr 5.8e-04
[anomaly] it 50: joint limit violated by 0.15 rad
terrain it   50 mean_level 0.0000
terms it   50 {"track_lin_vel_xy_exp": 0.01066, "track_ang_vel_z_exp": 0.00743, "feet_air_time": 7e-05, "feet_slide": -0.00265, "joint_deviation": -0.01027, "flat_orientation_l2": -0.008, "action_rate_l2": -0.01813, "termination_penalty": -0.2, "lin_vel_z_l2": 0.0, "ang_vel_xy_l2": -0.02135, "dof_torques_l2": -0.0001, "dof_acc_l2": -0.01034, "dof_pos_limits": -0.00054, "episodes": 2026, "base_contact": 1.0, "pushes": 0}
it   51 steps   5013504 sps   41,890 | ep_ret   -5.05 ep_len   48.9 (n=1992) | pg -0.011 vf 0.012 kl 0.0168 lr 8.6e-04
[anomaly] it 51: joint limit violated by 0.21 rad
terrain it   51 mean_level 0.0000
terms it   51 {"track_lin_vel_xy_exp": 0.01063, "track_ang_vel_z_exp": 0.0073, "feet_air_time": 7e-05, "feet_slide": -0.00266, "joint_deviation": -0.01034, "flat_orientation_l2": -0.00757, "action_rate_l2": -0.01828, "termination_penalty": -0.2, "lin_vel_z_l2": 0.0, "ang_vel_xy_l2": -0.02083, "dof_torques_l2": -0.0001, "dof_acc_l2": -0.0103, "dof_pos_limits": -0.00054, "episodes": 1992, "base_contact": 1.0, "pushes": 0}
it   52 steps   5111808 sps   41,862 | ep_ret   -5.03 ep_len   49.0 (n=2023) | pg -0.011 vf 0.012 kl 0.0181 lr 5.8e-04
[anomaly] it 52: joint limit violated by 0.17 rad
terrain it   52 mean_level 0.0000
terms it   52 {"track_lin_vel_xy_exp": 0.01094, "track_ang_vel_z_exp": 0.00754, "feet_air_time": 7e-05, "feet_slide": -0.00265, "joint_deviation": -0.01032, "flat_orientation_l2": -0.00746, "action_rate_l2": -0.01829, "termination_penalty": -0.2, "lin_vel_z_l2": 0.0, "ang_vel_xy_l2": -0.0205, "dof_torques_l2": -9e-05, "dof_acc_l2": -0.01043, "dof_pos_limits": -0.00054, "episodes": 2023, "base_contact": 1.0, "pushes": 0}
it   53 steps   5210112 sps   41,831 | ep_ret   -5.02 ep_len   49.6 (n=1991) | pg -0.012 vf 0.013 kl 0.0156 lr 5.8e-04
[anomaly] it 53: joint limit violated by 0.17 rad
terrain it   53 mean_level 0.0000
terms it   53 {"track_lin_vel_xy_exp": 0.01136, "track_ang_vel_z_exp": 0.00753, "feet_air_time": 7e-05, "feet_slide": -0.00264, "joint_deviation": -0.01046, "flat_orientation_l2": -0.00725, "action_rate_l2": -0.01858, "termination_penalty": -0.2, "lin_vel_z_l2": 0.0, "ang_vel_xy_l2": -0.02019, "dof_torques_l2": -9e-05, "dof_acc_l2": -0.01029, "dof_pos_limits": -0.00055, "episodes": 1991, "base_contact": 1.0, "pushes": 0}
it   54 steps   5308416 sps   41,803 | ep_ret   -4.99 ep_len   48.6 (n=2001) | pg -0.012 vf 0.013 kl 0.0171 lr 5.8e-04
[anomaly] it 54: joint limit violated by 0.17 rad
terrain it   54 mean_level 0.0000
terms it   54 {"track_lin_vel_xy_exp": 0.01104, "track_ang_vel_z_exp": 0.00741, "feet_air_time": 7e-05, "feet_slide": -0.00258, "joint_deviation": -0.01024, "flat_orientation_l2": -0.0069, "action_rate_l2": -0.01821, "termination_penalty": -0.2, "lin_vel_z_l2": 0.0, "ang_vel_xy_l2": -0.01936, "dof_torques_l2": -9e-05, "dof_acc_l2": -0.00992, "dof_pos_limits": -0.00054, "episodes": 2001, "base_contact": 1.0, "pushes": 0}
it   55 steps   5406720 sps   41,778 | ep_ret   -4.98 ep_len   49.2 (n=1966) | pg -0.011 vf 0.013 kl 0.0171 lr 8.6e-04
[anomaly] it 55: joint limit violated by 0.18 rad
terrain it   55 mean_level 0.0000
terms it   55 {"track_lin_vel_xy_exp": 0.01124, "track_ang_vel_z_exp": 0.0075, "feet_air_time": 7e-05, "feet_slide": -0.00259, "joint_deviation": -0.01035, "flat_orientation_l2": -0.00674, "action_rate_l2": -0.01845, "termination_penalty": -0.2, "lin_vel_z_l2": 0.0, "ang_vel_xy_l2": -0.01915, "dof_torques_l2": -9e-05, "dof_acc_l2": -0.00974, "dof_pos_limits": -0.00055, "episodes": 1966, "base_contact": 1.0, "pushes": 0}
it   56 steps   5505024 sps   41,753 | ep_ret   -4.97 ep_len   49.6 (n=2040) | pg -0.010 vf 0.015 kl 0.0155 lr 5.8e-04
[anomaly] it 56: joint limit violated by 0.15 rad
terrain it   56 mean_level 0.0000
terms it   56 {"track_lin_vel_xy_exp": 0.01141, "track_ang_vel_z_exp": 0.0076, "feet_air_time": 7e-05, "feet_slide": -0.00258, "joint_deviation": -0.01044, "flat_orientation_l2": -0.00661, "action_rate_l2": -0.01865, "termination_penalty": -0.2, "lin_vel_z_l2": 0.0, "ang_vel_xy_l2": -0.0188, "dof_torques_l2": -9e-05, "dof_acc_l2": -0.00966, "dof_pos_limits": -0.00056, "episodes": 2040, "base_contact": 1.0, "pushes": 0}
it   57 steps   5603328 sps   41,727 | ep_ret   -4.95 ep_len   49.2 (n=1949) | pg -0.012 vf 0.013 kl 0.0152 lr 5.8e-04
[anomaly] it 57: joint limit violated by 0.18 rad
terrain it   57 mean_level 0.0000
terms it   57 {"track_lin_vel_xy_exp": 0.01124, "track_ang_vel_z_exp": 0.00771, "feet_air_time": 7e-05, "feet_slide": -0.00256, "joint_deviation": -0.01036, "flat_orientation_l2": -0.00625, "action_rate_l2": -0.01851, "termination_penalty": -0.2, "lin_vel_z_l2": 0.0, "ang_vel_xy_l2": -0.01832, "dof_torques_l2": -9e-05, "dof_acc_l2": -0.00969, "dof_pos_limits": -0.00056, "episodes": 1949, "base_contact": 1.0, "pushes": 0}
it   58 steps   5701632 sps   41,704 | ep_ret   -4.92 ep_len   49.2 (n=1979) | pg -0.010 vf 0.013 kl 0.0167 lr 5.8e-04
[anomaly] it 58: joint limit violated by 0.14 rad
terrain it   58 mean_level 0.0000
terms it   58 {"track_lin_vel_xy_exp": 0.01134, "track_ang_vel_z_exp": 0.00785, "feet_air_time": 7e-05, "feet_slide": -0.00251, "joint_deviation": -0.01031, "flat_orientation_l2": -0.00619, "action_rate_l2": -0.01851, "termination_penalty": -0.2, "lin_vel_z_l2": 0.0, "ang_vel_xy_l2": -0.018, "dof_torques_l2": -9e-05, "dof_acc_l2": -0.00932, "dof_pos_limits": -0.00057, "episodes": 1979, "base_contact": 1.0, "pushes": 0}
it   59 steps   5799936 sps   41,683 | ep_ret   -4.92 ep_len   49.8 (n=1979) | pg -0.011 vf 0.013 kl 0.0169 lr 5.8e-04
[anomaly] it 59: joint limit violated by 0.15 rad
terrain it   59 mean_level 0.0000
terms it   59 {"track_lin_vel_xy_exp": 0.01176, "track_ang_vel_z_exp": 0.00794, "feet_air_time": 7e-05, "feet_slide": -0.00252, "joint_deviation": -0.01048, "flat_orientation_l2": -0.00595, "action_rate_l2": -0.01875, "termination_penalty": -0.2, "lin_vel_z_l2": 0.0, "ang_vel_xy_l2": -0.01789, "dof_torques_l2": -9e-05, "dof_acc_l2": -0.00944, "dof_pos_limits": -0.0006, "episodes": 1979, "base_contact": 1.0, "pushes": 0}
it   60 steps   5898240 sps   41,662 | ep_ret   -4.91 ep_len   49.7 (n=1998) | pg -0.012 vf 0.013 kl 0.0165 lr 5.8e-04
[anomaly] it 60: joint limit violated by 0.19 rad
terrain it   60 mean_level 0.0000
terms it   60 {"track_lin_vel_xy_exp": 0.01179, "track_ang_vel_z_exp": 0.00793, "feet_air_time": 7e-05, "feet_slide": -0.00249, "joint_deviation": -0.01041, "flat_orientation_l2": -0.00604, "action_rate_l2": -0.0187, "termination_penalty": -0.2, "lin_vel_z_l2": 0.0, "ang_vel_xy_l2": -0.01756, "dof_torques_l2": -9e-05, "dof_acc_l2": -0.0092, "dof_pos_limits": -0.0006, "episodes": 1998, "base_contact": 1.0, "pushes": 0}
it   61 steps   5996544 sps   41,635 | ep_ret   -4.89 ep_len   49.8 (n=1933) | pg -0.011 vf 0.013 kl 0.0162 lr 5.8e-04
[anomaly] it 61: joint limit violated by 0.23 rad
terrain it   61 mean_level 0.0000
terms it   61 {"track_lin_vel_xy_exp": 0.01186, "track_ang_vel_z_exp": 0.0079, "feet_air_time": 7e-05, "feet_slide": -0.00248, "joint_deviation": -0.01041, "flat_orientation_l2": -0.00577, "action_rate_l2": -0.01871, "termination_penalty": -0.2, "lin_vel_z_l2": 0.0, "ang_vel_xy_l2": -0.01726, "dof_torques_l2": -9e-05, "dof_acc_l2": -0.00922, "dof_pos_limits": -0.00061, "episodes": 1933, "base_contact": 1.0, "pushes": 0}
it   62 steps   6094848 sps   41,605 | ep_ret   -4.89 ep_len   50.1 (n=1986) | pg -0.010 vf 0.012 kl 0.0173 lr 5.8e-04
[anomaly] it 62: terminal-step reward dominates the episode: survival is being punished
[anomaly] it 62: joint limit violated by 0.15 rad
terrain it   62 mean_level 0.0000
terms it   62 {"track_lin_vel_xy_exp": 0.01208, "track_ang_vel_z_exp": 0.00799, "feet_air_time": 7e-05, "feet_slide": -0.00249, "joint_deviation": -0.01051, "flat_orientation_l2": -0.00567, "action_rate_l2": -0.01887, "termination_penalty": -0.2, "lin_vel_z_l2": 0.0, "ang_vel_xy_l2": -0.01726, "dof_torques_l2": -9e-05, "dof_acc_l2": -0.00916, "dof_pos_limits": -0.00062, "episodes": 1986, "base_contact": 1.0, "pushes": 0}
it   63 steps   6193152 sps   41,575 | ep_ret   -4.87 ep_len   50.1 (n=1898) | pg -0.012 vf 0.013 kl 0.0160 lr 5.8e-04
[anomaly] it 63: terminal-step reward dominates the episode: survival is being punished
[anomaly] it 63: joint limit violated by 0.13 rad
terrain it   63 mean_level 0.0000
terms it   63 {"track_lin_vel_xy_exp": 0.01219, "track_ang_vel_z_exp": 0.00812, "feet_air_time": 7e-05, "feet_slide": -0.0025, "joint_deviation": -0.01048, "flat_orientation_l2": -0.00539, "action_rate_l2": -0.01889, "termination_penalty": -0.2, "lin_vel_z_l2": 0.0, "ang_vel_xy_l2": -0.01677, "dof_torques_l2": -8e-05, "dof_acc_l2": -0.00898, "dof_pos_limits": -0.00063, "episodes": 1898, "base_contact": 1.0, "pushes": 0}
it   64 steps   6291456 sps   41,538 | ep_ret   -4.87 ep_len   50.7 (n=1956) | pg -0.011 vf 0.012 kl 0.0148 lr 5.8e-04
[anomaly] it 64: terminal-step reward dominates the episode: survival is being punished
[anomaly] it 64: joint limit violated by 0.17 rad
terrain it   64 mean_level 0.0000
terms it   64 {"track_lin_vel_xy_exp": 0.01231, "track_ang_vel_z_exp": 0.00824, "feet_air_time": 8e-05, "feet_slide": -0.00251, "joint_deviation": -0.01059, "flat_orientation_l2": -0.00556, "action_rate_l2": -0.01917, "termination_penalty": -0.2, "lin_vel_z_l2": 0.0, "ang_vel_xy_l2": -0.01683, "dof_torques_l2": -8e-05, "dof_acc_l2": -0.00889, "dof_pos_limits": -0.00063, "episodes": 1956, "base_contact": 1.0, "pushes": 0}
it   65 steps   6389760 sps   41,510 | ep_ret   -4.85 ep_len   50.3 (n=1950) | pg -0.011 vf 0.012 kl 0.0162 lr 5.8e-04
[anomaly] it 65: terminal-step reward dominates the episode: survival is being punished
[anomaly] it 65: joint limit violated by 0.13 rad
terrain it   65 mean_level 0.0000
terms it   65 {"track_lin_vel_xy_exp": 0.01239, "track_ang_vel_z_exp": 0.00821, "feet_air_time": 8e-05, "feet_slide": -0.00246, "joint_deviation": -0.01048, "flat_orientation_l2": -0.00527, "action_rate_l2": -0.01902, "termination_penalty": -0.2, "lin_vel_z_l2": 0.0, "ang_vel_xy_l2": -0.01636, "dof_torques_l2": -8e-05, "dof_acc_l2": -0.00874, "dof_pos_limits": -0.00063, "episodes": 1950, "base_contact": 1.0, "pushes": 0}
it   66 steps   6488064 sps   41,486 | ep_ret   -4.86 ep_len   50.8 (n=1946) | pg -0.012 vf 0.012 kl 0.0173 lr 3.8e-04
[anomaly] it 66: terminal-step reward dominates the episode: survival is being punished
[anomaly] it 66: joint limit violated by 0.20 rad
terrain it   66 mean_level 0.0000
terms it   66 {"track_lin_vel_xy_exp": 0.01226, "track_ang_vel_z_exp": 0.00826, "feet_air_time": 8e-05, "feet_slide": -0.00248, "joint_deviation": -0.01063, "flat_orientation_l2": -0.00515, "action_rate_l2": -0.01925, "termination_penalty": -0.2, "lin_vel_z_l2": 0.0, "ang_vel_xy_l2": -0.01633, "dof_torques_l2": -8e-05, "dof_acc_l2": -0.00887, "dof_pos_limits": -0.00064, "episodes": 1946, "base_contact": 1.0, "pushes": 0}
it   67 steps   6586368 sps   41,464 | ep_ret   -4.83 ep_len   50.4 (n=1906) | pg -0.010 vf 0.012 kl 0.0149 lr 3.8e-04
[anomaly] it 67: terminal-step reward dominates the episode: survival is being punished
[anomaly] it 67: joint limit violated by 0.17 rad
terrain it   67 mean_level 0.0000
terms it   67 {"track_lin_vel_xy_exp": 0.01212, "track_ang_vel_z_exp": 0.00829, "feet_air_time": 8e-05, "feet_slide": -0.00245, "joint_deviation": -0.01053, "flat_orientation_l2": -0.00495, "action_rate_l2": -0.01911, "termination_penalty": -0.2, "lin_vel_z_l2": 0.0, "ang_vel_xy_l2": -0.01588, "dof_torques_l2": -8e-05, "dof_acc_l2": -0.00854, "dof_pos_limits": -0.00063, "episodes": 1906, "base_contact": 1.0, "pushes": 0}
it   68 steps   6684672 sps   41,441 | ep_ret   -4.84 ep_len   51.4 (n=1929) | pg -0.013 vf 0.012 kl 0.0146 lr 5.8e-04
[anomaly] it 68: terminal-step reward dominates the episode: survival is being punished
[anomaly] it 68: joint limit violated by 0.13 rad
terrain it   68 mean_level 0.0000
terms it   68 {"track_lin_vel_xy_exp": 0.0126, "track_ang_vel_z_exp": 0.00852, "feet_air_time": 8e-05, "feet_slide": -0.00251, "joint_deviation": -0.01072, "flat_orientation_l2": -0.00494, "action_rate_l2": -0.01955, "termination_penalty": -0.2, "lin_vel_z_l2": 0.0, "ang_vel_xy_l2": -0.01602, "dof_torques_l2": -8e-05, "dof_acc_l2": -0.00891, "dof_pos_limits": -0.00063, "episodes": 1929, "base_contact": 1.0, "pushes": 0}
it   69 steps   6782976 sps   41,414 | ep_ret   -4.84 ep_len   51.3 (n=1921) | pg -0.011 vf 0.012 kl 0.0171 lr 5.8e-04
[anomaly] it 69: terminal-step reward dominates the episode: survival is being punished
[anomaly] it 69: joint limit violated by 0.16 rad
terrain it   69 mean_level 0.0000
terms it   69 {"track_lin_vel_xy_exp": 0.01246, "track_ang_vel_z_exp": 0.00854, "feet_air_time": 8e-05, "feet_slide": -0.00249, "joint_deviation": -0.01068, "flat_orientation_l2": -0.00483, "action_rate_l2": -0.0196, "termination_penalty": -0.2, "lin_vel_z_l2": 0.0, "ang_vel_xy_l2": -0.01577, "dof_torques_l2": -8e-05, "dof_acc_l2": -0.00884, "dof_pos_limits": -0.00065, "episodes": 1921, "base_contact": 1.0, "pushes": 0}
it   70 steps   6881280 sps   41,392 | ep_ret   -4.80 ep_len   51.0 (n=1891) | pg -0.011 vf 0.011 kl 0.0147 lr 5.8e-04
[anomaly] it 70: terminal-step reward dominates the episode: survival is being punished
[anomaly] it 70: joint limit violated by 0.12 rad
terrain it   70 mean_level 0.0000
terms it   70 {"track_lin_vel_xy_exp": 0.01287, "track_ang_vel_z_exp": 0.00862, "feet_air_time": 8e-05, "feet_slide": -0.00248, "joint_deviation": -0.01064, "flat_orientation_l2": -0.00448, "action_rate_l2": -0.0195, "termination_penalty": -0.2, "lin_vel_z_l2": 0.0, "ang_vel_xy_l2": -0.01541, "dof_torques_l2": -8e-05, "dof_acc_l2": -0.00839, "dof_pos_limits": -0.00065, "episodes": 1891, "base_contact": 1.0, "pushes": 0}
it   71 steps   6979584 sps   41,373 | ep_ret   -4.80 ep_len   51.6 (n=1940) | pg -0.011 vf 0.011 kl 0.0179 lr 5.8e-04
[anomaly] it 71: terminal-step reward dominates the episode: survival is being punished
[anomaly] it 71: joint limit violated by 0.19 rad
terrain it   71 mean_level 0.0000
terms it   71 {"track_lin_vel_xy_exp": 0.01303, "track_ang_vel_z_exp": 0.00864, "feet_air_time": 9e-05, "feet_slide": -0.00251, "joint_deviation": -0.01078, "flat_orientation_l2": -0.00421, "action_rate_l2": -0.01974, "termination_penalty": -0.2, "lin_vel_z_l2": 0.0, "ang_vel_xy_l2": -0.01523, "dof_torques_l2": -8e-05, "dof_acc_l2": -0.00839, "dof_pos_limits": -0.00067, "episodes": 1940, "base_contact": 1.0, "pushes": 0}
it   72 steps   7077888 sps   41,354 | ep_ret   -4.79 ep_len   51.5 (n=1904) | pg -0.011 vf 0.011 kl 0.0160 lr 5.8e-04
[anomaly] it 72: terminal-step reward dominates the episode: survival is being punished
[anomaly] it 72: joint limit violated by 0.13 rad
terrain it   72 mean_level 0.0000
terms it   72 {"track_lin_vel_xy_exp": 0.01293, "track_ang_vel_z_exp": 0.00877, "feet_air_time": 8e-05, "feet_slide": -0.00248, "joint_deviation": -0.01077, "flat_orientation_l2": -0.00427, "action_rate_l2": -0.01973, "termination_penalty": -0.2, "lin_vel_z_l2": 0.0, "ang_vel_xy_l2": -0.01509, "dof_torques_l2": -8e-05, "dof_acc_l2": -0.00843, "dof_pos_limits": -0.00065, "episodes": 1904, "base_contact": 1.0, "pushes": 0}
it   73 steps   7176192 sps   41,333 | ep_ret   -4.77 ep_len   51.3 (n=1899) | pg -0.012 vf 0.011 kl 0.0168 lr 2.6e-04
[anomaly] it 73: terminal-step reward dominates the episode: survival is being punished
[anomaly] it 73: joint limit violated by 0.18 rad
terrain it   73 mean_level 0.0000
terms it   73 {"track_lin_vel_xy_exp": 0.013, "track_ang_vel_z_exp": 0.00859, "feet_air_time": 8e-05, "feet_slide": -0.00244, "joint_deviation": -0.01077, "flat_orientation_l2": -0.00391, "action_rate_l2": -0.01966, "termination_penalty": -0.2, "lin_vel_z_l2": 0.0, "ang_vel_xy_l2": -0.01466, "dof_torques_l2": -8e-05, "dof_acc_l2": -0.00815, "dof_pos_limits": -0.00067, "episodes": 1899, "base_contact": 1.0, "pushes": 0}
it   74 steps   7274496 sps   41,311 | ep_ret   -4.77 ep_len   51.4 (n=1904) | pg -0.011 vf 0.010 kl 0.0149 lr 5.8e-04
[anomaly] it 74: terminal-step reward dominates the episode: survival is being punished
[anomaly] it 74: joint limit violated by 0.17 rad
terrain it   74 mean_level 0.0000
terms it   74 {"track_lin_vel_xy_exp": 0.01299, "track_ang_vel_z_exp": 0.00869, "feet_air_time": 9e-05, "feet_slide": -0.00246, "joint_deviation": -0.01079, "flat_orientation_l2": -0.00375, "action_rate_l2": -0.01971, "termination_penalty": -0.2, "lin_vel_z_l2": 0.0, "ang_vel_xy_l2": -0.01452, "dof_torques_l2": -8e-05, "dof_acc_l2": -0.00824, "dof_pos_limits": -0.00067, "episodes": 1904, "base_contact": 1.0, "pushes": 0}
it   75 steps   7372800 sps   41,292 | ep_ret   -4.76 ep_len   51.7 (n=1907) | pg -0.011 vf 0.011 kl 0.0170 lr 5.8e-04
[anomaly] it 75: terminal-step reward dominates the episode: survival is being punished
[anomaly] it 75: joint limit violated by 0.19 rad
terrain it   75 mean_level 0.0000
terms it   75 {"track_lin_vel_xy_exp": 0.01347, "track_ang_vel_z_exp": 0.00892, "feet_air_time": 9e-05, "feet_slide": -0.0025, "joint_deviation": -0.01085, "flat_orientation_l2": -0.0036, "action_rate_l2": -0.01987, "termination_penalty": -0.2, "lin_vel_z_l2": 0.0, "ang_vel_xy_l2": -0.01434, "dof_torques_l2": -8e-05, "dof_acc_l2": -0.00836, "dof_pos_limits": -0.00068, "episodes": 1907, "base_contact": 1.0, "pushes": 0}
it   76 steps   7471104 sps   41,273 | ep_ret   -4.76 ep_len   52.0 (n=1842) | pg -0.011 vf 0.010 kl 0.0165 lr 5.8e-04
[anomaly] it 76: terminal-step reward dominates the episode: survival is being punished
[anomaly] it 76: joint limit violated by 0.19 rad
terrain it   76 mean_level 0.0000
terms it   76 {"track_lin_vel_xy_exp": 0.01346, "track_ang_vel_z_exp": 0.00893, "feet_air_time": 9e-05, "feet_slide": -0.00248, "joint_deviation": -0.0109, "flat_orientation_l2": -0.00364, "action_rate_l2": -0.01998, "termination_penalty": -0.2, "lin_vel_z_l2": 0.0, "ang_vel_xy_l2": -0.01417, "dof_torques_l2": -8e-05, "dof_acc_l2": -0.00829, "dof_pos_limits": -0.0007, "episodes": 1842, "base_contact": 1.0, "pushes": 0}
it   77 steps   7569408 sps   41,255 | ep_ret   -4.75 ep_len   52.6 (n=1900) | pg -0.010 vf 0.010 kl 0.0177 lr 3.8e-04
[anomaly] it 77: terminal-step reward dominates the episode: survival is being punished
[anomaly] it 77: joint limit violated by 0.15 rad
terrain it   77 mean_level 0.0000
terms it   77 {"track_lin_vel_xy_exp": 0.01362, "track_ang_vel_z_exp": 0.00922, "feet_air_time": 9e-05, "feet_slide": -0.00251, "joint_deviation": -0.01104, "flat_orientation_l2": -0.0036, "action_rate_l2": -0.02025, "termination_penalty": -0.2, "lin_vel_z_l2": 0.0, "ang_vel_xy_l2": -0.01421, "dof_torques_l2": -8e-05, "dof_acc_l2": -0.00809, "dof_pos_limits": -0.00072, "episodes": 1900, "base_contact": 1.0, "pushes": 0}
it   78 steps   7667712 sps   41,236 | ep_ret   -4.74 ep_len   52.4 (n=1848) | pg -0.009 vf 0.010 kl 0.0176 lr 5.8e-04
[anomaly] it 78: terminal-step reward dominates the episode: survival is being punished
[anomaly] it 78: joint limit violated by 0.17 rad
terrain it   78 mean_level 0.0000
terms it   78 {"track_lin_vel_xy_exp": 0.01372, "track_ang_vel_z_exp": 0.00918, "feet_air_time": 9e-05, "feet_slide": -0.00252, "joint_deviation": -0.011, "flat_orientation_l2": -0.00343, "action_rate_l2": -0.02023, "termination_penalty": -0.2, "lin_vel_z_l2": 0.0, "ang_vel_xy_l2": -0.01387, "dof_torques_l2": -8e-05, "dof_acc_l2": -0.00796, "dof_pos_limits": -0.00071, "episodes": 1848, "base_contact": 1.0, "pushes": 0}
it   79 steps   7766016 sps   41,218 | ep_ret   -4.72 ep_len   52.2 (n=1898) | pg -0.011 vf 0.011 kl 0.0168 lr 5.8e-04
[anomaly] it 79: terminal-step reward dominates the episode: survival is being punished
[anomaly] it 79: joint limit violated by 0.10 rad
terrain it   79 mean_level 0.0000
terms it   79 {"track_lin_vel_xy_exp": 0.01371, "track_ang_vel_z_exp": 0.00937, "feet_air_time": 9e-05, "feet_slide": -0.00249, "joint_deviation": -0.01098, "flat_orientation_l2": -0.00324, "action_rate_l2": -0.02011, "termination_penalty": -0.2, "lin_vel_z_l2": 0.0, "ang_vel_xy_l2": -0.01371, "dof_torques_l2": -7e-05, "dof_acc_l2": -0.00764, "dof_pos_limits": -0.0007, "episodes": 1898, "base_contact": 1.0, "pushes": 0}
it   80 steps   7864320 sps   41,199 | ep_ret   -4.72 ep_len   52.8 (n=1872) | pg -0.012 vf 0.010 kl 0.0172 lr 3.8e-04
[anomaly] it 80: terminal-step reward dominates the episode: survival is being punished
[anomaly] it 80: joint limit violated by 0.10 rad
terrain it   80 mean_level 0.0000
terms it   80 {"track_lin_vel_xy_exp": 0.01417, "track_ang_vel_z_exp": 0.00939, "feet_air_time": 9e-05, "feet_slide": -0.00255, "joint_deviation": -0.01114, "flat_orientation_l2": -0.00326, "action_rate_l2": -0.02044, "termination_penalty": -0.2, "lin_vel_z_l2": 0.0, "ang_vel_xy_l2": -0.01371, "dof_torques_l2": -8e-05, "dof_acc_l2": -0.00784, "dof_pos_limits": -0.00071, "episodes": 1872, "base_contact": 1.0, "pushes": 0}
it   81 steps   7962624 sps   41,181 | ep_ret   -4.70 ep_len   52.1 (n=1849) | pg -0.011 vf 0.010 kl 0.0181 lr 5.8e-04
[anomaly] it 81: terminal-step reward dominates the episode: survival is being punished
[anomaly] it 81: joint limit violated by 0.10 rad
terrain it   81 mean_level 0.0000
terms it   81 {"track_lin_vel_xy_exp": 0.014, "track_ang_vel_z_exp": 0.00923, "feet_air_time": 9e-05, "feet_slide": -0.00249, "joint_deviation": -0.01099, "flat_orientation_l2": -0.00303, "action_rate_l2": -0.02016, "termination_penalty": -0.2, "lin_vel_z_l2": 0.0, "ang_vel_xy_l2": -0.01338, "dof_torques_l2": -7e-05, "dof_acc_l2": -0.00767, "dof_pos_limits": -0.0007, "episodes": 1849, "base_contact": 1.0, "pushes": 0}
it   82 steps   8060928 sps   41,164 | ep_ret   -4.71 ep_len   53.0 (n=1876) | pg -0.009 vf 0.010 kl 0.0168 lr 3.8e-04
[anomaly] it 82: terminal-step reward dominates the episode: survival is being punished
[anomaly] it 82: joint limit violated by 0.26 rad
terrain it   82 mean_level 0.0000
terms it   82 {"track_lin_vel_xy_exp": 0.01417, "track_ang_vel_z_exp": 0.00957, "feet_air_time": 9e-05, "feet_slide": -0.00256, "joint_deviation": -0.01116, "flat_orientation_l2": -0.00314, "action_rate_l2": -0.02054, "termination_penalty": -0.2, "lin_vel_z_l2": 0.0, "ang_vel_xy_l2": -0.01349, "dof_torques_l2": -7e-05, "dof_acc_l2": -0.0078, "dof_pos_limits": -0.00071, "episodes": 1876, "base_contact": 1.0, "pushes": 0}
it   83 steps   8159232 sps   41,151 | ep_ret   -4.69 ep_len   52.3 (n=1816) | pg -0.011 vf 0.010 kl 0.0157 lr 5.8e-04
[anomaly] it 83: terminal-step reward dominates the episode: survival is being punished
[anomaly] it 83: joint limit violated by 0.11 rad
terrain it   83 mean_level 0.0000
terms it   83 {"track_lin_vel_xy_exp": 0.01406, "track_ang_vel_z_exp": 0.00961, "feet_air_time": 9e-05, "feet_slide": -0.0025, "joint_deviation": -0.01099, "flat_orientation_l2": -0.00301, "action_rate_l2": -0.02028, "termination_penalty": -0.2, "lin_vel_z_l2": 0.0, "ang_vel_xy_l2": -0.01315, "dof_torques_l2": -7e-05, "dof_acc_l2": -0.00757, "dof_pos_limits": -0.00072, "episodes": 1816, "base_contact": 1.0, "pushes": 0}
it   84 steps   8257536 sps   41,138 | ep_ret   -4.70 ep_len   53.6 (n=1873) | pg -0.010 vf 0.011 kl 0.0171 lr 3.8e-04
[anomaly] it 84: terminal-step reward dominates the episode: survival is being punished
[anomaly] it 84: joint limit violated by 0.17 rad
terrain it   84 mean_level 0.0000
terms it   84 {"track_lin_vel_xy_exp": 0.01436, "track_ang_vel_z_exp": 0.00973, "feet_air_time": 0.0001, "feet_slide": -0.00257, "joint_deviation": -0.01128, "flat_orientation_l2": -0.00293, "action_rate_l2": -0.02076, "termination_penalty": -0.2, "lin_vel_z_l2": 0.0, "ang_vel_xy_l2": -0.01322, "dof_torques_l2": -7e-05, "dof_acc_l2": -0.00761, "dof_pos_limits": -0.00073, "episodes": 1873, "base_contact": 1.0, "pushes": 0}
it   85 steps   8355840 sps   41,125 | ep_ret   -4.69 ep_len   53.4 (n=1798) | pg -0.011 vf 0.010 kl 0.0151 lr 5.8e-04
[anomaly] it 85: terminal-step reward dominates the episode: survival is being punished
[anomaly] it 85: joint limit violated by 0.16 rad
terrain it   85 mean_level 0.0000
terms it   85 {"track_lin_vel_xy_exp": 0.01466, "track_ang_vel_z_exp": 0.00974, "feet_air_time": 0.0001, "feet_slide": -0.00257, "joint_deviation": -0.01122, "flat_orientation_l2": -0.00279, "action_rate_l2": -0.02071, "termination_penalty": -0.2, "lin_vel_z_l2": 0.0, "ang_vel_xy_l2": -0.01307, "dof_torques_l2": -7e-05, "dof_acc_l2": -0.00771, "dof_pos_limits": -0.00075, "episodes": 1798, "base_contact": 1.0, "pushes": 0}
it   86 steps   8454144 sps   41,113 | ep_ret   -4.68 ep_len   53.6 (n=1815) | pg -0.010 vf 0.011 kl 0.0168 lr 5.8e-04
[anomaly] it 86: terminal-step reward dominates the episode: survival is being punished
[anomaly] it 86: joint limit violated by 0.14 rad
terrain it   86 mean_level 0.0000
terms it   86 {"track_lin_vel_xy_exp": 0.01463, "track_ang_vel_z_exp": 0.00984, "feet_air_time": 0.0001, "feet_slide": -0.00255, "joint_deviation": -0.01129, "flat_orientation_l2": -0.00276, "action_rate_l2": -0.02085, "termination_penalty": -0.2, "lin_vel_z_l2": 0.0, "ang_vel_xy_l2": -0.01289, "dof_torques_l2": -7e-05, "dof_acc_l2": -0.00749, "dof_pos_limits": -0.00073, "episodes": 1815, "base_contact": 1.0, "pushes": 0}
it   87 steps   8552448 sps   41,100 | ep_ret   -4.67 ep_len   53.8 (n=1818) | pg -0.011 vf 0.011 kl 0.0172 lr 5.8e-04
[anomaly] it 87: terminal-step reward dominates the episode: survival is being punished
[anomaly] it 87: joint limit violated by 0.09 rad
terrain it   87 mean_level 0.0000
terms it   87 {"track_lin_vel_xy_exp": 0.01497, "track_ang_vel_z_exp": 0.00991, "feet_air_time": 0.0001, "feet_slide": -0.00258, "joint_deviation": -0.01138, "flat_orientation_l2": -0.00254, "action_rate_l2": -0.02087, "termination_penalty": -0.2, "lin_vel_z_l2": 0.0, "ang_vel_xy_l2": -0.01274, "dof_torques_l2": -7e-05, "dof_acc_l2": -0.0074, "dof_pos_limits": -0.00073, "episodes": 1818, "base_contact": 1.0, "pushes": 0}
it   88 steps   8650752 sps   41,089 | ep_ret   -4.67 ep_len   54.4 (n=1833) | pg -0.010 vf 0.010 kl 0.0168 lr 3.8e-04
[anomaly] it 88: terminal-step reward dominates the episode: survival is being punished
[anomaly] it 88: joint limit violated by 0.09 rad
terrain it   88 mean_level 0.0000
terms it   88 {"track_lin_vel_xy_exp": 0.01516, "track_ang_vel_z_exp": 0.01028, "feet_air_time": 0.0001, "feet_slide": -0.00265, "joint_deviation": -0.01149, "flat_orientation_l2": -0.00256, "action_rate_l2": -0.02113, "termination_penalty": -0.2, "lin_vel_z_l2": 0.0, "ang_vel_xy_l2": -0.01273, "dof_torques_l2": -7e-05, "dof_acc_l2": -0.00747, "dof_pos_limits": -0.00074, "episodes": 1833, "base_contact": 1.0, "pushes": 0}
it   89 steps   8749056 sps   41,076 | ep_ret   -4.67 ep_len   54.2 (n=1778) | pg -0.010 vf 0.010 kl 0.0161 lr 5.8e-04
[anomaly] it 89: terminal-step reward dominates the episode: survival is being punished
[anomaly] it 89: joint limit violated by 0.11 rad
terrain it   89 mean_level 0.0000
terms it   89 {"track_lin_vel_xy_exp": 0.0147, "track_ang_vel_z_exp": 0.01017, "feet_air_time": 0.0001, "feet_slide": -0.00261, "joint_deviation": -0.01145, "flat_orientation_l2": -0.0026, "action_rate_l2": -0.02109, "termination_penalty": -0.2, "lin_vel_z_l2": 0.0, "ang_vel_xy_l2": -0.01253, "dof_torques_l2": -7e-05, "dof_acc_l2": -0.00744, "dof_pos_limits": -0.00076, "episodes": 1778, "base_contact": 1.0, "pushes": 0}
it   90 steps   8847360 sps   41,063 | ep_ret   -4.66 ep_len   54.3 (n=1821) | pg -0.010 vf 0.011 kl 0.0176 lr 5.8e-04
[anomaly] it 90: terminal-step reward dominates the episode: survival is being punished
[anomaly] it 90: joint limit violated by 0.16 rad
terrain it   90 mean_level 0.0000
terms it   90 {"track_lin_vel_xy_exp": 0.0152, "track_ang_vel_z_exp": 0.01009, "feet_air_time": 0.0001, "feet_slide": -0.00265, "joint_deviation": -0.01149, "flat_orientation_l2": -0.00253, "action_rate_l2": -0.02116, "termination_penalty": -0.2, "lin_vel_z_l2": 0.0, "ang_vel_xy_l2": -0.0125, "dof_torques_l2": -7e-05, "dof_acc_l2": -0.00747, "dof_pos_limits": -0.00075, "episodes": 1821, "base_contact": 1.0, "pushes": 0}
it   91 steps   8945664 sps   41,052 | ep_ret   -4.66 ep_len   54.6 (n=1821) | pg -0.011 vf 0.010 kl 0.0179 lr 5.8e-04
[anomaly] it 91: terminal-step reward dominates the episode: survival is being punished
[anomaly] it 91: joint limit violated by 0.16 rad
terrain it   91 mean_level 0.0000
terms it   91 {"track_lin_vel_xy_exp": 0.01526, "track_ang_vel_z_exp": 0.01044, "feet_air_time": 0.0001, "feet_slide": -0.00268, "joint_deviation": -0.01155, "flat_orientation_l2": -0.00244, "action_rate_l2": -0.02128, "termination_penalty": -0.2, "lin_vel_z_l2": 0.0, "ang_vel_xy_l2": -0.01246, "dof_torques_l2": -7e-05, "dof_acc_l2": -0.00748, "dof_pos_limits": -0.00076, "episodes": 1821, "base_contact": 1.0, "pushes": 0}
it   92 steps   9043968 sps   41,041 | ep_ret   -4.64 ep_len   54.2 (n=1756) | pg -0.011 vf 0.011 kl 0.0174 lr 5.8e-04
[anomaly] it 92: terminal-step reward dominates the episode: survival is being punished
[anomaly] it 92: joint limit violated by 0.15 rad
terrain it   92 mean_level 0.0000
terms it   92 {"track_lin_vel_xy_exp": 0.01523, "track_ang_vel_z_exp": 0.01039, "feet_air_time": 0.0001, "feet_slide": -0.00267, "joint_deviation": -0.01145, "flat_orientation_l2": -0.00233, "action_rate_l2": -0.02109, "termination_penalty": -0.2, "lin_vel_z_l2": 0.0, "ang_vel_xy_l2": -0.01221, "dof_torques_l2": -7e-05, "dof_acc_l2": -0.00717, "dof_pos_limits": -0.00074, "episodes": 1756, "base_contact": 1.0, "pushes": 0}
it   93 steps   9142272 sps   41,027 | ep_ret   -4.65 ep_len   54.7 (n=1802) | pg -0.011 vf 0.011 kl 0.0165 lr 3.8e-04
[anomaly] it 93: terminal-step reward dominates the episode: survival is being punished
[anomaly] it 93: joint limit violated by 0.12 rad
terrain it   93 mean_level 0.0000
terms it   93 {"track_lin_vel_xy_exp": 0.01523, "track_ang_vel_z_exp": 0.01047, "feet_air_time": 0.0001, "feet_slide": -0.00267, "joint_deviation": -0.01161, "flat_orientation_l2": -0.0024, "action_rate_l2": -0.02128, "termination_penalty": -0.2, "lin_vel_z_l2": 0.0, "ang_vel_xy_l2": -0.01221, "dof_torques_l2": -7e-05, "dof_acc_l2": -0.00726, "dof_pos_limits": -0.00075, "episodes": 1802, "base_contact": 1.0, "pushes": 0}
it   94 steps   9240576 sps   41,015 | ep_ret   -4.64 ep_len   55.0 (n=1748) | pg -0.012 vf 0.010 kl 0.0156 lr 3.8e-04
[anomaly] it 94: terminal-step reward dominates the episode: survival is being punished
[anomaly] it 94: joint limit violated by 0.09 rad
terrain it   94 mean_level 0.0000
terms it   94 {"track_lin_vel_xy_exp": 0.01562, "track_ang_vel_z_exp": 0.01062, "feet_air_time": 0.0001, "feet_slide": -0.00271, "joint_deviation": -0.01167, "flat_orientation_l2": -0.00234, "action_rate_l2": -0.02144, "termination_penalty": -0.2, "lin_vel_z_l2": 0.0, "ang_vel_xy_l2": -0.01216, "dof_torques_l2": -7e-05, "dof_acc_l2": -0.00704, "dof_pos_limits": -0.00076, "episodes": 1748, "base_contact": 1.0, "pushes": 0}
it   95 steps   9338880 sps   41,001 | ep_ret   -4.63 ep_len   55.4 (n=1798) | pg -0.011 vf 0.010 kl 0.0152 lr 3.8e-04
[anomaly] it 95: terminal-step reward dominates the episode: survival is being punished
[anomaly] it 95: joint limit violated by 0.10 rad
terrain it   95 mean_level 0.0000
terms it   95 {"track_lin_vel_xy_exp": 0.01608, "track_ang_vel_z_exp": 0.01063, "feet_air_time": 0.0001, "feet_slide": -0.00273, "joint_deviation": -0.0118, "flat_orientation_l2": -0.00223, "action_rate_l2": -0.02167, "termination_penalty": -0.2, "lin_vel_z_l2": 0.0, "ang_vel_xy_l2": -0.01211, "dof_torques_l2": -7e-05, "dof_acc_l2": -0.0071, "dof_pos_limits": -0.00076, "episodes": 1798, "base_contact": 1.0, "pushes": 0}
it   96 steps   9437184 sps   40,989 | ep_ret   -4.63 ep_len   56.2 (n=1728) | pg -0.012 vf 0.011 kl 0.0156 lr 5.8e-04
[anomaly] it 96: terminal-step reward dominates the episode: survival is being punished
[anomaly] it 96: joint limit violated by 0.14 rad
terrain it   96 mean_level 0.0000
terms it   96 {"track_lin_vel_xy_exp": 0.01634, "track_ang_vel_z_exp": 0.01082, "feet_air_time": 0.0001, "feet_slide": -0.00277, "joint_deviation": -0.01195, "flat_orientation_l2": -0.00213, "action_rate_l2": -0.02199, "termination_penalty": -0.2, "lin_vel_z_l2": 0.0, "ang_vel_xy_l2": -0.01204, "dof_torques_l2": -7e-05, "dof_acc_l2": -0.00719, "dof_pos_limits": -0.00078, "episodes": 1728, "base_contact": 1.0, "pushes": 0}
it   97 steps   9535488 sps   40,976 | ep_ret   -4.61 ep_len   55.2 (n=1742) | pg -0.010 vf 0.012 kl 0.0172 lr 3.8e-04
[anomaly] it 97: terminal-step reward dominates the episode: survival is being punished
[anomaly] it 97: joint limit violated by 0.10 rad
terrain it   97 mean_level 0.0000
terms it   97 {"track_lin_vel_xy_exp": 0.01633, "track_ang_vel_z_exp": 0.01073, "feet_air_time": 0.0001, "feet_slide": -0.00273, "joint_deviation": -0.01173, "flat_orientation_l2": -0.0022, "action_rate_l2": -0.02159, "termination_penalty": -0.2, "lin_vel_z_l2": 0.0, "ang_vel_xy_l2": -0.01178, "dof_torques_l2": -7e-05, "dof_acc_l2": -0.0069, "dof_pos_limits": -0.00077, "episodes": 1742, "base_contact": 1.0, "pushes": 0}
it   98 steps   9633792 sps   40,965 | ep_ret   -4.62 ep_len   56.4 (n=1729) | pg -0.012 vf 0.012 kl 0.0154 lr 3.8e-04
[anomaly] it 98: terminal-step reward dominates the episode: survival is being punished
[anomaly] it 98: joint limit violated by 0.10 rad
terrain it   98 mean_level 0.0000
terms it   98 {"track_lin_vel_xy_exp": 0.01655, "track_ang_vel_z_exp": 0.01124, "feet_air_time": 0.00011, "feet_slide": -0.00283, "joint_deviation": -0.01203, "flat_orientation_l2": -0.00217, "action_rate_l2": -0.0221, "termination_penalty": -0.2, "lin_vel_z_l2": 0.0, "ang_vel_xy_l2": -0.01192, "dof_torques_l2": -7e-05, "dof_acc_l2": -0.0072, "dof_pos_limits": -0.00079, "episodes": 1729, "base_contact": 1.0, "pushes": 0}
it   99 steps   9732096 sps   40,952 | ep_ret   -4.63 ep_len   56.6 (n=1723) | pg -0.011 vf 0.012 kl 0.0163 lr 3.8e-04
[anomaly] it 99: terminal-step reward dominates the episode: survival is being punished
[anomaly] it 99: joint limit violated by 0.14 rad
terrain it   99 mean_level 0.0000
terms it   99 {"track_lin_vel_xy_exp": 0.01643, "track_ang_vel_z_exp": 0.01129, "feet_air_time": 0.00011, "feet_slide": -0.0028, "joint_deviation": -0.01209, "flat_orientation_l2": -0.00226, "action_rate_l2": -0.02223, "termination_penalty": -0.2, "lin_vel_z_l2": 0.0, "ang_vel_xy_l2": -0.0119, "dof_torques_l2": -7e-05, "dof_acc_l2": -0.0071, "dof_pos_limits": -0.00082, "episodes": 1723, "base_contact": 1.0, "pushes": 0}
it  100 steps   9830400 sps   40,940 | ep_ret   -4.63 ep_len   57.1 (n=1687) | pg -0.012 vf 0.012 kl 0.0155 lr 3.8e-04
[anomaly] it 100: terminal-step reward dominates the episode: survival is being punished
[anomaly] it 100: joint limit violated by 0.10 rad
terrain it  100 mean_level 0.0000
terms it  100 {"track_lin_vel_xy_exp": 0.01635, "track_ang_vel_z_exp": 0.0114, "feet_air_time": 0.00011, "feet_slide": -0.00283, "joint_deviation": -0.01223, "flat_orientation_l2": -0.00217, "action_rate_l2": -0.02242, "termination_penalty": -0.2, "lin_vel_z_l2": 0.0, "ang_vel_xy_l2": -0.01175, "dof_torques_l2": -7e-05, "dof_acc_l2": -0.00712, "dof_pos_limits": -0.00082, "episodes": 1687, "base_contact": 1.0, "pushes": 0}
it  101 steps   9928704 sps   40,926 | ep_ret   -4.62 ep_len   57.8 (n=1693) | pg -0.012 vf 0.012 kl 0.0164 lr 5.8e-04
[anomaly] it 101: terminal-step reward dominates the episode: survival is being punished
[anomaly] it 101: joint limit violated by 0.09 rad
terrain it  101 mean_level 0.0000
terms it  101 {"track_lin_vel_xy_exp": 0.01786, "track_ang_vel_z_exp": 0.01151, "feet_air_time": 0.00011, "feet_slide": -0.00293, "joint_deviation": -0.01246, "flat_orientation_l2": -0.00222, "action_rate_l2": -0.02275, "termination_penalty": -0.2, "lin_vel_z_l2": 0.0, "ang_vel_xy_l2": -0.01184, "dof_torques_l2": -7e-05, "dof_acc_l2": -0.00729, "dof_pos_limits": -0.00083, "episodes": 1693, "base_contact": 1.0, "pushes": 0}
it  102 steps  10027008 sps   40,916 | ep_ret   -4.62 ep_len   58.0 (n=1712) | pg -0.010 vf 0.012 kl 0.0163 lr 3.8e-04
[anomaly] it 102: terminal-step reward dominates the episode: survival is being punished
[anomaly] it 102: joint limit violated by 0.11 rad
terrain it  102 mean_level 0.0000
terms it  102 {"track_lin_vel_xy_exp": 0.01708, "track_ang_vel_z_exp": 0.01172, "feet_air_time": 0.00011, "feet_slide": -0.00291, "joint_deviation": -0.01248, "flat_orientation_l2": -0.00211, "action_rate_l2": -0.02285, "termination_penalty": -0.2, "lin_vel_z_l2": 0.0, "ang_vel_xy_l2": -0.0117, "dof_torques_l2": -7e-05, "dof_acc_l2": -0.0072, "dof_pos_limits": -0.00082, "episodes": 1712, "base_contact": 1.0, "pushes": 0}
it  103 steps  10125312 sps   40,905 | ep_ret   -4.62 ep_len   58.1 (n=1666) | pg -0.010 vf 0.012 kl 0.0166 lr 3.8e-04
[anomaly] it 103: terminal-step reward dominates the episode: survival is being punished
[anomaly] it 103: joint limit violated by 0.15 rad
terrain it  103 mean_level 0.0000
terms it  103 {"track_lin_vel_xy_exp": 0.0174, "track_ang_vel_z_exp": 0.01187, "feet_air_time": 0.00011, "feet_slide": -0.00298, "joint_deviation": -0.01254, "flat_orientation_l2": -0.00217, "action_rate_l2": -0.02297, "termination_penalty": -0.2, "lin_vel_z_l2": 0.0, "ang_vel_xy_l2": -0.01169, "dof_torques_l2": -7e-05, "dof_acc_l2": -0.00729, "dof_pos_limits": -0.00084, "episodes": 1666, "base_contact": 1.0, "pushes": 0}
it  104 steps  10223616 sps   40,894 | ep_ret   -4.61 ep_len   58.2 (n=1661) | pg -0.011 vf 0.013 kl 0.0167 lr 3.8e-04
[anomaly] it 104: terminal-step reward dominates the episode: survival is being punished
[anomaly] it 104: joint limit violated by 0.08 rad
terrain it  104 mean_level 0.0000
terms it  104 {"track_lin_vel_xy_exp": 0.01763, "track_ang_vel_z_exp": 0.012, "feet_air_time": 0.00011, "feet_slide": -0.00298, "joint_deviation": -0.01257, "flat_orientation_l2": -0.00212, "action_rate_l2": -0.02302, "termination_penalty": -0.2, "lin_vel_z_l2": 0.0, "ang_vel_xy_l2": -0.01156, "dof_torques_l2": -7e-05, "dof_acc_l2": -0.00704, "dof_pos_limits": -0.00082, "episodes": 1661, "base_contact": 1.0, "pushes": 0}
it  105 steps  10321920 sps   40,879 | ep_ret   -4.61 ep_len   59.0 (n=1620) | pg -0.011 vf 0.013 kl 0.0164 lr 3.8e-04
[anomaly] it 105: terminal-step reward dominates the episode: survival is being punished
[anomaly] it 105: joint limit violated by 0.10 rad
terrain it  105 mean_level 0.0000
terms it  105 {"track_lin_vel_xy_exp": 0.01838, "track_ang_vel_z_exp": 0.0121, "feet_air_time": 0.00011, "feet_slide": -0.00303, "joint_deviation": -0.0128, "flat_orientation_l2": -0.00218, "action_rate_l2": -0.02337, "termination_penalty": -0.2, "lin_vel_z_l2": 0.0, "ang_vel_xy_l2": -0.01161, "dof_torques_l2": -7e-05, "dof_acc_l2": -0.00717, "dof_pos_limits": -0.00082, "episodes": 1620, "base_contact": 1.0, "pushes": 0}
it  106 steps  10420224 sps   40,869 | ep_ret   -4.63 ep_len   59.7 (n=1611) | pg -0.012 vf 0.013 kl 0.0163 lr 5.8e-04
[anomaly] it 106: terminal-step reward dominates the episode: survival is being punished
[anomaly] it 106: joint limit violated by 0.12 rad
terrain it  106 mean_level 0.0000
terms it  106 {"track_lin_vel_xy_exp": 0.01807, "track_ang_vel_z_exp": 0.01201, "feet_air_time": 0.00012, "feet_slide": -0.00303, "joint_deviation": -0.01292, "flat_orientation_l2": -0.0022, "action_rate_l2": -0.02368, "termination_penalty": -0.2, "lin_vel_z_l2": 0.0, "ang_vel_xy_l2": -0.01166, "dof_torques_l2": -7e-05, "dof_acc_l2": -0.00716, "dof_pos_limits": -0.00082, "episodes": 1611, "base_contact": 1.0, "pushes": 0}
it  107 steps  10518528 sps   40,858 | ep_ret   -4.62 ep_len   59.9 (n=1608) | pg -0.011 vf 0.015 kl 0.0186 lr 3.8e-04
[anomaly] it 107: terminal-step reward dominates the episode: survival is being punished
[anomaly] it 107: joint limit violated by 0.08 rad
terrain it  107 mean_level 0.0000
terms it  107 {"track_lin_vel_xy_exp": 0.01847, "track_ang_vel_z_exp": 0.01228, "feet_air_time": 0.00012, "feet_slide": -0.00308, "joint_deviation": -0.01296, "flat_orientation_l2": -0.00223, "action_rate_l2": -0.02384, "termination_penalty": -0.2, "lin_vel_z_l2": 0.0, "ang_vel_xy_l2": -0.01163, "dof_torques_l2": -7e-05, "dof_acc_l2": -0.00698, "dof_pos_limits": -0.00083, "episodes": 1608, "base_contact": 1.0, "pushes": 0}
it  108 steps  10616832 sps   40,848 | ep_ret   -4.63 ep_len   62.0 (n=1619) | pg -0.012 vf 0.013 kl 0.0142 lr 3.8e-04
[anomaly] it 108: terminal-step reward dominates the episode: survival is being punished
[anomaly] it 108: joint limit violated by 0.10 rad
terrain it  108 mean_level 0.0000
terms it  108 {"track_lin_vel_xy_exp": 0.01949, "track_ang_vel_z_exp": 0.01268, "feet_air_time": 0.00012, "feet_slide": -0.00319, "joint_deviation": -0.01346, "flat_orientation_l2": -0.00226, "action_rate_l2": -0.02467, "termination_penalty": -0.2, "lin_vel_z_l2": 0.0, "ang_vel_xy_l2": -0.01193, "dof_torques_l2": -7e-05, "dof_acc_l2": -0.00735, "dof_pos_limits": -0.00086, "episodes": 1619, "base_contact": 1.0, "pushes": 0}
it  109 steps  10715136 sps   40,829 | ep_ret   -4.61 ep_len   60.6 (n=1602) | pg -0.010 vf 0.013 kl 0.0164 lr 3.8e-04
[anomaly] it 109: terminal-step reward dominates the episode: survival is being punished
[anomaly] it 109: joint limit violated by 0.08 rad
terrain it  109 mean_level 0.0000
terms it  109 {"track_lin_vel_xy_exp": 0.01901, "track_ang_vel_z_exp": 0.01244, "feet_air_time": 0.00012, "feet_slide": -0.00313, "joint_deviation": -0.0131, "flat_orientation_l2": -0.00222, "action_rate_l2": -0.02418, "termination_penalty": -0.2, "lin_vel_z_l2": 0.0, "ang_vel_xy_l2": -0.0116, "dof_torques_l2": -7e-05, "dof_acc_l2": -0.00715, "dof_pos_limits": -0.00083, "episodes": 1602, "base_contact": 1.0, "pushes": 0}
it  110 steps  10813440 sps   40,814 | ep_ret   -4.62 ep_len   62.0 (n=1557) | pg -0.012 vf 0.013 kl 0.0170 lr 3.8e-04
[anomaly] it 110: terminal-step reward dominates the episode: survival is being punished
[anomaly] it 110: joint limit violated by 0.09 rad
terrain it  110 mean_level 0.0000
terms it  110 {"track_lin_vel_xy_exp": 0.01978, "track_ang_vel_z_exp": 0.01279, "feet_air_time": 0.00012, "feet_slide": -0.00328, "joint_deviation": -0.01348, "flat_orientation_l2": -0.0022, "action_rate_l2": -0.02483, "termination_penalty": -0.2, "lin_vel_z_l2": 0.0, "ang_vel_xy_l2": -0.01181, "dof_torques_l2": -7e-05, "dof_acc_l2": -0.00717, "dof_pos_limits": -0.00085, "episodes": 1557, "base_contact": 1.0, "pushes": 0}
it  111 steps  10911744 sps   40,800 | ep_ret   -4.61 ep_len   61.6 (n=1584) | pg -0.011 vf 0.014 kl 0.0161 lr 3.8e-04
[anomaly] it 111: terminal-step reward dominates the episode: survival is being punished
[anomaly] it 111: joint limit violated by 0.14 rad
terrain it  111 mean_level 0.0000
terms it  111 {"track_lin_vel_xy_exp": 0.01958, "track_ang_vel_z_exp": 0.01268, "feet_air_time": 0.00012, "feet_slide": -0.00325, "joint_deviation": -0.01338, "flat_orientation_l2": -0.00213, "action_rate_l2": -0.02471, "termination_penalty": -0.2, "lin_vel_z_l2": 0.0, "ang_vel_xy_l2": -0.01155, "dof_torques_l2": -7e-05, "dof_acc_l2": -0.00703, "dof_pos_limits": -0.00087, "episodes": 1584, "base_contact": 1.0, "pushes": 0}
it  112 steps  11010048 sps   40,789 | ep_ret   -4.63 ep_len   62.6 (n=1527) | pg -0.012 vf 0.015 kl 0.0169 lr 3.8e-04
[anomaly] it 112: terminal-step reward dominates the episode: survival is being punished
[anomaly] it 112: joint limit violated by 0.08 rad
terrain it  112 mean_level 0.0000
terms it  112 {"track_lin_vel_xy_exp": 0.01967, "track_ang_vel_z_exp": 0.01307, "feet_air_time": 0.00013, "feet_slide": -0.00329, "joint_deviation": -0.01362, "flat_orientation_l2": -0.0023, "action_rate_l2": -0.02511, "termination_penalty": -0.2, "lin_vel_z_l2": 0.0, "ang_vel_xy_l2": -0.01168, "dof_torques_l2": -7e-05, "dof_acc_l2": -0.0072, "dof_pos_limits": -0.00088, "episodes": 1527, "base_contact": 1.0, "pushes": 0}
it  113 steps  11108352 sps   40,776 | ep_ret   -4.62 ep_len   62.9 (n=1512) | pg -0.011 vf 0.015 kl 0.0166 lr 3.8e-04
[anomaly] it 113: terminal-step reward dominates the episode: survival is being punished
[anomaly] it 113: joint limit violated by 0.10 rad
terrain it  113 mean_level 0.0000
terms it  113 {"track_lin_vel_xy_exp": 0.02011, "track_ang_vel_z_exp": 0.01325, "feet_air_time": 0.00013, "feet_slide": -0.00329, "joint_deviation": -0.0137, "flat_orientation_l2": -0.00234, "action_rate_l2": -0.02532, "termination_penalty": -0.2, "lin_vel_z_l2": 0.0, "ang_vel_xy_l2": -0.01179, "dof_torques_l2": -7e-05, "dof_acc_l2": -0.00718, "dof_pos_limits": -0.0009, "episodes": 1512, "base_contact": 1.0, "pushes": 0}
it  114 steps  11206656 sps   40,761 | ep_ret   -4.65 ep_len   64.5 (n=1459) | pg -0.013 vf 0.016 kl 0.0179 lr 2.6e-04
[anomaly] it 114: terminal-step reward dominates the episode: survival is being punished
[anomaly] it 114: joint limit violated by 0.07 rad
terrain it  114 mean_level 0.0000
terms it  114 {"track_lin_vel_xy_exp": 0.02043, "track_ang_vel_z_exp": 0.01344, "feet_air_time": 0.00013, "feet_slide": -0.00341, "joint_deviation": -0.01408, "flat_orientation_l2": -0.00234, "action_rate_l2": -0.02603, "termination_penalty": -0.2, "lin_vel_z_l2": 0.0, "ang_vel_xy_l2": -0.01192, "dof_torques_l2": -7e-05, "dof_acc_l2": -0.00755, "dof_pos_limits": -0.00092, "episodes": 1459, "base_contact": 1.0, "pushes": 0}
it  115 steps  11304960 sps   40,748 | ep_ret   -4.65 ep_len   65.3 (n=1461) | pg -0.011 vf 0.017 kl 0.0171 lr 3.8e-04
[anomaly] it 115: terminal-step reward dominates the episode: survival is being punished
[anomaly] it 115: joint limit violated by 0.10 rad
terrain it  115 mean_level 0.0000
terms it  115 {"track_lin_vel_xy_exp": 0.02069, "track_ang_vel_z_exp": 0.01369, "feet_air_time": 0.00013, "feet_slide": -0.00345, "joint_deviation": -0.01425, "flat_orientation_l2": -0.00239, "action_rate_l2": -0.02645, "termination_penalty": -0.2, "lin_vel_z_l2": 0.0, "ang_vel_xy_l2": -0.01196, "dof_torques_l2": -7e-05, "dof_acc_l2": -0.00747, "dof_pos_limits": -0.00093, "episodes": 1461, "base_contact": 1.0, "pushes": 0}
it  116 steps  11403264 sps   40,739 | ep_ret   -4.67 ep_len   67.3 (n=1468) | pg -0.011 vf 0.018 kl 0.0169 lr 3.8e-04
[anomaly] it 116: terminal-step reward dominates the episode: survival is being punished
[anomaly] it 116: joint limit violated by 0.11 rad
terrain it  116 mean_level 0.0000
terms it  116 {"track_lin_vel_xy_exp": 0.02132, "track_ang_vel_z_exp": 0.01402, "feet_air_time": 0.00013, "feet_slide": -0.00356, "joint_deviation": -0.01472, "flat_orientation_l2": -0.00241, "action_rate_l2": -0.02724, "termination_penalty": -0.2, "lin_vel_z_l2": 0.0, "ang_vel_xy_l2": -0.01224, "dof_torques_l2": -7e-05, "dof_acc_l2": -0.00768, "dof_pos_limits": -0.00093, "episodes": 1468, "base_contact": 1.0, "pushes": 0}
it  117 steps  11501568 sps   40,728 | ep_ret   -4.66 ep_len   66.8 (n=1386) | pg -0.012 vf 0.018 kl 0.0166 lr 3.8e-04
[anomaly] it 117: terminal-step reward dominates the episode: survival is being punished
[anomaly] it 117: joint limit violated by 0.09 rad
terrain it  117 mean_level 0.0000
terms it  117 {"track_lin_vel_xy_exp": 0.02121, "track_ang_vel_z_exp": 0.01414, "feet_air_time": 0.00014, "feet_slide": -0.00354, "joint_deviation": -0.01459, "flat_orientation_l2": -0.00244, "action_rate_l2": -0.02712, "termination_penalty": -0.2, "lin_vel_z_l2": 0.0, "ang_vel_xy_l2": -0.01213, "dof_torques_l2": -7e-05, "dof_acc_l2": -0.00747, "dof_pos_limits": -0.00091, "episodes": 1386, "base_contact": 1.0, "pushes": 0}
it  118 steps  11599872 sps   40,718 | ep_ret   -4.67 ep_len   68.5 (n=1396) | pg -0.012 vf 0.018 kl 0.0168 lr 3.8e-04
[anomaly] it 118: terminal-step reward dominates the episode: survival is being punished
[anomaly] it 118: joint limit violated by 0.12 rad
terrain it  118 mean_level 0.0000
terms it  118 {"track_lin_vel_xy_exp": 0.0221, "track_ang_vel_z_exp": 0.01461, "feet_air_time": 0.00014, "feet_slide": -0.00367, "joint_deviation": -0.01505, "flat_orientation_l2": -0.00231, "action_rate_l2": -0.02786, "termination_penalty": -0.2, "lin_vel_z_l2": 0.0, "ang_vel_xy_l2": -0.01235, "dof_torques_l2": -8e-05, "dof_acc_l2": -0.00784, "dof_pos_limits": -0.00096, "episodes": 1396, "base_contact": 1.0, "pushes": 0}
it  119 steps  11698176 sps   40,709 | ep_ret   -4.69 ep_len   71.5 (n=1377) | pg -0.011 vf 0.019 kl 0.0166 lr 3.8e-04
[anomaly] it 119: terminal-step reward dominates the episode: survival is being punished
[anomaly] it 119: joint limit violated by 0.09 rad
terrain it  119 mean_level 0.0000
terms it  119 {"track_lin_vel_xy_exp": 0.02326, "track_ang_vel_z_exp": 0.01526, "feet_air_time": 0.00015, "feet_slide": -0.00384, "joint_deviation": -0.0157, "flat_orientation_l2": -0.00252, "action_rate_l2": -0.02916, "termination_penalty": -0.2, "lin_vel_z_l2": 0.0, "ang_vel_xy_l2": -0.01275, "dof_torques_l2": -8e-05, "dof_acc_l2": -0.00824, "dof_pos_limits": -0.00101, "episodes": 1377, "base_contact": 1.0, "pushes": 0}
it  120 steps  11796480 sps   40,699 | ep_ret   -4.66 ep_len   69.0 (n=1381) | pg -0.010 vf 0.020 kl 0.0164 lr 2.6e-04
[anomaly] it 120: terminal-step reward dominates the episode: survival is being punished
[anomaly] it 120: joint limit violated by 0.09 rad
terrain it  120 mean_level 0.0000
terms it  120 {"track_lin_vel_xy_exp": 0.02251, "track_ang_vel_z_exp": 0.0148, "feet_air_time": 0.00014, "feet_slide": -0.00371, "joint_deviation": -0.01516, "flat_orientation_l2": -0.00229, "action_rate_l2": -0.02818, "termination_penalty": -0.2, "lin_vel_z_l2": 0.0, "ang_vel_xy_l2": -0.01227, "dof_torques_l2": -8e-05, "dof_acc_l2": -0.00777, "dof_pos_limits": -0.00098, "episodes": 1381, "base_contact": 1.0, "pushes": 0}
it  121 steps  11894784 sps   40,689 | ep_ret   -4.68 ep_len   70.7 (n=1357) | pg -0.012 vf 0.021 kl 0.0159 lr 3.8e-04
[anomaly] it 121: terminal-step reward dominates the episode: survival is being punished
[anomaly] it 121: joint limit violated by 0.11 rad
terrain it  121 mean_level 0.0000
terms it  121 {"track_lin_vel_xy_exp": 0.02325, "track_ang_vel_z_exp": 0.015, "feet_air_time": 0.00015, "feet_slide": -0.00383, "joint_deviation": -0.01558, "flat_orientation_l2": -0.00258, "action_rate_l2": -0.02901, "termination_penalty": -0.2, "lin_vel_z_l2": 0.0, "ang_vel_xy_l2": -0.01254, "dof_torques_l2": -8e-05, "dof_acc_l2": -0.00803, "dof_pos_limits": -0.00098, "episodes": 1357, "base_contact": 1.0, "pushes": 0}
it  122 steps  11993088 sps   40,680 | ep_ret   -4.71 ep_len   72.4 (n=1274) | pg -0.012 vf 0.022 kl 0.0155 lr 3.8e-04
[anomaly] it 122: terminal-step reward dominates the episode: survival is being punished
[anomaly] it 122: joint limit violated by 0.10 rad
terrain it  122 mean_level 0.0000
terms it  122 {"track_lin_vel_xy_exp": 0.02316, "track_ang_vel_z_exp": 0.01541, "feet_air_time": 0.00016, "feet_slide": -0.00387, "joint_deviation": -0.01595, "flat_orientation_l2": -0.00254, "action_rate_l2": -0.02979, "termination_penalty": -0.2, "lin_vel_z_l2": 0.0, "ang_vel_xy_l2": -0.01284, "dof_torques_l2": -8e-05, "dof_acc_l2": -0.00797, "dof_pos_limits": -0.00101, "episodes": 1274, "base_contact": 1.0, "pushes": 0}
it  123 steps  12091392 sps   40,670 | ep_ret   -4.71 ep_len   73.1 (n=1309) | pg -0.013 vf 0.024 kl 0.0173 lr 2.6e-04
[anomaly] it 123: terminal-step reward dominates the episode: survival is being punished
[anomaly] it 123: joint limit violated by 0.12 rad
terrain it  123 mean_level 0.0000
terms it  123 {"track_lin_vel_xy_exp": 0.02392, "track_ang_vel_z_exp": 0.01562, "feet_air_time": 0.00016, "feet_slide": -0.00394, "joint_deviation": -0.01605, "flat_orientation_l2": -0.00266, "action_rate_l2": -0.03014, "termination_penalty": -0.2, "lin_vel_z_l2": 0.0, "ang_vel_xy_l2": -0.01286, "dof_torques_l2": -8e-05, "dof_acc_l2": -0.00829, "dof_pos_limits": -0.00105, "episodes": 1309, "base_contact": 1.0, "pushes": 0}
it  124 steps  12189696 sps   40,660 | ep_ret   -4.73 ep_len   74.2 (n=1155) | pg -0.011 vf 0.024 kl 0.0153 lr 3.8e-04
[anomaly] it 124: terminal-step reward dominates the episode: survival is being punished
[anomaly] it 124: joint limit violated by 0.09 rad
terrain it  124 mean_level 0.0000
terms it  124 {"track_lin_vel_xy_exp": 0.02384, "track_ang_vel_z_exp": 0.01572, "feet_air_time": 0.00016, "feet_slide": -0.00396, "joint_deviation": -0.01634, "flat_orientation_l2": -0.00279, "action_rate_l2": -0.03075, "termination_penalty": -0.2, "lin_vel_z_l2": 0.0, "ang_vel_xy_l2": -0.01312, "dof_torques_l2": -8e-05, "dof_acc_l2": -0.00822, "dof_pos_limits": -0.00105, "episodes": 1155, "base_contact": 1.0, "pushes": 0}
it  125 steps  12288000 sps   40,651 | ep_ret   -4.76 ep_len   76.3 (n=1231) | pg -0.011 vf 0.026 kl 0.0170 lr 3.8e-04
[anomaly] it 125: terminal-step reward dominates the episode: survival is being punished
[anomaly] it 125: joint limit violated by 0.16 rad
terrain it  125 mean_level 0.0000
terms it  125 {"track_lin_vel_xy_exp": 0.02443, "track_ang_vel_z_exp": 0.01634, "feet_air_time": 0.00017, "feet_slide": -0.00414, "joint_deviation": -0.01688, "flat_orientation_l2": -0.00297, "action_rate_l2": -0.03176, "termination_penalty": -0.2, "lin_vel_z_l2": 0.0, "ang_vel_xy_l2": -0.01331, "dof_torques_l2": -8e-05, "dof_acc_l2": -0.0086, "dof_pos_limits": -0.00111, "episodes": 1231, "base_contact": 1.0, "pushes": 0}
it  126 steps  12386304 sps   40,641 | ep_ret   -4.81 ep_len   81.1 (n=1153) | pg -0.012 vf 0.027 kl 0.0163 lr 2.6e-04
[anomaly] it 126: terminal-step reward dominates the episode: survival is being punished
[anomaly] it 126: joint limit violated by 0.10 rad
terrain it  126 mean_level 0.0000
terms it  126 {"track_lin_vel_xy_exp": 0.02592, "track_ang_vel_z_exp": 0.01728, "feet_air_time": 0.00018, "feet_slide": -0.00442, "joint_deviation": -0.01791, "flat_orientation_l2": -0.0032, "action_rate_l2": -0.0339, "termination_penalty": -0.2, "lin_vel_z_l2": 0.0, "ang_vel_xy_l2": -0.01407, "dof_torques_l2": -9e-05, "dof_acc_l2": -0.00932, "dof_pos_limits": -0.00115, "episodes": 1153, "base_contact": 1.0, "pushes": 0}
it  127 steps  12484608 sps   40,631 | ep_ret   -4.80 ep_len   81.5 (n=1110) | pg -0.012 vf 0.029 kl 0.0151 lr 3.8e-04
[anomaly] it 127: terminal-step reward dominates the episode: survival is being punished
[anomaly] it 127: joint limit violated by 0.15 rad
terrain it  127 mean_level 0.0000
terms it  127 {"track_lin_vel_xy_exp": 0.02672, "track_ang_vel_z_exp": 0.0175, "feet_air_time": 0.00018, "feet_slide": -0.00449, "joint_deviation": -0.01802, "flat_orientation_l2": -0.0034, "action_rate_l2": -0.03402, "termination_penalty": -0.2, "lin_vel_z_l2": 0.0, "ang_vel_xy_l2": -0.01402, "dof_torques_l2": -9e-05, "dof_acc_l2": -0.00938, "dof_pos_limits": -0.00111, "episodes": 1110, "base_contact": 1.0, "pushes": 0}
it  128 steps  12582912 sps   40,622 | ep_ret   -4.83 ep_len   82.6 (n=1080) | pg -0.012 vf 0.030 kl 0.0177 lr 2.6e-04
[anomaly] it 128: terminal-step reward dominates the episode: survival is being punished
[anomaly] it 128: joint limit violated by 0.14 rad
terrain it  128 mean_level 0.0000
terms it  128 {"track_lin_vel_xy_exp": 0.02624, "track_ang_vel_z_exp": 0.01768, "feet_air_time": 0.00019, "feet_slide": -0.00452, "joint_deviation": -0.01832, "flat_orientation_l2": -0.00349, "action_rate_l2": -0.0346, "termination_penalty": -0.2, "lin_vel_z_l2": 0.0, "ang_vel_xy_l2": -0.01421, "dof_torques_l2": -9e-05, "dof_acc_l2": -0.00934, "dof_pos_limits": -0.00112, "episodes": 1080, "base_contact": 1.0, "pushes": 0}
it  129 steps  12681216 sps   40,612 | ep_ret   -4.86 ep_len   86.5 (n=1025) | pg -0.011 vf 0.032 kl 0.0160 lr 3.8e-04
[anomaly] it 129: terminal-step reward dominates the episode: survival is being punished
[anomaly] it 129: joint limit violated by 0.10 rad
terrain it  129 mean_level 0.0000
terms it  129 {"track_lin_vel_xy_exp": 0.02778, "track_ang_vel_z_exp": 0.01857, "feet_air_time": 0.0002, "feet_slide": -0.00475, "joint_deviation": -0.01927, "flat_orientation_l2": -0.00361, "action_rate_l2": -0.03632, "termination_penalty": -0.2, "lin_vel_z_l2": 0.0, "ang_vel_xy_l2": -0.01471, "dof_torques_l2": -0.0001, "dof_acc_l2": -0.00987, "dof_pos_limits": -0.00114, "episodes": 1025, "base_contact": 1.0, "pushes": 0}
it  130 steps  12779520 sps   40,603 | ep_ret   -4.92 ep_len   90.6 (n=974) | pg -0.010 vf 0.034 kl 0.0163 lr 3.8e-04
[anomaly] it 130: terminal-step reward dominates the episode: survival is being punished
[anomaly] it 130: joint limit violated by 0.09 rad
terrain it  130 mean_level 0.0000
terms it  130 {"track_lin_vel_xy_exp": 0.02894, "track_ang_vel_z_exp": 0.01943, "feet_air_time": 0.0002, "feet_slide": -0.00499, "joint_deviation": -0.02027, "flat_orientation_l2": -0.00363, "action_rate_l2": -0.03819, "termination_penalty": -0.2, "lin_vel_z_l2": 0.0, "ang_vel_xy_l2": -0.01536, "dof_torques_l2": -0.0001, "dof_acc_l2": -0.01066, "dof_pos_limits": -0.0012, "episodes": 974, "base_contact": 1.0, "pushes": 0}
it  131 steps  12877824 sps   40,593 | ep_ret   -4.91 ep_len   91.2 (n=950) | pg -0.011 vf 0.035 kl 0.0179 lr 2.6e-04
[anomaly] it 131: terminal-step reward dominates the episode: survival is being punished
[anomaly] it 131: joint limit violated by 0.10 rad
terrain it  131 mean_level 0.0000
terms it  131 {"track_lin_vel_xy_exp": 0.02943, "track_ang_vel_z_exp": 0.01953, "feet_air_time": 0.00021, "feet_slide": -0.00497, "joint_deviation": -0.02034, "flat_orientation_l2": -0.00385, "action_rate_l2": -0.03849, "termination_penalty": -0.2, "lin_vel_z_l2": 0.0, "ang_vel_xy_l2": -0.01535, "dof_torques_l2": -0.0001, "dof_acc_l2": -0.01039, "dof_pos_limits": -0.00121, "episodes": 950, "base_contact": 1.0, "pushes": 0}
it  132 steps  12976128 sps   40,584 | ep_ret   -4.96 ep_len   93.2 (n=948) | pg -0.011 vf 0.036 kl 0.0165 lr 2.6e-04
[anomaly] it 132: terminal-step reward dominates the episode: survival is being punished
[anomaly] it 132: joint limit violated by 0.15 rad
terrain it  132 mean_level 0.0000
terms it  132 {"track_lin_vel_xy_exp": 0.0288, "track_ang_vel_z_exp": 0.02024, "feet_air_time": 0.00022, "feet_slide": -0.0051, "joint_deviation": -0.02085, "flat_orientation_l2": -0.00399, "action_rate_l2": -0.03953, "termination_penalty": -0.2, "lin_vel_z_l2": 0.0, "ang_vel_xy_l2": -0.01578, "dof_torques_l2": -0.00011, "dof_acc_l2": -0.01081, "dof_pos_limits": -0.00125, "episodes": 948, "base_contact": 1.0, "pushes": 0}
it  133 steps  13074432 sps   40,574 | ep_ret   -5.00 ep_len   94.9 (n=857) | pg -0.011 vf 0.035 kl 0.0165 lr 3.8e-04
[anomaly] it 133: terminal-step reward dominates the episode: survival is being punished
[anomaly] it 133: joint limit violated by 0.10 rad
terrain it  133 mean_level 0.0000
terms it  133 {"track_lin_vel_xy_exp": 0.02918, "track_ang_vel_z_exp": 0.02029, "feet_air_time": 0.00022, "feet_slide": -0.00523, "joint_deviation": -0.02134, "flat_orientation_l2": -0.00418, "action_rate_l2": -0.04036, "termination_penalty": -0.2, "lin_vel_z_l2": 0.0, "ang_vel_xy_l2": -0.01608, "dof_torques_l2": -0.00011, "dof_acc_l2": -0.01117, "dof_pos_limits": -0.00128, "episodes": 857, "base_contact": 1.0, "pushes": 0}
it  134 steps  13172736 sps   40,564 | ep_ret   -5.08 ep_len  103.0 (n=895) | pg -0.012 vf 0.040 kl 0.0161 lr 3.8e-04
[anomaly] it 134: terminal-step reward dominates the episode: survival is being punished
[anomaly] it 134: joint limit violated by 0.20 rad
terrain it  134 mean_level 0.0000
terms it  134 {"track_lin_vel_xy_exp": 0.03151, "track_ang_vel_z_exp": 0.02224, "feet_air_time": 0.00025, "feet_slide": -0.00563, "joint_deviation": -0.02312, "flat_orientation_l2": -0.00424, "action_rate_l2": -0.0439, "termination_penalty": -0.2, "lin_vel_z_l2": 0.0, "ang_vel_xy_l2": -0.01737, "dof_torques_l2": -0.00012, "dof_acc_l2": -0.01217, "dof_pos_limits": -0.00137, "episodes": 895, "base_contact": 1.0, "pushes": 0}
it  135 steps  13271040 sps   40,554 | ep_ret   -5.09 ep_len  104.3 (n=792) | pg -0.012 vf 0.041 kl 0.0170 lr 3.8e-04
[anomaly] it 135: terminal-step reward dominates the episode: survival is being punished
[anomaly] it 135: joint limit violated by 0.10 rad
terrain it  135 mean_level 0.0000
terms it  135 {"track_lin_vel_xy_exp": 0.0326, "track_ang_vel_z_exp": 0.02238, "feet_air_time": 0.00026, "feet_slide": -0.00567, "joint_deviation": -0.02365, "flat_orientation_l2": -0.00433, "action_rate_l2": -0.04467, "termination_penalty": -0.2, "lin_vel_z_l2": 0.0, "ang_vel_xy_l2": -0.01767, "dof_torques_l2": -0.00012, "dof_acc_l2": -0.01215, "dof_pos_limits": -0.00141, "episodes": 792, "base_contact": 1.0, "pushes": 0}
it  136 steps  13369344 sps   40,544 | ep_ret   -5.10 ep_len  103.3 (n=841) | pg -0.011 vf 0.041 kl 0.0169 lr 3.8e-04
[anomaly] it 136: terminal-step reward dominates the episode: survival is being punished
[anomaly] it 136: joint limit violated by 0.12 rad
terrain it  136 mean_level 0.0000
terms it  136 {"track_lin_vel_xy_exp": 0.032, "track_ang_vel_z_exp": 0.02157, "feet_air_time": 0.00025, "feet_slide": -0.0056, "joint_deviation": -0.02335, "flat_orientation_l2": -0.00427, "action_rate_l2": -0.04436, "termination_penalty": -0.2, "lin_vel_z_l2": 0.0, "ang_vel_xy_l2": -0.01763, "dof_torques_l2": -0.00012, "dof_acc_l2": -0.0122, "dof_pos_limits": -0.00139, "episodes": 841, "base_contact": 1.0, "pushes": 0}
it  137 steps  13467648 sps   40,535 | ep_ret   -5.17 ep_len  110.9 (n=765) | pg -0.011 vf 0.042 kl 0.0170 lr 3.8e-04
[anomaly] it 137: terminal-step reward dominates the episode: survival is being punished
[anomaly] it 137: joint limit violated by 0.08 rad
terrain it  137 mean_level 0.0000
terms it  137 {"track_lin_vel_xy_exp": 0.03484, "track_ang_vel_z_exp": 0.02379, "feet_air_time": 0.00027, "feet_slide": -0.0061, "joint_deviation": -0.02518, "flat_orientation_l2": -0.00437, "action_rate_l2": -0.04795, "termination_penalty": -0.2, "lin_vel_z_l2": 0.0, "ang_vel_xy_l2": -0.0187, "dof_torques_l2": -0.00013, "dof_acc_l2": -0.01334, "dof_pos_limits": -0.00148, "episodes": 765, "base_contact": 1.0, "pushes": 0}
it  138 steps  13565952 sps   40,526 | ep_ret   -5.18 ep_len  109.3 (n=682) | pg -0.012 vf 0.042 kl 0.0168 lr 3.8e-04
[anomaly] it 138: terminal-step reward dominates the episode: survival is being punished
[anomaly] it 138: joint limit violated by 0.16 rad
terrain it  138 mean_level 0.0000
terms it  138 {"track_lin_vel_xy_exp": 0.0329, "track_ang_vel_z_exp": 0.02345, "feet_air_time": 0.00027, "feet_slide": -0.00592, "joint_deviation": -0.02477, "flat_orientation_l2": -0.00432, "action_rate_l2": -0.04741, "termination_penalty": -0.2, "lin_vel_z_l2": 0.0, "ang_vel_xy_l2": -0.01834, "dof_torques_l2": -0.00013, "dof_acc_l2": -0.01299, "dof_pos_limits": -0.00151, "episodes": 682, "base_contact": 1.0, "pushes": 0}
it  139 steps  13664256 sps   40,516 | ep_ret   -5.24 ep_len  114.7 (n=697) | pg -0.012 vf 0.044 kl 0.0159 lr 3.8e-04
[anomaly] it 139: terminal-step reward dominates the episode: survival is being punished
[anomaly] it 139: joint limit violated by 0.13 rad
terrain it  139 mean_level 0.0000
terms it  139 {"track_lin_vel_xy_exp": 0.03572, "track_ang_vel_z_exp": 0.02413, "feet_air_time": 0.00029, "feet_slide": -0.00634, "joint_deviation": -0.02625, "flat_orientation_l2": -0.00458, "action_rate_l2": -0.04999, "termination_penalty": -0.2, "lin_vel_z_l2": 0.0, "ang_vel_xy_l2": -0.01925, "dof_torques_l2": -0.00014, "dof_acc_l2": -0.01404, "dof_pos_limits": -0.00155, "episodes": 697, "base_contact": 1.0, "pushes": 0}
it  140 steps  13762560 sps   40,506 | ep_ret   -5.29 ep_len  122.2 (n=641) | pg -0.011 vf 0.043 kl 0.0177 lr 3.8e-04
[anomaly] it 140: terminal-step reward dominates the episode: survival is being punished
[anomaly] it 140: joint limit violated by 0.10 rad
terrain it  140 mean_level 0.0000
terms it  140 {"track_lin_vel_xy_exp": 0.03988, "track_ang_vel_z_exp": 0.02567, "feet_air_time": 0.00031, "feet_slide": -0.00671, "joint_deviation": -0.02802, "flat_orientation_l2": -0.00495, "action_rate_l2": -0.05359, "termination_penalty": -0.2, "lin_vel_z_l2": 0.0, "ang_vel_xy_l2": -0.02082, "dof_torques_l2": -0.00015, "dof_acc_l2": -0.01473, "dof_pos_limits": -0.00165, "episodes": 641, "base_contact": 1.0, "pushes": 0}
it  141 steps  13860864 sps   40,495 | ep_ret   -5.37 ep_len  124.3 (n=609) | pg -0.010 vf 0.046 kl 0.0161 lr 3.8e-04
[anomaly] it 141: terminal-step reward dominates the episode: survival is being punished
[anomaly] it 141: joint limit violated by 0.15 rad
terrain it  141 mean_level 0.0000
terms it  141 {"track_lin_vel_xy_exp": 0.0387, "track_ang_vel_z_exp": 0.02626, "feet_air_time": 0.00031, "feet_slide": -0.00689, "joint_deviation": -0.02855, "flat_orientation_l2": -0.0051, "action_rate_l2": -0.05467, "termination_penalty": -0.2, "lin_vel_z_l2": 0.0, "ang_vel_xy_l2": -0.02087, "dof_torques_l2": -0.00015, "dof_acc_l2": -0.01588, "dof_pos_limits": -0.0017, "episodes": 609, "base_contact": 1.0, "pushes": 1}
it  142 steps  13959168 sps   40,485 | ep_ret   -5.45 ep_len  132.9 (n=588) | pg -0.010 vf 0.050 kl 0.0164 lr 3.8e-04
[anomaly] it 142: terminal-step reward dominates the episode: survival is being punished
[anomaly] it 142: joint limit violated by 0.13 rad
terrain it  142 mean_level 0.0000
terms it  142 {"track_lin_vel_xy_exp": 0.04183, "track_ang_vel_z_exp": 0.02792, "feet_air_time": 0.00034, "feet_slide": -0.00735, "joint_deviation": -0.03062, "flat_orientation_l2": -0.00528, "action_rate_l2": -0.05854, "termination_penalty": -0.2, "lin_vel_z_l2": 0.0, "ang_vel_xy_l2": -0.02223, "dof_torques_l2": -0.00016, "dof_acc_l2": -0.01682, "dof_pos_limits": -0.00179, "episodes": 588, "base_contact": 1.0, "pushes": 0}
it  143 steps  14057472 sps   40,475 | ep_ret   -5.46 ep_len  133.0 (n=526) | pg -0.012 vf 0.045 kl 0.0169 lr 2.6e-04
[anomaly] it 143: terminal-step reward dominates the episode: survival is being punished
[anomaly] it 143: joint limit violated by 0.18 rad
terrain it  143 mean_level 0.0000
terms it  143 {"track_lin_vel_xy_exp": 0.04184, "track_ang_vel_z_exp": 0.02759, "feet_air_time": 0.00034, "feet_slide": -0.00729, "joint_deviation": -0.03061, "flat_orientation_l2": -0.00532, "action_rate_l2": -0.05899, "termination_penalty": -0.2, "lin_vel_z_l2": 0.0, "ang_vel_xy_l2": -0.02262, "dof_torques_l2": -0.00016, "dof_acc_l2": -0.01609, "dof_pos_limits": -0.00178, "episodes": 526, "base_contact": 1.0, "pushes": 0}
it  144 steps  14155776 sps   40,465 | ep_ret   -5.54 ep_len  138.2 (n=527) | pg -0.012 vf 0.044 kl 0.0155 lr 3.8e-04
[anomaly] it 144: terminal-step reward dominates the episode: survival is being punished
[anomaly] it 144: joint limit violated by 0.18 rad
terrain it  144 mean_level 0.0000
terms it  144 {"track_lin_vel_xy_exp": 0.04309, "track_ang_vel_z_exp": 0.02872, "feet_air_time": 0.00035, "feet_slide": -0.00759, "joint_deviation": -0.03181, "flat_orientation_l2": -0.00534, "action_rate_l2": -0.06156, "termination_penalty": -0.2, "lin_vel_z_l2": 0.0, "ang_vel_xy_l2": -0.02329, "dof_torques_l2": -0.00017, "dof_acc_l2": -0.01742, "dof_pos_limits": -0.0018, "episodes": 527, "base_contact": 1.0, "pushes": 0}
it  145 steps  14254080 sps   40,455 | ep_ret   -5.66 ep_len  148.7 (n=485) | pg -0.010 vf 0.049 kl 0.0178 lr 2.6e-04
[anomaly] it 145: terminal-step reward dominates the episode: survival is being punished
[anomaly] it 145: returns fall as episodes lengthen (corr -0.67): the reward punishes survival
[anomaly] it 145: joint limit violated by 0.14 rad
terrain it  145 mean_level 0.0005
terms it  145 {"track_lin_vel_xy_exp": 0.04624, "track_ang_vel_z_exp": 0.03103, "feet_air_time": 0.00039, "feet_slide": -0.00819, "joint_deviation": -0.03439, "flat_orientation_l2": -0.00585, "action_rate_l2": -0.06641, "termination_penalty": -0.2, "lin_vel_z_l2": 0.0, "ang_vel_xy_l2": -0.02512, "dof_torques_l2": -0.00019, "dof_acc_l2": -0.0187, "dof_pos_limits": -0.00189, "episodes": 485, "base_contact": 1.0, "pushes": 0}
it  146 steps  14352384 sps   40,446 | ep_ret   -5.67 ep_len  148.4 (n=458) | pg -0.011 vf 0.043 kl 0.0179 lr 3.8e-04
[anomaly] it 146: terminal-step reward dominates the episode: survival is being punished
[anomaly] it 146: returns fall as episodes lengthen (corr -0.73): the reward punishes survival
[anomaly] it 146: joint limit violated by 0.13 rad
terrain it  146 mean_level 0.0005
terms it  146 {"track_lin_vel_xy_exp": 0.04679, "track_ang_vel_z_exp": 0.03097, "feet_air_time": 0.00039, "feet_slide": -0.00824, "joint_deviation": -0.03436, "flat_orientation_l2": -0.00645, "action_rate_l2": -0.06647, "termination_penalty": -0.2, "lin_vel_z_l2": 0.0, "ang_vel_xy_l2": -0.02509, "dof_torques_l2": -0.00019, "dof_acc_l2": -0.01918, "dof_pos_limits": -0.00186, "episodes": 458, "base_contact": 1.0, "pushes": 0}
it  147 steps  14450688 sps   40,435 | ep_ret   -5.75 ep_len  158.1 (n=368) | pg -0.011 vf 0.043 kl 0.0165 lr 2.6e-04
[anomaly] it 147: terminal-step reward dominates the episode: survival is being punished
[anomaly] it 147: returns fall as episodes lengthen (corr -0.77): the reward punishes survival
[anomaly] it 147: joint limit violated by 0.15 rad
terrain it  147 mean_level 0.0005
terms it  147 {"track_lin_vel_xy_exp": 0.05207, "track_ang_vel_z_exp": 0.0328, "feet_air_time": 0.0004, "feet_slide": -0.00887, "joint_deviation": -0.03687, "flat_orientation_l2": -0.00653, "action_rate_l2": -0.07109, "termination_penalty": -0.2, "lin_vel_z_l2": 0.0, "ang_vel_xy_l2": -0.02657, "dof_torques_l2": -0.0002, "dof_acc_l2": -0.02038, "dof_pos_limits": -0.00207, "episodes": 368, "base_contact": 1.0, "pushes": 0}
it  148 steps  14548992 sps   40,425 | ep_ret   -5.85 ep_len  170.4 (n=383) | pg -0.011 vf 0.048 kl 0.0164 lr 1.7e-04
[anomaly] it 148: terminal-step reward dominates the episode: survival is being punished
[anomaly] it 148: returns fall as episodes lengthen (corr -0.82): the reward punishes survival
[anomaly] it 148: joint limit violated by 0.13 rad
terrain it  148 mean_level 0.0005
terms it  148 {"track_lin_vel_xy_exp": 0.05623, "track_ang_vel_z_exp": 0.03608, "feet_air_time": 0.00047, "feet_slide": -0.00956, "joint_deviation": -0.03993, "flat_orientation_l2": -0.00661, "action_rate_l2": -0.07669, "termination_penalty": -0.2, "lin_vel_z_l2": 0.0, "ang_vel_xy_l2": -0.02842, "dof_torques_l2": -0.00022, "dof_acc_l2": -0.02183, "dof_pos_limits": -0.00222, "episodes": 383, "base_contact": 1.0, "pushes": 1}
it  149 steps  14647296 sps   40,415 | ep_ret   -5.90 ep_len  171.8 (n=376) | pg -0.012 vf 0.047 kl 0.0123 lr 2.6e-04
[anomaly] it 149: terminal-step reward dominates the episode: survival is being punished
[anomaly] it 149: returns fall as episodes lengthen (corr -0.85): the reward punishes survival
[anomaly] it 149: joint limit violated by 0.09 rad
terrain it  149 mean_level 0.0002
terms it  149 {"track_lin_vel_xy_exp": 0.05808, "track_ang_vel_z_exp": 0.03572, "feet_air_time": 0.00044, "feet_slide": -0.00964, "joint_deviation": -0.04034, "flat_orientation_l2": -0.00734, "action_rate_l2": -0.07777, "termination_penalty": -0.2, "lin_vel_z_l2": 0.0, "ang_vel_xy_l2": -0.02924, "dof_torques_l2": -0.00022, "dof_acc_l2": -0.02268, "dof_pos_limits": -0.00225, "episodes": 376, "base_contact": 1.0, "pushes": 7}
it  150 steps  14745600 sps   40,404 | ep_ret   -6.00 ep_len  177.5 (n=357) | pg -0.011 vf 0.046 kl 0.0169 lr 2.6e-04
[anomaly] it 150: terminal-step reward dominates the episode: survival is being punished
[anomaly] it 150: returns fall as episodes lengthen (corr -0.88): the reward punishes survival
[anomaly] it 150: joint limit violated by 0.12 rad
terrain it  150 mean_level 0.0005
terms it  150 {"track_lin_vel_xy_exp": 0.05808, "track_ang_vel_z_exp": 0.03778, "feet_air_time": 0.00047, "feet_slide": -0.01, "joint_deviation": -0.04193, "flat_orientation_l2": -0.00741, "action_rate_l2": -0.08068, "termination_penalty": -0.2, "lin_vel_z_l2": 0.0, "ang_vel_xy_l2": -0.03023, "dof_torques_l2": -0.00023, "dof_acc_l2": -0.0236, "dof_pos_limits": -0.00243, "episodes": 357, "base_contact": 1.0, "pushes": 3}
it  151 steps  14843904 sps   40,394 | ep_ret   -6.07 ep_len  182.6 (n=314) | pg -0.012 vf 0.046 kl 0.0169 lr 2.6e-04
[anomaly] it 151: terminal-step reward dominates the episode: survival is being punished
[anomaly] it 151: returns fall as episodes lengthen (corr -0.90): the reward punishes survival
[anomaly] it 151: joint limit violated by 0.14 rad
terrain it  151 mean_level 0.0005
terms it  151 {"track_lin_vel_xy_exp": 0.05904, "track_ang_vel_z_exp": 0.0387, "feet_air_time": 0.00048, "feet_slide": -0.01005, "joint_deviation": -0.04323, "flat_orientation_l2": -0.00789, "action_rate_l2": -0.08318, "termination_penalty": -0.2, "lin_vel_z_l2": 0.0, "ang_vel_xy_l2": -0.03087, "dof_torques_l2": -0.00024, "dof_acc_l2": -0.02369, "dof_pos_limits": -0.00251, "episodes": 314, "base_contact": 1.0, "pushes": 9}
it  152 steps  14942208 sps   40,384 | ep_ret   -6.22 ep_len  197.7 (n=286) | pg -0.011 vf 0.046 kl 0.0165 lr 2.6e-04
[anomaly] it 152: terminal-step reward dominates the episode: survival is being punished
[anomaly] it 152: returns fall as episodes lengthen (corr -0.92): the reward punishes survival
[anomaly] it 152: joint limit violated by 0.14 rad
terrain it  152 mean_level 0.0007
terms it  152 {"track_lin_vel_xy_exp": 0.06555, "track_ang_vel_z_exp": 0.04122, "feet_air_time": 0.00051, "feet_slide": -0.011, "joint_deviation": -0.04687, "flat_orientation_l2": -0.00778, "action_rate_l2": -0.0905, "termination_penalty": -0.2, "lin_vel_z_l2": 0.0, "ang_vel_xy_l2": -0.0334, "dof_torques_l2": -0.00026, "dof_acc_l2": -0.02595, "dof_pos_limits": -0.0027, "episodes": 286, "base_contact": 1.0, "pushes": 10}
it  153 steps  15040512 sps   40,373 | ep_ret   -6.35 ep_len  210.2 (n=325) | pg -0.012 vf 0.046 kl 0.0153 lr 2.6e-04
[anomaly] it 153: terminal-step reward dominates the episode: survival is being punished
[anomaly] it 153: returns fall as episodes lengthen (corr -0.93): the reward punishes survival
[anomaly] it 153: joint limit violated by 0.13 rad
terrain it  153 mean_level 0.0010
terms it  153 {"track_lin_vel_xy_exp": 0.07154, "track_ang_vel_z_exp": 0.04396, "feet_air_time": 0.00055, "feet_slide": -0.01171, "joint_deviation": -0.05011, "flat_orientation_l2": -0.00829, "action_rate_l2": -0.09649, "termination_penalty": -0.2, "lin_vel_z_l2": 0.0, "ang_vel_xy_l2": -0.03578, "dof_torques_l2": -0.00027, "dof_acc_l2": -0.02785, "dof_pos_limits": -0.00286, "episodes": 325, "base_contact": 1.0, "pushes": 13}
it  154 steps  15138816 sps   40,363 | ep_ret   -6.51 ep_len  221.7 (n=272) | pg -0.012 vf 0.044 kl 0.0152 lr 2.6e-04
[anomaly] it 154: terminal-step reward dominates the episode: survival is being punished
[anomaly] it 154: returns fall as episodes lengthen (corr -0.94): the reward punishes survival
[anomaly] it 154: joint limit violated by 0.19 rad
terrain it  154 mean_level 0.0012
terms it  154 {"track_lin_vel_xy_exp": 0.07523, "track_ang_vel_z_exp": 0.04655, "feet_air_time": 0.0006, "feet_slide": -0.01245, "joint_deviation": -0.05305, "flat_orientation_l2": -0.00884, "action_rate_l2": -0.10206, "termination_penalty": -0.2, "lin_vel_z_l2": 0.0, "ang_vel_xy_l2": -0.03759, "dof_torques_l2": -0.00029, "dof_acc_l2": -0.03067, "dof_pos_limits": -0.003, "episodes": 272, "base_contact": 1.0, "pushes": 12}
it  155 steps  15237120 sps   40,353 | ep_ret   -6.44 ep_len  212.2 (n=261) | pg -0.011 vf 0.044 kl 0.0145 lr 2.6e-04
[anomaly] it 155: terminal-step reward dominates the episode: survival is being punished
[anomaly] it 155: returns fall as episodes lengthen (corr -0.95): the reward punishes survival
[anomaly] it 155: joint limit violated by 0.18 rad
terrain it  155 mean_level 0.0012
terms it  155 {"track_lin_vel_xy_exp": 0.07114, "track_ang_vel_z_exp": 0.04447, "feet_air_time": 0.00057, "feet_slide": -0.01176, "joint_deviation": -0.05082, "flat_orientation_l2": -0.0094, "action_rate_l2": -0.09805, "termination_penalty": -0.2, "lin_vel_z_l2": 0.0, "ang_vel_xy_l2": -0.03615, "dof_torques_l2": -0.00028, "dof_acc_l2": -0.02861, "dof_pos_limits": -0.00291, "episodes": 261, "base_contact": 1.0, "pushes": 22}
it  156 steps  15335424 sps   40,343 | ep_ret   -6.73 ep_len  234.7 (n=258) | pg -0.012 vf 0.046 kl 0.0171 lr 1.7e-04
[anomaly] it 156: terminal-step reward dominates the episode: survival is being punished
[anomaly] it 156: returns fall as episodes lengthen (corr -0.96): the reward punishes survival
[anomaly] it 156: joint limit violated by 0.14 rad
terrain it  156 mean_level 0.0017
terms it  156 {"track_lin_vel_xy_exp": 0.07602, "track_ang_vel_z_exp": 0.04993, "feet_air_time": 0.00062, "feet_slide": -0.0132, "joint_deviation": -0.05628, "flat_orientation_l2": -0.00989, "action_rate_l2": -0.10874, "termination_penalty": -0.2, "lin_vel_z_l2": 0.0, "ang_vel_xy_l2": -0.0399, "dof_torques_l2": -0.00031, "dof_acc_l2": -0.03175, "dof_pos_limits": -0.00322, "episodes": 258, "base_contact": 1.0, "pushes": 24}
it  157 steps  15433728 sps   40,332 | ep_ret   -6.78 ep_len  239.0 (n=226) | pg -0.011 vf 0.047 kl 0.0168 lr 2.6e-04
[anomaly] it 157: terminal-step reward dominates the episode: survival is being punished
[anomaly] it 157: returns fall as episodes lengthen (corr -0.97): the reward punishes survival
[anomaly] it 157: joint limit violated by 0.15 rad
terrain it  157 mean_level 0.0020
terms it  157 {"track_lin_vel_xy_exp": 0.07815, "track_ang_vel_z_exp": 0.05078, "feet_air_time": 0.0007, "feet_slide": -0.01332, "joint_deviation": -0.05751, "flat_orientation_l2": -0.01018, "action_rate_l2": -0.11125, "termination_penalty": -0.2, "lin_vel_z_l2": 0.0, "ang_vel_xy_l2": -0.04046, "dof_torques_l2": -0.00032, "dof_acc_l2": -0.03205, "dof_pos_limits": -0.00331, "episodes": 226, "base_contact": 1.0, "pushes": 21}
it  158 steps  15532032 sps   40,323 | ep_ret   -6.80 ep_len  245.4 (n=242) | pg -0.012 vf 0.046 kl 0.0163 lr 1.7e-04
[anomaly] it 158: terminal-step reward dominates the episode: survival is being punished
[anomaly] it 158: returns fall as episodes lengthen (corr -0.97): the reward punishes survival
[anomaly] it 158: joint limit violated by 0.22 rad
terrain it  158 mean_level 0.0024
terms it  158 {"track_lin_vel_xy_exp": 0.08484, "track_ang_vel_z_exp": 0.05168, "feet_air_time": 0.00065, "feet_slide": -0.01387, "joint_deviation": -0.05924, "flat_orientation_l2": -0.01019, "action_rate_l2": -0.11412, "termination_penalty": -0.2, "lin_vel_z_l2": 0.0, "ang_vel_xy_l2": -0.04186, "dof_torques_l2": -0.00033, "dof_acc_l2": -0.03431, "dof_pos_limits": -0.00342, "episodes": 242, "base_contact": 1.0, "pushes": 31}
it  159 steps  15630336 sps   40,313 | ep_ret   -7.06 ep_len  262.3 (n=227) | pg -0.011 vf 0.046 kl 0.0151 lr 2.6e-04
[anomaly] it 159: terminal-step reward dominates the episode: survival is being punished
[anomaly] it 159: returns fall as episodes lengthen (corr -0.98): the reward punishes survival
[anomaly] it 159: joint limit violated by 0.16 rad
terrain it  159 mean_level 0.0037
terms it  159 {"track_lin_vel_xy_exp": 0.08866, "track_ang_vel_z_exp": 0.05535, "feet_air_time": 0.00074, "feet_slide": -0.01491, "joint_deviation": -0.06389, "flat_orientation_l2": -0.0115, "action_rate_l2": -0.12232, "termination_penalty": -0.2, "lin_vel_z_l2": 0.0, "ang_vel_xy_l2": -0.04506, "dof_torques_l2": -0.00036, "dof_acc_l2": -0.03587, "dof_pos_limits": -0.0038, "episodes": 227, "base_contact": 1.0, "pushes": 30}
it  160 steps  15728640 sps   40,303 | ep_ret   -6.90 ep_len  258.5 (n=216) | pg -0.012 vf 0.044 kl 0.0169 lr 2.6e-04
[anomaly] it 160: terminal-step reward dominates the episode: survival is being punished
[anomaly] it 160: returns fall as episodes lengthen (corr -0.98): the reward punishes survival
[anomaly] it 160: joint limit violated by 0.12 rad
terrain it  160 mean_level 0.0039
terms it  160 {"track_lin_vel_xy_exp": 0.09068, "track_ang_vel_z_exp": 0.05604, "feet_air_time": 0.00069, "feet_slide": -0.01463, "joint_deviation": -0.0625, "flat_orientation_l2": -0.01081, "action_rate_l2": -0.12099, "termination_penalty": -0.2, "lin_vel_z_l2": 0.0, "ang_vel_xy_l2": -0.04408, "dof_torques_l2": -0.00034, "dof_acc_l2": -0.03514, "dof_pos_limits": -0.00368, "episodes": 216, "base_contact": 1.0, "pushes": 52}
it  161 steps  15826944 sps   40,293 | ep_ret   -7.11 ep_len  265.0 (n=202) | pg -0.012 vf 0.042 kl 0.0167 lr 3.8e-04
[anomaly] it 161: terminal-step reward dominates the episode: survival is being punished
[anomaly] it 161: returns fall as episodes lengthen (corr -0.98): the reward punishes survival
[anomaly] it 161: joint limit violated by 0.15 rad
terrain it  161 mean_level 0.0046
terms it  161 {"track_lin_vel_xy_exp": 0.09158, "track_ang_vel_z_exp": 0.05515, "feet_air_time": 0.0007, "feet_slide": -0.01505, "joint_deviation": -0.06475, "flat_orientation_l2": -0.01148, "action_rate_l2": -0.12479, "termination_penalty": -0.2, "lin_vel_z_l2": 0.0, "ang_vel_xy_l2": -0.0456, "dof_torques_l2": -0.00036, "dof_acc_l2": -0.03719, "dof_pos_limits": -0.00386, "episodes": 202, "base_contact": 1.0, "pushes": 60}
it  162 steps  15925248 sps   40,282 | ep_ret   -7.44 ep_len  294.3 (n=184) | pg -0.010 vf 0.045 kl 0.0138 lr 2.6e-04
[anomaly] it 162: terminal-step reward dominates the episode: survival is being punished
[anomaly] it 162: returns fall as episodes lengthen (corr -0.99): the reward punishes survival
[anomaly] it 162: joint limit violated by 0.20 rad
terrain it  162 mean_level 0.0056
terms it  162 {"track_lin_vel_xy_exp": 0.09826, "track_ang_vel_z_exp": 0.0621, "feet_air_time": 0.00085, "feet_slide": -0.01657, "joint_deviation": -0.07197, "flat_orientation_l2": -0.01151, "action_rate_l2": -0.13828, "termination_penalty": -0.2, "lin_vel_z_l2": 0.0, "ang_vel_xy_l2": -0.04956, "dof_torques_l2": -0.00039, "dof_acc_l2": -0.0409, "dof_pos_limits": -0.00398, "episodes": 184, "base_contact": 1.0, "pushes": 61}
it  163 steps  16023552 sps   40,268 | ep_ret   -7.48 ep_len  300.2 (n=174) | pg -0.012 vf 0.044 kl 0.0165 lr 2.6e-04
[anomaly] it 163: terminal-step reward dominates the episode: survival is being punished
[anomaly] it 163: returns fall as episodes lengthen (corr -0.99): the reward punishes survival
[anomaly] it 163: joint limit violated by 0.22 rad
terrain it  163 mean_level 0.0068
terms it  163 {"track_lin_vel_xy_exp": 0.10464, "track_ang_vel_z_exp": 0.06295, "feet_air_time": 0.00084, "feet_slide": -0.01694, "joint_deviation": -0.07374, "flat_orientation_l2": -0.01276, "action_rate_l2": -0.14151, "termination_penalty": -0.2, "lin_vel_z_l2": 0.0, "ang_vel_xy_l2": -0.05136, "dof_torques_l2": -0.00041, "dof_acc_l2": -0.04163, "dof_pos_limits": -0.00427, "episodes": 174, "base_contact": 1.0, "pushes": 72}
it  164 steps  16121856 sps   40,256 | ep_ret   -7.53 ep_len  310.5 (n=200) | pg -0.013 vf 0.039 kl 0.0152 lr 2.6e-04
[anomaly] it 164: terminal-step reward dominates the episode: survival is being punished
[anomaly] it 164: returns fall as episodes lengthen (corr -0.99): the reward punishes survival
[anomaly] it 164: joint limit violated by 0.11 rad
terrain it  164 mean_level 0.0078
terms it  164 {"track_lin_vel_xy_exp": 0.11197, "track_ang_vel_z_exp": 0.06541, "feet_air_time": 0.00089, "feet_slide": -0.01778, "joint_deviation": -0.07652, "flat_orientation_l2": -0.01288, "action_rate_l2": -0.14689, "termination_penalty": -0.2, "lin_vel_z_l2": 0.0, "ang_vel_xy_l2": -0.05319, "dof_torques_l2": -0.00042, "dof_acc_l2": -0.0428, "dof_pos_limits": -0.00447, "episodes": 200, "base_contact": 1.0, "pushes": 79}
it  165 steps  16220160 sps   40,245 | ep_ret   -7.66 ep_len  334.6 (n=160) | pg -0.012 vf 0.041 kl 0.0136 lr 2.6e-04
[anomaly] it 165: terminal-step reward dominates the episode: survival is being punished
[anomaly] it 165: returns fall as episodes lengthen (corr -0.99): the reward punishes survival
[anomaly] it 165: joint limit violated by 0.13 rad
terrain it  165 mean_level 0.0083
terms it  165 {"track_lin_vel_xy_exp": 0.12613, "track_ang_vel_z_exp": 0.07102, "feet_air_time": 0.00094, "feet_slide": -0.01912, "joint_deviation": -0.08269, "flat_orientation_l2": -0.01364, "action_rate_l2": -0.15859, "termination_penalty": -0.2, "lin_vel_z_l2": 0.0, "ang_vel_xy_l2": -0.05726, "dof_torques_l2": -0.00045, "dof_acc_l2": -0.04498, "dof_pos_limits": -0.00452, "episodes": 160, "base_contact": 1.0, "pushes": 74}
it  166 steps  16318464 sps   40,233 | ep_ret   -7.79 ep_len  336.4 (n=174) | pg -0.012 vf 0.041 kl 0.0169 lr 3.8e-04
[anomaly] it 166: terminal-step reward dominates the episode: survival is being punished
[anomaly] it 166: returns fall as episodes lengthen (corr -0.99): the reward punishes survival
[anomaly] it 166: joint limit violated by 0.23 rad
terrain it  166 mean_level 0.0090
terms it  166 {"track_lin_vel_xy_exp": 0.12317, "track_ang_vel_z_exp": 0.07054, "feet_air_time": 0.00092, "feet_slide": -0.01947, "joint_deviation": -0.08334, "flat_orientation_l2": -0.01342, "action_rate_l2": -0.1598, "termination_penalty": -0.19885, "lin_vel_z_l2": 0.0, "ang_vel_xy_l2": -0.05724, "dof_torques_l2": -0.00045, "dof_acc_l2": -0.04687, "dof_pos_limits": -0.00471, "episodes": 174, "base_contact": 0.99425, "pushes": 87}
it  167 steps  16416768 sps   40,222 | ep_ret   -8.00 ep_len  356.2 (n=142) | pg -0.010 vf 0.042 kl 0.0171 lr 2.6e-04
[anomaly] it 167: explained variance -0.04 < 0 after warm-up: value function not predicting returns
[anomaly] it 167: terminal-step reward dominates the episode: survival is being punished
[anomaly] it 167: returns fall as episodes lengthen (corr -0.99): the reward punishes survival
[anomaly] it 167: joint limit violated by 0.18 rad
terrain it  167 mean_level 0.0100
terms it  167 {"track_lin_vel_xy_exp": 0.13079, "track_ang_vel_z_exp": 0.07508, "feet_air_time": 0.00103, "feet_slide": -0.02021, "joint_deviation": -0.08813, "flat_orientation_l2": -0.01372, "action_rate_l2": -0.16969, "termination_penalty": -0.2, "lin_vel_z_l2": 0.0, "ang_vel_xy_l2": -0.06092, "dof_torques_l2": -0.00048, "dof_acc_l2": -0.04868, "dof_pos_limits": -0.00493, "episodes": 142, "base_contact": 1.0, "pushes": 91}
it  168 steps  16515072 sps   40,210 | ep_ret   -7.85 ep_len  331.0 (n=156) | pg -0.010 vf 0.043 kl 0.0145 lr 2.6e-04
[anomaly] it 168: terminal-step reward dominates the episode: survival is being punished
[anomaly] it 168: returns fall as episodes lengthen (corr -0.99): the reward punishes survival
[anomaly] it 168: joint limit violated by 0.15 rad
terrain it  168 mean_level 0.0103
terms it  168 {"track_lin_vel_xy_exp": 0.11378, "track_ang_vel_z_exp": 0.07173, "feet_air_time": 0.00095, "feet_slide": -0.01908, "joint_deviation": -0.08213, "flat_orientation_l2": -0.01298, "action_rate_l2": -0.15787, "termination_penalty": -0.2, "lin_vel_z_l2": 0.0, "ang_vel_xy_l2": -0.05614, "dof_torques_l2": -0.00044, "dof_acc_l2": -0.04542, "dof_pos_limits": -0.00469, "episodes": 156, "base_contact": 1.0, "pushes": 95}
it  169 steps  16613376 sps   40,198 | ep_ret   -8.23 ep_len  366.8 (n=158) | pg -0.011 vf 0.037 kl 0.0165 lr 2.6e-04
[anomaly] it 169: terminal-step reward dominates the episode: survival is being punished
[anomaly] it 169: returns fall as episodes lengthen (corr -1.00): the reward punishes survival
[anomaly] it 169: joint limit violated by 0.16 rad
terrain it  169 mean_level 0.0115
terms it  169 {"track_lin_vel_xy_exp": 0.12889, "track_ang_vel_z_exp": 0.07946, "feet_air_time": 0.00103, "feet_slide": -0.02102, "joint_deviation": -0.09151, "flat_orientation_l2": -0.01314, "action_rate_l2": -0.17566, "termination_penalty": -0.2, "lin_vel_z_l2": 0.0, "ang_vel_xy_l2": -0.06233, "dof_torques_l2": -0.0005, "dof_acc_l2": -0.0515, "dof_pos_limits": -0.00529, "episodes": 158, "base_contact": 1.0, "pushes": 87}
it  170 steps  16711680 sps   40,186 | ep_ret   -8.38 ep_len  417.9 (n=143) | pg -0.013 vf 0.039 kl 0.0155 lr 2.6e-04
[anomaly] it 170: terminal-step reward dominates the episode: survival is being punished
[anomaly] it 170: returns fall as episodes lengthen (corr -1.00): the reward punishes survival
[anomaly] it 170: joint limit violated by 0.12 rad
terrain it  170 mean_level 0.0125
terms it  170 {"track_lin_vel_xy_exp": 0.15774, "track_ang_vel_z_exp": 0.09048, "feet_air_time": 0.0011, "feet_slide": -0.02421, "joint_deviation": -0.1041, "flat_orientation_l2": -0.01503, "action_rate_l2": -0.19947, "termination_penalty": -0.19161, "lin_vel_z_l2": 0.0, "ang_vel_xy_l2": -0.07016, "dof_torques_l2": -0.00056, "dof_acc_l2": -0.05752, "dof_pos_limits": -0.00581, "episodes": 143, "base_contact": 0.95804, "pushes": 116}
it  171 steps  16809984 sps   40,175 | ep_ret   -8.42 ep_len  426.1 (n=139) | pg -0.011 vf 0.041 kl 0.0176 lr 3.8e-04
[anomaly] it 171: explained variance -0.00 < 0 after warm-up: value function not predicting returns
[anomaly] it 171: terminal-step reward dominates the episode: survival is being punished
[anomaly] it 171: returns fall as episodes lengthen (corr -1.00): the reward punishes survival
[anomaly] it 171: joint limit violated by 0.29 rad
terrain it  171 mean_level 0.0125
terms it  171 {"track_lin_vel_xy_exp": 0.16208, "track_ang_vel_z_exp": 0.09209, "feet_air_time": 0.00119, "feet_slide": -0.02451, "joint_deviation": -0.10621, "flat_orientation_l2": -0.01555, "action_rate_l2": -0.20408, "termination_penalty": -0.18849, "lin_vel_z_l2": 0.0, "ang_vel_xy_l2": -0.07171, "dof_torques_l2": -0.00056, "dof_acc_l2": -0.05923, "dof_pos_limits": -0.00583, "episodes": 139, "base_contact": 0.94245, "pushes": 87}
it  172 steps  16908288 sps   40,165 | ep_ret   -8.41 ep_len  431.8 (n=140) | pg -0.011 vf 0.041 kl 0.0156 lr 2.6e-04
[anomaly] it 172: terminal-step reward dominates the episode: survival is being punished
[anomaly] it 172: returns fall as episodes lengthen (corr -1.00): the reward punishes survival
[anomaly] it 172: joint limit violated by 0.23 rad
terrain it  172 mean_level 0.0127
terms it  172 {"track_lin_vel_xy_exp": 0.1666, "track_ang_vel_z_exp": 0.09443, "feet_air_time": 0.00121, "feet_slide": -0.02455, "joint_deviation": -0.10795, "flat_orientation_l2": -0.01588, "action_rate_l2": -0.20723, "termination_penalty": -0.18857, "lin_vel_z_l2": 0.0, "ang_vel_xy_l2": -0.07321, "dof_torques_l2": -0.00058, "dof_acc_l2": -0.05891, "dof_pos_limits": -0.006, "episodes": 140, "base_contact": 0.94286, "pushes": 103}
it  173 steps  17006592 sps   40,156 | ep_ret   -8.77 ep_len  471.8 (n=151) | pg -0.013 vf 0.041 kl 0.0161 lr 2.6e-04
[anomaly] it 173: terminal-step reward dominates the episode: survival is being punished
[anomaly] it 173: returns fall as episodes lengthen (corr -1.00): the reward punishes survival
[anomaly] it 173: joint limit violated by 0.12 rad
terrain it  173 mean_level 0.0137
terms it  173 {"track_lin_vel_xy_exp": 0.19039, "track_ang_vel_z_exp": 0.10133, "feet_air_time": 0.00131, "feet_slide": -0.02722, "joint_deviation": -0.11851, "flat_orientation_l2": -0.01693, "action_rate_l2": -0.22688, "termination_penalty": -0.19073, "lin_vel_z_l2": 0.0, "ang_vel_xy_l2": -0.07905, "dof_torques_l2": -0.00063, "dof_acc_l2": -0.06488, "dof_pos_limits": -0.00654, "episodes": 151, "base_contact": 0.95364, "pushes": 102}
it  174 steps  17104896 sps   40,145 | ep_ret   -8.76 ep_len  521.9 (n=137) | pg -0.012 vf 0.040 kl 0.0146 lr 2.6e-04
[anomaly] it 174: explained variance -0.02 < 0 after warm-up: value function not predicting returns
[anomaly] it 174: terminal-step reward dominates the episode: survival is being punished
[anomaly] it 174: returns fall as episodes lengthen (corr -0.99): the reward punishes survival
[anomaly] it 174: joint limit violated by 0.21 rad
terrain it  174 mean_level 0.0159
terms it  174 {"track_lin_vel_xy_exp": 0.20314, "track_ang_vel_z_exp": 0.11318, "feet_air_time": 0.00144, "feet_slide": -0.03002, "joint_deviation": -0.13019, "flat_orientation_l2": -0.01694, "action_rate_l2": -0.24951, "termination_penalty": -0.16496, "lin_vel_z_l2": 0.0, "ang_vel_xy_l2": -0.08623, "dof_torques_l2": -0.00069, "dof_acc_l2": -0.07007, "dof_pos_limits": -0.00693, "episodes": 137, "base_contact": 0.82482, "pushes": 95}
it  175 steps  17203200 sps   40,134 | ep_ret   -9.00 ep_len  489.2 (n=135) | pg -0.011 vf 0.038 kl 0.0151 lr 2.6e-04
[anomaly] it 175: terminal-step reward dominates the episode: survival is being punished
[anomaly] it 175: returns fall as episodes lengthen (corr -0.99): the reward punishes survival
[anomaly] it 175: joint limit violated by 0.16 rad
terrain it  175 mean_level 0.0178
terms it  175 {"track_lin_vel_xy_exp": 0.18158, "track_ang_vel_z_exp": 0.10651, "feet_air_time": 0.00139, "feet_slide": -0.02845, "joint_deviation": -0.12313, "flat_orientation_l2": -0.01695, "action_rate_l2": -0.23574, "termination_penalty": -0.17778, "lin_vel_z_l2": 0.0, "ang_vel_xy_l2": -0.08187, "dof_torques_l2": -0.00065, "dof_acc_l2": -0.06801, "dof_pos_limits": -0.00684, "episodes": 135, "base_contact": 0.88889, "pushes": 103}
it  176 steps  17301504 sps   40,124 | ep_ret   -9.18 ep_len  527.6 (n=139) | pg -0.012 vf 0.035 kl 0.0147 lr 2.6e-04
[anomaly] it 176: terminal-step reward dominates the episode: survival is being punished
[anomaly] it 176: returns fall as episodes lengthen (corr -0.99): the reward punishes survival
[anomaly] it 176: joint limit violated by 0.28 rad
terrain it  176 mean_level 0.0193
terms it  176 {"track_lin_vel_xy_exp": 0.19834, "track_ang_vel_z_exp": 0.11455, "feet_air_time": 0.00155, "feet_slide": -0.03022, "joint_deviation": -0.13293, "flat_orientation_l2": -0.01752, "action_rate_l2": -0.25432, "termination_penalty": -0.17266, "lin_vel_z_l2": 0.0, "ang_vel_xy_l2": -0.08662, "dof_torques_l2": -0.00069, "dof_acc_l2": -0.0716, "dof_pos_limits": -0.00705, "episodes": 139, "base_contact": 0.86331, "pushes": 75}
it  177 steps  17399808 sps   40,114 | ep_ret   -9.32 ep_len  602.0 (n=120) | pg -0.013 vf 0.038 kl 0.0157 lr 2.6e-04
[anomaly] it 177: explained variance -0.31 < 0 after warm-up: value function not predicting returns
[anomaly] it 177: terminal-step reward dominates the episode: survival is being punished
[anomaly] it 177: returns fall as episodes lengthen (corr -0.99): the reward punishes survival
[anomaly] it 177: joint limit violated by 0.11 rad
terrain it  177 mean_level 0.0208
terms it  177 {"track_lin_vel_xy_exp": 0.24293, "track_ang_vel_z_exp": 0.13051, "feet_air_time": 0.00154, "feet_slide": -0.03495, "joint_deviation": -0.15216, "flat_orientation_l2": -0.01912, "action_rate_l2": -0.28975, "termination_penalty": -0.15667, "lin_vel_z_l2": 0.0, "ang_vel_xy_l2": -0.0986, "dof_torques_l2": -0.00079, "dof_acc_l2": -0.0811, "dof_pos_limits": -0.00791, "episodes": 120, "base_contact": 0.78333, "pushes": 93}
it  178 steps  17498112 sps   40,104 | ep_ret   -9.09 ep_len  556.5 (n=134) | pg -0.012 vf 0.035 kl 0.0164 lr 2.6e-04
[anomaly] it 178: terminal-step reward dominates the episode: survival is being punished
[anomaly] it 178: returns fall as episodes lengthen (corr -0.99): the reward punishes survival
[anomaly] it 178: joint limit violated by 0.28 rad
terrain it  178 mean_level 0.0227
terms it  178 {"track_lin_vel_xy_exp": 0.21946, "track_ang_vel_z_exp": 0.1206, "feet_air_time": 0.00154, "feet_slide": -0.03218, "joint_deviation": -0.14116, "flat_orientation_l2": -0.01847, "action_rate_l2": -0.26927, "termination_penalty": -0.1597, "lin_vel_z_l2": 0.0, "ang_vel_xy_l2": -0.09183, "dof_torques_l2": -0.00074, "dof_acc_l2": -0.07548, "dof_pos_limits": -0.00747, "episodes": 134, "base_contact": 0.79851, "pushes": 95}
it  179 steps  17596416 sps   40,095 | ep_ret   -9.13 ep_len  643.9 (n=122) | pg -0.010 vf 0.035 kl 0.0160 lr 2.6e-04
[anomaly] it 179: explained variance -0.18 < 0 after warm-up: value function not predicting returns
[anomaly] it 179: terminal-step reward dominates the episode: survival is being punished
[anomaly] it 179: returns fall as episodes lengthen (corr -0.99): the reward punishes survival
[anomaly] it 179: joint limit violated by 0.13 rad
terrain it  179 mean_level 0.0249
terms it  179 {"track_lin_vel_xy_exp": 0.26809, "track_ang_vel_z_exp": 0.13906, "feet_air_time": 0.00172, "feet_slide": -0.03681, "joint_deviation": -0.16258, "flat_orientation_l2": -0.01975, "action_rate_l2": -0.31063, "termination_penalty": -0.13607, "lin_vel_z_l2": 0.0, "ang_vel_xy_l2": -0.10532, "dof_torques_l2": -0.00083, "dof_acc_l2": -0.08482, "dof_pos_limits": -0.00849, "episodes": 122, "base_contact": 0.68033, "pushes": 93}
it  180 steps  17694720 sps   40,085 | ep_ret   -9.29 ep_len  659.8 (n=158) | pg -0.011 vf 0.033 kl 0.0160 lr 2.6e-04
[anomaly] it 180: terminal-step reward dominates the episode: survival is being punished
[anomaly] it 180: returns fall as episodes lengthen (corr -0.98): the reward punishes survival
[anomaly] it 180: joint limit violated by 0.15 rad
terrain it  180 mean_level 0.0276
terms it  180 {"track_lin_vel_xy_exp": 0.26753, "track_ang_vel_z_exp": 0.14608, "feet_air_time": 0.00193, "feet_slide": -0.03787, "joint_deviation": -0.16684, "flat_orientation_l2": -0.01987, "action_rate_l2": -0.31912, "termination_penalty": -0.13291, "lin_vel_z_l2": 0.0, "ang_vel_xy_l2": -0.10634, "dof_torques_l2": -0.00085, "dof_acc_l2": -0.08793, "dof_pos_limits": -0.0085, "episodes": 158, "base_contact": 0.66456, "pushes": 79}
it  181 steps  17793024 sps   40,077 | ep_ret   -9.01 ep_len  660.6 (n=124) | pg -0.012 vf 0.032 kl 0.0172 lr 2.6e-04
[anomaly] it 181: explained variance -0.32 < 0 after warm-up: value function not predicting returns
[anomaly] it 181: terminal-step reward dominates the episode: survival is being punished
[anomaly] it 181: returns fall as episodes lengthen (corr -0.98): the reward punishes survival
[anomaly] it 181: joint limit violated by 0.16 rad
terrain it  181 mean_level 0.0293
terms it  181 {"track_lin_vel_xy_exp": 0.27621, "track_ang_vel_z_exp": 0.14646, "feet_air_time": 0.00184, "feet_slide": -0.0382, "joint_deviation": -0.16746, "flat_orientation_l2": -0.01978, "action_rate_l2": -0.32038, "termination_penalty": -0.12581, "lin_vel_z_l2": 0.0, "ang_vel_xy_l2": -0.10683, "dof_torques_l2": -0.00084, "dof_acc_l2": -0.08729, "dof_pos_limits": -0.00863, "episodes": 124, "base_contact": 0.62903, "pushes": 98}
it  182 steps  17891328 sps   40,067 | ep_ret   -9.12 ep_len  654.2 (n=168) | pg -0.011 vf 0.030 kl 0.0146 lr 2.6e-04
[anomaly] it 182: terminal-step reward dominates the episode: survival is being punished
[anomaly] it 182: returns fall as episodes lengthen (corr -0.98): the reward punishes survival
[anomaly] it 182: joint limit violated by 0.20 rad
terrain it  182 mean_level 0.0337
terms it  182 {"track_lin_vel_xy_exp": 0.26917, "track_ang_vel_z_exp": 0.14319, "feet_air_time": 0.00185, "feet_slide": -0.03759, "joint_deviation": -0.16678, "flat_orientation_l2": -0.02024, "action_rate_l2": -0.318, "termination_penalty": -0.12738, "lin_vel_z_l2": 0.0, "ang_vel_xy_l2": -0.10458, "dof_torques_l2": -0.00085, "dof_acc_l2": -0.08591, "dof_pos_limits": -0.00874, "episodes": 168, "base_contact": 0.6369, "pushes": 74}
it  183 steps  17989632 sps   40,058 | ep_ret   -9.41 ep_len  685.8 (n=127) | pg -0.012 vf 0.031 kl 0.0142 lr 2.6e-04
[anomaly] it 183: explained variance -0.04 < 0 after warm-up: value function not predicting returns
[anomaly] it 183: terminal-step reward dominates the episode: survival is being punished
[anomaly] it 183: returns fall as episodes lengthen (corr -0.98): the reward punishes survival
[anomaly] it 183: joint limit violated by 0.18 rad
terrain it  183 mean_level 0.0369
terms it  183 {"track_lin_vel_xy_exp": 0.27991, "track_ang_vel_z_exp": 0.15113, "feet_air_time": 0.00189, "feet_slide": -0.03948, "joint_deviation": -0.17512, "flat_orientation_l2": -0.02117, "action_rate_l2": -0.33439, "termination_penalty": -0.12283, "lin_vel_z_l2": 0.0, "ang_vel_xy_l2": -0.11088, "dof_torques_l2": -0.00088, "dof_acc_l2": -0.08953, "dof_pos_limits": -0.00934, "episodes": 127, "base_contact": 0.61417, "pushes": 91}
it  184 steps  18087936 sps   40,049 | ep_ret   -9.16 ep_len  720.0 (n=165) | pg -0.012 vf 0.029 kl 0.0132 lr 1.7e-04
[anomaly] it 184: terminal-step reward dominates the episode: survival is being punished
[anomaly] it 184: returns fall as episodes lengthen (corr -0.98): the reward punishes survival
[anomaly] it 184: joint limit violated by 0.14 rad
terrain it  184 mean_level 0.0400
terms it  184 {"track_lin_vel_xy_exp": 0.30196, "track_ang_vel_z_exp": 0.15922, "feet_air_time": 0.00206, "feet_slide": -0.04127, "joint_deviation": -0.18432, "flat_orientation_l2": -0.02103, "action_rate_l2": -0.35126, "termination_penalty": -0.10545, "lin_vel_z_l2": 0.0, "ang_vel_xy_l2": -0.11453, "dof_torques_l2": -0.00091, "dof_acc_l2": -0.09326, "dof_pos_limits": -0.00934, "episodes": 165, "base_contact": 0.52727, "pushes": 86}
it  185 steps  18186240 sps   40,040 | ep_ret   -9.30 ep_len  742.7 (n=140) | pg -0.012 vf 0.029 kl 0.0152 lr 2.6e-04
[anomaly] it 185: explained variance -0.08 < 0 after warm-up: value function not predicting returns
[anomaly] it 185: terminal-step reward dominates the episode: survival is being punished
[anomaly] it 185: returns fall as episodes lengthen (corr -0.97): the reward punishes survival
[anomaly] it 185: joint limit violated by 0.13 rad
terrain it  185 mean_level 0.0425
terms it  185 {"track_lin_vel_xy_exp": 0.32075, "track_ang_vel_z_exp": 0.16511, "feet_air_time": 0.00199, "feet_slide": -0.04279, "joint_deviation": -0.19047, "flat_orientation_l2": -0.02124, "action_rate_l2": -0.36373, "termination_penalty": -0.10714, "lin_vel_z_l2": 0.0, "ang_vel_xy_l2": -0.11804, "dof_torques_l2": -0.00095, "dof_acc_l2": -0.09879, "dof_pos_limits": -0.00968, "episodes": 140, "base_contact": 0.53571, "pushes": 84}
it  186 steps  18284544 sps   40,032 | ep_ret   -9.03 ep_len  733.3 (n=143) | pg -0.011 vf 0.028 kl 0.0137 lr 2.6e-04
[anomaly] it 186: terminal-step reward dominates the episode: survival is being punished
[anomaly] it 186: returns fall as episodes lengthen (corr -0.97): the reward punishes survival
[anomaly] it 186: joint limit violated by 0.19 rad
terrain it  186 mean_level 0.0447
terms it  186 {"track_lin_vel_xy_exp": 0.3185, "track_ang_vel_z_exp": 0.16371, "feet_air_time": 0.002, "feet_slide": -0.04209, "joint_deviation": -0.18879, "flat_orientation_l2": -0.02131, "action_rate_l2": -0.35938, "termination_penalty": -0.1021, "lin_vel_z_l2": 0.0, "ang_vel_xy_l2": -0.11606, "dof_torques_l2": -0.00094, "dof_acc_l2": -0.09516, "dof_pos_limits": -0.00988, "episodes": 143, "base_contact": 0.51049, "pushes": 90}
it  187 steps  18382848 sps   40,024 | ep_ret   -9.28 ep_len  764.2 (n=116) | pg -0.010 vf 0.028 kl 0.0141 lr 1.7e-04
[anomaly] it 187: explained variance -0.44 < 0 after warm-up: value function not predicting returns
[anomaly] it 187: terminal-step reward dominates the episode: survival is being punished
[anomaly] it 187: returns fall as episodes lengthen (corr -0.97): the reward punishes survival
[anomaly] it 187: joint limit violated by 0.23 rad
terrain it  187 mean_level 0.0486
terms it  187 {"track_lin_vel_xy_exp": 0.32496, "track_ang_vel_z_exp": 0.16837, "feet_air_time": 0.00208, "feet_slide": -0.04418, "joint_deviation": -0.19775, "flat_orientation_l2": -0.02212, "action_rate_l2": -0.37556, "termination_penalty": -0.08793, "lin_vel_z_l2": 0.0, "ang_vel_xy_l2": -0.12133, "dof_torques_l2": -0.00098, "dof_acc_l2": -0.09932, "dof_pos_limits": -0.01023, "episodes": 116, "base_contact": 0.43966, "pushes": 88}
it  188 steps  18481152 sps   40,015 | ep_ret   -9.71 ep_len  777.1 (n=156) | pg -0.013 vf 0.024 kl 0.0144 lr 1.7e-04
[anomaly] it 188: explained variance -0.00 < 0 after warm-up: value function not predicting returns
[anomaly] it 188: terminal-step reward dominates the episode: survival is being punished
[anomaly] it 188: returns fall as episodes lengthen (corr -0.97): the reward punishes survival
[anomaly] it 188: joint limit violated by 0.13 rad
terrain it  188 mean_level 0.0537
terms it  188 {"track_lin_vel_xy_exp": 0.32442, "track_ang_vel_z_exp": 0.17288, "feet_air_time": 0.00229, "feet_slide": -0.04507, "joint_deviation": -0.20075, "flat_orientation_l2": -0.02357, "action_rate_l2": -0.38237, "termination_penalty": -0.09487, "lin_vel_z_l2": 0.0, "ang_vel_xy_l2": -0.12313, "dof_torques_l2": -0.00099, "dof_acc_l2": -0.10382, "dof_pos_limits": -0.01055, "episodes": 156, "base_contact": 0.47436, "pushes": 86}
it  189 steps  18579456 sps   40,006 | ep_ret   -9.64 ep_len  730.2 (n=117) | pg -0.011 vf 0.023 kl 0.0169 lr 2.6e-04
[anomaly] it 189: explained variance -0.18 < 0 after warm-up: value function not predicting returns
[anomaly] it 189: terminal-step reward dominates the episode: survival is being punished
[anomaly] it 189: returns fall as episodes lengthen (corr -0.97): the reward punishes survival
[anomaly] it 189: joint limit violated by 0.09 rad
terrain it  189 mean_level 0.0601
terms it  189 {"track_lin_vel_xy_exp": 0.29579, "track_ang_vel_z_exp": 0.16369, "feet_air_time": 0.00204, "feet_slide": -0.04259, "joint_deviation": -0.1906, "flat_orientation_l2": -0.02331, "action_rate_l2": -0.3614, "termination_penalty": -0.10085, "lin_vel_z_l2": 0.0, "ang_vel_xy_l2": -0.11545, "dof_torques_l2": -0.00094, "dof_acc_l2": -0.09788, "dof_pos_limits": -0.01047, "episodes": 117, "base_contact": 0.50427, "pushes": 87}
it  190 steps  18677760 sps   39,996 | ep_ret   -9.20 ep_len  789.3 (n=125) | pg -0.012 vf 0.021 kl 0.0159 lr 2.6e-04
[anomaly] it 190: explained variance -0.33 < 0 after warm-up: value function not predicting returns
[anomaly] it 190: terminal-step reward dominates the episode: survival is being punished
[anomaly] it 190: returns fall as episodes lengthen (corr -0.97): the reward punishes survival
[anomaly] it 190: joint limit violated by 0.31 rad
terrain it  190 mean_level 0.0647
terms it  190 {"track_lin_vel_xy_exp": 0.33982, "track_ang_vel_z_exp": 0.17697, "feet_air_time": 0.00233, "feet_slide": -0.04513, "joint_deviation": -0.20534, "flat_orientation_l2": -0.0239, "action_rate_l2": -0.3897, "termination_penalty": -0.08, "lin_vel_z_l2": 0.0, "ang_vel_xy_l2": -0.12279, "dof_torques_l2": -0.001, "dof_acc_l2": -0.10045, "dof_pos_limits": -0.01078, "episodes": 125, "base_contact": 0.4, "pushes": 97}
it  191 steps  18776064 sps   39,987 | ep_ret   -9.43 ep_len  770.0 (n=121) | pg -0.010 vf 0.019 kl 0.0127 lr 1.7e-04
[anomaly] it 191: explained variance -0.01 < 0 after warm-up: value function not predicting returns
[anomaly] it 191: terminal-step reward dominates the episode: survival is being punished
[anomaly] it 191: returns fall as episodes lengthen (corr -0.97): the reward punishes survival
[anomaly] it 191: joint limit violated by 0.20 rad
terrain it  191 mean_level 0.0671
terms it  191 {"track_lin_vel_xy_exp": 0.3275, "track_ang_vel_z_exp": 0.17276, "feet_air_time": 0.00221, "feet_slide": -0.04468, "joint_deviation": -0.20167, "flat_orientation_l2": -0.02376, "action_rate_l2": -0.38176, "termination_penalty": -0.08926, "lin_vel_z_l2": 0.0, "ang_vel_xy_l2": -0.12079, "dof_torques_l2": -0.00098, "dof_acc_l2": -0.10029, "dof_pos_limits": -0.01077, "episodes": 121, "base_contact": 0.44628, "pushes": 76}
it  192 steps  18874368 sps   39,979 | ep_ret   -9.77 ep_len  785.8 (n=101) | pg -0.012 vf 0.021 kl 0.0154 lr 2.6e-04
[anomaly] it 192: explained variance -0.22 < 0 after warm-up: value function not predicting returns
[anomaly] it 192: terminal-step reward dominates the episode: survival is being punished
[anomaly] it 192: returns fall as episodes lengthen (corr -0.97): the reward punishes survival
[anomaly] it 192: joint limit violated by 0.10 rad
terrain it  192 mean_level 0.0728
terms it  192 {"track_lin_vel_xy_exp": 0.32796, "track_ang_vel_z_exp": 0.17882, "feet_air_time": 0.00225, "feet_slide": -0.04582, "joint_deviation": -0.2061, "flat_orientation_l2": -0.0249, "action_rate_l2": -0.39114, "termination_penalty": -0.09109, "lin_vel_z_l2": 0.0, "ang_vel_xy_l2": -0.12251, "dof_torques_l2": -0.00101, "dof_acc_l2": -0.10392, "dof_pos_limits": -0.01101, "episodes": 101, "base_contact": 0.45545, "pushes": 82}
it  193 steps  18972672 sps   39,970 | ep_ret   -9.25 ep_len  767.0 (n=101) | pg -0.011 vf 0.021 kl 0.0173 lr 2.6e-04
[anomaly] it 193: explained variance -0.27 < 0 after warm-up: value function not predicting returns
[anomaly] it 193: terminal-step reward dominates the episode: survival is being punished
[anomaly] it 193: returns fall as episodes lengthen (corr -0.97): the reward punishes survival
[anomaly] it 193: joint limit violated by 0.11 rad
terrain it  193 mean_level 0.0762
terms it  193 {"track_lin_vel_xy_exp": 0.3329, "track_ang_vel_z_exp": 0.17502, "feet_air_time": 0.00221, "feet_slide": -0.04496, "joint_deviation": -0.2017, "flat_orientation_l2": -0.02283, "action_rate_l2": -0.38188, "termination_penalty": -0.08713, "lin_vel_z_l2": 0.0, "ang_vel_xy_l2": -0.11976, "dof_torques_l2": -0.00097, "dof_acc_l2": -0.10277, "dof_pos_limits": -0.01071, "episodes": 101, "base_contact": 0.43564, "pushes": 100}
it  194 steps  19070976 sps   39,961 | ep_ret   -9.29 ep_len  772.8 (n=113) | pg -0.012 vf 0.022 kl 0.0172 lr 2.6e-04
[anomaly] it 194: explained variance -0.02 < 0 after warm-up: value function not predicting returns
[anomaly] it 194: terminal-step reward dominates the episode: survival is being punished
[anomaly] it 194: returns fall as episodes lengthen (corr -0.97): the reward punishes survival
[anomaly] it 194: joint limit violated by 0.35 rad
terrain it  194 mean_level 0.0818
terms it  194 {"track_lin_vel_xy_exp": 0.33483, "track_ang_vel_z_exp": 0.17576, "feet_air_time": 0.00224, "feet_slide": -0.04535, "joint_deviation": -0.20504, "flat_orientation_l2": -0.02311, "action_rate_l2": -0.38616, "termination_penalty": -0.08673, "lin_vel_z_l2": 0.0, "ang_vel_xy_l2": -0.11961, "dof_torques_l2": -0.00097, "dof_acc_l2": -0.09905, "dof_pos_limits": -0.01111, "episodes": 113, "base_contact": 0.43363, "pushes": 89}
it  195 steps  19169280 sps   39,953 | ep_ret   -9.61 ep_len  800.3 (n=110) | pg -0.011 vf 0.020 kl 0.0153 lr 2.6e-04
[anomaly] it 195: explained variance -0.27 < 0 after warm-up: value function not predicting returns
[anomaly] it 195: terminal-step reward dominates the episode: survival is being punished
[anomaly] it 195: returns fall as episodes lengthen (corr -0.97): the reward punishes survival
[anomaly] it 195: joint limit violated by 0.13 rad
terrain it  195 mean_level 0.0867
terms it  195 {"track_lin_vel_xy_exp": 0.34321, "track_ang_vel_z_exp": 0.18058, "feet_air_time": 0.00229, "feet_slide": -0.04703, "joint_deviation": -0.21248, "flat_orientation_l2": -0.02384, "action_rate_l2": -0.40093, "termination_penalty": -0.08, "lin_vel_z_l2": 0.0, "ang_vel_xy_l2": -0.12328, "dof_torques_l2": -0.001, "dof_acc_l2": -0.10669, "dof_pos_limits": -0.01149, "episodes": 110, "base_contact": 0.4, "pushes": 93}
it  196 steps  19267584 sps   39,945 | ep_ret   -9.54 ep_len  774.7 (n=92) | pg -0.010 vf 0.020 kl 0.0136 lr 2.6e-04
[anomaly] it 196: explained variance -0.25 < 0 after warm-up: value function not predicting returns
[anomaly] it 196: terminal-step reward dominates the episode: survival is being punished
[anomaly] it 196: returns fall as episodes lengthen (corr -0.97): the reward punishes survival
[anomaly] it 196: joint limit violated by 0.19 rad
terrain it  196 mean_level 0.0930
terms it  196 {"track_lin_vel_xy_exp": 0.33117, "track_ang_vel_z_exp": 0.17582, "feet_air_time": 0.00211, "feet_slide": -0.0453, "joint_deviation": -0.20635, "flat_orientation_l2": -0.02533, "action_rate_l2": -0.38978, "termination_penalty": -0.08696, "lin_vel_z_l2": 0.0, "ang_vel_xy_l2": -0.11975, "dof_torques_l2": -0.00098, "dof_acc_l2": -0.10027, "dof_pos_limits": -0.01134, "episodes": 92, "base_contact": 0.43478, "pushes": 83}
it  197 steps  19365888 sps   39,938 | ep_ret   -9.53 ep_len  793.9 (n=110) | pg -0.011 vf 0.020 kl 0.0138 lr 1.7e-04
[anomaly] it 197: explained variance -0.27 < 0 after warm-up: value function not predicting returns
[anomaly] it 197: terminal-step reward dominates the episode: survival is being punished
[anomaly] it 197: returns fall as episodes lengthen (corr -0.97): the reward punishes survival
[anomaly] it 197: joint limit violated by 0.15 rad
[anomaly] it 197: contact penetration 2.0 cm
terrain it  197 mean_level 0.0984
terms it  197 {"track_lin_vel_xy_exp": 0.33861, "track_ang_vel_z_exp": 0.1794, "feet_air_time": 0.00231, "feet_slide": -0.04624, "joint_deviation": -0.21173, "flat_orientation_l2": -0.024, "action_rate_l2": -0.39829, "termination_penalty": -0.07818, "lin_vel_z_l2": 0.0, "ang_vel_xy_l2": -0.1209, "dof_torques_l2": -0.001, "dof_acc_l2": -0.10492, "dof_pos_limits": -0.01137, "episodes": 110, "base_contact": 0.39091, "pushes": 88}
it  198 steps  19464192 sps   39,929 | ep_ret   -9.63 ep_len  811.8 (n=111) | pg -0.012 vf 0.018 kl 0.0160 lr 2.6e-04
[anomaly] it 198: explained variance -0.21 < 0 after warm-up: value function not predicting returns
[anomaly] it 198: terminal-step reward dominates the episode: survival is being punished
[anomaly] it 198: returns fall as episodes lengthen (corr -0.97): the reward punishes survival
[anomaly] it 198: joint limit violated by 0.11 rad
terrain it  198 mean_level 0.1055
terms it  198 {"track_lin_vel_xy_exp": 0.35459, "track_ang_vel_z_exp": 0.18292, "feet_air_time": 0.00224, "feet_slide": -0.04774, "joint_deviation": -0.21646, "flat_orientation_l2": -0.026, "action_rate_l2": -0.40921, "termination_penalty": -0.07568, "lin_vel_z_l2": 0.0, "ang_vel_xy_l2": -0.12401, "dof_torques_l2": -0.00103, "dof_acc_l2": -0.10925, "dof_pos_limits": -0.01197, "episodes": 111, "base_contact": 0.37838, "pushes": 86}
it  199 steps  19562496 sps   39,921 | ep_ret   -9.72 ep_len  821.0 (n=89) | pg -0.011 vf 0.018 kl 0.0156 lr 2.6e-04
[anomaly] it 199: explained variance -0.33 < 0 after warm-up: value function not predicting returns
[anomaly] it 199: terminal-step reward dominates the episode: survival is being punished
[anomaly] it 199: returns fall as episodes lengthen (corr -0.97): the reward punishes survival
[anomaly] it 199: joint limit violated by 0.14 rad
terrain it  199 mean_level 0.1101
terms it  199 {"track_lin_vel_xy_exp": 0.34205, "track_ang_vel_z_exp": 0.18893, "feet_air_time": 0.00227, "feet_slide": -0.04817, "joint_deviation": -0.21924, "flat_orientation_l2": -0.02611, "action_rate_l2": -0.41389, "termination_penalty": -0.06966, "lin_vel_z_l2": 0.0, "ang_vel_xy_l2": -0.12368, "dof_torques_l2": -0.00103, "dof_acc_l2": -0.10555, "dof_pos_limits": -0.01201, "episodes": 89, "base_contact": 0.34831, "pushes": 75}
it  200 steps  19660800 sps   39,914 | ep_ret   -9.95 ep_len  878.2 (n=112) | pg -0.012 vf 0.017 kl 0.0149 lr 1.7e-04
[anomaly] it 200: explained variance -0.33 < 0 after warm-up: value function not predicting returns
[anomaly] it 200: terminal-step reward dominates the episode: survival is being punished
[anomaly] it 200: returns fall as episodes lengthen (corr -0.97): the reward punishes survival
[anomaly] it 200: joint limit violated by 0.10 rad
terrain it  200 mean_level 0.1182
terms it  200 {"track_lin_vel_xy_exp": 0.36798, "track_ang_vel_z_exp": 0.20395, "feet_air_time": 0.00244, "feet_slide": -0.05188, "joint_deviation": -0.23504, "flat_orientation_l2": -0.02739, "action_rate_l2": -0.44303, "termination_penalty": -0.05179, "lin_vel_z_l2": 0.0, "ang_vel_xy_l2": -0.13338, "dof_torques_l2": -0.0011, "dof_acc_l2": -0.11569, "dof_pos_limits": -0.01281, "episodes": 112, "base_contact": 0.25893, "pushes": 90}
it  201 steps  19759104 sps   39,906 | ep_ret   -9.70 ep_len  849.4 (n=112) | pg -0.012 vf 0.017 kl 0.0158 lr 2.6e-04
[anomaly] it 201: explained variance -0.43 < 0 after warm-up: value function not predicting returns
[anomaly] it 201: terminal-step reward dominates the episode: survival is being punished
[anomaly] it 201: returns fall as episodes lengthen (corr -0.97): the reward punishes survival
[anomaly] it 201: joint limit violated by 0.15 rad
terrain it  201 mean_level 0.1257
terms it  201 {"track_lin_vel_xy_exp": 0.36394, "track_ang_vel_z_exp": 0.19696, "feet_air_time": 0.00234, "feet_slide": -0.0498, "joint_deviation": -0.22888, "flat_orientation_l2": -0.02667, "action_rate_l2": -0.43064, "termination_penalty": -0.05893, "lin_vel_z_l2": 0.0, "ang_vel_xy_l2": -0.12761, "dof_torques_l2": -0.00107, "dof_acc_l2": -0.1117, "dof_pos_limits": -0.01282, "episodes": 112, "base_contact": 0.29464, "pushes": 96}
it  202 steps  19857408 sps   39,900 | ep_ret   -9.87 ep_len  845.6 (n=94) | pg -0.011 vf 0.015 kl 0.0157 lr 2.6e-04
[anomaly] it 202: explained variance -0.33 < 0 after warm-up: value function not predicting returns
[anomaly] it 202: terminal-step reward dominates the episode: survival is being punished
[anomaly] it 202: returns fall as episodes lengthen (corr -0.97): the reward punishes survival
[anomaly] it 202: joint limit violated by 0.23 rad
terrain it  202 mean_level 0.1313
terms it  202 {"track_lin_vel_xy_exp": 0.36, "track_ang_vel_z_exp": 0.19612, "feet_air_time": 0.00236, "feet_slide": -0.04993, "joint_deviation": -0.22769, "flat_orientation_l2": -0.02818, "action_rate_l2": -0.42944, "termination_penalty": -0.06383, "lin_vel_z_l2": 0.0, "ang_vel_xy_l2": -0.12664, "dof_torques_l2": -0.00108, "dof_acc_l2": -0.11214, "dof_pos_limits": -0.01315, "episodes": 94, "base_contact": 0.31915, "pushes": 99}
it  203 steps  19955712 sps   39,891 | ep_ret  -10.00 ep_len  889.6 (n=85) | pg -0.010 vf 0.015 kl 0.0153 lr 1.1e-04
[anomaly] it 203: explained variance -0.58 < 0 after warm-up: value function not predicting returns
[anomaly] it 203: terminal-step reward dominates the episode: survival is being punished
[anomaly] it 203: returns fall as episodes lengthen (corr -0.97): the reward punishes survival
[anomaly] it 203: joint limit violated by 0.11 rad
terrain it  203 mean_level 0.1372
terms it  203 {"track_lin_vel_xy_exp": 0.38105, "track_ang_vel_z_exp": 0.20539, "feet_air_time": 0.00257, "feet_slide": -0.05292, "joint_deviation": -0.24045, "flat_orientation_l2": -0.02708, "action_rate_l2": -0.45219, "termination_penalty": -0.05176, "lin_vel_z_l2": 0.0, "ang_vel_xy_l2": -0.13306, "dof_torques_l2": -0.00112, "dof_acc_l2": -0.11703, "dof_pos_limits": -0.01345, "episodes": 85, "base_contact": 0.25882, "pushes": 100}
it  204 steps  20054016 sps   39,884 | ep_ret   -9.61 ep_len  862.4 (n=91) | pg -0.011 vf 0.015 kl 0.0134 lr 2.6e-04
[anomaly] it 204: explained variance -0.53 < 0 after warm-up: value function not predicting returns
[anomaly] it 204: terminal-step reward dominates the episode: survival is being punished
[anomaly] it 204: returns fall as episodes lengthen (corr -0.97): the reward punishes survival
[anomaly] it 204: joint limit violated by 0.19 rad
terrain it  204 mean_level 0.1443
terms it  204 {"track_lin_vel_xy_exp": 0.37013, "track_ang_vel_z_exp": 0.20332, "feet_air_time": 0.00257, "feet_slide": -0.0509, "joint_deviation": -0.23343, "flat_orientation_l2": -0.02805, "action_rate_l2": -0.43989, "termination_penalty": -0.05055, "lin_vel_z_l2": 0.0, "ang_vel_xy_l2": -0.12742, "dof_torques_l2": -0.00108, "dof_acc_l2": -0.11237, "dof_pos_limits": -0.01307, "episodes": 91, "base_contact": 0.25275, "pushes": 109}
it  205 steps  20152320 sps   39,877 | ep_ret   -9.37 ep_len  871.7 (n=102) | pg -0.010 vf 0.015 kl 0.0153 lr 2.6e-04
[anomaly] it 205: explained variance -0.29 < 0 after warm-up: value function not predicting returns
[anomaly] it 205: terminal-step reward dominates the episode: survival is being punished
[anomaly] it 205: returns fall as episodes lengthen (corr -0.96): the reward punishes survival
[anomaly] it 205: joint limit violated by 0.11 rad
terrain it  205 mean_level 0.1504
terms it  205 {"track_lin_vel_xy_exp": 0.39294, "track_ang_vel_z_exp": 0.20355, "feet_air_time": 0.00247, "feet_slide": -0.05155, "joint_deviation": -0.2365, "flat_orientation_l2": -0.02756, "action_rate_l2": -0.44426, "termination_penalty": -0.05098, "lin_vel_z_l2": 0.0, "ang_vel_xy_l2": -0.12917, "dof_torques_l2": -0.00109, "dof_acc_l2": -0.11337, "dof_pos_limits": -0.01322, "episodes": 102, "base_contact": 0.2549, "pushes": 123}
it  206 steps  20250624 sps   39,870 | ep_ret   -9.89 ep_len  894.2 (n=94) | pg -0.011 vf 0.016 kl 0.0162 lr 2.6e-04
[anomaly] it 206: explained variance -0.35 < 0 after warm-up: value function not predicting returns
[anomaly] it 206: terminal-step reward dominates the episode: survival is being punished
[anomaly] it 206: returns fall as episodes lengthen (corr -0.96): the reward punishes survival
[anomaly] it 206: joint limit violated by 0.12 rad
terrain it  206 mean_level 0.1570
terms it  206 {"track_lin_vel_xy_exp": 0.38488, "track_ang_vel_z_exp": 0.20992, "feet_air_time": 0.0025, "feet_slide": -0.05313, "joint_deviation": -0.24255, "flat_orientation_l2": -0.02789, "action_rate_l2": -0.45616, "termination_penalty": -0.04681, "lin_vel_z_l2": 0.0, "ang_vel_xy_l2": -0.13235, "dof_torques_l2": -0.00112, "dof_acc_l2": -0.11822, "dof_pos_limits": -0.01361, "episodes": 94, "base_contact": 0.23404, "pushes": 121}
it  207 steps  20348928 sps   39,863 | ep_ret   -9.38 ep_len  856.3 (n=73) | pg -0.011 vf 0.015 kl 0.0170 lr 2.6e-04
[anomaly] it 207: explained variance -0.48 < 0 after warm-up: value function not predicting returns
[anomaly] it 207: terminal-step reward dominates the episode: survival is being punished
[anomaly] it 207: returns fall as episodes lengthen (corr -0.96): the reward punishes survival
[anomaly] it 207: joint limit violated by 0.11 rad
terrain it  207 mean_level 0.1614
terms it  207 {"track_lin_vel_xy_exp": 0.38363, "track_ang_vel_z_exp": 0.20213, "feet_air_time": 0.00238, "feet_slide": -0.05017, "joint_deviation": -0.23271, "flat_orientation_l2": -0.02682, "action_rate_l2": -0.4383, "termination_penalty": -0.06027, "lin_vel_z_l2": 0.0, "ang_vel_xy_l2": -0.12404, "dof_torques_l2": -0.00108, "dof_acc_l2": -0.1105, "dof_pos_limits": -0.01308, "episodes": 73, "base_contact": 0.30137, "pushes": 110}
it  208 steps  20447232 sps   39,855 | ep_ret   -9.73 ep_len  904.3 (n=104) | pg -0.011 vf 0.013 kl 0.0158 lr 3.8e-04
[anomaly] it 208: explained variance -0.68 < 0 after warm-up: value function not predicting returns
[anomaly] it 208: terminal-step reward dominates the episode: survival is being punished
[anomaly] it 208: returns fall as episodes lengthen (corr -0.96): the reward punishes survival
[anomaly] it 208: joint limit violated by 0.11 rad
terrain it  208 mean_level 0.1697
terms it  208 {"track_lin_vel_xy_exp": 0.39084, "track_ang_vel_z_exp": 0.21327, "feet_air_time": 0.00263, "feet_slide": -0.05364, "joint_deviation": -0.24691, "flat_orientation_l2": -0.02923, "action_rate_l2": -0.46382, "termination_penalty": -0.03462, "lin_vel_z_l2": 0.0, "ang_vel_xy_l2": -0.13183, "dof_torques_l2": -0.00114, "dof_acc_l2": -0.11821, "dof_pos_limits": -0.01408, "episodes": 104, "base_contact": 0.17308, "pushes": 89}
it  209 steps  20545536 sps   39,847 | ep_ret   -9.55 ep_len  910.7 (n=94) | pg -0.010 vf 0.015 kl 0.0170 lr 2.6e-04
[anomaly] it 209: explained variance -1.29 < 0 after warm-up: value function not predicting returns
[anomaly] it 209: terminal-step reward dominates the episode: survival is being punished
[anomaly] it 209: returns fall as episodes lengthen (corr -0.96): the reward punishes survival
[anomaly] it 209: joint limit violated by 0.11 rad
terrain it  209 mean_level 0.1765
terms it  209 {"track_lin_vel_xy_exp": 0.40226, "track_ang_vel_z_exp": 0.21636, "feet_air_time": 0.00259, "feet_slide": -0.05398, "joint_deviation": -0.24802, "flat_orientation_l2": -0.02857, "action_rate_l2": -0.46649, "termination_penalty": -0.03617, "lin_vel_z_l2": 0.0, "ang_vel_xy_l2": -0.13067, "dof_torques_l2": -0.00113, "dof_acc_l2": -0.11978, "dof_pos_limits": -0.01392, "episodes": 94, "base_contact": 0.18085, "pushes": 117}
it  210 steps  20643840 sps   39,839 | ep_ret   -9.27 ep_len  882.9 (n=104) | pg -0.011 vf 0.016 kl 0.0155 lr 3.8e-04
[anomaly] it 210: explained variance -0.38 < 0 after warm-up: value function not predicting returns
[anomaly] it 210: terminal-step reward dominates the episode: survival is being punished
[anomaly] it 210: returns fall as episodes lengthen (corr -0.96): the reward punishes survival
[anomaly] it 210: joint limit violated by 0.19 rad
terrain it  210 mean_level 0.1853
terms it  210 {"track_lin_vel_xy_exp": 0.39993, "track_ang_vel_z_exp": 0.20989, "feet_air_time": 0.00244, "feet_slide": -0.05234, "joint_deviation": -0.24137, "flat_orientation_l2": -0.02852, "action_rate_l2": -0.45304, "termination_penalty": -0.04231, "lin_vel_z_l2": 0.0, "ang_vel_xy_l2": -0.12786, "dof_torques_l2": -0.00111, "dof_acc_l2": -0.11501, "dof_pos_limits": -0.01396, "episodes": 104, "base_contact": 0.21154, "pushes": 112}
it  211 steps  20742144 sps   39,832 | ep_ret   -9.27 ep_len  893.1 (n=94) | pg -0.011 vf 0.014 kl 0.0160 lr 2.6e-04
[anomaly] it 211: explained variance -0.69 < 0 after warm-up: value function not predicting returns
[anomaly] it 211: terminal-step reward dominates the episode: survival is being punished
[anomaly] it 211: returns fall as episodes lengthen (corr -0.96): the reward punishes survival
[anomaly] it 211: joint limit violated by 0.12 rad
terrain it  211 mean_level 0.1909
terms it  211 {"track_lin_vel_xy_exp": 0.40815, "track_ang_vel_z_exp": 0.21429, "feet_air_time": 0.00241, "feet_slide": -0.0527, "joint_deviation": -0.24507, "flat_orientation_l2": -0.02779, "action_rate_l2": -0.45874, "termination_penalty": -0.04468, "lin_vel_z_l2": 0.0, "ang_vel_xy_l2": -0.12798, "dof_torques_l2": -0.0011, "dof_acc_l2": -0.11649, "dof_pos_limits": -0.01381, "episodes": 94, "base_contact": 0.2234, "pushes": 129}
it  212 steps  20840448 sps   39,825 | ep_ret   -9.56 ep_len  854.3 (n=95) | pg -0.010 vf 0.014 kl 0.0152 lr 2.6e-04
[anomaly] it 212: explained variance -0.22 < 0 after warm-up: value function not predicting returns
[anomaly] it 212: terminal-step reward dominates the episode: survival is being punished
[anomaly] it 212: returns fall as episodes lengthen (corr -0.96): the reward punishes survival
[anomaly] it 212: joint limit violated by 0.14 rad
terrain it  212 mean_level 0.1953
terms it  212 {"track_lin_vel_xy_exp": 0.37344, "track_ang_vel_z_exp": 0.20538, "feet_air_time": 0.00237, "feet_slide": -0.05059, "joint_deviation": -0.23503, "flat_orientation_l2": -0.02829, "action_rate_l2": -0.44078, "termination_penalty": -0.05684, "lin_vel_z_l2": 0.0, "ang_vel_xy_l2": -0.12193, "dof_torques_l2": -0.00107, "dof_acc_l2": -0.11062, "dof_pos_limits": -0.01396, "episodes": 95, "base_contact": 0.28421, "pushes": 137}
it  213 steps  20938752 sps   39,818 | ep_ret   -9.27 ep_len  920.4 (n=92) | pg -0.010 vf 0.017 kl 0.0130 lr 1.7e-04
[anomaly] it 213: explained variance -1.09 < 0 after warm-up: value function not predicting returns
[anomaly] it 213: terminal-step reward dominates the episode: survival is being punished
[anomaly] it 213: returns fall as episodes lengthen (corr -0.96): the reward punishes survival
[anomaly] it 213: joint limit violated by 0.18 rad
terrain it  213 mean_level 0.2026
terms it  213 {"track_lin_vel_xy_exp": 0.42074, "track_ang_vel_z_exp": 0.21892, "feet_air_time": 0.00256, "feet_slide": -0.05386, "joint_deviation": -0.25261, "flat_orientation_l2": -0.02936, "action_rate_l2": -0.47409, "termination_penalty": -0.03696, "lin_vel_z_l2": 0.0, "ang_vel_xy_l2": -0.12932, "dof_torques_l2": -0.00113, "dof_acc_l2": -0.11415, "dof_pos_limits": -0.01422, "episodes": 92, "base_contact": 0.18478, "pushes": 117}
it  214 steps  21037056 sps   39,810 | ep_ret   -9.84 ep_len  897.2 (n=105) | pg -0.011 vf 0.014 kl 0.0151 lr 2.6e-04
[anomaly] it 214: explained variance -0.86 < 0 after warm-up: value function not predicting returns
[anomaly] it 214: terminal-step reward dominates the episode: survival is being punished
[anomaly] it 214: returns fall as episodes lengthen (corr -0.96): the reward punishes survival
[anomaly] it 214: joint limit violated by 0.10 rad
terrain it  214 mean_level 0.2102
terms it  214 {"track_lin_vel_xy_exp": 0.38327, "track_ang_vel_z_exp": 0.21669, "feet_air_time": 0.0026, "feet_slide": -0.05302, "joint_deviation": -0.24707, "flat_orientation_l2": -0.02969, "action_rate_l2": -0.46299, "termination_penalty": -0.0419, "lin_vel_z_l2": 0.0, "ang_vel_xy_l2": -0.12603, "dof_torques_l2": -0.00112, "dof_acc_l2": -0.1181, "dof_pos_limits": -0.01473, "episodes": 105, "base_contact": 0.20952, "pushes": 96}
it  215 steps  21135360 sps   39,803 | ep_ret   -9.30 ep_len  894.7 (n=107) | pg -0.010 vf 0.014 kl 0.0151 lr 2.6e-04
[anomaly] it 215: explained variance -0.41 < 0 after warm-up: value function not predicting returns
[anomaly] it 215: terminal-step reward dominates the episode: survival is being punished
[anomaly] it 215: returns fall as episodes lengthen (corr -0.96): the reward punishes survival
[anomaly] it 215: joint limit violated by 0.14 rad
terrain it  215 mean_level 0.2166
terms it  215 {"track_lin_vel_xy_exp": 0.40175, "track_ang_vel_z_exp": 0.21809, "feet_air_time": 0.00268, "feet_slide": -0.05232, "joint_deviation": -0.24619, "flat_orientation_l2": -0.02964, "action_rate_l2": -0.4619, "termination_penalty": -0.04486, "lin_vel_z_l2": 0.0, "ang_vel_xy_l2": -0.12456, "dof_torques_l2": -0.0011, "dof_acc_l2": -0.11289, "dof_pos_limits": -0.01426, "episodes": 107, "base_contact": 0.2243, "pushes": 97}
it  216 steps  21233664 sps   39,796 | ep_ret   -9.06 ep_len  900.5 (n=95) | pg -0.009 vf 0.015 kl 0.0135 lr 1.7e-04
[anomaly] it 216: explained variance -0.91 < 0 after warm-up: value function not predicting returns
[anomaly] it 216: terminal-step reward dominates the episode: survival is being punished
[anomaly] it 216: returns fall as episodes lengthen (corr -0.95): the reward punishes survival
[anomaly] it 216: joint limit violated by 0.09 rad
terrain it  216 mean_level 0.2266
terms it  216 {"track_lin_vel_xy_exp": 0.40573, "track_ang_vel_z_exp": 0.22018, "feet_air_time": 0.00265, "feet_slide": -0.05299, "joint_deviation": -0.24791, "flat_orientation_l2": -0.02798, "action_rate_l2": -0.46478, "termination_penalty": -0.03789, "lin_vel_z_l2": 0.0, "ang_vel_xy_l2": -0.1243, "dof_torques_l2": -0.0011, "dof_acc_l2": -0.11035, "dof_pos_limits": -0.01423, "episodes": 95, "base_contact": 0.18947, "pushes": 90}
it  217 steps  21331968 sps   39,789 | ep_ret   -9.11 ep_len  898.9 (n=119) | pg -0.011 vf 0.014 kl 0.0131 lr 2.6e-04
[anomaly] it 217: explained variance -0.15 < 0 after warm-up: value function not predicting returns
[anomaly] it 217: terminal-step reward dominates the episode: survival is being punished
[anomaly] it 217: returns fall as episodes lengthen (corr -0.95): the reward punishes survival
[anomaly] it 217: joint limit violated by 0.09 rad
terrain it  217 mean_level 0.2373
terms it  217 {"track_lin_vel_xy_exp": 0.40934, "track_ang_vel_z_exp": 0.21913, "feet_air_time": 0.00267, "feet_slide": -0.05271, "joint_deviation": -0.24814, "flat_orientation_l2": -0.02874, "action_rate_l2": -0.46421, "termination_penalty": -0.04538, "lin_vel_z_l2": 0.0, "ang_vel_xy_l2": -0.12287, "dof_torques_l2": -0.00109, "dof_acc_l2": -0.10913, "dof_pos_limits": -0.01435, "episodes": 119, "base_contact": 0.22689, "pushes": 101}
it  218 steps  21430272 sps   39,782 | ep_ret   -9.03 ep_len  928.6 (n=105) | pg -0.011 vf 0.014 kl 0.0142 lr 2.6e-04
[anomaly] it 218: explained variance -1.06 < 0 after warm-up: value function not predicting returns
[anomaly] it 218: terminal-step reward dominates the episode: survival is being punished
[anomaly] it 218: returns fall as episodes lengthen (corr -0.95): the reward punishes survival
[anomaly] it 218: joint limit violated by 0.19 rad
terrain it  218 mean_level 0.2478
terms it  218 {"track_lin_vel_xy_exp": 0.42154, "track_ang_vel_z_exp": 0.22631, "feet_air_time": 0.0026, "feet_slide": -0.05404, "joint_deviation": -0.25607, "flat_orientation_l2": -0.02905, "action_rate_l2": -0.48031, "termination_penalty": -0.02857, "lin_vel_z_l2": 0.0, "ang_vel_xy_l2": -0.12573, "dof_torques_l2": -0.00112, "dof_acc_l2": -0.11223, "dof_pos_limits": -0.01476, "episodes": 105, "base_contact": 0.14286, "pushes": 100}
it  219 steps  21528576 sps   39,776 | ep_ret   -8.85 ep_len  933.8 (n=110) | pg -0.010 vf 0.015 kl 0.0168 lr 2.6e-04
[anomaly] it 219: explained variance -0.99 < 0 after warm-up: value function not predicting returns
[anomaly] it 219: terminal-step reward dominates the episode: survival is being punished
[anomaly] it 219: returns fall as episodes lengthen (corr -0.95): the reward punishes survival
[anomaly] it 219: joint limit violated by 0.16 rad
terrain it  219 mean_level 0.2581
terms it  219 {"track_lin_vel_xy_exp": 0.43991, "track_ang_vel_z_exp": 0.22882, "feet_air_time": 0.00263, "feet_slide": -0.05501, "joint_deviation": -0.25728, "flat_orientation_l2": -0.02849, "action_rate_l2": -0.48321, "termination_penalty": -0.03091, "lin_vel_z_l2": 0.0, "ang_vel_xy_l2": -0.12643, "dof_torques_l2": -0.00113, "dof_acc_l2": -0.11656, "dof_pos_limits": -0.01473, "episodes": 110, "base_contact": 0.15455, "pushes": 98}
it  220 steps  21626880 sps   39,769 | ep_ret   -8.75 ep_len  886.8 (n=106) | pg -0.010 vf 0.014 kl 0.0144 lr 1.7e-04
[anomaly] it 220: explained variance -0.43 < 0 after warm-up: value function not predicting returns
[anomaly] it 220: terminal-step reward dominates the episode: survival is being punished
[anomaly] it 220: returns fall as episodes lengthen (corr -0.94): the reward punishes survival
[anomaly] it 220: joint limit violated by 0.19 rad
terrain it  220 mean_level 0.2668
terms it  220 {"track_lin_vel_xy_exp": 0.41567, "track_ang_vel_z_exp": 0.2209, "feet_air_time": 0.00238, "feet_slide": -0.05179, "joint_deviation": -0.24475, "flat_orientation_l2": -0.02723, "action_rate_l2": -0.46002, "termination_penalty": -0.04717, "lin_vel_z_l2": 0.0, "ang_vel_xy_l2": -0.11956, "dof_torques_l2": -0.00107, "dof_acc_l2": -0.11046, "dof_pos_limits": -0.01429, "episodes": 106, "base_contact": 0.23585, "pushes": 104}
it  221 steps  21725184 sps   39,762 | ep_ret   -8.83 ep_len  960.9 (n=117) | pg -0.011 vf 0.012 kl 0.0153 lr 2.6e-04
[anomaly] it 221: explained variance -1.56 < 0 after warm-up: value function not predicting returns
[anomaly] it 221: terminal-step reward dominates the episode: survival is being punished
[anomaly] it 221: returns fall as episodes lengthen (corr -0.94): the reward punishes survival
[anomaly] it 221: joint limit violated by 0.10 rad
terrain it  221 mean_level 0.2761
terms it  221 {"track_lin_vel_xy_exp": 0.44953, "track_ang_vel_z_exp": 0.23689, "feet_air_time": 0.00266, "feet_slide": -0.05585, "joint_deviation": -0.26437, "flat_orientation_l2": -0.02825, "action_rate_l2": -0.4989, "termination_penalty": -0.02222, "lin_vel_z_l2": 0.0, "ang_vel_xy_l2": -0.12893, "dof_torques_l2": -0.00115, "dof_acc_l2": -0.11605, "dof_pos_limits": -0.01503, "episodes": 117, "base_contact": 0.11111, "pushes": 90}
it  222 steps  21823488 sps   39,754 | ep_ret   -8.38 ep_len  917.3 (n=125) | pg -0.010 vf 0.011 kl 0.0157 lr 2.6e-04
[anomaly] it 222: explained variance -0.40 < 0 after warm-up: value function not predicting returns
[anomaly] it 222: terminal-step reward dominates the episode: survival is being punished
[anomaly] it 222: returns fall as episodes lengthen (corr -0.94): the reward punishes survival
[anomaly] it 222: joint limit violated by 0.11 rad
terrain it  222 mean_level 0.2898
terms it  222 {"track_lin_vel_xy_exp": 0.43309, "track_ang_vel_z_exp": 0.22924, "feet_air_time": 0.00257, "feet_slide": -0.05277, "joint_deviation": -0.25302, "flat_orientation_l2": -0.02731, "action_rate_l2": -0.47626, "termination_penalty": -0.0288, "lin_vel_z_l2": 0.0, "ang_vel_xy_l2": -0.12162, "dof_torques_l2": -0.00109, "dof_acc_l2": -0.10848, "dof_pos_limits": -0.01434, "episodes": 125, "base_contact": 0.144, "pushes": 82}
it  223 steps  21921792 sps   39,746 | ep_ret   -8.82 ep_len  954.1 (n=111) | pg -0.011 vf 0.012 kl 0.0155 lr 2.6e-04
[anomaly] it 223: explained variance -2.45 < 0 after warm-up: value function not predicting returns
[anomaly] it 223: terminal-step reward dominates the episode: survival is being punished
[anomaly] it 223: returns fall as episodes lengthen (corr -0.93): the reward punishes survival
[anomaly] it 223: joint limit violated by 0.16 rad
terrain it  223 mean_level 0.2996
terms it  223 {"track_lin_vel_xy_exp": 0.43882, "track_ang_vel_z_exp": 0.24005, "feet_air_time": 0.0028, "feet_slide": -0.05542, "joint_deviation": -0.26269, "flat_orientation_l2": -0.02847, "action_rate_l2": -0.49566, "termination_penalty": -0.02162, "lin_vel_z_l2": 0.0, "ang_vel_xy_l2": -0.12607, "dof_torques_l2": -0.00113, "dof_acc_l2": -0.11653, "dof_pos_limits": -0.01524, "episodes": 111, "base_contact": 0.10811, "pushes": 96}
it  224 steps  22020096 sps   39,738 | ep_ret   -8.43 ep_len  922.4 (n=132) | pg -0.011 vf 0.013 kl 0.0145 lr 1.7e-04
[anomaly] it 224: explained variance -0.32 < 0 after warm-up: value function not predicting returns
[anomaly] it 224: terminal-step reward dominates the episode: survival is being punished
[anomaly] it 224: returns fall as episodes lengthen (corr -0.93): the reward punishes survival
[anomaly] it 224: joint limit violated by 0.10 rad
terrain it  224 mean_level 0.3127
terms it  224 {"track_lin_vel_xy_exp": 0.43844, "track_ang_vel_z_exp": 0.2319, "feet_air_time": 0.00268, "feet_slide": -0.05328, "joint_deviation": -0.25497, "flat_orientation_l2": -0.02771, "action_rate_l2": -0.47972, "termination_penalty": -0.03333, "lin_vel_z_l2": 0.0, "ang_vel_xy_l2": -0.12044, "dof_torques_l2": -0.00109, "dof_acc_l2": -0.10953, "dof_pos_limits": -0.01465, "episodes": 132, "base_contact": 0.16667, "pushes": 81}
it  225 steps  22118400 sps   39,730 | ep_ret   -7.89 ep_len  936.4 (n=133) | pg -0.011 vf 0.012 kl 0.0155 lr 2.6e-04
[anomaly] it 225: explained variance -0.48 < 0 after warm-up: value function not predicting returns
[anomaly] it 225: terminal-step reward dominates the episode: survival is being punished
[anomaly] it 225: returns fall as episodes lengthen (corr -0.92): the reward punishes survival
[anomaly] it 225: joint limit violated by 0.32 rad
terrain it  225 mean_level 0.3262
terms it  225 {"track_lin_vel_xy_exp": 0.4634, "track_ang_vel_z_exp": 0.23922, "feet_air_time": 0.00263, "feet_slide": -0.05431, "joint_deviation": -0.25828, "flat_orientation_l2": -0.02646, "action_rate_l2": -0.48642, "termination_penalty": -0.02707, "lin_vel_z_l2": 0.0, "ang_vel_xy_l2": -0.12167, "dof_torques_l2": -0.0011, "dof_acc_l2": -0.10964, "dof_pos_limits": -0.01476, "episodes": 133, "base_contact": 0.13534, "pushes": 96}
it  226 steps  22216704 sps   39,724 | ep_ret   -8.51 ep_len  943.2 (n=127) | pg -0.010 vf 0.012 kl 0.0141 lr 1.7e-04
[anomaly] it 226: explained variance -0.52 < 0 after warm-up: value function not predicting returns
[anomaly] it 226: terminal-step reward dominates the episode: survival is being punished
[anomaly] it 226: returns fall as episodes lengthen (corr -0.91): the reward punishes survival
[anomaly] it 226: joint limit violated by 0.10 rad
terrain it  226 mean_level 0.3398
terms it  226 {"track_lin_vel_xy_exp": 0.43834, "track_ang_vel_z_exp": 0.23739, "feet_air_time": 0.00267, "feet_slide": -0.05433, "joint_deviation": -0.25911, "flat_orientation_l2": -0.02782, "action_rate_l2": -0.49174, "termination_penalty": -0.02362, "lin_vel_z_l2": 0.0, "ang_vel_xy_l2": -0.12208, "dof_torques_l2": -0.00112, "dof_acc_l2": -0.10903, "dof_pos_limits": -0.01496, "episodes": 127, "base_contact": 0.11811, "pushes": 82}
it  227 steps  22315008 sps   39,718 | ep_ret   -7.89 ep_len  964.1 (n=128) | pg -0.012 vf 0.012 kl 0.0156 lr 1.7e-04
[anomaly] it 227: explained variance -0.74 < 0 after warm-up: value function not predicting returns
[anomaly] it 227: terminal-step reward dominates the episode: survival is being punished
[anomaly] it 227: returns fall as episodes lengthen (corr -0.90): the reward punishes survival
[anomaly] it 227: joint limit violated by 0.09 rad
terrain it  227 mean_level 0.3547
terms it  227 {"track_lin_vel_xy_exp": 0.47347, "track_ang_vel_z_exp": 0.24531, "feet_air_time": 0.00284, "feet_slide": -0.0554, "joint_deviation": -0.26482, "flat_orientation_l2": -0.02658, "action_rate_l2": -0.50127, "termination_penalty": -0.01875, "lin_vel_z_l2": 0.0, "ang_vel_xy_l2": -0.1227, "dof_torques_l2": -0.00111, "dof_acc_l2": -0.11055, "dof_pos_limits": -0.01504, "episodes": 128, "base_contact": 0.09375, "pushes": 82}
it  228 steps  22413312 sps   39,711 | ep_ret   -7.93 ep_len  953.4 (n=104) | pg -0.012 vf 0.012 kl 0.0148 lr 1.7e-04
[anomaly] it 228: explained variance -1.38 < 0 after warm-up: value function not predicting returns
[anomaly] it 228: terminal-step reward dominates the episode: survival is being punished
[anomaly] it 228: returns fall as episodes lengthen (corr -0.89): the reward punishes survival
[anomaly] it 228: joint limit violated by 0.17 rad
terrain it  228 mean_level 0.3643
terms it  228 {"track_lin_vel_xy_exp": 0.46104, "track_ang_vel_z_exp": 0.24363, "feet_air_time": 0.00278, "feet_slide": -0.05454, "joint_deviation": -0.26193, "flat_orientation_l2": -0.02614, "action_rate_l2": -0.49717, "termination_penalty": -0.01923, "lin_vel_z_l2": 0.0, "ang_vel_xy_l2": -0.12058, "dof_torques_l2": -0.00111, "dof_acc_l2": -0.10825, "dof_pos_limits": -0.01511, "episodes": 104, "base_contact": 0.09615, "pushes": 86}
it  229 steps  22511616 sps   39,705 | ep_ret   -8.05 ep_len  923.5 (n=131) | pg -0.009 vf 0.013 kl 0.0149 lr 1.7e-04
[anomaly] it 229: explained variance -0.52 < 0 after warm-up: value function not predicting returns
[anomaly] it 229: terminal-step reward dominates the episode: survival is being punished
[anomaly] it 229: returns fall as episodes lengthen (corr -0.89): the reward punishes survival
[anomaly] it 229: joint limit violated by 0.10 rad
terrain it  229 mean_level 0.3745
terms it  229 {"track_lin_vel_xy_exp": 0.43981, "track_ang_vel_z_exp": 0.23639, "feet_air_time": 0.00264, "feet_slide": -0.05266, "joint_deviation": -0.25341, "flat_orientation_l2": -0.02562, "action_rate_l2": -0.48128, "termination_penalty": -0.02901, "lin_vel_z_l2": 0.0, "ang_vel_xy_l2": -0.11709, "dof_torques_l2": -0.00107, "dof_acc_l2": -0.10637, "dof_pos_limits": -0.01461, "episodes": 131, "base_contact": 0.14504, "pushes": 85}
it  230 steps  22609920 sps   39,698 | ep_ret   -8.06 ep_len  940.0 (n=129) | pg -0.010 vf 0.015 kl 0.0142 lr 1.7e-04
[anomaly] it 230: explained variance -0.63 < 0 after warm-up: value function not predicting returns
[anomaly] it 230: terminal-step reward dominates the episode: survival is being punished
[anomaly] it 230: returns fall as episodes lengthen (corr -0.88): the reward punishes survival
[anomaly] it 230: joint limit violated by 0.10 rad
terrain it  230 mean_level 0.3865
terms it  230 {"track_lin_vel_xy_exp": 0.4535, "track_ang_vel_z_exp": 0.24109, "feet_air_time": 0.0028, "feet_slide": -0.05372, "joint_deviation": -0.25834, "flat_orientation_l2": -0.02687, "action_rate_l2": -0.48963, "termination_penalty": -0.03101, "lin_vel_z_l2": 0.0, "ang_vel_xy_l2": -0.11781, "dof_torques_l2": -0.0011, "dof_acc_l2": -0.10658, "dof_pos_limits": -0.01516, "episodes": 129, "base_contact": 0.15504, "pushes": 80}
it  231 steps  22708224 sps   39,692 | ep_ret   -7.74 ep_len  918.7 (n=117) | pg -0.008 vf 0.015 kl 0.0115 lr 1.7e-04
[anomaly] it 231: explained variance -0.85 < 0 after warm-up: value function not predicting returns
[anomaly] it 231: terminal-step reward dominates the episode: survival is being punished
[anomaly] it 231: returns fall as episodes lengthen (corr -0.87): the reward punishes survival
[anomaly] it 231: joint limit violated by 0.10 rad
terrain it  231 mean_level 0.3997
terms it  231 {"track_lin_vel_xy_exp": 0.45336, "track_ang_vel_z_exp": 0.23844, "feet_air_time": 0.00269, "feet_slide": -0.05264, "joint_deviation": -0.2525, "flat_orientation_l2": -0.02622, "action_rate_l2": -0.47944, "termination_penalty": -0.03419, "lin_vel_z_l2": 0.0, "ang_vel_xy_l2": -0.11521, "dof_torques_l2": -0.00108, "dof_acc_l2": -0.10552, "dof_pos_limits": -0.01492, "episodes": 117, "base_contact": 0.17094, "pushes": 80}
it  232 steps  22806528 sps   39,687 | ep_ret   -7.71 ep_len  928.3 (n=118) | pg -0.010 vf 0.014 kl 0.0158 lr 2.6e-04
[anomaly] it 232: explained variance -0.78 < 0 after warm-up: value function not predicting returns
[anomaly] it 232: terminal-step reward dominates the episode: survival is being punished
[anomaly] it 232: returns fall as episodes lengthen (corr -0.86): the reward punishes survival
[anomaly] it 232: joint limit violated by 0.16 rad
terrain it  232 mean_level 0.4124
terms it  232 {"track_lin_vel_xy_exp": 0.45471, "track_ang_vel_z_exp": 0.23931, "feet_air_time": 0.00267, "feet_slide": -0.05304, "joint_deviation": -0.25494, "flat_orientation_l2": -0.02493, "action_rate_l2": -0.48407, "termination_penalty": -0.02881, "lin_vel_z_l2": 0.0, "ang_vel_xy_l2": -0.11476, "dof_torques_l2": -0.00107, "dof_acc_l2": -0.10604, "dof_pos_limits": -0.01474, "episodes": 118, "base_contact": 0.14407, "pushes": 90}
it  233 steps  22904832 sps   39,681 | ep_ret   -7.77 ep_len  917.1 (n=112) | pg -0.009 vf 0.013 kl 0.0155 lr 2.6e-04
[anomaly] it 233: explained variance -0.70 < 0 after warm-up: value function not predicting returns
[anomaly] it 233: terminal-step reward dominates the episode: survival is being punished
[anomaly] it 233: returns fall as episodes lengthen (corr -0.84): the reward punishes survival
[anomaly] it 233: joint limit violated by 0.39 rad
terrain it  233 mean_level 0.4209
terms it  233 {"track_lin_vel_xy_exp": 0.44826, "track_ang_vel_z_exp": 0.23723, "feet_air_time": 0.00257, "feet_slide": -0.05243, "joint_deviation": -0.25139, "flat_orientation_l2": -0.02539, "action_rate_l2": -0.47854, "termination_penalty": -0.03393, "lin_vel_z_l2": 0.0, "ang_vel_xy_l2": -0.11389, "dof_torques_l2": -0.00107, "dof_acc_l2": -0.10485, "dof_pos_limits": -0.01505, "episodes": 112, "base_contact": 0.16964, "pushes": 91}
it  234 steps  23003136 sps   39,675 | ep_ret   -7.36 ep_len  911.4 (n=95) | pg -0.009 vf 0.016 kl 0.0159 lr 3.8e-04
[anomaly] it 234: explained variance -0.52 < 0 after warm-up: value function not predicting returns
[anomaly] it 234: terminal-step reward dominates the episode: survival is being punished
[anomaly] it 234: returns fall as episodes lengthen (corr -0.83): the reward punishes survival
[anomaly] it 234: joint limit violated by 0.13 rad
terrain it  234 mean_level 0.4287
terms it  234 {"track_lin_vel_xy_exp": 0.46204, "track_ang_vel_z_exp": 0.2383, "feet_air_time": 0.00257, "feet_slide": -0.05173, "joint_deviation": -0.2499, "flat_orientation_l2": -0.02579, "action_rate_l2": -0.4753, "termination_penalty": -0.04, "lin_vel_z_l2": 0.0, "ang_vel_xy_l2": -0.11113, "dof_torques_l2": -0.00105, "dof_acc_l2": -0.10161, "dof_pos_limits": -0.01461, "episodes": 95, "base_contact": 0.2, "pushes": 88}
it  235 steps  23101440 sps   39,668 | ep_ret   -7.66 ep_len  915.7 (n=94) | pg -0.008 vf 0.015 kl 0.0154 lr 2.6e-04
[anomaly] it 235: explained variance -0.76 < 0 after warm-up: value function not predicting returns
[anomaly] it 235: terminal-step reward dominates the episode: survival is being punished
[anomaly] it 235: returns fall as episodes lengthen (corr -0.82): the reward punishes survival
[anomaly] it 235: joint limit violated by 0.13 rad
terrain it  235 mean_level 0.4363
terms it  235 {"track_lin_vel_xy_exp": 0.44277, "track_ang_vel_z_exp": 0.23959, "feet_air_time": 0.00271, "feet_slide": -0.05201, "joint_deviation": -0.25058, "flat_orientation_l2": -0.02529, "action_rate_l2": -0.47754, "termination_penalty": -0.03191, "lin_vel_z_l2": 0.0, "ang_vel_xy_l2": -0.11111, "dof_torques_l2": -0.00107, "dof_acc_l2": -0.10372, "dof_pos_limits": -0.01474, "episodes": 94, "base_contact": 0.15957, "pushes": 85}
it  236 steps  23199744 sps   39,661 | ep_ret   -7.65 ep_len  935.6 (n=118) | pg -0.010 vf 0.015 kl 0.0147 lr 1.1e-04
[anomaly] it 236: explained variance -1.33 < 0 after warm-up: value function not predicting returns
[anomaly] it 236: terminal-step reward dominates the episode: survival is being punished
[anomaly] it 236: returns fall as episodes lengthen (corr -0.80): the reward punishes survival
[anomaly] it 236: joint limit violated by 0.13 rad
terrain it  236 mean_level 0.4458
terms it  236 {"track_lin_vel_xy_exp": 0.46287, "track_ang_vel_z_exp": 0.2438, "feet_air_time": 0.00277, "feet_slide": -0.05304, "joint_deviation": -0.25641, "flat_orientation_l2": -0.02681, "action_rate_l2": -0.48857, "termination_penalty": -0.0322, "lin_vel_z_l2": 0.0, "ang_vel_xy_l2": -0.11273, "dof_torques_l2": -0.00108, "dof_acc_l2": -0.10578, "dof_pos_limits": -0.01539, "episodes": 118, "base_contact": 0.16102, "pushes": 104}
it  237 steps  23298048 sps   39,655 | ep_ret   -7.55 ep_len  880.8 (n=104) | pg -0.011 vf 0.011 kl 0.0129 lr 2.6e-04
[anomaly] it 237: explained variance -0.44 < 0 after warm-up: value function not predicting returns
[anomaly] it 237: terminal-step reward dominates the episode: survival is being punished
[anomaly] it 237: returns fall as episodes lengthen (corr -0.79): the reward punishes survival
[anomaly] it 237: joint limit violated by 0.14 rad
terrain it  237 mean_level 0.4551
terms it  237 {"track_lin_vel_xy_exp": 0.43246, "track_ang_vel_z_exp": 0.23081, "feet_air_time": 0.00264, "feet_slide": -0.04958, "joint_deviation": -0.24047, "flat_orientation_l2": -0.02636, "action_rate_l2": -0.46005, "termination_penalty": -0.04615, "lin_vel_z_l2": 0.0, "ang_vel_xy_l2": -0.10554, "dof_torques_l2": -0.00103, "dof_acc_l2": -0.09973, "dof_pos_limits": -0.01437, "episodes": 104, "base_contact": 0.23077, "pushes": 83}
it  238 steps  23396352 sps   39,649 | ep_ret   -7.27 ep_len  907.4 (n=92) | pg -0.009 vf 0.013 kl 0.0151 lr 2.6e-04
[anomaly] it 238: explained variance -1.03 < 0 after warm-up: value function not predicting returns
[anomaly] it 238: terminal-step reward dominates the episode: survival is being punished
[anomaly] it 238: returns fall as episodes lengthen (corr -0.77): the reward punishes survival
[anomaly] it 238: joint limit violated by 0.23 rad
terrain it  238 mean_level 0.4634
terms it  238 {"track_lin_vel_xy_exp": 0.45506, "track_ang_vel_z_exp": 0.23879, "feet_air_time": 0.00283, "feet_slide": -0.05169, "joint_deviation": -0.24778, "flat_orientation_l2": -0.02495, "action_rate_l2": -0.47362, "termination_penalty": -0.03261, "lin_vel_z_l2": 0.0, "ang_vel_xy_l2": -0.10828, "dof_torques_l2": -0.00105, "dof_acc_l2": -0.10545, "dof_pos_limits": -0.01494, "episodes": 92, "base_contact": 0.16304, "pushes": 81}
it  239 steps  23494656 sps   39,643 | ep_ret   -7.40 ep_len  929.0 (n=105) | pg -0.009 vf 0.014 kl 0.0171 lr 2.6e-04
[anomaly] it 239: explained variance -0.88 < 0 after warm-up: value function not predicting returns
[anomaly] it 239: terminal-step reward dominates the episode: survival is being punished
[anomaly] it 239: returns fall as episodes lengthen (corr -0.75): the reward punishes survival
[anomaly] it 239: joint limit violated by 0.12 rad
terrain it  239 mean_level 0.4756
terms it  239 {"track_lin_vel_xy_exp": 0.46026, "track_ang_vel_z_exp": 0.24438, "feet_air_time": 0.00281, "feet_slide": -0.0524, "joint_deviation": -0.25418, "flat_orientation_l2": -0.02587, "action_rate_l2": -0.4861, "termination_penalty": -0.02667, "lin_vel_z_l2": 0.0, "ang_vel_xy_l2": -0.11129, "dof_torques_l2": -0.00109, "dof_acc_l2": -0.10447, "dof_pos_limits": -0.01545, "episodes": 105, "base_contact": 0.13333, "pushes": 120}
it  240 steps  23592960 sps   39,637 | ep_ret   -6.86 ep_len  906.2 (n=94) | pg -0.010 vf 0.012 kl 0.0168 lr 3.8e-04
[anomaly] it 240: explained variance -0.93 < 0 after warm-up: value function not predicting returns
[anomaly] it 240: terminal-step reward dominates the episode: survival is being punished
[anomaly] it 240: returns fall as episodes lengthen (corr -0.72): the reward punishes survival
[anomaly] it 240: joint limit violated by 0.12 rad
terrain it  240 mean_level 0.4844
terms it  240 {"track_lin_vel_xy_exp": 0.47215, "track_ang_vel_z_exp": 0.23736, "feet_air_time": 0.00257, "feet_slide": -0.0513, "joint_deviation": -0.24653, "flat_orientation_l2": -0.02523, "action_rate_l2": -0.47394, "termination_penalty": -0.03404, "lin_vel_z_l2": 0.0, "ang_vel_xy_l2": -0.1072, "dof_torques_l2": -0.00105, "dof_acc_l2": -0.10108, "dof_pos_limits": -0.0149, "episodes": 94, "base_contact": 0.17021, "pushes": 90}
it  241 steps  23691264 sps   39,630 | ep_ret   -7.08 ep_len  913.5 (n=100) | pg -0.009 vf 0.012 kl 0.0152 lr 2.6e-04
[anomaly] it 241: explained variance -1.27 < 0 after warm-up: value function not predicting returns
[anomaly] it 241: terminal-step reward dominates the episode: survival is being punished
[anomaly] it 241: returns fall as episodes lengthen (corr -0.70): the reward punishes survival
[anomaly] it 241: joint limit violated by 0.13 rad
terrain it  241 mean_level 0.4944
terms it  241 {"track_lin_vel_xy_exp": 0.45626, "track_ang_vel_z_exp": 0.23821, "feet_air_time": 0.00275, "feet_slide": -0.05118, "joint_deviation": -0.24788, "flat_orientation_l2": -0.02369, "action_rate_l2": -0.47801, "termination_penalty": -0.028, "lin_vel_z_l2": 0.0, "ang_vel_xy_l2": -0.10667, "dof_torques_l2": -0.00105, "dof_acc_l2": -0.09971, "dof_pos_limits": -0.0151, "episodes": 100, "base_contact": 0.14, "pushes": 88}
it  242 steps  23789568 sps   39,624 | ep_ret   -7.20 ep_len  949.0 (n=108) | pg -0.010 vf 0.014 kl 0.0144 lr 2.6e-04
[anomaly] it 242: explained variance -0.86 < 0 after warm-up: value function not predicting returns
[anomaly] it 242: terminal-step reward dominates the episode: survival is being punished
[anomaly] it 242: returns fall as episodes lengthen (corr -0.67): the reward punishes survival
[anomaly] it 242: joint limit violated by 0.10 rad
terrain it  242 mean_level 0.5071
terms it  242 {"track_lin_vel_xy_exp": 0.47567, "track_ang_vel_z_exp": 0.25505, "feet_air_time": 0.00276, "feet_slide": -0.0535, "joint_deviation": -0.25808, "flat_orientation_l2": -0.02522, "action_rate_l2": -0.49682, "termination_penalty": -0.02407, "lin_vel_z_l2": 0.0, "ang_vel_xy_l2": -0.11186, "dof_torques_l2": -0.00109, "dof_acc_l2": -0.10731, "dof_pos_limits": -0.01574, "episodes": 108, "base_contact": 0.12037, "pushes": 98}
it  243 steps  23887872 sps   39,618 | ep_ret   -6.83 ep_len  938.1 (n=88) | pg -0.008 vf 0.013 kl 0.0155 lr 2.6e-04
[anomaly] it 243: explained variance -1.10 < 0 after warm-up: value function not predicting returns
[anomaly] it 243: terminal-step reward dominates the episode: survival is being punished
[anomaly] it 243: returns fall as episodes lengthen (corr -0.64): the reward punishes survival
[anomaly] it 243: joint limit violated by 0.12 rad
terrain it  243 mean_level 0.5168
terms it  243 {"track_lin_vel_xy_exp": 0.48428, "track_ang_vel_z_exp": 0.24879, "feet_air_time": 0.0028, "feet_slide": -0.05279, "joint_deviation": -0.25527, "flat_orientation_l2": -0.02509, "action_rate_l2": -0.4907, "termination_penalty": -0.02273, "lin_vel_z_l2": 0.0, "ang_vel_xy_l2": -0.10978, "dof_torques_l2": -0.00109, "dof_acc_l2": -0.10451, "dof_pos_limits": -0.01542, "episodes": 88, "base_contact": 0.11364, "pushes": 84}
it  244 steps  23986176 sps   39,613 | ep_ret   -6.77 ep_len  915.1 (n=94) | pg -0.010 vf 0.015 kl 0.0155 lr 1.7e-04
[anomaly] it 244: explained variance -1.32 < 0 after warm-up: value function not predicting returns
[anomaly] it 244: terminal-step reward dominates the episode: survival is being punished
[anomaly] it 244: returns fall as episodes lengthen (corr -0.60): the reward punishes survival
[anomaly] it 244: joint limit violated by 0.25 rad
[anomaly] it 244: contact penetration 2.3 cm
terrain it  244 mean_level 0.5271
terms it  244 {"track_lin_vel_xy_exp": 0.46546, "track_ang_vel_z_exp": 0.24418, "feet_air_time": 0.00279, "feet_slide": -0.05193, "joint_deviation": -0.24829, "flat_orientation_l2": -0.02347, "action_rate_l2": -0.47837, "termination_penalty": -0.02553, "lin_vel_z_l2": 0.0, "ang_vel_xy_l2": -0.10483, "dof_torques_l2": -0.00104, "dof_acc_l2": -0.10246, "dof_pos_limits": -0.01499, "episodes": 94, "base_contact": 0.12766, "pushes": 107}
it  245 steps  24084480 sps   39,607 | ep_ret   -6.95 ep_len  910.4 (n=80) | pg -0.010 vf 0.013 kl 0.0155 lr 1.7e-04
[anomaly] it 245: explained variance -0.68 < 0 after warm-up: value function not predicting returns
[anomaly] it 245: terminal-step reward dominates the episode: survival is being punished
[anomaly] it 245: joint limit violated by 0.14 rad
terrain it  245 mean_level 0.5356
terms it  245 {"track_lin_vel_xy_exp": 0.46667, "track_ang_vel_z_exp": 0.24761, "feet_air_time": 0.00276, "feet_slide": -0.05103, "joint_deviation": -0.24659, "flat_orientation_l2": -0.02517, "action_rate_l2": -0.47667, "termination_penalty": -0.04, "lin_vel_z_l2": 0.0, "ang_vel_xy_l2": -0.10565, "dof_torques_l2": -0.00105, "dof_acc_l2": -0.10297, "dof_pos_limits": -0.01532, "episodes": 80, "base_contact": 0.2, "pushes": 86}
it  246 steps  24182784 sps   39,602 | ep_ret   -6.77 ep_len  921.5 (n=98) | pg -0.010 vf 0.013 kl 0.0169 lr 1.7e-04
[anomaly] it 246: explained variance -0.30 < 0 after warm-up: value function not predicting returns
[anomaly] it 246: terminal-step reward dominates the episode: survival is being punished
[anomaly] it 246: joint limit violated by 0.12 rad
terrain it  246 mean_level 0.5437
terms it  246 {"track_lin_vel_xy_exp": 0.48501, "track_ang_vel_z_exp": 0.24853, "feet_air_time": 0.0028, "feet_slide": -0.05169, "joint_deviation": -0.24962, "flat_orientation_l2": -0.02529, "action_rate_l2": -0.483, "termination_penalty": -0.03878, "lin_vel_z_l2": 0.0, "ang_vel_xy_l2": -0.10701, "dof_torques_l2": -0.00107, "dof_acc_l2": -0.10274, "dof_pos_limits": -0.01582, "episodes": 98, "base_contact": 0.19388, "pushes": 109}
it  247 steps  24281088 sps   39,597 | ep_ret   -6.16 ep_len  961.1 (n=91) | pg -0.009 vf 0.014 kl 0.0164 lr 2.6e-04
[anomaly] it 247: explained variance -1.95 < 0 after warm-up: value function not predicting returns
[anomaly] it 247: terminal-step reward dominates the episode: survival is being punished
[anomaly] it 247: joint limit violated by 0.22 rad
terrain it  247 mean_level 0.5544
terms it  247 {"track_lin_vel_xy_exp": 0.52022, "track_ang_vel_z_exp": 0.25818, "feet_air_time": 0.00284, "feet_slide": -0.05343, "joint_deviation": -0.26064, "flat_orientation_l2": -0.02358, "action_rate_l2": -0.50227, "termination_penalty": -0.01978, "lin_vel_z_l2": 0.0, "ang_vel_xy_l2": -0.10873, "dof_torques_l2": -0.00108, "dof_acc_l2": -0.10408, "dof_pos_limits": -0.01568, "episodes": 91, "base_contact": 0.0989, "pushes": 111}
it  248 steps  24379392 sps   39,589 | ep_ret   -6.47 ep_len  908.3 (n=91) | pg -0.010 vf 0.013 kl 0.0156 lr 2.6e-04
[anomaly] it 248: explained variance -0.61 < 0 after warm-up: value function not predicting returns
[anomaly] it 248: terminal-step reward dominates the episode: survival is being punished
[anomaly] it 248: joint limit violated by 0.21 rad
terrain it  248 mean_level 0.5632
terms it  248 {"track_lin_vel_xy_exp": 0.47087, "track_ang_vel_z_exp": 0.24553, "feet_air_time": 0.00287, "feet_slide": -0.05058, "joint_deviation": -0.24578, "flat_orientation_l2": -0.0239, "action_rate_l2": -0.47487, "termination_penalty": -0.03077, "lin_vel_z_l2": 0.0, "ang_vel_xy_l2": -0.10214, "dof_torques_l2": -0.00103, "dof_acc_l2": -0.09826, "dof_pos_limits": -0.01553, "episodes": 91, "base_contact": 0.15385, "pushes": 114}
it  249 steps  24477696 sps   39,581 | ep_ret   -6.76 ep_len  911.8 (n=89) | pg -0.007 vf 0.013 kl 0.0139 lr 1.7e-04
[anomaly] it 249: explained variance -0.82 < 0 after warm-up: value function not predicting returns
[anomaly] it 249: terminal-step reward dominates the episode: survival is being punished
[anomaly] it 249: joint limit violated by 0.10 rad
terrain it  249 mean_level 0.5698
terms it  249 {"track_lin_vel_xy_exp": 0.4697, "track_ang_vel_z_exp": 0.24481, "feet_air_time": 0.00287, "feet_slide": -0.05119, "joint_deviation": -0.24722, "flat_orientation_l2": -0.02453, "action_rate_l2": -0.47802, "termination_penalty": -0.03371, "lin_vel_z_l2": 0.0, "ang_vel_xy_l2": -0.10398, "dof_torques_l2": -0.00104, "dof_acc_l2": -0.09979, "dof_pos_limits": -0.01573, "episodes": 89, "base_contact": 0.16854, "pushes": 113}
it  250 steps  24576000 sps   39,574 | ep_ret   -6.67 ep_len  948.4 (n=97) | pg -0.010 vf 0.015 kl 0.0137 lr 2.6e-04
[anomaly] it 250: explained variance -1.09 < 0 after warm-up: value function not predicting returns
[anomaly] it 250: terminal-step reward dominates the episode: survival is being punished
[anomaly] it 250: joint limit violated by 0.15 rad
terrain it  250 mean_level 0.5796
terms it  250 {"track_lin_vel_xy_exp": 0.49165, "track_ang_vel_z_exp": 0.25615, "feet_air_time": 0.00291, "feet_slide": -0.05243, "joint_deviation": -0.25623, "flat_orientation_l2": -0.02495, "action_rate_l2": -0.49682, "termination_penalty": -0.02474, "lin_vel_z_l2": 0.0, "ang_vel_xy_l2": -0.10747, "dof_torques_l2": -0.00109, "dof_acc_l2": -0.10429, "dof_pos_limits": -0.01607, "episodes": 97, "base_contact": 0.12371, "pushes": 120}
it  251 steps  24674304 sps   39,568 | ep_ret   -6.52 ep_len  904.5 (n=95) | pg -0.010 vf 0.013 kl 0.0161 lr 1.7e-04
[anomaly] it 251: explained variance -0.59 < 0 after warm-up: value function not predicting returns
[anomaly] it 251: terminal-step reward dominates the episode: survival is being punished
[anomaly] it 251: joint limit violated by 0.13 rad
terrain it  251 mean_level 0.5906
terms it  251 {"track_lin_vel_xy_exp": 0.48069, "track_ang_vel_z_exp": 0.24637, "feet_air_time": 0.00266, "feet_slide": -0.05013, "joint_deviation": -0.24542, "flat_orientation_l2": -0.02367, "action_rate_l2": -0.47455, "termination_penalty": -0.04421, "lin_vel_z_l2": 0.0, "ang_vel_xy_l2": -0.10195, "dof_torques_l2": -0.00104, "dof_acc_l2": -0.09897, "dof_pos_limits": -0.01563, "episodes": 95, "base_contact": 0.22105, "pushes": 125}
it  252 steps  24772608 sps   39,562 | ep_ret   -6.36 ep_len  945.3 (n=89) | pg -0.008 vf 0.013 kl 0.0144 lr 2.6e-04
[anomaly] it 252: explained variance -3.59 < 0 after warm-up: value function not predicting returns
[anomaly] it 252: terminal-step reward dominates the episode: survival is being punished
[anomaly] it 252: joint limit violated by 0.11 rad
terrain it  252 mean_level 0.6018
terms it  252 {"track_lin_vel_xy_exp": 0.50103, "track_ang_vel_z_exp": 0.25346, "feet_air_time": 0.00297, "feet_slide": -0.05279, "joint_deviation": -0.25586, "flat_orientation_l2": -0.02552, "action_rate_l2": -0.49534, "termination_penalty": -0.02022, "lin_vel_z_l2": 0.0, "ang_vel_xy_l2": -0.10497, "dof_torques_l2": -0.00108, "dof_acc_l2": -0.10325, "dof_pos_limits": -0.01655, "episodes": 89, "base_contact": 0.10112, "pushes": 108}
it  253 steps  24870912 sps   39,556 | ep_ret   -6.17 ep_len  916.8 (n=106) | pg -0.009 vf 0.013 kl 0.0174 lr 2.6e-04
[anomaly] it 253: explained variance -0.40 < 0 after warm-up: value function not predicting returns
[anomaly] it 253: terminal-step reward dominates the episode: survival is being punished
[anomaly] it 253: joint limit violated by 0.13 rad
terrain it  253 mean_level 0.6147
terms it  253 {"track_lin_vel_xy_exp": 0.49602, "track_ang_vel_z_exp": 0.25232, "feet_air_time": 0.00274, "feet_slide": -0.05054, "joint_deviation": -0.24756, "flat_orientation_l2": -0.0251, "action_rate_l2": -0.47971, "termination_penalty": -0.03962, "lin_vel_z_l2": 0.0, "ang_vel_xy_l2": -0.1018, "dof_torques_l2": -0.00104, "dof_acc_l2": -0.09878, "dof_pos_limits": -0.01564, "episodes": 106, "base_contact": 0.19811, "pushes": 122}
it  254 steps  24969216 sps   39,550 | ep_ret   -5.88 ep_len  912.7 (n=87) | pg -0.010 vf 0.013 kl 0.0154 lr 2.6e-04
[anomaly] it 254: explained variance -0.44 < 0 after warm-up: value function not predicting returns
[anomaly] it 254: terminal-step reward dominates the episode: survival is being punished
[anomaly] it 254: joint limit violated by 0.10 rad
terrain it  254 mean_level 0.6252
terms it  254 {"track_lin_vel_xy_exp": 0.50408, "track_ang_vel_z_exp": 0.2524, "feet_air_time": 0.00282, "feet_slide": -0.05014, "joint_deviation": -0.24626, "flat_orientation_l2": -0.02415, "action_rate_l2": -0.47771, "termination_penalty": -0.03908, "lin_vel_z_l2": 0.0, "ang_vel_xy_l2": -0.10103, "dof_torques_l2": -0.00104, "dof_acc_l2": -0.09805, "dof_pos_limits": -0.01585, "episodes": 87, "base_contact": 0.1954, "pushes": 130}
it  255 steps  25067520 sps   39,544 | ep_ret   -5.80 ep_len  951.2 (n=90) | pg -0.009 vf 0.014 kl 0.0169 lr 3.8e-04
[anomaly] it 255: explained variance -1.94 < 0 after warm-up: value function not predicting returns
[anomaly] it 255: terminal-step reward dominates the episode: survival is being punished
[anomaly] it 255: joint limit violated by 0.18 rad
terrain it  255 mean_level 0.6362
terms it  255 {"track_lin_vel_xy_exp": 0.51932, "track_ang_vel_z_exp": 0.26121, "feet_air_time": 0.00313, "feet_slide": -0.05186, "joint_deviation": -0.25649, "flat_orientation_l2": -0.02455, "action_rate_l2": -0.49879, "termination_penalty": -0.02, "lin_vel_z_l2": 0.0, "ang_vel_xy_l2": -0.1047, "dof_torques_l2": -0.00108, "dof_acc_l2": -0.09951, "dof_pos_limits": -0.01657, "episodes": 90, "base_contact": 0.1, "pushes": 103}
it  256 steps  25165824 sps   39,537 | ep_ret   -6.08 ep_len  933.3 (n=126) | pg -0.008 vf 0.013 kl 0.0144 lr 1.1e-04
[anomaly] it 256: explained variance -0.56 < 0 after warm-up: value function not predicting returns
[anomaly] it 256: terminal-step reward dominates the episode: survival is being punished
[anomaly] it 256: joint limit violated by 0.27 rad
terrain it  256 mean_level 0.6506
terms it  256 {"track_lin_vel_xy_exp": 0.50551, "track_ang_vel_z_exp": 0.25581, "feet_air_time": 0.00287, "feet_slide": -0.05135, "joint_deviation": -0.25205, "flat_orientation_l2": -0.02471, "action_rate_l2": -0.48869, "termination_penalty": -0.03175, "lin_vel_z_l2": 0.0, "ang_vel_xy_l2": -0.10194, "dof_torques_l2": -0.00106, "dof_acc_l2": -0.10023, "dof_pos_limits": -0.01624, "episodes": 126, "base_contact": 0.15873, "pushes": 99}
it  257 steps  25264128 sps   39,531 | ep_ret   -5.39 ep_len  956.0 (n=97) | pg -0.010 vf 0.013 kl 0.0144 lr 2.6e-04
[anomaly] it 257: explained variance -0.59 < 0 after warm-up: value function not predicting returns
[anomaly] it 257: terminal-step reward dominates the episode: survival is being punished
[anomaly] it 257: joint limit violated by 0.12 rad
terrain it  257 mean_level 0.6614
terms it  257 {"track_lin_vel_xy_exp": 0.54035, "track_ang_vel_z_exp": 0.26504, "feet_air_time": 0.00297, "feet_slide": -0.05213, "joint_deviation": -0.25738, "flat_orientation_l2": -0.02506, "action_rate_l2": -0.50023, "termination_penalty": -0.02062, "lin_vel_z_l2": 0.0, "ang_vel_xy_l2": -0.10387, "dof_torques_l2": -0.00108, "dof_acc_l2": -0.10095, "dof_pos_limits": -0.01638, "episodes": 97, "base_contact": 0.10309, "pushes": 99}
it  258 steps  25362432 sps   39,523 | ep_ret   -5.23 ep_len  941.2 (n=96) | pg -0.010 vf 0.014 kl 0.0164 lr 2.6e-04
[anomaly] it 258: explained variance -1.71 < 0 after warm-up: value function not predicting returns
[anomaly] it 258: terminal-step reward dominates the episode: survival is being punished
[anomaly] it 258: joint limit violated by 0.13 rad
terrain it  258 mean_level 0.6716
terms it  258 {"track_lin_vel_xy_exp": 0.52507, "track_ang_vel_z_exp": 0.26597, "feet_air_time": 0.00308, "feet_slide": -0.05076, "joint_deviation": -0.25375, "flat_orientation_l2": -0.02501, "action_rate_l2": -0.4924, "termination_penalty": -0.01667, "lin_vel_z_l2": 0.0, "ang_vel_xy_l2": -0.10125, "dof_torques_l2": -0.00105, "dof_acc_l2": -0.09842, "dof_pos_limits": -0.01614, "episodes": 96, "base_contact": 0.08333, "pushes": 104}
it  259 steps  25460736 sps   39,518 | ep_ret   -5.67 ep_len  943.4 (n=98) | pg -0.009 vf 0.015 kl 0.0142 lr 2.6e-04
[anomaly] it 259: explained variance -1.77 < 0 after warm-up: value function not predicting returns
[anomaly] it 259: terminal-step reward dominates the episode: survival is being punished
[anomaly] it 259: joint limit violated by 0.18 rad
terrain it  259 mean_level 0.6829
terms it  259 {"track_lin_vel_xy_exp": 0.51063, "track_ang_vel_z_exp": 0.26447, "feet_air_time": 0.00322, "feet_slide": -0.05079, "joint_deviation": -0.25491, "flat_orientation_l2": -0.02547, "action_rate_l2": -0.49332, "termination_penalty": -0.02041, "lin_vel_z_l2": 0.0, "ang_vel_xy_l2": -0.1013, "dof_torques_l2": -0.00105, "dof_acc_l2": -0.09817, "dof_pos_limits": -0.0163, "episodes": 98, "base_contact": 0.10204, "pushes": 93}
it  260 steps  25559040 sps   39,514 | ep_ret   -5.03 ep_len  928.5 (n=104) | pg -0.009 vf 0.015 kl 0.0140 lr 1.7e-04
[anomaly] it 260: explained variance -0.83 < 0 after warm-up: value function not predicting returns
[anomaly] it 260: terminal-step reward dominates the episode: survival is being punished
[anomaly] it 260: joint limit violated by 0.11 rad
terrain it  260 mean_level 0.6934
terms it  260 {"track_lin_vel_xy_exp": 0.53098, "track_ang_vel_z_exp": 0.26299, "feet_air_time": 0.00293, "feet_slide": -0.05018, "joint_deviation": -0.25071, "flat_orientation_l2": -0.02402, "action_rate_l2": -0.48567, "termination_penalty": -0.02692, "lin_vel_z_l2": 0.0, "ang_vel_xy_l2": -0.09902, "dof_torques_l2": -0.00103, "dof_acc_l2": -0.09506, "dof_pos_limits": -0.01593, "episodes": 104, "base_contact": 0.13462, "pushes": 100}
it  261 steps  25657344 sps   39,508 | ep_ret   -5.03 ep_len  926.8 (n=108) | pg -0.010 vf 0.016 kl 0.0138 lr 1.7e-04
[anomaly] it 261: explained variance -0.48 < 0 after warm-up: value function not predicting returns
[anomaly] it 261: terminal-step reward dominates the episode: survival is being punished
[anomaly] it 261: joint limit violated by 0.18 rad
terrain it  261 mean_level 0.7043
terms it  261 {"track_lin_vel_xy_exp": 0.53445, "track_ang_vel_z_exp": 0.25882, "feet_air_time": 0.00292, "feet_slide": -0.04959, "joint_deviation": -0.24989, "flat_orientation_l2": -0.02352, "action_rate_l2": -0.48397, "termination_penalty": -0.03333, "lin_vel_z_l2": 0.0, "ang_vel_xy_l2": -0.09814, "dof_torques_l2": -0.00102, "dof_acc_l2": -0.0923, "dof_pos_limits": -0.01572, "episodes": 108, "base_contact": 0.16667, "pushes": 99}
it  262 steps  25755648 sps   39,504 | ep_ret   -5.55 ep_len  918.1 (n=116) | pg -0.009 vf 0.013 kl 0.0132 lr 1.7e-04
[anomaly] it 262: explained variance -0.22 < 0 after warm-up: value function not predicting returns
[anomaly] it 262: terminal-step reward dominates the episode: survival is being punished
[anomaly] it 262: joint limit violated by 0.11 rad
terrain it  262 mean_level 0.7156
terms it  262 {"track_lin_vel_xy_exp": 0.51643, "track_ang_vel_z_exp": 0.25484, "feet_air_time": 0.00298, "feet_slide": -0.0492, "joint_deviation": -0.24844, "flat_orientation_l2": -0.0246, "action_rate_l2": -0.48144, "termination_penalty": -0.03621, "lin_vel_z_l2": 0.0, "ang_vel_xy_l2": -0.09769, "dof_torques_l2": -0.00104, "dof_acc_l2": -0.09699, "dof_pos_limits": -0.01639, "episodes": 116, "base_contact": 0.18103, "pushes": 87}
it  263 steps  25853952 sps   39,499 | ep_ret   -4.76 ep_len  943.9 (n=109) | pg -0.010 vf 0.017 kl 0.0134 lr 1.7e-04
[anomaly] it 263: explained variance -1.37 < 0 after warm-up: value function not predicting returns
[anomaly] it 263: terminal-step reward dominates the episode: survival is being punished
[anomaly] it 263: joint limit violated by 0.12 rad
terrain it  263 mean_level 0.7273
terms it  263 {"track_lin_vel_xy_exp": 0.54029, "track_ang_vel_z_exp": 0.2672, "feet_air_time": 0.00299, "feet_slide": -0.05035, "joint_deviation": -0.2532, "flat_orientation_l2": -0.02391, "action_rate_l2": -0.49369, "termination_penalty": -0.02018, "lin_vel_z_l2": 0.0, "ang_vel_xy_l2": -0.09786, "dof_torques_l2": -0.00102, "dof_acc_l2": -0.09232, "dof_pos_limits": -0.01615, "episodes": 109, "base_contact": 0.10092, "pushes": 84}
it  264 steps  25952256 sps   39,495 | ep_ret   -4.43 ep_len  938.6 (n=126) | pg -0.010 vf 0.014 kl 0.0141 lr 1.7e-04
[anomaly] it 264: explained variance -1.66 < 0 after warm-up: value function not predicting returns
[anomaly] it 264: terminal-step reward dominates the episode: survival is being punished
[anomaly] it 264: joint limit violated by 0.14 rad
terrain it  264 mean_level 0.7390
terms it  264 {"track_lin_vel_xy_exp": 0.54589, "track_ang_vel_z_exp": 0.27151, "feet_air_time": 0.00319, "feet_slide": -0.04989, "joint_deviation": -0.25162, "flat_orientation_l2": -0.0231, "action_rate_l2": -0.49098, "termination_penalty": -0.01905, "lin_vel_z_l2": 0.0, "ang_vel_xy_l2": -0.09628, "dof_torques_l2": -0.00101, "dof_acc_l2": -0.09453, "dof_pos_limits": -0.01557, "episodes": 126, "base_contact": 0.09524, "pushes": 100}
it  265 steps  26050560 sps   39,490 | ep_ret   -4.40 ep_len  927.7 (n=118) | pg -0.011 vf 0.013 kl 0.0156 lr 2.6e-04
[anomaly] it 265: explained variance -1.31 < 0 after warm-up: value function not predicting returns
[anomaly] it 265: terminal-step reward dominates the episode: survival is being punished
[anomaly] it 265: joint limit violated by 0.12 rad
terrain it  265 mean_level 0.7500
terms it  265 {"track_lin_vel_xy_exp": 0.54477, "track_ang_vel_z_exp": 0.26813, "feet_air_time": 0.00314, "feet_slide": -0.04914, "joint_deviation": -0.24949, "flat_orientation_l2": -0.0238, "action_rate_l2": -0.48531, "termination_penalty": -0.02373, "lin_vel_z_l2": 0.0, "ang_vel_xy_l2": -0.09612, "dof_torques_l2": -0.001, "dof_acc_l2": -0.09136, "dof_pos_limits": -0.01585, "episodes": 118, "base_contact": 0.11864, "pushes": 105}
it  266 steps  26148864 sps   39,485 | ep_ret   -4.49 ep_len  955.4 (n=122) | pg -0.010 vf 0.013 kl 0.0137 lr 1.7e-04
[anomaly] it 266: explained variance -1.35 < 0 after warm-up: value function not predicting returns
[anomaly] it 266: terminal-step reward dominates the episode: survival is being punished
[anomaly] it 266: joint limit violated by 0.10 rad
terrain it  266 mean_level 0.7646
terms it  266 {"track_lin_vel_xy_exp": 0.5534, "track_ang_vel_z_exp": 0.27753, "feet_air_time": 0.0032, "feet_slide": -0.04999, "joint_deviation": -0.25684, "flat_orientation_l2": -0.02592, "action_rate_l2": -0.49895, "termination_penalty": -0.01639, "lin_vel_z_l2": 0.0, "ang_vel_xy_l2": -0.09816, "dof_torques_l2": -0.00105, "dof_acc_l2": -0.09457, "dof_pos_limits": -0.0166, "episodes": 122, "base_contact": 0.08197, "pushes": 92}
it  267 steps  26247168 sps   39,481 | ep_ret   -4.10 ep_len  964.9 (n=132) | pg -0.010 vf 0.014 kl 0.0152 lr 2.6e-04
[anomaly] it 267: explained variance -1.66 < 0 after warm-up: value function not predicting returns
[anomaly] it 267: terminal-step reward dominates the episode: survival is being punished
[anomaly] it 267: joint limit violated by 0.21 rad
terrain it  267 mean_level 0.7764
terms it  267 {"track_lin_vel_xy_exp": 0.57278, "track_ang_vel_z_exp": 0.27771, "feet_air_time": 0.0032, "feet_slide": -0.05071, "joint_deviation": -0.25857, "flat_orientation_l2": -0.02425, "action_rate_l2": -0.50299, "termination_penalty": -0.01364, "lin_vel_z_l2": 0.0, "ang_vel_xy_l2": -0.09732, "dof_torques_l2": -0.00103, "dof_acc_l2": -0.09439, "dof_pos_limits": -0.01597, "episodes": 132, "base_contact": 0.06818, "pushes": 74}
it  268 steps  26345472 sps   39,476 | ep_ret   -4.21 ep_len  927.3 (n=126) | pg -0.010 vf 0.012 kl 0.0156 lr 2.6e-04
[anomaly] it 268: explained variance -0.10 < 0 after warm-up: value function not predicting returns
[anomaly] it 268: terminal-step reward dominates the episode: survival is being punished
[anomaly] it 268: joint limit violated by 0.15 rad
terrain it  268 mean_level 0.7893
terms it  268 {"track_lin_vel_xy_exp": 0.55452, "track_ang_vel_z_exp": 0.26734, "feet_air_time": 0.00305, "feet_slide": -0.04838, "joint_deviation": -0.2491, "flat_orientation_l2": -0.02331, "action_rate_l2": -0.48469, "termination_penalty": -0.02857, "lin_vel_z_l2": 0.0, "ang_vel_xy_l2": -0.0943, "dof_torques_l2": -0.00099, "dof_acc_l2": -0.09018, "dof_pos_limits": -0.01573, "episodes": 126, "base_contact": 0.14286, "pushes": 79}
it  269 steps  26443776 sps   39,472 | ep_ret   -4.04 ep_len  951.9 (n=114) | pg -0.010 vf 0.012 kl 0.0131 lr 1.7e-04
[anomaly] it 269: explained variance -1.27 < 0 after warm-up: value function not predicting returns
[anomaly] it 269: terminal-step reward dominates the episode: survival is being punished
[anomaly] it 269: joint limit violated by 0.12 rad
terrain it  269 mean_level 0.7998
terms it  269 {"track_lin_vel_xy_exp": 0.56576, "track_ang_vel_z_exp": 0.2811, "feet_air_time": 0.00328, "feet_slide": -0.04983, "joint_deviation": -0.25547, "flat_orientation_l2": -0.02482, "action_rate_l2": -0.49683, "termination_penalty": -0.01754, "lin_vel_z_l2": 0.0, "ang_vel_xy_l2": -0.09603, "dof_torques_l2": -0.00103, "dof_acc_l2": -0.0941, "dof_pos_limits": -0.01627, "episodes": 114, "base_contact": 0.08772, "pushes": 95}
it  270 steps  26542080 sps   39,467 | ep_ret   -4.01 ep_len  968.9 (n=101) | pg -0.010 vf 0.014 kl 0.0158 lr 2.6e-04
[anomaly] it 270: explained variance -2.09 < 0 after warm-up: value function not predicting returns
[anomaly] it 270: terminal-step reward dominates the episode: survival is being punished
[anomaly] it 270: joint limit violated by 0.11 rad
terrain it  270 mean_level 0.8108
terms it  270 {"track_lin_vel_xy_exp": 0.57888, "track_ang_vel_z_exp": 0.28044, "feet_air_time": 0.00329, "feet_slide": -0.05056, "joint_deviation": -0.26088, "flat_orientation_l2": -0.02582, "action_rate_l2": -0.50603, "termination_penalty": -0.01188, "lin_vel_z_l2": 0.0, "ang_vel_xy_l2": -0.09681, "dof_torques_l2": -0.00104, "dof_acc_l2": -0.09342, "dof_pos_limits": -0.01653, "episodes": 101, "base_contact": 0.05941, "pushes": 100}
it  271 steps  26640384 sps   39,462 | ep_ret   -4.36 ep_len  949.2 (n=137) | pg -0.009 vf 0.014 kl 0.0139 lr 1.7e-04
[anomaly] it 271: explained variance -0.76 < 0 after warm-up: value function not predicting returns
[anomaly] it 271: terminal-step reward dominates the episode: survival is being punished
[anomaly] it 271: joint limit violated by 0.14 rad
terrain it  271 mean_level 0.8213
terms it  271 {"track_lin_vel_xy_exp": 0.55871, "track_ang_vel_z_exp": 0.27333, "feet_air_time": 0.00308, "feet_slide": -0.04952, "joint_deviation": -0.2556, "flat_orientation_l2": -0.02474, "action_rate_l2": -0.4952, "termination_penalty": -0.0219, "lin_vel_z_l2": 0.0, "ang_vel_xy_l2": -0.09535, "dof_torques_l2": -0.00102, "dof_acc_l2": -0.09306, "dof_pos_limits": -0.01673, "episodes": 137, "base_contact": 0.10949, "pushes": 76}
it  272 steps  26738688 sps   39,458 | ep_ret   -3.97 ep_len  932.6 (n=120) | pg -0.010 vf 0.012 kl 0.0170 lr 1.7e-04
[anomaly] it 272: explained variance -0.41 < 0 after warm-up: value function not predicting returns
[anomaly] it 272: terminal-step reward dominates the episode: survival is being punished
[anomaly] it 272: joint limit violated by 0.11 rad
terrain it  272 mean_level 0.8315
terms it  272 {"track_lin_vel_xy_exp": 0.56306, "track_ang_vel_z_exp": 0.27312, "feet_air_time": 0.00313, "feet_slide": -0.04799, "joint_deviation": -0.25133, "flat_orientation_l2": -0.02627, "action_rate_l2": -0.48675, "termination_penalty": -0.025, "lin_vel_z_l2": 0.0, "ang_vel_xy_l2": -0.09316, "dof_torques_l2": -0.001, "dof_acc_l2": -0.09035, "dof_pos_limits": -0.01621, "episodes": 120, "base_contact": 0.125, "pushes": 90}
it  273 steps  26836992 sps   39,454 | ep_ret   -3.91 ep_len  945.9 (n=130) | pg -0.010 vf 0.013 kl 0.0140 lr 2.6e-04
[anomaly] it 273: explained variance -0.92 < 0 after warm-up: value function not predicting returns
[anomaly] it 273: terminal-step reward dominates the episode: survival is being punished
[anomaly] it 273: joint limit violated by 0.11 rad
terrain it  273 mean_level 0.8430
terms it  273 {"track_lin_vel_xy_exp": 0.56871, "track_ang_vel_z_exp": 0.27845, "feet_air_time": 0.0034, "feet_slide": -0.04871, "joint_deviation": -0.25341, "flat_orientation_l2": -0.02677, "action_rate_l2": -0.49347, "termination_penalty": -0.02154, "lin_vel_z_l2": 0.0, "ang_vel_xy_l2": -0.0932, "dof_torques_l2": -0.00102, "dof_acc_l2": -0.09122, "dof_pos_limits": -0.01671, "episodes": 130, "base_contact": 0.10769, "pushes": 90}
it  274 steps  26935296 sps   39,449 | ep_ret   -3.69 ep_len  939.9 (n=109) | pg -0.008 vf 0.013 kl 0.0151 lr 1.1e-04
[anomaly] it 274: explained variance -0.69 < 0 after warm-up: value function not predicting returns
[anomaly] it 274: terminal-step reward dominates the episode: survival is being punished
[anomaly] it 274: joint limit violated by 0.12 rad
terrain it  274 mean_level 0.8542
terms it  274 {"track_lin_vel_xy_exp": 0.5706, "track_ang_vel_z_exp": 0.27652, "feet_air_time": 0.00308, "feet_slide": -0.0485, "joint_deviation": -0.25159, "flat_orientation_l2": -0.02307, "action_rate_l2": -0.49073, "termination_penalty": -0.02202, "lin_vel_z_l2": 0.0, "ang_vel_xy_l2": -0.09253, "dof_torques_l2": -0.00099, "dof_acc_l2": -0.08886, "dof_pos_limits": -0.01633, "episodes": 109, "base_contact": 0.11009, "pushes": 89}
it  275 steps  27033600 sps   39,445 | ep_ret   -3.60 ep_len  972.1 (n=99) | pg -0.010 vf 0.013 kl 0.0133 lr 2.6e-04
[anomaly] it 275: explained variance -1.36 < 0 after warm-up: value function not predicting returns
[anomaly] it 275: terminal-step reward dominates the episode: survival is being punished
[anomaly] it 275: joint limit violated by 0.14 rad
terrain it  275 mean_level 0.8645
terms it  275 {"track_lin_vel_xy_exp": 0.59549, "track_ang_vel_z_exp": 0.286, "feet_air_time": 0.00339, "feet_slide": -0.05023, "joint_deviation": -0.26101, "flat_orientation_l2": -0.02548, "action_rate_l2": -0.50742, "termination_penalty": -0.01616, "lin_vel_z_l2": 0.0, "ang_vel_xy_l2": -0.09528, "dof_torques_l2": -0.00103, "dof_acc_l2": -0.09173, "dof_pos_limits": -0.01673, "episodes": 99, "base_contact": 0.08081, "pushes": 83}
it  276 steps  27131904 sps   39,441 | ep_ret   -3.71 ep_len  963.0 (n=95) | pg -0.009 vf 0.013 kl 0.0160 lr 2.6e-04
[anomaly] it 276: explained variance -2.22 < 0 after warm-up: value function not predicting returns
[anomaly] it 276: terminal-step reward dominates the episode: survival is being punished
[anomaly] it 276: joint limit violated by 0.20 rad
terrain it  276 mean_level 0.8738
terms it  276 {"track_lin_vel_xy_exp": 0.58484, "track_ang_vel_z_exp": 0.28454, "feet_air_time": 0.00339, "feet_slide": -0.04933, "joint_deviation": -0.25898, "flat_orientation_l2": -0.02732, "action_rate_l2": -0.50253, "termination_penalty": -0.01474, "lin_vel_z_l2": 0.0, "ang_vel_xy_l2": -0.09362, "dof_torques_l2": -0.00103, "dof_acc_l2": -0.09369, "dof_pos_limits": -0.01711, "episodes": 95, "base_contact": 0.07368, "pushes": 79}
it  277 steps  27230208 sps   39,436 | ep_ret   -4.16 ep_len  922.6 (n=103) | pg -0.009 vf 0.013 kl 0.0151 lr 2.6e-04
[anomaly] it 277: explained variance -0.31 < 0 after warm-up: value function not predicting returns
[anomaly] it 277: terminal-step reward dominates the episode: survival is being punished
[anomaly] it 277: joint limit violated by 0.12 rad
terrain it  277 mean_level 0.8862
terms it  277 {"track_lin_vel_xy_exp": 0.55697, "track_ang_vel_z_exp": 0.273, "feet_air_time": 0.00329, "feet_slide": -0.04739, "joint_deviation": -0.24905, "flat_orientation_l2": -0.02775, "action_rate_l2": -0.4822, "termination_penalty": -0.03689, "lin_vel_z_l2": 0.0, "ang_vel_xy_l2": -0.09087, "dof_torques_l2": -0.00101, "dof_acc_l2": -0.08903, "dof_pos_limits": -0.01698, "episodes": 103, "base_contact": 0.18447, "pushes": 90}
it  278 steps  27328512 sps   39,432 | ep_ret   -3.43 ep_len  963.1 (n=121) | pg -0.009 vf 0.015 kl 0.0147 lr 1.7e-04
[anomaly] it 278: explained variance -1.52 < 0 after warm-up: value function not predicting returns
[anomaly] it 278: terminal-step reward dominates the episode: survival is being punished
[anomaly] it 278: joint limit violated by 0.26 rad
terrain it  278 mean_level 0.9001
terms it  278 {"track_lin_vel_xy_exp": 0.59592, "track_ang_vel_z_exp": 0.2871, "feet_air_time": 0.00338, "feet_slide": -0.04964, "joint_deviation": -0.25942, "flat_orientation_l2": -0.02555, "action_rate_l2": -0.50302, "termination_penalty": -0.01818, "lin_vel_z_l2": 0.0, "ang_vel_xy_l2": -0.09338, "dof_torques_l2": -0.00102, "dof_acc_l2": -0.09069, "dof_pos_limits": -0.01687, "episodes": 121, "base_contact": 0.09091, "pushes": 98}
it  279 steps  27426816 sps   39,427 | ep_ret   -3.83 ep_len  940.9 (n=98) | pg -0.010 vf 0.015 kl 0.0136 lr 2.6e-04
[anomaly] it 279: explained variance -0.72 < 0 after warm-up: value function not predicting returns
[anomaly] it 279: terminal-step reward dominates the episode: survival is being punished
[anomaly] it 279: joint limit violated by 0.10 rad
terrain it  279 mean_level 0.9097
terms it  279 {"track_lin_vel_xy_exp": 0.57229, "track_ang_vel_z_exp": 0.28375, "feet_air_time": 0.0031, "feet_slide": -0.0481, "joint_deviation": -0.25456, "flat_orientation_l2": -0.02777, "action_rate_l2": -0.49116, "termination_penalty": -0.03061, "lin_vel_z_l2": 0.0, "ang_vel_xy_l2": -0.09153, "dof_torques_l2": -0.001, "dof_acc_l2": -0.08854, "dof_pos_limits": -0.01713, "episodes": 98, "base_contact": 0.15306, "pushes": 91}
it  280 steps  27525120 sps   39,423 | ep_ret   -3.64 ep_len  900.5 (n=92) | pg -0.011 vf 0.013 kl 0.0158 lr 1.7e-04
[anomaly] it 280: explained variance -0.72 < 0 after warm-up: value function not predicting returns
[anomaly] it 280: terminal-step reward dominates the episode: survival is being punished
[anomaly] it 280: joint limit violated by 0.12 rad
terrain it  280 mean_level 0.9182
terms it  280 {"track_lin_vel_xy_exp": 0.55597, "track_ang_vel_z_exp": 0.26955, "feet_air_time": 0.0032, "feet_slide": -0.04591, "joint_deviation": -0.24298, "flat_orientation_l2": -0.02648, "action_rate_l2": -0.46997, "termination_penalty": -0.03696, "lin_vel_z_l2": 0.0, "ang_vel_xy_l2": -0.08652, "dof_torques_l2": -0.00096, "dof_acc_l2": -0.08494, "dof_pos_limits": -0.01615, "episodes": 92, "base_contact": 0.18478, "pushes": 105}
it  281 steps  27623424 sps   39,418 | ep_ret   -3.76 ep_len  940.2 (n=106) | pg -0.010 vf 0.016 kl 0.0148 lr 2.6e-04
[anomaly] it 281: explained variance -0.97 < 0 after warm-up: value function not predicting returns
[anomaly] it 281: terminal-step reward dominates the episode: survival is being punished
[anomaly] it 281: joint limit violated by 0.13 rad
terrain it  281 mean_level 0.9299
terms it  281 {"track_lin_vel_xy_exp": 0.5727, "track_ang_vel_z_exp": 0.28223, "feet_air_time": 0.00332, "feet_slide": -0.04795, "joint_deviation": -0.25426, "flat_orientation_l2": -0.02775, "action_rate_l2": -0.49137, "termination_penalty": -0.02642, "lin_vel_z_l2": 0.0, "ang_vel_xy_l2": -0.09068, "dof_torques_l2": -0.00101, "dof_acc_l2": -0.0888, "dof_pos_limits": -0.01812, "episodes": 106, "base_contact": 0.13208, "pushes": 84}
it  282 steps  27721728 sps   39,414 | ep_ret   -3.77 ep_len  921.5 (n=94) | pg -0.008 vf 0.015 kl 0.0147 lr 1.7e-04
[anomaly] it 282: explained variance -0.27 < 0 after warm-up: value function not predicting returns
[anomaly] it 282: terminal-step reward dominates the episode: survival is being punished
[anomaly] it 282: joint limit violated by 0.10 rad
terrain it  282 mean_level 0.9414
terms it  282 {"track_lin_vel_xy_exp": 0.56591, "track_ang_vel_z_exp": 0.27842, "feet_air_time": 0.00309, "feet_slide": -0.04703, "joint_deviation": -0.24871, "flat_orientation_l2": -0.02665, "action_rate_l2": -0.48095, "termination_penalty": -0.0383, "lin_vel_z_l2": 0.0, "ang_vel_xy_l2": -0.08863, "dof_torques_l2": -0.00098, "dof_acc_l2": -0.08748, "dof_pos_limits": -0.01714, "episodes": 94, "base_contact": 0.19149, "pushes": 76}
it  283 steps  27820032 sps   39,409 | ep_ret   -3.22 ep_len  930.6 (n=97) | pg -0.009 vf 0.017 kl 0.0148 lr 2.6e-04
[anomaly] it 283: explained variance -0.63 < 0 after warm-up: value function not predicting returns
[anomaly] it 283: terminal-step reward dominates the episode: survival is being punished
[anomaly] it 283: joint limit violated by 0.10 rad
terrain it  283 mean_level 0.9514
terms it  283 {"track_lin_vel_xy_exp": 0.58436, "track_ang_vel_z_exp": 0.28117, "feet_air_time": 0.00322, "feet_slide": -0.04746, "joint_deviation": -0.25025, "flat_orientation_l2": -0.02477, "action_rate_l2": -0.48581, "termination_penalty": -0.02887, "lin_vel_z_l2": 0.0, "ang_vel_xy_l2": -0.08834, "dof_torques_l2": -0.00098, "dof_acc_l2": -0.0866, "dof_pos_limits": -0.0166, "episodes": 97, "base_contact": 0.14433, "pushes": 98}
it  284 steps  27918336 sps   39,405 | ep_ret   -3.34 ep_len  947.2 (n=108) | pg -0.009 vf 0.016 kl 0.0153 lr 2.6e-04
[anomaly] it 284: explained variance -0.86 < 0 after warm-up: value function not predicting returns
[anomaly] it 284: terminal-step reward dominates the episode: survival is being punished
[anomaly] it 284: joint limit violated by 0.27 rad
terrain it  284 mean_level 0.9666
terms it  284 {"track_lin_vel_xy_exp": 0.58924, "track_ang_vel_z_exp": 0.28778, "feet_air_time": 0.00343, "feet_slide": -0.04833, "joint_deviation": -0.25559, "flat_orientation_l2": -0.02598, "action_rate_l2": -0.49488, "termination_penalty": -0.02407, "lin_vel_z_l2": 0.0, "ang_vel_xy_l2": -0.08984, "dof_torques_l2": -0.001, "dof_acc_l2": -0.09023, "dof_pos_limits": -0.01776, "episodes": 108, "base_contact": 0.12037, "pushes": 100}
it  285 steps  28016640 sps   39,400 | ep_ret   -3.67 ep_len  889.9 (n=92) | pg -0.009 vf 0.017 kl 0.0157 lr 2.6e-04
[anomaly] it 285: explained variance -0.32 < 0 after warm-up: value function not predicting returns
[anomaly] it 285: terminal-step reward dominates the episode: survival is being punished
[anomaly] it 285: joint limit violated by 0.19 rad
terrain it  285 mean_level 0.9763
terms it  285 {"track_lin_vel_xy_exp": 0.55564, "track_ang_vel_z_exp": 0.27093, "feet_air_time": 0.00302, "feet_slide": -0.04541, "joint_deviation": -0.24038, "flat_orientation_l2": -0.02686, "action_rate_l2": -0.46521, "termination_penalty": -0.04565, "lin_vel_z_l2": 0.0, "ang_vel_xy_l2": -0.08473, "dof_torques_l2": -0.00095, "dof_acc_l2": -0.08693, "dof_pos_limits": -0.01675, "episodes": 92, "base_contact": 0.22826, "pushes": 104}
it  286 steps  28114944 sps   39,396 | ep_ret   -3.47 ep_len  917.4 (n=98) | pg -0.009 vf 0.013 kl 0.0147 lr 1.7e-04
[anomaly] it 286: explained variance -0.89 < 0 after warm-up: value function not predicting returns
[anomaly] it 286: terminal-step reward dominates the episode: survival is being punished
[anomaly] it 286: joint limit violated by 0.20 rad
terrain it  286 mean_level 0.9868
terms it  286 {"track_lin_vel_xy_exp": 0.57223, "track_ang_vel_z_exp": 0.28002, "feet_air_time": 0.00318, "feet_slide": -0.0467, "joint_deviation": -0.24863, "flat_orientation_l2": -0.02611, "action_rate_l2": -0.47885, "termination_penalty": -0.03469, "lin_vel_z_l2": 0.0, "ang_vel_xy_l2": -0.08649, "dof_torques_l2": -0.00098, "dof_acc_l2": -0.08875, "dof_pos_limits": -0.0175, "episodes": 98, "base_contact": 0.17347, "pushes": 116}
it  287 steps  28213248 sps   39,392 | ep_ret   -3.84 ep_len  935.5 (n=87) | pg -0.010 vf 0.012 kl 0.0151 lr 2.6e-04
[anomaly] it 287: explained variance -0.67 < 0 after warm-up: value function not predicting returns
[anomaly] it 287: terminal-step reward dominates the episode: survival is being punished
[anomaly] it 287: joint limit violated by 0.20 rad
terrain it  287 mean_level 0.9976
terms it  287 {"track_lin_vel_xy_exp": 0.56911, "track_ang_vel_z_exp": 0.28235, "feet_air_time": 0.00324, "feet_slide": -0.04724, "joint_deviation": -0.25294, "flat_orientation_l2": -0.02977, "action_rate_l2": -0.48921, "termination_penalty": -0.03218, "lin_vel_z_l2": 0.0, "ang_vel_xy_l2": -0.08898, "dof_torques_l2": -0.00102, "dof_acc_l2": -0.08672, "dof_pos_limits": -0.01845, "episodes": 87, "base_contact": 0.16092, "pushes": 105}
it  288 steps  28311552 sps   39,388 | ep_ret   -3.04 ep_len  959.5 (n=102) | pg -0.008 vf 0.015 kl 0.0141 lr 1.7e-04
[anomaly] it 288: explained variance -1.05 < 0 after warm-up: value function not predicting returns
[anomaly] it 288: terminal-step reward dominates the episode: survival is being punished
[anomaly] it 288: joint limit violated by 0.23 rad
terrain it  288 mean_level 1.0122
terms it  288 {"track_lin_vel_xy_exp": 0.60302, "track_ang_vel_z_exp": 0.29421, "feet_air_time": 0.00335, "feet_slide": -0.04855, "joint_deviation": -0.25831, "flat_orientation_l2": -0.02742, "action_rate_l2": -0.50054, "termination_penalty": -0.01961, "lin_vel_z_l2": 0.0, "ang_vel_xy_l2": -0.08854, "dof_torques_l2": -0.00101, "dof_acc_l2": -0.09075, "dof_pos_limits": -0.01806, "episodes": 102, "base_contact": 0.09804, "pushes": 100}
it  289 steps  28409856 sps   39,384 | ep_ret   -3.12 ep_len  930.6 (n=91) | pg -0.009 vf 0.013 kl 0.0133 lr 1.7e-04
[anomaly] it 289: explained variance -0.54 < 0 after warm-up: value function not predicting returns
[anomaly] it 289: terminal-step reward dominates the episode: survival is being punished
[anomaly] it 289: joint limit violated by 0.13 rad
terrain it  289 mean_level 1.0225
terms it  289 {"track_lin_vel_xy_exp": 0.58706, "track_ang_vel_z_exp": 0.28367, "feet_air_time": 0.00336, "feet_slide": -0.04681, "joint_deviation": -0.25095, "flat_orientation_l2": -0.02607, "action_rate_l2": -0.48595, "termination_penalty": -0.02857, "lin_vel_z_l2": 0.0, "ang_vel_xy_l2": -0.08643, "dof_torques_l2": -0.00097, "dof_acc_l2": -0.08714, "dof_pos_limits": -0.01698, "episodes": 91, "base_contact": 0.14286, "pushes": 115}
it  290 steps  28508160 sps   39,380 | ep_ret   -3.01 ep_len  952.0 (n=80) | pg -0.010 vf 0.014 kl 0.0156 lr 2.6e-04
[anomaly] it 290: explained variance -0.70 < 0 after warm-up: value function not predicting returns
[anomaly] it 290: terminal-step reward dominates the episode: survival is being punished
[anomaly] it 290: joint limit violated by 0.12 rad
terrain it  290 mean_level 1.0332
terms it  290 {"track_lin_vel_xy_exp": 0.60088, "track_ang_vel_z_exp": 0.29461, "feet_air_time": 0.00311, "feet_slide": -0.04767, "joint_deviation": -0.25771, "flat_orientation_l2": -0.0275, "action_rate_l2": -0.49669, "termination_penalty": -0.025, "lin_vel_z_l2": 0.0, "ang_vel_xy_l2": -0.08896, "dof_torques_l2": -0.00099, "dof_acc_l2": -0.08703, "dof_pos_limits": -0.01742, "episodes": 80, "base_contact": 0.125, "pushes": 108}
it  291 steps  28606464 sps   39,376 | ep_ret   -3.00 ep_len  958.9 (n=97) | pg -0.010 vf 0.013 kl 0.0160 lr 2.6e-04
[anomaly] it 291: explained variance -1.15 < 0 after warm-up: value function not predicting returns
[anomaly] it 291: terminal-step reward dominates the episode: survival is being punished
[anomaly] it 291: joint limit violated by 0.22 rad
terrain it  291 mean_level 1.0447
terms it  291 {"track_lin_vel_xy_exp": 0.60993, "track_ang_vel_z_exp": 0.29424, "feet_air_time": 0.00321, "feet_slide": -0.04855, "joint_deviation": -0.25914, "flat_orientation_l2": -0.02637, "action_rate_l2": -0.50004, "termination_penalty": -0.02474, "lin_vel_z_l2": 0.0, "ang_vel_xy_l2": -0.08893, "dof_torques_l2": -0.00099, "dof_acc_l2": -0.09106, "dof_pos_limits": -0.01763, "episodes": 97, "base_contact": 0.12371, "pushes": 112}
it  292 steps  28704768 sps   39,372 | ep_ret   -2.86 ep_len  945.9 (n=94) | pg -0.010 vf 0.013 kl 0.0153 lr 1.7e-04
[anomaly] it 292: explained variance -1.72 < 0 after warm-up: value function not predicting returns
[anomaly] it 292: terminal-step reward dominates the episode: survival is being punished
[anomaly] it 292: joint limit violated by 0.17 rad
terrain it  292 mean_level 1.0581
terms it  292 {"track_lin_vel_xy_exp": 0.60147, "track_ang_vel_z_exp": 0.29034, "feet_air_time": 0.00337, "feet_slide": -0.04743, "joint_deviation": -0.25539, "flat_orientation_l2": -0.02608, "action_rate_l2": -0.49337, "termination_penalty": -0.0234, "lin_vel_z_l2": 0.0, "ang_vel_xy_l2": -0.08726, "dof_torques_l2": -0.00099, "dof_acc_l2": -0.08702, "dof_pos_limits": -0.01739, "episodes": 94, "base_contact": 0.11702, "pushes": 120}
it  293 steps  28803072 sps   39,364 | ep_ret   -3.33 ep_len  929.0 (n=95) | pg -0.010 vf 0.013 kl 0.0154 lr 2.6e-04
[anomaly] it 293: explained variance -1.40 < 0 after warm-up: value function not predicting returns
[anomaly] it 293: terminal-step reward dominates the episode: survival is being punished
[anomaly] it 293: joint limit violated by 0.09 rad
terrain it  293 mean_level 1.0713
terms it  293 {"track_lin_vel_xy_exp": 0.5809, "track_ang_vel_z_exp": 0.28587, "feet_air_time": 0.0034, "feet_slide": -0.04761, "joint_deviation": -0.25179, "flat_orientation_l2": -0.02747, "action_rate_l2": -0.48651, "termination_penalty": -0.02737, "lin_vel_z_l2": 0.0, "ang_vel_xy_l2": -0.08567, "dof_torques_l2": -0.001, "dof_acc_l2": -0.09128, "dof_pos_limits": -0.01811, "episodes": 95, "base_contact": 0.13684, "pushes": 100}
it  294 steps  28901376 sps   39,358 | ep_ret   -3.22 ep_len  933.1 (n=87) | pg -0.010 vf 0.013 kl 0.0154 lr 1.7e-04
[anomaly] it 294: explained variance -1.04 < 0 after warm-up: value function not predicting returns
[anomaly] it 294: terminal-step reward dominates the episode: survival is being punished
[anomaly] it 294: joint limit violated by 0.30 rad
terrain it  294 mean_level 1.0820
terms it  294 {"track_lin_vel_xy_exp": 0.58969, "track_ang_vel_z_exp": 0.28813, "feet_air_time": 0.00338, "feet_slide": -0.04728, "joint_deviation": -0.25312, "flat_orientation_l2": -0.02757, "action_rate_l2": -0.48828, "termination_penalty": -0.03218, "lin_vel_z_l2": 0.0, "ang_vel_xy_l2": -0.08604, "dof_torques_l2": -0.001, "dof_acc_l2": -0.08867, "dof_pos_limits": -0.01792, "episodes": 87, "base_contact": 0.16092, "pushes": 121}
it  295 steps  28999680 sps   39,355 | ep_ret   -2.92 ep_len  939.8 (n=87) | pg -0.009 vf 0.014 kl 0.0153 lr 2.6e-04
[anomaly] it 295: explained variance -0.69 < 0 after warm-up: value function not predicting returns
[anomaly] it 295: terminal-step reward dominates the episode: survival is being punished
[anomaly] it 295: joint limit violated by 0.11 rad
terrain it  295 mean_level 1.0925
terms it  295 {"track_lin_vel_xy_exp": 0.59718, "track_ang_vel_z_exp": 0.29772, "feet_air_time": 0.00328, "feet_slide": -0.04728, "joint_deviation": -0.25522, "flat_orientation_l2": -0.02716, "action_rate_l2": -0.48993, "termination_penalty": -0.03218, "lin_vel_z_l2": 0.0, "ang_vel_xy_l2": -0.08689, "dof_torques_l2": -0.00098, "dof_acc_l2": -0.08673, "dof_pos_limits": -0.01797, "episodes": 87, "base_contact": 0.16092, "pushes": 101}
it  296 steps  29097984 sps   39,351 | ep_ret   -2.70 ep_len  951.5 (n=95) | pg -0.009 vf 0.013 kl 0.0151 lr 2.6e-04
[anomaly] it 296: explained variance -1.26 < 0 after warm-up: value function not predicting returns
[anomaly] it 296: terminal-step reward dominates the episode: survival is being punished
[anomaly] it 296: joint limit violated by 0.11 rad
terrain it  296 mean_level 1.1052
terms it  296 {"track_lin_vel_xy_exp": 0.60692, "track_ang_vel_z_exp": 0.29785, "feet_air_time": 0.00349, "feet_slide": -0.04756, "joint_deviation": -0.25746, "flat_orientation_l2": -0.02523, "action_rate_l2": -0.49789, "termination_penalty": -0.02105, "lin_vel_z_l2": 0.0, "ang_vel_xy_l2": -0.08657, "dof_torques_l2": -0.00099, "dof_acc_l2": -0.08832, "dof_pos_limits": -0.01812, "episodes": 95, "base_contact": 0.10526, "pushes": 120}
it  297 steps  29196288 sps   39,348 | ep_ret   -2.68 ep_len  963.6 (n=91) | pg -0.010 vf 0.012 kl 0.0155 lr 2.6e-04
[anomaly] it 297: explained variance -0.71 < 0 after warm-up: value function not predicting returns
[anomaly] it 297: terminal-step reward dominates the episode: survival is being punished
[anomaly] it 297: joint limit violated by 0.12 rad
terrain it  297 mean_level 1.1160
terms it  297 {"track_lin_vel_xy_exp": 0.61617, "track_ang_vel_z_exp": 0.30264, "feet_air_time": 0.0035, "feet_slide": -0.04822, "joint_deviation": -0.26014, "flat_orientation_l2": -0.02715, "action_rate_l2": -0.50307, "termination_penalty": -0.02198, "lin_vel_z_l2": 0.0, "ang_vel_xy_l2": -0.08653, "dof_torques_l2": -0.001, "dof_acc_l2": -0.08957, "dof_pos_limits": -0.01861, "episodes": 91, "base_contact": 0.10989, "pushes": 106}
it  298 steps  29294592 sps   39,344 | ep_ret   -2.10 ep_len  975.4 (n=99) | pg -0.009 vf 0.010 kl 0.0160 lr 2.6e-04
[anomaly] it 298: explained variance -2.27 < 0 after warm-up: value function not predicting returns
[anomaly] it 298: terminal-step reward dominates the episode: survival is being punished
[anomaly] it 298: joint limit violated by 0.10 rad
terrain it  298 mean_level 1.1304
terms it  298 {"track_lin_vel_xy_exp": 0.63065, "track_ang_vel_z_exp": 0.30846, "feet_air_time": 0.00349, "feet_slide": -0.04852, "joint_deviation": -0.26264, "flat_orientation_l2": -0.02431, "action_rate_l2": -0.50816, "termination_penalty": -0.0101, "lin_vel_z_l2": 0.0, "ang_vel_xy_l2": -0.08709, "dof_torques_l2": -0.00099, "dof_acc_l2": -0.08772, "dof_pos_limits": -0.01817, "episodes": 99, "base_contact": 0.05051, "pushes": 113}
it  299 steps  29392896 sps   39,340 | ep_ret   -2.58 ep_len  949.7 (n=99) | pg -0.010 vf 0.012 kl 0.0174 lr 2.6e-04
[anomaly] it 299: explained variance -0.28 < 0 after warm-up: value function not predicting returns
[anomaly] it 299: terminal-step reward dominates the episode: survival is being punished
[anomaly] it 299: joint limit violated by 0.11 rad
terrain it  299 mean_level 1.1458
terms it  299 {"track_lin_vel_xy_exp": 0.6083, "track_ang_vel_z_exp": 0.30283, "feet_air_time": 0.00339, "feet_slide": -0.04728, "joint_deviation": -0.25631, "flat_orientation_l2": -0.02657, "action_rate_l2": -0.49624, "termination_penalty": -0.02626, "lin_vel_z_l2": 0.0, "ang_vel_xy_l2": -0.08557, "dof_torques_l2": -0.00098, "dof_acc_l2": -0.0867, "dof_pos_limits": -0.01742, "episodes": 99, "base_contact": 0.13131, "pushes": 101}
it  300 steps  29491200 sps   39,335 | ep_ret   -2.04 ep_len  972.9 (n=93) | pg -0.011 vf 0.015 kl 0.0134 lr 1.7e-04
[anomaly] it 300: explained variance -2.29 < 0 after warm-up: value function not predicting returns
[anomaly] it 300: terminal-step reward dominates the episode: survival is being punished
[anomaly] it 300: joint limit violated by 0.12 rad
terrain it  300 mean_level 1.1587
terms it  300 {"track_lin_vel_xy_exp": 0.63371, "track_ang_vel_z_exp": 0.30459, "feet_air_time": 0.00346, "feet_slide": -0.04823, "joint_deviation": -0.26133, "flat_orientation_l2": -0.02466, "action_rate_l2": -0.50713, "termination_penalty": -0.0129, "lin_vel_z_l2": 0.0, "ang_vel_xy_l2": -0.0861, "dof_torques_l2": -0.00098, "dof_acc_l2": -0.08558, "dof_pos_limits": -0.01696, "episodes": 93, "base_contact": 0.06452, "pushes": 103}
it  301 steps  29589504 sps   39,331 | ep_ret   -2.23 ep_len  937.3 (n=95) | pg -0.010 vf 0.015 kl 0.0143 lr 2.6e-04
[anomaly] it 301: explained variance -1.38 < 0 after warm-up: value function not predicting returns
[anomaly] it 301: terminal-step reward dominates the episode: survival is being punished
[anomaly] it 301: joint limit violated by 0.12 rad
terrain it  301 mean_level 1.1741
terms it  301 {"track_lin_vel_xy_exp": 0.60389, "track_ang_vel_z_exp": 0.29838, "feet_air_time": 0.00343, "feet_slide": -0.0461, "joint_deviation": -0.25255, "flat_orientation_l2": -0.02446, "action_rate_l2": -0.48818, "termination_penalty": -0.02105, "lin_vel_z_l2": 0.0, "ang_vel_xy_l2": -0.08299, "dof_torques_l2": -0.00095, "dof_acc_l2": -0.08389, "dof_pos_limits": -0.01706, "episodes": 95, "base_contact": 0.10526, "pushes": 98}
it  302 steps  29687808 sps   39,327 | ep_ret   -2.39 ep_len  910.4 (n=89) | pg -0.008 vf 0.013 kl 0.0155 lr 2.6e-04
[anomaly] it 302: explained variance -0.35 < 0 after warm-up: value function not predicting returns
[anomaly] it 302: terminal-step reward dominates the episode: survival is being punished
[anomaly] it 302: joint limit violated by 0.11 rad
terrain it  302 mean_level 1.1824
terms it  302 {"track_lin_vel_xy_exp": 0.59517, "track_ang_vel_z_exp": 0.28773, "feet_air_time": 0.00346, "feet_slide": -0.04502, "joint_deviation": -0.24543, "flat_orientation_l2": -0.02613, "action_rate_l2": -0.47504, "termination_penalty": -0.03371, "lin_vel_z_l2": 0.0, "ang_vel_xy_l2": -0.08061, "dof_torques_l2": -0.00095, "dof_acc_l2": -0.08292, "dof_pos_limits": -0.01622, "episodes": 89, "base_contact": 0.16854, "pushes": 108}
it  303 steps  29786112 sps   39,323 | ep_ret   -1.78 ep_len  973.4 (n=112) | pg -0.010 vf 0.012 kl 0.0166 lr 2.6e-04
[anomaly] it 303: explained variance -1.27 < 0 after warm-up: value function not predicting returns
[anomaly] it 303: terminal-step reward dominates the episode: survival is being punished
[anomaly] it 303: joint limit violated by 0.15 rad
terrain it  303 mean_level 1.2012
terms it  303 {"track_lin_vel_xy_exp": 0.63898, "track_ang_vel_z_exp": 0.31061, "feet_air_time": 0.00356, "feet_slide": -0.04807, "joint_deviation": -0.26108, "flat_orientation_l2": -0.0242, "action_rate_l2": -0.50756, "termination_penalty": -0.0125, "lin_vel_z_l2": 0.0, "ang_vel_xy_l2": -0.08438, "dof_torques_l2": -0.00097, "dof_acc_l2": -0.08657, "dof_pos_limits": -0.01682, "episodes": 112, "base_contact": 0.0625, "pushes": 95}
it  304 steps  29884416 sps   39,320 | ep_ret   -1.82 ep_len  966.2 (n=109) | pg -0.008 vf 0.012 kl 0.0153 lr 1.7e-04
[anomaly] it 304: explained variance -0.89 < 0 after warm-up: value function not predicting returns
[anomaly] it 304: terminal-step reward dominates the episode: survival is being punished
[anomaly] it 304: joint limit violated by 0.11 rad
terrain it  304 mean_level 1.2202
terms it  304 {"track_lin_vel_xy_exp": 0.63748, "track_ang_vel_z_exp": 0.30702, "feet_air_time": 0.00344, "feet_slide": -0.04761, "joint_deviation": -0.25993, "flat_orientation_l2": -0.02419, "action_rate_l2": -0.5039, "termination_penalty": -0.01835, "lin_vel_z_l2": 0.0, "ang_vel_xy_l2": -0.08379, "dof_torques_l2": -0.00097, "dof_acc_l2": -0.08393, "dof_pos_limits": -0.01616, "episodes": 109, "base_contact": 0.09174, "pushes": 121}
it  305 steps  29982720 sps   39,316 | ep_ret   -1.92 ep_len  967.6 (n=116) | pg -0.010 vf 0.011 kl 0.0147 lr 2.6e-04
[anomaly] it 305: explained variance -2.12 < 0 after warm-up: value function not predicting returns
[anomaly] it 305: terminal-step reward dominates the episode: survival is being punished
[anomaly] it 305: joint limit violated by 0.11 rad
terrain it  305 mean_level 1.2390
terms it  305 {"track_lin_vel_xy_exp": 0.63283, "track_ang_vel_z_exp": 0.30956, "feet_air_time": 0.00381, "feet_slide": -0.04762, "joint_deviation": -0.26042, "flat_orientation_l2": -0.02586, "action_rate_l2": -0.50571, "termination_penalty": -0.01207, "lin_vel_z_l2": 0.0, "ang_vel_xy_l2": -0.08441, "dof_torques_l2": -0.00099, "dof_acc_l2": -0.08792, "dof_pos_limits": -0.01732, "episodes": 116, "base_contact": 0.06034, "pushes": 92}
it  306 steps  30081024 sps   39,312 | ep_ret   -1.67 ep_len  957.1 (n=113) | pg -0.009 vf 0.014 kl 0.0154 lr 2.6e-04
[anomaly] it 306: explained variance -0.74 < 0 after warm-up: value function not predicting returns
[anomaly] it 306: terminal-step reward dominates the episode: survival is being punished
[anomaly] it 306: joint limit violated by 0.21 rad
terrain it  306 mean_level 1.2583
terms it  306 {"track_lin_vel_xy_exp": 0.63525, "track_ang_vel_z_exp": 0.30726, "feet_air_time": 0.00339, "feet_slide": -0.04665, "joint_deviation": -0.25779, "flat_orientation_l2": -0.02426, "action_rate_l2": -0.49911, "termination_penalty": -0.01947, "lin_vel_z_l2": 0.0, "ang_vel_xy_l2": -0.08292, "dof_torques_l2": -0.00096, "dof_acc_l2": -0.0822, "dof_pos_limits": -0.01629, "episodes": 113, "base_contact": 0.09735, "pushes": 88}
it  307 steps  30179328 sps   39,308 | ep_ret   -1.77 ep_len  960.3 (n=125) | pg -0.009 vf 0.015 kl 0.0162 lr 2.6e-04
[anomaly] it 307: explained variance -1.23 < 0 after warm-up: value function not predicting returns
[anomaly] it 307: terminal-step reward dominates the episode: survival is being punished
[anomaly] it 307: joint limit violated by 0.16 rad
terrain it  307 mean_level 1.2766
terms it  307 {"track_lin_vel_xy_exp": 0.63428, "track_ang_vel_z_exp": 0.31037, "feet_air_time": 0.00358, "feet_slide": -0.04688, "joint_deviation": -0.258, "flat_orientation_l2": -0.02502, "action_rate_l2": -0.50251, "termination_penalty": -0.0176, "lin_vel_z_l2": 0.0, "ang_vel_xy_l2": -0.08305, "dof_torques_l2": -0.00098, "dof_acc_l2": -0.08542, "dof_pos_limits": -0.01707, "episodes": 125, "base_contact": 0.088, "pushes": 95}
it  308 steps  30277632 sps   39,305 | ep_ret   -1.77 ep_len  934.1 (n=118) | pg -0.010 vf 0.010 kl 0.0152 lr 2.6e-04
[anomaly] it 308: explained variance -0.30 < 0 after warm-up: value function not predicting returns
[anomaly] it 308: terminal-step reward dominates the episode: survival is being punished
[anomaly] it 308: joint limit violated by 0.10 rad
terrain it  308 mean_level 1.2920
terms it  308 {"track_lin_vel_xy_exp": 0.61896, "track_ang_vel_z_exp": 0.30273, "feet_air_time": 0.00332, "feet_slide": -0.04547, "joint_deviation": -0.25226, "flat_orientation_l2": -0.02501, "action_rate_l2": -0.48716, "termination_penalty": -0.02542, "lin_vel_z_l2": 0.0, "ang_vel_xy_l2": -0.08075, "dof_torques_l2": -0.00094, "dof_acc_l2": -0.08017, "dof_pos_limits": -0.01628, "episodes": 118, "base_contact": 0.12712, "pushes": 112}
it  309 steps  30375936 sps   39,301 | ep_ret   -1.22 ep_len  960.7 (n=133) | pg -0.009 vf 0.012 kl 0.0153 lr 1.7e-04
[anomaly] it 309: explained variance -0.93 < 0 after warm-up: value function not predicting returns
[anomaly] it 309: terminal-step reward dominates the episode: survival is being punished
[anomaly] it 309: joint limit violated by 0.14 rad
terrain it  309 mean_level 1.3123
terms it  309 {"track_lin_vel_xy_exp": 0.64447, "track_ang_vel_z_exp": 0.31238, "feet_air_time": 0.00364, "feet_slide": -0.0463, "joint_deviation": -0.25815, "flat_orientation_l2": -0.02336, "action_rate_l2": -0.50116, "termination_penalty": -0.01353, "lin_vel_z_l2": 0.0, "ang_vel_xy_l2": -0.0807, "dof_torques_l2": -0.00094, "dof_acc_l2": -0.08147, "dof_pos_limits": -0.01575, "episodes": 133, "base_contact": 0.06767, "pushes": 83}
it  310 steps  30474240 sps   39,297 | ep_ret   -1.14 ep_len  975.5 (n=125) | pg -0.009 vf 0.013 kl 0.0148 lr 2.6e-04
[anomaly] it 310: explained variance -1.95 < 0 after warm-up: value function not predicting returns
[anomaly] it 310: terminal-step reward dominates the episode: survival is being punished
[anomaly] it 310: joint limit violated by 0.10 rad
terrain it  310 mean_level 1.3308
terms it  310 {"track_lin_vel_xy_exp": 0.65363, "track_ang_vel_z_exp": 0.31843, "feet_air_time": 0.00367, "feet_slide": -0.04705, "joint_deviation": -0.26184, "flat_orientation_l2": -0.02328, "action_rate_l2": -0.50903, "termination_penalty": -0.0096, "lin_vel_z_l2": 0.0, "ang_vel_xy_l2": -0.08208, "dof_torques_l2": -0.00096, "dof_acc_l2": -0.08223, "dof_pos_limits": -0.01656, "episodes": 125, "base_contact": 0.048, "pushes": 80}
it  311 steps  30572544 sps   39,293 | ep_ret   -1.27 ep_len  955.8 (n=108) | pg -0.009 vf 0.012 kl 0.0137 lr 1.7e-04
[anomaly] it 311: explained variance -0.99 < 0 after warm-up: value function not predicting returns
[anomaly] it 311: terminal-step reward dominates the episode: survival is being punished
[anomaly] it 311: joint limit violated by 0.22 rad
terrain it  311 mean_level 1.3452
terms it  311 {"track_lin_vel_xy_exp": 0.6432, "track_ang_vel_z_exp": 0.31338, "feet_air_time": 0.00356, "feet_slide": -0.04619, "joint_deviation": -0.25731, "flat_orientation_l2": -0.02348, "action_rate_l2": -0.49736, "termination_penalty": -0.01852, "lin_vel_z_l2": 0.0, "ang_vel_xy_l2": -0.08101, "dof_torques_l2": -0.00095, "dof_acc_l2": -0.08231, "dof_pos_limits": -0.01637, "episodes": 108, "base_contact": 0.09259, "pushes": 88}
it  312 steps  30670848 sps   39,290 | ep_ret   -1.42 ep_len  967.9 (n=99) | pg -0.010 vf 0.014 kl 0.0131 lr 1.7e-04
[anomaly] it 312: explained variance -0.66 < 0 after warm-up: value function not predicting returns
[anomaly] it 312: terminal-step reward dominates the episode: survival is being punished
[anomaly] it 312: joint limit violated by 0.11 rad
terrain it  312 mean_level 1.3601
terms it  312 {"track_lin_vel_xy_exp": 0.64755, "track_ang_vel_z_exp": 0.31723, "feet_air_time": 0.00367, "feet_slide": -0.0467, "joint_deviation": -0.26095, "flat_orientation_l2": -0.025, "action_rate_l2": -0.50487, "termination_penalty": -0.0202, "lin_vel_z_l2": 0.0, "ang_vel_xy_l2": -0.08139, "dof_torques_l2": -0.00095, "dof_acc_l2": -0.08262, "dof_pos_limits": -0.01672, "episodes": 99, "base_contact": 0.10101, "pushes": 88}
it  313 steps  30769152 sps   39,286 | ep_ret   -1.14 ep_len  978.1 (n=134) | pg -0.010 vf 0.014 kl 0.0137 lr 1.7e-04
[anomaly] it 313: explained variance -1.58 < 0 after warm-up: value function not predicting returns
[anomaly] it 313: terminal-step reward dominates the episode: survival is being punished
[anomaly] it 313: joint limit violated by 0.09 rad
terrain it  313 mean_level 1.3823
terms it  313 {"track_lin_vel_xy_exp": 0.65583, "track_ang_vel_z_exp": 0.32365, "feet_air_time": 0.0037, "feet_slide": -0.04782, "joint_deviation": -0.26269, "flat_orientation_l2": -0.02317, "action_rate_l2": -0.50987, "termination_penalty": -0.01343, "lin_vel_z_l2": 0.0, "ang_vel_xy_l2": -0.08156, "dof_torques_l2": -0.00096, "dof_acc_l2": -0.08389, "dof_pos_limits": -0.01695, "episodes": 134, "base_contact": 0.06716, "pushes": 109}
it  314 steps  30867456 sps   39,282 | ep_ret   -1.21 ep_len  973.1 (n=117) | pg -0.009 vf 0.015 kl 0.0161 lr 2.6e-04
[anomaly] it 314: explained variance -1.56 < 0 after warm-up: value function not predicting returns
[anomaly] it 314: terminal-step reward dominates the episode: survival is being punished
[anomaly] it 314: joint limit violated by 0.22 rad
[anomaly] it 314: contact penetration 2.0 cm
terrain it  314 mean_level 1.4011
terms it  314 {"track_lin_vel_xy_exp": 0.65163, "track_ang_vel_z_exp": 0.32066, "feet_air_time": 0.00364, "feet_slide": -0.04658, "joint_deviation": -0.26269, "flat_orientation_l2": -0.02421, "action_rate_l2": -0.50792, "termination_penalty": -0.01368, "lin_vel_z_l2": 0.0, "ang_vel_xy_l2": -0.08121, "dof_torques_l2": -0.00096, "dof_acc_l2": -0.08265, "dof_pos_limits": -0.0166, "episodes": 117, "base_contact": 0.06838, "pushes": 104}
it  315 steps  30965760 sps   39,278 | ep_ret   -1.39 ep_len  950.4 (n=119) | pg -0.009 vf 0.015 kl 0.0143 lr 1.7e-04
[anomaly] it 315: explained variance -0.56 < 0 after warm-up: value function not predicting returns
[anomaly] it 315: terminal-step reward dominates the episode: survival is being punished
[anomaly] it 315: joint limit violated by 0.24 rad
terrain it  315 mean_level 1.4170
terms it  315 {"track_lin_vel_xy_exp": 0.63778, "track_ang_vel_z_exp": 0.31437, "feet_air_time": 0.00352, "feet_slide": -0.04563, "joint_deviation": -0.25757, "flat_orientation_l2": -0.02424, "action_rate_l2": -0.49578, "termination_penalty": -0.02353, "lin_vel_z_l2": 0.0, "ang_vel_xy_l2": -0.0797, "dof_torques_l2": -0.00093, "dof_acc_l2": -0.08191, "dof_pos_limits": -0.0161, "episodes": 119, "base_contact": 0.11765, "pushes": 70}
it  316 steps  31064064 sps   39,275 | ep_ret   -1.37 ep_len  948.1 (n=114) | pg -0.009 vf 0.012 kl 0.0138 lr 1.7e-04
[anomaly] it 316: explained variance -0.53 < 0 after warm-up: value function not predicting returns
[anomaly] it 316: terminal-step reward dominates the episode: survival is being punished
[anomaly] it 316: joint limit violated by 0.13 rad
terrain it  316 mean_level 1.4346
terms it  316 {"track_lin_vel_xy_exp": 0.63327, "track_ang_vel_z_exp": 0.31452, "feet_air_time": 0.00367, "feet_slide": -0.04496, "joint_deviation": -0.25508, "flat_orientation_l2": -0.02362, "action_rate_l2": -0.49527, "termination_penalty": -0.02456, "lin_vel_z_l2": 0.0, "ang_vel_xy_l2": -0.07922, "dof_torques_l2": -0.00093, "dof_acc_l2": -0.07962, "dof_pos_limits": -0.01672, "episodes": 114, "base_contact": 0.12281, "pushes": 71}
it  317 steps  31162368 sps   39,272 | ep_ret   -1.01 ep_len  959.9 (n=88) | pg -0.010 vf 0.011 kl 0.0135 lr 1.7e-04
[anomaly] it 317: explained variance -1.18 < 0 after warm-up: value function not predicting returns
[anomaly] it 317: terminal-step reward dominates the episode: survival is being punished
[anomaly] it 317: joint limit violated by 0.11 rad
terrain it  317 mean_level 1.4480
terms it  317 {"track_lin_vel_xy_exp": 0.64756, "track_ang_vel_z_exp": 0.31988, "feet_air_time": 0.00363, "feet_slide": -0.04579, "joint_deviation": -0.25844, "flat_orientation_l2": -0.02305, "action_rate_l2": -0.50128, "termination_penalty": -0.01591, "lin_vel_z_l2": 0.0, "ang_vel_xy_l2": -0.07864, "dof_torques_l2": -0.00094, "dof_acc_l2": -0.0812, "dof_pos_limits": -0.01645, "episodes": 88, "base_contact": 0.07955, "pushes": 91}
it  318 steps  31260672 sps   39,269 | ep_ret   -0.98 ep_len  973.4 (n=98) | pg -0.009 vf 0.012 kl 0.0149 lr 1.7e-04
[anomaly] it 318: explained variance -4.81 < 0 after warm-up: value function not predicting returns
[anomaly] it 318: terminal-step reward dominates the episode: survival is being punished
[anomaly] it 318: joint limit violated by 0.12 rad
terrain it  318 mean_level 1.4617
terms it  318 {"track_lin_vel_xy_exp": 0.65882, "track_ang_vel_z_exp": 0.32245, "feet_air_time": 0.0037, "feet_slide": -0.04643, "joint_deviation": -0.26214, "flat_orientation_l2": -0.02398, "action_rate_l2": -0.50893, "termination_penalty": -0.01429, "lin_vel_z_l2": 0.0, "ang_vel_xy_l2": -0.07961, "dof_torques_l2": -0.00095, "dof_acc_l2": -0.08109, "dof_pos_limits": -0.01639, "episodes": 98, "base_contact": 0.07143, "pushes": 90}
it  319 steps  31358976 sps   39,265 | ep_ret   -0.96 ep_len  972.6 (n=112) | pg -0.010 vf 0.012 kl 0.0157 lr 2.6e-04
[anomaly] it 319: explained variance -2.56 < 0 after warm-up: value function not predicting returns
[anomaly] it 319: terminal-step reward dominates the episode: survival is being punished
[anomaly] it 319: joint limit violated by 0.11 rad
terrain it  319 mean_level 1.4785
terms it  319 {"track_lin_vel_xy_exp": 0.6541, "track_ang_vel_z_exp": 0.32227, "feet_air_time": 0.00366, "feet_slide": -0.04653, "joint_deviation": -0.26025, "flat_orientation_l2": -0.02254, "action_rate_l2": -0.50873, "termination_penalty": -0.01071, "lin_vel_z_l2": 0.0, "ang_vel_xy_l2": -0.07928, "dof_torques_l2": -0.00096, "dof_acc_l2": -0.08229, "dof_pos_limits": -0.01682, "episodes": 112, "base_contact": 0.05357, "pushes": 94}
it  320 steps  31457280 sps   39,262 | ep_ret   -1.11 ep_len  944.5 (n=113) | pg -0.008 vf 0.013 kl 0.0141 lr 1.7e-04
[anomaly] it 320: explained variance -0.47 < 0 after warm-up: value function not predicting returns
[anomaly] it 320: terminal-step reward dominates the episode: survival is being punished
[anomaly] it 320: joint limit violated by 0.10 rad
terrain it  320 mean_level 1.4922
terms it  320 {"track_lin_vel_xy_exp": 0.64076, "track_ang_vel_z_exp": 0.31796, "feet_air_time": 0.00346, "feet_slide": -0.04541, "joint_deviation": -0.25572, "flat_orientation_l2": -0.02345, "action_rate_l2": -0.49327, "termination_penalty": -0.02301, "lin_vel_z_l2": 0.0, "ang_vel_xy_l2": -0.07747, "dof_torques_l2": -0.00092, "dof_acc_l2": -0.08214, "dof_pos_limits": -0.01605, "episodes": 113, "base_contact": 0.11504, "pushes": 88}
it  321 steps  31555584 sps   39,260 | ep_ret   -1.46 ep_len  956.6 (n=87) | pg -0.010 vf 0.010 kl 0.0147 lr 2.6e-04
[anomaly] it 321: explained variance -1.31 < 0 after warm-up: value function not predicting returns
[anomaly] it 321: terminal-step reward dominates the episode: survival is being punished
[anomaly] it 321: joint limit violated by 0.10 rad
terrain it  321 mean_level 1.5081
terms it  321 {"track_lin_vel_xy_exp": 0.63458, "track_ang_vel_z_exp": 0.31927, "feet_air_time": 0.00361, "feet_slide": -0.04606, "joint_deviation": -0.2603, "flat_orientation_l2": -0.0248, "action_rate_l2": -0.50003, "termination_penalty": -0.01839, "lin_vel_z_l2": 0.0, "ang_vel_xy_l2": -0.07938, "dof_torques_l2": -0.00096, "dof_acc_l2": -0.08298, "dof_pos_limits": -0.01754, "episodes": 87, "base_contact": 0.09195, "pushes": 84}
it  322 steps  31653888 sps   39,257 | ep_ret   -0.90 ep_len  969.0 (n=97) | pg -0.008 vf 0.013 kl 0.0161 lr 1.7e-04
[anomaly] it 322: explained variance -0.92 < 0 after warm-up: value function not predicting returns
[anomaly] it 322: terminal-step reward dominates the episode: survival is being punished
[anomaly] it 322: joint limit violated by 0.15 rad
terrain it  322 mean_level 1.5247
terms it  322 {"track_lin_vel_xy_exp": 0.65546, "track_ang_vel_z_exp": 0.32496, "feet_air_time": 0.00363, "feet_slide": -0.04588, "joint_deviation": -0.26174, "flat_orientation_l2": -0.0237, "action_rate_l2": -0.50617, "termination_penalty": -0.01649, "lin_vel_z_l2": 0.0, "ang_vel_xy_l2": -0.07811, "dof_torques_l2": -0.00094, "dof_acc_l2": -0.07886, "dof_pos_limits": -0.01703, "episodes": 97, "base_contact": 0.08247, "pushes": 72}
it  323 steps  31752192 sps   39,254 | ep_ret   -1.05 ep_len  948.9 (n=98) | pg -0.009 vf 0.010 kl 0.0151 lr 2.6e-04
[anomaly] it 323: explained variance -0.32 < 0 after warm-up: value function not predicting returns
[anomaly] it 323: terminal-step reward dominates the episode: survival is being punished
[anomaly] it 323: joint limit violated by 0.10 rad
terrain it  323 mean_level 1.5410
terms it  323 {"track_lin_vel_xy_exp": 0.64334, "track_ang_vel_z_exp": 0.32009, "feet_air_time": 0.00343, "feet_slide": -0.04511, "joint_deviation": -0.2567, "flat_orientation_l2": -0.0232, "action_rate_l2": -0.49591, "termination_penalty": -0.02449, "lin_vel_z_l2": 0.0, "ang_vel_xy_l2": -0.07797, "dof_torques_l2": -0.00093, "dof_acc_l2": -0.07843, "dof_pos_limits": -0.01685, "episodes": 98, "base_contact": 0.12245, "pushes": 94}
it  324 steps  31850496 sps   39,250 | ep_ret   -0.60 ep_len  988.6 (n=88) | pg -0.010 vf 0.011 kl 0.0142 lr 1.7e-04
[anomaly] it 324: explained variance -1.83 < 0 after warm-up: value function not predicting returns
[anomaly] it 324: terminal-step reward dominates the episode: survival is being punished
[anomaly] it 324: joint limit violated by 0.11 rad
terrain it  324 mean_level 1.5552
terms it  324 {"track_lin_vel_xy_exp": 0.67, "track_ang_vel_z_exp": 0.33761, "feet_air_time": 0.00378, "feet_slide": -0.04726, "joint_deviation": -0.26584, "flat_orientation_l2": -0.02352, "action_rate_l2": -0.51676, "termination_penalty": -0.00909, "lin_vel_z_l2": 0.0, "ang_vel_xy_l2": -0.07825, "dof_torques_l2": -0.00095, "dof_acc_l2": -0.08243, "dof_pos_limits": -0.0173, "episodes": 88, "base_contact": 0.04545, "pushes": 104}
it  325 steps  31948800 sps   39,247 | ep_ret   -0.71 ep_len  971.1 (n=101) | pg -0.010 vf 0.011 kl 0.0135 lr 2.6e-04
[anomaly] it 325: explained variance -1.15 < 0 after warm-up: value function not predicting returns
[anomaly] it 325: terminal-step reward dominates the episode: survival is being punished
[anomaly] it 325: joint limit violated by 0.13 rad
terrain it  325 mean_level 1.5688
terms it  325 {"track_lin_vel_xy_exp": 0.65882, "track_ang_vel_z_exp": 0.32804, "feet_air_time": 0.00355, "feet_slide": -0.04644, "joint_deviation": -0.26037, "flat_orientation_l2": -0.02221, "action_rate_l2": -0.50608, "termination_penalty": -0.01188, "lin_vel_z_l2": 0.0, "ang_vel_xy_l2": -0.07796, "dof_torques_l2": -0.00094, "dof_acc_l2": -0.08297, "dof_pos_limits": -0.01729, "episodes": 101, "base_contact": 0.05941, "pushes": 101}
it  326 steps  32047104 sps   39,244 | ep_ret   -0.81 ep_len  978.8 (n=99) | pg -0.009 vf 0.010 kl 0.0152 lr 2.6e-04
[anomaly] it 326: explained variance -2.25 < 0 after warm-up: value function not predicting returns
[anomaly] it 326: terminal-step reward dominates the episode: survival is being punished
[anomaly] it 326: joint limit violated by 0.10 rad
terrain it  326 mean_level 1.5830
terms it  326 {"track_lin_vel_xy_exp": 0.6597, "track_ang_vel_z_exp": 0.33041, "feet_air_time": 0.00363, "feet_slide": -0.04655, "joint_deviation": -0.26292, "flat_orientation_l2": -0.02256, "action_rate_l2": -0.51221, "termination_penalty": -0.00808, "lin_vel_z_l2": 0.0, "ang_vel_xy_l2": -0.07904, "dof_torques_l2": -0.00096, "dof_acc_l2": -0.08419, "dof_pos_limits": -0.01783, "episodes": 99, "base_contact": 0.0404, "pushes": 92}
it  327 steps  32145408 sps   39,242 | ep_ret   -0.80 ep_len  975.8 (n=99) | pg -0.009 vf 0.012 kl 0.0168 lr 2.6e-04
[anomaly] it 327: explained variance -0.72 < 0 after warm-up: value function not predicting returns
[anomaly] it 327: terminal-step reward dominates the episode: survival is being punished
[anomaly] it 327: joint limit violated by 0.10 rad
terrain it  327 mean_level 1.6001
terms it  327 {"track_lin_vel_xy_exp": 0.65881, "track_ang_vel_z_exp": 0.33209, "feet_air_time": 0.00349, "feet_slide": -0.04655, "joint_deviation": -0.26221, "flat_orientation_l2": -0.02338, "action_rate_l2": -0.51054, "termination_penalty": -0.01212, "lin_vel_z_l2": 0.0, "ang_vel_xy_l2": -0.07824, "dof_torques_l2": -0.00095, "dof_acc_l2": -0.08278, "dof_pos_limits": -0.01757, "episodes": 99, "base_contact": 0.06061, "pushes": 109}
it  328 steps  32243712 sps   39,239 | ep_ret   -0.85 ep_len  971.3 (n=82) | pg -0.010 vf 0.012 kl 0.0152 lr 2.6e-04
[anomaly] it 328: explained variance -2.06 < 0 after warm-up: value function not predicting returns
[anomaly] it 328: terminal-step reward dominates the episode: survival is being punished
[anomaly] it 328: joint limit violated by 0.12 rad
terrain it  328 mean_level 1.6135
terms it  328 {"track_lin_vel_xy_exp": 0.65557, "track_ang_vel_z_exp": 0.32849, "feet_air_time": 0.00378, "feet_slide": -0.04588, "joint_deviation": -0.26077, "flat_orientation_l2": -0.02352, "action_rate_l2": -0.50803, "termination_penalty": -0.01463, "lin_vel_z_l2": 0.0, "ang_vel_xy_l2": -0.0772, "dof_torques_l2": -0.00096, "dof_acc_l2": -0.08181, "dof_pos_limits": -0.01757, "episodes": 82, "base_contact": 0.07317, "pushes": 101}
it  329 steps  32342016 sps   39,234 | ep_ret   -0.83 ep_len  981.1 (n=93) | pg -0.009 vf 0.015 kl 0.0146 lr 1.7e-04
[anomaly] it 329: explained variance -3.71 < 0 after warm-up: value function not predicting returns
[anomaly] it 329: terminal-step reward dominates the episode: survival is being punished
[anomaly] it 329: joint limit violated by 0.11 rad
terrain it  329 mean_level 1.6248
terms it  329 {"track_lin_vel_xy_exp": 0.6617, "track_ang_vel_z_exp": 0.33002, "feet_air_time": 0.00361, "feet_slide": -0.04649, "joint_deviation": -0.26311, "flat_orientation_l2": -0.0235, "action_rate_l2": -0.51407, "termination_penalty": -0.01075, "lin_vel_z_l2": 0.0, "ang_vel_xy_l2": -0.07794, "dof_torques_l2": -0.00095, "dof_acc_l2": -0.08281, "dof_pos_limits": -0.01703, "episodes": 93, "base_contact": 0.05376, "pushes": 96}
it  330 steps  32440320 sps   39,230 | ep_ret   -0.86 ep_len  947.1 (n=94) | pg -0.010 vf 0.014 kl 0.0143 lr 1.7e-04
[anomaly] it 330: explained variance -0.33 < 0 after warm-up: value function not predicting returns
[anomaly] it 330: terminal-step reward dominates the episode: survival is being punished
[anomaly] it 330: joint limit violated by 0.12 rad
terrain it  330 mean_level 1.6377
terms it  330 {"track_lin_vel_xy_exp": 0.64672, "track_ang_vel_z_exp": 0.32726, "feet_air_time": 0.00356, "feet_slide": -0.04497, "joint_deviation": -0.25428, "flat_orientation_l2": -0.02281, "action_rate_l2": -0.49471, "termination_penalty": -0.02979, "lin_vel_z_l2": 0.0, "ang_vel_xy_l2": -0.07584, "dof_torques_l2": -0.00092, "dof_acc_l2": -0.08104, "dof_pos_limits": -0.01603, "episodes": 94, "base_contact": 0.14894, "pushes": 118}
it  331 steps  32538624 sps   39,226 | ep_ret   -0.60 ep_len  949.1 (n=90) | pg -0.010 vf 0.013 kl 0.0132 lr 2.6e-04
[anomaly] it 331: explained variance -1.05 < 0 after warm-up: value function not predicting returns
[anomaly] it 331: terminal-step reward dominates the episode: survival is being punished
[anomaly] it 331: joint limit violated by 0.31 rad
terrain it  331 mean_level 1.6521
terms it  331 {"track_lin_vel_xy_exp": 0.64999, "track_ang_vel_z_exp": 0.33021, "feet_air_time": 0.00351, "feet_slide": -0.0443, "joint_deviation": -0.25421, "flat_orientation_l2": -0.02285, "action_rate_l2": -0.49574, "termination_penalty": -0.02444, "lin_vel_z_l2": 0.0, "ang_vel_xy_l2": -0.07549, "dof_torques_l2": -0.0009, "dof_acc_l2": -0.07968, "dof_pos_limits": -0.01616, "episodes": 90, "base_contact": 0.12222, "pushes": 107}
it  332 steps  32636928 sps   39,223 | ep_ret   -1.07 ep_len  953.5 (n=88) | pg -0.009 vf 0.015 kl 0.0160 lr 2.6e-04
[anomaly] it 332: explained variance -0.65 < 0 after warm-up: value function not predicting returns
[anomaly] it 332: terminal-step reward dominates the episode: survival is being punished
[anomaly] it 332: joint limit violated by 0.12 rad
terrain it  332 mean_level 1.6675
terms it  332 {"track_lin_vel_xy_exp": 0.64292, "track_ang_vel_z_exp": 0.32777, "feet_air_time": 0.0034, "feet_slide": -0.0451, "joint_deviation": -0.25687, "flat_orientation_l2": -0.02473, "action_rate_l2": -0.49818, "termination_penalty": -0.02727, "lin_vel_z_l2": 0.0, "ang_vel_xy_l2": -0.07631, "dof_torques_l2": -0.00093, "dof_acc_l2": -0.0813, "dof_pos_limits": -0.01687, "episodes": 88, "base_contact": 0.13636, "pushes": 115}
it  333 steps  32735232 sps   39,219 | ep_ret   -0.44 ep_len  954.3 (n=105) | pg -0.008 vf 0.015 kl 0.0158 lr 2.6e-04
[anomaly] it 333: explained variance -1.82 < 0 after warm-up: value function not predicting returns
[anomaly] it 333: terminal-step reward dominates the episode: survival is being punished
[anomaly] it 333: joint limit violated by 0.19 rad
terrain it  333 mean_level 1.6790
terms it  333 {"track_lin_vel_xy_exp": 0.65265, "track_ang_vel_z_exp": 0.33228, "feet_air_time": 0.00335, "feet_slide": -0.04445, "joint_deviation": -0.25613, "flat_orientation_l2": -0.02249, "action_rate_l2": -0.49823, "termination_penalty": -0.01714, "lin_vel_z_l2": 0.0, "ang_vel_xy_l2": -0.07475, "dof_torques_l2": -0.00091, "dof_acc_l2": -0.07937, "dof_pos_limits": -0.01688, "episodes": 105, "base_contact": 0.08571, "pushes": 97}
it  334 steps  32833536 sps   39,216 | ep_ret   -0.91 ep_len  969.0 (n=89) | pg -0.004 vf 0.013 kl 0.0139 lr 1.1e-04
[anomaly] it 334: explained variance -1.92 < 0 after warm-up: value function not predicting returns
[anomaly] it 334: terminal-step reward dominates the episode: survival is being punished
[anomaly] it 334: joint limit violated by 0.29 rad
terrain it  334 mean_level 1.6914
terms it  334 {"track_lin_vel_xy_exp": 0.65021, "track_ang_vel_z_exp": 0.33375, "feet_air_time": 0.00385, "feet_slide": -0.04555, "joint_deviation": -0.2603, "flat_orientation_l2": -0.02412, "action_rate_l2": -0.50797, "termination_penalty": -0.01573, "lin_vel_z_l2": 0.0, "ang_vel_xy_l2": -0.07605, "dof_torques_l2": -0.00095, "dof_acc_l2": -0.08388, "dof_pos_limits": -0.01862, "episodes": 89, "base_contact": 0.07865, "pushes": 91}
it  335 steps  32931840 sps   39,212 | ep_ret   -0.68 ep_len  941.0 (n=85) | pg -0.009 vf 0.013 kl 0.0153 lr 2.6e-04
[anomaly] it 335: explained variance -0.88 < 0 after warm-up: value function not predicting returns
[anomaly] it 335: terminal-step reward dominates the episode: survival is being punished
[anomaly] it 335: joint limit violated by 0.14 rad
terrain it  335 mean_level 1.7021
terms it  335 {"track_lin_vel_xy_exp": 0.64113, "track_ang_vel_z_exp": 0.32784, "feet_air_time": 0.00352, "feet_slide": -0.04432, "joint_deviation": -0.25243, "flat_orientation_l2": -0.02425, "action_rate_l2": -0.49205, "termination_penalty": -0.02353, "lin_vel_z_l2": 0.0, "ang_vel_xy_l2": -0.07343, "dof_torques_l2": -0.00092, "dof_acc_l2": -0.07897, "dof_pos_limits": -0.01671, "episodes": 85, "base_contact": 0.11765, "pushes": 124}
it  336 steps  33030144 sps   39,209 | ep_ret   -0.72 ep_len  965.2 (n=83) | pg -0.008 vf 0.014 kl 0.0141 lr 1.7e-04
[anomaly] it 336: explained variance -1.67 < 0 after warm-up: value function not predicting returns
[anomaly] it 336: terminal-step reward dominates the episode: survival is being punished
[anomaly] it 336: joint limit violated by 0.11 rad
terrain it  336 mean_level 1.7161
terms it  336 {"track_lin_vel_xy_exp": 0.64679, "track_ang_vel_z_exp": 0.33656, "feet_air_time": 0.0037, "feet_slide": -0.04479, "joint_deviation": -0.25931, "flat_orientation_l2": -0.02633, "action_rate_l2": -0.5052, "termination_penalty": -0.01446, "lin_vel_z_l2": 0.0, "ang_vel_xy_l2": -0.07532, "dof_torques_l2": -0.00093, "dof_acc_l2": -0.07939, "dof_pos_limits": -0.01738, "episodes": 83, "base_contact": 0.07229, "pushes": 125}
it  337 steps  33128448 sps   39,206 | ep_ret   -0.55 ep_len  956.2 (n=93) | pg -0.010 vf 0.012 kl 0.0146 lr 1.7e-04
[anomaly] it 337: explained variance -2.15 < 0 after warm-up: value function not predicting returns
[anomaly] it 337: terminal-step reward dominates the episode: survival is being punished
[anomaly] it 337: joint limit violated by 0.32 rad
terrain it  337 mean_level 1.7317
terms it  337 {"track_lin_vel_xy_exp": 0.65333, "track_ang_vel_z_exp": 0.33251, "feet_air_time": 0.00384, "feet_slide": -0.04484, "joint_deviation": -0.25567, "flat_orientation_l2": -0.02365, "action_rate_l2": -0.49921, "termination_penalty": -0.02151, "lin_vel_z_l2": 0.0, "ang_vel_xy_l2": -0.074, "dof_torques_l2": -0.00092, "dof_acc_l2": -0.08006, "dof_pos_limits": -0.01741, "episodes": 93, "base_contact": 0.10753, "pushes": 121}
it  338 steps  33226752 sps   39,201 | ep_ret   -0.77 ep_len  928.4 (n=88) | pg -0.010 vf 0.015 kl 0.0140 lr 1.7e-04
[anomaly] it 338: explained variance -0.98 < 0 after warm-up: value function not predicting returns
[anomaly] it 338: terminal-step reward dominates the episode: survival is being punished
[anomaly] it 338: joint limit violated by 0.28 rad
terrain it  338 mean_level 1.7419
terms it  338 {"track_lin_vel_xy_exp": 0.63123, "track_ang_vel_z_exp": 0.32603, "feet_air_time": 0.00355, "feet_slide": -0.04312, "joint_deviation": -0.24916, "flat_orientation_l2": -0.02549, "action_rate_l2": -0.48545, "termination_penalty": -0.02727, "lin_vel_z_l2": 0.0, "ang_vel_xy_l2": -0.07252, "dof_torques_l2": -0.0009, "dof_acc_l2": -0.07855, "dof_pos_limits": -0.01711, "episodes": 88, "base_contact": 0.13636, "pushes": 108}
it  339 steps  33325056 sps   39,197 | ep_ret   -0.71 ep_len  947.3 (n=102) | pg -0.009 vf 0.015 kl 0.0153 lr 1.7e-04
[anomaly] it 339: explained variance -1.28 < 0 after warm-up: value function not predicting returns
[anomaly] it 339: terminal-step reward dominates the episode: survival is being punished
[anomaly] it 339: joint limit violated by 0.19 rad
terrain it  339 mean_level 1.7568
terms it  339 {"track_lin_vel_xy_exp": 0.64506, "track_ang_vel_z_exp": 0.3248, "feet_air_time": 0.00362, "feet_slide": -0.04424, "joint_deviation": -0.25311, "flat_orientation_l2": -0.02391, "action_rate_l2": -0.49376, "termination_penalty": -0.02353, "lin_vel_z_l2": 0.0, "ang_vel_xy_l2": -0.07311, "dof_torques_l2": -0.00091, "dof_acc_l2": -0.07886, "dof_pos_limits": -0.01753, "episodes": 102, "base_contact": 0.11765, "pushes": 107}
it  340 steps  33423360 sps   39,195 | ep_ret   -1.02 ep_len  930.4 (n=102) | pg -0.008 vf 0.013 kl 0.0122 lr 1.1e-04
[anomaly] it 340: explained variance -0.65 < 0 after warm-up: value function not predicting returns
[anomaly] it 340: terminal-step reward dominates the episode: survival is being punished
[anomaly] it 340: joint limit violated by 0.13 rad
terrain it  340 mean_level 1.7710
terms it  340 {"track_lin_vel_xy_exp": 0.62742, "track_ang_vel_z_exp": 0.32296, "feet_air_time": 0.00361, "feet_slide": -0.0431, "joint_deviation": -0.24964, "flat_orientation_l2": -0.02502, "action_rate_l2": -0.48677, "termination_penalty": -0.02941, "lin_vel_z_l2": 0.0, "ang_vel_xy_l2": -0.07267, "dof_torques_l2": -0.0009, "dof_acc_l2": -0.07998, "dof_pos_limits": -0.01736, "episodes": 102, "base_contact": 0.14706, "pushes": 122}
it  341 steps  33521664 sps   39,190 | ep_ret   -0.45 ep_len  957.1 (n=86) | pg -0.010 vf 0.014 kl 0.0151 lr 2.6e-04
[anomaly] it 341: explained variance -1.71 < 0 after warm-up: value function not predicting returns
[anomaly] it 341: terminal-step reward dominates the episode: survival is being punished
[anomaly] it 341: joint limit violated by 0.28 rad
terrain it  341 mean_level 1.7847
terms it  341 {"track_lin_vel_xy_exp": 0.65486, "track_ang_vel_z_exp": 0.33671, "feet_air_time": 0.00356, "feet_slide": -0.04407, "joint_deviation": -0.25544, "flat_orientation_l2": -0.02499, "action_rate_l2": -0.50119, "termination_penalty": -0.02093, "lin_vel_z_l2": 0.0, "ang_vel_xy_l2": -0.07285, "dof_torques_l2": -0.00092, "dof_acc_l2": -0.08058, "dof_pos_limits": -0.01688, "episodes": 86, "base_contact": 0.10465, "pushes": 98}
it  342 steps  33619968 sps   39,187 | ep_ret   -0.05 ep_len  973.6 (n=94) | pg -0.007 vf 0.014 kl 0.0159 lr 1.7e-04
[anomaly] it 342: explained variance -3.49 < 0 after warm-up: value function not predicting returns
[anomaly] it 342: terminal-step reward dominates the episode: survival is being punished
[anomaly] it 342: joint limit violated by 0.11 rad
terrain it  342 mean_level 1.8005
terms it  342 {"track_lin_vel_xy_exp": 0.66769, "track_ang_vel_z_exp": 0.34688, "feet_air_time": 0.00379, "feet_slide": -0.0448, "joint_deviation": -0.2599, "flat_orientation_l2": -0.02473, "action_rate_l2": -0.50785, "termination_penalty": -0.01277, "lin_vel_z_l2": 0.0, "ang_vel_xy_l2": -0.07307, "dof_torques_l2": -0.00092, "dof_acc_l2": -0.07981, "dof_pos_limits": -0.01714, "episodes": 94, "base_contact": 0.06383, "pushes": 119}
it  343 steps  33718272 sps   39,182 | ep_ret   -0.16 ep_len  956.8 (n=97) | pg -0.008 vf 0.014 kl 0.0148 lr 1.7e-04
[anomaly] it 343: explained variance -0.88 < 0 after warm-up: value function not predicting returns
[anomaly] it 343: terminal-step reward dominates the episode: survival is being punished
[anomaly] it 343: joint limit violated by 0.13 rad
terrain it  343 mean_level 1.8123
terms it  343 {"track_lin_vel_xy_exp": 0.66289, "track_ang_vel_z_exp": 0.33683, "feet_air_time": 0.00362, "feet_slide": -0.04401, "joint_deviation": -0.25468, "flat_orientation_l2": -0.02482, "action_rate_l2": -0.49903, "termination_penalty": -0.02268, "lin_vel_z_l2": 0.0, "ang_vel_xy_l2": -0.07159, "dof_torques_l2": -0.0009, "dof_acc_l2": -0.07731, "dof_pos_limits": -0.01612, "episodes": 97, "base_contact": 0.1134, "pushes": 95}
it  344 steps  33816576 sps   39,178 | ep_ret   -0.21 ep_len  957.1 (n=104) | pg -0.009 vf 0.015 kl 0.0151 lr 2.6e-04
[anomaly] it 344: explained variance -1.40 < 0 after warm-up: value function not predicting returns
[anomaly] it 344: terminal-step reward dominates the episode: survival is being punished
[anomaly] it 344: joint limit violated by 0.14 rad
terrain it  344 mean_level 1.8259
terms it  344 {"track_lin_vel_xy_exp": 0.65912, "track_ang_vel_z_exp": 0.34272, "feet_air_time": 0.00371, "feet_slide": -0.04369, "joint_deviation": -0.25517, "flat_orientation_l2": -0.02583, "action_rate_l2": -0.49984, "termination_penalty": -0.02308, "lin_vel_z_l2": 0.0, "ang_vel_xy_l2": -0.07195, "dof_torques_l2": -0.0009, "dof_acc_l2": -0.07888, "dof_pos_limits": -0.01683, "episodes": 104, "base_contact": 0.11538, "pushes": 108}
it  345 steps  33914880 sps   39,174 | ep_ret   -0.48 ep_len  943.4 (n=109) | pg -0.008 vf 0.013 kl 0.0136 lr 1.7e-04
[anomaly] it 345: explained variance -1.06 < 0 after warm-up: value function not predicting returns
[anomaly] it 345: terminal-step reward dominates the episode: survival is being punished
[anomaly] it 345: joint limit violated by 0.40 rad
terrain it  345 mean_level 1.8396
terms it  345 {"track_lin_vel_xy_exp": 0.64504, "track_ang_vel_z_exp": 0.33594, "feet_air_time": 0.00346, "feet_slide": -0.04295, "joint_deviation": -0.25155, "flat_orientation_l2": -0.02614, "action_rate_l2": -0.49258, "termination_penalty": -0.02569, "lin_vel_z_l2": 0.0, "ang_vel_xy_l2": -0.07228, "dof_torques_l2": -0.00088, "dof_acc_l2": -0.07941, "dof_pos_limits": -0.0169, "episodes": 109, "base_contact": 0.12844, "pushes": 97}
it  346 steps  34013184 sps   39,171 | ep_ret   -0.02 ep_len  959.3 (n=117) | pg -0.009 vf 0.013 kl 0.0157 lr 2.6e-04
[anomaly] it 346: explained variance -1.13 < 0 after warm-up: value function not predicting returns
[anomaly] it 346: terminal-step reward dominates the episode: survival is being punished
[anomaly] it 346: joint limit violated by 0.11 rad
terrain it  346 mean_level 1.8572
terms it  346 {"track_lin_vel_xy_exp": 0.66145, "track_ang_vel_z_exp": 0.34372, "feet_air_time": 0.00363, "feet_slide": -0.04343, "joint_deviation": -0.2564, "flat_orientation_l2": -0.02542, "action_rate_l2": -0.50038, "termination_penalty": -0.0188, "lin_vel_z_l2": 0.0, "ang_vel_xy_l2": -0.07169, "dof_torques_l2": -0.00089, "dof_acc_l2": -0.07609, "dof_pos_limits": -0.01693, "episodes": 117, "base_contact": 0.09402, "pushes": 90}
it  347 steps  34111488 sps   39,167 | ep_ret    0.28 ep_len  968.8 (n=115) | pg -0.005 vf 0.016 kl 0.0134 lr 5.1e-05
[anomaly] it 347: explained variance -1.65 < 0 after warm-up: value function not predicting returns
[anomaly] it 347: terminal-step reward dominates the episode: survival is being punished
[anomaly] it 347: joint limit violated by 0.17 rad
terrain it  347 mean_level 1.8728
terms it  347 {"track_lin_vel_xy_exp": 0.67236, "track_ang_vel_z_exp": 0.34646, "feet_air_time": 0.00376, "feet_slide": -0.04326, "joint_deviation": -0.25764, "flat_orientation_l2": -0.02572, "action_rate_l2": -0.50371, "termination_penalty": -0.01391, "lin_vel_z_l2": 0.0, "ang_vel_xy_l2": -0.07113, "dof_torques_l2": -0.0009, "dof_acc_l2": -0.07571, "dof_pos_limits": -0.0166, "episodes": 115, "base_contact": 0.06957, "pushes": 100}
it  348 steps  34209792 sps   39,164 | ep_ret    0.35 ep_len  973.1 (n=115) | pg -0.010 vf 0.011 kl 0.0119 lr 1.7e-04
[anomaly] it 348: explained variance -1.30 < 0 after warm-up: value function not predicting returns
[anomaly] it 348: terminal-step reward dominates the episode: survival is being punished
[anomaly] it 348: joint limit violated by 0.48 rad
terrain it  348 mean_level 1.8877
terms it  348 {"track_lin_vel_xy_exp": 0.67755, "track_ang_vel_z_exp": 0.35207, "feet_air_time": 0.00371, "feet_slide": -0.04412, "joint_deviation": -0.25898, "flat_orientation_l2": -0.02499, "action_rate_l2": -0.50648, "termination_penalty": -0.01391, "lin_vel_z_l2": 0.0, "ang_vel_xy_l2": -0.07159, "dof_torques_l2": -0.00089, "dof_acc_l2": -0.07859, "dof_pos_limits": -0.01617, "episodes": 115, "base_contact": 0.06957, "pushes": 109}
it  349 steps  34308096 sps   39,159 | ep_ret    0.28 ep_len  966.2 (n=127) | pg -0.008 vf 0.012 kl 0.0131 lr 1.1e-04
[anomaly] it 349: explained variance -1.07 < 0 after warm-up: value function not predicting returns
[anomaly] it 349: terminal-step reward dominates the episode: survival is being punished
[anomaly] it 349: joint limit violated by 0.10 rad
terrain it  349 mean_level 1.9031
terms it  349 {"track_lin_vel_xy_exp": 0.67069, "track_ang_vel_z_exp": 0.34967, "feet_air_time": 0.00379, "feet_slide": -0.04344, "joint_deviation": -0.25666, "flat_orientation_l2": -0.02697, "action_rate_l2": -0.50446, "termination_penalty": -0.01417, "lin_vel_z_l2": 0.0, "ang_vel_xy_l2": -0.07078, "dof_torques_l2": -0.00089, "dof_acc_l2": -0.07674, "dof_pos_limits": -0.01623, "episodes": 127, "base_contact": 0.07087, "pushes": 90}
it  350 steps  34406400 sps   39,154 | ep_ret    0.43 ep_len  984.1 (n=119) | pg -0.009 vf 0.013 kl 0.0146 lr 1.7e-04
[anomaly] it 350: explained variance -1.69 < 0 after warm-up: value function not predicting returns
[anomaly] it 350: terminal-step reward dominates the episode: survival is being punished
[anomaly] it 350: joint limit violated by 0.12 rad
terrain it  350 mean_level 1.9211
terms it  350 {"track_lin_vel_xy_exp": 0.6829, "track_ang_vel_z_exp": 0.35468, "feet_air_time": 0.00385, "feet_slide": -0.0442, "joint_deviation": -0.26003, "flat_orientation_l2": -0.02578, "action_rate_l2": -0.51348, "termination_penalty": -0.0084, "lin_vel_z_l2": 0.0, "ang_vel_xy_l2": -0.07169, "dof_torques_l2": -0.00091, "dof_acc_l2": -0.07896, "dof_pos_limits": -0.01646, "episodes": 119, "base_contact": 0.04202, "pushes": 89}
it  351 steps  34504704 sps   39,150 | ep_ret    0.84 ep_len  984.5 (n=118) | pg -0.010 vf 0.014 kl 0.0145 lr 2.6e-04
[anomaly] it 351: explained variance -3.80 < 0 after warm-up: value function not predicting returns
[anomaly] it 351: terminal-step reward dominates the episode: survival is being punished
[anomaly] it 351: joint limit violated by 0.33 rad
terrain it  351 mean_level 1.9409
terms it  351 {"track_lin_vel_xy_exp": 0.69023, "track_ang_vel_z_exp": 0.36262, "feet_air_time": 0.00395, "feet_slide": -0.04397, "joint_deviation": -0.25928, "flat_orientation_l2": -0.02528, "action_rate_l2": -0.51408, "termination_penalty": -0.00678, "lin_vel_z_l2": 0.0, "ang_vel_xy_l2": -0.0703, "dof_torques_l2": -0.00089, "dof_acc_l2": -0.07793, "dof_pos_limits": -0.01638, "episodes": 118, "base_contact": 0.0339, "pushes": 83}
it  352 steps  34603008 sps   39,146 | ep_ret    0.48 ep_len  966.2 (n=131) | pg -0.008 vf 0.015 kl 0.0135 lr 1.7e-04
[anomaly] it 352: explained variance -1.04 < 0 after warm-up: value function not predicting returns
[anomaly] it 352: terminal-step reward dominates the episode: survival is being punished
[anomaly] it 352: joint limit violated by 0.44 rad
terrain it  352 mean_level 1.9587
terms it  352 {"track_lin_vel_xy_exp": 0.67608, "track_ang_vel_z_exp": 0.34991, "feet_air_time": 0.0039, "feet_slide": -0.04301, "joint_deviation": -0.25514, "flat_orientation_l2": -0.02607, "action_rate_l2": -0.50354, "termination_penalty": -0.01527, "lin_vel_z_l2": 0.0, "ang_vel_xy_l2": -0.06926, "dof_torques_l2": -0.00088, "dof_acc_l2": -0.07617, "dof_pos_limits": -0.01656, "episodes": 131, "base_contact": 0.07634, "pushes": 87}
it  353 steps  34701312 sps   39,143 | ep_ret    0.49 ep_len  953.7 (n=102) | pg -0.009 vf 0.014 kl 0.0140 lr 2.6e-04
[anomaly] it 353: explained variance -1.15 < 0 after warm-up: value function not predicting returns
[anomaly] it 353: terminal-step reward dominates the episode: survival is being punished
[anomaly] it 353: joint limit violated by 0.14 rad
terrain it  353 mean_level 1.9734
terms it  353 {"track_lin_vel_xy_exp": 0.67481, "track_ang_vel_z_exp": 0.34522, "feet_air_time": 0.00385, "feet_slide": -0.04218, "joint_deviation": -0.25266, "flat_orientation_l2": -0.02572, "action_rate_l2": -0.49693, "termination_penalty": -0.02353, "lin_vel_z_l2": 0.0, "ang_vel_xy_l2": -0.06852, "dof_torques_l2": -0.00086, "dof_acc_l2": -0.07377, "dof_pos_limits": -0.01522, "episodes": 102, "base_contact": 0.11765, "pushes": 90}
it  354 steps  34799616 sps   39,139 | ep_ret    0.60 ep_len  981.2 (n=128) | pg -0.009 vf 0.016 kl 0.0143 lr 1.1e-04
[anomaly] it 354: explained variance -2.81 < 0 after warm-up: value function not predicting returns
[anomaly] it 354: terminal-step reward dominates the episode: survival is being punished
[anomaly] it 354: joint limit violated by 0.10 rad
terrain it  354 mean_level 1.9915
terms it  354 {"track_lin_vel_xy_exp": 0.68559, "track_ang_vel_z_exp": 0.35816, "feet_air_time": 0.0039, "feet_slide": -0.04326, "joint_deviation": -0.25951, "flat_orientation_l2": -0.0265, "action_rate_l2": -0.51227, "termination_penalty": -0.01094, "lin_vel_z_l2": 0.0, "ang_vel_xy_l2": -0.07067, "dof_torques_l2": -0.00091, "dof_acc_l2": -0.07586, "dof_pos_limits": -0.01779, "episodes": 128, "base_contact": 0.05469, "pushes": 102}
it  355 steps  34897920 sps   39,136 | ep_ret    0.22 ep_len  954.0 (n=118) | pg -0.009 vf 0.017 kl 0.0151 lr 1.7e-04
[anomaly] it 355: explained variance -1.06 < 0 after warm-up: value function not predicting returns
[anomaly] it 355: terminal-step reward dominates the episode: survival is being punished
[anomaly] it 355: joint limit violated by 0.34 rad
terrain it  355 mean_level 2.0081
terms it  355 {"track_lin_vel_xy_exp": 0.66309, "track_ang_vel_z_exp": 0.34926, "feet_air_time": 0.0037, "feet_slide": -0.04226, "joint_deviation": -0.25313, "flat_orientation_l2": -0.02755, "action_rate_l2": -0.49765, "termination_penalty": -0.02203, "lin_vel_z_l2": 0.0, "ang_vel_xy_l2": -0.06953, "dof_torques_l2": -0.00087, "dof_acc_l2": -0.07552, "dof_pos_limits": -0.01648, "episodes": 118, "base_contact": 0.11017, "pushes": 97}
it  356 steps  34996224 sps   39,132 | ep_ret    0.29 ep_len  944.2 (n=124) | pg -0.009 vf 0.013 kl 0.0138 lr 2.6e-04
[anomaly] it 356: explained variance -2.02 < 0 after warm-up: value function not predicting returns
[anomaly] it 356: terminal-step reward dominates the episode: survival is being punished
[anomaly] it 356: joint limit violated by 0.09 rad
terrain it  356 mean_level 2.0261
terms it  356 {"track_lin_vel_xy_exp": 0.65842, "track_ang_vel_z_exp": 0.34677, "feet_air_time": 0.00367, "feet_slide": -0.04166, "joint_deviation": -0.24973, "flat_orientation_l2": -0.02701, "action_rate_l2": -0.4934, "termination_penalty": -0.02258, "lin_vel_z_l2": 0.0, "ang_vel_xy_l2": -0.0678, "dof_torques_l2": -0.00087, "dof_acc_l2": -0.07457, "dof_pos_limits": -0.01649, "episodes": 124, "base_contact": 0.1129, "pushes": 82}
it  357 steps  35094528 sps   39,128 | ep_ret    0.67 ep_len  955.4 (n=117) | pg -0.008 vf 0.017 kl 0.0165 lr 2.6e-04
[anomaly] it 357: explained variance -1.22 < 0 after warm-up: value function not predicting returns
[anomaly] it 357: terminal-step reward dominates the episode: survival is being punished
[anomaly] it 357: joint limit violated by 0.21 rad
terrain it  357 mean_level 2.0393
terms it  357 {"track_lin_vel_xy_exp": 0.67166, "track_ang_vel_z_exp": 0.35395, "feet_air_time": 0.00367, "feet_slide": -0.04222, "joint_deviation": -0.25218, "flat_orientation_l2": -0.02605, "action_rate_l2": -0.49825, "termination_penalty": -0.0188, "lin_vel_z_l2": 0.0, "ang_vel_xy_l2": -0.06715, "dof_torques_l2": -0.00086, "dof_acc_l2": -0.07403, "dof_pos_limits": -0.01605, "episodes": 117, "base_contact": 0.09402, "pushes": 87}
it  358 steps  35192832 sps   39,126 | ep_ret    0.35 ep_len  969.9 (n=110) | pg -0.008 vf 0.015 kl 0.0141 lr 1.7e-04
[anomaly] it 358: explained variance -3.55 < 0 after warm-up: value function not predicting returns
[anomaly] it 358: terminal-step reward dominates the episode: survival is being punished
[anomaly] it 358: joint limit violated by 0.30 rad
terrain it  358 mean_level 2.0564
terms it  358 {"track_lin_vel_xy_exp": 0.67411, "track_ang_vel_z_exp": 0.35296, "feet_air_time": 0.00383, "feet_slide": -0.04316, "joint_deviation": -0.25645, "flat_orientation_l2": -0.02679, "action_rate_l2": -0.50673, "termination_penalty": -0.01455, "lin_vel_z_l2": 0.0, "ang_vel_xy_l2": -0.06906, "dof_torques_l2": -0.00088, "dof_acc_l2": -0.07808, "dof_pos_limits": -0.01752, "episodes": 110, "base_contact": 0.07273, "pushes": 73}
it  359 steps  35291136 sps   39,123 | ep_ret   -0.15 ep_len  952.4 (n=104) | pg -0.008 vf 0.014 kl 0.0137 lr 1.1e-04
[anomaly] it 359: explained variance -1.09 < 0 after warm-up: value function not predicting returns
[anomaly] it 359: terminal-step reward dominates the episode: survival is being punished
[anomaly] it 359: joint limit violated by 0.10 rad
terrain it  359 mean_level 2.0701
terms it  359 {"track_lin_vel_xy_exp": 0.65704, "track_ang_vel_z_exp": 0.34639, "feet_air_time": 0.00375, "feet_slide": -0.04211, "joint_deviation": -0.25203, "flat_orientation_l2": -0.03023, "action_rate_l2": -0.49797, "termination_penalty": -0.02885, "lin_vel_z_l2": 0.0, "ang_vel_xy_l2": -0.06919, "dof_torques_l2": -0.00089, "dof_acc_l2": -0.07668, "dof_pos_limits": -0.01665, "episodes": 104, "base_contact": 0.14423, "pushes": 83}
it  360 steps  35389440 sps   39,118 | ep_ret    0.03 ep_len  918.4 (n=99) | pg -0.009 vf 0.013 kl 0.0144 lr 2.6e-04
[anomaly] it 360: explained variance -0.64 < 0 after warm-up: value function not predicting returns
[anomaly] it 360: terminal-step reward dominates the episode: survival is being punished
[anomaly] it 360: joint limit violated by 0.15 rad
terrain it  360 mean_level 2.0830
terms it  360 {"track_lin_vel_xy_exp": 0.63784, "track_ang_vel_z_exp": 0.341, "feet_air_time": 0.00365, "feet_slide": -0.04032, "joint_deviation": -0.24322, "flat_orientation_l2": -0.02881, "action_rate_l2": -0.48038, "termination_penalty": -0.03232, "lin_vel_z_l2": 0.0, "ang_vel_xy_l2": -0.06605, "dof_torques_l2": -0.00085, "dof_acc_l2": -0.07301, "dof_pos_limits": -0.01609, "episodes": 99, "base_contact": 0.16162, "pushes": 100}
it  361 steps  35487744 sps   39,115 | ep_ret    0.69 ep_len  975.2 (n=112) | pg -0.009 vf 0.014 kl 0.0163 lr 1.7e-04
[anomaly] it 361: explained variance -3.74 < 0 after warm-up: value function not predicting returns
[anomaly] it 361: terminal-step reward dominates the episode: survival is being punished
[anomaly] it 361: joint limit violated by 0.11 rad
terrain it  361 mean_level 2.1011
terms it  361 {"track_lin_vel_xy_exp": 0.68048, "track_ang_vel_z_exp": 0.36131, "feet_air_time": 0.0039, "feet_slide": -0.04307, "joint_deviation": -0.25672, "flat_orientation_l2": -0.02817, "action_rate_l2": -0.51042, "termination_penalty": -0.01071, "lin_vel_z_l2": 0.0, "ang_vel_xy_l2": -0.06876, "dof_torques_l2": -0.00089, "dof_acc_l2": -0.07508, "dof_pos_limits": -0.01712, "episodes": 112, "base_contact": 0.05357, "pushes": 94}
it  362 steps  35586048 sps   39,111 | ep_ret    0.31 ep_len  972.0 (n=97) | pg -0.007 vf 0.012 kl 0.0145 lr 1.7e-04
[anomaly] it 362: explained variance -1.97 < 0 after warm-up: value function not predicting returns
[anomaly] it 362: terminal-step reward dominates the episode: survival is being punished
[anomaly] it 362: joint limit violated by 0.24 rad
terrain it  362 mean_level 2.1162
terms it  362 {"track_lin_vel_xy_exp": 0.67085, "track_ang_vel_z_exp": 0.35966, "feet_air_time": 0.00389, "feet_slide": -0.04291, "joint_deviation": -0.25569, "flat_orientation_l2": -0.0292, "action_rate_l2": -0.50847, "termination_penalty": -0.01649, "lin_vel_z_l2": 0.0, "ang_vel_xy_l2": -0.06886, "dof_torques_l2": -0.0009, "dof_acc_l2": -0.0787, "dof_pos_limits": -0.01772, "episodes": 97, "base_contact": 0.08247, "pushes": 89}
it  363 steps  35684352 sps   39,109 | ep_ret    0.21 ep_len  934.9 (n=85) | pg -0.009 vf 0.012 kl 0.0148 lr 2.6e-04
[anomaly] it 363: explained variance -0.65 < 0 after warm-up: value function not predicting returns
[anomaly] it 363: terminal-step reward dominates the episode: survival is being punished
[anomaly] it 363: joint limit violated by 0.12 rad
terrain it  363 mean_level 2.1277
terms it  363 {"track_lin_vel_xy_exp": 0.65454, "track_ang_vel_z_exp": 0.34692, "feet_air_time": 0.00363, "feet_slide": -0.04172, "joint_deviation": -0.246, "flat_orientation_l2": -0.02831, "action_rate_l2": -0.48864, "termination_penalty": -0.03059, "lin_vel_z_l2": 0.0, "ang_vel_xy_l2": -0.0672, "dof_torques_l2": -0.00086, "dof_acc_l2": -0.07462, "dof_pos_limits": -0.01667, "episodes": 85, "base_contact": 0.15294, "pushes": 85}
it  364 steps  35782656 sps   39,106 | ep_ret    0.25 ep_len  979.2 (n=90) | pg -0.007 vf 0.012 kl 0.0141 lr 1.7e-04
[anomaly] it 364: explained variance -3.44 < 0 after warm-up: value function not predicting returns
[anomaly] it 364: terminal-step reward dominates the episode: survival is being punished
[anomaly] it 364: joint limit violated by 0.38 rad
terrain it  364 mean_level 2.1433
terms it  364 {"track_lin_vel_xy_exp": 0.66788, "track_ang_vel_z_exp": 0.36246, "feet_air_time": 0.00412, "feet_slide": -0.04373, "joint_deviation": -0.25885, "flat_orientation_l2": -0.02952, "action_rate_l2": -0.51314, "termination_penalty": -0.00889, "lin_vel_z_l2": 0.0, "ang_vel_xy_l2": -0.06913, "dof_torques_l2": -0.00091, "dof_acc_l2": -0.07821, "dof_pos_limits": -0.01939, "episodes": 90, "base_contact": 0.04444, "pushes": 88}
it  365 steps  35880960 sps   39,104 | ep_ret    0.31 ep_len  962.1 (n=89) | pg -0.008 vf 0.013 kl 0.0137 lr 1.1e-04
[anomaly] it 365: explained variance -2.67 < 0 after warm-up: value function not predicting returns
[anomaly] it 365: terminal-step reward dominates the episode: survival is being punished
[anomaly] it 365: joint limit violated by 0.17 rad
terrain it  365 mean_level 2.1562
terms it  365 {"track_lin_vel_xy_exp": 0.66399, "track_ang_vel_z_exp": 0.36053, "feet_air_time": 0.00374, "feet_slide": -0.04306, "joint_deviation": -0.25405, "flat_orientation_l2": -0.03047, "action_rate_l2": -0.50422, "termination_penalty": -0.01573, "lin_vel_z_l2": 0.0, "ang_vel_xy_l2": -0.06841, "dof_torques_l2": -0.00089, "dof_acc_l2": -0.07823, "dof_pos_limits": -0.01789, "episodes": 89, "base_contact": 0.07865, "pushes": 67}
it  366 steps  35979264 sps   39,102 | ep_ret    0.46 ep_len  968.5 (n=105) | pg -0.008 vf 0.013 kl 0.0153 lr 1.7e-04
[anomaly] it 366: explained variance -1.10 < 0 after warm-up: value function not predicting returns
[anomaly] it 366: terminal-step reward dominates the episode: survival is being punished
[anomaly] it 366: joint limit violated by 0.21 rad
terrain it  366 mean_level 2.1716
terms it  366 {"track_lin_vel_xy_exp": 0.67398, "track_ang_vel_z_exp": 0.36128, "feet_air_time": 0.00374, "feet_slide": -0.0431, "joint_deviation": -0.25484, "flat_orientation_l2": -0.0282, "action_rate_l2": -0.50688, "termination_penalty": -0.01714, "lin_vel_z_l2": 0.0, "ang_vel_xy_l2": -0.06823, "dof_torques_l2": -0.00089, "dof_acc_l2": -0.07892, "dof_pos_limits": -0.01776, "episodes": 105, "base_contact": 0.08571, "pushes": 83}
it  367 steps  36077568 sps   39,099 | ep_ret    0.52 ep_len  961.3 (n=103) | pg -0.009 vf 0.013 kl 0.0147 lr 2.6e-04
[anomaly] it 367: explained variance -1.99 < 0 after warm-up: value function not predicting returns
[anomaly] it 367: terminal-step reward dominates the episode: survival is being punished
[anomaly] it 367: joint limit violated by 0.13 rad
terrain it  367 mean_level 2.1882
terms it  367 {"track_lin_vel_xy_exp": 0.67172, "track_ang_vel_z_exp": 0.35953, "feet_air_time": 0.00384, "feet_slide": -0.04248, "joint_deviation": -0.25249, "flat_orientation_l2": -0.02784, "action_rate_l2": -0.50315, "termination_penalty": -0.01942, "lin_vel_z_l2": 0.0, "ang_vel_xy_l2": -0.06739, "dof_torques_l2": -0.00088, "dof_acc_l2": -0.07737, "dof_pos_limits": -0.018, "episodes": 103, "base_contact": 0.09709, "pushes": 107}
it  368 steps  36175872 sps   39,097 | ep_ret    0.71 ep_len  970.2 (n=88) | pg -0.008 vf 0.014 kl 0.0152 lr 2.6e-04
[anomaly] it 368: explained variance -2.29 < 0 after warm-up: value function not predicting returns
[anomaly] it 368: terminal-step reward dominates the episode: survival is being punished
[anomaly] it 368: joint limit violated by 0.17 rad
terrain it  368 mean_level 2.1990
terms it  368 {"track_lin_vel_xy_exp": 0.68434, "track_ang_vel_z_exp": 0.36193, "feet_air_time": 0.0037, "feet_slide": -0.0429, "joint_deviation": -0.25567, "flat_orientation_l2": -0.02715, "action_rate_l2": -0.50808, "termination_penalty": -0.01818, "lin_vel_z_l2": 0.0, "ang_vel_xy_l2": -0.0682, "dof_torques_l2": -0.00087, "dof_acc_l2": -0.07617, "dof_pos_limits": -0.0172, "episodes": 88, "base_contact": 0.09091, "pushes": 109}
it  369 steps  36274176 sps   39,092 | ep_ret    0.41 ep_len  963.1 (n=104) | pg -0.009 vf 0.016 kl 0.0141 lr 1.7e-04
[anomaly] it 369: explained variance -1.40 < 0 after warm-up: value function not predicting returns
[anomaly] it 369: terminal-step reward dominates the episode: survival is being punished
[anomaly] it 369: joint limit violated by 0.24 rad
terrain it  369 mean_level 2.2146
terms it  369 {"track_lin_vel_xy_exp": 0.66882, "track_ang_vel_z_exp": 0.35909, "feet_air_time": 0.00383, "feet_slide": -0.04303, "joint_deviation": -0.25329, "flat_orientation_l2": -0.0287, "action_rate_l2": -0.50487, "termination_penalty": -0.01731, "lin_vel_z_l2": 0.0, "ang_vel_xy_l2": -0.06698, "dof_torques_l2": -0.00089, "dof_acc_l2": -0.07783, "dof_pos_limits": -0.0184, "episodes": 104, "base_contact": 0.08654, "pushes": 106}
it  370 steps  36372480 sps   39,088 | ep_ret    0.66 ep_len  936.7 (n=80) | pg -0.010 vf 0.014 kl 0.0151 lr 2.6e-04
[anomaly] it 370: explained variance -1.52 < 0 after warm-up: value function not predicting returns
[anomaly] it 370: terminal-step reward dominates the episode: survival is being punished
[anomaly] it 370: joint limit violated by 0.22 rad
terrain it  370 mean_level 2.2244
terms it  370 {"track_lin_vel_xy_exp": 0.65868, "track_ang_vel_z_exp": 0.35417, "feet_air_time": 0.00354, "feet_slide": -0.04189, "joint_deviation": -0.24524, "flat_orientation_l2": -0.02639, "action_rate_l2": -0.49025, "termination_penalty": -0.025, "lin_vel_z_l2": 0.0, "ang_vel_xy_l2": -0.0649, "dof_torques_l2": -0.00085, "dof_acc_l2": -0.0726, "dof_pos_limits": -0.01608, "episodes": 80, "base_contact": 0.125, "pushes": 101}
it  371 steps  36470784 sps   39,085 | ep_ret    0.80 ep_len  961.0 (n=93) | pg -0.008 vf 0.016 kl 0.0165 lr 2.6e-04
[anomaly] it 371: explained variance -2.17 < 0 after warm-up: value function not predicting returns
[anomaly] it 371: terminal-step reward dominates the episode: survival is being punished
[anomaly] it 371: joint limit violated by 0.33 rad
terrain it  371 mean_level 2.2383
terms it  371 {"track_lin_vel_xy_exp": 0.67512, "track_ang_vel_z_exp": 0.36048, "feet_air_time": 0.00361, "feet_slide": -0.04328, "joint_deviation": -0.25117, "flat_orientation_l2": -0.02709, "action_rate_l2": -0.50324, "termination_penalty": -0.01505, "lin_vel_z_l2": 0.0, "ang_vel_xy_l2": -0.0658, "dof_torques_l2": -0.00086, "dof_acc_l2": -0.07605, "dof_pos_limits": -0.0169, "episodes": 93, "base_contact": 0.07527, "pushes": 113}
it  372 steps  36569088 sps   39,082 | ep_ret    0.47 ep_len  932.0 (n=99) | pg -0.008 vf 0.018 kl 0.0154 lr 1.7e-04
[anomaly] it 372: explained variance -1.18 < 0 after warm-up: value function not predicting returns
[anomaly] it 372: terminal-step reward dominates the episode: survival is being punished
[anomaly] it 372: joint limit violated by 0.29 rad
terrain it  372 mean_level 2.2529
terms it  372 {"track_lin_vel_xy_exp": 0.65373, "track_ang_vel_z_exp": 0.35489, "feet_air_time": 0.00374, "feet_slide": -0.04139, "joint_deviation": -0.24514, "flat_orientation_l2": -0.02765, "action_rate_l2": -0.48909, "termination_penalty": -0.02828, "lin_vel_z_l2": 0.0, "ang_vel_xy_l2": -0.06424, "dof_torques_l2": -0.00085, "dof_acc_l2": -0.07536, "dof_pos_limits": -0.0171, "episodes": 99, "base_contact": 0.14141, "pushes": 125}
it  373 steps  36667392 sps   39,080 | ep_ret    0.04 ep_len  924.1 (n=82) | pg -0.009 vf 0.013 kl 0.0140 lr 1.7e-04
[anomaly] it 373: explained variance -1.11 < 0 after warm-up: value function not predicting returns
[anomaly] it 373: terminal-step reward dominates the episode: survival is being punished
[anomaly] it 373: joint limit violated by 0.10 rad
terrain it  373 mean_level 2.2661
terms it  373 {"track_lin_vel_xy_exp": 0.64163, "track_ang_vel_z_exp": 0.34789, "feet_air_time": 0.00366, "feet_slide": -0.04104, "joint_deviation": -0.2437, "flat_orientation_l2": -0.02926, "action_rate_l2": -0.48553, "termination_penalty": -0.03171, "lin_vel_z_l2": 0.0, "ang_vel_xy_l2": -0.06467, "dof_torques_l2": -0.00086, "dof_acc_l2": -0.07708, "dof_pos_limits": -0.0172, "episodes": 82, "base_contact": 0.15854, "pushes": 100}
it  374 steps  36765696 sps   39,075 | ep_ret    0.74 ep_len  982.0 (n=85) | pg -0.010 vf 0.015 kl 0.0148 lr 2.6e-04
[anomaly] it 374: explained variance -2.94 < 0 after warm-up: value function not predicting returns
[anomaly] it 374: terminal-step reward dominates the episode: survival is being punished
[anomaly] it 374: joint limit violated by 0.41 rad
terrain it  374 mean_level 2.2800
terms it  374 {"track_lin_vel_xy_exp": 0.68593, "track_ang_vel_z_exp": 0.36844, "feet_air_time": 0.00377, "feet_slide": -0.04381, "joint_deviation": -0.25941, "flat_orientation_l2": -0.0276, "action_rate_l2": -0.51618, "termination_penalty": -0.00941, "lin_vel_z_l2": 0.0, "ang_vel_xy_l2": -0.06669, "dof_torques_l2": -0.0009, "dof_acc_l2": -0.07757, "dof_pos_limits": -0.01954, "episodes": 85, "base_contact": 0.04706, "pushes": 124}
it  375 steps  36864000 sps   39,071 | ep_ret    0.26 ep_len  951.4 (n=104) | pg -0.008 vf 0.014 kl 0.0162 lr 2.6e-04
[anomaly] it 375: explained variance -0.73 < 0 after warm-up: value function not predicting returns
[anomaly] it 375: terminal-step reward dominates the episode: survival is being punished
[anomaly] it 375: joint limit violated by 0.21 rad
terrain it  375 mean_level 2.2947
terms it  375 {"track_lin_vel_xy_exp": 0.65986, "track_ang_vel_z_exp": 0.36106, "feet_air_time": 0.00391, "feet_slide": -0.04251, "joint_deviation": -0.25096, "flat_orientation_l2": -0.02909, "action_rate_l2": -0.5014, "termination_penalty": -0.025, "lin_vel_z_l2": 0.0, "ang_vel_xy_l2": -0.06668, "dof_torques_l2": -0.00089, "dof_acc_l2": -0.07657, "dof_pos_limits": -0.01874, "episodes": 104, "base_contact": 0.125, "pushes": 91}
it  376 steps  36962304 sps   39,068 | ep_ret    0.94 ep_len  973.5 (n=82) | pg -0.005 vf 0.016 kl 0.0146 lr 1.1e-04
[anomaly] it 376: explained variance -3.90 < 0 after warm-up: value function not predicting returns
[anomaly] it 376: terminal-step reward dominates the episode: survival is being punished
[anomaly] it 376: joint limit violated by 0.29 rad
terrain it  376 mean_level 2.3074
terms it  376 {"track_lin_vel_xy_exp": 0.68311, "track_ang_vel_z_exp": 0.36739, "feet_air_time": 0.00378, "feet_slide": -0.04313, "joint_deviation": -0.2545, "flat_orientation_l2": -0.02734, "action_rate_l2": -0.51104, "termination_penalty": -0.00976, "lin_vel_z_l2": 0.0, "ang_vel_xy_l2": -0.06651, "dof_torques_l2": -0.00088, "dof_acc_l2": -0.07608, "dof_pos_limits": -0.018, "episodes": 82, "base_contact": 0.04878, "pushes": 100}
it  377 steps  37060608 sps   39,065 | ep_ret   -0.14 ep_len  920.1 (n=87) | pg -0.008 vf 0.018 kl 0.0149 lr 1.7e-04
[anomaly] it 377: explained variance -1.08 < 0 after warm-up: value function not predicting returns
[anomaly] it 377: terminal-step reward dominates the episode: survival is being punished
[anomaly] it 377: joint limit violated by 0.24 rad
terrain it  377 mean_level 2.3181
terms it  377 {"track_lin_vel_xy_exp": 0.63761, "track_ang_vel_z_exp": 0.34403, "feet_air_time": 0.00352, "feet_slide": -0.04088, "joint_deviation": -0.24258, "flat_orientation_l2": -0.02956, "action_rate_l2": -0.48384, "termination_penalty": -0.03448, "lin_vel_z_l2": 0.0, "ang_vel_xy_l2": -0.06585, "dof_torques_l2": -0.00086, "dof_acc_l2": -0.07666, "dof_pos_limits": -0.01752, "episodes": 87, "base_contact": 0.17241, "pushes": 98}
it  378 steps  37158912 sps   39,063 | ep_ret    0.70 ep_len  976.2 (n=98) | pg -0.009 vf 0.016 kl 0.0161 lr 2.6e-04
[anomaly] it 378: explained variance -2.11 < 0 after warm-up: value function not predicting returns
[anomaly] it 378: terminal-step reward dominates the episode: survival is being punished
[anomaly] it 378: joint limit violated by 0.15 rad
terrain it  378 mean_level 2.3320
terms it  378 {"track_lin_vel_xy_exp": 0.68352, "track_ang_vel_z_exp": 0.3727, "feet_air_time": 0.00388, "feet_slide": -0.04363, "joint_deviation": -0.25685, "flat_orientation_l2": -0.02877, "action_rate_l2": -0.51425, "termination_penalty": -0.01837, "lin_vel_z_l2": 0.0, "ang_vel_xy_l2": -0.06695, "dof_torques_l2": -0.00089, "dof_acc_l2": -0.07754, "dof_pos_limits": -0.01802, "episodes": 98, "base_contact": 0.09184, "pushes": 131}
it  379 steps  37257216 sps   39,061 | ep_ret    0.62 ep_len  944.8 (n=84) | pg -0.006 vf 0.016 kl 0.0125 lr 1.1e-04
[anomaly] it 379: explained variance -2.26 < 0 after warm-up: value function not predicting returns
[anomaly] it 379: terminal-step reward dominates the episode: survival is being punished
[anomaly] it 379: joint limit violated by 0.35 rad
terrain it  379 mean_level 2.3423
terms it  379 {"track_lin_vel_xy_exp": 0.66623, "track_ang_vel_z_exp": 0.35766, "feet_air_time": 0.00373, "feet_slide": -0.04167, "joint_deviation": -0.2478, "flat_orientation_l2": -0.0279, "action_rate_l2": -0.4974, "termination_penalty": -0.02381, "lin_vel_z_l2": 0.0, "ang_vel_xy_l2": -0.06511, "dof_torques_l2": -0.00087, "dof_acc_l2": -0.07453, "dof_pos_limits": -0.01729, "episodes": 84, "base_contact": 0.11905, "pushes": 114}
it  380 steps  37355520 sps   39,058 | ep_ret    0.30 ep_len  943.3 (n=96) | pg -0.009 vf 0.015 kl 0.0114 lr 1.7e-04
[anomaly] it 380: explained variance -1.05 < 0 after warm-up: value function not predicting returns
[anomaly] it 380: terminal-step reward dominates the episode: survival is being punished
[anomaly] it 380: joint limit violated by 0.11 rad
terrain it  380 mean_level 2.3579
terms it  380 {"track_lin_vel_xy_exp": 0.65698, "track_ang_vel_z_exp": 0.35447, "feet_air_time": 0.00365, "feet_slide": -0.04186, "joint_deviation": -0.24884, "flat_orientation_l2": -0.02757, "action_rate_l2": -0.49719, "termination_penalty": -0.025, "lin_vel_z_l2": 0.0, "ang_vel_xy_l2": -0.06529, "dof_torques_l2": -0.00087, "dof_acc_l2": -0.07529, "dof_pos_limits": -0.01821, "episodes": 96, "base_contact": 0.125, "pushes": 140}
it  381 steps  37453824 sps   39,056 | ep_ret    1.10 ep_len  981.9 (n=110) | pg -0.008 vf 0.014 kl 0.0137 lr 1.7e-04
[anomaly] it 381: explained variance -2.24 < 0 after warm-up: value function not predicting returns
[anomaly] it 381: terminal-step reward dominates the episode: survival is being punished
[anomaly] it 381: joint limit violated by 0.19 rad
[anomaly] it 381: contact penetration 3.2 cm
terrain it  381 mean_level 2.3721
terms it  381 {"track_lin_vel_xy_exp": 0.68879, "track_ang_vel_z_exp": 0.37968, "feet_air_time": 0.0039, "feet_slide": -0.04343, "joint_deviation": -0.25621, "flat_orientation_l2": -0.02735, "action_rate_l2": -0.51673, "termination_penalty": -0.01273, "lin_vel_z_l2": 0.0, "ang_vel_xy_l2": -0.0652, "dof_torques_l2": -0.00087, "dof_acc_l2": -0.07626, "dof_pos_limits": -0.01875, "episodes": 110, "base_contact": 0.06364, "pushes": 107}
it  382 steps  37552128 sps   39,053 | ep_ret    0.53 ep_len  963.3 (n=94) | pg -0.008 vf 0.020 kl 0.0147 lr 1.7e-04
[anomaly] it 382: explained variance -2.04 < 0 after warm-up: value function not predicting returns
[anomaly] it 382: terminal-step reward dominates the episode: survival is being punished
[anomaly] it 382: joint limit violated by 0.15 rad
terrain it  382 mean_level 2.3867
terms it  382 {"track_lin_vel_xy_exp": 0.66911, "track_ang_vel_z_exp": 0.37086, "feet_air_time": 0.00382, "feet_slide": -0.04327, "joint_deviation": -0.25343, "flat_orientation_l2": -0.02885, "action_rate_l2": -0.50802, "termination_penalty": -0.02128, "lin_vel_z_l2": 0.0, "ang_vel_xy_l2": -0.0667, "dof_torques_l2": -0.00087, "dof_acc_l2": -0.0768, "dof_pos_limits": -0.01801, "episodes": 94, "base_contact": 0.10638, "pushes": 107}
it  383 steps  37650432 sps   39,051 | ep_ret    0.55 ep_len  935.2 (n=93) | pg -0.009 vf 0.016 kl 0.0146 lr 2.6e-04
[anomaly] it 383: explained variance -2.17 < 0 after warm-up: value function not predicting returns
[anomaly] it 383: terminal-step reward dominates the episode: survival is being punished
[anomaly] it 383: joint limit violated by 0.17 rad
terrain it  383 mean_level 2.3965
terms it  383 {"track_lin_vel_xy_exp": 0.64914, "track_ang_vel_z_exp": 0.36238, "feet_air_time": 0.00366, "feet_slide": -0.04159, "joint_deviation": -0.2451, "flat_orientation_l2": -0.02632, "action_rate_l2": -0.49385, "termination_penalty": -0.02581, "lin_vel_z_l2": 0.0, "ang_vel_xy_l2": -0.06379, "dof_torques_l2": -0.00083, "dof_acc_l2": -0.07268, "dof_pos_limits": -0.01763, "episodes": 93, "base_contact": 0.12903, "pushes": 104}
it  384 steps  37748736 sps   39,049 | ep_ret    0.15 ep_len  924.5 (n=100) | pg -0.007 vf 0.014 kl 0.0149 lr 1.7e-04
[anomaly] it 384: explained variance -1.25 < 0 after warm-up: value function not predicting returns
[anomaly] it 384: terminal-step reward dominates the episode: survival is being punished
[anomaly] it 384: joint limit violated by 0.13 rad
terrain it  384 mean_level 2.4106
terms it  384 {"track_lin_vel_xy_exp": 0.64161, "track_ang_vel_z_exp": 0.35383, "feet_air_time": 0.00379, "feet_slide": -0.04096, "joint_deviation": -0.24369, "flat_orientation_l2": -0.029, "action_rate_l2": -0.48887, "termination_penalty": -0.034, "lin_vel_z_l2": 0.0, "ang_vel_xy_l2": -0.06372, "dof_torques_l2": -0.00085, "dof_acc_l2": -0.07271, "dof_pos_limits": -0.01769, "episodes": 100, "base_contact": 0.17, "pushes": 87}
it  385 steps  37847040 sps   39,047 | ep_ret    0.85 ep_len  969.2 (n=100) | pg -0.008 vf 0.014 kl 0.0139 lr 1.7e-04
[anomaly] it 385: explained variance -2.23 < 0 after warm-up: value function not predicting returns
[anomaly] it 385: terminal-step reward dominates the episode: survival is being punished
[anomaly] it 385: joint limit violated by 0.27 rad
terrain it  385 mean_level 2.4248
terms it  385 {"track_lin_vel_xy_exp": 0.67746, "track_ang_vel_z_exp": 0.37323, "feet_air_time": 0.0042, "feet_slide": -0.04291, "joint_deviation": -0.25382, "flat_orientation_l2": -0.02951, "action_rate_l2": -0.51195, "termination_penalty": -0.014, "lin_vel_z_l2": 0.0, "ang_vel_xy_l2": -0.06487, "dof_torques_l2": -0.00089, "dof_acc_l2": -0.07621, "dof_pos_limits": -0.01817, "episodes": 100, "base_contact": 0.07, "pushes": 117}
it  386 steps  37945344 sps   39,045 | ep_ret    1.28 ep_len  975.4 (n=101) | pg -0.009 vf 0.017 kl 0.0149 lr 2.6e-04
[anomaly] it 386: explained variance -2.76 < 0 after warm-up: value function not predicting returns
[anomaly] it 386: terminal-step reward dominates the episode: survival is being punished
[anomaly] it 386: joint limit violated by 0.46 rad
terrain it  386 mean_level 2.4402
terms it  386 {"track_lin_vel_xy_exp": 0.6957, "track_ang_vel_z_exp": 0.3753, "feet_air_time": 0.00378, "feet_slide": -0.04302, "joint_deviation": -0.25494, "flat_orientation_l2": -0.02626, "action_rate_l2": -0.51445, "termination_penalty": -0.01584, "lin_vel_z_l2": 0.0, "ang_vel_xy_l2": -0.06413, "dof_torques_l2": -0.00086, "dof_acc_l2": -0.07401, "dof_pos_limits": -0.01731, "episodes": 101, "base_contact": 0.07921, "pushes": 103}
it  387 steps  38043648 sps   39,042 | ep_ret    0.62 ep_len  960.9 (n=112) | pg -0.008 vf 0.016 kl 0.0167 lr 2.6e-04
[anomaly] it 387: explained variance -2.33 < 0 after warm-up: value function not predicting returns
[anomaly] it 387: terminal-step reward dominates the episode: survival is being punished
[anomaly] it 387: joint limit violated by 0.20 rad
terrain it  387 mean_level 2.4551
terms it  387 {"track_lin_vel_xy_exp": 0.66908, "track_ang_vel_z_exp": 0.3701, "feet_air_time": 0.00386, "feet_slide": -0.04268, "joint_deviation": -0.25227, "flat_orientation_l2": -0.02812, "action_rate_l2": -0.50803, "termination_penalty": -0.02143, "lin_vel_z_l2": 0.0, "ang_vel_xy_l2": -0.06501, "dof_torques_l2": -0.00086, "dof_acc_l2": -0.0752, "dof_pos_limits": -0.01827, "episodes": 112, "base_contact": 0.10714, "pushes": 98}
it  388 steps  38141952 sps   39,040 | ep_ret    0.78 ep_len  952.1 (n=105) | pg -0.008 vf 0.015 kl 0.0145 lr 1.7e-04
[anomaly] it 388: explained variance -1.29 < 0 after warm-up: value function not predicting returns
[anomaly] it 388: terminal-step reward dominates the episode: survival is being punished
[anomaly] it 388: joint limit violated by 0.15 rad
terrain it  388 mean_level 2.4700
terms it  388 {"track_lin_vel_xy_exp": 0.66551, "track_ang_vel_z_exp": 0.36934, "feet_air_time": 0.00379, "feet_slide": -0.04165, "joint_deviation": -0.25006, "flat_orientation_l2": -0.02816, "action_rate_l2": -0.50244, "termination_penalty": -0.02286, "lin_vel_z_l2": 0.0, "ang_vel_xy_l2": -0.06347, "dof_torques_l2": -0.00085, "dof_acc_l2": -0.07234, "dof_pos_limits": -0.01768, "episodes": 105, "base_contact": 0.11429, "pushes": 95}
it  389 steps  38240256 sps   39,038 | ep_ret    1.59 ep_len  982.2 (n=118) | pg -0.010 vf 0.014 kl 0.0143 lr 2.6e-04
[anomaly] it 389: explained variance -4.24 < 0 after warm-up: value function not predicting returns
[anomaly] it 389: terminal-step reward dominates the episode: survival is being punished
[anomaly] it 389: joint limit violated by 0.20 rad
terrain it  389 mean_level 2.4856
terms it  389 {"track_lin_vel_xy_exp": 0.69982, "track_ang_vel_z_exp": 0.38147, "feet_air_time": 0.00391, "feet_slide": -0.04228, "joint_deviation": -0.25558, "flat_orientation_l2": -0.02692, "action_rate_l2": -0.51878, "termination_penalty": -0.00847, "lin_vel_z_l2": 0.0, "ang_vel_xy_l2": -0.06335, "dof_torques_l2": -0.00086, "dof_acc_l2": -0.07228, "dof_pos_limits": -0.01742, "episodes": 118, "base_contact": 0.04237, "pushes": 92}
it  390 steps  38338560 sps   39,036 | ep_ret    0.83 ep_len  935.8 (n=127) | pg -0.009 vf 0.012 kl 0.0156 lr 1.7e-04
[anomaly] it 390: explained variance -1.33 < 0 after warm-up: value function not predicting returns
[anomaly] it 390: terminal-step reward dominates the episode: survival is being punished
[anomaly] it 390: joint limit violated by 0.11 rad
terrain it  390 mean_level 2.5051
terms it  390 {"track_lin_vel_xy_exp": 0.65801, "track_ang_vel_z_exp": 0.36516, "feet_air_time": 0.00377, "feet_slide": -0.04107, "joint_deviation": -0.24495, "flat_orientation_l2": -0.02753, "action_rate_l2": -0.4948, "termination_penalty": -0.02362, "lin_vel_z_l2": 0.0, "ang_vel_xy_l2": -0.06194, "dof_torques_l2": -0.00085, "dof_acc_l2": -0.07322, "dof_pos_limits": -0.01743, "episodes": 127, "base_contact": 0.11811, "pushes": 73}
it  391 steps  38436864 sps   39,034 | ep_ret    1.67 ep_len  983.3 (n=119) | pg -0.010 vf 0.014 kl 0.0146 lr 2.6e-04
[anomaly] it 391: explained variance -3.70 < 0 after warm-up: value function not predicting returns
[anomaly] it 391: terminal-step reward dominates the episode: survival is being punished
[anomaly] it 391: joint limit violated by 0.14 rad
terrain it  391 mean_level 2.5254
terms it  391 {"track_lin_vel_xy_exp": 0.70283, "track_ang_vel_z_exp": 0.38407, "feet_air_time": 0.00395, "feet_slide": -0.04257, "joint_deviation": -0.25598, "flat_orientation_l2": -0.02699, "action_rate_l2": -0.51858, "termination_penalty": -0.00672, "lin_vel_z_l2": 0.0, "ang_vel_xy_l2": -0.06408, "dof_torques_l2": -0.00087, "dof_acc_l2": -0.07476, "dof_pos_limits": -0.01694, "episodes": 119, "base_contact": 0.03361, "pushes": 103}
it  392 steps  38535168 sps   39,031 | ep_ret    1.69 ep_len  980.1 (n=127) | pg -0.008 vf 0.017 kl 0.0142 lr 1.7e-04
[anomaly] it 392: explained variance -3.01 < 0 after warm-up: value function not predicting returns
[anomaly] it 392: terminal-step reward dominates the episode: survival is being punished
[anomaly] it 392: joint limit violated by 0.22 rad
terrain it  392 mean_level 2.5459
terms it  392 {"track_lin_vel_xy_exp": 0.70188, "track_ang_vel_z_exp": 0.3816, "feet_air_time": 0.00404, "feet_slide": -0.0419, "joint_deviation": -0.25438, "flat_orientation_l2": -0.02631, "action_rate_l2": -0.5172, "termination_penalty": -0.01102, "lin_vel_z_l2": 0.0, "ang_vel_xy_l2": -0.06244, "dof_torques_l2": -0.00085, "dof_acc_l2": -0.07182, "dof_pos_limits": -0.01713, "episodes": 127, "base_contact": 0.05512, "pushes": 108}
it  393 steps  38633472 sps   39,029 | ep_ret    0.89 ep_len  938.7 (n=124) | pg -0.010 vf 0.014 kl 0.0141 lr 1.7e-04
[anomaly] it 393: explained variance -1.02 < 0 after warm-up: value function not predicting returns
[anomaly] it 393: terminal-step reward dominates the episode: survival is being punished
[anomaly] it 393: joint limit violated by 0.15 rad
terrain it  393 mean_level 2.5632
terms it  393 {"track_lin_vel_xy_exp": 0.66038, "track_ang_vel_z_exp": 0.36409, "feet_air_time": 0.0039, "feet_slide": -0.04084, "joint_deviation": -0.24653, "flat_orientation_l2": -0.02685, "action_rate_l2": -0.49778, "termination_penalty": -0.01935, "lin_vel_z_l2": 0.0, "ang_vel_xy_l2": -0.06244, "dof_torques_l2": -0.00084, "dof_acc_l2": -0.07208, "dof_pos_limits": -0.01728, "episodes": 124, "base_contact": 0.09677, "pushes": 73}
it  394 steps  38731776 sps   39,027 | ep_ret    1.44 ep_len  968.6 (n=120) | pg -0.009 vf 0.015 kl 0.0145 lr 2.6e-04
[anomaly] it 394: explained variance -1.89 < 0 after warm-up: value function not predicting returns
[anomaly] it 394: terminal-step reward dominates the episode: survival is being punished
[anomaly] it 394: joint limit violated by 0.15 rad
terrain it  394 mean_level 2.5818
terms it  394 {"track_lin_vel_xy_exp": 0.69046, "track_ang_vel_z_exp": 0.3814, "feet_air_time": 0.00405, "feet_slide": -0.04181, "joint_deviation": -0.25208, "flat_orientation_l2": -0.0268, "action_rate_l2": -0.51307, "termination_penalty": -0.01667, "lin_vel_z_l2": 0.0, "ang_vel_xy_l2": -0.06232, "dof_torques_l2": -0.00086, "dof_acc_l2": -0.07294, "dof_pos_limits": -0.01752, "episodes": 120, "base_contact": 0.08333, "pushes": 87}
it  395 steps  38830080 sps   39,026 | ep_ret    1.12 ep_len  966.9 (n=102) | pg -0.009 vf 0.016 kl 0.0153 lr 2.6e-04
[anomaly] it 395: explained variance -2.55 < 0 after warm-up: value function not predicting returns
[anomaly] it 395: terminal-step reward dominates the episode: survival is being punished
[anomaly] it 395: joint limit violated by 0.39 rad
terrain it  395 mean_level 2.5991
terms it  395 {"track_lin_vel_xy_exp": 0.67642, "track_ang_vel_z_exp": 0.37893, "feet_air_time": 0.004, "feet_slide": -0.04183, "joint_deviation": -0.25302, "flat_orientation_l2": -0.02961, "action_rate_l2": -0.51243, "termination_penalty": -0.01176, "lin_vel_z_l2": 0.0, "ang_vel_xy_l2": -0.0626, "dof_torques_l2": -0.00087, "dof_acc_l2": -0.07338, "dof_pos_limits": -0.01763, "episodes": 102, "base_contact": 0.05882, "pushes": 88}
it  396 steps  38928384 sps   39,024 | ep_ret    1.19 ep_len  960.8 (n=121) | pg -0.009 vf 0.017 kl 0.0161 lr 2.6e-04
[anomaly] it 396: explained variance -2.02 < 0 after warm-up: value function not predicting returns
[anomaly] it 396: terminal-step reward dominates the episode: survival is being punished
[anomaly] it 396: joint limit violated by 0.16 rad
terrain it  396 mean_level 2.6177
terms it  396 {"track_lin_vel_xy_exp": 0.67923, "track_ang_vel_z_exp": 0.37794, "feet_air_time": 0.00393, "feet_slide": -0.04141, "joint_deviation": -0.25078, "flat_orientation_l2": -0.02673, "action_rate_l2": -0.50995, "termination_penalty": -0.01653, "lin_vel_z_l2": 0.0, "ang_vel_xy_l2": -0.06209, "dof_torques_l2": -0.00087, "dof_acc_l2": -0.0745, "dof_pos_limits": -0.0186, "episodes": 121, "base_contact": 0.08264, "pushes": 98}
it  397 steps  39026688 sps   39,022 | ep_ret    1.07 ep_len  979.4 (n=119) | pg -0.009 vf 0.017 kl 0.0161 lr 2.6e-04
[anomaly] it 397: explained variance -3.63 < 0 after warm-up: value function not predicting returns
[anomaly] it 397: terminal-step reward dominates the episode: survival is being punished
[anomaly] it 397: joint limit violated by 0.18 rad
terrain it  397 mean_level 2.6362
terms it  397 {"track_lin_vel_xy_exp": 0.68557, "track_ang_vel_z_exp": 0.38287, "feet_air_time": 0.00408, "feet_slide": -0.04264, "joint_deviation": -0.257, "flat_orientation_l2": -0.0291, "action_rate_l2": -0.51949, "termination_penalty": -0.01345, "lin_vel_z_l2": 0.0, "ang_vel_xy_l2": -0.06327, "dof_torques_l2": -0.00089, "dof_acc_l2": -0.07476, "dof_pos_limits": -0.0183, "episodes": 119, "base_contact": 0.06723, "pushes": 98}
it  398 steps  39124992 sps   39,020 | ep_ret    0.99 ep_len  959.2 (n=132) | pg -0.010 vf 0.016 kl 0.0160 lr 2.6e-04
[anomaly] it 398: explained variance -2.38 < 0 after warm-up: value function not predicting returns
[anomaly] it 398: terminal-step reward dominates the episode: survival is being punished
[anomaly] it 398: joint limit violated by 0.14 rad
terrain it  398 mean_level 2.6584
terms it  398 {"track_lin_vel_xy_exp": 0.67711, "track_ang_vel_z_exp": 0.37587, "feet_air_time": 0.00397, "feet_slide": -0.04178, "joint_deviation": -0.25176, "flat_orientation_l2": -0.02746, "action_rate_l2": -0.50991, "termination_penalty": -0.02121, "lin_vel_z_l2": 0.0, "ang_vel_xy_l2": -0.06314, "dof_torques_l2": -0.00087, "dof_acc_l2": -0.0735, "dof_pos_limits": -0.0179, "episodes": 132, "base_contact": 0.10606, "pushes": 79}
it  399 steps  39223296 sps   39,015 | ep_ret    0.89 ep_len  939.0 (n=114) | pg -0.009 vf 0.017 kl 0.0145 lr 1.7e-04
[anomaly] it 399: explained variance -2.09 < 0 after warm-up: value function not predicting returns
[anomaly] it 399: terminal-step reward dominates the episode: survival is being punished
[anomaly] it 399: joint limit violated by 0.13 rad
terrain it  399 mean_level 2.6724
terms it  399 {"track_lin_vel_xy_exp": 0.6617, "track_ang_vel_z_exp": 0.37155, "feet_air_time": 0.00372, "feet_slide": -0.04047, "joint_deviation": -0.24646, "flat_orientation_l2": -0.02696, "action_rate_l2": -0.49856, "termination_penalty": -0.02807, "lin_vel_z_l2": 0.0, "ang_vel_xy_l2": -0.061, "dof_torques_l2": -0.00083, "dof_acc_l2": -0.07249, "dof_pos_limits": -0.01745, "episodes": 114, "base_contact": 0.14035, "pushes": 80}
it  400 steps  39321600 sps   39,013 | ep_ret    1.10 ep_len  954.9 (n=108) | pg -0.009 vf 0.017 kl 0.0142 lr 1.7e-04
[anomaly] it 400: explained variance -2.15 < 0 after warm-up: value function not predicting returns
[anomaly] it 400: terminal-step reward dominates the episode: survival is being punished
[anomaly] it 400: joint limit violated by 0.11 rad
terrain it  400 mean_level 2.6899
terms it  400 {"track_lin_vel_xy_exp": 0.67724, "track_ang_vel_z_exp": 0.37674, "feet_air_time": 0.00399, "feet_slide": -0.04145, "joint_deviation": -0.25036, "flat_orientation_l2": -0.02691, "action_rate_l2": -0.50771, "termination_penalty": -0.02407, "lin_vel_z_l2": 0.0, "ang_vel_xy_l2": -0.0616, "dof_torques_l2": -0.00085, "dof_acc_l2": -0.07272, "dof_pos_limits": -0.01747, "episodes": 108, "base_contact": 0.12037, "pushes": 93}
it  401 steps  39419904 sps   39,011 | ep_ret    0.80 ep_len  920.6 (n=110) | pg -0.010 vf 0.015 kl 0.0139 lr 2.6e-04
[anomaly] it 401: explained variance -1.19 < 0 after warm-up: value function not predicting returns
[anomaly] it 401: terminal-step reward dominates the episode: survival is being punished
[anomaly] it 401: joint limit violated by 0.13 rad
terrain it  401 mean_level 2.7046
terms it  401 {"track_lin_vel_xy_exp": 0.65473, "track_ang_vel_z_exp": 0.36115, "feet_air_time": 0.00392, "feet_slide": -0.03979, "joint_deviation": -0.24082, "flat_orientation_l2": -0.02796, "action_rate_l2": -0.4905, "termination_penalty": -0.03091, "lin_vel_z_l2": 0.0, "ang_vel_xy_l2": -0.05991, "dof_torques_l2": -0.00084, "dof_acc_l2": -0.07249, "dof_pos_limits": -0.01653, "episodes": 110, "base_contact": 0.15455, "pushes": 88}
it  402 steps  39518208 sps   39,009 | ep_ret    1.43 ep_len  973.8 (n=95) | pg -0.008 vf 0.016 kl 0.0144 lr 1.7e-04
[anomaly] it 402: explained variance -2.59 < 0 after warm-up: value function not predicting returns
[anomaly] it 402: terminal-step reward dominates the episode: survival is being punished
[anomaly] it 402: joint limit violated by 0.19 rad
terrain it  402 mean_level 2.7185
terms it  402 {"track_lin_vel_xy_exp": 0.68938, "track_ang_vel_z_exp": 0.38512, "feet_air_time": 0.00388, "feet_slide": -0.04205, "joint_deviation": -0.25504, "flat_orientation_l2": -0.025, "action_rate_l2": -0.51717, "termination_penalty": -0.01263, "lin_vel_z_l2": 0.0, "ang_vel_xy_l2": -0.06182, "dof_torques_l2": -0.00084, "dof_acc_l2": -0.07515, "dof_pos_limits": -0.01716, "episodes": 95, "base_contact": 0.06316, "pushes": 81}
it  403 steps  39616512 sps   39,008 | ep_ret    1.21 ep_len  947.8 (n=116) | pg -0.008 vf 0.019 kl 0.0149 lr 2.6e-04
[anomaly] it 403: explained variance -2.01 < 0 after warm-up: value function not predicting returns
[anomaly] it 403: terminal-step reward dominates the episode: survival is being punished
[anomaly] it 403: joint limit violated by 0.11 rad
terrain it  403 mean_level 2.7354
terms it  403 {"track_lin_vel_xy_exp": 0.66981, "track_ang_vel_z_exp": 0.37622, "feet_air_time": 0.00404, "feet_slide": -0.04078, "joint_deviation": -0.24776, "flat_orientation_l2": -0.02631, "action_rate_l2": -0.50523, "termination_penalty": -0.01897, "lin_vel_z_l2": 0.0, "ang_vel_xy_l2": -0.06001, "dof_torques_l2": -0.00084, "dof_acc_l2": -0.07266, "dof_pos_limits": -0.01722, "episodes": 116, "base_contact": 0.09483, "pushes": 81}
it  404 steps  39714816 sps   39,006 | ep_ret    0.37 ep_len  938.2 (n=95) | pg -0.006 vf 0.017 kl 0.0158 lr 1.7e-04
[anomaly] it 404: explained variance -0.74 < 0 after warm-up: value function not predicting returns
[anomaly] it 404: terminal-step reward dominates the episode: survival is being punished
[anomaly] it 404: joint limit violated by 0.17 rad
terrain it  404 mean_level 2.7488
terms it  404 {"track_lin_vel_xy_exp": 0.65262, "track_ang_vel_z_exp": 0.36945, "feet_air_time": 0.00375, "feet_slide": -0.04053, "joint_deviation": -0.24789, "flat_orientation_l2": -0.02796, "action_rate_l2": -0.50131, "termination_penalty": -0.03158, "lin_vel_z_l2": 0.0, "ang_vel_xy_l2": -0.06266, "dof_torques_l2": -0.00086, "dof_acc_l2": -0.07691, "dof_pos_limits": -0.01768, "episodes": 95, "base_contact": 0.15789, "pushes": 90}
it  405 steps  39813120 sps   39,004 | ep_ret    0.71 ep_len  960.3 (n=93) | pg -0.008 vf 0.016 kl 0.0151 lr 2.6e-04
[anomaly] it 405: explained variance -2.85 < 0 after warm-up: value function not predicting returns
[anomaly] it 405: terminal-step reward dominates the episode: survival is being punished
[anomaly] it 405: joint limit violated by 0.18 rad
terrain it  405 mean_level 2.7622
terms it  405 {"track_lin_vel_xy_exp": 0.66667, "track_ang_vel_z_exp": 0.37811, "feet_air_time": 0.00392, "feet_slide": -0.04147, "joint_deviation": -0.25363, "flat_orientation_l2": -0.026, "action_rate_l2": -0.51215, "termination_penalty": -0.02151, "lin_vel_z_l2": 0.0, "ang_vel_xy_l2": -0.06343, "dof_torques_l2": -0.00087, "dof_acc_l2": -0.07508, "dof_pos_limits": -0.0189, "episodes": 93, "base_contact": 0.10753, "pushes": 108}
it  406 steps  39911424 sps   38,999 | ep_ret    1.30 ep_len  977.8 (n=83) | pg -0.007 vf 0.017 kl 0.0137 lr 1.1e-04
[anomaly] it 406: explained variance -5.93 < 0 after warm-up: value function not predicting returns
[anomaly] it 406: terminal-step reward dominates the episode: survival is being punished
[anomaly] it 406: joint limit violated by 0.19 rad
terrain it  406 mean_level 2.7761
terms it  406 {"track_lin_vel_xy_exp": 0.68406, "track_ang_vel_z_exp": 0.38813, "feet_air_time": 0.00397, "feet_slide": -0.04237, "joint_deviation": -0.25673, "flat_orientation_l2": -0.02591, "action_rate_l2": -0.52089, "termination_penalty": -0.00964, "lin_vel_z_l2": 0.0, "ang_vel_xy_l2": -0.06239, "dof_torques_l2": -0.00087, "dof_acc_l2": -0.07416, "dof_pos_limits": -0.01843, "episodes": 83, "base_contact": 0.04819, "pushes": 100}
it  407 steps  40009728 sps   38,996 | ep_ret    0.79 ep_len  948.9 (n=94) | pg -0.008 vf 0.016 kl 0.0142 lr 1.7e-04
[anomaly] it 407: explained variance -1.47 < 0 after warm-up: value function not predicting returns
[anomaly] it 407: terminal-step reward dominates the episode: survival is being punished
[anomaly] it 407: joint limit violated by 0.41 rad
terrain it  407 mean_level 2.7878
terms it  407 {"track_lin_vel_xy_exp": 0.66515, "track_ang_vel_z_exp": 0.37966, "feet_air_time": 0.00378, "feet_slide": -0.04119, "joint_deviation": -0.25041, "flat_orientation_l2": -0.02539, "action_rate_l2": -0.50802, "termination_penalty": -0.02979, "lin_vel_z_l2": 0.0, "ang_vel_xy_l2": -0.06183, "dof_torques_l2": -0.00086, "dof_acc_l2": -0.07406, "dof_pos_limits": -0.01756, "episodes": 94, "base_contact": 0.14894, "pushes": 100}
it  408 steps  40108032 sps   38,993 | ep_ret    1.42 ep_len  960.6 (n=96) | pg -0.009 vf 0.017 kl 0.0145 lr 1.7e-04
[anomaly] it 408: explained variance -2.81 < 0 after warm-up: value function not predicting returns
[anomaly] it 408: terminal-step reward dominates the episode: survival is being punished
[anomaly] it 408: joint limit violated by 0.12 rad
terrain it  408 mean_level 2.8047
terms it  408 {"track_lin_vel_xy_exp": 0.68263, "track_ang_vel_z_exp": 0.38559, "feet_air_time": 0.00399, "feet_slide": -0.04192, "joint_deviation": -0.25158, "flat_orientation_l2": -0.02337, "action_rate_l2": -0.51209, "termination_penalty": -0.02083, "lin_vel_z_l2": 0.0, "ang_vel_xy_l2": -0.06016, "dof_torques_l2": -0.00083, "dof_acc_l2": -0.07312, "dof_pos_limits": -0.01731, "episodes": 96, "base_contact": 0.10417, "pushes": 83}
it  409 steps  40206336 sps   38,991 | ep_ret    0.94 ep_len  953.1 (n=110) | pg -0.010 vf 0.018 kl 0.0136 lr 1.7e-04
[anomaly] it 409: explained variance -1.85 < 0 after warm-up: value function not predicting returns
[anomaly] it 409: terminal-step reward dominates the episode: survival is being punished
[anomaly] it 409: joint limit violated by 0.16 rad
terrain it  409 mean_level 2.8208
terms it  409 {"track_lin_vel_xy_exp": 0.6673, "track_ang_vel_z_exp": 0.37808, "feet_air_time": 0.00389, "feet_slide": -0.04144, "joint_deviation": -0.25034, "flat_orientation_l2": -0.02419, "action_rate_l2": -0.51037, "termination_penalty": -0.02, "lin_vel_z_l2": 0.0, "ang_vel_xy_l2": -0.06094, "dof_torques_l2": -0.00086, "dof_acc_l2": -0.07544, "dof_pos_limits": -0.01871, "episodes": 110, "base_contact": 0.1, "pushes": 91}
it  410 steps  40304640 sps   38,988 | ep_ret    0.57 ep_len  938.8 (n=85) | pg -0.008 vf 0.017 kl 0.0134 lr 1.1e-04
[anomaly] it 410: explained variance -1.76 < 0 after warm-up: value function not predicting returns
[anomaly] it 410: terminal-step reward dominates the episode: survival is being punished
[anomaly] it 410: joint limit violated by 0.31 rad
terrain it  410 mean_level 2.8313
terms it  410 {"track_lin_vel_xy_exp": 0.65564, "track_ang_vel_z_exp": 0.37231, "feet_air_time": 0.0039, "feet_slide": -0.04061, "joint_deviation": -0.24566, "flat_orientation_l2": -0.02726, "action_rate_l2": -0.50285, "termination_penalty": -0.03059, "lin_vel_z_l2": 0.0, "ang_vel_xy_l2": -0.06171, "dof_torques_l2": -0.00086, "dof_acc_l2": -0.07577, "dof_pos_limits": -0.01801, "episodes": 85, "base_contact": 0.15294, "pushes": 98}
it  411 steps  40402944 sps   38,985 | ep_ret    0.67 ep_len  945.4 (n=94) | pg -0.009 vf 0.016 kl 0.0150 lr 2.6e-04
[anomaly] it 411: explained variance -1.62 < 0 after warm-up: value function not predicting returns
[anomaly] it 411: terminal-step reward dominates the episode: survival is being punished
[anomaly] it 411: joint limit violated by 0.16 rad
terrain it  411 mean_level 2.8435
terms it  411 {"track_lin_vel_xy_exp": 0.65413, "track_ang_vel_z_exp": 0.37973, "feet_air_time": 0.00385, "feet_slide": -0.04124, "joint_deviation": -0.24887, "flat_orientation_l2": -0.02395, "action_rate_l2": -0.50716, "termination_penalty": -0.02553, "lin_vel_z_l2": 0.0, "ang_vel_xy_l2": -0.06167, "dof_torques_l2": -0.00085, "dof_acc_l2": -0.07581, "dof_pos_limits": -0.01913, "episodes": 94, "base_contact": 0.12766, "pushes": 92}
it  412 steps  40501248 sps   38,982 | ep_ret    0.57 ep_len  948.8 (n=93) | pg -0.010 vf 0.015 kl 0.0147 lr 1.7e-04
[anomaly] it 412: explained variance -1.51 < 0 after warm-up: value function not predicting returns
[anomaly] it 412: terminal-step reward dominates the episode: survival is being punished
[anomaly] it 412: joint limit violated by 0.11 rad
terrain it  412 mean_level 2.8550
terms it  412 {"track_lin_vel_xy_exp": 0.66061, "track_ang_vel_z_exp": 0.3772, "feet_air_time": 0.00396, "feet_slide": -0.04179, "joint_deviation": -0.25012, "flat_orientation_l2": -0.02599, "action_rate_l2": -0.5093, "termination_penalty": -0.02581, "lin_vel_z_l2": 0.0, "ang_vel_xy_l2": -0.06236, "dof_torques_l2": -0.00087, "dof_acc_l2": -0.07865, "dof_pos_limits": -0.01843, "episodes": 93, "base_contact": 0.12903, "pushes": 108}
it  413 steps  40599552 sps   38,980 | ep_ret    1.47 ep_len  966.2 (n=98) | pg -0.009 vf 0.017 kl 0.0144 lr 1.7e-04
[anomaly] it 413: explained variance -2.27 < 0 after warm-up: value function not predicting returns
[anomaly] it 413: terminal-step reward dominates the episode: survival is being punished
[anomaly] it 413: joint limit violated by 0.25 rad
terrain it  413 mean_level 2.8696
terms it  413 {"track_lin_vel_xy_exp": 0.688, "track_ang_vel_z_exp": 0.38791, "feet_air_time": 0.00395, "feet_slide": -0.04208, "joint_deviation": -0.25283, "flat_orientation_l2": -0.02368, "action_rate_l2": -0.51734, "termination_penalty": -0.01837, "lin_vel_z_l2": 0.0, "ang_vel_xy_l2": -0.06049, "dof_torques_l2": -0.00084, "dof_acc_l2": -0.07375, "dof_pos_limits": -0.01688, "episodes": 98, "base_contact": 0.09184, "pushes": 101}
it  414 steps  40697856 sps   38,977 | ep_ret    0.63 ep_len  942.5 (n=95) | pg -0.009 vf 0.020 kl 0.0171 lr 2.6e-04
[anomaly] it 414: explained variance -2.10 < 0 after warm-up: value function not predicting returns
[anomaly] it 414: terminal-step reward dominates the episode: survival is being punished
[anomaly] it 414: joint limit violated by 0.40 rad
terrain it  414 mean_level 2.8809
terms it  414 {"track_lin_vel_xy_exp": 0.65898, "track_ang_vel_z_exp": 0.37366, "feet_air_time": 0.0039, "feet_slide": -0.04101, "joint_deviation": -0.24885, "flat_orientation_l2": -0.02568, "action_rate_l2": -0.50673, "termination_penalty": -0.02316, "lin_vel_z_l2": 0.0, "ang_vel_xy_l2": -0.06211, "dof_torques_l2": -0.00087, "dof_acc_l2": -0.07698, "dof_pos_limits": -0.0194, "episodes": 95, "base_contact": 0.11579, "pushes": 127}
it  415 steps  40796160 sps   38,975 | ep_ret    0.58 ep_len  925.5 (n=82) | pg -0.008 vf 0.020 kl 0.0166 lr 2.6e-04
[anomaly] it 415: explained variance -1.21 < 0 after warm-up: value function not predicting returns
[anomaly] it 415: terminal-step reward dominates the episode: survival is being punished
[anomaly] it 415: joint limit violated by 0.18 rad
terrain it  415 mean_level 2.8928
terms it  415 {"track_lin_vel_xy_exp": 0.64795, "track_ang_vel_z_exp": 0.37076, "feet_air_time": 0.00359, "feet_slide": -0.04017, "joint_deviation": -0.24443, "flat_orientation_l2": -0.02544, "action_rate_l2": -0.49716, "termination_penalty": -0.03415, "lin_vel_z_l2": 0.0, "ang_vel_xy_l2": -0.05995, "dof_torques_l2": -0.00082, "dof_acc_l2": -0.07319, "dof_pos_limits": -0.01798, "episodes": 82, "base_contact": 0.17073, "pushes": 134}
it  416 steps  40894464 sps   38,972 | ep_ret    0.48 ep_len  944.7 (n=104) | pg -0.010 vf 0.017 kl 0.0152 lr 2.6e-04
[anomaly] it 416: explained variance -2.26 < 0 after warm-up: value function not predicting returns
[anomaly] it 416: terminal-step reward dominates the episode: survival is being punished
[anomaly] it 416: joint limit violated by 0.24 rad
terrain it  416 mean_level 2.9058
terms it  416 {"track_lin_vel_xy_exp": 0.6509, "track_ang_vel_z_exp": 0.37463, "feet_air_time": 0.00391, "feet_slide": -0.04145, "joint_deviation": -0.24994, "flat_orientation_l2": -0.0245, "action_rate_l2": -0.50916, "termination_penalty": -0.02308, "lin_vel_z_l2": 0.0, "ang_vel_xy_l2": -0.06092, "dof_torques_l2": -0.00086, "dof_acc_l2": -0.07534, "dof_pos_limits": -0.02039, "episodes": 104, "base_contact": 0.11538, "pushes": 111}
it  417 steps  40992768 sps   38,969 | ep_ret    1.10 ep_len  946.9 (n=93) | pg -0.008 vf 0.015 kl 0.0149 lr 1.1e-04
[anomaly] it 417: explained variance -2.22 < 0 after warm-up: value function not predicting returns
[anomaly] it 417: terminal-step reward dominates the episode: survival is being punished
[anomaly] it 417: joint limit violated by 0.28 rad
terrain it  417 mean_level 2.9185
terms it  417 {"track_lin_vel_xy_exp": 0.66484, "track_ang_vel_z_exp": 0.3828, "feet_air_time": 0.00365, "feet_slide": -0.04088, "joint_deviation": -0.24834, "flat_orientation_l2": -0.02289, "action_rate_l2": -0.50967, "termination_penalty": -0.02366, "lin_vel_z_l2": 0.0, "ang_vel_xy_l2": -0.06017, "dof_torques_l2": -0.00083, "dof_acc_l2": -0.07225, "dof_pos_limits": -0.01756, "episodes": 93, "base_contact": 0.11828, "pushes": 107}
it  418 steps  41091072 sps   38,965 | ep_ret    1.22 ep_len  947.5 (n=82) | pg -0.008 vf 0.013 kl 0.0147 lr 2.6e-04
[anomaly] it 418: explained variance -2.33 < 0 after warm-up: value function not predicting returns
[anomaly] it 418: terminal-step reward dominates the episode: survival is being punished
[anomaly] it 418: joint limit violated by 0.12 rad
terrain it  418 mean_level 2.9302
terms it  418 {"track_lin_vel_xy_exp": 0.67488, "track_ang_vel_z_exp": 0.38009, "feet_air_time": 0.00378, "feet_slide": -0.04119, "joint_deviation": -0.24802, "flat_orientation_l2": -0.02301, "action_rate_l2": -0.51048, "termination_penalty": -0.02439, "lin_vel_z_l2": 0.0, "ang_vel_xy_l2": -0.05999, "dof_torques_l2": -0.00083, "dof_acc_l2": -0.07232, "dof_pos_limits": -0.01751, "episodes": 82, "base_contact": 0.12195, "pushes": 112}
it  419 steps  41189376 sps   38,963 | ep_ret    1.33 ep_len  959.8 (n=88) | pg -0.008 vf 0.020 kl 0.0161 lr 1.7e-04
[anomaly] it 419: explained variance -3.41 < 0 after warm-up: value function not predicting returns
[anomaly] it 419: terminal-step reward dominates the episode: survival is being punished
[anomaly] it 419: joint limit violated by 0.13 rad
terrain it  419 mean_level 2.9414
terms it  419 {"track_lin_vel_xy_exp": 0.67704, "track_ang_vel_z_exp": 0.39138, "feet_air_time": 0.00378, "feet_slide": -0.04215, "joint_deviation": -0.25215, "flat_orientation_l2": -0.02369, "action_rate_l2": -0.51658, "termination_penalty": -0.01591, "lin_vel_z_l2": 0.0, "ang_vel_xy_l2": -0.06105, "dof_torques_l2": -0.00084, "dof_acc_l2": -0.07592, "dof_pos_limits": -0.01732, "episodes": 88, "base_contact": 0.07955, "pushes": 106}
it  420 steps  41287680 sps   38,960 | ep_ret    0.12 ep_len  936.1 (n=97) | pg -0.009 vf 0.015 kl 0.0140 lr 1.7e-04
[anomaly] it 420: explained variance -1.16 < 0 after warm-up: value function not predicting returns
[anomaly] it 420: terminal-step reward dominates the episode: survival is being punished
[anomaly] it 420: joint limit violated by 0.27 rad
terrain it  420 mean_level 2.9548
terms it  420 {"track_lin_vel_xy_exp": 0.64117, "track_ang_vel_z_exp": 0.37638, "feet_air_time": 0.00375, "feet_slide": -0.04065, "joint_deviation": -0.24878, "flat_orientation_l2": -0.02598, "action_rate_l2": -0.50625, "termination_penalty": -0.03505, "lin_vel_z_l2": 0.0, "ang_vel_xy_l2": -0.06238, "dof_torques_l2": -0.00086, "dof_acc_l2": -0.07676, "dof_pos_limits": -0.01841, "episodes": 97, "base_contact": 0.17526, "pushes": 124}
it  421 steps  41385984 sps   38,958 | ep_ret    1.29 ep_len  959.8 (n=90) | pg -0.007 vf 0.016 kl 0.0138 lr 1.1e-04
[anomaly] it 421: explained variance -2.65 < 0 after warm-up: value function not predicting returns
[anomaly] it 421: terminal-step reward dominates the episode: survival is being punished
[anomaly] it 421: joint limit violated by 0.22 rad
[anomaly] it 421: contact penetration 2.7 cm
terrain it  421 mean_level 2.9673
terms it  421 {"track_lin_vel_xy_exp": 0.67652, "track_ang_vel_z_exp": 0.39078, "feet_air_time": 0.00389, "feet_slide": -0.04096, "joint_deviation": -0.25246, "flat_orientation_l2": -0.02403, "action_rate_l2": -0.51843, "termination_penalty": -0.01778, "lin_vel_z_l2": 0.0, "ang_vel_xy_l2": -0.06033, "dof_torques_l2": -0.00084, "dof_acc_l2": -0.07338, "dof_pos_limits": -0.01857, "episodes": 90, "base_contact": 0.08889, "pushes": 111}
it  422 steps  41484288 sps   38,956 | ep_ret    1.18 ep_len  965.6 (n=96) | pg -0.009 vf 0.017 kl 0.0147 lr 1.7e-04
[anomaly] it 422: explained variance -5.21 < 0 after warm-up: value function not predicting returns
[anomaly] it 422: terminal-step reward dominates the episode: survival is being punished
[anomaly] it 422: joint limit violated by 0.36 rad
terrain it  422 mean_level 2.9819
terms it  422 {"track_lin_vel_xy_exp": 0.67681, "track_ang_vel_z_exp": 0.3928, "feet_air_time": 0.00401, "feet_slide": -0.04216, "joint_deviation": -0.25383, "flat_orientation_l2": -0.02422, "action_rate_l2": -0.522, "termination_penalty": -0.01458, "lin_vel_z_l2": 0.0, "ang_vel_xy_l2": -0.06067, "dof_torques_l2": -0.00087, "dof_acc_l2": -0.07717, "dof_pos_limits": -0.01911, "episodes": 96, "base_contact": 0.07292, "pushes": 95}
it  423 steps  41582592 sps   38,953 | ep_ret    0.90 ep_len  922.2 (n=110) | pg -0.009 vf 0.014 kl 0.0144 lr 2.6e-04
[anomaly] it 423: explained variance -1.24 < 0 after warm-up: value function not predicting returns
[anomaly] it 423: terminal-step reward dominates the episode: survival is being punished
[anomaly] it 423: joint limit violated by 0.13 rad
terrain it  423 mean_level 2.9963
terms it  423 {"track_lin_vel_xy_exp": 0.64881, "track_ang_vel_z_exp": 0.37611, "feet_air_time": 0.00378, "feet_slide": -0.03957, "joint_deviation": -0.24274, "flat_orientation_l2": -0.02346, "action_rate_l2": -0.49801, "termination_penalty": -0.03091, "lin_vel_z_l2": 0.0, "ang_vel_xy_l2": -0.0592, "dof_torques_l2": -0.00081, "dof_acc_l2": -0.07181, "dof_pos_limits": -0.01708, "episodes": 110, "base_contact": 0.15455, "pushes": 97}
it  424 steps  41680896 sps   38,950 | ep_ret    1.64 ep_len  967.1 (n=92) | pg -0.009 vf 0.016 kl 0.0140 lr 1.7e-04
[anomaly] it 424: explained variance -3.35 < 0 after warm-up: value function not predicting returns
[anomaly] it 424: terminal-step reward dominates the episode: survival is being punished
[anomaly] it 424: joint limit violated by 0.26 rad
terrain it  424 mean_level 3.0098
terms it  424 {"track_lin_vel_xy_exp": 0.68644, "track_ang_vel_z_exp": 0.39802, "feet_air_time": 0.00382, "feet_slide": -0.04129, "joint_deviation": -0.2537, "flat_orientation_l2": -0.02299, "action_rate_l2": -0.52176, "termination_penalty": -0.01522, "lin_vel_z_l2": 0.0, "ang_vel_xy_l2": -0.05968, "dof_torques_l2": -0.00083, "dof_acc_l2": -0.07287, "dof_pos_limits": -0.01788, "episodes": 92, "base_contact": 0.07609, "pushes": 114}
it  425 steps  41779200 sps   38,948 | ep_ret    1.52 ep_len  968.7 (n=91) | pg -0.009 vf 0.017 kl 0.0151 lr 1.1e-04
[anomaly] it 425: explained variance -3.46 < 0 after warm-up: value function not predicting returns
[anomaly] it 425: terminal-step reward dominates the episode: survival is being punished
[anomaly] it 425: joint limit violated by 0.15 rad
terrain it  425 mean_level 3.0232
terms it  425 {"track_lin_vel_xy_exp": 0.68226, "track_ang_vel_z_exp": 0.40034, "feet_air_time": 0.00374, "feet_slide": -0.04146, "joint_deviation": -0.25438, "flat_orientation_l2": -0.02247, "action_rate_l2": -0.52461, "termination_penalty": -0.01758, "lin_vel_z_l2": 0.0, "ang_vel_xy_l2": -0.0598, "dof_torques_l2": -0.00082, "dof_acc_l2": -0.07189, "dof_pos_limits": -0.01734, "episodes": 91, "base_contact": 0.08791, "pushes": 102}
it  426 steps  41877504 sps   38,946 | ep_ret    1.11 ep_len  947.5 (n=93) | pg -0.009 vf 0.014 kl 0.0152 lr 1.7e-04
[anomaly] it 426: explained variance -2.11 < 0 after warm-up: value function not predicting returns
[anomaly] it 426: terminal-step reward dominates the episode: survival is being punished
[anomaly] it 426: joint limit violated by 0.19 rad
terrain it  426 mean_level 3.0354
terms it  426 {"track_lin_vel_xy_exp": 0.66849, "track_ang_vel_z_exp": 0.38564, "feet_air_time": 0.00384, "feet_slide": -0.04016, "joint_deviation": -0.24957, "flat_orientation_l2": -0.02287, "action_rate_l2": -0.51312, "termination_penalty": -0.02366, "lin_vel_z_l2": 0.0, "ang_vel_xy_l2": -0.05968, "dof_torques_l2": -0.00083, "dof_acc_l2": -0.07396, "dof_pos_limits": -0.01854, "episodes": 93, "base_contact": 0.11828, "pushes": 101}
it  427 steps  41975808 sps   38,944 | ep_ret    1.87 ep_len  968.4 (n=94) | pg -0.009 vf 0.012 kl 0.0128 lr 1.1e-04
[anomaly] it 427: explained variance -3.72 < 0 after warm-up: value function not predicting returns
[anomaly] it 427: terminal-step reward dominates the episode: survival is being punished
[anomaly] it 427: joint limit violated by 0.22 rad
terrain it  427 mean_level 3.0452
terms it  427 {"track_lin_vel_xy_exp": 0.69074, "track_ang_vel_z_exp": 0.39973, "feet_air_time": 0.0039, "feet_slide": -0.04095, "joint_deviation": -0.25437, "flat_orientation_l2": -0.0222, "action_rate_l2": -0.52384, "termination_penalty": -0.01277, "lin_vel_z_l2": 0.0, "ang_vel_xy_l2": -0.05912, "dof_torques_l2": -0.00082, "dof_acc_l2": -0.0697, "dof_pos_limits": -0.01707, "episodes": 94, "base_contact": 0.06383, "pushes": 104}
it  428 steps  42074112 sps   38,942 | ep_ret    1.69 ep_len  967.7 (n=107) | pg -0.009 vf 0.015 kl 0.0139 lr 1.7e-04
[anomaly] it 428: explained variance -2.43 < 0 after warm-up: value function not predicting returns
[anomaly] it 428: terminal-step reward dominates the episode: survival is being punished
[anomaly] it 428: joint limit violated by 0.11 rad
terrain it  428 mean_level 3.0591
terms it  428 {"track_lin_vel_xy_exp": 0.68764, "track_ang_vel_z_exp": 0.3988, "feet_air_time": 0.00396, "feet_slide": -0.0412, "joint_deviation": -0.25362, "flat_orientation_l2": -0.02194, "action_rate_l2": -0.52472, "termination_penalty": -0.01495, "lin_vel_z_l2": 0.0, "ang_vel_xy_l2": -0.05977, "dof_torques_l2": -0.00083, "dof_acc_l2": -0.07171, "dof_pos_limits": -0.01723, "episodes": 107, "base_contact": 0.07477, "pushes": 105}
it  429 steps  42172416 sps   38,941 | ep_ret    1.68 ep_len  965.9 (n=107) | pg -0.009 vf 0.013 kl 0.0164 lr 1.1e-04
[anomaly] it 429: explained variance -2.24 < 0 after warm-up: value function not predicting returns
[anomaly] it 429: terminal-step reward dominates the episode: survival is being punished
[anomaly] it 429: joint limit violated by 0.13 rad
terrain it  429 mean_level 3.0757
terms it  429 {"track_lin_vel_xy_exp": 0.68434, "track_ang_vel_z_exp": 0.39952, "feet_air_time": 0.00393, "feet_slide": -0.04136, "joint_deviation": -0.25458, "flat_orientation_l2": -0.02173, "action_rate_l2": -0.52354, "termination_penalty": -0.01308, "lin_vel_z_l2": 0.0, "ang_vel_xy_l2": -0.0594, "dof_torques_l2": -0.00083, "dof_acc_l2": -0.07139, "dof_pos_limits": -0.01787, "episodes": 107, "base_contact": 0.06542, "pushes": 106}
it  430 steps  42270720 sps   38,939 | ep_ret    2.06 ep_len  976.6 (n=112) | pg -0.008 vf 0.016 kl 0.0128 lr 1.7e-04
[anomaly] it 430: explained variance -2.73 < 0 after warm-up: value function not predicting returns
[anomaly] it 430: terminal-step reward dominates the episode: survival is being punished
[anomaly] it 430: joint limit violated by 0.17 rad
terrain it  430 mean_level 3.0916
terms it  430 {"track_lin_vel_xy_exp": 0.70268, "track_ang_vel_z_exp": 0.40501, "feet_air_time": 0.00397, "feet_slide": -0.04066, "joint_deviation": -0.25557, "flat_orientation_l2": -0.02122, "action_rate_l2": -0.52936, "termination_penalty": -0.0125, "lin_vel_z_l2": 0.0, "ang_vel_xy_l2": -0.05927, "dof_torques_l2": -0.00082, "dof_acc_l2": -0.07227, "dof_pos_limits": -0.01693, "episodes": 112, "base_contact": 0.0625, "pushes": 92}
it  431 steps  42369024 sps   38,938 | ep_ret    1.75 ep_len  982.4 (n=111) | pg -0.010 vf 0.016 kl 0.0143 lr 2.6e-04
[anomaly] it 431: explained variance -3.39 < 0 after warm-up: value function not predicting returns
[anomaly] it 431: terminal-step reward dominates the episode: survival is being punished
[anomaly] it 431: joint limit violated by 0.13 rad
terrain it  431 mean_level 3.1055
terms it  431 {"track_lin_vel_xy_exp": 0.69498, "track_ang_vel_z_exp": 0.4082, "feet_air_time": 0.00405, "feet_slide": -0.04215, "joint_deviation": -0.25853, "flat_orientation_l2": -0.02289, "action_rate_l2": -0.53312, "termination_penalty": -0.01081, "lin_vel_z_l2": 0.0, "ang_vel_xy_l2": -0.06022, "dof_torques_l2": -0.00084, "dof_acc_l2": -0.07331, "dof_pos_limits": -0.01787, "episodes": 111, "base_contact": 0.05405, "pushes": 76}
it  432 steps  42467328 sps   38,937 | ep_ret    1.52 ep_len  961.8 (n=129) | pg -0.007 vf 0.017 kl 0.0154 lr 1.7e-04
[anomaly] it 432: explained variance -1.83 < 0 after warm-up: value function not predicting returns
[anomaly] it 432: terminal-step reward dominates the episode: survival is being punished
[anomaly] it 432: joint limit violated by 0.34 rad
terrain it  432 mean_level 3.1262
terms it  432 {"track_lin_vel_xy_exp": 0.68096, "track_ang_vel_z_exp": 0.39867, "feet_air_time": 0.00403, "feet_slide": -0.04074, "joint_deviation": -0.25208, "flat_orientation_l2": -0.02224, "action_rate_l2": -0.52327, "termination_penalty": -0.01705, "lin_vel_z_l2": 0.0, "ang_vel_xy_l2": -0.06012, "dof_torques_l2": -0.00084, "dof_acc_l2": -0.07358, "dof_pos_limits": -0.01771, "episodes": 129, "base_contact": 0.08527, "pushes": 81}
it  433 steps  42565632 sps   38,935 | ep_ret    1.84 ep_len  962.7 (n=110) | pg -0.010 vf 0.017 kl 0.0150 lr 2.6e-04
[anomaly] it 433: explained variance -2.15 < 0 after warm-up: value function not predicting returns
[anomaly] it 433: terminal-step reward dominates the episode: survival is being punished
[anomaly] it 433: joint limit violated by 0.20 rad
terrain it  433 mean_level 3.1426
terms it  433 {"track_lin_vel_xy_exp": 0.68929, "track_ang_vel_z_exp": 0.39909, "feet_air_time": 0.00374, "feet_slide": -0.0411, "joint_deviation": -0.25321, "flat_orientation_l2": -0.02131, "action_rate_l2": -0.5218, "termination_penalty": -0.01636, "lin_vel_z_l2": 0.0, "ang_vel_xy_l2": -0.05917, "dof_torques_l2": -0.00081, "dof_acc_l2": -0.06951, "dof_pos_limits": -0.01686, "episodes": 110, "base_contact": 0.08182, "pushes": 77}
it  434 steps  42663936 sps   38,934 | ep_ret    2.28 ep_len  976.1 (n=125) | pg -0.006 vf 0.017 kl 0.0137 lr 1.1e-04
[anomaly] it 434: explained variance -3.99 < 0 after warm-up: value function not predicting returns
[anomaly] it 434: terminal-step reward dominates the episode: survival is being punished
[anomaly] it 434: joint limit violated by 0.56 rad
terrain it  434 mean_level 3.1589
terms it  434 {"track_lin_vel_xy_exp": 0.70672, "track_ang_vel_z_exp": 0.40872, "feet_air_time": 0.00401, "feet_slide": -0.04052, "joint_deviation": -0.25565, "flat_orientation_l2": -0.02071, "action_rate_l2": -0.52841, "termination_penalty": -0.0112, "lin_vel_z_l2": 0.0, "ang_vel_xy_l2": -0.05902, "dof_torques_l2": -0.00081, "dof_acc_l2": -0.0716, "dof_pos_limits": -0.01744, "episodes": 125, "base_contact": 0.056, "pushes": 100}
it  435 steps  42762240 sps   38,931 | ep_ret    1.94 ep_len  971.3 (n=132) | pg -0.007 vf 0.017 kl 0.0145 lr 1.7e-04
[anomaly] it 435: explained variance -2.06 < 0 after warm-up: value function not predicting returns
[anomaly] it 435: terminal-step reward dominates the episode: survival is being punished
[anomaly] it 435: joint limit violated by 0.15 rad
[anomaly] it 435: contact penetration 2.1 cm
terrain it  435 mean_level 3.1790
terms it  435 {"track_lin_vel_xy_exp": 0.69764, "track_ang_vel_z_exp": 0.40736, "feet_air_time": 0.00407, "feet_slide": -0.04072, "joint_deviation": -0.25528, "flat_orientation_l2": -0.02159, "action_rate_l2": -0.52795, "termination_penalty": -0.01667, "lin_vel_z_l2": 0.0, "ang_vel_xy_l2": -0.05973, "dof_torques_l2": -0.00082, "dof_acc_l2": -0.07184, "dof_pos_limits": -0.01747, "episodes": 132, "base_contact": 0.08333, "pushes": 94}
it  436 steps  42860544 sps   38,930 | ep_ret    1.68 ep_len  946.8 (n=118) | pg -0.008 vf 0.017 kl 0.0130 lr 1.1e-04
[anomaly] it 436: explained variance -1.66 < 0 after warm-up: value function not predicting returns
[anomaly] it 436: terminal-step reward dominates the episode: survival is being punished
[anomaly] it 436: joint limit violated by 0.26 rad
terrain it  436 mean_level 3.1951
terms it  436 {"track_lin_vel_xy_exp": 0.67985, "track_ang_vel_z_exp": 0.39514, "feet_air_time": 0.00397, "feet_slide": -0.03957, "joint_deviation": -0.24958, "flat_orientation_l2": -0.02204, "action_rate_l2": -0.51427, "termination_penalty": -0.02373, "lin_vel_z_l2": 0.0, "ang_vel_xy_l2": -0.05748, "dof_torques_l2": -0.00081, "dof_acc_l2": -0.07041, "dof_pos_limits": -0.0172, "episodes": 118, "base_contact": 0.11864, "pushes": 91}
it  437 steps  42958848 sps   38,929 | ep_ret    0.79 ep_len  936.2 (n=102) | pg -0.009 vf 0.017 kl 0.0154 lr 2.6e-04
[anomaly] it 437: explained variance -1.03 < 0 after warm-up: value function not predicting returns
[anomaly] it 437: terminal-step reward dominates the episode: survival is being punished
[anomaly] it 437: joint limit violated by 0.15 rad
terrain it  437 mean_level 3.2085
terms it  437 {"track_lin_vel_xy_exp": 0.65331, "track_ang_vel_z_exp": 0.38349, "feet_air_time": 0.00401, "feet_slide": -0.03949, "joint_deviation": -0.24903, "flat_orientation_l2": -0.02307, "action_rate_l2": -0.51124, "termination_penalty": -0.02549, "lin_vel_z_l2": 0.0, "ang_vel_xy_l2": -0.05922, "dof_torques_l2": -0.00083, "dof_acc_l2": -0.07409, "dof_pos_limits": -0.01904, "episodes": 102, "base_contact": 0.12745, "pushes": 97}
it  438 steps  43057152 sps   38,928 | ep_ret    2.20 ep_len  973.1 (n=124) | pg -0.008 vf 0.014 kl 0.0147 lr 1.7e-04
[anomaly] it 438: explained variance -3.55 < 0 after warm-up: value function not predicting returns
[anomaly] it 438: terminal-step reward dominates the episode: survival is being punished
[anomaly] it 438: joint limit violated by 0.19 rad
terrain it  438 mean_level 3.2227
terms it  438 {"track_lin_vel_xy_exp": 0.70036, "track_ang_vel_z_exp": 0.4118, "feet_air_time": 0.0039, "feet_slide": -0.04058, "joint_deviation": -0.25638, "flat_orientation_l2": -0.02054, "action_rate_l2": -0.52934, "termination_penalty": -0.0129, "lin_vel_z_l2": 0.0, "ang_vel_xy_l2": -0.05834, "dof_torques_l2": -0.00081, "dof_acc_l2": -0.06964, "dof_pos_limits": -0.01752, "episodes": 124, "base_contact": 0.06452, "pushes": 100}
it  439 steps  43155456 sps   38,926 | ep_ret    2.07 ep_len  970.7 (n=117) | pg -0.010 vf 0.016 kl 0.0145 lr 2.6e-04
[anomaly] it 439: explained variance -2.11 < 0 after warm-up: value function not predicting returns
[anomaly] it 439: terminal-step reward dominates the episode: survival is being punished
[anomaly] it 439: joint limit violated by 0.10 rad
terrain it  439 mean_level 3.2385
terms it  439 {"track_lin_vel_xy_exp": 0.6968, "track_ang_vel_z_exp": 0.41005, "feet_air_time": 0.00379, "feet_slide": -0.04056, "joint_deviation": -0.25505, "flat_orientation_l2": -0.02053, "action_rate_l2": -0.52852, "termination_penalty": -0.01538, "lin_vel_z_l2": 0.0, "ang_vel_xy_l2": -0.05879, "dof_torques_l2": -0.0008, "dof_acc_l2": -0.07063, "dof_pos_limits": -0.01692, "episodes": 117, "base_contact": 0.07692, "pushes": 83}
it  440 steps  43253760 sps   38,925 | ep_ret    2.16 ep_len  969.5 (n=118) | pg -0.008 vf 0.014 kl 0.0141 lr 1.7e-04
[anomaly] it 440: explained variance -3.24 < 0 after warm-up: value function not predicting returns
[anomaly] it 440: terminal-step reward dominates the episode: survival is being punished
[anomaly] it 440: joint limit violated by 0.12 rad
terrain it  440 mean_level 3.2551
terms it  440 {"track_lin_vel_xy_exp": 0.69722, "track_ang_vel_z_exp": 0.40464, "feet_air_time": 0.00408, "feet_slide": -0.04035, "joint_deviation": -0.25496, "flat_orientation_l2": -0.01964, "action_rate_l2": -0.52759, "termination_penalty": -0.01017, "lin_vel_z_l2": 0.0, "ang_vel_xy_l2": -0.05805, "dof_torques_l2": -0.0008, "dof_acc_l2": -0.06937, "dof_pos_limits": -0.01692, "episodes": 118, "base_contact": 0.05085, "pushes": 99}
it  441 steps  43352064 sps   38,924 | ep_ret    1.43 ep_len  957.9 (n=122) | pg -0.008 vf 0.014 kl 0.0164 lr 2.6e-04
[anomaly] it 441: explained variance -2.23 < 0 after warm-up: value function not predicting returns
[anomaly] it 441: terminal-step reward dominates the episode: survival is being punished
[anomaly] it 441: joint limit violated by 0.15 rad
terrain it  441 mean_level 3.2739
terms it  441 {"track_lin_vel_xy_exp": 0.67407, "track_ang_vel_z_exp": 0.3998, "feet_air_time": 0.0041, "feet_slide": -0.04, "joint_deviation": -0.25342, "flat_orientation_l2": -0.02248, "action_rate_l2": -0.52258, "termination_penalty": -0.01803, "lin_vel_z_l2": 0.0, "ang_vel_xy_l2": -0.05917, "dof_torques_l2": -0.00083, "dof_acc_l2": -0.07072, "dof_pos_limits": -0.0193, "episodes": 122, "base_contact": 0.09016, "pushes": 84}
it  442 steps  43450368 sps   38,923 | ep_ret    2.02 ep_len  962.0 (n=97) | pg -0.009 vf 0.014 kl 0.0143 lr 1.7e-04
[anomaly] it 442: explained variance -4.38 < 0 after warm-up: value function not predicting returns
[anomaly] it 442: terminal-step reward dominates the episode: survival is being punished
[anomaly] it 442: joint limit violated by 0.31 rad
terrain it  442 mean_level 3.2834
terms it  442 {"track_lin_vel_xy_exp": 0.69321, "track_ang_vel_z_exp": 0.40448, "feet_air_time": 0.00381, "feet_slide": -0.04041, "joint_deviation": -0.25315, "flat_orientation_l2": -0.02123, "action_rate_l2": -0.52431, "termination_penalty": -0.01443, "lin_vel_z_l2": 0.0, "ang_vel_xy_l2": -0.05732, "dof_torques_l2": -0.0008, "dof_acc_l2": -0.0711, "dof_pos_limits": -0.01761, "episodes": 97, "base_contact": 0.07216, "pushes": 100}
it  443 steps  43548672 sps   38,922 | ep_ret    1.63 ep_len  954.0 (n=105) | pg -0.009 vf 0.018 kl 0.0141 lr 1.7e-04
[anomaly] it 443: explained variance -1.58 < 0 after warm-up: value function not predicting returns
[anomaly] it 443: terminal-step reward dominates the episode: survival is being punished
[anomaly] it 443: joint limit violated by 0.30 rad
terrain it  443 mean_level 3.3022
terms it  443 {"track_lin_vel_xy_exp": 0.68007, "track_ang_vel_z_exp": 0.40173, "feet_air_time": 0.00402, "feet_slide": -0.03974, "joint_deviation": -0.25189, "flat_orientation_l2": -0.02235, "action_rate_l2": -0.52163, "termination_penalty": -0.01714, "lin_vel_z_l2": 0.0, "ang_vel_xy_l2": -0.05811, "dof_torques_l2": -0.00083, "dof_acc_l2": -0.07354, "dof_pos_limits": -0.01895, "episodes": 105, "base_contact": 0.08571, "pushes": 87}
it  444 steps  43646976 sps   38,920 | ep_ret    1.81 ep_len  946.6 (n=106) | pg -0.009 vf 0.014 kl 0.0161 lr 2.6e-04
[anomaly] it 444: explained variance -2.04 < 0 after warm-up: value function not predicting returns
[anomaly] it 444: terminal-step reward dominates the episode: survival is being punished
[anomaly] it 444: joint limit violated by 0.41 rad
terrain it  444 mean_level 3.3157
terms it  444 {"track_lin_vel_xy_exp": 0.67627, "track_ang_vel_z_exp": 0.39862, "feet_air_time": 0.00367, "feet_slide": -0.03986, "joint_deviation": -0.24987, "flat_orientation_l2": -0.02095, "action_rate_l2": -0.51648, "termination_penalty": -0.01509, "lin_vel_z_l2": 0.0, "ang_vel_xy_l2": -0.05841, "dof_torques_l2": -0.0008, "dof_acc_l2": -0.0694, "dof_pos_limits": -0.01741, "episodes": 106, "base_contact": 0.07547, "pushes": 102}
it  445 steps  43745280 sps   38,919 | ep_ret    1.98 ep_len  968.6 (n=105) | pg -0.006 vf 0.015 kl 0.0153 lr 1.7e-04
[anomaly] it 445: explained variance -3.41 < 0 after warm-up: value function not predicting returns
[anomaly] it 445: terminal-step reward dominates the episode: survival is being punished
[anomaly] it 445: joint limit violated by 0.12 rad
terrain it  445 mean_level 3.3293
terms it  445 {"track_lin_vel_xy_exp": 0.69433, "track_ang_vel_z_exp": 0.40979, "feet_air_time": 0.00403, "feet_slide": -0.0405, "joint_deviation": -0.2543, "flat_orientation_l2": -0.02105, "action_rate_l2": -0.52917, "termination_penalty": -0.01524, "lin_vel_z_l2": 0.0, "ang_vel_xy_l2": -0.05828, "dof_torques_l2": -0.00081, "dof_acc_l2": -0.07212, "dof_pos_limits": -0.01759, "episodes": 105, "base_contact": 0.07619, "pushes": 88}
it  446 steps  43843584 sps   38,918 | ep_ret    0.99 ep_len  941.8 (n=90) | pg -0.009 vf 0.017 kl 0.0128 lr 1.7e-04
[anomaly] it 446: explained variance -2.09 < 0 after warm-up: value function not predicting returns
[anomaly] it 446: terminal-step reward dominates the episode: survival is being punished
[anomaly] it 446: joint limit violated by 0.20 rad
terrain it  446 mean_level 3.3420
terms it  446 {"track_lin_vel_xy_exp": 0.65998, "track_ang_vel_z_exp": 0.39467, "feet_air_time": 0.00381, "feet_slide": -0.03981, "joint_deviation": -0.25058, "flat_orientation_l2": -0.0222, "action_rate_l2": -0.51575, "termination_penalty": -0.02667, "lin_vel_z_l2": 0.0, "ang_vel_xy_l2": -0.06007, "dof_torques_l2": -0.00083, "dof_acc_l2": -0.07372, "dof_pos_limits": -0.01909, "episodes": 90, "base_contact": 0.13333, "pushes": 81}
it  447 steps  43941888 sps   38,917 | ep_ret    1.40 ep_len  935.5 (n=94) | pg -0.008 vf 0.014 kl 0.0146 lr 1.1e-04
[anomaly] it 447: explained variance -1.36 < 0 after warm-up: value function not predicting returns
[anomaly] it 447: terminal-step reward dominates the episode: survival is being punished
[anomaly] it 447: joint limit violated by 0.12 rad
terrain it  447 mean_level 3.3496
terms it  447 {"track_lin_vel_xy_exp": 0.66196, "track_ang_vel_z_exp": 0.39985, "feet_air_time": 0.00373, "feet_slide": -0.03909, "joint_deviation": -0.24731, "flat_orientation_l2": -0.02147, "action_rate_l2": -0.51242, "termination_penalty": -0.02979, "lin_vel_z_l2": 0.0, "ang_vel_xy_l2": -0.0578, "dof_torques_l2": -0.00079, "dof_acc_l2": -0.06846, "dof_pos_limits": -0.01854, "episodes": 94, "base_contact": 0.14894, "pushes": 96}
it  448 steps  44040192 sps   38,916 | ep_ret    0.99 ep_len  967.3 (n=88) | pg -0.009 vf 0.016 kl 0.0143 lr 1.7e-04
[anomaly] it 448: explained variance -2.11 < 0 after warm-up: value function not predicting returns
[anomaly] it 448: terminal-step reward dominates the episode: survival is being punished
[anomaly] it 448: joint limit violated by 0.35 rad
terrain it  448 mean_level 3.3601
terms it  448 {"track_lin_vel_xy_exp": 0.67643, "track_ang_vel_z_exp": 0.40443, "feet_air_time": 0.00392, "feet_slide": -0.0412, "joint_deviation": -0.25637, "flat_orientation_l2": -0.02389, "action_rate_l2": -0.53121, "termination_penalty": -0.02273, "lin_vel_z_l2": 0.0, "ang_vel_xy_l2": -0.06115, "dof_torques_l2": -0.00086, "dof_acc_l2": -0.07775, "dof_pos_limits": -0.02008, "episodes": 88, "base_contact": 0.11364, "pushes": 80}
it  449 steps  44138496 sps   38,914 | ep_ret    1.41 ep_len  959.8 (n=91) | pg -0.009 vf 0.014 kl 0.0149 lr 2.6e-04
[anomaly] it 449: explained variance -3.07 < 0 after warm-up: value function not predicting returns
[anomaly] it 449: terminal-step reward dominates the episode: survival is being punished
[anomaly] it 449: joint limit violated by 0.12 rad
terrain it  449 mean_level 3.3704
terms it  449 {"track_lin_vel_xy_exp": 0.67457, "track_ang_vel_z_exp": 0.40425, "feet_air_time": 0.00385, "feet_slide": -0.04113, "joint_deviation": -0.25346, "flat_orientation_l2": -0.021, "action_rate_l2": -0.52525, "termination_penalty": -0.01978, "lin_vel_z_l2": 0.0, "ang_vel_xy_l2": -0.05896, "dof_torques_l2": -0.00082, "dof_acc_l2": -0.07202, "dof_pos_limits": -0.01974, "episodes": 91, "base_contact": 0.0989, "pushes": 93}
it  450 steps  44236800 sps   38,913 | ep_ret    1.88 ep_len  959.5 (n=100) | pg -0.009 vf 0.015 kl 0.0141 lr 1.7e-04
[anomaly] it 450: explained variance -1.90 < 0 after warm-up: value function not predicting returns
[anomaly] it 450: terminal-step reward dominates the episode: survival is being punished
[anomaly] it 450: joint limit violated by 0.15 rad
terrain it  450 mean_level 3.3845
terms it  450 {"track_lin_vel_xy_exp": 0.68691, "track_ang_vel_z_exp": 0.40834, "feet_air_time": 0.00395, "feet_slide": -0.04006, "joint_deviation": -0.25324, "flat_orientation_l2": -0.02096, "action_rate_l2": -0.52649, "termination_penalty": -0.018, "lin_vel_z_l2": 0.0, "ang_vel_xy_l2": -0.05765, "dof_torques_l2": -0.00081, "dof_acc_l2": -0.07041, "dof_pos_limits": -0.01768, "episodes": 100, "base_contact": 0.09, "pushes": 97}
it  451 steps  44335104 sps   38,912 | ep_ret    1.28 ep_len  957.4 (n=105) | pg -0.009 vf 0.015 kl 0.0155 lr 2.6e-04
[anomaly] it 451: explained variance -2.32 < 0 after warm-up: value function not predicting returns
[anomaly] it 451: terminal-step reward dominates the episode: survival is being punished
[anomaly] it 451: joint limit violated by 0.12 rad
terrain it  451 mean_level 3.4006
terms it  451 {"track_lin_vel_xy_exp": 0.67176, "track_ang_vel_z_exp": 0.40116, "feet_air_time": 0.00405, "feet_slide": -0.04071, "joint_deviation": -0.25348, "flat_orientation_l2": -0.0216, "action_rate_l2": -0.52658, "termination_penalty": -0.01524, "lin_vel_z_l2": 0.0, "ang_vel_xy_l2": -0.05943, "dof_torques_l2": -0.00084, "dof_acc_l2": -0.07453, "dof_pos_limits": -0.02043, "episodes": 105, "base_contact": 0.07619, "pushes": 96}
it  452 steps  44433408 sps   38,911 | ep_ret    2.03 ep_len  993.2 (n=89) | pg -0.009 vf 0.018 kl 0.0141 lr 1.7e-04
[anomaly] it 452: explained variance -4.17 < 0 after warm-up: value function not predicting returns
[anomaly] it 452: terminal-step reward dominates the episode: survival is being punished
[anomaly] it 452: joint limit violated by 0.57 rad
terrain it  452 mean_level 3.4136
terms it  452 {"track_lin_vel_xy_exp": 0.70943, "track_ang_vel_z_exp": 0.42166, "feet_air_time": 0.00395, "feet_slide": -0.04209, "joint_deviation": -0.26175, "flat_orientation_l2": -0.02107, "action_rate_l2": -0.54465, "termination_penalty": -0.00899, "lin_vel_z_l2": 0.0, "ang_vel_xy_l2": -0.06051, "dof_torques_l2": -0.00085, "dof_acc_l2": -0.07547, "dof_pos_limits": -0.01815, "episodes": 89, "base_contact": 0.04494, "pushes": 110}
it  453 steps  44531712 sps   38,910 | ep_ret    1.07 ep_len  927.5 (n=93) | pg -0.008 vf 0.016 kl 0.0141 lr 1.1e-04
[anomaly] it 453: explained variance -2.75 < 0 after warm-up: value function not predicting returns
[anomaly] it 453: terminal-step reward dominates the episode: survival is being punished
[anomaly] it 453: joint limit violated by 0.13 rad
terrain it  453 mean_level 3.4238
terms it  453 {"track_lin_vel_xy_exp": 0.65184, "track_ang_vel_z_exp": 0.39295, "feet_air_time": 0.00384, "feet_slide": -0.03912, "joint_deviation": -0.24552, "flat_orientation_l2": -0.02052, "action_rate_l2": -0.51005, "termination_penalty": -0.02796, "lin_vel_z_l2": 0.0, "ang_vel_xy_l2": -0.05822, "dof_torques_l2": -0.00081, "dof_acc_l2": -0.07422, "dof_pos_limits": -0.0187, "episodes": 93, "base_contact": 0.13978, "pushes": 100}
it  454 steps  44630016 sps   38,909 | ep_ret    1.46 ep_len  956.9 (n=97) | pg -0.008 vf 0.018 kl 0.0123 lr 1.7e-04
[anomaly] it 454: explained variance -2.18 < 0 after warm-up: value function not predicting returns
[anomaly] it 454: terminal-step reward dominates the episode: survival is being punished
[anomaly] it 454: joint limit violated by 0.25 rad
terrain it  454 mean_level 3.4353
terms it  454 {"track_lin_vel_xy_exp": 0.67628, "track_ang_vel_z_exp": 0.40435, "feet_air_time": 0.00384, "feet_slide": -0.04029, "joint_deviation": -0.25396, "flat_orientation_l2": -0.02172, "action_rate_l2": -0.52598, "termination_penalty": -0.02062, "lin_vel_z_l2": 0.0, "ang_vel_xy_l2": -0.05853, "dof_torques_l2": -0.00081, "dof_acc_l2": -0.07111, "dof_pos_limits": -0.0183, "episodes": 97, "base_contact": 0.10309, "pushes": 98}
it  455 steps  44728320 sps   38,907 | ep_ret    1.61 ep_len  943.9 (n=93) | pg -0.006 vf 0.017 kl 0.0140 lr 1.1e-04
[anomaly] it 455: explained variance -3.38 < 0 after warm-up: value function not predicting returns
[anomaly] it 455: terminal-step reward dominates the episode: survival is being punished
[anomaly] it 455: joint limit violated by 0.20 rad
terrain it  455 mean_level 3.4465
terms it  455 {"track_lin_vel_xy_exp": 0.6724, "track_ang_vel_z_exp": 0.39996, "feet_air_time": 0.00401, "feet_slide": -0.0401, "joint_deviation": -0.24903, "flat_orientation_l2": -0.02018, "action_rate_l2": -0.51894, "termination_penalty": -0.01935, "lin_vel_z_l2": 0.0, "ang_vel_xy_l2": -0.05665, "dof_torques_l2": -0.00081, "dof_acc_l2": -0.07249, "dof_pos_limits": -0.01843, "episodes": 93, "base_contact": 0.09677, "pushes": 100}
it  456 steps  44826624 sps   38,906 | ep_ret    0.97 ep_len  950.6 (n=104) | pg -0.010 vf 0.015 kl 0.0151 lr 2.6e-04
[anomaly] it 456: explained variance -3.28 < 0 after warm-up: value function not predicting returns
[anomaly] it 456: terminal-step reward dominates the episode: survival is being punished
[anomaly] it 456: joint limit violated by 0.18 rad
terrain it  456 mean_level 3.4595
terms it  456 {"track_lin_vel_xy_exp": 0.6611, "track_ang_vel_z_exp": 0.40311, "feet_air_time": 0.00384, "feet_slide": -0.04001, "joint_deviation": -0.25408, "flat_orientation_l2": -0.02154, "action_rate_l2": -0.52387, "termination_penalty": -0.02692, "lin_vel_z_l2": 0.0, "ang_vel_xy_l2": -0.06053, "dof_torques_l2": -0.00084, "dof_acc_l2": -0.07211, "dof_pos_limits": -0.01944, "episodes": 104, "base_contact": 0.13462, "pushes": 95}
it  457 steps  44924928 sps   38,905 | ep_ret    0.77 ep_len  951.1 (n=88) | pg -0.010 vf 0.014 kl 0.0158 lr 2.6e-04
[anomaly] it 457: explained variance -1.50 < 0 after warm-up: value function not predicting returns
[anomaly] it 457: terminal-step reward dominates the episode: survival is being punished
[anomaly] it 457: joint limit violated by 0.12 rad
terrain it  457 mean_level 3.4702
terms it  457 {"track_lin_vel_xy_exp": 0.66245, "track_ang_vel_z_exp": 0.40122, "feet_air_time": 0.00374, "feet_slide": -0.04047, "joint_deviation": -0.25422, "flat_orientation_l2": -0.02356, "action_rate_l2": -0.52549, "termination_penalty": -0.02727, "lin_vel_z_l2": 0.0, "ang_vel_xy_l2": -0.06099, "dof_torques_l2": -0.00086, "dof_acc_l2": -0.07605, "dof_pos_limits": -0.02007, "episodes": 88, "base_contact": 0.13636, "pushes": 112}
it  458 steps  45023232 sps   38,904 | ep_ret    1.51 ep_len  967.9 (n=102) | pg -0.010 vf 0.015 kl 0.0163 lr 1.7e-04
[anomaly] it 458: explained variance -3.47 < 0 after warm-up: value function not predicting returns
[anomaly] it 458: terminal-step reward dominates the episode: survival is being punished
[anomaly] it 458: joint limit violated by 0.30 rad
terrain it  458 mean_level 3.4817
terms it  458 {"track_lin_vel_xy_exp": 0.68433, "track_ang_vel_z_exp": 0.40854, "feet_air_time": 0.00377, "feet_slide": -0.04103, "joint_deviation": -0.25614, "flat_orientation_l2": -0.0206, "action_rate_l2": -0.53335, "termination_penalty": -0.01373, "lin_vel_z_l2": 0.0, "ang_vel_xy_l2": -0.05953, "dof_torques_l2": -0.00084, "dof_acc_l2": -0.07554, "dof_pos_limits": -0.0205, "episodes": 102, "base_contact": 0.06863, "pushes": 139}
it  459 steps  45121536 sps   38,903 | ep_ret    1.56 ep_len  964.3 (n=83) | pg -0.008 vf 0.014 kl 0.0173 lr 2.6e-04
[anomaly] it 459: explained variance -2.04 < 0 after warm-up: value function not predicting returns
[anomaly] it 459: terminal-step reward dominates the episode: survival is being punished
[anomaly] it 459: joint limit violated by 0.19 rad
terrain it  459 mean_level 3.4949
terms it  459 {"track_lin_vel_xy_exp": 0.68536, "track_ang_vel_z_exp": 0.40747, "feet_air_time": 0.00403, "feet_slide": -0.04051, "joint_deviation": -0.25475, "flat_orientation_l2": -0.02106, "action_rate_l2": -0.5311, "termination_penalty": -0.01928, "lin_vel_z_l2": 0.0, "ang_vel_xy_l2": -0.0591, "dof_torques_l2": -0.00083, "dof_acc_l2": -0.07334, "dof_pos_limits": -0.01903, "episodes": 83, "base_contact": 0.09639, "pushes": 111}
it  460 steps  45219840 sps   38,902 | ep_ret    1.49 ep_len  953.8 (n=92) | pg -0.008 vf 0.015 kl 0.0156 lr 1.7e-04
[anomaly] it 460: explained variance -3.46 < 0 after warm-up: value function not predicting returns
[anomaly] it 460: terminal-step reward dominates the episode: survival is being punished
[anomaly] it 460: joint limit violated by 0.19 rad
terrain it  460 mean_level 3.5046
terms it  460 {"track_lin_vel_xy_exp": 0.6717, "track_ang_vel_z_exp": 0.40942, "feet_air_time": 0.00384, "feet_slide": -0.04039, "joint_deviation": -0.2519, "flat_orientation_l2": -0.02099, "action_rate_l2": -0.5266, "termination_penalty": -0.01957, "lin_vel_z_l2": 0.0, "ang_vel_xy_l2": -0.0583, "dof_torques_l2": -0.00082, "dof_acc_l2": -0.07342, "dof_pos_limits": -0.01845, "episodes": 92, "base_contact": 0.09783, "pushes": 103}
it  461 steps  45318144 sps   38,901 | ep_ret    1.67 ep_len  959.4 (n=86) | pg -0.010 vf 0.014 kl 0.0151 lr 1.7e-04
[anomaly] it 461: explained variance -2.58 < 0 after warm-up: value function not predicting returns
[anomaly] it 461: terminal-step reward dominates the episode: survival is being punished
[anomaly] it 461: joint limit violated by 0.16 rad
terrain it  461 mean_level 3.5146
terms it  461 {"track_lin_vel_xy_exp": 0.68399, "track_ang_vel_z_exp": 0.4102, "feet_air_time": 0.00345, "feet_slide": -0.04055, "joint_deviation": -0.25435, "flat_orientation_l2": -0.02101, "action_rate_l2": -0.52807, "termination_penalty": -0.0186, "lin_vel_z_l2": 0.0, "ang_vel_xy_l2": -0.05877, "dof_torques_l2": -0.00081, "dof_acc_l2": -0.07354, "dof_pos_limits": -0.0185, "episodes": 86, "base_contact": 0.09302, "pushes": 122}
it  462 steps  45416448 sps   38,900 | ep_ret    1.81 ep_len  967.5 (n=86) | pg -0.009 vf 0.013 kl 0.0158 lr 1.1e-04
[anomaly] it 462: explained variance -6.15 < 0 after warm-up: value function not predicting returns
[anomaly] it 462: terminal-step reward dominates the episode: survival is being punished
[anomaly] it 462: joint limit violated by 0.67 rad
terrain it  462 mean_level 3.5266
terms it  462 {"track_lin_vel_xy_exp": 0.68544, "track_ang_vel_z_exp": 0.41175, "feet_air_time": 0.00394, "feet_slide": -0.04117, "joint_deviation": -0.25366, "flat_orientation_l2": -0.0194, "action_rate_l2": -0.53311, "termination_penalty": -0.01163, "lin_vel_z_l2": 0.0, "ang_vel_xy_l2": -0.05789, "dof_torques_l2": -0.00081, "dof_acc_l2": -0.07389, "dof_pos_limits": -0.01885, "episodes": 86, "base_contact": 0.05814, "pushes": 117}
it  463 steps  45514752 sps   38,899 | ep_ret    1.67 ep_len  975.5 (n=84) | pg -0.010 vf 0.014 kl 0.0118 lr 1.7e-04
[anomaly] it 463: explained variance -3.58 < 0 after warm-up: value function not predicting returns
[anomaly] it 463: terminal-step reward dominates the episode: survival is being punished
[anomaly] it 463: joint limit violated by 0.28 rad
terrain it  463 mean_level 3.5381
terms it  463 {"track_lin_vel_xy_exp": 0.68766, "track_ang_vel_z_exp": 0.4189, "feet_air_time": 0.00401, "feet_slide": -0.04084, "joint_deviation": -0.25725, "flat_orientation_l2": -0.02017, "action_rate_l2": -0.53808, "termination_penalty": -0.01429, "lin_vel_z_l2": 0.0, "ang_vel_xy_l2": -0.05951, "dof_torques_l2": -0.00083, "dof_acc_l2": -0.07601, "dof_pos_limits": -0.01995, "episodes": 84, "base_contact": 0.07143, "pushes": 120}
it  464 steps  45613056 sps   38,898 | ep_ret    1.61 ep_len  965.2 (n=114) | pg -0.010 vf 0.015 kl 0.0151 lr 1.7e-04
[anomaly] it 464: explained variance -1.42 < 0 after warm-up: value function not predicting returns
[anomaly] it 464: terminal-step reward dominates the episode: survival is being punished
[anomaly] it 464: joint limit violated by 0.26 rad
terrain it  464 mean_level 3.5481
terms it  464 {"track_lin_vel_xy_exp": 0.68271, "track_ang_vel_z_exp": 0.41285, "feet_air_time": 0.00374, "feet_slide": -0.04047, "joint_deviation": -0.25536, "flat_orientation_l2": -0.0201, "action_rate_l2": -0.53227, "termination_penalty": -0.0193, "lin_vel_z_l2": 0.0, "ang_vel_xy_l2": -0.05806, "dof_torques_l2": -0.00082, "dof_acc_l2": -0.07303, "dof_pos_limits": -0.01944, "episodes": 114, "base_contact": 0.09649, "pushes": 118}
it  465 steps  45711360 sps   38,897 | ep_ret    1.59 ep_len  963.1 (n=103) | pg -0.008 vf 0.017 kl 0.0142 lr 1.7e-04
[anomaly] it 465: explained variance -2.30 < 0 after warm-up: value function not predicting returns
[anomaly] it 465: terminal-step reward dominates the episode: survival is being punished
[anomaly] it 465: joint limit violated by 0.23 rad
terrain it  465 mean_level 3.5576
terms it  465 {"track_lin_vel_xy_exp": 0.68132, "track_ang_vel_z_exp": 0.41347, "feet_air_time": 0.00395, "feet_slide": -0.04008, "joint_deviation": -0.25411, "flat_orientation_l2": -0.02105, "action_rate_l2": -0.53166, "termination_penalty": -0.01942, "lin_vel_z_l2": 0.0, "ang_vel_xy_l2": -0.05933, "dof_torques_l2": -0.00082, "dof_acc_l2": -0.07362, "dof_pos_limits": -0.01919, "episodes": 103, "base_contact": 0.09709, "pushes": 101}
it  466 steps  45809664 sps   38,896 | ep_ret    1.32 ep_len  950.4 (n=82) | pg -0.009 vf 0.018 kl 0.0137 lr 1.1e-04
[anomaly] it 466: explained variance -2.44 < 0 after warm-up: value function not predicting returns
[anomaly] it 466: terminal-step reward dominates the episode: survival is being punished
[anomaly] it 466: joint limit violated by 0.17 rad
terrain it  466 mean_level 3.5671
terms it  466 {"track_lin_vel_xy_exp": 0.67519, "track_ang_vel_z_exp": 0.40377, "feet_air_time": 0.00386, "feet_slide": -0.04011, "joint_deviation": -0.25217, "flat_orientation_l2": -0.01983, "action_rate_l2": -0.52579, "termination_penalty": -0.02195, "lin_vel_z_l2": 0.0, "ang_vel_xy_l2": -0.0588, "dof_torques_l2": -0.00082, "dof_acc_l2": -0.07729, "dof_pos_limits": -0.01994, "episodes": 82, "base_contact": 0.10976, "pushes": 98}
it  467 steps  45907968 sps   38,895 | ep_ret    1.49 ep_len  941.8 (n=102) | pg -0.008 vf 0.015 kl 0.0144 lr 1.7e-04
[anomaly] it 467: explained variance -1.63 < 0 after warm-up: value function not predicting returns
[anomaly] it 467: terminal-step reward dominates the episode: survival is being punished
[anomaly] it 467: joint limit violated by 0.28 rad
terrain it  467 mean_level 3.5771
terms it  467 {"track_lin_vel_xy_exp": 0.66766, "track_ang_vel_z_exp": 0.4049, "feet_air_time": 0.00372, "feet_slide": -0.03958, "joint_deviation": -0.24931, "flat_orientation_l2": -0.01974, "action_rate_l2": -0.51985, "termination_penalty": -0.02549, "lin_vel_z_l2": 0.0, "ang_vel_xy_l2": -0.05764, "dof_torques_l2": -0.0008, "dof_acc_l2": -0.07113, "dof_pos_limits": -0.01814, "episodes": 102, "base_contact": 0.12745, "pushes": 97}
it  468 steps  46006272 sps   38,894 | ep_ret    1.68 ep_len  953.4 (n=96) | pg -0.008 vf 0.019 kl 0.0155 lr 2.6e-04
[anomaly] it 468: explained variance -2.34 < 0 after warm-up: value function not predicting returns
[anomaly] it 468: terminal-step reward dominates the episode: survival is being punished
[anomaly] it 468: joint limit violated by 0.25 rad
terrain it  468 mean_level 3.5850
terms it  468 {"track_lin_vel_xy_exp": 0.68011, "track_ang_vel_z_exp": 0.40811, "feet_air_time": 0.00401, "feet_slide": -0.03943, "joint_deviation": -0.25141, "flat_orientation_l2": -0.01963, "action_rate_l2": -0.52678, "termination_penalty": -0.02083, "lin_vel_z_l2": 0.0, "ang_vel_xy_l2": -0.05802, "dof_torques_l2": -0.0008, "dof_acc_l2": -0.07193, "dof_pos_limits": -0.01928, "episodes": 96, "base_contact": 0.10417, "pushes": 117}
it  469 steps  46104576 sps   38,893 | ep_ret    2.04 ep_len  939.8 (n=99) | pg -0.008 vf 0.018 kl 0.0149 lr 1.7e-04
[anomaly] it 469: explained variance -1.32 < 0 after warm-up: value function not predicting returns
[anomaly] it 469: terminal-step reward dominates the episode: survival is being punished
[anomaly] it 469: joint limit violated by 0.17 rad
terrain it  469 mean_level 3.5959
terms it  469 {"track_lin_vel_xy_exp": 0.67988, "track_ang_vel_z_exp": 0.40726, "feet_air_time": 0.0039, "feet_slide": -0.03843, "joint_deviation": -0.2465, "flat_orientation_l2": -0.01914, "action_rate_l2": -0.51812, "termination_penalty": -0.02222, "lin_vel_z_l2": 0.0, "ang_vel_xy_l2": -0.05631, "dof_torques_l2": -0.00078, "dof_acc_l2": -0.07055, "dof_pos_limits": -0.01696, "episodes": 99, "base_contact": 0.11111, "pushes": 107}
it  470 steps  46202880 sps   38,892 | ep_ret    2.48 ep_len  966.8 (n=102) | pg -0.009 vf 0.018 kl 0.0149 lr 1.7e-04
[anomaly] it 470: explained variance -4.59 < 0 after warm-up: value function not predicting returns
[anomaly] it 470: terminal-step reward dominates the episode: survival is being punished
[anomaly] it 470: joint limit violated by 0.45 rad
terrain it  470 mean_level 3.6069
terms it  470 {"track_lin_vel_xy_exp": 0.7021, "track_ang_vel_z_exp": 0.42248, "feet_air_time": 0.00397, "feet_slide": -0.03956, "joint_deviation": -0.25364, "flat_orientation_l2": -0.01807, "action_rate_l2": -0.5328, "termination_penalty": -0.01765, "lin_vel_z_l2": 0.0, "ang_vel_xy_l2": -0.05689, "dof_torques_l2": -0.00078, "dof_acc_l2": -0.06851, "dof_pos_limits": -0.01657, "episodes": 102, "base_contact": 0.08824, "pushes": 90}
it  471 steps  46301184 sps   38,891 | ep_ret    1.88 ep_len  970.2 (n=111) | pg -0.007 vf 0.019 kl 0.0165 lr 2.6e-04
[anomaly] it 471: explained variance -1.96 < 0 after warm-up: value function not predicting returns
[anomaly] it 471: terminal-step reward dominates the episode: survival is being punished
[anomaly] it 471: joint limit violated by 0.26 rad
terrain it  471 mean_level 3.6240
terms it  471 {"track_lin_vel_xy_exp": 0.69092, "track_ang_vel_z_exp": 0.42332, "feet_air_time": 0.00413, "feet_slide": -0.03999, "joint_deviation": -0.25612, "flat_orientation_l2": -0.02063, "action_rate_l2": -0.53695, "termination_penalty": -0.01802, "lin_vel_z_l2": 0.0, "ang_vel_xy_l2": -0.05834, "dof_torques_l2": -0.00082, "dof_acc_l2": -0.07426, "dof_pos_limits": -0.019, "episodes": 111, "base_contact": 0.09009, "pushes": 99}
it  472 steps  46399488 sps   38,890 | ep_ret    2.07 ep_len  941.8 (n=113) | pg -0.010 vf 0.019 kl 0.0167 lr 1.7e-04
[anomaly] it 472: explained variance -2.00 < 0 after warm-up: value function not predicting returns
[anomaly] it 472: terminal-step reward dominates the episode: survival is being punished
[anomaly] it 472: joint limit violated by 0.51 rad
terrain it  472 mean_level 3.6372
terms it  472 {"track_lin_vel_xy_exp": 0.68114, "track_ang_vel_z_exp": 0.4074, "feet_air_time": 0.00394, "feet_slide": -0.03864, "joint_deviation": -0.24733, "flat_orientation_l2": -0.01776, "action_rate_l2": -0.52022, "termination_penalty": -0.02124, "lin_vel_z_l2": 0.0, "ang_vel_xy_l2": -0.05605, "dof_torques_l2": -0.00078, "dof_acc_l2": -0.06979, "dof_pos_limits": -0.01731, "episodes": 113, "base_contact": 0.10619, "pushes": 96}
it  473 steps  46497792 sps   38,889 | ep_ret    2.16 ep_len  977.2 (n=115) | pg -0.009 vf 0.021 kl 0.0150 lr 1.7e-04
[anomaly] it 473: explained variance -4.90 < 0 after warm-up: value function not predicting returns
[anomaly] it 473: terminal-step reward dominates the episode: survival is being punished
[anomaly] it 473: joint limit violated by 0.21 rad
[anomaly] it 473: contact penetration 2.5 cm
terrain it  473 mean_level 3.6531
terms it  473 {"track_lin_vel_xy_exp": 0.6994, "track_ang_vel_z_exp": 0.41925, "feet_air_time": 0.00415, "feet_slide": -0.03997, "joint_deviation": -0.25643, "flat_orientation_l2": -0.01903, "action_rate_l2": -0.54013, "termination_penalty": -0.01043, "lin_vel_z_l2": 0.0, "ang_vel_xy_l2": -0.0574, "dof_torques_l2": -0.0008, "dof_acc_l2": -0.07139, "dof_pos_limits": -0.019, "episodes": 115, "base_contact": 0.05217, "pushes": 97}
it  474 steps  46596096 sps   38,888 | ep_ret    2.04 ep_len  957.8 (n=120) | pg -0.008 vf 0.021 kl 0.0172 lr 2.6e-04
[anomaly] it 474: explained variance -2.20 < 0 after warm-up: value function not predicting returns
[anomaly] it 474: terminal-step reward dominates the episode: survival is being punished
[anomaly] it 474: joint limit violated by 0.28 rad
terrain it  474 mean_level 3.6660
terms it  474 {"track_lin_vel_xy_exp": 0.68899, "track_ang_vel_z_exp": 0.41561, "feet_air_time": 0.00397, "feet_slide": -0.03912, "joint_deviation": -0.25212, "flat_orientation_l2": -0.01957, "action_rate_l2": -0.53041, "termination_penalty": -0.01833, "lin_vel_z_l2": 0.0, "ang_vel_xy_l2": -0.0574, "dof_torques_l2": -0.0008, "dof_acc_l2": -0.07061, "dof_pos_limits": -0.01812, "episodes": 120, "base_contact": 0.09167, "pushes": 88}
it  475 steps  46694400 sps   38,887 | ep_ret    2.06 ep_len  951.5 (n=126) | pg -0.003 vf 0.019 kl 0.0158 lr 7.6e-05
[anomaly] it 475: explained variance -1.59 < 0 after warm-up: value function not predicting returns
[anomaly] it 475: terminal-step reward dominates the episode: survival is being punished
[anomaly] it 475: joint limit violated by 0.37 rad
terrain it  475 mean_level 3.6746
terms it  475 {"track_lin_vel_xy_exp": 0.68906, "track_ang_vel_z_exp": 0.41578, "feet_air_time": 0.00403, "feet_slide": -0.03888, "joint_deviation": -0.25097, "flat_orientation_l2": -0.01947, "action_rate_l2": -0.52593, "termination_penalty": -0.02381, "lin_vel_z_l2": 0.0, "ang_vel_xy_l2": -0.05737, "dof_torques_l2": -0.00078, "dof_acc_l2": -0.0714, "dof_pos_limits": -0.01742, "episodes": 126, "base_contact": 0.11905, "pushes": 78}
it  476 steps  46792704 sps   38,886 | ep_ret    1.88 ep_len  951.9 (n=117) | pg -0.009 vf 0.020 kl 0.0125 lr 1.7e-04
[anomaly] it 476: explained variance -1.59 < 0 after warm-up: value function not predicting returns
[anomaly] it 476: terminal-step reward dominates the episode: survival is being punished
[anomaly] it 476: joint limit violated by 0.18 rad
terrain it  476 mean_level 3.6907
terms it  476 {"track_lin_vel_xy_exp": 0.68252, "track_ang_vel_z_exp": 0.41652, "feet_air_time": 0.00399, "feet_slide": -0.03932, "joint_deviation": -0.25117, "flat_orientation_l2": -0.01907, "action_rate_l2": -0.52819, "termination_penalty": -0.02393, "lin_vel_z_l2": 0.0, "ang_vel_xy_l2": -0.05774, "dof_torques_l2": -0.0008, "dof_acc_l2": -0.07099, "dof_pos_limits": -0.01778, "episodes": 117, "base_contact": 0.11966, "pushes": 85}
it  477 steps  46891008 sps   38,885 | ep_ret    2.17 ep_len  975.0 (n=140) | pg -0.009 vf 0.020 kl 0.0163 lr 2.6e-04
[anomaly] it 477: explained variance -3.73 < 0 after warm-up: value function not predicting returns
[anomaly] it 477: terminal-step reward dominates the episode: survival is being punished
[anomaly] it 477: joint limit violated by 0.12 rad
terrain it  477 mean_level 3.7090
terms it  477 {"track_lin_vel_xy_exp": 0.69887, "track_ang_vel_z_exp": 0.42436, "feet_air_time": 0.00413, "feet_slide": -0.03989, "joint_deviation": -0.25763, "flat_orientation_l2": -0.01953, "action_rate_l2": -0.54058, "termination_penalty": -0.01143, "lin_vel_z_l2": 0.0, "ang_vel_xy_l2": -0.05814, "dof_torques_l2": -0.00081, "dof_acc_l2": -0.07113, "dof_pos_limits": -0.01984, "episodes": 140, "base_contact": 0.05714, "pushes": 95}
it  478 steps  46989312 sps   38,884 | ep_ret    1.42 ep_len  930.2 (n=110) | pg -0.009 vf 0.018 kl 0.0153 lr 1.7e-04
[anomaly] it 478: explained variance -1.17 < 0 after warm-up: value function not predicting returns
[anomaly] it 478: terminal-step reward dominates the episode: survival is being punished
[anomaly] it 478: joint limit violated by 0.14 rad
terrain it  478 mean_level 3.7192
terms it  478 {"track_lin_vel_xy_exp": 0.66363, "track_ang_vel_z_exp": 0.40288, "feet_air_time": 0.00381, "feet_slide": -0.0381, "joint_deviation": -0.24663, "flat_orientation_l2": -0.02046, "action_rate_l2": -0.51713, "termination_penalty": -0.03091, "lin_vel_z_l2": 0.0, "ang_vel_xy_l2": -0.05724, "dof_torques_l2": -0.00079, "dof_acc_l2": -0.07049, "dof_pos_limits": -0.01781, "episodes": 110, "base_contact": 0.15455, "pushes": 103}
it  479 steps  47087616 sps   38,883 | ep_ret    2.00 ep_len  963.6 (n=130) | pg -0.009 vf 0.022 kl 0.0165 lr 2.6e-04
[anomaly] it 479: explained variance -2.82 < 0 after warm-up: value function not predicting returns
[anomaly] it 479: terminal-step reward dominates the episode: survival is being punished
[anomaly] it 479: joint limit violated by 0.34 rad
terrain it  479 mean_level 3.7332
terms it  479 {"track_lin_vel_xy_exp": 0.68746, "track_ang_vel_z_exp": 0.41915, "feet_air_time": 0.00406, "feet_slide": -0.03975, "joint_deviation": -0.25479, "flat_orientation_l2": -0.01896, "action_rate_l2": -0.53526, "termination_penalty": -0.01231, "lin_vel_z_l2": 0.0, "ang_vel_xy_l2": -0.0579, "dof_torques_l2": -0.00081, "dof_acc_l2": -0.07197, "dof_pos_limits": -0.01909, "episodes": 130, "base_contact": 0.06154, "pushes": 93}
it  480 steps  47185920 sps   38,882 | ep_ret    2.16 ep_len  961.1 (n=108) | pg -0.007 vf 0.019 kl 0.0147 lr 1.1e-04
[anomaly] it 480: explained variance -3.13 < 0 after warm-up: value function not predicting returns
[anomaly] it 480: terminal-step reward dominates the episode: survival is being punished
[anomaly] it 480: joint limit violated by 0.20 rad
terrain it  480 mean_level 3.7463
terms it  480 {"track_lin_vel_xy_exp": 0.69602, "track_ang_vel_z_exp": 0.4195, "feet_air_time": 0.0039, "feet_slide": -0.03973, "joint_deviation": -0.25357, "flat_orientation_l2": -0.01798, "action_rate_l2": -0.5335, "termination_penalty": -0.02037, "lin_vel_z_l2": 0.0, "ang_vel_xy_l2": -0.05732, "dof_torques_l2": -0.00079, "dof_acc_l2": -0.07079, "dof_pos_limits": -0.01756, "episodes": 108, "base_contact": 0.10185, "pushes": 87}
it  481 steps  47284224 sps   38,881 | ep_ret    1.56 ep_len  946.4 (n=122) | pg -0.008 vf 0.023 kl 0.0144 lr 1.1e-04
[anomaly] it 481: explained variance -1.55 < 0 after warm-up: value function not predicting returns
[anomaly] it 481: terminal-step reward dominates the episode: survival is being punished
[anomaly] it 481: joint limit violated by 0.40 rad
terrain it  481 mean_level 3.7654
terms it  481 {"track_lin_vel_xy_exp": 0.67458, "track_ang_vel_z_exp": 0.41202, "feet_air_time": 0.00399, "feet_slide": -0.03949, "joint_deviation": -0.25117, "flat_orientation_l2": -0.0197, "action_rate_l2": -0.52617, "termination_penalty": -0.02459, "lin_vel_z_l2": 0.0, "ang_vel_xy_l2": -0.05876, "dof_torques_l2": -0.0008, "dof_acc_l2": -0.07324, "dof_pos_limits": -0.01866, "episodes": 122, "base_contact": 0.12295, "pushes": 85}
it  482 steps  47382528 sps   38,881 | ep_ret    2.00 ep_len  962.2 (n=125) | pg -0.008 vf 0.022 kl 0.0140 lr 1.7e-04
[anomaly] it 482: explained variance -2.84 < 0 after warm-up: value function not predicting returns
[anomaly] it 482: terminal-step reward dominates the episode: survival is being punished
[anomaly] it 482: joint limit violated by 0.32 rad
terrain it  482 mean_level 3.7834
terms it  482 {"track_lin_vel_xy_exp": 0.69159, "track_ang_vel_z_exp": 0.42048, "feet_air_time": 0.004, "feet_slide": -0.03948, "joint_deviation": -0.25438, "flat_orientation_l2": -0.01893, "action_rate_l2": -0.53481, "termination_penalty": -0.0192, "lin_vel_z_l2": 0.0, "ang_vel_xy_l2": -0.05738, "dof_torques_l2": -0.0008, "dof_acc_l2": -0.0722, "dof_pos_limits": -0.01888, "episodes": 125, "base_contact": 0.096, "pushes": 84}
it  483 steps  47480832 sps   38,879 | ep_ret    1.23 ep_len  940.5 (n=119) | pg -0.010 vf 0.018 kl 0.0147 lr 2.6e-04
[anomaly] it 483: explained variance -1.97 < 0 after warm-up: value function not predicting returns
[anomaly] it 483: terminal-step reward dominates the episode: survival is being punished
[anomaly] it 483: joint limit violated by 0.32 rad
terrain it  483 mean_level 3.7961
terms it  483 {"track_lin_vel_xy_exp": 0.6692, "track_ang_vel_z_exp": 0.40797, "feet_air_time": 0.004, "feet_slide": -0.03887, "joint_deviation": -0.25088, "flat_orientation_l2": -0.02147, "action_rate_l2": -0.52515, "termination_penalty": -0.02857, "lin_vel_z_l2": 0.0, "ang_vel_xy_l2": -0.05965, "dof_torques_l2": -0.00083, "dof_acc_l2": -0.07474, "dof_pos_limits": -0.01948, "episodes": 119, "base_contact": 0.14286, "pushes": 78}
it  484 steps  47579136 sps   38,879 | ep_ret    1.72 ep_len  945.3 (n=109) | pg -0.008 vf 0.019 kl 0.0154 lr 1.7e-04
[anomaly] it 484: explained variance -1.87 < 0 after warm-up: value function not predicting returns
[anomaly] it 484: terminal-step reward dominates the episode: survival is being punished
[anomaly] it 484: joint limit violated by 0.14 rad
terrain it  484 mean_level 3.8125
terms it  484 {"track_lin_vel_xy_exp": 0.6779, "track_ang_vel_z_exp": 0.41513, "feet_air_time": 0.00392, "feet_slide": -0.03887, "joint_deviation": -0.25141, "flat_orientation_l2": -0.01953, "action_rate_l2": -0.52662, "termination_penalty": -0.02752, "lin_vel_z_l2": 0.0, "ang_vel_xy_l2": -0.05736, "dof_torques_l2": -0.0008, "dof_acc_l2": -0.07126, "dof_pos_limits": -0.0175, "episodes": 109, "base_contact": 0.13761, "pushes": 84}
it  485 steps  47677440 sps   38,878 | ep_ret    1.85 ep_len  960.8 (n=102) | pg -0.009 vf 0.015 kl 0.0162 lr 1.7e-04
[anomaly] it 485: explained variance -2.26 < 0 after warm-up: value function not predicting returns
[anomaly] it 485: terminal-step reward dominates the episode: survival is being punished
[anomaly] it 485: joint limit violated by 0.38 rad
terrain it  485 mean_level 3.8250
terms it  485 {"track_lin_vel_xy_exp": 0.68549, "track_ang_vel_z_exp": 0.42158, "feet_air_time": 0.00396, "feet_slide": -0.03986, "joint_deviation": -0.25483, "flat_orientation_l2": -0.01909, "action_rate_l2": -0.53463, "termination_penalty": -0.02157, "lin_vel_z_l2": 0.0, "ang_vel_xy_l2": -0.05761, "dof_torques_l2": -0.0008, "dof_acc_l2": -0.0711, "dof_pos_limits": -0.01879, "episodes": 102, "base_contact": 0.10784, "pushes": 81}
it  486 steps  47775744 sps   38,877 | ep_ret    2.17 ep_len  978.4 (n=107) | pg -0.009 vf 0.017 kl 0.0151 lr 2.6e-04
[anomaly] it 486: explained variance -3.97 < 0 after warm-up: value function not predicting returns
[anomaly] it 486: terminal-step reward dominates the episode: survival is being punished
[anomaly] it 486: joint limit violated by 0.17 rad
terrain it  486 mean_level 3.8389
terms it  486 {"track_lin_vel_xy_exp": 0.70005, "track_ang_vel_z_exp": 0.42997, "feet_air_time": 0.00412, "feet_slide": -0.04045, "joint_deviation": -0.25851, "flat_orientation_l2": -0.01938, "action_rate_l2": -0.54531, "termination_penalty": -0.01121, "lin_vel_z_l2": 0.0, "ang_vel_xy_l2": -0.05848, "dof_torques_l2": -0.00082, "dof_acc_l2": -0.07296, "dof_pos_limits": -0.01849, "episodes": 107, "base_contact": 0.05607, "pushes": 92}
it  487 steps  47874048 sps   38,876 | ep_ret    2.33 ep_len  963.4 (n=94) | pg -0.008 vf 0.016 kl 0.0167 lr 2.6e-04
[anomaly] it 487: explained variance -4.30 < 0 after warm-up: value function not predicting returns
[anomaly] it 487: terminal-step reward dominates the episode: survival is being punished
[anomaly] it 487: joint limit violated by 0.18 rad
terrain it  487 mean_level 3.8533
terms it  487 {"track_lin_vel_xy_exp": 0.69164, "track_ang_vel_z_exp": 0.42547, "feet_air_time": 0.00397, "feet_slide": -0.03945, "joint_deviation": -0.25435, "flat_orientation_l2": -0.01806, "action_rate_l2": -0.53618, "termination_penalty": -0.01277, "lin_vel_z_l2": 0.0, "ang_vel_xy_l2": -0.05661, "dof_torques_l2": -0.00079, "dof_acc_l2": -0.0688, "dof_pos_limits": -0.01751, "episodes": 94, "base_contact": 0.06383, "pushes": 89}
it  488 steps  47972352 sps   38,875 | ep_ret    2.07 ep_len  952.6 (n=84) | pg -0.007 vf 0.019 kl 0.0147 lr 1.7e-04
[anomaly] it 488: explained variance -3.23 < 0 after warm-up: value function not predicting returns
[anomaly] it 488: terminal-step reward dominates the episode: survival is being punished
[anomaly] it 488: joint limit violated by 0.40 rad
[anomaly] it 488: contact penetration 2.7 cm
terrain it  488 mean_level 3.8616
terms it  488 {"track_lin_vel_xy_exp": 0.68704, "track_ang_vel_z_exp": 0.41543, "feet_air_time": 0.00376, "feet_slide": -0.03896, "joint_deviation": -0.25222, "flat_orientation_l2": -0.01751, "action_rate_l2": -0.5308, "termination_penalty": -0.01667, "lin_vel_z_l2": 0.0, "ang_vel_xy_l2": -0.05661, "dof_torques_l2": -0.00078, "dof_acc_l2": -0.07113, "dof_pos_limits": -0.01806, "episodes": 84, "base_contact": 0.08333, "pushes": 84}
it  489 steps  48070656 sps   38,874 | ep_ret    1.25 ep_len  956.0 (n=92) | pg -0.007 vf 0.021 kl 0.0140 lr 1.1e-04
[anomaly] it 489: explained variance -2.66 < 0 after warm-up: value function not predicting returns
[anomaly] it 489: terminal-step reward dominates the episode: survival is being punished
[anomaly] it 489: joint limit violated by 0.17 rad
terrain it  489 mean_level 3.8735
terms it  489 {"track_lin_vel_xy_exp": 0.67325, "track_ang_vel_z_exp": 0.41505, "feet_air_time": 0.00393, "feet_slide": -0.04022, "joint_deviation": -0.25427, "flat_orientation_l2": -0.02037, "action_rate_l2": -0.53572, "termination_penalty": -0.02391, "lin_vel_z_l2": 0.0, "ang_vel_xy_l2": -0.05978, "dof_torques_l2": -0.00082, "dof_acc_l2": -0.07527, "dof_pos_limits": -0.01949, "episodes": 92, "base_contact": 0.11957, "pushes": 88}
it  490 steps  48168960 sps   38,874 | ep_ret    1.28 ep_len  927.1 (n=90) | pg -0.010 vf 0.022 kl 0.0154 lr 1.7e-04
[anomaly] it 490: explained variance -4.36 < 0 after warm-up: value function not predicting returns
[anomaly] it 490: terminal-step reward dominates the episode: survival is being punished
[anomaly] it 490: joint limit violated by 0.27 rad
[anomaly] it 490: contact penetration 2.1 cm
terrain it  490 mean_level 3.8821
terms it  490 {"track_lin_vel_xy_exp": 0.65515, "track_ang_vel_z_exp": 0.40595, "feet_air_time": 0.00383, "feet_slide": -0.03877, "joint_deviation": -0.24723, "flat_orientation_l2": -0.02015, "action_rate_l2": -0.51937, "termination_penalty": -0.02667, "lin_vel_z_l2": 0.0, "ang_vel_xy_l2": -0.05718, "dof_torques_l2": -0.00079, "dof_acc_l2": -0.07256, "dof_pos_limits": -0.01832, "episodes": 90, "base_contact": 0.13333, "pushes": 102}
it  491 steps  48267264 sps   38,872 | ep_ret    0.99 ep_len  918.4 (n=106) | pg -0.009 vf 0.021 kl 0.0145 lr 1.7e-04
[anomaly] it 491: explained variance -2.73 < 0 after warm-up: value function not predicting returns
[anomaly] it 491: terminal-step reward dominates the episode: survival is being punished
[anomaly] it 491: joint limit violated by 0.39 rad
terrain it  491 mean_level 3.8889
terms it  491 {"track_lin_vel_xy_exp": 0.65094, "track_ang_vel_z_exp": 0.39824, "feet_air_time": 0.00364, "feet_slide": -0.03805, "joint_deviation": -0.24624, "flat_orientation_l2": -0.0208, "action_rate_l2": -0.51422, "termination_penalty": -0.03585, "lin_vel_z_l2": 0.0, "ang_vel_xy_l2": -0.05682, "dof_torques_l2": -0.00078, "dof_acc_l2": -0.07002, "dof_pos_limits": -0.02053, "episodes": 106, "base_contact": 0.17925, "pushes": 76}
it  492 steps  48365568 sps   38,871 | ep_ret    1.60 ep_len  941.5 (n=104) | pg -0.010 vf 0.024 kl 0.0140 lr 1.7e-04
[anomaly] it 492: explained variance -2.49 < 0 after warm-up: value function not predicting returns
[anomaly] it 492: terminal-step reward dominates the episode: survival is being punished
[anomaly] it 492: joint limit violated by 0.18 rad
terrain it  492 mean_level 3.9011
terms it  492 {"track_lin_vel_xy_exp": 0.67307, "track_ang_vel_z_exp": 0.41292, "feet_air_time": 0.0039, "feet_slide": -0.03898, "joint_deviation": -0.25081, "flat_orientation_l2": -0.01891, "action_rate_l2": -0.52689, "termination_penalty": -0.025, "lin_vel_z_l2": 0.0, "ang_vel_xy_l2": -0.05751, "dof_torques_l2": -0.00079, "dof_acc_l2": -0.07184, "dof_pos_limits": -0.01892, "episodes": 104, "base_contact": 0.125, "pushes": 113}
it  493 steps  48463872 sps   38,870 | ep_ret    1.51 ep_len  932.3 (n=98) | pg -0.010 vf 0.020 kl 0.0154 lr 1.7e-04
[anomaly] it 493: explained variance -3.04 < 0 after warm-up: value function not predicting returns
[anomaly] it 493: terminal-step reward dominates the episode: survival is being punished
[anomaly] it 493: joint limit violated by 0.13 rad
terrain it  493 mean_level 3.9114
terms it  493 {"track_lin_vel_xy_exp": 0.66555, "track_ang_vel_z_exp": 0.40765, "feet_air_time": 0.00375, "feet_slide": -0.03878, "joint_deviation": -0.24771, "flat_orientation_l2": -0.01864, "action_rate_l2": -0.5222, "termination_penalty": -0.02857, "lin_vel_z_l2": 0.0, "ang_vel_xy_l2": -0.05678, "dof_torques_l2": -0.00077, "dof_acc_l2": -0.07024, "dof_pos_limits": -0.01796, "episodes": 98, "base_contact": 0.14286, "pushes": 83}
it  494 steps  48562176 sps   38,869 | ep_ret    1.48 ep_len  961.4 (n=102) | pg -0.007 vf 0.020 kl 0.0152 lr 1.1e-04
[anomaly] it 494: explained variance -2.75 < 0 after warm-up: value function not predicting returns
[anomaly] it 494: terminal-step reward dominates the episode: survival is being punished
[anomaly] it 494: joint limit violated by 0.17 rad
terrain it  494 mean_level 3.9221
terms it  494 {"track_lin_vel_xy_exp": 0.68064, "track_ang_vel_z_exp": 0.42003, "feet_air_time": 0.00381, "feet_slide": -0.04038, "joint_deviation": -0.25626, "flat_orientation_l2": -0.02036, "action_rate_l2": -0.53978, "termination_penalty": -0.01961, "lin_vel_z_l2": 0.0, "ang_vel_xy_l2": -0.05953, "dof_torques_l2": -0.00082, "dof_acc_l2": -0.07438, "dof_pos_limits": -0.01934, "episodes": 102, "base_contact": 0.09804, "pushes": 103}
it  495 steps  48660480 sps   38,868 | ep_ret    1.30 ep_len  933.8 (n=93) | pg -0.009 vf 0.019 kl 0.0126 lr 1.7e-04
[anomaly] it 495: explained variance -2.09 < 0 after warm-up: value function not predicting returns
[anomaly] it 495: terminal-step reward dominates the episode: survival is being punished
[anomaly] it 495: joint limit violated by 0.16 rad
terrain it  495 mean_level 3.9319
terms it  495 {"track_lin_vel_xy_exp": 0.6652, "track_ang_vel_z_exp": 0.41461, "feet_air_time": 0.00373, "feet_slide": -0.03881, "joint_deviation": -0.24926, "flat_orientation_l2": -0.02038, "action_rate_l2": -0.52462, "termination_penalty": -0.03441, "lin_vel_z_l2": 0.0, "ang_vel_xy_l2": -0.05829, "dof_torques_l2": -0.00081, "dof_acc_l2": -0.07331, "dof_pos_limits": -0.01845, "episodes": 93, "base_contact": 0.17204, "pushes": 94}
it  496 steps  48758784 sps   38,867 | ep_ret    1.68 ep_len  948.6 (n=96) | pg -0.011 vf 0.017 kl 0.0147 lr 2.6e-04
[anomaly] it 496: explained variance -2.52 < 0 after warm-up: value function not predicting returns
[anomaly] it 496: terminal-step reward dominates the episode: survival is being punished
[anomaly] it 496: joint limit violated by 0.10 rad
terrain it  496 mean_level 3.9441
terms it  496 {"track_lin_vel_xy_exp": 0.68045, "track_ang_vel_z_exp": 0.41531, "feet_air_time": 0.00392, "feet_slide": -0.03969, "joint_deviation": -0.25125, "flat_orientation_l2": -0.01929, "action_rate_l2": -0.53246, "termination_penalty": -0.02292, "lin_vel_z_l2": 0.0, "ang_vel_xy_l2": -0.05765, "dof_torques_l2": -0.0008, "dof_acc_l2": -0.07359, "dof_pos_limits": -0.0181, "episodes": 96, "base_contact": 0.11458, "pushes": 120}
it  497 steps  48857088 sps   38,866 | ep_ret    1.79 ep_len  960.2 (n=94) | pg -0.007 vf 0.018 kl 0.0152 lr 1.1e-04
[anomaly] it 497: explained variance -3.57 < 0 after warm-up: value function not predicting returns
[anomaly] it 497: terminal-step reward dominates the episode: survival is being punished
[anomaly] it 497: joint limit violated by 0.12 rad
terrain it  497 mean_level 3.9534
terms it  497 {"track_lin_vel_xy_exp": 0.68506, "track_ang_vel_z_exp": 0.42294, "feet_air_time": 0.0038, "feet_slide": -0.04012, "joint_deviation": -0.25553, "flat_orientation_l2": -0.01982, "action_rate_l2": -0.53831, "termination_penalty": -0.01915, "lin_vel_z_l2": 0.0, "ang_vel_xy_l2": -0.05816, "dof_torques_l2": -0.00081, "dof_acc_l2": -0.07173, "dof_pos_limits": -0.01849, "episodes": 94, "base_contact": 0.09574, "pushes": 122}
it  498 steps  48955392 sps   38,866 | ep_ret    1.28 ep_len  938.9 (n=81) | pg -0.008 vf 0.016 kl 0.0123 lr 1.1e-04
[anomaly] it 498: explained variance -4.33 < 0 after warm-up: value function not predicting returns
[anomaly] it 498: terminal-step reward dominates the episode: survival is being punished
[anomaly] it 498: joint limit violated by 0.40 rad
terrain it  498 mean_level 3.9634
terms it  498 {"track_lin_vel_xy_exp": 0.66366, "track_ang_vel_z_exp": 0.40792, "feet_air_time": 0.00388, "feet_slide": -0.03917, "joint_deviation": -0.25032, "flat_orientation_l2": -0.01908, "action_rate_l2": -0.52903, "termination_penalty": -0.02222, "lin_vel_z_l2": 0.0, "ang_vel_xy_l2": -0.05743, "dof_torques_l2": -0.00081, "dof_acc_l2": -0.07306, "dof_pos_limits": -0.02009, "episodes": 81, "base_contact": 0.11111, "pushes": 106}
it  499 steps  49053696 sps   38,865 | ep_ret    1.21 ep_len  962.3 (n=94) | pg -0.010 vf 0.015 kl 0.0147 lr 1.7e-04
[anomaly] it 499: explained variance -2.52 < 0 after warm-up: value function not predicting returns
[anomaly] it 499: terminal-step reward dominates the episode: survival is being punished
[anomaly] it 499: joint limit violated by 0.12 rad
terrain it  499 mean_level 3.9744
terms it  499 {"track_lin_vel_xy_exp": 0.67317, "track_ang_vel_z_exp": 0.42067, "feet_air_time": 0.00402, "feet_slide": -0.04079, "joint_deviation": -0.25683, "flat_orientation_l2": -0.02029, "action_rate_l2": -0.5417, "termination_penalty": -0.01915, "lin_vel_z_l2": 0.0, "ang_vel_xy_l2": -0.05972, "dof_torques_l2": -0.00083, "dof_acc_l2": -0.07796, "dof_pos_limits": -0.02024, "episodes": 94, "base_contact": 0.09574, "pushes": 114}
it  500 steps  49152000 sps   38,864 | ep_ret    2.04 ep_len  960.5 (n=92) | pg -0.008 vf 0.016 kl 0.0140 lr 1.7e-04
[anomaly] it 500: explained variance -6.12 < 0 after warm-up: value function not predicting returns
[anomaly] it 500: terminal-step reward dominates the episode: survival is being punished
[anomaly] it 500: joint limit violated by 0.22 rad
terrain it  500 mean_level 3.9866
terms it  500 {"track_lin_vel_xy_exp": 0.68849, "track_ang_vel_z_exp": 0.42642, "feet_air_time": 0.00395, "feet_slide": -0.04017, "joint_deviation": -0.25417, "flat_orientation_l2": -0.01842, "action_rate_l2": -0.53984, "termination_penalty": -0.01522, "lin_vel_z_l2": 0.0, "ang_vel_xy_l2": -0.05736, "dof_torques_l2": -0.00081, "dof_acc_l2": -0.07224, "dof_pos_limits": -0.01875, "episodes": 92, "base_contact": 0.07609, "pushes": 105}
saved policy to runs/il3/ckpt/rough_il3_fixedlimits_probe500.pt
