linesearch iterations limit reached - please increase ls_iterations beyond 20
To disable the print warning: m.opt.warn_overflow &= ~mjw.OverflowType.LS_ITERATIONS (or = 0 for all)
linesearch iterations limit reached - please increase ls_iterations beyond 20
To disable the print warning: m.opt.warn_overflow &= ~mjw.OverflowType.LS_ITERATIONS (or = 0 for all)
linesearch iterations limit reached - please increase ls_iterations beyond 20
To disable the print warning: m.opt.warn_overflow &= ~mjw.OverflowType.LS_ITERATIONS (or = 0 for all)
linesearch iterations limit reached - please increase ls_iterations beyond 20
To disable the print warning: m.opt.warn_overflow &= ~mjw.OverflowType.LS_ITERATIONS (or = 0 for all)
linesearch iterations limit reached - please increase ls_iterations beyond 20
To disable the print warning: m.opt.warn_overflow &= ~mjw.OverflowType.LS_ITERATIONS (or = 0 for all)
linesearch iterations limit reached - please increase ls_iterations beyond 20
To disable the print warning: m.opt.warn_overflow &= ~mjw.OverflowType.LS_ITERATIONS (or = 0 for all)
linesearch iterations limit reached - please increase ls_iterations beyond 20
To disable the print warning: m.opt.warn_overflow &= ~mjw.OverflowType.LS_ITERATIONS (or = 0 for all)
linesearch iterations limit reached - please increase ls_iterations beyond 20
To disable the print warning: m.opt.warn_overflow &= ~mjw.OverflowType.LS_ITERATIONS (or = 0 for all)
linesearch iterations limit reached - please increase ls_iterations beyond 20
To disable the print warning: m.opt.warn_overflow &= ~mjw.OverflowType.LS_ITERATIONS (or = 0 for all)
linesearch iterations limit reached - please increase ls_iterations beyond 20
To disable the print warning: m.opt.warn_overflow &= ~mjw.OverflowType.LS_ITERATIONS (or = 0 for all)
linesearch iterations limit reached - please increase ls_iterations beyond 20
To disable the print warning: m.opt.warn_overflow &= ~mjw.OverflowType.LS_ITERATIONS (or = 0 for all)
linesearch iterations limit reached - please increase ls_iterations beyond 20
To disable the print warning: m.opt.warn_overflow &= ~mjw.OverflowType.LS_ITERATIONS (or = 0 for all)
linesearch iterations limit reached - please increase ls_iterations beyond 20
To disable the print warning: m.opt.warn_overflow &= ~mjw.OverflowType.LS_ITERATIONS (or = 0 for all)
linesearch iterations limit reached - please increase ls_iterations beyond 20
To disable the print warning: m.opt.warn_overflow &= ~mjw.OverflowType.LS_ITERATIONS (or = 0 for all)
linesearch iterations limit reached - please increase ls_iterations beyond 20
To disable the print warning: m.opt.warn_overflow &= ~mjw.OverflowType.LS_ITERATIONS (or = 0 for all)
linesearch iterations limit reached - please increase ls_iterations beyond 20
To disable the print warning: m.opt.warn_overflow &= ~mjw.OverflowType.LS_ITERATIONS (or = 0 for all)
linesearch iterations limit reached - please increase ls_iterations beyond 20
To disable the print warning: m.opt.warn_overflow &= ~mjw.OverflowType.LS_ITERATIONS (or = 0 for all)
linesearch iterations limit reached - please increase ls_iterations beyond 20
To disable the print warning: m.opt.warn_overflow &= ~mjw.OverflowType.LS_ITERATIONS (or = 0 for all)
linesearch iterations limit reached - please increase ls_iterations beyond 20
To disable the print warning: m.opt.warn_overflow &= ~mjw.OverflowType.LS_ITERATIONS (or = 0 for all)
linesearch iterations limit reached - please increase ls_iterations beyond 20
To disable the print warning: m.opt.warn_overflow &= ~mjw.OverflowType.LS_ITERATIONS (or = 0 for all)
linesearch iterations limit reached - please increase ls_iterations beyond 20
To disable the print warning: m.opt.warn_overflow &= ~mjw.OverflowType.LS_ITERATIONS (or = 0 for all)
linesearch iterations limit reached - please increase ls_iterations beyond 20
To disable the print warning: m.opt.warn_overflow &= ~mjw.OverflowType.LS_ITERATIONS (or = 0 for all)
linesearch iterations limit reached - please increase ls_iterations beyond 20
To disable the print warning: m.opt.warn_overflow &= ~mjw.OverflowType.LS_ITERATIONS (or = 0 for all)
linesearch iterations limit reached - please increase ls_iterations beyond 20
To disable the print warning: m.opt.warn_overflow &= ~mjw.OverflowType.LS_ITERATIONS (or = 0 for all)
linesearch iterations limit reached - please increase ls_iterations beyond 20
To disable the print warning: m.opt.warn_overflow &= ~mjw.OverflowType.LS_ITERATIONS (or = 0 for all)
linesearch iterations limit reached - please increase ls_iterations beyond 20
To disable the print warning: m.opt.warn_overflow &= ~mjw.OverflowType.LS_ITERATIONS (or = 0 for all)
linesearch iterations limit reached - please increase ls_iterations beyond 20
To disable the print warning: m.opt.warn_overflow &= ~mjw.OverflowType.LS_ITERATIONS (or = 0 for all)
linesearch iterations limit reached - please increase ls_iterations beyond 20
To disable the print warning: m.opt.warn_overflow &= ~mjw.OverflowType.LS_ITERATIONS (or = 0 for all)
linesearch iterations limit reached - please increase ls_iterations beyond 20
To disable the print warning: m.opt.warn_overflow &= ~mjw.OverflowType.LS_ITERATIONS (or = 0 for all)
linesearch iterations limit reached - please increase ls_iterations beyond 20
To disable the print warning: m.opt.warn_overflow &= ~mjw.OverflowType.LS_ITERATIONS (or = 0 for all)
linesearch iterations limit reached - please increase ls_iterations beyond 20
To disable the print warning: m.opt.warn_overflow &= ~mjw.OverflowType.LS_ITERATIONS (or = 0 for all)
linesearch iterations limit reached - please increase ls_iterations beyond 20
To disable the print warning: m.opt.warn_overflow &= ~mjw.OverflowType.LS_ITERATIONS (or = 0 for all)
linesearch iterations limit reached - please increase ls_iterations beyond 20
To disable the print warning: m.opt.warn_overflow &= ~mjw.OverflowType.LS_ITERATIONS (or = 0 for all)
linesearch iterations limit reached - please increase ls_iterations beyond 20
To disable the print warning: m.opt.warn_overflow &= ~mjw.OverflowType.LS_ITERATIONS (or = 0 for all)
linesearch iterations limit reached - please increase ls_iterations beyond 20
To disable the print warning: m.opt.warn_overflow &= ~mjw.OverflowType.LS_ITERATIONS (or = 0 for all)
linesearch iterations limit reached - please increase ls_iterations beyond 20
To disable the print warning: m.opt.warn_overflow &= ~mjw.OverflowType.LS_ITERATIONS (or = 0 for all)
linesearch iterations limit reached - please increase ls_iterations beyond 20
To disable the print warning: m.opt.warn_overflow &= ~mjw.OverflowType.LS_ITERATIONS (or = 0 for all)
linesearch iterations limit reached - please increase ls_iterations beyond 20
To disable the print warning: m.opt.warn_overflow &= ~mjw.OverflowType.LS_ITERATIONS (or = 0 for all)
linesearch iterations limit reached - please increase ls_iterations beyond 20
To disable the print warning: m.opt.warn_overflow &= ~mjw.OverflowType.LS_ITERATIONS (or = 0 for all)
linesearch iterations limit reached - please increase ls_iterations beyond 20
To disable the print warning: m.opt.warn_overflow &= ~mjw.OverflowType.LS_ITERATIONS (or = 0 for all)
linesearch iterations limit reached - please increase ls_iterations beyond 20
To disable the print warning: m.opt.warn_overflow &= ~mjw.OverflowType.LS_ITERATIONS (or = 0 for all)
linesearch iterations limit reached - please increase ls_iterations beyond 20
To disable the print warning: m.opt.warn_overflow &= ~mjw.OverflowType.LS_ITERATIONS (or = 0 for all)
linesearch iterations limit reached - please increase ls_iterations beyond 20
To disable the print warning: m.opt.warn_overflow &= ~mjw.OverflowType.LS_ITERATIONS (or = 0 for all)
linesearch iterations limit reached - please increase ls_iterations beyond 20
To disable the print warning: m.opt.warn_overflow &= ~mjw.OverflowType.LS_ITERATIONS (or = 0 for all)
linesearch iterations limit reached - please increase ls_iterations beyond 20
To disable the print warning: m.opt.warn_overflow &= ~mjw.OverflowType.LS_ITERATIONS (or = 0 for all)
linesearch iterations limit reached - please increase ls_iterations beyond 20
To disable the print warning: m.opt.warn_overflow &= ~mjw.OverflowType.LS_ITERATIONS (or = 0 for all)
linesearch iterations limit reached - please increase ls_iterations beyond 20
To disable the print warning: m.opt.warn_overflow &= ~mjw.OverflowType.LS_ITERATIONS (or = 0 for all)
linesearch iterations limit reached - please increase ls_iterations beyond 20
To disable the print warning: m.opt.warn_overflow &= ~mjw.OverflowType.LS_ITERATIONS (or = 0 for all)
linesearch iterations limit reached - please increase ls_iterations beyond 20
To disable the print warning: m.opt.warn_overflow &= ~mjw.OverflowType.LS_ITERATIONS (or = 0 for all)
linesearch iterations limit reached - please increase ls_iterations beyond 20
To disable the print warning: m.opt.warn_overflow &= ~mjw.OverflowType.LS_ITERATIONS (or = 0 for all)
linesearch iterations limit reached - please increase ls_iterations beyond 20
To disable the print warning: m.opt.warn_overflow &= ~mjw.OverflowType.LS_ITERATIONS (or = 0 for all)
linesearch iterations limit reached - please increase ls_iterations beyond 20
To disable the print warning: m.opt.warn_overflow &= ~mjw.OverflowType.LS_ITERATIONS (or = 0 for all)
linesearch iterations limit reached - please increase ls_iterations beyond 20
To disable the print warning: m.opt.warn_overflow &= ~mjw.OverflowType.LS_ITERATIONS (or = 0 for all)
linesearch iterations limit reached - please increase ls_iterations beyond 20
To disable the print warning: m.opt.warn_overflow &= ~mjw.OverflowType.LS_ITERATIONS (or = 0 for all)
linesearch iterations limit reached - please increase ls_iterations beyond 20
To disable the print warning: m.opt.warn_overflow &= ~mjw.OverflowType.LS_ITERATIONS (or = 0 for all)
linesearch iterations limit reached - please increase ls_iterations beyond 20
To disable the print warning: m.opt.warn_overflow &= ~mjw.OverflowType.LS_ITERATIONS (or = 0 for all)
linesearch iterations limit reached - please increase ls_iterations beyond 20
To disable the print warning: m.opt.warn_overflow &= ~mjw.OverflowType.LS_ITERATIONS (or = 0 for all)
linesearch iterations limit reached - please increase ls_iterations beyond 20
To disable the print warning: m.opt.warn_overflow &= ~mjw.OverflowType.LS_ITERATIONS (or = 0 for all)
linesearch iterations limit reached - please increase ls_iterations beyond 20
To disable the print warning: m.opt.warn_overflow &= ~mjw.OverflowType.LS_ITERATIONS (or = 0 for all)
linesearch iterations limit reached - please increase ls_iterations beyond 20
To disable the print warning: m.opt.warn_overflow &= ~mjw.OverflowType.LS_ITERATIONS (or = 0 for all)
linesearch iterations limit reached - please increase ls_iterations beyond 20
To disable the print warning: m.opt.warn_overflow &= ~mjw.OverflowType.LS_ITERATIONS (or = 0 for all)
linesearch iterations limit reached - please increase ls_iterations beyond 20
To disable the print warning: m.opt.warn_overflow &= ~mjw.OverflowType.LS_ITERATIONS (or = 0 for all)
linesearch iterations limit reached - please increase ls_iterations beyond 20
To disable the print warning: m.opt.warn_overflow &= ~mjw.OverflowType.LS_ITERATIONS (or = 0 for all)
linesearch iterations limit reached - please increase ls_iterations beyond 20
To disable the print warning: m.opt.warn_overflow &= ~mjw.OverflowType.LS_ITERATIONS (or = 0 for all)
linesearch iterations limit reached - please increase ls_iterations beyond 20
To disable the print warning: m.opt.warn_overflow &= ~mjw.OverflowType.LS_ITERATIONS (or = 0 for all)
linesearch iterations limit reached - please increase ls_iterations beyond 20
To disable the print warning: m.opt.warn_overflow &= ~mjw.OverflowType.LS_ITERATIONS (or = 0 for all)
linesearch iterations limit reached - please increase ls_iterations beyond 20
To disable the print warning: m.opt.warn_overflow &= ~mjw.OverflowType.LS_ITERATIONS (or = 0 for all)
linesearch iterations limit reached - please increase ls_iterations beyond 20
To disable the print warning: m.opt.warn_overflow &= ~mjw.OverflowType.LS_ITERATIONS (or = 0 for all)
linesearch iterations limit reached - please increase ls_iterations beyond 20
To disable the print warning: m.opt.warn_overflow &= ~mjw.OverflowType.LS_ITERATIONS (or = 0 for all)
linesearch iterations limit reached - please increase ls_iterations beyond 20
To disable the print warning: m.opt.warn_overflow &= ~mjw.OverflowType.LS_ITERATIONS (or = 0 for all)
linesearch iterations limit reached - please increase ls_iterations beyond 20
To disable the print warning: m.opt.warn_overflow &= ~mjw.OverflowType.LS_ITERATIONS (or = 0 for all)
linesearch iterations limit reached - please increase ls_iterations beyond 20
To disable the print warning: m.opt.warn_overflow &= ~mjw.OverflowType.LS_ITERATIONS (or = 0 for all)
linesearch iterations limit reached - please increase ls_iterations beyond 20
To disable the print warning: m.opt.warn_overflow &= ~mjw.OverflowType.LS_ITERATIONS (or = 0 for all)
linesearch iterations limit reached - please increase ls_iterations beyond 20
To disable the print warning: m.opt.warn_overflow &= ~mjw.OverflowType.LS_ITERATIONS (or = 0 for all)
linesearch iterations limit reached - please increase ls_iterations beyond 20
To disable the print warning: m.opt.warn_overflow &= ~mjw.OverflowType.LS_ITERATIONS (or = 0 for all)
linesearch iterations limit reached - please increase ls_iterations beyond 20
To disable the print warning: m.opt.warn_overflow &= ~mjw.OverflowType.LS_ITERATIONS (or = 0 for all)
linesearch iterations limit reached - please increase ls_iterations beyond 20
To disable the print warning: m.opt.warn_overflow &= ~mjw.OverflowType.LS_ITERATIONS (or = 0 for all)
linesearch iterations limit reached - please increase ls_iterations beyond 20
To disable the print warning: m.opt.warn_overflow &= ~mjw.OverflowType.LS_ITERATIONS (or = 0 for all)
linesearch iterations limit reached - please increase ls_iterations beyond 20
To disable the print warning: m.opt.warn_overflow &= ~mjw.OverflowType.LS_ITERATIONS (or = 0 for all)
linesearch iterations limit reached - please increase ls_iterations beyond 20
To disable the print warning: m.opt.warn_overflow &= ~mjw.OverflowType.LS_ITERATIONS (or = 0 for all)
linesearch iterations limit reached - please increase ls_iterations beyond 20
To disable the print warning: m.opt.warn_overflow &= ~mjw.OverflowType.LS_ITERATIONS (or = 0 for all)
linesearch iterations limit reached - please increase ls_iterations beyond 20
To disable the print warning: m.opt.warn_overflow &= ~mjw.OverflowType.LS_ITERATIONS (or = 0 for all)
linesearch iterations limit reached - please increase ls_iterations beyond 20
To disable the print warning: m.opt.warn_overflow &= ~mjw.OverflowType.LS_ITERATIONS (or = 0 for all)
linesearch iterations limit reached - please increase ls_iterations beyond 20
To disable the print warning: m.opt.warn_overflow &= ~mjw.OverflowType.LS_ITERATIONS (or = 0 for all)
linesearch iterations limit reached - please increase ls_iterations beyond 20
To disable the print warning: m.opt.warn_overflow &= ~mjw.OverflowType.LS_ITERATIONS (or = 0 for all)
linesearch iterations limit reached - please increase ls_iterations beyond 20
To disable the print warning: m.opt.warn_overflow &= ~mjw.OverflowType.LS_ITERATIONS (or = 0 for all)
linesearch iterations limit reached - please increase ls_iterations beyond 20
To disable the print warning: m.opt.warn_overflow &= ~mjw.OverflowType.LS_ITERATIONS (or = 0 for all)
linesearch iterations limit reached - please increase ls_iterations beyond 20
To disable the print warning: m.opt.warn_overflow &= ~mjw.OverflowType.LS_ITERATIONS (or = 0 for all)
linesearch iterations limit reached - please increase ls_iterations beyond 20
To disable the print warning: m.opt.warn_overflow &= ~mjw.OverflowType.LS_ITERATIONS (or = 0 for all)
linesearch iterations limit reached - please increase ls_iterations beyond 20
To disable the print warning: m.opt.warn_overflow &= ~mjw.OverflowType.LS_ITERATIONS (or = 0 for all)
linesearch iterations limit reached - please increase ls_iterations beyond 20
To disable the print warning: m.opt.warn_overflow &= ~mjw.OverflowType.LS_ITERATIONS (or = 0 for all)
linesearch iterations limit reached - please increase ls_iterations beyond 20
To disable the print warning: m.opt.warn_overflow &= ~mjw.OverflowType.LS_ITERATIONS (or = 0 for all)
linesearch iterations limit reached - please increase ls_iterations beyond 20
To disable the print warning: m.opt.warn_overflow &= ~mjw.OverflowType.LS_ITERATIONS (or = 0 for all)
linesearch iterations limit reached - please increase ls_iterations beyond 20
To disable the print warning: m.opt.warn_overflow &= ~mjw.OverflowType.LS_ITERATIONS (or = 0 for all)
linesearch iterations limit reached - please increase ls_iterations beyond 20
To disable the print warning: m.opt.warn_overflow &= ~mjw.OverflowType.LS_ITERATIONS (or = 0 for all)
linesearch iterations limit reached - please increase ls_iterations beyond 20
To disable the print warning: m.opt.warn_overflow &= ~mjw.OverflowType.LS_ITERATIONS (or = 0 for all)
linesearch iterations limit reached - please increase ls_iterations beyond 20
To disable the print warning: m.opt.warn_overflow &= ~mjw.OverflowType.LS_ITERATIONS (or = 0 for all)
linesearch iterations limit reached - please increase ls_iterations beyond 20
To disable the print warning: m.opt.warn_overflow &= ~mjw.OverflowType.LS_ITERATIONS (or = 0 for all)
linesearch iterations limit reached - please increase ls_iterations beyond 20
To disable the print warning: m.opt.warn_overflow &= ~mjw.OverflowType.LS_ITERATIONS (or = 0 for all)
linesearch iterations limit reached - please increase ls_iterations beyond 20
To disable the print warning: m.opt.warn_overflow &= ~mjw.OverflowType.LS_ITERATIONS (or = 0 for all)
linesearch iterations limit reached - please increase ls_iterations beyond 20
To disable the print warning: m.opt.warn_overflow &= ~mjw.OverflowType.LS_ITERATIONS (or = 0 for all)
linesearch iterations limit reached - please increase ls_iterations beyond 20
To disable the print warning: m.opt.warn_overflow &= ~mjw.OverflowType.LS_ITERATIONS (or = 0 for all)
linesearch iterations limit reached - please increase ls_iterations beyond 20
To disable the print warning: m.opt.warn_overflow &= ~mjw.OverflowType.LS_ITERATIONS (or = 0 for all)
linesearch iterations limit reached - please increase ls_iterations beyond 20
To disable the print warning: m.opt.warn_overflow &= ~mjw.OverflowType.LS_ITERATIONS (or = 0 for all)
linesearch iterations limit reached - please increase ls_iterations beyond 20
To disable the print warning: m.opt.warn_overflow &= ~mjw.OverflowType.LS_ITERATIONS (or = 0 for all)
linesearch iterations limit reached - please increase ls_iterations beyond 20
To disable the print warning: m.opt.warn_overflow &= ~mjw.OverflowType.LS_ITERATIONS (or = 0 for all)
linesearch iterations limit reached - please increase ls_iterations beyond 20
To disable the print warning: m.opt.warn_overflow &= ~mjw.OverflowType.LS_ITERATIONS (or = 0 for all)
linesearch iterations limit reached - please increase ls_iterations beyond 20
To disable the print warning: m.opt.warn_overflow &= ~mjw.OverflowType.LS_ITERATIONS (or = 0 for all)
linesearch iterations limit reached - please increase ls_iterations beyond 20
To disable the print warning: m.opt.warn_overflow &= ~mjw.OverflowType.LS_ITERATIONS (or = 0 for all)
linesearch iterations limit reached - please increase ls_iterations beyond 20
To disable the print warning: m.opt.warn_overflow &= ~mjw.OverflowType.LS_ITERATIONS (or = 0 for all)
linesearch iterations limit reached - please increase ls_iterations beyond 20
To disable the print warning: m.opt.warn_overflow &= ~mjw.OverflowType.LS_ITERATIONS (or = 0 for all)
linesearch iterations limit reached - please increase ls_iterations beyond 20
To disable the print warning: m.opt.warn_overflow &= ~mjw.OverflowType.LS_ITERATIONS (or = 0 for all)
linesearch iterations limit reached - please increase ls_iterations beyond 20
To disable the print warning: m.opt.warn_overflow &= ~mjw.OverflowType.LS_ITERATIONS (or = 0 for all)
linesearch iterations limit reached - please increase ls_iterations beyond 20
To disable the print warning: m.opt.warn_overflow &= ~mjw.OverflowType.LS_ITERATIONS (or = 0 for all)
linesearch iterations limit reached - please increase ls_iterations beyond 20
To disable the print warning: m.opt.warn_overflow &= ~mjw.OverflowType.LS_ITERATIONS (or = 0 for all)
linesearch iterations limit reached - please increase ls_iterations beyond 20
To disable the print warning: m.opt.warn_overflow &= ~mjw.OverflowType.LS_ITERATIONS (or = 0 for all)
linesearch iterations limit reached - please increase ls_iterations beyond 20
To disable the print warning: m.opt.warn_overflow &= ~mjw.OverflowType.LS_ITERATIONS (or = 0 for all)
linesearch iterations limit reached - please increase ls_iterations beyond 20
To disable the print warning: m.opt.warn_overflow &= ~mjw.OverflowType.LS_ITERATIONS (or = 0 for all)
linesearch iterations limit reached - please increase ls_iterations beyond 20
To disable the print warning: m.opt.warn_overflow &= ~mjw.OverflowType.LS_ITERATIONS (or = 0 for all)
linesearch iterations limit reached - please increase ls_iterations beyond 20
To disable the print warning: m.opt.warn_overflow &= ~mjw.OverflowType.LS_ITERATIONS (or = 0 for all)
linesearch iterations limit reached - please increase ls_iterations beyond 20
To disable the print warning: m.opt.warn_overflow &= ~mjw.OverflowType.LS_ITERATIONS (or = 0 for all)
linesearch iterations limit reached - please increase ls_iterations beyond 20
To disable the print warning: m.opt.warn_overflow &= ~mjw.OverflowType.LS_ITERATIONS (or = 0 for all)
linesearch iterations limit reached - please increase ls_iterations beyond 20
To disable the print warning: m.opt.warn_overflow &= ~mjw.OverflowType.LS_ITERATIONS (or = 0 for all)
linesearch iterations limit reached - please increase ls_iterations beyond 20
To disable the print warning: m.opt.warn_overflow &= ~mjw.OverflowType.LS_ITERATIONS (or = 0 for all)
linesearch iterations limit reached - please increase ls_iterations beyond 20
To disable the print warning: m.opt.warn_overflow &= ~mjw.OverflowType.LS_ITERATIONS (or = 0 for all)
linesearch iterations limit reached - please increase ls_iterations beyond 20
To disable the print warning: m.opt.warn_overflow &= ~mjw.OverflowType.LS_ITERATIONS (or = 0 for all)
linesearch iterations limit reached - please increase ls_iterations beyond 20
To disable the print warning: m.opt.warn_overflow &= ~mjw.OverflowType.LS_ITERATIONS (or = 0 for all)
linesearch iterations limit reached - please increase ls_iterations beyond 20
To disable the print warning: m.opt.warn_overflow &= ~mjw.OverflowType.LS_ITERATIONS (or = 0 for all)
linesearch iterations limit reached - please increase ls_iterations beyond 20
To disable the print warning: m.opt.warn_overflow &= ~mjw.OverflowType.LS_ITERATIONS (or = 0 for all)
linesearch iterations limit reached - please increase ls_iterations beyond 20
To disable the print warning: m.opt.warn_overflow &= ~mjw.OverflowType.LS_ITERATIONS (or = 0 for all)
linesearch iterations limit reached - please increase ls_iterations beyond 20
To disable the print warning: m.opt.warn_overflow &= ~mjw.OverflowType.LS_ITERATIONS (or = 0 for all)
linesearch iterations limit reached - please increase ls_iterations beyond 20
To disable the print warning: m.opt.warn_overflow &= ~mjw.OverflowType.LS_ITERATIONS (or = 0 for all)
linesearch iterations limit reached - please increase ls_iterations beyond 20
To disable the print warning: m.opt.warn_overflow &= ~mjw.OverflowType.LS_ITERATIONS (or = 0 for all)
linesearch iterations limit reached - please increase ls_iterations beyond 20
To disable the print warning: m.opt.warn_overflow &= ~mjw.OverflowType.LS_ITERATIONS (or = 0 for all)
linesearch iterations limit reached - please increase ls_iterations beyond 20
To disable the print warning: m.opt.warn_overflow &= ~mjw.OverflowType.LS_ITERATIONS (or = 0 for all)
linesearch iterations limit reached - please increase ls_iterations beyond 20
To disable the print warning: m.opt.warn_overflow &= ~mjw.OverflowType.LS_ITERATIONS (or = 0 for all)
linesearch iterations limit reached - please increase ls_iterations beyond 20
To disable the print warning: m.opt.warn_overflow &= ~mjw.OverflowType.LS_ITERATIONS (or = 0 for all)
linesearch iterations limit reached - please increase ls_iterations beyond 20
To disable the print warning: m.opt.warn_overflow &= ~mjw.OverflowType.LS_ITERATIONS (or = 0 for all)
linesearch iterations limit reached - please increase ls_iterations beyond 20
To disable the print warning: m.opt.warn_overflow &= ~mjw.OverflowType.LS_ITERATIONS (or = 0 for all)
linesearch iterations limit reached - please increase ls_iterations beyond 20
To disable the print warning: m.opt.warn_overflow &= ~mjw.OverflowType.LS_ITERATIONS (or = 0 for all)
linesearch iterations limit reached - please increase ls_iterations beyond 20
To disable the print warning: m.opt.warn_overflow &= ~mjw.OverflowType.LS_ITERATIONS (or = 0 for all)
linesearch iterations limit reached - please increase ls_iterations beyond 20
To disable the print warning: m.opt.warn_overflow &= ~mjw.OverflowType.LS_ITERATIONS (or = 0 for all)
linesearch iterations limit reached - please increase ls_iterations beyond 20
To disable the print warning: m.opt.warn_overflow &= ~mjw.OverflowType.LS_ITERATIONS (or = 0 for all)
linesearch iterations limit reached - please increase ls_iterations beyond 20
To disable the print warning: m.opt.warn_overflow &= ~mjw.OverflowType.LS_ITERATIONS (or = 0 for all)
linesearch iterations limit reached - please increase ls_iterations beyond 20
To disable the print warning: m.opt.warn_overflow &= ~mjw.OverflowType.LS_ITERATIONS (or = 0 for all)
linesearch iterations limit reached - please increase ls_iterations beyond 20
To disable the print warning: m.opt.warn_overflow &= ~mjw.OverflowType.LS_ITERATIONS (or = 0 for all)
linesearch iterations limit reached - please increase ls_iterations beyond 20
To disable the print warning: m.opt.warn_overflow &= ~mjw.OverflowType.LS_ITERATIONS (or = 0 for all)
linesearch iterations limit reached - please increase ls_iterations beyond 20
To disable the print warning: m.opt.warn_overflow &= ~mjw.OverflowType.LS_ITERATIONS (or = 0 for all)
linesearch iterations limit reached - please increase ls_iterations beyond 20
To disable the print warning: m.opt.warn_overflow &= ~mjw.OverflowType.LS_ITERATIONS (or = 0 for all)
linesearch iterations limit reached - please increase ls_iterations beyond 20
To disable the print warning: m.opt.warn_overflow &= ~mjw.OverflowType.LS_ITERATIONS (or = 0 for all)
linesearch iterations limit reached - please increase ls_iterations beyond 20
To disable the print warning: m.opt.warn_overflow &= ~mjw.OverflowType.LS_ITERATIONS (or = 0 for all)
linesearch iterations limit reached - please increase ls_iterations beyond 20
To disable the print warning: m.opt.warn_overflow &= ~mjw.OverflowType.LS_ITERATIONS (or = 0 for all)
linesearch iterations limit reached - please increase ls_iterations beyond 20
To disable the print warning: m.opt.warn_overflow &= ~mjw.OverflowType.LS_ITERATIONS (or = 0 for all)
linesearch iterations limit reached - please increase ls_iterations beyond 20
To disable the print warning: m.opt.warn_overflow &= ~mjw.OverflowType.LS_ITERATIONS (or = 0 for all)
linesearch iterations limit reached - please increase ls_iterations beyond 20
To disable the print warning: m.opt.warn_overflow &= ~mjw.OverflowType.LS_ITERATIONS (or = 0 for all)
linesearch iterations limit reached - please increase ls_iterations beyond 20
To disable the print warning: m.opt.warn_overflow &= ~mjw.OverflowType.LS_ITERATIONS (or = 0 for all)
linesearch iterations limit reached - please increase ls_iterations beyond 20
To disable the print warning: m.opt.warn_overflow &= ~mjw.OverflowType.LS_ITERATIONS (or = 0 for all)
linesearch iterations limit reached - please increase ls_iterations beyond 20
To disable the print warning: m.opt.warn_overflow &= ~mjw.OverflowType.LS_ITERATIONS (or = 0 for all)
linesearch iterations limit reached - please increase ls_iterations beyond 20
To disable the print warning: m.opt.warn_overflow &= ~mjw.OverflowType.LS_ITERATIONS (or = 0 for all)
linesearch iterations limit reached - please increase ls_iterations beyond 20
To disable the print warning: m.opt.warn_overflow &= ~mjw.OverflowType.LS_ITERATIONS (or = 0 for all)
linesearch iterations limit reached - please increase ls_iterations beyond 20
To disable the print warning: m.opt.warn_overflow &= ~mjw.OverflowType.LS_ITERATIONS (or = 0 for all)
linesearch iterations limit reached - please increase ls_iterations beyond 20
To disable the print warning: m.opt.warn_overflow &= ~mjw.OverflowType.LS_ITERATIONS (or = 0 for all)
linesearch iterations limit reached - please increase ls_iterations beyond 20
To disable the print warning: m.opt.warn_overflow &= ~mjw.OverflowType.LS_ITERATIONS (or = 0 for all)
linesearch iterations limit reached - please increase ls_iterations beyond 20
To disable the print warning: m.opt.warn_overflow &= ~mjw.OverflowType.LS_ITERATIONS (or = 0 for all)
linesearch iterations limit reached - please increase ls_iterations beyond 20
To disable the print warning: m.opt.warn_overflow &= ~mjw.OverflowType.LS_ITERATIONS (or = 0 for all)
linesearch iterations limit reached - please increase ls_iterations beyond 20
To disable the print warning: m.opt.warn_overflow &= ~mjw.OverflowType.LS_ITERATIONS (or = 0 for all)
linesearch iterations limit reached - please increase ls_iterations beyond 20
To disable the print warning: m.opt.warn_overflow &= ~mjw.OverflowType.LS_ITERATIONS (or = 0 for all)
linesearch iterations limit reached - please increase ls_iterations beyond 20
To disable the print warning: m.opt.warn_overflow &= ~mjw.OverflowType.LS_ITERATIONS (or = 0 for all)
linesearch iterations limit reached - please increase ls_iterations beyond 20
To disable the print warning: m.opt.warn_overflow &= ~mjw.OverflowType.LS_ITERATIONS (or = 0 for all)
linesearch iterations limit reached - please increase ls_iterations beyond 20
To disable the print warning: m.opt.warn_overflow &= ~mjw.OverflowType.LS_ITERATIONS (or = 0 for all)
linesearch iterations limit reached - please increase ls_iterations beyond 20
To disable the print warning: m.opt.warn_overflow &= ~mjw.OverflowType.LS_ITERATIONS (or = 0 for all)
linesearch iterations limit reached - please increase ls_iterations beyond 20
To disable the print warning: m.opt.warn_overflow &= ~mjw.OverflowType.LS_ITERATIONS (or = 0 for all)
linesearch iterations limit reached - please increase ls_iterations beyond 20
To disable the print warning: m.opt.warn_overflow &= ~mjw.OverflowType.LS_ITERATIONS (or = 0 for all)
linesearch iterations limit reached - please increase ls_iterations beyond 20
To disable the print warning: m.opt.warn_overflow &= ~mjw.OverflowType.LS_ITERATIONS (or = 0 for all)
linesearch iterations limit reached - please increase ls_iterations beyond 20
To disable the print warning: m.opt.warn_overflow &= ~mjw.OverflowType.LS_ITERATIONS (or = 0 for all)
linesearch iterations limit reached - please increase ls_iterations beyond 20
To disable the print warning: m.opt.warn_overflow &= ~mjw.OverflowType.LS_ITERATIONS (or = 0 for all)
linesearch iterations limit reached - please increase ls_iterations beyond 20
To disable the print warning: m.opt.warn_overflow &= ~mjw.OverflowType.LS_ITERATIONS (or = 0 for all)
linesearch iterations limit reached - please increase ls_iterations beyond 20
To disable the print warning: m.opt.warn_overflow &= ~mjw.OverflowType.LS_ITERATIONS (or = 0 for all)
linesearch iterations limit reached - please increase ls_iterations beyond 20
To disable the print warning: m.opt.warn_overflow &= ~mjw.OverflowType.LS_ITERATIONS (or = 0 for all)
linesearch iterations limit reached - please increase ls_iterations beyond 20
To disable the print warning: m.opt.warn_overflow &= ~mjw.OverflowType.LS_ITERATIONS (or = 0 for all)
linesearch iterations limit reached - please increase ls_iterations beyond 20
To disable the print warning: m.opt.warn_overflow &= ~mjw.OverflowType.LS_ITERATIONS (or = 0 for all)
linesearch iterations limit reached - please increase ls_iterations beyond 20
To disable the print warning: m.opt.warn_overflow &= ~mjw.OverflowType.LS_ITERATIONS (or = 0 for all)
linesearWarp 1.18.0.dev20260917 initialized:
   CUDA not enabled in this build
   Devices:
     "cpu"      : "arm"
     "metal:0"  : "Apple M4 Max" (Metal)
   Kernel cache:
     /Users/aditya/Library/Caches/warp/1.18.0.dev20260917
Module mujoco_warp._src.smooth f8148af load on device 'cpu' took 0.89 ms  (cached)
Module _nxn_broadphase__locals__kernel_6b88e776 2175024 load on device 'cpu' took 0.28 ms  (cached)
Module ccd_kernel_builder__locals__ccd_kernel_476ec7ff 297d94b load on device 'cpu' took 0.33 ms  (cached)
Module _primitive_narrowphase__locals__primitive_narrowphase_5187cd70 f52d825 load on device 'cpu' took 0.44 ms  (cached)
Module mujoco_warp._src.constraint 7a47e77 load on device 'cpu' took 0.26 ms  (cached)
Module _friction_dof__locals__kernel_9da940d8 b05f2ca load on device 'cpu' took 0.28 ms  (cached)
Module _limit_slide_hinge__locals__kernel_21371f8b ddaa4d8 load on device 'cpu' took 0.26 ms  (cached)
Module _efc_contact_init__locals__kernel_29ebd9ab 0fcfcd5 load on device 'cpu' took 0.25 ms  (cached)
Module _efc_contact_jac_dense__locals__kernel_a2f44c6c c763a04 load on device 'cpu' took 0.24 ms  (cached)
Module _efc_contact_update__locals__kernel_6fb2d564 58c87c3 load on device 'cpu' took 0.24 ms  (cached)
Module _efc_contact_spec_gate__locals__kernel_b73c404d 999debe load on device 'cpu' took 0.27 ms  (cached)
Module mujoco_warp._src.forward 40a4b2b load on device 'cpu' took 0.28 ms  (cached)
Module mujoco_warp._src.passive 00e84f4 load on device 'cpu' took 0.26 ms  (cached)
Module _qfrc_passive_kernel__locals__kernel_aa05c230 5988516 load on device 'cpu' took 0.23 ms  (cached)
Module _qfrc_smooth__locals__kernel_7fdd3093 a450600 load on device 'cpu' took 0.23 ms  (cached)
Module mujoco_warp._src.support 7b0db11 load on device 'cpu' took 0.22 ms  (cached)
Module _tile_cholesky_factorize_solve_block__locals__kernel_ebf7edff c9a2427 load on device 'cpu' took 0.24 ms  (cached)
Module _solve_init_dof__locals__kernel_7a232152 92ca376 load on device 'cpu' took 0.27 ms  (cached)
Module _solve_init_efc__locals__kernel_4e1ca39c e6fbf51 load on device 'cpu' took 0.23 ms  (cached)
Module _solve_init_jaref_kernel__locals__kernel_9952d547 b39f479 load on device 'cpu' took 0.23 ms  (cached)
Module mul_m_kernel__locals___mul_m_0748fc07 d335ca0 load on device 'cpu' took 0.23 ms  (cached)
Module _update_constraint_efc__locals__kernel_9b063262 a128bb7 load on device 'cpu' took 0.23 ms  (cached)
Module _update_constraint_init_qfrc_constraint_dense__locals__kernel_4aa16b87 da48509 load on device 'cpu' took 0.23 ms  (cached)
Module _update_gradient_zero_grad_dot__locals__kernel_3b12d7f2 e2998b6 load on device 'cpu' took 0.23 ms  (cached)
Module _update_gradient_grad__locals__kernel_f1296e3c 0517213 load on device 'cpu' took 0.23 ms  (cached)
Module _update_gradient_JTDAJ_dense_tiled__locals__kernel_0cf69bce 041c7be load on device 'cpu' took 0.22 ms  (cached)
Module mujoco_warp._src.solver cb6d4f4 load on device 'cpu' took 0.32 ms  (cached)
Module _update_gradient_JTCJ_dense_world2__locals__kernel_c4ba7842 aeb646b load on device 'cpu' took 0.24 ms  (cached)
Module _update_gradient_cholesky__locals__kernel_93a2499e 942742a load on device 'cpu' took 0.25 ms  (cached)
Module _linesearch_iterative_kernel__locals__kernel_59568572 b6adbab load on device 'cpu' took 0.26 ms  (cached)
Module _solve_done__locals__kernel_6828f11c e4420e4 load on device 'cpu' took 0.23 ms  (cached)
Module mujoco_warp._src.sensor 1cd8f92 load on device 'cpu' took 0.30 ms  (cached)
Module mujoco_warp._src.derivative 4e6c3c0 load on device 'cpu' took 0.30 ms  (cached)
Module _next_time_builder__locals___next_time_e1b2bc19 22e3e78 load on device 'cpu' took 0.25 ms  (cached)
wrote runs/speculative/cpu/rec_spec1_live.npz final z [0.6514051 0.6937535] max nefc 27
ch iterations limit reached - please increase ls_iterations beyond 20
To disable the print warning: m.opt.warn_overflow &= ~mjw.OverflowType.LS_ITERATIONS (or = 0 for all)
linesearch iterations limit reached - please increase ls_iterations beyond 20
To disable the print warning: m.opt.warn_overflow &= ~mjw.OverflowType.LS_ITERATIONS (or = 0 for all)
linesearch iterations limit reached - please increase ls_iterations beyond 20
To disable the print warning: m.opt.warn_overflow &= ~mjw.OverflowType.LS_ITERATIONS (or = 0 for all)
linesearch iterations limit reached - please increase ls_iterations beyond 20
To disable the print warning: m.opt.warn_overflow &= ~mjw.OverflowType.LS_ITERATIONS (or = 0 for all)
linesearch iterations limit reached - please increase ls_iterations beyond 20
To disable the print warning: m.opt.warn_overflow &= ~mjw.OverflowType.LS_ITERATIONS (or = 0 for all)
linesearch iterations limit reached - please increase ls_iterations beyond 20
To disable the print warning: m.opt.warn_overflow &= ~mjw.OverflowType.LS_ITERATIONS (or = 0 for all)
linesearch iterations limit reached - please increase ls_iterations beyond 20
To disable the print warning: m.opt.warn_overflow &= ~mjw.OverflowType.LS_ITERATIONS (or = 0 for all)
linesearch iterations limit reached - please increase ls_iterations beyond 20
To disable the print warning: m.opt.warn_overflow &= ~mjw.OverflowType.LS_ITERATIONS (or = 0 for all)
linesearch iterations limit reached - please increase ls_iterations beyond 20
To disable the print warning: m.opt.warn_overflow &= ~mjw.OverflowType.LS_ITERATIONS (or = 0 for all)
linesearch iterations limit reached - please increase ls_iterations beyond 20
To disable the print warning: m.opt.warn_overflow &= ~mjw.OverflowType.LS_ITERATIONS (or = 0 for all)
linesearch iterations limit reached - please increase ls_iterations beyond 20
To disable the print warning: m.opt.warn_overflow &= ~mjw.OverflowType.LS_ITERATIONS (or = 0 for all)
linesearch iterations limit reached - please increase ls_iterations beyond 20
To disable the print warning: m.opt.warn_overflow &= ~mjw.OverflowType.LS_ITERATIONS (or = 0 for all)
linesearch iterations limit reached - please increase ls_iterations beyond 20
To disable the print warning: m.opt.warn_overflow &= ~mjw.OverflowType.LS_ITERATIONS (or = 0 for all)
linesearch iterations limit reached - please increase ls_iterations beyond 20
To disable the print warning: m.opt.warn_overflow &= ~mjw.OverflowType.LS_ITERATIONS (or = 0 for all)
linesearch iterations limit reached - please increase ls_iterations beyond 20
To disable the print warning: m.opt.warn_overflow &= ~mjw.OverflowType.LS_ITERATIONS (or = 0 for all)
linesearch iterations limit reached - please increase ls_iterations beyond 20
To disable the print warning: m.opt.warn_overflow &= ~mjw.OverflowType.LS_ITERATIONS (or = 0 for all)
linesearch iterations limit reached - please increase ls_iterations beyond 20
To disable the print warning: m.opt.warn_overflow &= ~mjw.OverflowType.LS_ITERATIONS (or = 0 for all)
linesearch iterations limit reached - please increase ls_iterations beyond 20
To disable the print warning: m.opt.warn_overflow &= ~mjw.OverflowType.LS_ITERATIONS (or = 0 for all)
linesearch iterations limit reached - please increase ls_iterations beyond 20
To disable the print warning: m.opt.warn_overflow &= ~mjw.OverflowType.LS_ITERATIONS (or = 0 for all)
linesearch iterations limit reached - please increase ls_iterations beyond 20
To disable the print warning: m.opt.warn_overflow &= ~mjw.OverflowType.LS_ITERATIONS (or = 0 for all)
linesearch iterations limit reached - please increase ls_iterations beyond 20
To disable the print warning: m.opt.warn_overflow &= ~mjw.OverflowType.LS_ITERATIONS (or = 0 for all)
linesearch iterations limit reached - please increase ls_iterations beyond 20
To disable the print warning: m.opt.warn_overflow &= ~mjw.OverflowType.LS_ITERATIONS (or = 0 for all)
linesearch iterations limit reached - please increase ls_iterations beyond 20
To disable the print warning: m.opt.warn_overflow &= ~mjw.OverflowType.LS_ITERATIONS (or = 0 for all)
linesearch iterations limit reached - please increase ls_iterations beyond 20
To disable the print warning: m.opt.warn_overflow &= ~mjw.OverflowType.LS_ITERATIONS (or = 0 for all)
linesearch iterations limit reached - please increase ls_iterations beyond 20
To disable the print warning: m.opt.warn_overflow &= ~mjw.OverflowType.LS_ITERATIONS (or = 0 for all)
linesearch iterations limit reached - please increase ls_iterations beyond 20
To disable the print warning: m.opt.warn_overflow &= ~mjw.OverflowType.LS_ITERATIONS (or = 0 for all)
linesearch iterations limit reached - please increase ls_iterations beyond 20
To disable the print warning: m.opt.warn_overflow &= ~mjw.OverflowType.LS_ITERATIONS (or = 0 for all)
linesearch iterations limit reached - please increase ls_iterations beyond 20
To disable the print warning: m.opt.warn_overflow &= ~mjw.OverflowType.LS_ITERATIONS (or = 0 for all)
linesearch iterations limit reached - please increase ls_iterations beyond 20
To disable the print warning: m.opt.warn_overflow &= ~mjw.OverflowType.LS_ITERATIONS (or = 0 for all)
linesearch iterations limit reached - please increase ls_iterations beyond 20
To disable the print warning: m.opt.warn_overflow &= ~mjw.OverflowType.LS_ITERATIONS (or = 0 for all)
linesearch iterations limit reached - please increase ls_iterations beyond 20
To disable the print warning: m.opt.warn_overflow &= ~mjw.OverflowType.LS_ITERATIONS (or = 0 for all)
linesearch iterations limit reached - please increase ls_iterations beyond 20
To disable the print warning: m.opt.warn_overflow &= ~mjw.OverflowType.LS_ITERATIONS (or = 0 for all)
linesearch iterations limit reached - please increase ls_iterations beyond 20
To disable the print warning: m.opt.warn_overflow &= ~mjw.OverflowType.LS_ITERATIONS (or = 0 for all)
linesearch iterations limit reached - please increase ls_iterations beyond 20
To disable the print warning: m.opt.warn_overflow &= ~mjw.OverflowType.LS_ITERATIONS (or = 0 for all)
linesearch iterations limit reached - please increase ls_iterations beyond 20
To disable the print warning: m.opt.warn_overflow &= ~mjw.OverflowType.LS_ITERATIONS (or = 0 for all)
linesearch iterations limit reached - please increase ls_iterations beyond 20
To disable the print warning: m.opt.warn_overflow &= ~mjw.OverflowType.LS_ITERATIONS (or = 0 for all)
linesearch iterations limit reached - please increase ls_iterations beyond 20
To disable the print warning: m.opt.warn_overflow &= ~mjw.OverflowType.LS_ITERATIONS (or = 0 for all)
linesearch iterations limit reached - please increase ls_iterations beyond 20
To disable the print warning: m.opt.warn_overflow &= ~mjw.OverflowType.LS_ITERATIONS (or = 0 for all)
linesearch iterations limit reached - please increase ls_iterations beyond 20
To disable the print warning: m.opt.warn_overflow &= ~mjw.OverflowType.LS_ITERATIONS (or = 0 for all)
linesearch iterations limit reached - please increase ls_iterations beyond 20
To disable the print warning: m.opt.warn_overflow &= ~mjw.OverflowType.LS_ITERATIONS (or = 0 for all)
linesearch iterations limit reached - please increase ls_iterations beyond 20
To disable the print warning: m.opt.warn_overflow &= ~mjw.OverflowType.LS_ITERATIONS (or = 0 for all)
linesearch iterations limit reached - please increase ls_iterations beyond 20
To disable the print warning: m.opt.warn_overflow &= ~mjw.OverflowType.LS_ITERATIONS (or = 0 for all)
linesearch iterations limit reached - please increase ls_iterations beyond 20
To disable the print warning: m.opt.warn_overflow &= ~mjw.OverflowType.LS_ITERATIONS (or = 0 for all)
linesearch iterations limit reached - please increase ls_iterations beyond 20
To disable the print warning: m.opt.warn_overflow &= ~mjw.OverflowType.LS_ITERATIONS (or = 0 for all)
linesearch iterations limit reached - please increase ls_iterations beyond 20
To disable the print warning: m.opt.warn_overflow &= ~mjw.OverflowType.LS_ITERATIONS (or = 0 for all)
linesearch iterations limit reached - please increase ls_iterations beyond 20
To disable the print warning: m.opt.warn_overflow &= ~mjw.OverflowType.LS_ITERATIONS (or = 0 for all)
linesearch iterations limit reached - please increase ls_iterations beyond 20
To disable the print warning: m.opt.warn_overflow &= ~mjw.OverflowType.LS_ITERATIONS (or = 0 for all)
linesearch iterations limit reached - please increase ls_iterations beyond 20
To disable the print warning: m.opt.warn_overflow &= ~mjw.OverflowType.LS_ITERATIONS (or = 0 for all)
linesearch iterations limit reached - please increase ls_iterations beyond 20
To disable the print warning: m.opt.warn_overflow &= ~mjw.OverflowType.LS_ITERATIONS (or = 0 for all)
linesearch iterations limit reached - please increase ls_iterations beyond 20
To disable the print warning: m.opt.warn_overflow &= ~mjw.OverflowType.LS_ITERATIONS (or = 0 for all)
linesearch iterations limit reached - please increase ls_iterations beyond 20
To disable the print warning: m.opt.warn_overflow &= ~mjw.OverflowType.LS_ITERATIONS (or = 0 for all)
linesearch iterations limit reached - please increase ls_iterations beyond 20
To disable the print warning: m.opt.warn_overflow &= ~mjw.OverflowType.LS_ITERATIONS (or = 0 for all)
linesearch iterations limit reached - please increase ls_iterations beyond 20
To disable the print warning: m.opt.warn_overflow &= ~mjw.OverflowType.LS_ITERATIONS (or = 0 for all)
linesearch iterations limit reached - please increase ls_iterations beyond 20
To disable the print warning: m.opt.warn_overflow &= ~mjw.OverflowType.LS_ITERATIONS (or = 0 for all)
linesearch iterations limit reached - please increase ls_iterations beyond 20
To disable the print warning: m.opt.warn_overflow &= ~mjw.OverflowType.LS_ITERATIONS (or = 0 for all)
linesearch iterations limit reached - please increase ls_iterations beyond 20
To disable the print warning: m.opt.warn_overflow &= ~mjw.OverflowType.LS_ITERATIONS (or = 0 for all)
linesearch iterations limit reached - please increase ls_iterations beyond 20
To disable the print warning: m.opt.warn_overflow &= ~mjw.OverflowType.LS_ITERATIONS (or = 0 for all)
linesearch iterations limit reached - please increase ls_iterations beyond 20
To disable the print warning: m.opt.warn_overflow &= ~mjw.OverflowType.LS_ITERATIONS (or = 0 for all)
linesearch iterations limit reached - please increase ls_iterations beyond 20
To disable the print warning: m.opt.warn_overflow &= ~mjw.OverflowType.LS_ITERATIONS (or = 0 for all)
linesearch iterations limit reached - please increase ls_iterations beyond 20
To disable the print warning: m.opt.warn_overflow &= ~mjw.OverflowType.LS_ITERATIONS (or = 0 for all)
linesearch iterations limit reached - please increase ls_iterations beyond 20
To disable the print warning: m.opt.warn_overflow &= ~mjw.OverflowType.LS_ITERATIONS (or = 0 for all)
linesearch iterations limit reached - please increase ls_iterations beyond 20
To disable the print warning: m.opt.warn_overflow &= ~mjw.OverflowType.LS_ITERATIONS (or = 0 for all)
linesearch iterations limit reached - please increase ls_iterations beyond 20
To disable the print warning: m.opt.warn_overflow &= ~mjw.OverflowType.LS_ITERATIONS (or = 0 for all)
linesearch iterations limit reached - please increase ls_iterations beyond 20
To disable the print warning: m.opt.warn_overflow &= ~mjw.OverflowType.LS_ITERATIONS (or = 0 for all)
linesearch iterations limit reached - please increase ls_iterations beyond 20
To disable the print warning: m.opt.warn_overflow &= ~mjw.OverflowType.LS_ITERATIONS (or = 0 for all)
linesearch iterations limit reached - please increase ls_iterations beyond 20
To disable the print warning: m.opt.warn_overflow &= ~mjw.OverflowType.LS_ITERATIONS (or = 0 for all)
linesearch iterations limit reached - please increase ls_iterations beyond 20
To disable the print warning: m.opt.warn_overflow &= ~mjw.OverflowType.LS_ITERATIONS (or = 0 for all)
linesearch iterations limit reached - please increase ls_iterations beyond 20
To disable the print warning: m.opt.warn_overflow &= ~mjw.OverflowType.LS_ITERATIONS (or = 0 for all)
linesearch iterations limit reached - please increase ls_iterations beyond 20
To disable the print warning: m.opt.warn_overflow &= ~mjw.OverflowType.LS_ITERATIONS (or = 0 for all)
linesearch iterations limit reached - please increase ls_iterations beyond 20
To disable the print warning: m.opt.warn_overflow &= ~mjw.OverflowType.LS_ITERATIONS (or = 0 for all)
linesearch iterations limit reached - please increase ls_iterations beyond 20
To disable the print warning: m.opt.warn_overflow &= ~mjw.OverflowType.LS_ITERATIONS (or = 0 for all)
linesearch iterations limit reached - please increase ls_iterations beyond 20
To disable the print warning: m.opt.warn_overflow &= ~mjw.OverflowType.LS_ITERATIONS (or = 0 for all)
linesearch iterations limit reached - please increase ls_iterations beyond 20
To disable the print warning: m.opt.warn_overflow &= ~mjw.OverflowType.LS_ITERATIONS (or = 0 for all)
linesearch iterations limit reached - please increase ls_iterations beyond 20
To disable the print warning: m.opt.warn_overflow &= ~mjw.OverflowType.LS_ITERATIONS (or = 0 for all)
linesearch iterations limit reached - please increase ls_iterations beyond 20
To disable the print warning: m.opt.warn_overflow &= ~mjw.OverflowType.LS_ITERATIONS (or = 0 for all)
linesearch iterations limit reached - please increase ls_iterations beyond 20
To disable the print warning: m.opt.warn_overflow &= ~mjw.OverflowType.LS_ITERATIONS (or = 0 for all)
linesearch iterations limit reached - please increase ls_iterations beyond 20
To disable the print warning: m.opt.warn_overflow &= ~mjw.OverflowType.LS_ITERATIONS (or = 0 for all)
linesearch iterations limit reached - please increase ls_iterations beyond 20
To disable the print warning: m.opt.warn_overflow &= ~mjw.OverflowType.LS_ITERATIONS (or = 0 for all)
linesearch iterations limit reached - please increase ls_iterations beyond 20
To disable the print warning: m.opt.warn_overflow &= ~mjw.OverflowType.LS_ITERATIONS (or = 0 for all)
linesearch iterations limit reached - please increase ls_iterations beyond 20
To disable the print warning: m.opt.warn_overflow &= ~mjw.OverflowType.LS_ITERATIONS (or = 0 for all)
linesearch iterations limit reached - please increase ls_iterations beyond 20
To disable the print warning: m.opt.warn_overflow &= ~mjw.OverflowType.LS_ITERATIONS (or = 0 for all)
linesearch iterations limit reached - please increase ls_iterations beyond 20
To disable the print warning: m.opt.warn_overflow &= ~mjw.OverflowType.LS_ITERATIONS (or = 0 for all)
linesearch iterations limit reached - please increase ls_iterations beyond 20
To disable the print warning: m.opt.warn_overflow &= ~mjw.OverflowType.LS_ITERATIONS (or = 0 for all)
linesearch iterations limit reached - please increase ls_iterations beyond 20
To disable the print warning: m.opt.warn_overflow &= ~mjw.OverflowType.LS_ITERATIONS (or = 0 for all)
linesearch iterations limit reached - please increase ls_iterations beyond 20
To disable the print warning: m.opt.warn_overflow &= ~mjw.OverflowType.LS_ITERATIONS (or = 0 for all)
linesearch iterations limit reached - please increase ls_iterations beyond 20
To disable the print warning: m.opt.warn_overflow &= ~mjw.OverflowType.LS_ITERATIONS (or = 0 for all)
linesearch iterations limit reached - please increase ls_iterations beyond 20
To disable the print warning: m.opt.warn_overflow &= ~mjw.OverflowType.LS_ITERATIONS (or = 0 for all)
linesearch iterations limit reached - please increase ls_iterations beyond 20
To disable the print warning: m.opt.warn_overflow &= ~mjw.OverflowType.LS_ITERATIONS (or = 0 for all)
linesearch iterations limit reached - please increase ls_iterations beyond 20
To disable the print warning: m.opt.warn_overflow &= ~mjw.OverflowType.LS_ITERATIONS (or = 0 for all)
linesearch iterations limit reached - please increase ls_iterations beyond 20
To disable the print warning: m.opt.warn_overflow &= ~mjw.OverflowType.LS_ITERATIONS (or = 0 for all)
linesearch iterations limit reached - please increase ls_iterations beyond 20
To disable the print warning: m.opt.warn_overflow &= ~mjw.OverflowType.LS_ITERATIONS (or = 0 for all)
linesearch iterations limit reached - please increase ls_iterations beyond 20
To disable the print warning: m.opt.warn_overflow &= ~mjw.OverflowType.LS_ITERATIONS (or = 0 for all)
linesearch iterations limit reached - please increase ls_iterations beyond 20
To disable the print warning: m.opt.warn_overflow &= ~mjw.OverflowType.LS_ITERATIONS (or = 0 for all)
linesearch iterations limit reached - please increase ls_iterations beyond 20
To disable the print warning: m.opt.warn_overflow &= ~mjw.OverflowType.LS_ITERATIONS (or = 0 for all)
linesearch iterations limit reached - please increase ls_iterations beyond 20
To disable the print warning: m.opt.warn_overflow &= ~mjw.OverflowType.LS_ITERATIONS (or = 0 for all)
linesearch iterations limit reached - please increase ls_iterations beyond 20
To disable the print warning: m.opt.warn_overflow &= ~mjw.OverflowType.LS_ITERATIONS (or = 0 for all)
linesearch iterations limit reached - please increase ls_iterations beyond 20
To disable the print warning: m.opt.warn_overflow &= ~mjw.OverflowType.LS_ITERATIONS (or = 0 for all)
linesearch iterations limit reached - please increase ls_iterations beyond 20
To disable the print warning: m.opt.warn_overflow &= ~mjw.OverflowType.LS_ITERATIONS (or = 0 for all)
linesearch iterations limit reached - please increase ls_iterations beyond 20
To disable the print warning: m.opt.warn_overflow &= ~mjw.OverflowType.LS_ITERATIONS (or = 0 for all)
linesearch iterations limit reached - please increase ls_iterations beyond 20
To disable the print warning: m.opt.warn_overflow &= ~mjw.OverflowType.LS_ITERATIONS (or = 0 for all)
linesearch iterations limit reached - please increase ls_iterations beyond 20
To disable the print warning: m.opt.warn_overflow &= ~mjw.OverflowType.LS_ITERATIONS (or = 0 for all)
linesearch iterations limit reached - please increase ls_iterations beyond 20
To disable the print warning: m.opt.warn_overflow &= ~mjw.OverflowType.LS_ITERATIONS (or = 0 for all)
linesearch iterations limit reached - please increase ls_iterations beyond 20
To disable the print warning: m.opt.warn_overflow &= ~mjw.OverflowType.LS_ITERATIONS (or = 0 for all)
linesearch iterations limit reached - please increase ls_iterations beyond 20
To disable the print warning: m.opt.warn_overflow &= ~mjw.OverflowType.LS_ITERATIONS (or = 0 for all)
linesearch iterations limit reached - please increase ls_iterations beyond 20
To disable the print warning: m.opt.warn_overflow &= ~mjw.OverflowType.LS_ITERATIONS (or = 0 for all)
linesearch iterations limit reached - please increase ls_iterations beyond 20
To disable the print warning: m.opt.warn_overflow &= ~mjw.OverflowType.LS_ITERATIONS (or = 0 for all)
linesearch iterations limit reached - please increase ls_iterations beyond 20
To disable the print warning: m.opt.warn_overflow &= ~mjw.OverflowType.LS_ITERATIONS (or = 0 for all)
linesearch iterations limit reached - please increase ls_iterations beyond 20
To disable the print warning: m.opt.warn_overflow &= ~mjw.OverflowType.LS_ITERATIONS (or = 0 for all)
linesearch iterations limit reached - please increase ls_iterations beyond 20
To disable the print warning: m.opt.warn_overflow &= ~mjw.OverflowType.LS_ITERATIONS (or = 0 for all)
linesearch iterations limit reached - please increase ls_iterations beyond 20
To disable the print warning: m.opt.warn_overflow &= ~mjw.OverflowType.LS_ITERATIONS (or = 0 for all)
linesearch iterations limit reached - please increase ls_iterations beyond 20
To disable the print warning: m.opt.warn_overflow &= ~mjw.OverflowType.LS_ITERATIONS (or = 0 for all)
linesearch iterations limit reached - please increase ls_iterations beyond 20
To disable the print warning: m.opt.warn_overflow &= ~mjw.OverflowType.LS_ITERATIONS (or = 0 for all)
linesearch iterations limit reached - please increase ls_iterations beyond 20
To disable the print warning: m.opt.warn_overflow &= ~mjw.OverflowType.LS_ITERATIONS (or = 0 for all)
linesearch iterations limit reached - please increase ls_iterations beyond 20
To disable the print warning: m.opt.warn_overflow &= ~mjw.OverflowType.LS_ITERATIONS (or = 0 for all)
linesearch iterations limit reached - please increase ls_iterations beyond 20
To disable the print warning: m.opt.warn_overflow &= ~mjw.OverflowType.LS_ITERATIONS (or = 0 for all)
linesearch iterations limit reached - please increase ls_iterations beyond 20
To disable the print warning: m.opt.warn_overflow &= ~mjw.OverflowType.LS_ITERATIONS (or = 0 for all)
linesearch iterations limit reached - please increase ls_iterations beyond 20
To disable the print warning: m.opt.warn_overflow &= ~mjw.OverflowType.LS_ITERATIONS (or = 0 for all)
linesearch iterations limit reached - please increase ls_iterations beyond 20
To disable the print warning: m.opt.warn_overflow &= ~mjw.OverflowType.LS_ITERATIONS (or = 0 for all)
linesearch iterations limit reached - please increase ls_iterations beyond 20
To disable the print warning: m.opt.warn_overflow &= ~mjw.OverflowType.LS_ITERATIONS (or = 0 for all)
linesearch iterations limit reached - please increase ls_iterations beyond 20
To disable the print warning: m.opt.warn_overflow &= ~mjw.OverflowType.LS_ITERATIONS (or = 0 for all)
linesearch iterations limit reached - please increase ls_iterations beyond 20
To disable the print warning: m.opt.warn_overflow &= ~mjw.OverflowType.LS_ITERATIONS (or = 0 for all)
linesearch iterations limit reached - please increase ls_iterations beyond 20
To disable the print warning: m.opt.warn_overflow &= ~mjw.OverflowType.LS_ITERATIONS (or = 0 for all)
linesearch iterations limit reached - please increase ls_iterations beyond 20
To disable the print warning: m.opt.warn_overflow &= ~mjw.OverflowType.LS_ITERATIONS (or = 0 for all)
linesearch iterations limit reached - please increase ls_iterations beyond 20
To disable the print warning: m.opt.warn_overflow &= ~mjw.OverflowType.LS_ITERATIONS (or = 0 for all)
linesearch iterations limit reached - please increase ls_iterations beyond 20
To disable the print warning: m.opt.warn_overflow &= ~mjw.OverflowType.LS_ITERATIONS (or = 0 for all)
linesearch iterations limit reached - please increase ls_iterations beyond 20
To disable the print warning: m.opt.warn_overflow &= ~mjw.OverflowType.LS_ITERATIONS (or = 0 for all)
linesearch iterations limit reached - please increase ls_iterations beyond 20
To disable the print warning: m.opt.warn_overflow &= ~mjw.OverflowType.LS_ITERATIONS (or = 0 for all)
linesearch iterations limit reached - please increase ls_iterations beyond 20
To disable the print warning: m.opt.warn_overflow &= ~mjw.OverflowType.LS_ITERATIONS (or = 0 for all)
linesearch iterations limit reached - please increase ls_iterations beyond 20
To disable the print warning: m.opt.warn_overflow &= ~mjw.OverflowType.LS_ITERATIONS (or = 0 for all)
linesearch iterations limit reached - please increase ls_iterations beyond 20
To disable the print warning: m.opt.warn_overflow &= ~mjw.OverflowType.LS_ITERATIONS (or = 0 for all)
linesearch iterations limit reached - please increase ls_iterations beyond 20
To disable the print warning: m.opt.warn_overflow &= ~mjw.OverflowType.LS_ITERATIONS (or = 0 for all)
linesearch iterations limit reached - please increase ls_iterations beyond 20
To disable the print warning: m.opt.warn_overflow &= ~mjw.OverflowType.LS_ITERATIONS (or = 0 for all)
linesearch iterations limit reached - please increase ls_iterations beyond 20
To disable the print warning: m.opt.warn_overflow &= ~mjw.OverflowType.LS_ITERATIONS (or = 0 for all)
linesearch iterations limit reached - please increase ls_iterations beyond 20
To disable the print warning: m.opt.warn_overflow &= ~mjw.OverflowType.LS_ITERATIONS (or = 0 for all)
linesearch iterations limit reached - please increase ls_iterations beyond 20
To disable the print warning: m.opt.warn_overflow &= ~mjw.OverflowType.LS_ITERATIONS (or = 0 for all)
linesearch iterations limit reached - please increase ls_iterations beyond 20
To disable the print warning: m.opt.warn_overflow &= ~mjw.OverflowType.LS_ITERATIONS (or = 0 for all)
linesearch iterations limit reached - please increase ls_iterations beyond 20
To disable the print warning: m.opt.warn_overflow &= ~mjw.OverflowType.LS_ITERATIONS (or = 0 for all)
linesearch iterations limit reached - please increase ls_iterations beyond 20
To disable the print warning: m.opt.warn_overflow &= ~mjw.OverflowType.LS_ITERATIONS (or = 0 for all)
linesearch iterations limit reached - please increase ls_iterations beyond 20
To disable the print warning: m.opt.warn_overflow &= ~mjw.OverflowType.LS_ITERATIONS (or = 0 for all)
linesearch iterations limit reached - please increase ls_iterations beyond 20
To disable the print warning: m.opt.warn_overflow &= ~mjw.OverflowType.LS_ITERATIONS (or = 0 for all)
linesearch iterations limit reached - please increase ls_iterations beyond 20
To disable the print warning: m.opt.warn_overflow &= ~mjw.OverflowType.LS_ITERATIONS (or = 0 for all)
linesearch iterations limit reached - please increase ls_iterations beyond 20
To disable the print warning: m.opt.warn_overflow &= ~mjw.OverflowType.LS_ITERATIONS (or = 0 for all)
linesearch iterations limit reached - please increase ls_iterations beyond 20
To disable the print warning: m.opt.warn_overflow &= ~mjw.OverflowType.LS_ITERATIONS (or = 0 for all)
linesearch iterations limit reached - please increase ls_iterations beyond 20
To disable the print warning: m.opt.warn_overflow &= ~mjw.OverflowType.LS_ITERATIONS (or = 0 for all)
linesearch iterations limit reached - please increase ls_iterations beyond 20
To disable the print warning: m.opt.warn_overflow &= ~mjw.OverflowType.LS_ITERATIONS (or = 0 for all)
linesearch iterations limit reached - please increase ls_iterations beyond 20
To disable the print warning: m.opt.warn_overflow &= ~mjw.OverflowType.LS_ITERATIONS (or = 0 for all)
linesearch iterations limit reached - please increase ls_iterations beyond 20
To disable the print warning: m.opt.warn_overflow &= ~mjw.OverflowType.LS_ITERATIONS (or = 0 for all)
linesearch iterations limit reached - please increase ls_iterations beyond 20
To disable the print warning: m.opt.warn_overflow &= ~mjw.OverflowType.LS_ITERATIONS (or = 0 for all)
linesearch iterations limit reached - please increase ls_iterations beyond 20
To disable the print warning: m.opt.warn_overflow &= ~mjw.OverflowType.LS_ITERATIONS (or = 0 for all)
linesearch iterations limit reached - please increase ls_iterations beyond 20
To disable the print warning: m.opt.warn_overflow &= ~mjw.OverflowType.LS_ITERATIONS (or = 0 for all)
linesearch iterations limit reached - please increase ls_iterations beyond 20
To disable the print warning: m.opt.warn_overflow &= ~mjw.OverflowType.LS_ITERATIONS (or = 0 for all)
linesearch iterations limit reached - please increase ls_iterations beyond 20
To disable the print warning: m.opt.warn_overflow &= ~mjw.OverflowType.LS_ITERATIONS (or = 0 for all)
linesearch iterations limit reached - please increase ls_iterations beyond 20
To disable the print warning: m.opt.warn_overflow &= ~mjw.OverflowType.LS_ITERATIONS (or = 0 for all)
linesearch iterations limit reached - please increase ls_iterations beyond 20
To disable the print warning: m.opt.warn_overflow &= ~mjw.OverflowType.LS_ITERATIONS (or = 0 for all)
linesearch iterations limit reached - please increase ls_iterations beyond 20
To disable the print warning: m.opt.warn_overflow &= ~mjw.OverflowType.LS_ITERATIONS (or = 0 for all)
linesearch iterations limit reached - please increase ls_iterations beyond 20
To disable the print warning: m.opt.warn_overflow &= ~mjw.OverflowType.LS_ITERATIONS (or = 0 for all)
linesearch iterations limit reached - please increase ls_iterations beyond 20
To disable the print warning: m.opt.warn_overflow &= ~mjw.OverflowType.LS_ITERATIONS (or = 0 for all)
linesearch iterations limit reached - please increase ls_iterations beyond 20
To disable the print warning: m.opt.warn_overflow &= ~mjw.OverflowType.LS_ITERATIONS (or = 0 for all)
linesearch iterations limit reached - please increase ls_iterations beyond 20
To disable the print warning: m.opt.warn_overflow &= ~mjw.OverflowType.LS_ITERATIONS (or = 0 for all)
linesearch iterations limit reached - please increase ls_iterations beyond 20
To disable the print warning: m.opt.warn_overflow &= ~mjw.OverflowType.LS_ITERATIONS (or = 0 for all)
linesearch iterations limit reached - please increase ls_iterations beyond 20
To disable the print warning: m.opt.warn_overflow &= ~mjw.OverflowType.LS_ITERATIONS (or = 0 for all)
linesearch iterations limit reached - please increase ls_iterations beyond 20
To disable the print warning: m.opt.warn_overflow &= ~mjw.OverflowType.LS_ITERATIONS (or = 0 for all)
linesearch iterations limit reached - please increase ls_iterations beyond 20
To disable the print warning: m.opt.warn_overflow &= ~mjw.OverflowType.LS_ITERATIONS (or = 0 for all)
linesearch iterations limit reached - please increase ls_iterations beyond 20
To disable the print warning: m.opt.warn_overflow &= ~mjw.OverflowType.LS_ITERATIONS (or = 0 for all)
linesearch iterations limit reached - please increase ls_iterations beyond 20
To disable the print warning: m.opt.warn_overflow &= ~mjw.OverflowType.LS_ITERATIONS (or = 0 for all)
linesearch iterations limit reached - please increase ls_iterations beyond 20
To disable the print warning: m.opt.warn_overflow &= ~mjw.OverflowType.LS_ITERATIONS (or = 0 for all)
linesearch iterations limit reached - please increase ls_iterations beyond 20
To disable the print warning: m.opt.warn_overflow &= ~mjw.OverflowType.LS_ITERATIONS (or = 0 for all)
linesearch iterations limit reached - please increase ls_iterations beyond 20
To disable the print warning: m.opt.warn_overflow &= ~mjw.OverflowType.LS_ITERATIONS (or = 0 for all)
linesearch iterations limit reached - please increase ls_iterations beyond 20
To disable the print warning: m.opt.warn_overflow &= ~mjw.OverflowType.LS_ITERATIONS (or = 0 for all)
linesearch iterations limit reached - please increase ls_iterations beyond 20
To disable the print warning: m.opt.warn_overflow &= ~mjw.OverflowType.LS_ITERATIONS (or = 0 for all)
linesearch iterations limit reached - please increase ls_iterations beyond 20
To disable the print warning: m.opt.warn_overflow &= ~mjw.OverflowType.LS_ITERATIONS (or = 0 for all)
linesearch iterations limit reached - please increase ls_iterations beyond 20
To disable the print warning: m.opt.warn_overflow &= ~mjw.OverflowType.LS_ITERATIONS (or = 0 for all)
linesearch iterations limit reached - please increasWarp 1.18.0.dev20260917 initialized:
   CUDA not enabled in this build
   Devices:
     "cpu"      : "arm"
     "metal:0"  : "Apple M4 Max" (Metal)
   Kernel cache:
     /Users/aditya/Library/Caches/warp/1.18.0.dev20260917
Module mujoco_warp._src.smooth f8148af load on device 'cpu' took 0.91 ms  (cached)
Module _nxn_broadphase__locals__kernel_6b88e776 2175024 load on device 'cpu' took 0.28 ms  (cached)
Module ccd_kernel_builder__locals__ccd_kernel_476ec7ff 297d94b load on device 'cpu' took 0.34 ms  (cached)
Module _primitive_narrowphase__locals__primitive_narrowphase_55241fa4 a608623 load on device 'cpu' took 0.47 ms  (cached)
Module mujoco_warp._src.constraint 7a47e77 load on device 'cpu' took 0.26 ms  (cached)
Module _friction_dof__locals__kernel_e37da6e1 b7eba8b load on device 'cpu' took 0.31 ms  (cached)
Module _limit_slide_hinge__locals__kernel_96f85cbc 3b1c1de load on device 'cpu' took 0.28 ms  (cached)
Module _efc_contact_init__locals__kernel_2681e472 0f4a45a load on device 'cpu' took 0.27 ms  (cached)
Module _efc_contact_jac_dense__locals__kernel_a2f44c6c c763a04 load on device 'cpu' took 0.25 ms  (cached)
Module _efc_contact_update__locals__kernel_d5426c54 2591f82 load on device 'cpu' took 0.26 ms  (cached)
Module mujoco_warp._src.forward 40a4b2b load on device 'cpu' took 0.29 ms  (cached)
Module mujoco_warp._src.passive 00e84f4 load on device 'cpu' took 0.27 ms  (cached)
Module _qfrc_passive_kernel__locals__kernel_aa05c230 5988516 load on device 'cpu' took 0.25 ms  (cached)
Module _qfrc_smooth__locals__kernel_7fdd3093 a450600 load on device 'cpu' took 0.24 ms  (cached)
Module mujoco_warp._src.support 7b0db11 load on device 'cpu' took 0.23 ms  (cached)
Module _tile_cholesky_factorize_solve_block__locals__kernel_ebf7edff c9a2427 load on device 'cpu' took 0.24 ms  (cached)
Module _solve_init_dof__locals__kernel_7a232152 92ca376 load on device 'cpu' took 0.26 ms  (cached)
Module _solve_init_efc__locals__kernel_4e1ca39c e6fbf51 load on device 'cpu' took 0.24 ms  (cached)
Module _solve_init_jaref_kernel__locals__kernel_9952d547 b39f479 load on device 'cpu' took 0.23 ms  (cached)
Module mul_m_kernel__locals___mul_m_0748fc07 d335ca0 load on device 'cpu' took 0.27 ms  (cached)
Module _update_constraint_efc__locals__kernel_9b063262 a128bb7 load on device 'cpu' took 0.24 ms  (cached)
Module _update_constraint_init_qfrc_constraint_dense__locals__kernel_4aa16b87 da48509 load on device 'cpu' took 0.24 ms  (cached)
Module _update_gradient_zero_grad_dot__locals__kernel_3b12d7f2 e2998b6 load on device 'cpu' took 0.23 ms  (cached)
Module _update_gradient_grad__locals__kernel_f1296e3c 0517213 load on device 'cpu' took 0.24 ms  (cached)
Module _update_gradient_JTDAJ_dense_tiled__locals__kernel_0cf69bce 041c7be load on device 'cpu' took 0.25 ms  (cached)
Module mujoco_warp._src.solver cb6d4f4 load on device 'cpu' took 0.34 ms  (cached)
Module _update_gradient_JTCJ_dense_world2__locals__kernel_c4ba7842 aeb646b load on device 'cpu' took 0.25 ms  (cached)
Module _update_gradient_cholesky__locals__kernel_93a2499e 942742a load on device 'cpu' took 0.24 ms  (cached)
Module _linesearch_iterative_kernel__locals__kernel_59568572 b6adbab load on device 'cpu' took 0.27 ms  (cached)
Module _solve_done__locals__kernel_6828f11c e4420e4 load on device 'cpu' took 0.25 ms  (cached)
Module mujoco_warp._src.sensor 1cd8f92 load on device 'cpu' took 0.30 ms  (cached)
Module mujoco_warp._src.derivative 4e6c3c0 load on device 'cpu' took 0.28 ms  (cached)
Module _next_time_builder__locals___next_time_e1b2bc19 22e3e78 load on device 'cpu' took 0.25 ms  (cached)
wrote runs/speculative/cpu/gap_stock.npz final z [0.61921465 0.64223444] max nefc 25
e ls_iterations beyond 20
To disable the print warning: m.opt.warn_overflow &= ~mjw.OverflowType.LS_ITERATIONS (or = 0 for all)
linesearch iterations limit reached - please increase ls_iterations beyond 20
To disable the print warning: m.opt.warn_overflow &= ~mjw.OverflowType.LS_ITERATIONS (or = 0 for all)
linesearch iterations limit reached - please increase ls_iterations beyond 20
To disable the print warning: m.opt.warn_overflow &= ~mjw.OverflowType.LS_ITERATIONS (or = 0 for all)
linesearch iterations limit reached - please increase ls_iterations beyond 20
To disable the print warning: m.opt.warn_overflow &= ~mjw.OverflowType.LS_ITERATIONS (or = 0 for all)
linesearch iterations limit reached - please increase ls_iterations beyond 20
To disable the print warning: m.opt.warn_overflow &= ~mjw.OverflowType.LS_ITERATIONS (or = 0 for all)
linesearch iterations limit reached - please increase ls_iterations beyond 20
To disable the print warning: m.opt.warn_overflow &= ~mjw.OverflowType.LS_ITERATIONS (or = 0 for all)
linesearch iterations limit reached - please increase ls_iterations beyond 20
To disable the print warning: m.opt.warn_overflow &= ~mjw.OverflowType.LS_ITERATIONS (or = 0 for all)
linesearch iterations limit reached - please increase ls_iterations beyond 20
To disable the print warning: m.opt.warn_overflow &= ~mjw.OverflowType.LS_ITERATIONS (or = 0 for all)
linesearch iterations limit reached - please increase ls_iterations beyond 20
To disable the print warning: m.opt.warn_overflow &= ~mjw.OverflowType.LS_ITERATIONS (or = 0 for all)
linesearch iterations limit reached - please increase ls_iterations beyond 20
To disable the print warning: m.opt.warn_overflow &= ~mjw.OverflowType.LS_ITERATIONS (or = 0 for all)
linesearch iterations limit reached - please increase ls_iterations beyond 20
To disable the print warning: m.opt.warn_overflow &= ~mjw.OverflowType.LS_ITERATIONS (or = 0 for all)
linesearch iterations limit reached - please increase ls_iterations beyond 20
To disable the print warning: m.opt.warn_overflow &= ~mjw.OverflowType.LS_ITERATIONS (or = 0 for all)
linesearch iterations limit reached - please increase ls_iterations beyond 20
To disable the print warning: m.opt.warn_overflow &= ~mjw.OverflowType.LS_ITERATIONS (or = 0 for all)
linesearch iterations limit reached - please increase ls_iterations beyond 20
To disable the print warning: m.opt.warn_overflow &= ~mjw.OverflowType.LS_ITERATIONS (or = 0 for all)
linesearch iterations limit reached - please increase ls_iterations beyond 20
To disable the print warning: m.opt.warn_overflow &= ~mjw.OverflowType.LS_ITERATIONS (or = 0 for all)
linesearch iterations limit reached - please increase ls_iterations beyond 20
To disable the print warning: m.opt.warn_overflow &= ~mjw.OverflowType.LS_ITERATIONS (or = 0 for all)
linesearch iterations limit reached - please increase ls_iterations beyond 20
To disable the print warning: m.opt.warn_overflow &= ~mjw.OverflowType.LS_ITERATIONS (or = 0 for all)
linesearch iterations limit reached - please increase ls_iterations beyond 20
To disable the print warning: m.opt.warn_overflow &= ~mjw.OverflowType.LS_ITERATIONS (or = 0 for all)
linesearch iterations limit reached - please increase ls_iterations beyond 20
To disable the print warning: m.opt.warn_overflow &= ~mjw.OverflowType.LS_ITERATIONS (or = 0 for all)
linesearch iterations limit reached - please increase ls_iterations beyond 20
To disable the print warning: m.opt.warn_overflow &= ~mjw.OverflowType.LS_ITERATIONS (or = 0 for all)
linesearch iterations limit reached - please increase ls_iterations beyond 20
To disable the print warning: m.opt.warn_overflow &= ~mjw.OverflowType.LS_ITERATIONS (or = 0 for all)
linesearch iterations limit reached - please increase ls_iterations beyond 20
To disable the print warning: m.opt.warn_overflow &= ~mjw.OverflowType.LS_ITERATIONS (or = 0 for all)
linesearch iterations limit reached - please increase ls_iterations beyond 20
To disable the print warning: m.opt.warn_overflow &= ~mjw.OverflowType.LS_ITERATIONS (or = 0 for all)
linesearch iterations limit reached - please increase ls_iterations beyond 20
To disable the print warning: m.opt.warn_overflow &= ~mjw.OverflowType.LS_ITERATIONS (or = 0 for all)
linesearch iterations limit reached - please increase ls_iterations beyond 20
To disable the print warning: m.opt.warn_overflow &= ~mjw.OverflowType.LS_ITERATIONS (or = 0 for all)
linesearch iterations limit reached - please increase ls_iterations beyond 20
To disable the print warning: m.opt.warn_overflow &= ~mjw.OverflowType.LS_ITERATIONS (or = 0 for all)
linesearch iterations limit reached - please increase ls_iterations beyond 20
To disable the print warning: m.opt.warn_overflow &= ~mjw.OverflowType.LS_ITERATIONS (or = 0 for all)
linesearch iterations limit reached - please increase ls_iterations beyond 20
To disable the print warning: m.opt.warn_overflow &= ~mjw.OverflowType.LS_ITERATIONS (or = 0 for all)
linesearch iterations limit reached - please increase ls_iterations beyond 20
To disable the print warning: m.opt.warn_overflow &= ~mjw.OverflowType.LS_ITERATIONS (or = 0 for all)
linesearch iterations limit reached - please increase ls_iterations beyond 20
To disable the print warning: m.opt.warn_overflow &= ~mjw.OverflowType.LS_ITERATIONS (or = 0 for all)
linesearch iterations limit reached - please increase ls_iterations beyond 20
To disable the print warning: m.opt.warn_overflow &= ~mjw.OverflowType.LS_ITERATIONS (or = 0 for all)
linesearch iterations limit reached - please increase ls_iterations beyond 20
To disable the print warning: m.opt.warn_overflow &= ~mjw.OverflowType.LS_ITERATIONS (or = 0 for all)
linesearch iterations limit reached - please increase ls_iterations beyond 20
To disable the print warning: m.opt.warn_overflow &= ~mjw.OverflowType.LS_ITERATIONS (or = 0 for all)
linesearch iterations limit reached - please increase ls_iterations beyond 20
To disable the print warning: m.opt.warn_overflow &= ~mjw.OverflowType.LS_ITERATIONS (or = 0 for all)
linesearch iterations limit reached - please increase ls_iterations beyond 20
To disable the print warning: m.opt.warn_overflow &= ~mjw.OverflowType.LS_ITERATIONS (or = 0 for all)
linesearch iterations limit reached - please increase ls_iterations beyond 20
To disable the print warning: m.opt.warn_overflow &= ~mjw.OverflowType.LS_ITERATIONS (or = 0 for all)
linesearch iterations limit reached - please increase ls_iterations beyond 20
To disable the print warning: m.opt.warn_overflow &= ~mjw.OverflowType.LS_ITERATIONS (or = 0 for all)
linesearch iterations limit reached - please increase ls_iterations beyond 20
To disable the print warning: m.opt.warn_overflow &= ~mjw.OverflowType.LS_ITERATIONS (or = 0 for all)
linesearch iterations limit reached - please increase ls_iterations beyond 20
To disable the print warning: m.opt.warn_overflow &= ~mjw.OverflowType.LS_ITERATIONS (or = 0 for all)
linesearch iterations limit reached - please increase ls_iterations beyond 20
To disable the print warning: m.opt.warn_overflow &= ~mjw.OverflowType.LS_ITERATIONS (or = 0 for all)
linesearch iterations limit reached - please increase ls_iterations beyond 20
To disable the print warning: m.opt.warn_overflow &= ~mjw.OverflowType.LS_ITERATIONS (or = 0 for all)
linesearch iterations limit reached - please increase ls_iterations beyond 20
To disable the print warning: m.opt.warn_overflow &= ~mjw.OverflowType.LS_ITERATIONS (or = 0 for all)
linesearch iterations limit reached - please increase ls_iterations beyond 20
To disable the print warning: m.opt.warn_overflow &= ~mjw.OverflowType.LS_ITERATIONS (or = 0 for all)
linesearch iterations limit reached - please increase ls_iterations beyond 20
To disable the print warning: m.opt.warn_overflow &= ~mjw.OverflowType.LS_ITERATIONS (or = 0 for all)
linesearch iterations limit reached - please increase ls_iterations beyond 20
To disable the print warning: m.opt.warn_overflow &= ~mjw.OverflowType.LS_ITERATIONS (or = 0 for all)
linesearch iterations limit reached - please increase ls_iterations beyond 20
To disable the print warning: m.opt.warn_overflow &= ~mjw.OverflowType.LS_ITERATIONS (or = 0 for all)
linesearch iterations limit reached - please increase ls_iterations beyond 20
To disable the print warning: m.opt.warn_overflow &= ~mjw.OverflowType.LS_ITERATIONS (or = 0 for all)
linesearch iterations limit reached - please increase ls_iterations beyond 20
To disable the print warning: m.opt.warn_overflow &= ~mjw.OverflowType.LS_ITERATIONS (or = 0 for all)
linesearch iterations limit reached - please increase ls_iterations beyond 20
To disable the print warning: m.opt.warn_overflow &= ~mjw.OverflowType.LS_ITERATIONS (or = 0 for all)
linesearch iterations limit reached - please increase ls_iterations beyond 20
To disable the print warning: m.opt.warn_overflow &= ~mjw.OverflowType.LS_ITERATIONS (or = 0 for all)
linesearch iterations limit reached - please increase ls_iterations beyond 20
To disable the print warning: m.opt.warn_overflow &= ~mjw.OverflowType.LS_ITERATIONS (or = 0 for all)
linesearch iterations limit reached - please increase ls_iterations beyond 20
To disable the print warning: m.opt.warn_overflow &= ~mjw.OverflowType.LS_ITERATIONS (or = 0 for all)
linesearch iterations limit reached - please increase ls_iterations beyond 20
To disable the print warning: m.opt.warn_overflow &= ~mjw.OverflowType.LS_ITERATIONS (or = 0 for all)
linesearch iterations limit reached - please increase ls_iterations beyond 20
To disable the print warning: m.opt.warn_overflow &= ~mjw.OverflowType.LS_ITERATIONS (or = 0 for all)
linesearch iterations limit reached - please increase ls_iterations beyond 20
To disable the print warning: m.opt.warn_overflow &= ~mjw.OverflowType.LS_ITERATIONS (or = 0 for all)
linesearch iterations limit reached - please increase ls_iterations beyond 20
To disable the print warning: m.opt.warn_overflow &= ~mjw.OverflowType.LS_ITERATIONS (or = 0 for all)
linesearch iterations limit reached - please increase ls_iterations beyond 20
To disable the print warning: m.opt.warn_overflow &= ~mjw.OverflowType.LS_ITERATIONS (or = 0 for all)
linesearch iterations limit reached - please increase ls_iterations beyond 20
To disable the print warning: m.opt.warn_overflow &= ~mjw.OverflowType.LS_ITERATIONS (or = 0 for all)
linesearch iterations limit reached - please increase ls_iterations beyond 20
To disable the print warning: m.opt.warn_overflow &= ~mjw.OverflowType.LS_ITERATIONS (or = 0 for all)
linesearch iterations limit reached - please increase ls_iterations beyond 20
To disable the print warning: m.opt.warn_overflow &= ~mjw.OverflowType.LS_ITERATIONS (or = 0 for all)
linesearch iterations limit reached - please increase ls_iterations beyond 20
To disable the print warning: m.opt.warn_overflow &= ~mjw.OverflowType.LS_ITERATIONS (or = 0 for all)
linesearch iterations limit reached - please increase ls_iterations beyond 20
To disable the print warning: m.opt.warn_overflow &= ~mjw.OverflowType.LS_ITERATIONS (or = 0 for all)
linesearch iterations limit reached - please increase ls_iterations beyond 20
To disable the print warning: m.opt.warn_overflow &= ~mjw.OverflowType.LS_ITERATIONS (or = 0 for all)
linesearch iterations limit reached - please increase ls_iterations beyond 20
To disable the print warning: m.opt.warn_overflow &= ~mjw.OverflowType.LS_ITERATIONS (or = 0 for all)
linesearch iterations limit reached - please increase ls_iterations beyond 20
To disable the print warning: m.opt.warn_overflow &= ~mjw.OverflowType.LS_ITERATIONS (or = 0 for all)
linesearch iterations limit reached - please increase ls_iterations beyond 20
To disable the print warning: m.opt.warn_overflow &= ~mjw.OverflowType.LS_ITERATIONS (or = 0 for all)
linesearch iterations limit reached - please increase ls_iterations beyond 20
To disable the print warning: m.opt.warn_overflow &= ~mjw.OverflowType.LS_ITERATIONS (or = 0 for all)
linesearch iterations limit reached - please increase ls_iterations beyond 20
To disable the print warning: m.opt.warn_overflow &= ~mjw.OverflowType.LS_ITERATIONS (or = 0 for all)
linesearch iterations limit reached - please increase ls_iterations beyond 20
To disable the print warning: m.opt.warn_overflow &= ~mjw.OverflowType.LS_ITERATIONS (or = 0 for all)
linesearch iterations limit reached - please increase ls_iterations beyond 20
To disable the print warning: m.opt.warn_overflow &= ~mjw.OverflowType.LS_ITERATIONS (or = 0 for all)
linesearch iterations limit reached - please increase ls_iterations beyond 20
To disable the print warning: m.opt.warn_overflow &= ~mjw.OverflowType.LS_ITERATIONS (or = 0 for all)
linesearch iterations limit reached - please increase ls_iterations beyond 20
To disable the print warning: m.opt.warn_overflow &= ~mjw.OverflowType.LS_ITERATIONS (or = 0 for all)
linesearch iterations limit reached - please increase ls_iterations beyond 20
To disable the print warning: m.opt.warn_overflow &= ~mjw.OverflowType.LS_ITERATIONS (or = 0 for all)
linesearch iterations limit reached - please increase ls_iterations beyond 20
To disable the print warning: m.opt.warn_overflow &= ~mjw.OverflowType.LS_ITERATIONS (or = 0 for all)
linesearch iterations limit reached - please increase ls_iterations beyond 20
To disable the print warning: m.opt.warn_overflow &= ~mjw.OverflowType.LS_ITERATIONS (or = 0 for all)
linesearch iterations limit reached - please increase ls_iterations beyond 20
To disable the print warning: m.opt.warn_overflow &= ~mjw.OverflowType.LS_ITERATIONS (or = 0 for all)
linesearch iterations limit reached - please increase ls_iterations beyond 20
To disable the print warning: m.opt.warn_overflow &= ~mjw.OverflowType.LS_ITERATIONS (or = 0 for all)
linesearch iterations limit reached - please increase ls_iterations beyond 20
To disable the print warning: m.opt.warn_overflow &= ~mjw.OverflowType.LS_ITERATIONS (or = 0 for all)
linesearch iterations limit reached - please increase ls_iterations beyond 20
To disable the print warning: m.opt.warn_overflow &= ~mjw.OverflowType.LS_ITERATIONS (or = 0 for all)
linesearch iterations limit reached - please increase ls_iterations beyond 20
To disable the print warning: m.opt.warn_overflow &= ~mjw.OverflowType.LS_ITERATIONS (or = 0 for all)
linesearch iterations limit reached - please increase ls_iterations beyond 20
To disable the print warning: m.opt.warn_overflow &= ~mjw.OverflowType.LS_ITERATIONS (or = 0 for all)
linesearch iterations limit reached - please increase ls_iterations beyond 20
To disable the print warning: m.opt.warn_overflow &= ~mjw.OverflowType.LS_ITERATIONS (or = 0 for all)
linesearch iterations limit reached - please increase ls_iterations beyond 20
To disable the print warning: m.opt.warn_overflow &= ~mjw.OverflowType.LS_ITERATIONS (or = 0 for all)
linesearch iterations limit reached - please increase ls_iterations beyond 20
To disable the print warning: m.opt.warn_overflow &= ~mjw.OverflowType.LS_ITERATIONS (or = 0 for all)
linesearch iterations limit reached - please increase ls_iterations beyond 20
To disable the print warning: m.opt.warn_overflow &= ~mjw.OverflowType.LS_ITERATIONS (or = 0 for all)
linesearch iterations limit reached - please increase ls_iterations beyond 20
To disable the print warning: m.opt.warn_overflow &= ~mjw.OverflowType.LS_ITERATIONS (or = 0 for all)
linesearch iterations limit reached - please increase ls_iterations beyond 20
To disable the print warning: m.opt.warn_overflow &= ~mjw.OverflowType.LS_ITERATIONS (or = 0 for all)
linesearch iterations limit reached - please increase ls_iterations beyond 20
To disable the print warning: m.opt.warn_overflow &= ~mjw.OverflowType.LS_ITERATIONS (or = 0 for all)
linesearch iterations limit reached - please increase ls_iterations beyond 20
To disable the print warning: m.opt.warn_overflow &= ~mjw.OverflowType.LS_ITERATIONS (or = 0 for all)
linesearch iterations limit reached - please increase ls_iterations beyond 20
To disable the print warning: m.opt.warn_overflow &= ~mjw.OverflowType.LS_ITERATIONS (or = 0 for all)
linesearch iterations limit reached - please increase ls_iterations beyond 20
To disable the print warning: m.opt.warn_overflow &= ~mjw.OverflowType.LS_ITERATIONS (or = 0 for all)
linesearch iterations limit reached - please increase ls_iterations beyond 20
To disable the print warning: m.opt.warn_overflow &= ~mjw.OverflowType.LS_ITERATIONS (or = 0 for all)
linesearch iterations limit reached - please increase ls_iterations beyond 20
To disable the print warning: m.opt.warn_overflow &= ~mjw.OverflowType.LS_ITERATIONS (or = 0 for all)
linesearch iterations limit reached - please increase ls_iterations beyond 20
To disable the print warning: m.opt.warn_overflow &= ~mjw.OverflowType.LS_ITERATIONS (or = 0 for all)
linesearch iterations limit reached - please increase ls_iterations beyond 20
To disable the print warning: m.opt.warn_overflow &= ~mjw.OverflowType.LS_ITERATIONS (or = 0 for all)
linesearch iterations limit reached - please increase ls_iterations beyond 20
To disable the print warning: m.opt.warn_overflow &= ~mjw.OverflowType.LS_ITERATIONS (or = 0 for all)
linesearch iterations limit reached - please increase ls_iterations beyond 20
To disable the print warning: m.opt.warn_overflow &= ~mjw.OverflowType.LS_ITERATIONS (or = 0 for all)
linesearch iterations limit reached - please increase ls_iterations beyond 20
To disable the print warning: m.opt.warn_overflow &= ~mjw.OverflowType.LS_ITERATIONS (or = 0 for all)
linesearch iterations limit reached - please increase ls_iterations beyond 20
To disable the print warning: m.opt.warn_overflow &= ~mjw.OverflowType.LS_ITERATIONS (or = 0 for all)
linesearch iterations limit reached - please increase ls_iterations beyond 20
To disable the print warning: m.opt.warn_overflow &= ~mjw.OverflowType.LS_ITERATIONS (or = 0 for all)
linesearch iterations limit reached - please increase ls_iterations beyond 20
To disable the print warning: m.opt.warn_overflow &= ~mjw.OverflowType.LS_ITERATIONS (or = 0 for all)
linesearch iterations limit reached - please increase ls_iterations beyond 20
To disable the print warning: m.opt.warn_overflow &= ~mjw.OverflowType.LS_ITERATIONS (or = 0 for all)
linesearch iterations limit reached - please increase ls_iterations beyond 20
To disable the print warning: m.opt.warn_overflow &= ~mjw.OverflowType.LS_ITERATIONS (or = 0 for all)
linesearch iterations limit reached - please increase ls_iterations beyond 20
To disable the print warning: m.opt.warn_overflow &= ~mjw.OverflowType.LS_ITERATIONS (or = 0 for all)
linesearch iterations limit reached - please increase ls_iterations beyond 20
To disable the print warning: m.opt.warn_overflow &= ~mjw.OverflowType.LS_ITERATIONS (or = 0 for all)
linesearch iterations limit reached - please increase ls_iterations beyond 20
To disable the print warning: m.opt.warn_overflow &= ~mjw.OverflowType.LS_ITERATIONS (or = 0 for all)
linesearch iterations limit reached - please increase ls_iterations beyond 20
To disable the print warning: m.opt.warn_overflow &= ~mjw.OverflowType.LS_ITERATIONS (or = 0 for all)
linesearch iterations limit reached - please increase ls_iterations beyond 20
To disable the print warning: m.opt.warn_overflow &= ~mjw.OverflowType.LS_ITERATIONS (or = 0 for all)
linesearch iterations limit reached - please increase ls_iterations beyond 20
To disable the print warning: m.opt.warn_overflow &= ~mjw.OverflowType.LS_ITERATIONS (or = 0 for all)
linesearch iterations limit reached - please increase ls_iterations beyond 20
To disable the print warning: m.opt.warn_overflow &= ~mjw.OverflowType.LS_ITERATIONS (or = 0 for all)
linesearch iterations limit reached - please increase ls_iterations beyond 20
To disable the print warning: m.opt.warn_overflow &= ~mjw.OverflowType.LS_ITERATIONS (or = 0 for all)
linesearch iterations limit reached - please increase ls_iterations beyond 20
To disable the print warning: m.opt.warn_overflow &= ~mjw.OverflowType.LS_ITERATIONS (or = 0 for all)
linesearch iterations limit reached - please increase ls_iterations beyond 20
To disable the print warning: m.opt.warn_overflow &= ~mjw.OverflowType.LS_ITERATIONS (or = 0 for all)
linesearch iterations limit reached - please increase ls_iterations beyond 20
To disable the print warning: m.opt.warn_overflow &= ~mjw.OverflowType.LS_ITERATIONS (or = 0 for all)
linesearch iterations limit reached - please increase ls_iterations beyond 20
To disable the print warning: m.opt.warn_overflow &= ~mjw.OverflowType.LS_ITERATIONS (or = 0 for all)
linesearch iterations limit reached - please increase ls_iterations beyond 20
To disable the print warning: m.opt.warn_overflow &= ~mjw.OverflowType.LS_ITERATIONS (or = 0 for all)
linesearch iterations limit reached - please increase ls_iterations beyond 20
To disable the print warning: m.opt.warn_overflow &= ~mjw.OverflowType.LS_ITERATIONS (or = 0 for all)
linesearch iterations limit reached - please increase ls_iterations beyond 20
To disable the print warning: m.opt.warn_overflow &= ~mjw.OverflowType.LS_ITERATIONS (or = 0 for all)
linesearch iterations limit reached - please increase ls_iterations beyond 20
To disable the print warning: m.opt.warn_overflow &= ~mjw.OverflowType.LS_ITERATIONS (or = 0 for all)
linesearch iterations limit reached - please increase ls_iterations beyond 20
To disable the print warning: m.opt.warn_overflow &= ~mjw.OverflowType.LS_ITERATIONS (or = 0 for all)
linesearch iterations limit reached - please increase ls_iterations beyond 20
To disable the print warning: m.opt.warn_overflow &= ~mjw.OverflowType.LS_ITERATIONS (or = 0 for all)
linesearch iterations limit reached - please increase ls_iterations beyond 20
To disable the print warning: m.opt.warn_overflow &= ~mjw.OverflowType.LS_ITERATIONS (or = 0 for all)
linesearch iterations limit reached - please increase ls_iterations beyond 20
To disable the print warning: m.opt.warn_overflow &= ~mjw.OverflowType.LS_ITERATIONS (or = 0 for all)
linesearch iterations limit reached - please increase ls_iterations beyond 20
To disable the print warning: m.opt.warn_overflow &= ~mjw.OverflowType.LS_ITERATIONS (or = 0 for all)
linesearch iterations limit reached - please increase ls_iterations beyond 20
To disable the print warning: m.opt.warn_overflow &= ~mjw.OverflowType.LS_ITERATIONS (or = 0 for all)
linesearch iterations limit reached - please increase ls_iterations beyond 20
To disable the print warning: m.opt.warn_overflow &= ~mjw.OverflowType.LS_ITERATIONS (or = 0 for all)
linesearch iterations limit reached - please increase ls_iterations beyond 20
To disable the print warning: m.opt.warn_overflow &= ~mjw.OverflowType.LS_ITERATIONS (or = 0 for all)
linesearch iterations limit reached - please increase ls_iterations beyond 20
To disable the print warning: m.opt.warn_overflow &= ~mjw.OverflowType.LS_ITERATIONS (or = 0 for all)
linesearch iterations limit reached - please increase ls_iterations beyond 20
To disable the print warning: m.opt.warn_overflow &= ~mjw.OverflowType.LS_ITERATIONS (or = 0 for all)
linesearch iterations limit reached - please increase ls_iterations beyond 20
To disable the print warning: m.opt.warn_overflow &= ~mjw.OverflowType.LS_ITERATIONS (or = 0 for all)
linesearch iterations limit reached - please increase ls_iterations beyond 20
To disable the print warning: m.opt.warn_overflow &= ~mjw.OverflowType.LS_ITERATIONS (or = 0 for all)
linesearch iterations limit reached - please increase ls_iterations beyond 20
To disable the print warning: m.opt.warn_overflow &= ~mjw.OverflowType.LS_ITERATIONS (or = 0 for all)
linesearch iterations limit reached - please increase ls_iterations beyond 20
To disable the print warning: m.opt.warn_overflow &= ~mjw.OverflowType.LS_ITERATIONS (or = 0 for all)
linesearch iterations limit reached - please increase ls_iterations beyond 20
To disable the print warning: m.opt.warn_overflow &= ~mjw.OverflowType.LS_ITERATIONS (or = 0 for all)
linesearch iterations limit reached - please increase ls_iterations beyond 20
To disable the print warning: m.opt.warn_overflow &= ~mjw.OverflowType.LS_ITERATIONS (or = 0 for all)
linesearch iterations limit reached - please increase ls_iterations beyond 20
To disable the print warning: m.opt.warn_overflow &= ~mjw.OverflowType.LS_ITERATIONS (or = 0 for all)
linesearch iterations limit reached - please increase ls_iterations beyond 20
To disable the print warning: m.opt.warn_overflow &= ~mjw.OverflowType.LS_ITERATIONS (or = 0 for all)
linesearch iterations limit reached - please increase ls_iterations beyond 20
To disable the print warning: m.opt.warn_overflow &= ~mjw.OverflowType.LS_ITERATIONS (or = 0 for all)
linesearch iterations limit reached - please increase ls_iterations beyond 20
To disable the print warning: m.opt.warn_overflow &= ~mjw.OverflowType.LS_ITERATIONS (or = 0 for all)
linesearch iterations limit reached - please increase ls_iterations beyond 20
To disable the print warning: m.opt.warn_overflow &= ~mjw.OverflowType.LS_ITERATIONS (or = 0 for all)
linesearch iterations limit reached - please increase ls_iterations beyond 20
To disable the print warning: m.opt.warn_overflow &= ~mjw.OverflowType.LS_ITERATIONS (or = 0 for all)
linesearch iterations limit reached - please increase ls_iterations beyond 20
To disable the print warning: m.opt.warn_overflow &= ~mjw.OverflowType.LS_ITERATIONS (or = 0 for all)
linesearch iterations limit reached - please increase ls_iterations beyond 20
To disable the print warning: m.opt.warn_overflow &= ~mjw.OverflowType.LS_ITERATIONS (or = 0 for all)
linesearch iterations limit reached - please increase ls_iterations beyond 20
To disable the print warning: m.opt.warn_overflow &= ~mjw.OverflowType.LS_ITERATIONS (or = 0 for all)
linesearch iterations limit reached - please increase ls_iterations beyond 20
To disable the print warning: m.opt.warn_overflow &= ~mjw.OverflowType.LS_ITERATIONS (or = 0 for all)
linesearch iterations limit reached - please increase ls_iterations beyond 20
To disable the print warning: m.opt.warn_overflow &= ~mjw.OverflowType.LS_ITERATIONS (or = 0 for all)
linesearch iterations limit reached - please increase ls_iterations beyond 20
To disable the print warning: m.opt.warn_overflow &= ~mjw.OverflowType.LS_ITERATIONS (or = 0 for all)
linesearch iterations limit reached - please increase ls_iterations beyond 20
To disable the print warning: m.opt.warn_overflow &= ~mjw.OverflowType.LS_ITERATIONS (or = 0 for all)
linesearch iterations limit reached - please increase ls_iterations beyond 20
To disable the print warning: m.opt.warn_overflow &= ~mjw.OverflowType.LS_ITERATIONS (or = 0 for all)
linesearch iterations limit reached - please increase ls_iterations beyond 20
To disable the print warning: m.opt.warn_overflow &= ~mjw.OverflowType.LS_ITERATIONS (or = 0 for all)
linesearch iterations limit reached - please increase ls_iterations beyond 20
To disable the print warning: m.opt.warn_overflow &= ~mjw.OverflowType.LS_ITERATIONS (or = 0 for all)
linesearch iterations limit reached - please increase ls_iterations beyond 20
To disable the print warning: m.opt.warn_overflow &= ~mjw.OverflowType.LS_ITERATIONS (or = 0 for all)
linesearch iterations limit reached - please increase ls_iterations beyond 20
To disable the print warning: m.opt.warn_overflow &= ~mjw.OverflowType.LS_ITERATIONS (or = 0 for all)
linesearch iterations limit reached - please increase ls_iterations beyond 20
To disable the print warning: m.opt.warn_overflow &= ~mjw.OverflowType.LS_ITERATIONS (or = 0 for all)
linesearch iterations limit reached - please increase ls_iterations beyond 20
To disable the print warning: m.opt.warn_overflow &= ~mjw.OverflowType.LS_ITERATIONS (or = 0 for all)
linesearch iterations limit reached - please increase ls_iterations beyond 20
To disable the print warning: m.opt.warn_overflow &= ~mjw.OverflowType.LS_ITERATIONS (or = 0 for all)
linesearch iterations limit reached - please increase ls_iterations beyond 20
To disable the print warning: m.opt.warn_overflow &= ~mjw.OverflowType.LS_ITERATIONS (or = 0 for all)
linesearch iterations limit reached - please increase ls_iterations beyond 20
To disable the print warning: m.opt.warn_overflow &= ~mjw.OverflowType.LS_ITERATIONS (or = 0 for all)
linesearch iterations limit reached - please increase ls_iterations beyond 20
To disable the print warning: m.opt.warn_overflow &= ~mjw.OverflowType.LS_ITERATIONS (or = 0 for all)
linesearch iterations limit reached - please increase ls_iterations beyond 20
To disable the print warning: m.opt.warn_overflow &= ~mjw.OverflowType.LS_ITERATIONS (or = 0 for all)
linesearch iterations limit reached - please increase ls_iterations beyond 20
To disable the print warning: m.opt.warn_overflow &= ~mjw.OverflowType.LS_ITERATIONS (or = 0 for all)
linesearch iterations limit reached - please increase ls_iterations beyond 20
To disable the print warning: m.opt.warn_overflow &= ~mjw.OverflowType.LS_ITERATIONS (or = 0 for all)
linesearch iterations limit reached - please increase ls_iterations beyond 20
To disable the print warning: m.opt.warn_overflow &= ~mjw.OverflowType.LS_ITERATIONS (or = 0 for all)
linesearch iterations limit reached - please increase ls_iterations beyond 20
To disable the print warning: m.opt.warn_overflow &= ~mjw.OverflowType.LS_ITERATIONS (or = 0 for all)
linesearch iterations limit reached - please increase ls_iterations beyond 20
To disable the print warning: m.opt.warn_overflow &= ~mjw.OverflowType.LS_ITERATIONS (or = 0 for all)
linesearch iterations limit reached - please increase ls_iterations beyond 20
To disable the print warning: m.opt.warn_overflow &= ~mjw.OverflowType.LS_ITERATIONS (or = 0 for all)
linesearch iterations limit reached - please increase ls_iterations beyond 20
To disable the print warning: m.opt.warn_overflow &= ~mjw.OverflowType.LS_ITERATIONS (or = 0 for all)
linesearch iterations limit reached - please increase ls_iterations beyond 20
To disable the print warning: m.opt.warn_overflow &= ~mjw.OverflowType.LS_ITERATIONS (or = 0 for all)
linesearch iterations limit reached - please increase ls_iterations beyond 20
To disable the print warning: m.opt.warn_overflow &= ~mjw.OverflowType.LS_ITERATIONS (or = 0 for all)
linesearch iterations limit reached - please increase ls_iterations beyond 20
To disable the print warning: m.opt.warn_overflow &= ~mjw.OverflowType.LS_ITERATIONS (or = 0 for all)
linesearch iterations limit reached - please increase ls_iterations beyond 20
To disable the print warning: m.opt.warn_overflow &= ~mjw.OverflowType.LS_ITERATIONS (or = 0 for all)
linesearch iterations limit reached - please increase ls_iterations beyond 20
To disable the print warning: m.opt.warn_overflow &= ~mjw.OverflowType.LS_ITERATIONS (or = 0 for all)
linesearch iterations limit reached - please increase ls_iterations beyond 20
To disable the print warning: m.opt.warn_overflow &= ~mjw.OverflowType.LS_ITERATIONS (or = 0 for all)
linesearch iterations limit reached - please increase ls_iterations beyond 20
To disable the print warning: m.opt.warn_overflow &= ~mjw.OverflowType.LS_ITERATIONS (or = 0 for all)
linesearch iterations limit reached - please increase ls_iterations beyond 20
To disable the print warning: m.opt.warn_overflow &= ~mjw.OverflowType.LS_ITERATIONS (or = 0 for all)
linesearch iterations limit reached - please increase ls_iterations beyond 20
To disable the print warning: m.opt.warn_overflow &= ~mjw.OverflowType.LS_ITERATIONS (or = 0 for all)
linesearch iterations limit reached - please increase ls_iterations beyond 20
To disable the print warning: m.opt.warn_overflow &= ~mjw.OverflowType.LS_ITERATIONS (or = 0 for all)
linesearch iterations limit reached - please increasWarp 1.18.0.dev20260917 initialized:
   CUDA not enabled in this build
   Devices:
     "cpu"      : "arm"
     "metal:0"  : "Apple M4 Max" (Metal)
   Kernel cache:
     /Users/aditya/Library/Caches/warp/1.18.0.dev20260917
Module mujoco_warp._src.smooth f8148af load on device 'cpu' took 0.97 ms  (cached)
Module _nxn_broadphase__locals__kernel_6b88e776 2175024 load on device 'cpu' took 0.31 ms  (cached)
Module ccd_kernel_builder__locals__ccd_kernel_476ec7ff 297d94b load on device 'cpu' took 0.38 ms  (cached)
Module _primitive_narrowphase__locals__primitive_narrowphase_30a06e16 35200c6 load on device 'cpu' took 1405.85 ms  (compiled)
Module mujoco_warp._src.constraint 7a47e77 load on device 'cpu' took 0.35 ms  (cached)
Module _friction_dof__locals__kernel_49631cce 40d3367 load on device 'cpu' took 91.53 ms  (compiled)
Module _limit_slide_hinge__locals__kernel_8f1d13d3 93ab4b9 load on device 'cpu' took 98.05 ms  (compiled)
Module _efc_contact_init__locals__kernel_58080f4a 92b54c7 load on device 'cpu' took 55.44 ms  (compiled)
Module _efc_contact_jac_dense__locals__kernel_a2f44c6c c763a04 load on device 'cpu' took 0.36 ms  (cached)
Module _efc_contact_update__locals__kernel_86698bcf 4687250 load on device 'cpu' took 96.58 ms  (compiled)
Module mujoco_warp._src.forward 40a4b2b load on device 'cpu' took 0.27 ms  (cached)
Module mujoco_warp._src.passive 00e84f4 load on device 'cpu' took 0.31 ms  (cached)
Module _qfrc_passive_kernel__locals__kernel_aa05c230 5988516 load on device 'cpu' took 0.30 ms  (cached)
Module _qfrc_smooth__locals__kernel_7fdd3093 a450600 load on device 'cpu' took 0.26 ms  (cached)
Module mujoco_warp._src.support 7b0db11 load on device 'cpu' took 0.22 ms  (cached)
Module _tile_cholesky_factorize_solve_block__locals__kernel_ebf7edff c9a2427 load on device 'cpu' took 0.26 ms  (cached)
Module _solve_init_dof__locals__kernel_7a232152 92ca376 load on device 'cpu' took 0.26 ms  (cached)
Module _solve_init_efc__locals__kernel_4e1ca39c e6fbf51 load on device 'cpu' took 0.28 ms  (cached)
Module _solve_init_jaref_kernel__locals__kernel_9952d547 b39f479 load on device 'cpu' took 0.27 ms  (cached)
Module mul_m_kernel__locals___mul_m_0748fc07 d335ca0 load on device 'cpu' took 0.28 ms  (cached)
Module _update_constraint_efc__locals__kernel_9b063262 a128bb7 load on device 'cpu' took 0.28 ms  (cached)
Module _update_constraint_init_qfrc_constraint_dense__locals__kernel_4aa16b87 da48509 load on device 'cpu' took 0.23 ms  (cached)
Module _update_gradient_zero_grad_dot__locals__kernel_3b12d7f2 e2998b6 load on device 'cpu' took 0.23 ms  (cached)
Module _update_gradient_grad__locals__kernel_f1296e3c 0517213 load on device 'cpu' took 0.25 ms  (cached)
Module _update_gradient_JTDAJ_dense_tiled__locals__kernel_0cf69bce 041c7be load on device 'cpu' took 0.23 ms  (cached)
Module mujoco_warp._src.solver cb6d4f4 load on device 'cpu' took 1.10 ms  (cached)
Module _update_gradient_JTCJ_dense_world2__locals__kernel_c4ba7842 aeb646b load on device 'cpu' took 0.28 ms  (cached)
Module _update_gradient_cholesky__locals__kernel_93a2499e 942742a load on device 'cpu' took 0.27 ms  (cached)
Module _linesearch_iterative_kernel__locals__kernel_59568572 b6adbab load on device 'cpu' took 0.31 ms  (cached)
Module _solve_done__locals__kernel_6828f11c e4420e4 load on device 'cpu' took 0.52 ms  (cached)
Module mujoco_warp._src.sensor 1cd8f92 load on device 'cpu' took 0.34 ms  (cached)
Module mujoco_warp._src.derivative 4e6c3c0 load on device 'cpu' took 0.28 ms  (cached)
Module _next_time_builder__locals___next_time_e1b2bc19 22e3e78 load on device 'cpu' took 0.23 ms  (cached)
wrote runs/speculative/cpu/gap_spec0.npz final z [0.61921465 0.64223444] max nefc 25
e ls_iterations beyond 20
To disable the print warning: m.opt.warn_overflow &= ~mjw.OverflowType.LS_ITERATIONS (or = 0 for all)
linesearch iterations limit reached - please increase ls_iterations beyond 20
To disable the print warning: m.opt.warn_overflow &= ~mjw.OverflowType.LS_ITERATIONS (or = 0 for all)
linesearch iterations limit reached - please increase ls_iterations beyond 20
To disable the print warning: m.opt.warn_overflow &= ~mjw.OverflowType.LS_ITERATIONS (or = 0 for all)
linesearch iterations limit reached - please increase ls_iterations beyond 20
To disable the print warning: m.opt.warn_overflow &= ~mjw.OverflowType.LS_ITERATIONS (or = 0 for all)
linesearch iterations limit reached - please increase ls_iterations beyond 20
To disable the print warning: m.opt.warn_overflow &= ~mjw.OverflowType.LS_ITERATIONS (or = 0 for all)
linesearch iterations limit reached - please increase ls_iterations beyond 20
To disable the print warning: m.opt.warn_overflow &= ~mjw.OverflowType.LS_ITERATIONS (or = 0 for all)
linesearch iterations limit reached - please increase ls_iterations beyond 20
To disable the print warning: m.opt.warn_overflow &= ~mjw.OverflowType.LS_ITERATIONS (or = 0 for all)
linesearch iterations limit reached - please increase ls_iterations beyond 20
To disable the print warning: m.opt.warn_overflow &= ~mjw.OverflowType.LS_ITERATIONS (or = 0 for all)
linesearch iterations limit reached - please increase ls_iterations beyond 20
To disable the print warning: m.opt.warn_overflow &= ~mjw.OverflowType.LS_ITERATIONS (or = 0 for all)
linesearch iterations limit reached - please increase ls_iterations beyond 20
To disable the print warning: m.opt.warn_overflow &= ~mjw.OverflowType.LS_ITERATIONS (or = 0 for all)
linesearch iterations limit reached - please increase ls_iterations beyond 20
To disable the print warning: m.opt.warn_overflow &= ~mjw.OverflowType.LS_ITERATIONS (or = 0 for all)
linesearch iterations limit reached - please increase ls_iterations beyond 20
To disable the print warning: m.opt.warn_overflow &= ~mjw.OverflowType.LS_ITERATIONS (or = 0 for all)
linesearch iterations limit reached - please increase ls_iterations beyond 20
To disable the print warning: m.opt.warn_overflow &= ~mjw.OverflowType.LS_ITERATIONS (or = 0 for all)
linesearch iterations limit reached - please increase ls_iterations beyond 20
To disable the print warning: m.opt.warn_overflow &= ~mjw.OverflowType.LS_ITERATIONS (or = 0 for all)
linesearch iterations limit reached - please increase ls_iterations beyond 20
To disable the print warning: m.opt.warn_overflow &= ~mjw.OverflowType.LS_ITERATIONS (or = 0 for all)
linesearch iterations limit reached - please increase ls_iterations beyond 20
To disable the print warning: m.opt.warn_overflow &= ~mjw.OverflowType.LS_ITERATIONS (or = 0 for all)
linesearch iterations limit reached - please increase ls_iterations beyond 20
To disable the print warning: m.opt.warn_overflow &= ~mjw.OverflowType.LS_ITERATIONS (or = 0 for all)
linesearch iterations limit reached - please increase ls_iterations beyond 20
To disable the print warning: m.opt.warn_overflow &= ~mjw.OverflowType.LS_ITERATIONS (or = 0 for all)
== live/gap0 vs stock
qpos: bitwise equal True, max |diff| 0.000e+00, first differing substep -1
qvel: bitwise equal True, max |diff| 0.000e+00, first differing substep -1
nefc: bitwise equal True, max |diff| 0.000e+00, first differing substep -1
fsum: bitwise equal True, max |diff| 0.000e+00, first differing substep -1
== gap preset, GAP=0 vs stock
qpos: bitwise equal True, max |diff| 0.000e+00, first differing substep -1
qvel: bitwise equal True, max |diff| 0.000e+00, first differing substep -1
nefc: bitwise equal True, max |diff| 0.000e+00, first differing substep -1
fsum: bitwise equal True, max |diff| 0.000e+00, first differing substep -1
